[Benchmark] >>> cudnn.benchmark == False | cudnn.deterministic == True
[Seed] >>> Set seed: 1
[PARSER] >>>
[SAVED_FILENAME: model.pt] 
[BEST_FILENAME: best.pt] 
[CHECKPOINT_FREQ: 1] 
[CHECKPOINT_MODULES: ['model', 'optimizer', 'lr_scheduler']] 
[CHECKPOINT_FILENAME: checkpoint.tar] 
[SUMMARY_FILENAME: SUMMARY.md] 
[MONITOR_FILENAME: monitors.pkl] 
[MONITOR_BEST_FILENAME: best.pkl] 
[monitors: ['LOSS', 'Recall@1', 'Recall@10', 'Recall@20', 'NDCG@10', 'NDCG@20']] 
[which4best: NDCG@20] 
[root: /kaggle/working/STAIR/data] 
[dataset: Amazon2014Baby_550_MMRec] 
[tasktag: None] 
[config: configs/Amazon2014Baby_550_MMRec.yaml] 
[ranking: full] 
[retain_seen: False] 
[device: cuda:0] 
[ddp_backend: nccl] 
[optimizer: adamwsevo] 
[nesterov: False] 
[momentum: 0.9] 
[beta1: 0.9] 
[beta2: 0.999] 
[weight_decay: 0.3] 
[lr: 0.001] 
[batch_size: 1024] 
[epochs: 500] 
[log2file: True] 
[log2console: True] 
[eval_valid: True] 
[eval_test: False] 
[eval_freq: 5] 
[num_workers: 4] 
[seed: 1] 
[benchmark: False] 
[resume: False] 
[id: 0820005000] 
[description: STAIR] 
[embedding_dim: 64] 
[num_layers: 3] 
[mfiles: textual_modality.pkl,visual_modality.pkl] 
[num_neighbors: 5-1] 
[gamma: 0.1] 
[DATA_DIR: data] 
[SUMMARY_DIR: summary] 
[CHECKPOINT_PATH: ./infos/STAIR/Amazon2014Baby_550_MMRec/0] 
[LOG_PATH: ./logs/STAIR/Amazon2014Baby_550_MMRec/0820005000] 

[Wall TIME] >>> Parser.compile takes 0.206596 seconds ...
[Amazon2014Baby_550_MMRec] >>> USER:ID,USER | ITEM:ID,ITEM | TIMESTAMP:TIMESTAMP
+--------+--------+-------------------+---------------+--------+--------+-------+-----------------------+
| #Users | #Items |      Avg.Len      | #Interactions | #Train | #Valid | #Test |        Density        |
+--------+--------+-------------------+---------------+--------+--------+-------+-----------------------+
| 19445  |  7050  | 8.269066598097197 |     160792    | 118551 | 20559  | 21682 | 0.0011729172479570493 |
+--------+--------+-------------------+---------------+--------+--------+-------+-----------------------+
[Wall TIME] >>> BaseSet.compile takes 0.680346 seconds ...
[Wall TIME] >>> RecDataSet.to_heterograph takes 0.023423 seconds ...
/usr/local/lib/python3.12/dist-packages/freerec/graph.py:57: UserWarning: Sparse CSR tensor support is in beta state. If you miss a functionality in the sparse tensor support, please submit a feature request to https://github.com/pytorch/pytorch/issues. (Triggered internally at /pytorch/aten/src/ATen/SparseCsrTensorImpl.cpp:49.)
  ).to_sparse_csr()
[Wall TIME] >>> RecDataSet.to_heterograph takes 0.021476 seconds ...
[Wall TIME] >>> GenTrainPositiveSampler.prepare takes 0.363110 seconds ...
[Wall TIME] >>> ValidSampler.prepare takes 0.028305 seconds ...
[Wall TIME] >>> TestSampler.prepare takes 0.030620 seconds ...
[Coach] >>> Set best meter: NDCG@20 
[1;31m[Warning] FreeRec version of 1.0.1 is required but current version is 0.8.5 [0m
[Wall TIME] >>> Parser.parse takes 0.045467 seconds ...
[Wall TIME] >>> Parser.load takes 0.001633 seconds ...
[Wall TIME] >>> ChiefCoach.valid takes 2.423320 seconds ...
[Coach] >>> Better ***NDCG@20*** of ***0.0152*** 
[Coach] >>> TRAIN @Epoch: 0    >>> 
[Coach] >>> VALID @Epoch: 0    >>>  || RECALL@1 Avg: 0.0043 || RECALL@10 Avg: 0.0229 || RECALL@20 Avg: 0.0344 || NDCG@10 Avg: 0.0123 || NDCG@20 Avg: 0.0152
[Coach] >>> TEST  @Epoch: 0    >>> 
[Wall TIME] >>> ChiefCoach.train takes 2.355991 seconds ...
[Coach] >>> TRAIN @Epoch: 1    >>>  || LOSS Avg: 0.62824
[Coach] >>> VALID @Epoch: 1    >>> 
[Coach] >>> TEST  @Epoch: 1    >>> 
[Wall TIME] >>> ChiefCoach.train takes 1.676253 seconds ...
[Coach] >>> TRAIN @Epoch: 2    >>>  || LOSS Avg: 0.61472
[Coach] >>> VALID @Epoch: 2    >>> 
[Coach] >>> TEST  @Epoch: 2    >>> 
[Wall TIME] >>> ChiefCoach.train takes 1.734572 seconds ...
[Coach] >>> TRAIN @Epoch: 3    >>>  || LOSS Avg: 0.59829
[Coach] >>> VALID @Epoch: 3    >>> 
[Coach] >>> TEST  @Epoch: 3    >>> 
[Wall TIME] >>> ChiefCoach.train takes 1.747205 seconds ...
[Coach] >>> TRAIN @Epoch: 4    >>>  || LOSS Avg: 0.57870
[Coach] >>> VALID @Epoch: 4    >>> 
[Coach] >>> TEST  @Epoch: 4    >>> 
[Wall TIME] >>> ChiefCoach.train takes 1.722973 seconds ...
[Wall TIME] >>> ChiefCoach.valid takes 0.677278 seconds ...
[Coach] >>> Better ***NDCG@20*** of ***0.0307*** 
[Coach] >>> TRAIN @Epoch: 5    >>>  || LOSS Avg: 0.55528
[Coach] >>> VALID @Epoch: 5    >>>  || RECALL@1 Avg: 0.0095 || RECALL@10 Avg: 0.0451 || RECALL@20 Avg: 0.0693 || NDCG@10 Avg: 0.0245 || NDCG@20 Avg: 0.0307
[Coach] >>> TEST  @Epoch: 5    >>> 
[Wall TIME] >>> ChiefCoach.train takes 1.676399 seconds ...
[Coach] >>> TRAIN @Epoch: 6    >>>  || LOSS Avg: 0.52904
[Coach] >>> VALID @Epoch: 6    >>> 
[Coach] >>> TEST  @Epoch: 6    >>> 
[Wall TIME] >>> ChiefCoach.train takes 1.728924 seconds ...
[Coach] >>> TRAIN @Epoch: 7    >>>  || LOSS Avg: 0.50186
[Coach] >>> VALID @Epoch: 7    >>> 
[Coach] >>> TEST  @Epoch: 7    >>> 
[Wall TIME] >>> ChiefCoach.train takes 2.690098 seconds ...
[Coach] >>> TRAIN @Epoch: 8    >>>  || LOSS Avg: 0.47497
[Coach] >>> VALID @Epoch: 8    >>> 
[Coach] >>> TEST  @Epoch: 8    >>> 
[Wall TIME] >>> ChiefCoach.train takes 1.673562 seconds ...
[Coach] >>> TRAIN @Epoch: 9    >>>  || LOSS Avg: 0.45003
[Coach] >>> VALID @Epoch: 9    >>> 
[Coach] >>> TEST  @Epoch: 9    >>> 
[Wall TIME] >>> ChiefCoach.train takes 1.715920 seconds ...
[Wall TIME] >>> ChiefCoach.valid takes 0.654698 seconds ...
[Coach] >>> Better ***NDCG@20*** of ***0.0357*** 
[Coach] >>> TRAIN @Epoch: 10   >>>  || LOSS Avg: 0.42689
[Coach] >>> VALID @Epoch: 10   >>>  || RECALL@1 Avg: 0.0100 || RECALL@10 Avg: 0.0542 || RECALL@20 Avg: 0.0817 || NDCG@10 Avg: 0.0287 || NDCG@20 Avg: 0.0357
[Coach] >>> TEST  @Epoch: 10   >>> 
[Wall TIME] >>> ChiefCoach.train takes 1.640127 seconds ...
[Coach] >>> TRAIN @Epoch: 11   >>>  || LOSS Avg: 0.40632
[Coach] >>> VALID @Epoch: 11   >>> 
[Coach] >>> TEST  @Epoch: 11   >>> 
[Wall TIME] >>> ChiefCoach.train takes 1.658942 seconds ...
[Coach] >>> TRAIN @Epoch: 12   >>>  || LOSS Avg: 0.38772
[Coach] >>> VALID @Epoch: 12   >>> 
[Coach] >>> TEST  @Epoch: 12   >>> 
[Wall TIME] >>> ChiefCoach.train takes 1.699707 seconds ...
[Coach] >>> TRAIN @Epoch: 13   >>>  || LOSS Avg: 0.37087
[Coach] >>> VALID @Epoch: 13   >>> 
[Coach] >>> TEST  @Epoch: 13   >>> 
[Wall TIME] >>> ChiefCoach.train takes 1.745357 seconds ...
[Coach] >>> TRAIN @Epoch: 14   >>>  || LOSS Avg: 0.35659
[Coach] >>> VALID @Epoch: 14   >>> 
[Coach] >>> TEST  @Epoch: 14   >>> 
[Wall TIME] >>> ChiefCoach.train takes 1.678077 seconds ...
[Wall TIME] >>> ChiefCoach.valid takes 0.683573 seconds ...
[Coach] >>> Better ***NDCG@20*** of ***0.0370*** 
[Coach] >>> TRAIN @Epoch: 15   >>>  || LOSS Avg: 0.34351
[Coach] >>> VALID @Epoch: 15   >>>  || RECALL@1 Avg: 0.0100 || RECALL@10 Avg: 0.0552 || RECALL@20 Avg: 0.0856 || NDCG@10 Avg: 0.0293 || NDCG@20 Avg: 0.0370
[Coach] >>> TEST  @Epoch: 15   >>> 
[Wall TIME] >>> ChiefCoach.train takes 1.669693 seconds ...
[Coach] >>> TRAIN @Epoch: 16   >>>  || LOSS Avg: 0.33157
[Coach] >>> VALID @Epoch: 16   >>> 
[Coach] >>> TEST  @Epoch: 16   >>> 
[Wall TIME] >>> ChiefCoach.train takes 1.668546 seconds ...
[Coach] >>> TRAIN @Epoch: 17   >>>  || LOSS Avg: 0.32056
[Coach] >>> VALID @Epoch: 17   >>> 
[Coach] >>> TEST  @Epoch: 17   >>> 
[Wall TIME] >>> ChiefCoach.train takes 1.657686 seconds ...
[Coach] >>> TRAIN @Epoch: 18   >>>  || LOSS Avg: 0.31151
[Coach] >>> VALID @Epoch: 18   >>> 
[Coach] >>> TEST  @Epoch: 18   >>> 
[Wall TIME] >>> ChiefCoach.train takes 1.716014 seconds ...
[Coach] >>> TRAIN @Epoch: 19   >>>  || LOSS Avg: 0.30261
[Coach] >>> VALID @Epoch: 19   >>> 
[Coach] >>> TEST  @Epoch: 19   >>> 
[Wall TIME] >>> ChiefCoach.train takes 1.722093 seconds ...
[Wall TIME] >>> ChiefCoach.valid takes 0.673657 seconds ...
[Coach] >>> Better ***NDCG@20*** of ***0.0376*** 
[Coach] >>> TRAIN @Epoch: 20   >>>  || LOSS Avg: 0.29410
[Coach] >>> VALID @Epoch: 20   >>>  || RECALL@1 Avg: 0.0102 || RECALL@10 Avg: 0.0564 || RECALL@20 Avg: 0.0869 || NDCG@10 Avg: 0.0298 || NDCG@20 Avg: 0.0376
[Coach] >>> TEST  @Epoch: 20   >>> 
[Wall TIME] >>> ChiefCoach.train takes 1.727521 seconds ...
[Coach] >>> TRAIN @Epoch: 21   >>>  || LOSS Avg: 0.28738
[Coach] >>> VALID @Epoch: 21   >>> 
[Coach] >>> TEST  @Epoch: 21   >>> 
[Wall TIME] >>> ChiefCoach.train takes 1.692144 seconds ...
[Coach] >>> TRAIN @Epoch: 22   >>>  || LOSS Avg: 0.28054
[Coach] >>> VALID @Epoch: 22   >>> 
[Coach] >>> TEST  @Epoch: 22   >>> 
[Wall TIME] >>> ChiefCoach.train takes 1.704763 seconds ...
[Coach] >>> TRAIN @Epoch: 23   >>>  || LOSS Avg: 0.27480
[Coach] >>> VALID @Epoch: 23   >>> 
[Coach] >>> TEST  @Epoch: 23   >>> 
[Wall TIME] >>> ChiefCoach.train takes 1.709066 seconds ...
[Coach] >>> TRAIN @Epoch: 24   >>>  || LOSS Avg: 0.26940
[Coach] >>> VALID @Epoch: 24   >>> 
[Coach] >>> TEST  @Epoch: 24   >>> 
[Wall TIME] >>> ChiefCoach.train takes 1.720574 seconds ...
[Wall TIME] >>> ChiefCoach.valid takes 0.671683 seconds ...
[Coach] >>> Better ***NDCG@20*** of ***0.0382*** 
[Coach] >>> TRAIN @Epoch: 25   >>>  || LOSS Avg: 0.26395
[Coach] >>> VALID @Epoch: 25   >>>  || RECALL@1 Avg: 0.0105 || RECALL@10 Avg: 0.0583 || RECALL@20 Avg: 0.0880 || NDCG@10 Avg: 0.0306 || NDCG@20 Avg: 0.0382
[Coach] >>> TEST  @Epoch: 25   >>> 
[Wall TIME] >>> ChiefCoach.train takes 1.682715 seconds ...
[Coach] >>> TRAIN @Epoch: 26   >>>  || LOSS Avg: 0.25940
[Coach] >>> VALID @Epoch: 26   >>> 
[Coach] >>> TEST  @Epoch: 26   >>> 
[Wall TIME] >>> ChiefCoach.train takes 1.692867 seconds ...
[Coach] >>> TRAIN @Epoch: 27   >>>  || LOSS Avg: 0.25455
[Coach] >>> VALID @Epoch: 27   >>> 
[Coach] >>> TEST  @Epoch: 27   >>> 
[Wall TIME] >>> ChiefCoach.train takes 2.251264 seconds ...
[Coach] >>> TRAIN @Epoch: 28   >>>  || LOSS Avg: 0.24984
[Coach] >>> VALID @Epoch: 28   >>> 
[Coach] >>> TEST  @Epoch: 28   >>> 
[Wall TIME] >>> ChiefCoach.train takes 1.705300 seconds ...
[Coach] >>> TRAIN @Epoch: 29   >>>  || LOSS Avg: 0.24602
[Coach] >>> VALID @Epoch: 29   >>> 
[Coach] >>> TEST  @Epoch: 29   >>> 
[Wall TIME] >>> ChiefCoach.train takes 1.667566 seconds ...
[Wall TIME] >>> ChiefCoach.valid takes 0.650059 seconds ...
[Coach] >>> Better ***NDCG@20*** of ***0.0391*** 
[Coach] >>> TRAIN @Epoch: 30   >>>  || LOSS Avg: 0.24275
[Coach] >>> VALID @Epoch: 30   >>>  || RECALL@1 Avg: 0.0108 || RECALL@10 Avg: 0.0589 || RECALL@20 Avg: 0.0903 || NDCG@10 Avg: 0.0312 || NDCG@20 Avg: 0.0391
[Coach] >>> TEST  @Epoch: 30   >>> 
[Wall TIME] >>> ChiefCoach.train takes 1.676193 seconds ...
[Coach] >>> TRAIN @Epoch: 31   >>>  || LOSS Avg: 0.23891
[Coach] >>> VALID @Epoch: 31   >>> 
[Coach] >>> TEST  @Epoch: 31   >>> 
[Wall TIME] >>> ChiefCoach.train takes 1.630513 seconds ...
[Coach] >>> TRAIN @Epoch: 32   >>>  || LOSS Avg: 0.23513
[Coach] >>> VALID @Epoch: 32   >>> 
[Coach] >>> TEST  @Epoch: 32   >>> 
[Wall TIME] >>> ChiefCoach.train takes 1.696160 seconds ...
[Coach] >>> TRAIN @Epoch: 33   >>>  || LOSS Avg: 0.23263
[Coach] >>> VALID @Epoch: 33   >>> 
[Coach] >>> TEST  @Epoch: 33   >>> 
[Wall TIME] >>> ChiefCoach.train takes 1.704563 seconds ...
[Coach] >>> TRAIN @Epoch: 34   >>>  || LOSS Avg: 0.22991
[Coach] >>> VALID @Epoch: 34   >>> 
[Coach] >>> TEST  @Epoch: 34   >>> 
[Wall TIME] >>> ChiefCoach.train takes 1.694867 seconds ...
[Wall TIME] >>> ChiefCoach.valid takes 0.701765 seconds ...
[Coach] >>> Better ***NDCG@20*** of ***0.0395*** 
[Coach] >>> TRAIN @Epoch: 35   >>>  || LOSS Avg: 0.22694
[Coach] >>> VALID @Epoch: 35   >>>  || RECALL@1 Avg: 0.0110 || RECALL@10 Avg: 0.0594 || RECALL@20 Avg: 0.0910 || NDCG@10 Avg: 0.0315 || NDCG@20 Avg: 0.0395
[Coach] >>> TEST  @Epoch: 35   >>> 
[Wall TIME] >>> ChiefCoach.train takes 1.662820 seconds ...
[Coach] >>> TRAIN @Epoch: 36   >>>  || LOSS Avg: 0.22378
[Coach] >>> VALID @Epoch: 36   >>> 
[Coach] >>> TEST  @Epoch: 36   >>> 
[Wall TIME] >>> ChiefCoach.train takes 1.688221 seconds ...
[Coach] >>> TRAIN @Epoch: 37   >>>  || LOSS Avg: 0.22116
[Coach] >>> VALID @Epoch: 37   >>> 
[Coach] >>> TEST  @Epoch: 37   >>> 
[Wall TIME] >>> ChiefCoach.train takes 1.654395 seconds ...
[Coach] >>> TRAIN @Epoch: 38   >>>  || LOSS Avg: 0.21865
[Coach] >>> VALID @Epoch: 38   >>> 
[Coach] >>> TEST  @Epoch: 38   >>> 
[Wall TIME] >>> ChiefCoach.train takes 1.673256 seconds ...
[Coach] >>> TRAIN @Epoch: 39   >>>  || LOSS Avg: 0.21666
[Coach] >>> VALID @Epoch: 39   >>> 
[Coach] >>> TEST  @Epoch: 39   >>> 
[Wall TIME] >>> ChiefCoach.train takes 1.690210 seconds ...
[Wall TIME] >>> ChiefCoach.valid takes 0.694018 seconds ...
[Coach] >>> Better ***NDCG@20*** of ***0.0402*** 
[Coach] >>> TRAIN @Epoch: 40   >>>  || LOSS Avg: 0.21391
[Coach] >>> VALID @Epoch: 40   >>>  || RECALL@1 Avg: 0.0111 || RECALL@10 Avg: 0.0593 || RECALL@20 Avg: 0.0932 || NDCG@10 Avg: 0.0316 || NDCG@20 Avg: 0.0402
[Coach] >>> TEST  @Epoch: 40   >>> 
[Wall TIME] >>> ChiefCoach.train takes 1.666134 seconds ...
[Coach] >>> TRAIN @Epoch: 41   >>>  || LOSS Avg: 0.21193
[Coach] >>> VALID @Epoch: 41   >>> 
[Coach] >>> TEST  @Epoch: 41   >>> 
[Wall TIME] >>> ChiefCoach.train takes 1.654761 seconds ...
[Coach] >>> TRAIN @Epoch: 42   >>>  || LOSS Avg: 0.21038
[Coach] >>> VALID @Epoch: 42   >>> 
[Coach] >>> TEST  @Epoch: 42   >>> 
[Wall TIME] >>> ChiefCoach.train takes 1.679312 seconds ...
[Coach] >>> TRAIN @Epoch: 43   >>>  || LOSS Avg: 0.20799
[Coach] >>> VALID @Epoch: 43   >>> 
[Coach] >>> TEST  @Epoch: 43   >>> 
[Wall TIME] >>> ChiefCoach.train takes 1.657533 seconds ...
[Coach] >>> TRAIN @Epoch: 44   >>>  || LOSS Avg: 0.20550
[Coach] >>> VALID @Epoch: 44   >>> 
[Coach] >>> TEST  @Epoch: 44   >>> 
[Wall TIME] >>> ChiefCoach.train takes 1.707769 seconds ...
[Wall TIME] >>> ChiefCoach.valid takes 0.656327 seconds ...
[Coach] >>> Better ***NDCG@20*** of ***0.0403*** 
[Coach] >>> TRAIN @Epoch: 45   >>>  || LOSS Avg: 0.20298
[Coach] >>> VALID @Epoch: 45   >>>  || RECALL@1 Avg: 0.0113 || RECALL@10 Avg: 0.0599 || RECALL@20 Avg: 0.0931 || NDCG@10 Avg: 0.0319 || NDCG@20 Avg: 0.0403
[Coach] >>> TEST  @Epoch: 45   >>> 
[Wall TIME] >>> ChiefCoach.train takes 1.685958 seconds ...
[Coach] >>> TRAIN @Epoch: 46   >>>  || LOSS Avg: 0.20258
[Coach] >>> VALID @Epoch: 46   >>> 
[Coach] >>> TEST  @Epoch: 46   >>> 
[Wall TIME] >>> ChiefCoach.train takes 1.685086 seconds ...
[Coach] >>> TRAIN @Epoch: 47   >>>  || LOSS Avg: 0.19996
[Coach] >>> VALID @Epoch: 47   >>> 
[Coach] >>> TEST  @Epoch: 47   >>> 
[Wall TIME] >>> ChiefCoach.train takes 2.197021 seconds ...
[Coach] >>> TRAIN @Epoch: 48   >>>  || LOSS Avg: 0.19907
[Coach] >>> VALID @Epoch: 48   >>> 
[Coach] >>> TEST  @Epoch: 48   >>> 
[Wall TIME] >>> ChiefCoach.train takes 1.724491 seconds ...
[Coach] >>> TRAIN @Epoch: 49   >>>  || LOSS Avg: 0.19661
[Coach] >>> VALID @Epoch: 49   >>> 
[Coach] >>> TEST  @Epoch: 49   >>> 
[Wall TIME] >>> ChiefCoach.train takes 1.728129 seconds ...
[Wall TIME] >>> ChiefCoach.valid takes 0.672463 seconds ...
[Coach] >>> Better ***NDCG@20*** of ***0.0407*** 
[Coach] >>> TRAIN @Epoch: 50   >>>  || LOSS Avg: 0.19614
[Coach] >>> VALID @Epoch: 50   >>>  || RECALL@1 Avg: 0.0112 || RECALL@10 Avg: 0.0599 || RECALL@20 Avg: 0.0940 || NDCG@10 Avg: 0.0320 || NDCG@20 Avg: 0.0407
[Coach] >>> TEST  @Epoch: 50   >>> 
[Wall TIME] >>> ChiefCoach.train takes 1.681127 seconds ...
[Coach] >>> TRAIN @Epoch: 51   >>>  || LOSS Avg: 0.19392
[Coach] >>> VALID @Epoch: 51   >>> 
[Coach] >>> TEST  @Epoch: 51   >>> 
[Wall TIME] >>> ChiefCoach.train takes 1.668140 seconds ...
[Coach] >>> TRAIN @Epoch: 52   >>>  || LOSS Avg: 0.19420
[Coach] >>> VALID @Epoch: 52   >>> 
[Coach] >>> TEST  @Epoch: 52   >>> 
[Wall TIME] >>> ChiefCoach.train takes 1.726509 seconds ...
[Coach] >>> TRAIN @Epoch: 53   >>>  || LOSS Avg: 0.19198
[Coach] >>> VALID @Epoch: 53   >>> 
[Coach] >>> TEST  @Epoch: 53   >>> 
[Wall TIME] >>> ChiefCoach.train takes 1.677524 seconds ...
[Coach] >>> TRAIN @Epoch: 54   >>>  || LOSS Avg: 0.19006
[Coach] >>> VALID @Epoch: 54   >>> 
[Coach] >>> TEST  @Epoch: 54   >>> 
[Wall TIME] >>> ChiefCoach.train takes 1.686489 seconds ...
[Wall TIME] >>> ChiefCoach.valid takes 0.700100 seconds ...
[Coach] >>> Better ***NDCG@20*** of ***0.0410*** 
[Coach] >>> TRAIN @Epoch: 55   >>>  || LOSS Avg: 0.18918
[Coach] >>> VALID @Epoch: 55   >>>  || RECALL@1 Avg: 0.0113 || RECALL@10 Avg: 0.0605 || RECALL@20 Avg: 0.0944 || NDCG@10 Avg: 0.0324 || NDCG@20 Avg: 0.0410
[Coach] >>> TEST  @Epoch: 55   >>> 
[Wall TIME] >>> ChiefCoach.train takes 1.676329 seconds ...
[Coach] >>> TRAIN @Epoch: 56   >>>  || LOSS Avg: 0.18799
[Coach] >>> VALID @Epoch: 56   >>> 
[Coach] >>> TEST  @Epoch: 56   >>> 
[Wall TIME] >>> ChiefCoach.train takes 1.688374 seconds ...
[Coach] >>> TRAIN @Epoch: 57   >>>  || LOSS Avg: 0.18724
[Coach] >>> VALID @Epoch: 57   >>> 
[Coach] >>> TEST  @Epoch: 57   >>> 
[Wall TIME] >>> ChiefCoach.train takes 1.690959 seconds ...
[Coach] >>> TRAIN @Epoch: 58   >>>  || LOSS Avg: 0.18620
[Coach] >>> VALID @Epoch: 58   >>> 
[Coach] >>> TEST  @Epoch: 58   >>> 
[Wall TIME] >>> ChiefCoach.train takes 1.670685 seconds ...
[Coach] >>> TRAIN @Epoch: 59   >>>  || LOSS Avg: 0.18474
[Coach] >>> VALID @Epoch: 59   >>> 
[Coach] >>> TEST  @Epoch: 59   >>> 
[Wall TIME] >>> ChiefCoach.train takes 1.666116 seconds ...
[Wall TIME] >>> ChiefCoach.valid takes 0.677181 seconds ...
[Coach] >>> Better ***NDCG@20*** of ***0.0413*** 
[Coach] >>> TRAIN @Epoch: 60   >>>  || LOSS Avg: 0.18314
[Coach] >>> VALID @Epoch: 60   >>>  || RECALL@1 Avg: 0.0114 || RECALL@10 Avg: 0.0610 || RECALL@20 Avg: 0.0953 || NDCG@10 Avg: 0.0325 || NDCG@20 Avg: 0.0413
[Coach] >>> TEST  @Epoch: 60   >>> 
[Wall TIME] >>> ChiefCoach.train takes 1.695522 seconds ...
[Coach] >>> TRAIN @Epoch: 61   >>>  || LOSS Avg: 0.18280
[Coach] >>> VALID @Epoch: 61   >>> 
[Coach] >>> TEST  @Epoch: 61   >>> 
[Wall TIME] >>> ChiefCoach.train takes 1.707186 seconds ...
[Coach] >>> TRAIN @Epoch: 62   >>>  || LOSS Avg: 0.18117
[Coach] >>> VALID @Epoch: 62   >>> 
[Coach] >>> TEST  @Epoch: 62   >>> 
[Wall TIME] >>> ChiefCoach.train takes 1.720412 seconds ...
[Coach] >>> TRAIN @Epoch: 63   >>>  || LOSS Avg: 0.18074
[Coach] >>> VALID @Epoch: 63   >>> 
[Coach] >>> TEST  @Epoch: 63   >>> 
[Wall TIME] >>> ChiefCoach.train takes 1.648289 seconds ...
[Coach] >>> TRAIN @Epoch: 64   >>>  || LOSS Avg: 0.17918
[Coach] >>> VALID @Epoch: 64   >>> 
[Coach] >>> TEST  @Epoch: 64   >>> 
[Wall TIME] >>> ChiefCoach.train takes 1.710365 seconds ...
[Wall TIME] >>> ChiefCoach.valid takes 0.676241 seconds ...
[Coach] >>> Better ***NDCG@20*** of ***0.0414*** 
[Coach] >>> TRAIN @Epoch: 65   >>>  || LOSS Avg: 0.17916
[Coach] >>> VALID @Epoch: 65   >>>  || RECALL@1 Avg: 0.0117 || RECALL@10 Avg: 0.0609 || RECALL@20 Avg: 0.0954 || NDCG@10 Avg: 0.0326 || NDCG@20 Avg: 0.0414
[Coach] >>> TEST  @Epoch: 65   >>> 
[Wall TIME] >>> ChiefCoach.train takes 1.751256 seconds ...
[Coach] >>> TRAIN @Epoch: 66   >>>  || LOSS Avg: 0.17795
[Coach] >>> VALID @Epoch: 66   >>> 
[Coach] >>> TEST  @Epoch: 66   >>> 
[Wall TIME] >>> ChiefCoach.train takes 1.683583 seconds ...
[Coach] >>> TRAIN @Epoch: 67   >>>  || LOSS Avg: 0.17630
[Coach] >>> VALID @Epoch: 67   >>> 
[Coach] >>> TEST  @Epoch: 67   >>> 
[Wall TIME] >>> ChiefCoach.train takes 1.721595 seconds ...
[Coach] >>> TRAIN @Epoch: 68   >>>  || LOSS Avg: 0.17597
[Coach] >>> VALID @Epoch: 68   >>> 
[Coach] >>> TEST  @Epoch: 68   >>> 
[Wall TIME] >>> ChiefCoach.train takes 2.218302 seconds ...
[Coach] >>> TRAIN @Epoch: 69   >>>  || LOSS Avg: 0.17604
[Coach] >>> VALID @Epoch: 69   >>> 
[Coach] >>> TEST  @Epoch: 69   >>> 
[Wall TIME] >>> ChiefCoach.train takes 1.672222 seconds ...
[Wall TIME] >>> ChiefCoach.valid takes 0.689118 seconds ...
[Coach] >>> Better ***NDCG@20*** of ***0.0416*** 
[Coach] >>> TRAIN @Epoch: 70   >>>  || LOSS Avg: 0.17443
[Coach] >>> VALID @Epoch: 70   >>>  || RECALL@1 Avg: 0.0116 || RECALL@10 Avg: 0.0613 || RECALL@20 Avg: 0.0962 || NDCG@10 Avg: 0.0327 || NDCG@20 Avg: 0.0416
[Coach] >>> TEST  @Epoch: 70   >>> 
[Wall TIME] >>> ChiefCoach.train takes 1.695498 seconds ...
[Coach] >>> TRAIN @Epoch: 71   >>>  || LOSS Avg: 0.17407
[Coach] >>> VALID @Epoch: 71   >>> 
[Coach] >>> TEST  @Epoch: 71   >>> 
[Wall TIME] >>> ChiefCoach.train takes 1.691817 seconds ...
[Coach] >>> TRAIN @Epoch: 72   >>>  || LOSS Avg: 0.17288
[Coach] >>> VALID @Epoch: 72   >>> 
[Coach] >>> TEST  @Epoch: 72   >>> 
[Wall TIME] >>> ChiefCoach.train takes 1.714103 seconds ...
[Coach] >>> TRAIN @Epoch: 73   >>>  || LOSS Avg: 0.17257
[Coach] >>> VALID @Epoch: 73   >>> 
[Coach] >>> TEST  @Epoch: 73   >>> 
[Wall TIME] >>> ChiefCoach.train takes 1.688835 seconds ...
[Coach] >>> TRAIN @Epoch: 74   >>>  || LOSS Avg: 0.17140
[Coach] >>> VALID @Epoch: 74   >>> 
[Coach] >>> TEST  @Epoch: 74   >>> 
[Wall TIME] >>> ChiefCoach.train takes 1.664909 seconds ...
[Wall TIME] >>> ChiefCoach.valid takes 0.685726 seconds ...
[Coach] >>> Better ***NDCG@20*** of ***0.0419*** 
[Coach] >>> TRAIN @Epoch: 75   >>>  || LOSS Avg: 0.17125
[Coach] >>> VALID @Epoch: 75   >>>  || RECALL@1 Avg: 0.0116 || RECALL@10 Avg: 0.0624 || RECALL@20 Avg: 0.0971 || NDCG@10 Avg: 0.0331 || NDCG@20 Avg: 0.0419
[Coach] >>> TEST  @Epoch: 75   >>> 
[Wall TIME] >>> ChiefCoach.train takes 1.734427 seconds ...
[Coach] >>> TRAIN @Epoch: 76   >>>  || LOSS Avg: 0.17090
[Coach] >>> VALID @Epoch: 76   >>> 
[Coach] >>> TEST  @Epoch: 76   >>> 
[Wall TIME] >>> ChiefCoach.train takes 1.711980 seconds ...
[Coach] >>> TRAIN @Epoch: 77   >>>  || LOSS Avg: 0.16906
[Coach] >>> VALID @Epoch: 77   >>> 
[Coach] >>> TEST  @Epoch: 77   >>> 
[Wall TIME] >>> ChiefCoach.train takes 1.699995 seconds ...
[Coach] >>> TRAIN @Epoch: 78   >>>  || LOSS Avg: 0.16867
[Coach] >>> VALID @Epoch: 78   >>> 
[Coach] >>> TEST  @Epoch: 78   >>> 
[Wall TIME] >>> ChiefCoach.train takes 1.695740 seconds ...
[Coach] >>> TRAIN @Epoch: 79   >>>  || LOSS Avg: 0.16864
[Coach] >>> VALID @Epoch: 79   >>> 
[Coach] >>> TEST  @Epoch: 79   >>> 
[Wall TIME] >>> ChiefCoach.train takes 1.669871 seconds ...
[Wall TIME] >>> ChiefCoach.valid takes 0.653866 seconds ...
[Coach] >>> TRAIN @Epoch: 80   >>>  || LOSS Avg: 0.16765
[Coach] >>> VALID @Epoch: 80   >>>  || RECALL@1 Avg: 0.0113 || RECALL@10 Avg: 0.0624 || RECALL@20 Avg: 0.0969 || NDCG@10 Avg: 0.0329 || NDCG@20 Avg: 0.0417
[Coach] >>> TEST  @Epoch: 80   >>> 
[Wall TIME] >>> ChiefCoach.train takes 1.711356 seconds ...
[Coach] >>> TRAIN @Epoch: 81   >>>  || LOSS Avg: 0.16800
[Coach] >>> VALID @Epoch: 81   >>> 
[Coach] >>> TEST  @Epoch: 81   >>> 
[Wall TIME] >>> ChiefCoach.train takes 1.727453 seconds ...
[Coach] >>> TRAIN @Epoch: 82   >>>  || LOSS Avg: 0.16755
[Coach] >>> VALID @Epoch: 82   >>> 
[Coach] >>> TEST  @Epoch: 82   >>> 
[Wall TIME] >>> ChiefCoach.train takes 1.675112 seconds ...
[Coach] >>> TRAIN @Epoch: 83   >>>  || LOSS Avg: 0.16645
[Coach] >>> VALID @Epoch: 83   >>> 
[Coach] >>> TEST  @Epoch: 83   >>> 
[Wall TIME] >>> ChiefCoach.train takes 1.666535 seconds ...
[Coach] >>> TRAIN @Epoch: 84   >>>  || LOSS Avg: 0.16529
[Coach] >>> VALID @Epoch: 84   >>> 
[Coach] >>> TEST  @Epoch: 84   >>> 
[Wall TIME] >>> ChiefCoach.train takes 1.684878 seconds ...
[Wall TIME] >>> ChiefCoach.valid takes 0.695095 seconds ...
[Coach] >>> TRAIN @Epoch: 85   >>>  || LOSS Avg: 0.16531
[Coach] >>> VALID @Epoch: 85   >>>  || RECALL@1 Avg: 0.0117 || RECALL@10 Avg: 0.0627 || RECALL@20 Avg: 0.0974 || NDCG@10 Avg: 0.0330 || NDCG@20 Avg: 0.0418
[Coach] >>> TEST  @Epoch: 85   >>> 
[Wall TIME] >>> ChiefCoach.train takes 1.646049 seconds ...
[Coach] >>> TRAIN @Epoch: 86   >>>  || LOSS Avg: 0.16448
[Coach] >>> VALID @Epoch: 86   >>> 
[Coach] >>> TEST  @Epoch: 86   >>> 
[Wall TIME] >>> ChiefCoach.train takes 1.666736 seconds ...
[Coach] >>> TRAIN @Epoch: 87   >>>  || LOSS Avg: 0.16499
[Coach] >>> VALID @Epoch: 87   >>> 
[Coach] >>> TEST  @Epoch: 87   >>> 
[Wall TIME] >>> ChiefCoach.train takes 1.661848 seconds ...
[Coach] >>> TRAIN @Epoch: 88   >>>  || LOSS Avg: 0.16393
[Coach] >>> VALID @Epoch: 88   >>> 
[Coach] >>> TEST  @Epoch: 88   >>> 
[Wall TIME] >>> ChiefCoach.train takes 2.258043 seconds ...
[Coach] >>> TRAIN @Epoch: 89   >>>  || LOSS Avg: 0.16379
[Coach] >>> VALID @Epoch: 89   >>> 
[Coach] >>> TEST  @Epoch: 89   >>> 
[Wall TIME] >>> ChiefCoach.train takes 1.678756 seconds ...
[Wall TIME] >>> ChiefCoach.valid takes 0.695198 seconds ...
[Coach] >>> Better ***NDCG@20*** of ***0.0420*** 
[Coach] >>> TRAIN @Epoch: 90   >>>  || LOSS Avg: 0.16311
[Coach] >>> VALID @Epoch: 90   >>>  || RECALL@1 Avg: 0.0116 || RECALL@10 Avg: 0.0620 || RECALL@20 Avg: 0.0980 || NDCG@10 Avg: 0.0329 || NDCG@20 Avg: 0.0420
[Coach] >>> TEST  @Epoch: 90   >>> 
[Wall TIME] >>> ChiefCoach.train takes 1.695452 seconds ...
[Coach] >>> TRAIN @Epoch: 91   >>>  || LOSS Avg: 0.16264
[Coach] >>> VALID @Epoch: 91   >>> 
[Coach] >>> TEST  @Epoch: 91   >>> 
[Wall TIME] >>> ChiefCoach.train takes 1.696976 seconds ...
[Coach] >>> TRAIN @Epoch: 92   >>>  || LOSS Avg: 0.16191
[Coach] >>> VALID @Epoch: 92   >>> 
[Coach] >>> TEST  @Epoch: 92   >>> 
[Wall TIME] >>> ChiefCoach.train takes 1.681461 seconds ...
[Coach] >>> TRAIN @Epoch: 93   >>>  || LOSS Avg: 0.16195
[Coach] >>> VALID @Epoch: 93   >>> 
[Coach] >>> TEST  @Epoch: 93   >>> 
[Wall TIME] >>> ChiefCoach.train takes 1.712281 seconds ...
[Coach] >>> TRAIN @Epoch: 94   >>>  || LOSS Avg: 0.16165
[Coach] >>> VALID @Epoch: 94   >>> 
[Coach] >>> TEST  @Epoch: 94   >>> 
[Wall TIME] >>> ChiefCoach.train takes 1.705458 seconds ...
[Wall TIME] >>> ChiefCoach.valid takes 0.674676 seconds ...
[Coach] >>> Better ***NDCG@20*** of ***0.0422*** 
[Coach] >>> TRAIN @Epoch: 95   >>>  || LOSS Avg: 0.16078
[Coach] >>> VALID @Epoch: 95   >>>  || RECALL@1 Avg: 0.0122 || RECALL@10 Avg: 0.0618 || RECALL@20 Avg: 0.0976 || NDCG@10 Avg: 0.0331 || NDCG@20 Avg: 0.0422
[Coach] >>> TEST  @Epoch: 95   >>> 
[Wall TIME] >>> ChiefCoach.train takes 1.652954 seconds ...
[Coach] >>> TRAIN @Epoch: 96   >>>  || LOSS Avg: 0.16037
[Coach] >>> VALID @Epoch: 96   >>> 
[Coach] >>> TEST  @Epoch: 96   >>> 
[Wall TIME] >>> ChiefCoach.train takes 1.705014 seconds ...
[Coach] >>> TRAIN @Epoch: 97   >>>  || LOSS Avg: 0.15998
[Coach] >>> VALID @Epoch: 97   >>> 
[Coach] >>> TEST  @Epoch: 97   >>> 
[Wall TIME] >>> ChiefCoach.train takes 1.727103 seconds ...
[Coach] >>> TRAIN @Epoch: 98   >>>  || LOSS Avg: 0.16009
[Coach] >>> VALID @Epoch: 98   >>> 
[Coach] >>> TEST  @Epoch: 98   >>> 
[Wall TIME] >>> ChiefCoach.train takes 1.732965 seconds ...
[Coach] >>> TRAIN @Epoch: 99   >>>  || LOSS Avg: 0.15960
[Coach] >>> VALID @Epoch: 99   >>> 
[Coach] >>> TEST  @Epoch: 99   >>> 
[Wall TIME] >>> ChiefCoach.train takes 1.708833 seconds ...
[Wall TIME] >>> ChiefCoach.valid takes 0.690614 seconds ...
[Coach] >>> TRAIN @Epoch: 100  >>>  || LOSS Avg: 0.15929
[Coach] >>> VALID @Epoch: 100  >>>  || RECALL@1 Avg: 0.0117 || RECALL@10 Avg: 0.0623 || RECALL@20 Avg: 0.0982 || NDCG@10 Avg: 0.0330 || NDCG@20 Avg: 0.0421
[Coach] >>> TEST  @Epoch: 100  >>> 
[Wall TIME] >>> ChiefCoach.train takes 1.700004 seconds ...
[Coach] >>> TRAIN @Epoch: 101  >>>  || LOSS Avg: 0.15858
[Coach] >>> VALID @Epoch: 101  >>> 
[Coach] >>> TEST  @Epoch: 101  >>> 
[Wall TIME] >>> ChiefCoach.train takes 1.745316 seconds ...
[Coach] >>> TRAIN @Epoch: 102  >>>  || LOSS Avg: 0.15802
[Coach] >>> VALID @Epoch: 102  >>> 
[Coach] >>> TEST  @Epoch: 102  >>> 
[Wall TIME] >>> ChiefCoach.train takes 1.737469 seconds ...
[Coach] >>> TRAIN @Epoch: 103  >>>  || LOSS Avg: 0.15774
[Coach] >>> VALID @Epoch: 103  >>> 
[Coach] >>> TEST  @Epoch: 103  >>> 
[Wall TIME] >>> ChiefCoach.train takes 1.676653 seconds ...
[Coach] >>> TRAIN @Epoch: 104  >>>  || LOSS Avg: 0.15712
[Coach] >>> VALID @Epoch: 104  >>> 
[Coach] >>> TEST  @Epoch: 104  >>> 
[Wall TIME] >>> ChiefCoach.train takes 1.664033 seconds ...
[Wall TIME] >>> ChiefCoach.valid takes 0.682269 seconds ...
[Coach] >>> TRAIN @Epoch: 105  >>>  || LOSS Avg: 0.15773
[Coach] >>> VALID @Epoch: 105  >>>  || RECALL@1 Avg: 0.0118 || RECALL@10 Avg: 0.0623 || RECALL@20 Avg: 0.0973 || NDCG@10 Avg: 0.0331 || NDCG@20 Avg: 0.0420
[Coach] >>> TEST  @Epoch: 105  >>> 
[Wall TIME] >>> ChiefCoach.train takes 1.686928 seconds ...
[Coach] >>> TRAIN @Epoch: 106  >>>  || LOSS Avg: 0.15690
[Coach] >>> VALID @Epoch: 106  >>> 
[Coach] >>> TEST  @Epoch: 106  >>> 
[Wall TIME] >>> ChiefCoach.train takes 1.696032 seconds ...
[Coach] >>> TRAIN @Epoch: 107  >>>  || LOSS Avg: 0.15645
[Coach] >>> VALID @Epoch: 107  >>> 
[Coach] >>> TEST  @Epoch: 107  >>> 
[Wall TIME] >>> ChiefCoach.train takes 1.750152 seconds ...
[Coach] >>> TRAIN @Epoch: 108  >>>  || LOSS Avg: 0.15587
[Coach] >>> VALID @Epoch: 108  >>> 
[Coach] >>> TEST  @Epoch: 108  >>> 
[Wall TIME] >>> ChiefCoach.train takes 2.208264 seconds ...
[Coach] >>> TRAIN @Epoch: 109  >>>  || LOSS Avg: 0.15572
[Coach] >>> VALID @Epoch: 109  >>> 
[Coach] >>> TEST  @Epoch: 109  >>> 
[Wall TIME] >>> ChiefCoach.train takes 1.687527 seconds ...
[Wall TIME] >>> ChiefCoach.valid takes 0.661978 seconds ...
[Coach] >>> TRAIN @Epoch: 110  >>>  || LOSS Avg: 0.15579
[Coach] >>> VALID @Epoch: 110  >>>  || RECALL@1 Avg: 0.0115 || RECALL@10 Avg: 0.0628 || RECALL@20 Avg: 0.0978 || NDCG@10 Avg: 0.0332 || NDCG@20 Avg: 0.0421
[Coach] >>> TEST  @Epoch: 110  >>> 
[Wall TIME] >>> ChiefCoach.train takes 1.683477 seconds ...
[Coach] >>> TRAIN @Epoch: 111  >>>  || LOSS Avg: 0.15515
[Coach] >>> VALID @Epoch: 111  >>> 
[Coach] >>> TEST  @Epoch: 111  >>> 
[Wall TIME] >>> ChiefCoach.train takes 1.663640 seconds ...
[Coach] >>> TRAIN @Epoch: 112  >>>  || LOSS Avg: 0.15574
[Coach] >>> VALID @Epoch: 112  >>> 
[Coach] >>> TEST  @Epoch: 112  >>> 
[Wall TIME] >>> ChiefCoach.train takes 1.735620 seconds ...
[Coach] >>> TRAIN @Epoch: 113  >>>  || LOSS Avg: 0.15532
[Coach] >>> VALID @Epoch: 113  >>> 
[Coach] >>> TEST  @Epoch: 113  >>> 
[Wall TIME] >>> ChiefCoach.train takes 1.673411 seconds ...
[Coach] >>> TRAIN @Epoch: 114  >>>  || LOSS Avg: 0.15475
[Coach] >>> VALID @Epoch: 114  >>> 
[Coach] >>> TEST  @Epoch: 114  >>> 
[Wall TIME] >>> ChiefCoach.train takes 1.690372 seconds ...
[Wall TIME] >>> ChiefCoach.valid takes 0.680646 seconds ...
[Coach] >>> Better ***NDCG@20*** of ***0.0423*** 
[Coach] >>> TRAIN @Epoch: 115  >>>  || LOSS Avg: 0.15472
[Coach] >>> VALID @Epoch: 115  >>>  || RECALL@1 Avg: 0.0121 || RECALL@10 Avg: 0.0629 || RECALL@20 Avg: 0.0977 || NDCG@10 Avg: 0.0334 || NDCG@20 Avg: 0.0423
[Coach] >>> TEST  @Epoch: 115  >>> 
[Wall TIME] >>> ChiefCoach.train takes 1.655720 seconds ...
[Coach] >>> TRAIN @Epoch: 116  >>>  || LOSS Avg: 0.15445
[Coach] >>> VALID @Epoch: 116  >>> 
[Coach] >>> TEST  @Epoch: 116  >>> 
[Wall TIME] >>> ChiefCoach.train takes 1.666461 seconds ...
[Coach] >>> TRAIN @Epoch: 117  >>>  || LOSS Avg: 0.15402
[Coach] >>> VALID @Epoch: 117  >>> 
[Coach] >>> TEST  @Epoch: 117  >>> 
[Wall TIME] >>> ChiefCoach.train takes 1.711990 seconds ...
[Coach] >>> TRAIN @Epoch: 118  >>>  || LOSS Avg: 0.15334
[Coach] >>> VALID @Epoch: 118  >>> 
[Coach] >>> TEST  @Epoch: 118  >>> 
[Wall TIME] >>> ChiefCoach.train takes 1.712107 seconds ...
[Coach] >>> TRAIN @Epoch: 119  >>>  || LOSS Avg: 0.15349
[Coach] >>> VALID @Epoch: 119  >>> 
[Coach] >>> TEST  @Epoch: 119  >>> 
[Wall TIME] >>> ChiefCoach.train takes 1.652850 seconds ...
[Wall TIME] >>> ChiefCoach.valid takes 0.665698 seconds ...
[Coach] >>> TRAIN @Epoch: 120  >>>  || LOSS Avg: 0.15288
[Coach] >>> VALID @Epoch: 120  >>>  || RECALL@1 Avg: 0.0114 || RECALL@10 Avg: 0.0631 || RECALL@20 Avg: 0.0971 || NDCG@10 Avg: 0.0333 || NDCG@20 Avg: 0.0420
[Coach] >>> TEST  @Epoch: 120  >>> 
[Wall TIME] >>> ChiefCoach.train takes 1.704466 seconds ...
[Coach] >>> TRAIN @Epoch: 121  >>>  || LOSS Avg: 0.15318
[Coach] >>> VALID @Epoch: 121  >>> 
[Coach] >>> TEST  @Epoch: 121  >>> 
[Wall TIME] >>> ChiefCoach.train takes 1.687216 seconds ...
[Coach] >>> TRAIN @Epoch: 122  >>>  || LOSS Avg: 0.15247
[Coach] >>> VALID @Epoch: 122  >>> 
[Coach] >>> TEST  @Epoch: 122  >>> 
[Wall TIME] >>> ChiefCoach.train takes 1.695696 seconds ...
[Coach] >>> TRAIN @Epoch: 123  >>>  || LOSS Avg: 0.15246
[Coach] >>> VALID @Epoch: 123  >>> 
[Coach] >>> TEST  @Epoch: 123  >>> 
[Wall TIME] >>> ChiefCoach.train takes 1.740696 seconds ...
[Coach] >>> TRAIN @Epoch: 124  >>>  || LOSS Avg: 0.15260
[Coach] >>> VALID @Epoch: 124  >>> 
[Coach] >>> TEST  @Epoch: 124  >>> 
[Wall TIME] >>> ChiefCoach.train takes 1.691473 seconds ...
[Wall TIME] >>> ChiefCoach.valid takes 0.688134 seconds ...
[Coach] >>> Better ***NDCG@20*** of ***0.0423*** 
[Coach] >>> TRAIN @Epoch: 125  >>>  || LOSS Avg: 0.15199
[Coach] >>> VALID @Epoch: 125  >>>  || RECALL@1 Avg: 0.0119 || RECALL@10 Avg: 0.0631 || RECALL@20 Avg: 0.0984 || NDCG@10 Avg: 0.0333 || NDCG@20 Avg: 0.0423
[Coach] >>> TEST  @Epoch: 125  >>> 
[Wall TIME] >>> ChiefCoach.train takes 1.689753 seconds ...
[Coach] >>> TRAIN @Epoch: 126  >>>  || LOSS Avg: 0.15188
[Coach] >>> VALID @Epoch: 126  >>> 
[Coach] >>> TEST  @Epoch: 126  >>> 
[Wall TIME] >>> ChiefCoach.train takes 1.697967 seconds ...
[Coach] >>> TRAIN @Epoch: 127  >>>  || LOSS Avg: 0.15149
[Coach] >>> VALID @Epoch: 127  >>> 
[Coach] >>> TEST  @Epoch: 127  >>> 
[Wall TIME] >>> ChiefCoach.train takes 1.658513 seconds ...
[Coach] >>> TRAIN @Epoch: 128  >>>  || LOSS Avg: 0.15148
[Coach] >>> VALID @Epoch: 128  >>> 
[Coach] >>> TEST  @Epoch: 128  >>> 
[Wall TIME] >>> ChiefCoach.train takes 2.150709 seconds ...
[Coach] >>> TRAIN @Epoch: 129  >>>  || LOSS Avg: 0.15118
[Coach] >>> VALID @Epoch: 129  >>> 
[Coach] >>> TEST  @Epoch: 129  >>> 
[Wall TIME] >>> ChiefCoach.train takes 2.236737 seconds ...
[Wall TIME] >>> ChiefCoach.valid takes 0.677125 seconds ...
[Coach] >>> Better ***NDCG@20*** of ***0.0423*** 
[Coach] >>> TRAIN @Epoch: 130  >>>  || LOSS Avg: 0.15150
[Coach] >>> VALID @Epoch: 130  >>>  || RECALL@1 Avg: 0.0118 || RECALL@10 Avg: 0.0638 || RECALL@20 Avg: 0.0985 || NDCG@10 Avg: 0.0335 || NDCG@20 Avg: 0.0423
[Coach] >>> TEST  @Epoch: 130  >>> 
[Wall TIME] >>> ChiefCoach.train takes 1.683860 seconds ...
[Coach] >>> TRAIN @Epoch: 131  >>>  || LOSS Avg: 0.15130
[Coach] >>> VALID @Epoch: 131  >>> 
[Coach] >>> TEST  @Epoch: 131  >>> 
[Wall TIME] >>> ChiefCoach.train takes 1.642790 seconds ...
[Coach] >>> TRAIN @Epoch: 132  >>>  || LOSS Avg: 0.15010
[Coach] >>> VALID @Epoch: 132  >>> 
[Coach] >>> TEST  @Epoch: 132  >>> 
[Wall TIME] >>> ChiefCoach.train takes 1.685276 seconds ...
[Coach] >>> TRAIN @Epoch: 133  >>>  || LOSS Avg: 0.15077
[Coach] >>> VALID @Epoch: 133  >>> 
[Coach] >>> TEST  @Epoch: 133  >>> 
[Wall TIME] >>> ChiefCoach.train takes 1.735067 seconds ...
[Coach] >>> TRAIN @Epoch: 134  >>>  || LOSS Avg: 0.15003
[Coach] >>> VALID @Epoch: 134  >>> 
[Coach] >>> TEST  @Epoch: 134  >>> 
[Wall TIME] >>> ChiefCoach.train takes 1.657033 seconds ...
[Wall TIME] >>> ChiefCoach.valid takes 0.667070 seconds ...
[Coach] >>> Better ***NDCG@20*** of ***0.0424*** 
[Coach] >>> TRAIN @Epoch: 135  >>>  || LOSS Avg: 0.15018
[Coach] >>> VALID @Epoch: 135  >>>  || RECALL@1 Avg: 0.0119 || RECALL@10 Avg: 0.0633 || RECALL@20 Avg: 0.0984 || NDCG@10 Avg: 0.0335 || NDCG@20 Avg: 0.0424
[Coach] >>> TEST  @Epoch: 135  >>> 
[Wall TIME] >>> ChiefCoach.train takes 1.671478 seconds ...
[Coach] >>> TRAIN @Epoch: 136  >>>  || LOSS Avg: 0.14990
[Coach] >>> VALID @Epoch: 136  >>> 
[Coach] >>> TEST  @Epoch: 136  >>> 
[Wall TIME] >>> ChiefCoach.train takes 1.687623 seconds ...
[Coach] >>> TRAIN @Epoch: 137  >>>  || LOSS Avg: 0.15058
[Coach] >>> VALID @Epoch: 137  >>> 
[Coach] >>> TEST  @Epoch: 137  >>> 
[Wall TIME] >>> ChiefCoach.train takes 1.677672 seconds ...
[Coach] >>> TRAIN @Epoch: 138  >>>  || LOSS Avg: 0.14982
[Coach] >>> VALID @Epoch: 138  >>> 
[Coach] >>> TEST  @Epoch: 138  >>> 
[Wall TIME] >>> ChiefCoach.train takes 1.675480 seconds ...
[Coach] >>> TRAIN @Epoch: 139  >>>  || LOSS Avg: 0.14899
[Coach] >>> VALID @Epoch: 139  >>> 
[Coach] >>> TEST  @Epoch: 139  >>> 
[Wall TIME] >>> ChiefCoach.train takes 1.749314 seconds ...
[Wall TIME] >>> ChiefCoach.valid takes 0.652821 seconds ...
[Coach] >>> TRAIN @Epoch: 140  >>>  || LOSS Avg: 0.14924
[Coach] >>> VALID @Epoch: 140  >>>  || RECALL@1 Avg: 0.0119 || RECALL@10 Avg: 0.0640 || RECALL@20 Avg: 0.0976 || NDCG@10 Avg: 0.0337 || NDCG@20 Avg: 0.0423
[Coach] >>> TEST  @Epoch: 140  >>> 
[Wall TIME] >>> ChiefCoach.train takes 1.663308 seconds ...
[Coach] >>> TRAIN @Epoch: 141  >>>  || LOSS Avg: 0.14930
[Coach] >>> VALID @Epoch: 141  >>> 
[Coach] >>> TEST  @Epoch: 141  >>> 
[Wall TIME] >>> ChiefCoach.train takes 1.697854 seconds ...
[Coach] >>> TRAIN @Epoch: 142  >>>  || LOSS Avg: 0.14928
[Coach] >>> VALID @Epoch: 142  >>> 
[Coach] >>> TEST  @Epoch: 142  >>> 
[Wall TIME] >>> ChiefCoach.train takes 1.697348 seconds ...
[Coach] >>> TRAIN @Epoch: 143  >>>  || LOSS Avg: 0.14870
[Coach] >>> VALID @Epoch: 143  >>> 
[Coach] >>> TEST  @Epoch: 143  >>> 
[Wall TIME] >>> ChiefCoach.train takes 1.688696 seconds ...
[Coach] >>> TRAIN @Epoch: 144  >>>  || LOSS Avg: 0.14877
[Coach] >>> VALID @Epoch: 144  >>> 
[Coach] >>> TEST  @Epoch: 144  >>> 
[Wall TIME] >>> ChiefCoach.train takes 1.720457 seconds ...
[Wall TIME] >>> ChiefCoach.valid takes 0.707754 seconds ...
[Coach] >>> TRAIN @Epoch: 145  >>>  || LOSS Avg: 0.14866
[Coach] >>> VALID @Epoch: 145  >>>  || RECALL@1 Avg: 0.0114 || RECALL@10 Avg: 0.0636 || RECALL@20 Avg: 0.0984 || NDCG@10 Avg: 0.0333 || NDCG@20 Avg: 0.0422
[Coach] >>> TEST  @Epoch: 145  >>> 
[Wall TIME] >>> ChiefCoach.train takes 1.717421 seconds ...
[Coach] >>> TRAIN @Epoch: 146  >>>  || LOSS Avg: 0.14820
[Coach] >>> VALID @Epoch: 146  >>> 
[Coach] >>> TEST  @Epoch: 146  >>> 
[Wall TIME] >>> ChiefCoach.train takes 1.697283 seconds ...
[Coach] >>> TRAIN @Epoch: 147  >>>  || LOSS Avg: 0.14914
[Coach] >>> VALID @Epoch: 147  >>> 
[Coach] >>> TEST  @Epoch: 147  >>> 
[Wall TIME] >>> ChiefCoach.train takes 1.663676 seconds ...
[Coach] >>> TRAIN @Epoch: 148  >>>  || LOSS Avg: 0.14799
[Coach] >>> VALID @Epoch: 148  >>> 
[Coach] >>> TEST  @Epoch: 148  >>> 
[Wall TIME] >>> ChiefCoach.train takes 1.691269 seconds ...
[Coach] >>> TRAIN @Epoch: 149  >>>  || LOSS Avg: 0.14748
[Coach] >>> VALID @Epoch: 149  >>> 
[Coach] >>> TEST  @Epoch: 149  >>> 
[Wall TIME] >>> ChiefCoach.train takes 2.287726 seconds ...
[Wall TIME] >>> ChiefCoach.valid takes 0.665560 seconds ...
[Coach] >>> Better ***NDCG@20*** of ***0.0425*** 
[Coach] >>> TRAIN @Epoch: 150  >>>  || LOSS Avg: 0.14794
[Coach] >>> VALID @Epoch: 150  >>>  || RECALL@1 Avg: 0.0116 || RECALL@10 Avg: 0.0634 || RECALL@20 Avg: 0.0986 || NDCG@10 Avg: 0.0336 || NDCG@20 Avg: 0.0425
[Coach] >>> TEST  @Epoch: 150  >>> 
[Wall TIME] >>> ChiefCoach.train takes 1.692364 seconds ...
[Coach] >>> TRAIN @Epoch: 151  >>>  || LOSS Avg: 0.14812
[Coach] >>> VALID @Epoch: 151  >>> 
[Coach] >>> TEST  @Epoch: 151  >>> 
[Wall TIME] >>> ChiefCoach.train takes 1.666007 seconds ...
[Coach] >>> TRAIN @Epoch: 152  >>>  || LOSS Avg: 0.14717
[Coach] >>> VALID @Epoch: 152  >>> 
[Coach] >>> TEST  @Epoch: 152  >>> 
[Wall TIME] >>> ChiefCoach.train takes 1.725428 seconds ...
[Coach] >>> TRAIN @Epoch: 153  >>>  || LOSS Avg: 0.14759
[Coach] >>> VALID @Epoch: 153  >>> 
[Coach] >>> TEST  @Epoch: 153  >>> 
[Wall TIME] >>> ChiefCoach.train takes 1.699034 seconds ...
[Coach] >>> TRAIN @Epoch: 154  >>>  || LOSS Avg: 0.14690
[Coach] >>> VALID @Epoch: 154  >>> 
[Coach] >>> TEST  @Epoch: 154  >>> 
[Wall TIME] >>> ChiefCoach.train takes 1.732879 seconds ...
[Wall TIME] >>> ChiefCoach.valid takes 0.686588 seconds ...
[Coach] >>> Better ***NDCG@20*** of ***0.0428*** 
[Coach] >>> TRAIN @Epoch: 155  >>>  || LOSS Avg: 0.14707
[Coach] >>> VALID @Epoch: 155  >>>  || RECALL@1 Avg: 0.0119 || RECALL@10 Avg: 0.0639 || RECALL@20 Avg: 0.0995 || NDCG@10 Avg: 0.0337 || NDCG@20 Avg: 0.0428
[Coach] >>> TEST  @Epoch: 155  >>> 
[Wall TIME] >>> ChiefCoach.train takes 1.668982 seconds ...
[Coach] >>> TRAIN @Epoch: 156  >>>  || LOSS Avg: 0.14679
[Coach] >>> VALID @Epoch: 156  >>> 
[Coach] >>> TEST  @Epoch: 156  >>> 
[Wall TIME] >>> ChiefCoach.train takes 1.688046 seconds ...
[Coach] >>> TRAIN @Epoch: 157  >>>  || LOSS Avg: 0.14652
[Coach] >>> VALID @Epoch: 157  >>> 
[Coach] >>> TEST  @Epoch: 157  >>> 
[Wall TIME] >>> ChiefCoach.train takes 1.682655 seconds ...
[Coach] >>> TRAIN @Epoch: 158  >>>  || LOSS Avg: 0.14654
[Coach] >>> VALID @Epoch: 158  >>> 
[Coach] >>> TEST  @Epoch: 158  >>> 
[Wall TIME] >>> ChiefCoach.train takes 1.671220 seconds ...
[Coach] >>> TRAIN @Epoch: 159  >>>  || LOSS Avg: 0.14672
[Coach] >>> VALID @Epoch: 159  >>> 
[Coach] >>> TEST  @Epoch: 159  >>> 
[Wall TIME] >>> ChiefCoach.train takes 1.638774 seconds ...
[Wall TIME] >>> ChiefCoach.valid takes 0.705584 seconds ...
[Coach] >>> TRAIN @Epoch: 160  >>>  || LOSS Avg: 0.14592
[Coach] >>> VALID @Epoch: 160  >>>  || RECALL@1 Avg: 0.0117 || RECALL@10 Avg: 0.0640 || RECALL@20 Avg: 0.0989 || NDCG@10 Avg: 0.0337 || NDCG@20 Avg: 0.0426
[Coach] >>> TEST  @Epoch: 160  >>> 
[Wall TIME] >>> ChiefCoach.train takes 1.726506 seconds ...
[Coach] >>> TRAIN @Epoch: 161  >>>  || LOSS Avg: 0.14584
[Coach] >>> VALID @Epoch: 161  >>> 
[Coach] >>> TEST  @Epoch: 161  >>> 
[Wall TIME] >>> ChiefCoach.train takes 1.679594 seconds ...
[Coach] >>> TRAIN @Epoch: 162  >>>  || LOSS Avg: 0.14576
[Coach] >>> VALID @Epoch: 162  >>> 
[Coach] >>> TEST  @Epoch: 162  >>> 
[Wall TIME] >>> ChiefCoach.train takes 1.665361 seconds ...
[Coach] >>> TRAIN @Epoch: 163  >>>  || LOSS Avg: 0.14625
[Coach] >>> VALID @Epoch: 163  >>> 
[Coach] >>> TEST  @Epoch: 163  >>> 
[Wall TIME] >>> ChiefCoach.train takes 1.658413 seconds ...
[Coach] >>> TRAIN @Epoch: 164  >>>  || LOSS Avg: 0.14615
[Coach] >>> VALID @Epoch: 164  >>> 
[Coach] >>> TEST  @Epoch: 164  >>> 
[Wall TIME] >>> ChiefCoach.train takes 1.708498 seconds ...
[Wall TIME] >>> ChiefCoach.valid takes 0.685962 seconds ...
[Coach] >>> Better ***NDCG@20*** of ***0.0429*** 
[Coach] >>> TRAIN @Epoch: 165  >>>  || LOSS Avg: 0.14517
[Coach] >>> VALID @Epoch: 165  >>>  || RECALL@1 Avg: 0.0117 || RECALL@10 Avg: 0.0642 || RECALL@20 Avg: 0.0998 || NDCG@10 Avg: 0.0339 || NDCG@20 Avg: 0.0429
[Coach] >>> TEST  @Epoch: 165  >>> 
[Wall TIME] >>> ChiefCoach.train takes 1.755837 seconds ...
[Coach] >>> TRAIN @Epoch: 166  >>>  || LOSS Avg: 0.14517
[Coach] >>> VALID @Epoch: 166  >>> 
[Coach] >>> TEST  @Epoch: 166  >>> 
[Wall TIME] >>> ChiefCoach.train takes 1.670690 seconds ...
[Coach] >>> TRAIN @Epoch: 167  >>>  || LOSS Avg: 0.14500
[Coach] >>> VALID @Epoch: 167  >>> 
[Coach] >>> TEST  @Epoch: 167  >>> 
[Wall TIME] >>> ChiefCoach.train takes 1.702093 seconds ...
[Coach] >>> TRAIN @Epoch: 168  >>>  || LOSS Avg: 0.14520
[Coach] >>> VALID @Epoch: 168  >>> 
[Coach] >>> TEST  @Epoch: 168  >>> 
[Wall TIME] >>> ChiefCoach.train takes 1.672440 seconds ...
[Coach] >>> TRAIN @Epoch: 169  >>>  || LOSS Avg: 0.14460
[Coach] >>> VALID @Epoch: 169  >>> 
[Coach] >>> TEST  @Epoch: 169  >>> 
[Wall TIME] >>> ChiefCoach.train takes 2.282394 seconds ...
[Wall TIME] >>> ChiefCoach.valid takes 0.680979 seconds ...
[Coach] >>> TRAIN @Epoch: 170  >>>  || LOSS Avg: 0.14495
[Coach] >>> VALID @Epoch: 170  >>>  || RECALL@1 Avg: 0.0117 || RECALL@10 Avg: 0.0635 || RECALL@20 Avg: 0.0994 || NDCG@10 Avg: 0.0336 || NDCG@20 Avg: 0.0427
[Coach] >>> TEST  @Epoch: 170  >>> 
[Wall TIME] >>> ChiefCoach.train takes 1.698845 seconds ...
[Coach] >>> TRAIN @Epoch: 171  >>>  || LOSS Avg: 0.14552
[Coach] >>> VALID @Epoch: 171  >>> 
[Coach] >>> TEST  @Epoch: 171  >>> 
[Wall TIME] >>> ChiefCoach.train takes 1.717337 seconds ...
[Coach] >>> TRAIN @Epoch: 172  >>>  || LOSS Avg: 0.14532
[Coach] >>> VALID @Epoch: 172  >>> 
[Coach] >>> TEST  @Epoch: 172  >>> 
[Wall TIME] >>> ChiefCoach.train takes 1.652789 seconds ...
[Coach] >>> TRAIN @Epoch: 173  >>>  || LOSS Avg: 0.14428
[Coach] >>> VALID @Epoch: 173  >>> 
[Coach] >>> TEST  @Epoch: 173  >>> 
[Wall TIME] >>> ChiefCoach.train takes 1.678844 seconds ...
[Coach] >>> TRAIN @Epoch: 174  >>>  || LOSS Avg: 0.14496
[Coach] >>> VALID @Epoch: 174  >>> 
[Coach] >>> TEST  @Epoch: 174  >>> 
[Wall TIME] >>> ChiefCoach.train takes 1.660123 seconds ...
[Wall TIME] >>> ChiefCoach.valid takes 0.684523 seconds ...
[Coach] >>> Better ***NDCG@20*** of ***0.0433*** 
[Coach] >>> TRAIN @Epoch: 175  >>>  || LOSS Avg: 0.14500
[Coach] >>> VALID @Epoch: 175  >>>  || RECALL@1 Avg: 0.0121 || RECALL@10 Avg: 0.0633 || RECALL@20 Avg: 0.1007 || NDCG@10 Avg: 0.0338 || NDCG@20 Avg: 0.0433
[Coach] >>> TEST  @Epoch: 175  >>> 
[Wall TIME] >>> ChiefCoach.train takes 1.740168 seconds ...
[Coach] >>> TRAIN @Epoch: 176  >>>  || LOSS Avg: 0.14423
[Coach] >>> VALID @Epoch: 176  >>> 
[Coach] >>> TEST  @Epoch: 176  >>> 
[Wall TIME] >>> ChiefCoach.train takes 1.673687 seconds ...
[Coach] >>> TRAIN @Epoch: 177  >>>  || LOSS Avg: 0.14391
[Coach] >>> VALID @Epoch: 177  >>> 
[Coach] >>> TEST  @Epoch: 177  >>> 
[Wall TIME] >>> ChiefCoach.train takes 1.702069 seconds ...
[Coach] >>> TRAIN @Epoch: 178  >>>  || LOSS Avg: 0.14453
[Coach] >>> VALID @Epoch: 178  >>> 
[Coach] >>> TEST  @Epoch: 178  >>> 
[Wall TIME] >>> ChiefCoach.train takes 1.687273 seconds ...
[Coach] >>> TRAIN @Epoch: 179  >>>  || LOSS Avg: 0.14420
[Coach] >>> VALID @Epoch: 179  >>> 
[Coach] >>> TEST  @Epoch: 179  >>> 
[Wall TIME] >>> ChiefCoach.train takes 1.661264 seconds ...
[Wall TIME] >>> ChiefCoach.valid takes 0.661875 seconds ...
[Coach] >>> TRAIN @Epoch: 180  >>>  || LOSS Avg: 0.14428
[Coach] >>> VALID @Epoch: 180  >>>  || RECALL@1 Avg: 0.0119 || RECALL@10 Avg: 0.0635 || RECALL@20 Avg: 0.0997 || NDCG@10 Avg: 0.0338 || NDCG@20 Avg: 0.0430
[Coach] >>> TEST  @Epoch: 180  >>> 
[Wall TIME] >>> ChiefCoach.train takes 1.678615 seconds ...
[Coach] >>> TRAIN @Epoch: 181  >>>  || LOSS Avg: 0.14434
[Coach] >>> VALID @Epoch: 181  >>> 
[Coach] >>> TEST  @Epoch: 181  >>> 
[Wall TIME] >>> ChiefCoach.train takes 1.663539 seconds ...
[Coach] >>> TRAIN @Epoch: 182  >>>  || LOSS Avg: 0.14420
[Coach] >>> VALID @Epoch: 182  >>> 
[Coach] >>> TEST  @Epoch: 182  >>> 
[Wall TIME] >>> ChiefCoach.train takes 1.619745 seconds ...
[Coach] >>> TRAIN @Epoch: 183  >>>  || LOSS Avg: 0.14405
[Coach] >>> VALID @Epoch: 183  >>> 
[Coach] >>> TEST  @Epoch: 183  >>> 
[Wall TIME] >>> ChiefCoach.train takes 1.684355 seconds ...
[Coach] >>> TRAIN @Epoch: 184  >>>  || LOSS Avg: 0.14323
[Coach] >>> VALID @Epoch: 184  >>> 
[Coach] >>> TEST  @Epoch: 184  >>> 
[Wall TIME] >>> ChiefCoach.train takes 1.708047 seconds ...
[Wall TIME] >>> ChiefCoach.valid takes 0.684877 seconds ...
[Coach] >>> TRAIN @Epoch: 185  >>>  || LOSS Avg: 0.14379
[Coach] >>> VALID @Epoch: 185  >>>  || RECALL@1 Avg: 0.0119 || RECALL@10 Avg: 0.0640 || RECALL@20 Avg: 0.0999 || NDCG@10 Avg: 0.0340 || NDCG@20 Avg: 0.0431
[Coach] >>> TEST  @Epoch: 185  >>> 
[Wall TIME] >>> ChiefCoach.train takes 1.671377 seconds ...
[Coach] >>> TRAIN @Epoch: 186  >>>  || LOSS Avg: 0.14360
[Coach] >>> VALID @Epoch: 186  >>> 
[Coach] >>> TEST  @Epoch: 186  >>> 
[Wall TIME] >>> ChiefCoach.train takes 1.686206 seconds ...
[Coach] >>> TRAIN @Epoch: 187  >>>  || LOSS Avg: 0.14306
[Coach] >>> VALID @Epoch: 187  >>> 
[Coach] >>> TEST  @Epoch: 187  >>> 
[Wall TIME] >>> ChiefCoach.train takes 1.692833 seconds ...
[Coach] >>> TRAIN @Epoch: 188  >>>  || LOSS Avg: 0.14321
[Coach] >>> VALID @Epoch: 188  >>> 
[Coach] >>> TEST  @Epoch: 188  >>> 
[Wall TIME] >>> ChiefCoach.train takes 1.661990 seconds ...
[Coach] >>> TRAIN @Epoch: 189  >>>  || LOSS Avg: 0.14366
[Coach] >>> VALID @Epoch: 189  >>> 
[Coach] >>> TEST  @Epoch: 189  >>> 
[Wall TIME] >>> ChiefCoach.train takes 2.254536 seconds ...
[Wall TIME] >>> ChiefCoach.valid takes 0.692995 seconds ...
[Coach] >>> TRAIN @Epoch: 190  >>>  || LOSS Avg: 0.14336
[Coach] >>> VALID @Epoch: 190  >>>  || RECALL@1 Avg: 0.0119 || RECALL@10 Avg: 0.0635 || RECALL@20 Avg: 0.0993 || NDCG@10 Avg: 0.0338 || NDCG@20 Avg: 0.0429
[Coach] >>> TEST  @Epoch: 190  >>> 
[Wall TIME] >>> ChiefCoach.train takes 1.681560 seconds ...
[Coach] >>> TRAIN @Epoch: 191  >>>  || LOSS Avg: 0.14315
[Coach] >>> VALID @Epoch: 191  >>> 
[Coach] >>> TEST  @Epoch: 191  >>> 
[Wall TIME] >>> ChiefCoach.train takes 1.672177 seconds ...
[Coach] >>> TRAIN @Epoch: 192  >>>  || LOSS Avg: 0.14323
[Coach] >>> VALID @Epoch: 192  >>> 
[Coach] >>> TEST  @Epoch: 192  >>> 
[Wall TIME] >>> ChiefCoach.train takes 1.699024 seconds ...
[Coach] >>> TRAIN @Epoch: 193  >>>  || LOSS Avg: 0.14325
[Coach] >>> VALID @Epoch: 193  >>> 
[Coach] >>> TEST  @Epoch: 193  >>> 
[Wall TIME] >>> ChiefCoach.train takes 1.664291 seconds ...
[Coach] >>> TRAIN @Epoch: 194  >>>  || LOSS Avg: 0.14332
[Coach] >>> VALID @Epoch: 194  >>> 
[Coach] >>> TEST  @Epoch: 194  >>> 
[Wall TIME] >>> ChiefCoach.train takes 1.697498 seconds ...
[Wall TIME] >>> ChiefCoach.valid takes 0.681013 seconds ...
[Coach] >>> TRAIN @Epoch: 195  >>>  || LOSS Avg: 0.14308
[Coach] >>> VALID @Epoch: 195  >>>  || RECALL@1 Avg: 0.0121 || RECALL@10 Avg: 0.0643 || RECALL@20 Avg: 0.0996 || NDCG@10 Avg: 0.0340 || NDCG@20 Avg: 0.0429
[Coach] >>> TEST  @Epoch: 195  >>> 
[Wall TIME] >>> ChiefCoach.train takes 1.674600 seconds ...
[Coach] >>> TRAIN @Epoch: 196  >>>  || LOSS Avg: 0.14303
[Coach] >>> VALID @Epoch: 196  >>> 
[Coach] >>> TEST  @Epoch: 196  >>> 
[Wall TIME] >>> ChiefCoach.train takes 1.698635 seconds ...
[Coach] >>> TRAIN @Epoch: 197  >>>  || LOSS Avg: 0.14291
[Coach] >>> VALID @Epoch: 197  >>> 
[Coach] >>> TEST  @Epoch: 197  >>> 
[Wall TIME] >>> ChiefCoach.train takes 1.712253 seconds ...
[Coach] >>> TRAIN @Epoch: 198  >>>  || LOSS Avg: 0.14316
[Coach] >>> VALID @Epoch: 198  >>> 
[Coach] >>> TEST  @Epoch: 198  >>> 
[Wall TIME] >>> ChiefCoach.train takes 1.677530 seconds ...
[Coach] >>> TRAIN @Epoch: 199  >>>  || LOSS Avg: 0.14289
[Coach] >>> VALID @Epoch: 199  >>> 
[Coach] >>> TEST  @Epoch: 199  >>> 
[Wall TIME] >>> ChiefCoach.train takes 1.656555 seconds ...
[Wall TIME] >>> ChiefCoach.valid takes 0.665325 seconds ...
[Coach] >>> TRAIN @Epoch: 200  >>>  || LOSS Avg: 0.14285
[Coach] >>> VALID @Epoch: 200  >>>  || RECALL@1 Avg: 0.0117 || RECALL@10 Avg: 0.0644 || RECALL@20 Avg: 0.0996 || NDCG@10 Avg: 0.0337 || NDCG@20 Avg: 0.0427
[Coach] >>> TEST  @Epoch: 200  >>> 
[Wall TIME] >>> ChiefCoach.train takes 1.735901 seconds ...
[Coach] >>> TRAIN @Epoch: 201  >>>  || LOSS Avg: 0.14272
[Coach] >>> VALID @Epoch: 201  >>> 
[Coach] >>> TEST  @Epoch: 201  >>> 
[Wall TIME] >>> ChiefCoach.train takes 1.677135 seconds ...
[Coach] >>> TRAIN @Epoch: 202  >>>  || LOSS Avg: 0.14229
[Coach] >>> VALID @Epoch: 202  >>> 
[Coach] >>> TEST  @Epoch: 202  >>> 
[Wall TIME] >>> ChiefCoach.train takes 1.749245 seconds ...
[Coach] >>> TRAIN @Epoch: 203  >>>  || LOSS Avg: 0.14230
[Coach] >>> VALID @Epoch: 203  >>> 
[Coach] >>> TEST  @Epoch: 203  >>> 
[Wall TIME] >>> ChiefCoach.train takes 1.696907 seconds ...
[Coach] >>> TRAIN @Epoch: 204  >>>  || LOSS Avg: 0.14261
[Coach] >>> VALID @Epoch: 204  >>> 
[Coach] >>> TEST  @Epoch: 204  >>> 
[Wall TIME] >>> ChiefCoach.train takes 1.677190 seconds ...
[Wall TIME] >>> ChiefCoach.valid takes 0.676180 seconds ...
[Coach] >>> TRAIN @Epoch: 205  >>>  || LOSS Avg: 0.14234
[Coach] >>> VALID @Epoch: 205  >>>  || RECALL@1 Avg: 0.0121 || RECALL@10 Avg: 0.0643 || RECALL@20 Avg: 0.0997 || NDCG@10 Avg: 0.0340 || NDCG@20 Avg: 0.0430
[Coach] >>> TEST  @Epoch: 205  >>> 
[Wall TIME] >>> ChiefCoach.train takes 1.688071 seconds ...
[Coach] >>> TRAIN @Epoch: 206  >>>  || LOSS Avg: 0.14230
[Coach] >>> VALID @Epoch: 206  >>> 
[Coach] >>> TEST  @Epoch: 206  >>> 
[Wall TIME] >>> ChiefCoach.train takes 1.708454 seconds ...
[Coach] >>> TRAIN @Epoch: 207  >>>  || LOSS Avg: 0.14244
[Coach] >>> VALID @Epoch: 207  >>> 
[Coach] >>> TEST  @Epoch: 207  >>> 
[Wall TIME] >>> ChiefCoach.train takes 1.718111 seconds ...
[Coach] >>> TRAIN @Epoch: 208  >>>  || LOSS Avg: 0.14171
[Coach] >>> VALID @Epoch: 208  >>> 
[Coach] >>> TEST  @Epoch: 208  >>> 
[Wall TIME] >>> ChiefCoach.train takes 1.663629 seconds ...
[Coach] >>> TRAIN @Epoch: 209  >>>  || LOSS Avg: 0.14186
[Coach] >>> VALID @Epoch: 209  >>> 
[Coach] >>> TEST  @Epoch: 209  >>> 
[Wall TIME] >>> ChiefCoach.train takes 2.287335 seconds ...
[Wall TIME] >>> ChiefCoach.valid takes 0.651198 seconds ...
[Coach] >>> TRAIN @Epoch: 210  >>>  || LOSS Avg: 0.14214
[Coach] >>> VALID @Epoch: 210  >>>  || RECALL@1 Avg: 0.0117 || RECALL@10 Avg: 0.0636 || RECALL@20 Avg: 0.1001 || NDCG@10 Avg: 0.0335 || NDCG@20 Avg: 0.0428
[Coach] >>> TEST  @Epoch: 210  >>> 
[Wall TIME] >>> ChiefCoach.train takes 1.698517 seconds ...
[Coach] >>> TRAIN @Epoch: 211  >>>  || LOSS Avg: 0.14153
[Coach] >>> VALID @Epoch: 211  >>> 
[Coach] >>> TEST  @Epoch: 211  >>> 
[Wall TIME] >>> ChiefCoach.train takes 1.645133 seconds ...
[Coach] >>> TRAIN @Epoch: 212  >>>  || LOSS Avg: 0.14162
[Coach] >>> VALID @Epoch: 212  >>> 
[Coach] >>> TEST  @Epoch: 212  >>> 
[Wall TIME] >>> ChiefCoach.train takes 1.721756 seconds ...
[Coach] >>> TRAIN @Epoch: 213  >>>  || LOSS Avg: 0.14199
[Coach] >>> VALID @Epoch: 213  >>> 
[Coach] >>> TEST  @Epoch: 213  >>> 
[Wall TIME] >>> ChiefCoach.train takes 1.679574 seconds ...
[Coach] >>> TRAIN @Epoch: 214  >>>  || LOSS Avg: 0.14160
[Coach] >>> VALID @Epoch: 214  >>> 
[Coach] >>> TEST  @Epoch: 214  >>> 
[Wall TIME] >>> ChiefCoach.train takes 1.658632 seconds ...
[Wall TIME] >>> ChiefCoach.valid takes 0.678520 seconds ...
[Coach] >>> TRAIN @Epoch: 215  >>>  || LOSS Avg: 0.14138
[Coach] >>> VALID @Epoch: 215  >>>  || RECALL@1 Avg: 0.0122 || RECALL@10 Avg: 0.0647 || RECALL@20 Avg: 0.0985 || NDCG@10 Avg: 0.0341 || NDCG@20 Avg: 0.0427
[Coach] >>> TEST  @Epoch: 215  >>> 
[Wall TIME] >>> ChiefCoach.train takes 1.671271 seconds ...
[Coach] >>> TRAIN @Epoch: 216  >>>  || LOSS Avg: 0.14161
[Coach] >>> VALID @Epoch: 216  >>> 
[Coach] >>> TEST  @Epoch: 216  >>> 
[Wall TIME] >>> ChiefCoach.train takes 1.698794 seconds ...
[Coach] >>> TRAIN @Epoch: 217  >>>  || LOSS Avg: 0.14134
[Coach] >>> VALID @Epoch: 217  >>> 
[Coach] >>> TEST  @Epoch: 217  >>> 
[Wall TIME] >>> ChiefCoach.train takes 1.697716 seconds ...
[Coach] >>> TRAIN @Epoch: 218  >>>  || LOSS Avg: 0.14187
[Coach] >>> VALID @Epoch: 218  >>> 
[Coach] >>> TEST  @Epoch: 218  >>> 
[Wall TIME] >>> ChiefCoach.train takes 1.683129 seconds ...
[Coach] >>> TRAIN @Epoch: 219  >>>  || LOSS Avg: 0.14148
[Coach] >>> VALID @Epoch: 219  >>> 
[Coach] >>> TEST  @Epoch: 219  >>> 
[Wall TIME] >>> ChiefCoach.train takes 1.661505 seconds ...
[Wall TIME] >>> ChiefCoach.valid takes 0.686482 seconds ...
[Coach] >>> TRAIN @Epoch: 220  >>>  || LOSS Avg: 0.14130
[Coach] >>> VALID @Epoch: 220  >>>  || RECALL@1 Avg: 0.0125 || RECALL@10 Avg: 0.0638 || RECALL@20 Avg: 0.0983 || NDCG@10 Avg: 0.0339 || NDCG@20 Avg: 0.0427
[Coach] >>> TEST  @Epoch: 220  >>> 
[Wall TIME] >>> ChiefCoach.train takes 1.643325 seconds ...
[Coach] >>> TRAIN @Epoch: 221  >>>  || LOSS Avg: 0.14093
[Coach] >>> VALID @Epoch: 221  >>> 
[Coach] >>> TEST  @Epoch: 221  >>> 
[Wall TIME] >>> ChiefCoach.train takes 1.683796 seconds ...
[Coach] >>> TRAIN @Epoch: 222  >>>  || LOSS Avg: 0.14083
[Coach] >>> VALID @Epoch: 222  >>> 
[Coach] >>> TEST  @Epoch: 222  >>> 
[Wall TIME] >>> ChiefCoach.train takes 1.658347 seconds ...
[Coach] >>> TRAIN @Epoch: 223  >>>  || LOSS Avg: 0.14080
[Coach] >>> VALID @Epoch: 223  >>> 
[Coach] >>> TEST  @Epoch: 223  >>> 
[Wall TIME] >>> ChiefCoach.train takes 1.699340 seconds ...
[Coach] >>> TRAIN @Epoch: 224  >>>  || LOSS Avg: 0.14144
[Coach] >>> VALID @Epoch: 224  >>> 
[Coach] >>> TEST  @Epoch: 224  >>> 
[Wall TIME] >>> ChiefCoach.train takes 1.652199 seconds ...
[Wall TIME] >>> ChiefCoach.valid takes 0.650303 seconds ...
[Coach] >>> TRAIN @Epoch: 225  >>>  || LOSS Avg: 0.14109
[Coach] >>> VALID @Epoch: 225  >>>  || RECALL@1 Avg: 0.0126 || RECALL@10 Avg: 0.0627 || RECALL@20 Avg: 0.0984 || NDCG@10 Avg: 0.0336 || NDCG@20 Avg: 0.0427
[Coach] >>> TEST  @Epoch: 225  >>> 
[Wall TIME] >>> ChiefCoach.train takes 1.696554 seconds ...
[Coach] >>> TRAIN @Epoch: 226  >>>  || LOSS Avg: 0.14097
[Coach] >>> VALID @Epoch: 226  >>> 
[Coach] >>> TEST  @Epoch: 226  >>> 
[Wall TIME] >>> ChiefCoach.train takes 1.651428 seconds ...
[Coach] >>> TRAIN @Epoch: 227  >>>  || LOSS Avg: 0.14134
[Coach] >>> VALID @Epoch: 227  >>> 
[Coach] >>> TEST  @Epoch: 227  >>> 
[Wall TIME] >>> ChiefCoach.train takes 1.676826 seconds ...
[Coach] >>> TRAIN @Epoch: 228  >>>  || LOSS Avg: 0.14100
[Coach] >>> VALID @Epoch: 228  >>> 
[Coach] >>> TEST  @Epoch: 228  >>> 
[Wall TIME] >>> ChiefCoach.train takes 1.677066 seconds ...
[Coach] >>> TRAIN @Epoch: 229  >>>  || LOSS Avg: 0.14096
[Coach] >>> VALID @Epoch: 229  >>> 
[Coach] >>> TEST  @Epoch: 229  >>> 
[Wall TIME] >>> ChiefCoach.train takes 2.248353 seconds ...
[Wall TIME] >>> ChiefCoach.valid takes 0.660758 seconds ...
[Coach] >>> TRAIN @Epoch: 230  >>>  || LOSS Avg: 0.14082
[Coach] >>> VALID @Epoch: 230  >>>  || RECALL@1 Avg: 0.0123 || RECALL@10 Avg: 0.0636 || RECALL@20 Avg: 0.0993 || NDCG@10 Avg: 0.0339 || NDCG@20 Avg: 0.0430
[Coach] >>> TEST  @Epoch: 230  >>> 
[Wall TIME] >>> ChiefCoach.train takes 1.686052 seconds ...
[Coach] >>> TRAIN @Epoch: 231  >>>  || LOSS Avg: 0.14123
[Coach] >>> VALID @Epoch: 231  >>> 
[Coach] >>> TEST  @Epoch: 231  >>> 
[Wall TIME] >>> ChiefCoach.train takes 1.667062 seconds ...
[Coach] >>> TRAIN @Epoch: 232  >>>  || LOSS Avg: 0.14026
[Coach] >>> VALID @Epoch: 232  >>> 
[Coach] >>> TEST  @Epoch: 232  >>> 
[Wall TIME] >>> ChiefCoach.train takes 1.697154 seconds ...
[Coach] >>> TRAIN @Epoch: 233  >>>  || LOSS Avg: 0.14012
[Coach] >>> VALID @Epoch: 233  >>> 
[Coach] >>> TEST  @Epoch: 233  >>> 
[Wall TIME] >>> ChiefCoach.train takes 1.693700 seconds ...
[Coach] >>> TRAIN @Epoch: 234  >>>  || LOSS Avg: 0.14052
[Coach] >>> VALID @Epoch: 234  >>> 
[Coach] >>> TEST  @Epoch: 234  >>> 
[Wall TIME] >>> ChiefCoach.train takes 1.693397 seconds ...
[Wall TIME] >>> ChiefCoach.valid takes 0.683192 seconds ...
[Coach] >>> TRAIN @Epoch: 235  >>>  || LOSS Avg: 0.14016
[Coach] >>> VALID @Epoch: 235  >>>  || RECALL@1 Avg: 0.0121 || RECALL@10 Avg: 0.0636 || RECALL@20 Avg: 0.0994 || NDCG@10 Avg: 0.0339 || NDCG@20 Avg: 0.0430
[Coach] >>> TEST  @Epoch: 235  >>> 
[Wall TIME] >>> ChiefCoach.train takes 1.675021 seconds ...
[Coach] >>> TRAIN @Epoch: 236  >>>  || LOSS Avg: 0.14041
[Coach] >>> VALID @Epoch: 236  >>> 
[Coach] >>> TEST  @Epoch: 236  >>> 
[Wall TIME] >>> ChiefCoach.train takes 1.672712 seconds ...
[Coach] >>> TRAIN @Epoch: 237  >>>  || LOSS Avg: 0.14131
[Coach] >>> VALID @Epoch: 237  >>> 
[Coach] >>> TEST  @Epoch: 237  >>> 
[Wall TIME] >>> ChiefCoach.train takes 1.720798 seconds ...
[Coach] >>> TRAIN @Epoch: 238  >>>  || LOSS Avg: 0.14033
[Coach] >>> VALID @Epoch: 238  >>> 
[Coach] >>> TEST  @Epoch: 238  >>> 
[Wall TIME] >>> ChiefCoach.train takes 1.671042 seconds ...
[Coach] >>> TRAIN @Epoch: 239  >>>  || LOSS Avg: 0.14035
[Coach] >>> VALID @Epoch: 239  >>> 
[Coach] >>> TEST  @Epoch: 239  >>> 
[Wall TIME] >>> ChiefCoach.train takes 1.699800 seconds ...
[Wall TIME] >>> ChiefCoach.valid takes 0.669091 seconds ...
[Coach] >>> TRAIN @Epoch: 240  >>>  || LOSS Avg: 0.13985
[Coach] >>> VALID @Epoch: 240  >>>  || RECALL@1 Avg: 0.0117 || RECALL@10 Avg: 0.0632 || RECALL@20 Avg: 0.0998 || NDCG@10 Avg: 0.0335 || NDCG@20 Avg: 0.0428
[Coach] >>> TEST  @Epoch: 240  >>> 
[Wall TIME] >>> ChiefCoach.train takes 1.682124 seconds ...
[Coach] >>> TRAIN @Epoch: 241  >>>  || LOSS Avg: 0.13985
[Coach] >>> VALID @Epoch: 241  >>> 
[Coach] >>> TEST  @Epoch: 241  >>> 
[Wall TIME] >>> ChiefCoach.train takes 1.731439 seconds ...
[Coach] >>> TRAIN @Epoch: 242  >>>  || LOSS Avg: 0.13988
[Coach] >>> VALID @Epoch: 242  >>> 
[Coach] >>> TEST  @Epoch: 242  >>> 
[Wall TIME] >>> ChiefCoach.train takes 1.669230 seconds ...
[Coach] >>> TRAIN @Epoch: 243  >>>  || LOSS Avg: 0.13948
[Coach] >>> VALID @Epoch: 243  >>> 
[Coach] >>> TEST  @Epoch: 243  >>> 
[Wall TIME] >>> ChiefCoach.train takes 1.687721 seconds ...
[Coach] >>> TRAIN @Epoch: 244  >>>  || LOSS Avg: 0.13999
[Coach] >>> VALID @Epoch: 244  >>> 
[Coach] >>> TEST  @Epoch: 244  >>> 
[Wall TIME] >>> ChiefCoach.train takes 1.757093 seconds ...
[Wall TIME] >>> ChiefCoach.valid takes 0.673070 seconds ...
[Coach] >>> TRAIN @Epoch: 245  >>>  || LOSS Avg: 0.14047
[Coach] >>> VALID @Epoch: 245  >>>  || RECALL@1 Avg: 0.0119 || RECALL@10 Avg: 0.0640 || RECALL@20 Avg: 0.0991 || NDCG@10 Avg: 0.0339 || NDCG@20 Avg: 0.0429
[Coach] >>> TEST  @Epoch: 245  >>> 
[Wall TIME] >>> ChiefCoach.train takes 1.679918 seconds ...
[Coach] >>> TRAIN @Epoch: 246  >>>  || LOSS Avg: 0.13933
[Coach] >>> VALID @Epoch: 246  >>> 
[Coach] >>> TEST  @Epoch: 246  >>> 
[Wall TIME] >>> ChiefCoach.train takes 1.704056 seconds ...
[Coach] >>> TRAIN @Epoch: 247  >>>  || LOSS Avg: 0.14014
[Coach] >>> VALID @Epoch: 247  >>> 
[Coach] >>> TEST  @Epoch: 247  >>> 
[Wall TIME] >>> ChiefCoach.train takes 1.699785 seconds ...
[Coach] >>> TRAIN @Epoch: 248  >>>  || LOSS Avg: 0.13969
[Coach] >>> VALID @Epoch: 248  >>> 
[Coach] >>> TEST  @Epoch: 248  >>> 
[Wall TIME] >>> ChiefCoach.train takes 1.680439 seconds ...
[Coach] >>> TRAIN @Epoch: 249  >>>  || LOSS Avg: 0.13988
[Coach] >>> VALID @Epoch: 249  >>> 
[Coach] >>> TEST  @Epoch: 249  >>> 
[Wall TIME] >>> ChiefCoach.train takes 1.668984 seconds ...
[Wall TIME] >>> ChiefCoach.valid takes 0.728791 seconds ...
[Coach] >>> TRAIN @Epoch: 250  >>>  || LOSS Avg: 0.14003
[Coach] >>> VALID @Epoch: 250  >>>  || RECALL@1 Avg: 0.0121 || RECALL@10 Avg: 0.0643 || RECALL@20 Avg: 0.0996 || NDCG@10 Avg: 0.0341 || NDCG@20 Avg: 0.0431
[Coach] >>> TEST  @Epoch: 250  >>> 
[Wall TIME] >>> ChiefCoach.train takes 2.255130 seconds ...
[Coach] >>> TRAIN @Epoch: 251  >>>  || LOSS Avg: 0.14016
[Coach] >>> VALID @Epoch: 251  >>> 
[Coach] >>> TEST  @Epoch: 251  >>> 
[Wall TIME] >>> ChiefCoach.train takes 1.650632 seconds ...
[Coach] >>> TRAIN @Epoch: 252  >>>  || LOSS Avg: 0.13935
[Coach] >>> VALID @Epoch: 252  >>> 
[Coach] >>> TEST  @Epoch: 252  >>> 
[Wall TIME] >>> ChiefCoach.train takes 1.677527 seconds ...
[Coach] >>> TRAIN @Epoch: 253  >>>  || LOSS Avg: 0.13929
[Coach] >>> VALID @Epoch: 253  >>> 
[Coach] >>> TEST  @Epoch: 253  >>> 
[Wall TIME] >>> ChiefCoach.train takes 1.658103 seconds ...
[Coach] >>> TRAIN @Epoch: 254  >>>  || LOSS Avg: 0.13988
[Coach] >>> VALID @Epoch: 254  >>> 
[Coach] >>> TEST  @Epoch: 254  >>> 
[Wall TIME] >>> ChiefCoach.train takes 1.660440 seconds ...
[Wall TIME] >>> ChiefCoach.valid takes 0.712281 seconds ...
[Coach] >>> TRAIN @Epoch: 255  >>>  || LOSS Avg: 0.13969
[Coach] >>> VALID @Epoch: 255  >>>  || RECALL@1 Avg: 0.0118 || RECALL@10 Avg: 0.0650 || RECALL@20 Avg: 0.0991 || NDCG@10 Avg: 0.0343 || NDCG@20 Avg: 0.0430
[Coach] >>> TEST  @Epoch: 255  >>> 
[Wall TIME] >>> ChiefCoach.train takes 1.665139 seconds ...
[Coach] >>> TRAIN @Epoch: 256  >>>  || LOSS Avg: 0.13958
[Coach] >>> VALID @Epoch: 256  >>> 
[Coach] >>> TEST  @Epoch: 256  >>> 
[Wall TIME] >>> ChiefCoach.train takes 1.755680 seconds ...
[Coach] >>> TRAIN @Epoch: 257  >>>  || LOSS Avg: 0.13904
[Coach] >>> VALID @Epoch: 257  >>> 
[Coach] >>> TEST  @Epoch: 257  >>> 
[Wall TIME] >>> ChiefCoach.train takes 1.706040 seconds ...
[Coach] >>> TRAIN @Epoch: 258  >>>  || LOSS Avg: 0.13898
[Coach] >>> VALID @Epoch: 258  >>> 
[Coach] >>> TEST  @Epoch: 258  >>> 
[Wall TIME] >>> ChiefCoach.train takes 1.673207 seconds ...
[Coach] >>> TRAIN @Epoch: 259  >>>  || LOSS Avg: 0.13909
[Coach] >>> VALID @Epoch: 259  >>> 
[Coach] >>> TEST  @Epoch: 259  >>> 
[Wall TIME] >>> ChiefCoach.train takes 1.708058 seconds ...
[Wall TIME] >>> ChiefCoach.valid takes 0.681286 seconds ...
[Coach] >>> TRAIN @Epoch: 260  >>>  || LOSS Avg: 0.13955
[Coach] >>> VALID @Epoch: 260  >>>  || RECALL@1 Avg: 0.0118 || RECALL@10 Avg: 0.0650 || RECALL@20 Avg: 0.1000 || NDCG@10 Avg: 0.0343 || NDCG@20 Avg: 0.0431
[Coach] >>> TEST  @Epoch: 260  >>> 
[Wall TIME] >>> ChiefCoach.train takes 1.761974 seconds ...
[Coach] >>> TRAIN @Epoch: 261  >>>  || LOSS Avg: 0.13891
[Coach] >>> VALID @Epoch: 261  >>> 
[Coach] >>> TEST  @Epoch: 261  >>> 
[Wall TIME] >>> ChiefCoach.train takes 1.698667 seconds ...
[Coach] >>> TRAIN @Epoch: 262  >>>  || LOSS Avg: 0.13961
[Coach] >>> VALID @Epoch: 262  >>> 
[Coach] >>> TEST  @Epoch: 262  >>> 
[Wall TIME] >>> ChiefCoach.train takes 1.752987 seconds ...
[Coach] >>> TRAIN @Epoch: 263  >>>  || LOSS Avg: 0.13866
[Coach] >>> VALID @Epoch: 263  >>> 
[Coach] >>> TEST  @Epoch: 263  >>> 
[Wall TIME] >>> ChiefCoach.train takes 1.653743 seconds ...
[Coach] >>> TRAIN @Epoch: 264  >>>  || LOSS Avg: 0.13862
[Coach] >>> VALID @Epoch: 264  >>> 
[Coach] >>> TEST  @Epoch: 264  >>> 
[Wall TIME] >>> ChiefCoach.train takes 1.703571 seconds ...
[Wall TIME] >>> ChiefCoach.valid takes 0.704529 seconds ...
[Coach] >>> TRAIN @Epoch: 265  >>>  || LOSS Avg: 0.13946
[Coach] >>> VALID @Epoch: 265  >>>  || RECALL@1 Avg: 0.0115 || RECALL@10 Avg: 0.0649 || RECALL@20 Avg: 0.0996 || NDCG@10 Avg: 0.0341 || NDCG@20 Avg: 0.0429
[Coach] >>> TEST  @Epoch: 265  >>> 
[Wall TIME] >>> ChiefCoach.train takes 1.699244 seconds ...
[Coach] >>> TRAIN @Epoch: 266  >>>  || LOSS Avg: 0.13957
[Coach] >>> VALID @Epoch: 266  >>> 
[Coach] >>> TEST  @Epoch: 266  >>> 
[Wall TIME] >>> ChiefCoach.train takes 1.653899 seconds ...
[Coach] >>> TRAIN @Epoch: 267  >>>  || LOSS Avg: 0.13906
[Coach] >>> VALID @Epoch: 267  >>> 
[Coach] >>> TEST  @Epoch: 267  >>> 
[Wall TIME] >>> ChiefCoach.train takes 1.661292 seconds ...
[Coach] >>> TRAIN @Epoch: 268  >>>  || LOSS Avg: 0.13865
[Coach] >>> VALID @Epoch: 268  >>> 
[Coach] >>> TEST  @Epoch: 268  >>> 
[Wall TIME] >>> ChiefCoach.train takes 1.653352 seconds ...
[Coach] >>> TRAIN @Epoch: 269  >>>  || LOSS Avg: 0.13870
[Coach] >>> VALID @Epoch: 269  >>> 
[Coach] >>> TEST  @Epoch: 269  >>> 
[Wall TIME] >>> ChiefCoach.train takes 1.653223 seconds ...
[Wall TIME] >>> ChiefCoach.valid takes 0.663453 seconds ...
[Coach] >>> TRAIN @Epoch: 270  >>>  || LOSS Avg: 0.13944
[Coach] >>> VALID @Epoch: 270  >>>  || RECALL@1 Avg: 0.0121 || RECALL@10 Avg: 0.0642 || RECALL@20 Avg: 0.0993 || NDCG@10 Avg: 0.0340 || NDCG@20 Avg: 0.0430
[Coach] >>> TEST  @Epoch: 270  >>> 
[Wall TIME] >>> ChiefCoach.train takes 2.276602 seconds ...
[Coach] >>> TRAIN @Epoch: 271  >>>  || LOSS Avg: 0.13860
[Coach] >>> VALID @Epoch: 271  >>> 
[Coach] >>> TEST  @Epoch: 271  >>> 
[Wall TIME] >>> ChiefCoach.train takes 1.664541 seconds ...
[Coach] >>> TRAIN @Epoch: 272  >>>  || LOSS Avg: 0.13818
[Coach] >>> VALID @Epoch: 272  >>> 
[Coach] >>> TEST  @Epoch: 272  >>> 
[Wall TIME] >>> ChiefCoach.train takes 1.712822 seconds ...
[Coach] >>> TRAIN @Epoch: 273  >>>  || LOSS Avg: 0.13827
[Coach] >>> VALID @Epoch: 273  >>> 
[Coach] >>> TEST  @Epoch: 273  >>> 
[Wall TIME] >>> ChiefCoach.train takes 1.703570 seconds ...
[Coach] >>> TRAIN @Epoch: 274  >>>  || LOSS Avg: 0.13887
[Coach] >>> VALID @Epoch: 274  >>> 
[Coach] >>> TEST  @Epoch: 274  >>> 
[Wall TIME] >>> ChiefCoach.train takes 1.670827 seconds ...
[Wall TIME] >>> ChiefCoach.valid takes 0.666526 seconds ...
[Coach] >>> TRAIN @Epoch: 275  >>>  || LOSS Avg: 0.13878
[Coach] >>> VALID @Epoch: 275  >>>  || RECALL@1 Avg: 0.0117 || RECALL@10 Avg: 0.0647 || RECALL@20 Avg: 0.0986 || NDCG@10 Avg: 0.0340 || NDCG@20 Avg: 0.0426
[Coach] >>> TEST  @Epoch: 275  >>> 
[Wall TIME] >>> ChiefCoach.train takes 1.707940 seconds ...
[Coach] >>> TRAIN @Epoch: 276  >>>  || LOSS Avg: 0.13850
[Coach] >>> VALID @Epoch: 276  >>> 
[Coach] >>> TEST  @Epoch: 276  >>> 
[Wall TIME] >>> ChiefCoach.train takes 1.664085 seconds ...
[Coach] >>> TRAIN @Epoch: 277  >>>  || LOSS Avg: 0.13843
[Coach] >>> VALID @Epoch: 277  >>> 
[Coach] >>> TEST  @Epoch: 277  >>> 
[Wall TIME] >>> ChiefCoach.train takes 1.679178 seconds ...
[Coach] >>> TRAIN @Epoch: 278  >>>  || LOSS Avg: 0.13803
[Coach] >>> VALID @Epoch: 278  >>> 
[Coach] >>> TEST  @Epoch: 278  >>> 
[Wall TIME] >>> ChiefCoach.train takes 1.720488 seconds ...
[Coach] >>> TRAIN @Epoch: 279  >>>  || LOSS Avg: 0.13841
[Coach] >>> VALID @Epoch: 279  >>> 
[Coach] >>> TEST  @Epoch: 279  >>> 
[Wall TIME] >>> ChiefCoach.train takes 1.654699 seconds ...
[Wall TIME] >>> ChiefCoach.valid takes 0.711083 seconds ...
[Coach] >>> TRAIN @Epoch: 280  >>>  || LOSS Avg: 0.13844
[Coach] >>> VALID @Epoch: 280  >>>  || RECALL@1 Avg: 0.0115 || RECALL@10 Avg: 0.0647 || RECALL@20 Avg: 0.0985 || NDCG@10 Avg: 0.0340 || NDCG@20 Avg: 0.0426
[Coach] >>> TEST  @Epoch: 280  >>> 
[Wall TIME] >>> ChiefCoach.train takes 1.692039 seconds ...
[Coach] >>> TRAIN @Epoch: 281  >>>  || LOSS Avg: 0.13930
[Coach] >>> VALID @Epoch: 281  >>> 
[Coach] >>> TEST  @Epoch: 281  >>> 
[Wall TIME] >>> ChiefCoach.train takes 1.709668 seconds ...
[Coach] >>> TRAIN @Epoch: 282  >>>  || LOSS Avg: 0.13843
[Coach] >>> VALID @Epoch: 282  >>> 
[Coach] >>> TEST  @Epoch: 282  >>> 
[Wall TIME] >>> ChiefCoach.train takes 1.698140 seconds ...
[Coach] >>> TRAIN @Epoch: 283  >>>  || LOSS Avg: 0.13889
[Coach] >>> VALID @Epoch: 283  >>> 
[Coach] >>> TEST  @Epoch: 283  >>> 
[Wall TIME] >>> ChiefCoach.train takes 1.680346 seconds ...
[Coach] >>> TRAIN @Epoch: 284  >>>  || LOSS Avg: 0.13849
[Coach] >>> VALID @Epoch: 284  >>> 
[Coach] >>> TEST  @Epoch: 284  >>> 
[Wall TIME] >>> ChiefCoach.train takes 1.666911 seconds ...
[Wall TIME] >>> ChiefCoach.valid takes 0.673483 seconds ...
[Coach] >>> TRAIN @Epoch: 285  >>>  || LOSS Avg: 0.13857
[Coach] >>> VALID @Epoch: 285  >>>  || RECALL@1 Avg: 0.0114 || RECALL@10 Avg: 0.0641 || RECALL@20 Avg: 0.0983 || NDCG@10 Avg: 0.0337 || NDCG@20 Avg: 0.0424
[Coach] >>> TEST  @Epoch: 285  >>> 
[Wall TIME] >>> ChiefCoach.train takes 1.676123 seconds ...
[Coach] >>> TRAIN @Epoch: 286  >>>  || LOSS Avg: 0.13868
[Coach] >>> VALID @Epoch: 286  >>> 
[Coach] >>> TEST  @Epoch: 286  >>> 
[Wall TIME] >>> ChiefCoach.train takes 1.753805 seconds ...
[Coach] >>> TRAIN @Epoch: 287  >>>  || LOSS Avg: 0.13811
[Coach] >>> VALID @Epoch: 287  >>> 
[Coach] >>> TEST  @Epoch: 287  >>> 
[Wall TIME] >>> ChiefCoach.train takes 1.641969 seconds ...
[Coach] >>> TRAIN @Epoch: 288  >>>  || LOSS Avg: 0.13801
[Coach] >>> VALID @Epoch: 288  >>> 
[Coach] >>> TEST  @Epoch: 288  >>> 
[Wall TIME] >>> ChiefCoach.train takes 1.699818 seconds ...
[Coach] >>> TRAIN @Epoch: 289  >>>  || LOSS Avg: 0.13811
[Coach] >>> VALID @Epoch: 289  >>> 
[Coach] >>> TEST  @Epoch: 289  >>> 
[Wall TIME] >>> ChiefCoach.train takes 1.694940 seconds ...
[Wall TIME] >>> ChiefCoach.valid takes 0.684621 seconds ...
[Coach] >>> TRAIN @Epoch: 290  >>>  || LOSS Avg: 0.13822
[Coach] >>> VALID @Epoch: 290  >>>  || RECALL@1 Avg: 0.0119 || RECALL@10 Avg: 0.0643 || RECALL@20 Avg: 0.0991 || NDCG@10 Avg: 0.0341 || NDCG@20 Avg: 0.0429
[Coach] >>> TEST  @Epoch: 290  >>> 
[Wall TIME] >>> ChiefCoach.train takes 2.186869 seconds ...
[Coach] >>> TRAIN @Epoch: 291  >>>  || LOSS Avg: 0.13821
[Coach] >>> VALID @Epoch: 291  >>> 
[Coach] >>> TEST  @Epoch: 291  >>> 
[Wall TIME] >>> ChiefCoach.train takes 1.679902 seconds ...
[Coach] >>> TRAIN @Epoch: 292  >>>  || LOSS Avg: 0.13828
[Coach] >>> VALID @Epoch: 292  >>> 
[Coach] >>> TEST  @Epoch: 292  >>> 
[Wall TIME] >>> ChiefCoach.train takes 1.687331 seconds ...
[Coach] >>> TRAIN @Epoch: 293  >>>  || LOSS Avg: 0.13800
[Coach] >>> VALID @Epoch: 293  >>> 
[Coach] >>> TEST  @Epoch: 293  >>> 
[Wall TIME] >>> ChiefCoach.train takes 1.682147 seconds ...
[Coach] >>> TRAIN @Epoch: 294  >>>  || LOSS Avg: 0.13821
[Coach] >>> VALID @Epoch: 294  >>> 
[Coach] >>> TEST  @Epoch: 294  >>> 
[Wall TIME] >>> ChiefCoach.train takes 1.675097 seconds ...
[Wall TIME] >>> ChiefCoach.valid takes 0.702478 seconds ...
[Coach] >>> TRAIN @Epoch: 295  >>>  || LOSS Avg: 0.13750
[Coach] >>> VALID @Epoch: 295  >>>  || RECALL@1 Avg: 0.0120 || RECALL@10 Avg: 0.0641 || RECALL@20 Avg: 0.0986 || NDCG@10 Avg: 0.0341 || NDCG@20 Avg: 0.0429
[Coach] >>> TEST  @Epoch: 295  >>> 
[Wall TIME] >>> ChiefCoach.train takes 1.661183 seconds ...
[Coach] >>> TRAIN @Epoch: 296  >>>  || LOSS Avg: 0.13756
[Coach] >>> VALID @Epoch: 296  >>> 
[Coach] >>> TEST  @Epoch: 296  >>> 
[Wall TIME] >>> ChiefCoach.train takes 1.724083 seconds ...
[Coach] >>> TRAIN @Epoch: 297  >>>  || LOSS Avg: 0.13827
[Coach] >>> VALID @Epoch: 297  >>> 
[Coach] >>> TEST  @Epoch: 297  >>> 
[Wall TIME] >>> ChiefCoach.train takes 1.755439 seconds ...
[Coach] >>> TRAIN @Epoch: 298  >>>  || LOSS Avg: 0.13778
[Coach] >>> VALID @Epoch: 298  >>> 
[Coach] >>> TEST  @Epoch: 298  >>> 
[Wall TIME] >>> ChiefCoach.train takes 1.645629 seconds ...
[Coach] >>> TRAIN @Epoch: 299  >>>  || LOSS Avg: 0.13757
[Coach] >>> VALID @Epoch: 299  >>> 
[Coach] >>> TEST  @Epoch: 299  >>> 
[Wall TIME] >>> ChiefCoach.train takes 1.668525 seconds ...
[Wall TIME] >>> ChiefCoach.valid takes 0.677657 seconds ...
[Coach] >>> TRAIN @Epoch: 300  >>>  || LOSS Avg: 0.13782
[Coach] >>> VALID @Epoch: 300  >>>  || RECALL@1 Avg: 0.0122 || RECALL@10 Avg: 0.0638 || RECALL@20 Avg: 0.0990 || NDCG@10 Avg: 0.0341 || NDCG@20 Avg: 0.0430
[Coach] >>> TEST  @Epoch: 300  >>> 
[Wall TIME] >>> ChiefCoach.train takes 1.661096 seconds ...
[Coach] >>> TRAIN @Epoch: 301  >>>  || LOSS Avg: 0.13800
[Coach] >>> VALID @Epoch: 301  >>> 
[Coach] >>> TEST  @Epoch: 301  >>> 
[Wall TIME] >>> ChiefCoach.train takes 1.732469 seconds ...
[Coach] >>> TRAIN @Epoch: 302  >>>  || LOSS Avg: 0.13772
[Coach] >>> VALID @Epoch: 302  >>> 
[Coach] >>> TEST  @Epoch: 302  >>> 
[Wall TIME] >>> ChiefCoach.train takes 1.741245 seconds ...
[Coach] >>> TRAIN @Epoch: 303  >>>  || LOSS Avg: 0.13767
[Coach] >>> VALID @Epoch: 303  >>> 
[Coach] >>> TEST  @Epoch: 303  >>> 
[Wall TIME] >>> ChiefCoach.train takes 1.665264 seconds ...
[Coach] >>> TRAIN @Epoch: 304  >>>  || LOSS Avg: 0.13806
[Coach] >>> VALID @Epoch: 304  >>> 
[Coach] >>> TEST  @Epoch: 304  >>> 
[Wall TIME] >>> ChiefCoach.train takes 1.700084 seconds ...
[Wall TIME] >>> ChiefCoach.valid takes 0.677685 seconds ...
[Coach] >>> TRAIN @Epoch: 305  >>>  || LOSS Avg: 0.13734
[Coach] >>> VALID @Epoch: 305  >>>  || RECALL@1 Avg: 0.0123 || RECALL@10 Avg: 0.0639 || RECALL@20 Avg: 0.0990 || NDCG@10 Avg: 0.0341 || NDCG@20 Avg: 0.0430
[Coach] >>> TEST  @Epoch: 305  >>> 
[Wall TIME] >>> ChiefCoach.train takes 1.704098 seconds ...
[Coach] >>> TRAIN @Epoch: 306  >>>  || LOSS Avg: 0.13799
[Coach] >>> VALID @Epoch: 306  >>> 
[Coach] >>> TEST  @Epoch: 306  >>> 
[Wall TIME] >>> ChiefCoach.train takes 1.672364 seconds ...
[Coach] >>> TRAIN @Epoch: 307  >>>  || LOSS Avg: 0.13753
[Coach] >>> VALID @Epoch: 307  >>> 
[Coach] >>> TEST  @Epoch: 307  >>> 
[Wall TIME] >>> ChiefCoach.train takes 1.697220 seconds ...
[Coach] >>> TRAIN @Epoch: 308  >>>  || LOSS Avg: 0.13782
[Coach] >>> VALID @Epoch: 308  >>> 
[Coach] >>> TEST  @Epoch: 308  >>> 
[Wall TIME] >>> ChiefCoach.train takes 1.665680 seconds ...
[Coach] >>> TRAIN @Epoch: 309  >>>  || LOSS Avg: 0.13748
[Coach] >>> VALID @Epoch: 309  >>> 
[Coach] >>> TEST  @Epoch: 309  >>> 
[Wall TIME] >>> ChiefCoach.train takes 1.676099 seconds ...
[Wall TIME] >>> ChiefCoach.valid takes 0.694829 seconds ...
[Coach] >>> TRAIN @Epoch: 310  >>>  || LOSS Avg: 0.13748
[Coach] >>> VALID @Epoch: 310  >>>  || RECALL@1 Avg: 0.0123 || RECALL@10 Avg: 0.0634 || RECALL@20 Avg: 0.0993 || NDCG@10 Avg: 0.0339 || NDCG@20 Avg: 0.0430
[Coach] >>> TEST  @Epoch: 310  >>> 
[Wall TIME] >>> ChiefCoach.train takes 2.167868 seconds ...
[Coach] >>> TRAIN @Epoch: 311  >>>  || LOSS Avg: 0.13788
[Coach] >>> VALID @Epoch: 311  >>> 
[Coach] >>> TEST  @Epoch: 311  >>> 
[Wall TIME] >>> ChiefCoach.train takes 1.630254 seconds ...
[Coach] >>> TRAIN @Epoch: 312  >>>  || LOSS Avg: 0.13753
[Coach] >>> VALID @Epoch: 312  >>> 
[Coach] >>> TEST  @Epoch: 312  >>> 
[Wall TIME] >>> ChiefCoach.train takes 1.717793 seconds ...
[Coach] >>> TRAIN @Epoch: 313  >>>  || LOSS Avg: 0.13780
[Coach] >>> VALID @Epoch: 313  >>> 
[Coach] >>> TEST  @Epoch: 313  >>> 
[Wall TIME] >>> ChiefCoach.train takes 1.713185 seconds ...
[Coach] >>> TRAIN @Epoch: 314  >>>  || LOSS Avg: 0.13809
[Coach] >>> VALID @Epoch: 314  >>> 
[Coach] >>> TEST  @Epoch: 314  >>> 
[Wall TIME] >>> ChiefCoach.train takes 1.672105 seconds ...
[Wall TIME] >>> ChiefCoach.valid takes 0.677518 seconds ...
[Coach] >>> TRAIN @Epoch: 315  >>>  || LOSS Avg: 0.13761
[Coach] >>> VALID @Epoch: 315  >>>  || RECALL@1 Avg: 0.0120 || RECALL@10 Avg: 0.0637 || RECALL@20 Avg: 0.1000 || NDCG@10 Avg: 0.0339 || NDCG@20 Avg: 0.0430
[Coach] >>> TEST  @Epoch: 315  >>> 
[Wall TIME] >>> ChiefCoach.train takes 1.685059 seconds ...
[Coach] >>> TRAIN @Epoch: 316  >>>  || LOSS Avg: 0.13774
[Coach] >>> VALID @Epoch: 316  >>> 
[Coach] >>> TEST  @Epoch: 316  >>> 
[Wall TIME] >>> ChiefCoach.train takes 1.634701 seconds ...
[Coach] >>> TRAIN @Epoch: 317  >>>  || LOSS Avg: 0.13752
[Coach] >>> VALID @Epoch: 317  >>> 
[Coach] >>> TEST  @Epoch: 317  >>> 
[Wall TIME] >>> ChiefCoach.train takes 1.674545 seconds ...
[Coach] >>> TRAIN @Epoch: 318  >>>  || LOSS Avg: 0.13727
[Coach] >>> VALID @Epoch: 318  >>> 
[Coach] >>> TEST  @Epoch: 318  >>> 
[Wall TIME] >>> ChiefCoach.train takes 1.716512 seconds ...
[Coach] >>> TRAIN @Epoch: 319  >>>  || LOSS Avg: 0.13744
[Coach] >>> VALID @Epoch: 319  >>> 
[Coach] >>> TEST  @Epoch: 319  >>> 
[Wall TIME] >>> ChiefCoach.train takes 1.705053 seconds ...
[Wall TIME] >>> ChiefCoach.valid takes 0.669774 seconds ...
[Coach] >>> TRAIN @Epoch: 320  >>>  || LOSS Avg: 0.13753
[Coach] >>> VALID @Epoch: 320  >>>  || RECALL@1 Avg: 0.0121 || RECALL@10 Avg: 0.0646 || RECALL@20 Avg: 0.0998 || NDCG@10 Avg: 0.0341 || NDCG@20 Avg: 0.0430
[Coach] >>> TEST  @Epoch: 320  >>> 
[Wall TIME] >>> ChiefCoach.train takes 1.656533 seconds ...
[Coach] >>> TRAIN @Epoch: 321  >>>  || LOSS Avg: 0.13742
[Coach] >>> VALID @Epoch: 321  >>> 
[Coach] >>> TEST  @Epoch: 321  >>> 
[Wall TIME] >>> ChiefCoach.train takes 1.710404 seconds ...
[Coach] >>> TRAIN @Epoch: 322  >>>  || LOSS Avg: 0.13790
[Coach] >>> VALID @Epoch: 322  >>> 
[Coach] >>> TEST  @Epoch: 322  >>> 
[Wall TIME] >>> ChiefCoach.train takes 1.683404 seconds ...
[Coach] >>> TRAIN @Epoch: 323  >>>  || LOSS Avg: 0.13725
[Coach] >>> VALID @Epoch: 323  >>> 
[Coach] >>> TEST  @Epoch: 323  >>> 
[Wall TIME] >>> ChiefCoach.train takes 1.719283 seconds ...
[Coach] >>> TRAIN @Epoch: 324  >>>  || LOSS Avg: 0.13740
[Coach] >>> VALID @Epoch: 324  >>> 
[Coach] >>> TEST  @Epoch: 324  >>> 
[Wall TIME] >>> ChiefCoach.train takes 1.681550 seconds ...
[Wall TIME] >>> ChiefCoach.valid takes 0.697662 seconds ...
[Coach] >>> TRAIN @Epoch: 325  >>>  || LOSS Avg: 0.13697
[Coach] >>> VALID @Epoch: 325  >>>  || RECALL@1 Avg: 0.0123 || RECALL@10 Avg: 0.0636 || RECALL@20 Avg: 0.0997 || NDCG@10 Avg: 0.0340 || NDCG@20 Avg: 0.0432
[Coach] >>> TEST  @Epoch: 325  >>> 
[Wall TIME] >>> ChiefCoach.train takes 1.674251 seconds ...
[Coach] >>> TRAIN @Epoch: 326  >>>  || LOSS Avg: 0.13715
[Coach] >>> VALID @Epoch: 326  >>> 
[Coach] >>> TEST  @Epoch: 326  >>> 
[Wall TIME] >>> ChiefCoach.train takes 1.703590 seconds ...
[Coach] >>> TRAIN @Epoch: 327  >>>  || LOSS Avg: 0.13726
[Coach] >>> VALID @Epoch: 327  >>> 
[Coach] >>> TEST  @Epoch: 327  >>> 
[Wall TIME] >>> ChiefCoach.train takes 1.686822 seconds ...
[Coach] >>> TRAIN @Epoch: 328  >>>  || LOSS Avg: 0.13759
[Coach] >>> VALID @Epoch: 328  >>> 
[Coach] >>> TEST  @Epoch: 328  >>> 
[Wall TIME] >>> ChiefCoach.train takes 1.684551 seconds ...
[Coach] >>> TRAIN @Epoch: 329  >>>  || LOSS Avg: 0.13706
[Coach] >>> VALID @Epoch: 329  >>> 
[Coach] >>> TEST  @Epoch: 329  >>> 
[Wall TIME] >>> ChiefCoach.train takes 1.702430 seconds ...
[Wall TIME] >>> ChiefCoach.valid takes 0.662538 seconds ...
[Coach] >>> TRAIN @Epoch: 330  >>>  || LOSS Avg: 0.13729
[Coach] >>> VALID @Epoch: 330  >>>  || RECALL@1 Avg: 0.0122 || RECALL@10 Avg: 0.0641 || RECALL@20 Avg: 0.1000 || NDCG@10 Avg: 0.0340 || NDCG@20 Avg: 0.0431
[Coach] >>> TEST  @Epoch: 330  >>> 
[Wall TIME] >>> ChiefCoach.train takes 1.623876 seconds ...
[Coach] >>> TRAIN @Epoch: 331  >>>  || LOSS Avg: 0.13697
[Coach] >>> VALID @Epoch: 331  >>> 
[Coach] >>> TEST  @Epoch: 331  >>> 
[Wall TIME] >>> ChiefCoach.train takes 2.244032 seconds ...
[Coach] >>> TRAIN @Epoch: 332  >>>  || LOSS Avg: 0.13734
[Coach] >>> VALID @Epoch: 332  >>> 
[Coach] >>> TEST  @Epoch: 332  >>> 
[Wall TIME] >>> ChiefCoach.train takes 1.676913 seconds ...
[Coach] >>> TRAIN @Epoch: 333  >>>  || LOSS Avg: 0.13688
[Coach] >>> VALID @Epoch: 333  >>> 
[Coach] >>> TEST  @Epoch: 333  >>> 
[Wall TIME] >>> ChiefCoach.train takes 1.665706 seconds ...
[Coach] >>> TRAIN @Epoch: 334  >>>  || LOSS Avg: 0.13710
[Coach] >>> VALID @Epoch: 334  >>> 
[Coach] >>> TEST  @Epoch: 334  >>> 
[Wall TIME] >>> ChiefCoach.train takes 1.718063 seconds ...
[Wall TIME] >>> ChiefCoach.valid takes 0.653243 seconds ...
[Coach] >>> TRAIN @Epoch: 335  >>>  || LOSS Avg: 0.13764
[Coach] >>> VALID @Epoch: 335  >>>  || RECALL@1 Avg: 0.0122 || RECALL@10 Avg: 0.0637 || RECALL@20 Avg: 0.0998 || NDCG@10 Avg: 0.0340 || NDCG@20 Avg: 0.0432
[Coach] >>> TEST  @Epoch: 335  >>> 
[Wall TIME] >>> ChiefCoach.train takes 1.656672 seconds ...
[Coach] >>> TRAIN @Epoch: 336  >>>  || LOSS Avg: 0.13711
[Coach] >>> VALID @Epoch: 336  >>> 
[Coach] >>> TEST  @Epoch: 336  >>> 
[Wall TIME] >>> ChiefCoach.train takes 1.702643 seconds ...
[Coach] >>> TRAIN @Epoch: 337  >>>  || LOSS Avg: 0.13667
[Coach] >>> VALID @Epoch: 337  >>> 
[Coach] >>> TEST  @Epoch: 337  >>> 
[Wall TIME] >>> ChiefCoach.train takes 1.710688 seconds ...
[Coach] >>> TRAIN @Epoch: 338  >>>  || LOSS Avg: 0.13720
[Coach] >>> VALID @Epoch: 338  >>> 
[Coach] >>> TEST  @Epoch: 338  >>> 
[Wall TIME] >>> ChiefCoach.train takes 1.642288 seconds ...
[Coach] >>> TRAIN @Epoch: 339  >>>  || LOSS Avg: 0.13664
[Coach] >>> VALID @Epoch: 339  >>> 
[Coach] >>> TEST  @Epoch: 339  >>> 
[Wall TIME] >>> ChiefCoach.train takes 1.723087 seconds ...
[Wall TIME] >>> ChiefCoach.valid takes 0.706746 seconds ...
[Coach] >>> TRAIN @Epoch: 340  >>>  || LOSS Avg: 0.13647
[Coach] >>> VALID @Epoch: 340  >>>  || RECALL@1 Avg: 0.0121 || RECALL@10 Avg: 0.0640 || RECALL@20 Avg: 0.0995 || NDCG@10 Avg: 0.0340 || NDCG@20 Avg: 0.0431
[Coach] >>> TEST  @Epoch: 340  >>> 
[Wall TIME] >>> ChiefCoach.train takes 1.695210 seconds ...
[Coach] >>> TRAIN @Epoch: 341  >>>  || LOSS Avg: 0.13632
[Coach] >>> VALID @Epoch: 341  >>> 
[Coach] >>> TEST  @Epoch: 341  >>> 
[Wall TIME] >>> ChiefCoach.train takes 1.697570 seconds ...
[Coach] >>> TRAIN @Epoch: 342  >>>  || LOSS Avg: 0.13672
[Coach] >>> VALID @Epoch: 342  >>> 
[Coach] >>> TEST  @Epoch: 342  >>> 
[Wall TIME] >>> ChiefCoach.train takes 1.716952 seconds ...
[Coach] >>> TRAIN @Epoch: 343  >>>  || LOSS Avg: 0.13729
[Coach] >>> VALID @Epoch: 343  >>> 
[Coach] >>> TEST  @Epoch: 343  >>> 
[Wall TIME] >>> ChiefCoach.train takes 1.661083 seconds ...
[Coach] >>> TRAIN @Epoch: 344  >>>  || LOSS Avg: 0.13654
[Coach] >>> VALID @Epoch: 344  >>> 
[Coach] >>> TEST  @Epoch: 344  >>> 
[Wall TIME] >>> ChiefCoach.train takes 1.743776 seconds ...
[Wall TIME] >>> ChiefCoach.valid takes 0.685316 seconds ...
[Coach] >>> TRAIN @Epoch: 345  >>>  || LOSS Avg: 0.13635
[Coach] >>> VALID @Epoch: 345  >>>  || RECALL@1 Avg: 0.0123 || RECALL@10 Avg: 0.0642 || RECALL@20 Avg: 0.0990 || NDCG@10 Avg: 0.0342 || NDCG@20 Avg: 0.0431
[Coach] >>> TEST  @Epoch: 345  >>> 
[Wall TIME] >>> ChiefCoach.train takes 1.689997 seconds ...
[Coach] >>> TRAIN @Epoch: 346  >>>  || LOSS Avg: 0.13622
[Coach] >>> VALID @Epoch: 346  >>> 
[Coach] >>> TEST  @Epoch: 346  >>> 
[Wall TIME] >>> ChiefCoach.train takes 1.696466 seconds ...
[Coach] >>> TRAIN @Epoch: 347  >>>  || LOSS Avg: 0.13637
[Coach] >>> VALID @Epoch: 347  >>> 
[Coach] >>> TEST  @Epoch: 347  >>> 
[Wall TIME] >>> ChiefCoach.train takes 1.677558 seconds ...
[Coach] >>> TRAIN @Epoch: 348  >>>  || LOSS Avg: 0.13701
[Coach] >>> VALID @Epoch: 348  >>> 
[Coach] >>> TEST  @Epoch: 348  >>> 
[Wall TIME] >>> ChiefCoach.train takes 1.678086 seconds ...
[Coach] >>> TRAIN @Epoch: 349  >>>  || LOSS Avg: 0.13677
[Coach] >>> VALID @Epoch: 349  >>> 
[Coach] >>> TEST  @Epoch: 349  >>> 
[Wall TIME] >>> ChiefCoach.train takes 1.699176 seconds ...
[Wall TIME] >>> ChiefCoach.valid takes 0.678032 seconds ...
[Coach] >>> TRAIN @Epoch: 350  >>>  || LOSS Avg: 0.13668
[Coach] >>> VALID @Epoch: 350  >>>  || RECALL@1 Avg: 0.0122 || RECALL@10 Avg: 0.0632 || RECALL@20 Avg: 0.0996 || NDCG@10 Avg: 0.0339 || NDCG@20 Avg: 0.0432
[Coach] >>> TEST  @Epoch: 350  >>> 
[Wall TIME] >>> ChiefCoach.train takes 1.686153 seconds ...
[Coach] >>> TRAIN @Epoch: 351  >>>  || LOSS Avg: 0.13636
[Coach] >>> VALID @Epoch: 351  >>> 
[Coach] >>> TEST  @Epoch: 351  >>> 
[Wall TIME] >>> ChiefCoach.train takes 2.225710 seconds ...
[Coach] >>> TRAIN @Epoch: 352  >>>  || LOSS Avg: 0.13676
[Coach] >>> VALID @Epoch: 352  >>> 
[Coach] >>> TEST  @Epoch: 352  >>> 
[Wall TIME] >>> ChiefCoach.train takes 1.663486 seconds ...
[Coach] >>> TRAIN @Epoch: 353  >>>  || LOSS Avg: 0.13706
[Coach] >>> VALID @Epoch: 353  >>> 
[Coach] >>> TEST  @Epoch: 353  >>> 
[Wall TIME] >>> ChiefCoach.train takes 1.710765 seconds ...
[Coach] >>> TRAIN @Epoch: 354  >>>  || LOSS Avg: 0.13636
[Coach] >>> VALID @Epoch: 354  >>> 
[Coach] >>> TEST  @Epoch: 354  >>> 
[Wall TIME] >>> ChiefCoach.train takes 1.650323 seconds ...
[Wall TIME] >>> ChiefCoach.valid takes 0.690746 seconds ...
[Coach] >>> TRAIN @Epoch: 355  >>>  || LOSS Avg: 0.13597
[Coach] >>> VALID @Epoch: 355  >>>  || RECALL@1 Avg: 0.0125 || RECALL@10 Avg: 0.0636 || RECALL@20 Avg: 0.0995 || NDCG@10 Avg: 0.0340 || NDCG@20 Avg: 0.0432
[Coach] >>> TEST  @Epoch: 355  >>> 
[Wall TIME] >>> ChiefCoach.train takes 1.689315 seconds ...
[Coach] >>> TRAIN @Epoch: 356  >>>  || LOSS Avg: 0.13676
[Coach] >>> VALID @Epoch: 356  >>> 
[Coach] >>> TEST  @Epoch: 356  >>> 
[Wall TIME] >>> ChiefCoach.train takes 1.702718 seconds ...
[Coach] >>> TRAIN @Epoch: 357  >>>  || LOSS Avg: 0.13612
[Coach] >>> VALID @Epoch: 357  >>> 
[Coach] >>> TEST  @Epoch: 357  >>> 
[Wall TIME] >>> ChiefCoach.train takes 1.666816 seconds ...
[Coach] >>> TRAIN @Epoch: 358  >>>  || LOSS Avg: 0.13668
[Coach] >>> VALID @Epoch: 358  >>> 
[Coach] >>> TEST  @Epoch: 358  >>> 
[Wall TIME] >>> ChiefCoach.train takes 1.679647 seconds ...
[Coach] >>> TRAIN @Epoch: 359  >>>  || LOSS Avg: 0.13700
[Coach] >>> VALID @Epoch: 359  >>> 
[Coach] >>> TEST  @Epoch: 359  >>> 
[Wall TIME] >>> ChiefCoach.train takes 1.652360 seconds ...
[Wall TIME] >>> ChiefCoach.valid takes 0.667451 seconds ...
[Coach] >>> TRAIN @Epoch: 360  >>>  || LOSS Avg: 0.13609
[Coach] >>> VALID @Epoch: 360  >>>  || RECALL@1 Avg: 0.0124 || RECALL@10 Avg: 0.0640 || RECALL@20 Avg: 0.0995 || NDCG@10 Avg: 0.0342 || NDCG@20 Avg: 0.0432
[Coach] >>> TEST  @Epoch: 360  >>> 
[Wall TIME] >>> ChiefCoach.train takes 1.756538 seconds ...
[Coach] >>> TRAIN @Epoch: 361  >>>  || LOSS Avg: 0.13614
[Coach] >>> VALID @Epoch: 361  >>> 
[Coach] >>> TEST  @Epoch: 361  >>> 
[Wall TIME] >>> ChiefCoach.train takes 1.650309 seconds ...
[Coach] >>> TRAIN @Epoch: 362  >>>  || LOSS Avg: 0.13665
[Coach] >>> VALID @Epoch: 362  >>> 
[Coach] >>> TEST  @Epoch: 362  >>> 
[Wall TIME] >>> ChiefCoach.train takes 1.687802 seconds ...
[Coach] >>> TRAIN @Epoch: 363  >>>  || LOSS Avg: 0.13618
[Coach] >>> VALID @Epoch: 363  >>> 
[Coach] >>> TEST  @Epoch: 363  >>> 
[Wall TIME] >>> ChiefCoach.train takes 1.708066 seconds ...
[Coach] >>> TRAIN @Epoch: 364  >>>  || LOSS Avg: 0.13655
[Coach] >>> VALID @Epoch: 364  >>> 
[Coach] >>> TEST  @Epoch: 364  >>> 
[Wall TIME] >>> ChiefCoach.train takes 1.681896 seconds ...
[Wall TIME] >>> ChiefCoach.valid takes 0.670717 seconds ...
[Coach] >>> TRAIN @Epoch: 365  >>>  || LOSS Avg: 0.13671
[Coach] >>> VALID @Epoch: 365  >>>  || RECALL@1 Avg: 0.0122 || RECALL@10 Avg: 0.0636 || RECALL@20 Avg: 0.1001 || NDCG@10 Avg: 0.0339 || NDCG@20 Avg: 0.0432
[Coach] >>> TEST  @Epoch: 365  >>> 
[Wall TIME] >>> ChiefCoach.train takes 1.717361 seconds ...
[Coach] >>> TRAIN @Epoch: 366  >>>  || LOSS Avg: 0.13597
[Coach] >>> VALID @Epoch: 366  >>> 
[Coach] >>> TEST  @Epoch: 366  >>> 
[Wall TIME] >>> ChiefCoach.train takes 1.668110 seconds ...
[Coach] >>> TRAIN @Epoch: 367  >>>  || LOSS Avg: 0.13641
[Coach] >>> VALID @Epoch: 367  >>> 
[Coach] >>> TEST  @Epoch: 367  >>> 
[Wall TIME] >>> ChiefCoach.train takes 1.676021 seconds ...
[Coach] >>> TRAIN @Epoch: 368  >>>  || LOSS Avg: 0.13627
[Coach] >>> VALID @Epoch: 368  >>> 
[Coach] >>> TEST  @Epoch: 368  >>> 
[Wall TIME] >>> ChiefCoach.train takes 1.653477 seconds ...
[Coach] >>> TRAIN @Epoch: 369  >>>  || LOSS Avg: 0.13628
[Coach] >>> VALID @Epoch: 369  >>> 
[Coach] >>> TEST  @Epoch: 369  >>> 
[Wall TIME] >>> ChiefCoach.train takes 1.700305 seconds ...
[Wall TIME] >>> ChiefCoach.valid takes 0.712737 seconds ...
[Coach] >>> TRAIN @Epoch: 370  >>>  || LOSS Avg: 0.13533
[Coach] >>> VALID @Epoch: 370  >>>  || RECALL@1 Avg: 0.0122 || RECALL@10 Avg: 0.0630 || RECALL@20 Avg: 0.0984 || NDCG@10 Avg: 0.0339 || NDCG@20 Avg: 0.0429
[Coach] >>> TEST  @Epoch: 370  >>> 
[Wall TIME] >>> ChiefCoach.train takes 1.698552 seconds ...
[Coach] >>> TRAIN @Epoch: 371  >>>  || LOSS Avg: 0.13630
[Coach] >>> VALID @Epoch: 371  >>> 
[Coach] >>> TEST  @Epoch: 371  >>> 
[Wall TIME] >>> ChiefCoach.train takes 1.688295 seconds ...
[Coach] >>> TRAIN @Epoch: 372  >>>  || LOSS Avg: 0.13603
[Coach] >>> VALID @Epoch: 372  >>> 
[Coach] >>> TEST  @Epoch: 372  >>> 
[Wall TIME] >>> ChiefCoach.train takes 2.255637 seconds ...
[Coach] >>> TRAIN @Epoch: 373  >>>  || LOSS Avg: 0.13727
[Coach] >>> VALID @Epoch: 373  >>> 
[Coach] >>> TEST  @Epoch: 373  >>> 
[Wall TIME] >>> ChiefCoach.train takes 1.686474 seconds ...
[Coach] >>> TRAIN @Epoch: 374  >>>  || LOSS Avg: 0.13626
[Coach] >>> VALID @Epoch: 374  >>> 
[Coach] >>> TEST  @Epoch: 374  >>> 
[Wall TIME] >>> ChiefCoach.train takes 1.663276 seconds ...
[Wall TIME] >>> ChiefCoach.valid takes 0.678462 seconds ...
[Coach] >>> TRAIN @Epoch: 375  >>>  || LOSS Avg: 0.13610
[Coach] >>> VALID @Epoch: 375  >>>  || RECALL@1 Avg: 0.0122 || RECALL@10 Avg: 0.0630 || RECALL@20 Avg: 0.0991 || NDCG@10 Avg: 0.0339 || NDCG@20 Avg: 0.0430
[Coach] >>> TEST  @Epoch: 375  >>> 
[Wall TIME] >>> ChiefCoach.train takes 1.647647 seconds ...
[Coach] >>> TRAIN @Epoch: 376  >>>  || LOSS Avg: 0.13633
[Coach] >>> VALID @Epoch: 376  >>> 
[Coach] >>> TEST  @Epoch: 376  >>> 
[Wall TIME] >>> ChiefCoach.train takes 1.745873 seconds ...
[Coach] >>> TRAIN @Epoch: 377  >>>  || LOSS Avg: 0.13575
[Coach] >>> VALID @Epoch: 377  >>> 
[Coach] >>> TEST  @Epoch: 377  >>> 
[Wall TIME] >>> ChiefCoach.train takes 1.700502 seconds ...
[Coach] >>> TRAIN @Epoch: 378  >>>  || LOSS Avg: 0.13628
[Coach] >>> VALID @Epoch: 378  >>> 
[Coach] >>> TEST  @Epoch: 378  >>> 
[Wall TIME] >>> ChiefCoach.train takes 1.690480 seconds ...
[Coach] >>> TRAIN @Epoch: 379  >>>  || LOSS Avg: 0.13642
[Coach] >>> VALID @Epoch: 379  >>> 
[Coach] >>> TEST  @Epoch: 379  >>> 
[Wall TIME] >>> ChiefCoach.train takes 1.710348 seconds ...
[Wall TIME] >>> ChiefCoach.valid takes 0.672110 seconds ...
[Coach] >>> TRAIN @Epoch: 380  >>>  || LOSS Avg: 0.13598
[Coach] >>> VALID @Epoch: 380  >>>  || RECALL@1 Avg: 0.0126 || RECALL@10 Avg: 0.0640 || RECALL@20 Avg: 0.0988 || NDCG@10 Avg: 0.0343 || NDCG@20 Avg: 0.0432
[Coach] >>> TEST  @Epoch: 380  >>> 
[Wall TIME] >>> ChiefCoach.train takes 1.711561 seconds ...
[Coach] >>> TRAIN @Epoch: 381  >>>  || LOSS Avg: 0.13620
[Coach] >>> VALID @Epoch: 381  >>> 
[Coach] >>> TEST  @Epoch: 381  >>> 
[Wall TIME] >>> ChiefCoach.train takes 1.780403 seconds ...
[Coach] >>> TRAIN @Epoch: 382  >>>  || LOSS Avg: 0.13570
[Coach] >>> VALID @Epoch: 382  >>> 
[Coach] >>> TEST  @Epoch: 382  >>> 
[Wall TIME] >>> ChiefCoach.train takes 1.700165 seconds ...
[Coach] >>> TRAIN @Epoch: 383  >>>  || LOSS Avg: 0.13579
[Coach] >>> VALID @Epoch: 383  >>> 
[Coach] >>> TEST  @Epoch: 383  >>> 
[Wall TIME] >>> ChiefCoach.train takes 1.702722 seconds ...
[Coach] >>> TRAIN @Epoch: 384  >>>  || LOSS Avg: 0.13600
[Coach] >>> VALID @Epoch: 384  >>> 
[Coach] >>> TEST  @Epoch: 384  >>> 
[Wall TIME] >>> ChiefCoach.train takes 1.688923 seconds ...
[Wall TIME] >>> ChiefCoach.valid takes 0.691045 seconds ...
[Coach] >>> TRAIN @Epoch: 385  >>>  || LOSS Avg: 0.13627
[Coach] >>> VALID @Epoch: 385  >>>  || RECALL@1 Avg: 0.0128 || RECALL@10 Avg: 0.0634 || RECALL@20 Avg: 0.0981 || NDCG@10 Avg: 0.0342 || NDCG@20 Avg: 0.0430
[Coach] >>> TEST  @Epoch: 385  >>> 
[Wall TIME] >>> ChiefCoach.train takes 1.687585 seconds ...
[Coach] >>> TRAIN @Epoch: 386  >>>  || LOSS Avg: 0.13636
[Coach] >>> VALID @Epoch: 386  >>> 
[Coach] >>> TEST  @Epoch: 386  >>> 
[Wall TIME] >>> ChiefCoach.train takes 1.687910 seconds ...
[Coach] >>> TRAIN @Epoch: 387  >>>  || LOSS Avg: 0.13558
[Coach] >>> VALID @Epoch: 387  >>> 
[Coach] >>> TEST  @Epoch: 387  >>> 
[Wall TIME] >>> ChiefCoach.train takes 1.716171 seconds ...
[Coach] >>> TRAIN @Epoch: 388  >>>  || LOSS Avg: 0.13519
[Coach] >>> VALID @Epoch: 388  >>> 
[Coach] >>> TEST  @Epoch: 388  >>> 
[Wall TIME] >>> ChiefCoach.train takes 1.664558 seconds ...
[Coach] >>> TRAIN @Epoch: 389  >>>  || LOSS Avg: 0.13601
[Coach] >>> VALID @Epoch: 389  >>> 
[Coach] >>> TEST  @Epoch: 389  >>> 
[Wall TIME] >>> ChiefCoach.train takes 1.675116 seconds ...
[Wall TIME] >>> ChiefCoach.valid takes 0.676399 seconds ...
[Coach] >>> TRAIN @Epoch: 390  >>>  || LOSS Avg: 0.13599
[Coach] >>> VALID @Epoch: 390  >>>  || RECALL@1 Avg: 0.0126 || RECALL@10 Avg: 0.0633 || RECALL@20 Avg: 0.0987 || NDCG@10 Avg: 0.0342 || NDCG@20 Avg: 0.0432
[Coach] >>> TEST  @Epoch: 390  >>> 
[Wall TIME] >>> ChiefCoach.train takes 1.665161 seconds ...
[Coach] >>> TRAIN @Epoch: 391  >>>  || LOSS Avg: 0.13552
[Coach] >>> VALID @Epoch: 391  >>> 
[Coach] >>> TEST  @Epoch: 391  >>> 
[Wall TIME] >>> ChiefCoach.train takes 1.663331 seconds ...
[Coach] >>> TRAIN @Epoch: 392  >>>  || LOSS Avg: 0.13574
[Coach] >>> VALID @Epoch: 392  >>> 
[Coach] >>> TEST  @Epoch: 392  >>> 
[Wall TIME] >>> ChiefCoach.train takes 2.295037 seconds ...
[Coach] >>> TRAIN @Epoch: 393  >>>  || LOSS Avg: 0.13564
[Coach] >>> VALID @Epoch: 393  >>> 
[Coach] >>> TEST  @Epoch: 393  >>> 
[Wall TIME] >>> ChiefCoach.train takes 1.672316 seconds ...
[Coach] >>> TRAIN @Epoch: 394  >>>  || LOSS Avg: 0.13587
[Coach] >>> VALID @Epoch: 394  >>> 
[Coach] >>> TEST  @Epoch: 394  >>> 
[Wall TIME] >>> ChiefCoach.train takes 1.712455 seconds ...
[Wall TIME] >>> ChiefCoach.valid takes 0.661798 seconds ...
[Coach] >>> TRAIN @Epoch: 395  >>>  || LOSS Avg: 0.13482
[Coach] >>> VALID @Epoch: 395  >>>  || RECALL@1 Avg: 0.0127 || RECALL@10 Avg: 0.0630 || RECALL@20 Avg: 0.0992 || NDCG@10 Avg: 0.0340 || NDCG@20 Avg: 0.0432
[Coach] >>> TEST  @Epoch: 395  >>> 
[Wall TIME] >>> ChiefCoach.train takes 1.699098 seconds ...
[Coach] >>> TRAIN @Epoch: 396  >>>  || LOSS Avg: 0.13534
[Coach] >>> VALID @Epoch: 396  >>> 
[Coach] >>> TEST  @Epoch: 396  >>> 
[Wall TIME] >>> ChiefCoach.train takes 1.659375 seconds ...
[Coach] >>> TRAIN @Epoch: 397  >>>  || LOSS Avg: 0.13530
[Coach] >>> VALID @Epoch: 397  >>> 
[Coach] >>> TEST  @Epoch: 397  >>> 
[Wall TIME] >>> ChiefCoach.train takes 1.765382 seconds ...
[Coach] >>> TRAIN @Epoch: 398  >>>  || LOSS Avg: 0.13544
[Coach] >>> VALID @Epoch: 398  >>> 
[Coach] >>> TEST  @Epoch: 398  >>> 
[Wall TIME] >>> ChiefCoach.train takes 1.696063 seconds ...
[Coach] >>> TRAIN @Epoch: 399  >>>  || LOSS Avg: 0.13555
[Coach] >>> VALID @Epoch: 399  >>> 
[Coach] >>> TEST  @Epoch: 399  >>> 
[Wall TIME] >>> ChiefCoach.train takes 1.690211 seconds ...
[Wall TIME] >>> ChiefCoach.valid takes 0.670744 seconds ...
[Coach] >>> TRAIN @Epoch: 400  >>>  || LOSS Avg: 0.13528
[Coach] >>> VALID @Epoch: 400  >>>  || RECALL@1 Avg: 0.0126 || RECALL@10 Avg: 0.0637 || RECALL@20 Avg: 0.0984 || NDCG@10 Avg: 0.0342 || NDCG@20 Avg: 0.0430
[Coach] >>> TEST  @Epoch: 400  >>> 
[Wall TIME] >>> ChiefCoach.train takes 1.721449 seconds ...
[Coach] >>> TRAIN @Epoch: 401  >>>  || LOSS Avg: 0.13564
[Coach] >>> VALID @Epoch: 401  >>> 
[Coach] >>> TEST  @Epoch: 401  >>> 
[Wall TIME] >>> ChiefCoach.train takes 1.688555 seconds ...
[Coach] >>> TRAIN @Epoch: 402  >>>  || LOSS Avg: 0.13530
[Coach] >>> VALID @Epoch: 402  >>> 
[Coach] >>> TEST  @Epoch: 402  >>> 
[Wall TIME] >>> ChiefCoach.train takes 1.725525 seconds ...
[Coach] >>> TRAIN @Epoch: 403  >>>  || LOSS Avg: 0.13578
[Coach] >>> VALID @Epoch: 403  >>> 
[Coach] >>> TEST  @Epoch: 403  >>> 
[Wall TIME] >>> ChiefCoach.train takes 1.706178 seconds ...
[Coach] >>> TRAIN @Epoch: 404  >>>  || LOSS Avg: 0.13522
[Coach] >>> VALID @Epoch: 404  >>> 
[Coach] >>> TEST  @Epoch: 404  >>> 
[Wall TIME] >>> ChiefCoach.train takes 1.680196 seconds ...
[Wall TIME] >>> ChiefCoach.valid takes 0.661258 seconds ...
[Coach] >>> TRAIN @Epoch: 405  >>>  || LOSS Avg: 0.13603
[Coach] >>> VALID @Epoch: 405  >>>  || RECALL@1 Avg: 0.0127 || RECALL@10 Avg: 0.0631 || RECALL@20 Avg: 0.0979 || NDCG@10 Avg: 0.0341 || NDCG@20 Avg: 0.0429
[Coach] >>> TEST  @Epoch: 405  >>> 
[Wall TIME] >>> ChiefCoach.train takes 1.707919 seconds ...
[Coach] >>> TRAIN @Epoch: 406  >>>  || LOSS Avg: 0.13508
[Coach] >>> VALID @Epoch: 406  >>> 
[Coach] >>> TEST  @Epoch: 406  >>> 
[Wall TIME] >>> ChiefCoach.train takes 1.677086 seconds ...
[Coach] >>> TRAIN @Epoch: 407  >>>  || LOSS Avg: 0.13586
[Coach] >>> VALID @Epoch: 407  >>> 
[Coach] >>> TEST  @Epoch: 407  >>> 
[Wall TIME] >>> ChiefCoach.train takes 1.694465 seconds ...
[Coach] >>> TRAIN @Epoch: 408  >>>  || LOSS Avg: 0.13535
[Coach] >>> VALID @Epoch: 408  >>> 
[Coach] >>> TEST  @Epoch: 408  >>> 
[Wall TIME] >>> ChiefCoach.train takes 1.773775 seconds ...
[Coach] >>> TRAIN @Epoch: 409  >>>  || LOSS Avg: 0.13505
[Coach] >>> VALID @Epoch: 409  >>> 
[Coach] >>> TEST  @Epoch: 409  >>> 
[Wall TIME] >>> ChiefCoach.train takes 1.654581 seconds ...
[Wall TIME] >>> ChiefCoach.valid takes 0.686328 seconds ...
[Coach] >>> TRAIN @Epoch: 410  >>>  || LOSS Avg: 0.13498
[Coach] >>> VALID @Epoch: 410  >>>  || RECALL@1 Avg: 0.0127 || RECALL@10 Avg: 0.0634 || RECALL@20 Avg: 0.0984 || NDCG@10 Avg: 0.0341 || NDCG@20 Avg: 0.0430
[Coach] >>> TEST  @Epoch: 410  >>> 
[Wall TIME] >>> ChiefCoach.train takes 1.680808 seconds ...
[Coach] >>> TRAIN @Epoch: 411  >>>  || LOSS Avg: 0.13559
[Coach] >>> VALID @Epoch: 411  >>> 
[Coach] >>> TEST  @Epoch: 411  >>> 
[Wall TIME] >>> ChiefCoach.train takes 1.692749 seconds ...
[Coach] >>> TRAIN @Epoch: 412  >>>  || LOSS Avg: 0.13572
[Coach] >>> VALID @Epoch: 412  >>> 
[Coach] >>> TEST  @Epoch: 412  >>> 
[Wall TIME] >>> ChiefCoach.train takes 2.210707 seconds ...
[Coach] >>> TRAIN @Epoch: 413  >>>  || LOSS Avg: 0.13539
[Coach] >>> VALID @Epoch: 413  >>> 
[Coach] >>> TEST  @Epoch: 413  >>> 
[Wall TIME] >>> ChiefCoach.train takes 1.714005 seconds ...
[Coach] >>> TRAIN @Epoch: 414  >>>  || LOSS Avg: 0.13511
[Coach] >>> VALID @Epoch: 414  >>> 
[Coach] >>> TEST  @Epoch: 414  >>> 
[Wall TIME] >>> ChiefCoach.train takes 1.709553 seconds ...
[Wall TIME] >>> ChiefCoach.valid takes 0.696461 seconds ...
[Coach] >>> TRAIN @Epoch: 415  >>>  || LOSS Avg: 0.13520
[Coach] >>> VALID @Epoch: 415  >>>  || RECALL@1 Avg: 0.0124 || RECALL@10 Avg: 0.0630 || RECALL@20 Avg: 0.0975 || NDCG@10 Avg: 0.0338 || NDCG@20 Avg: 0.0426
[Coach] >>> TEST  @Epoch: 415  >>> 
[Wall TIME] >>> ChiefCoach.train takes 1.650538 seconds ...
[Coach] >>> TRAIN @Epoch: 416  >>>  || LOSS Avg: 0.13567
[Coach] >>> VALID @Epoch: 416  >>> 
[Coach] >>> TEST  @Epoch: 416  >>> 
[Wall TIME] >>> ChiefCoach.train takes 1.659984 seconds ...
[Coach] >>> TRAIN @Epoch: 417  >>>  || LOSS Avg: 0.13534
[Coach] >>> VALID @Epoch: 417  >>> 
[Coach] >>> TEST  @Epoch: 417  >>> 
[Wall TIME] >>> ChiefCoach.train takes 1.705395 seconds ...
[Coach] >>> TRAIN @Epoch: 418  >>>  || LOSS Avg: 0.13519
[Coach] >>> VALID @Epoch: 418  >>> 
[Coach] >>> TEST  @Epoch: 418  >>> 
[Wall TIME] >>> ChiefCoach.train takes 1.758885 seconds ...
[Coach] >>> TRAIN @Epoch: 419  >>>  || LOSS Avg: 0.13517
[Coach] >>> VALID @Epoch: 419  >>> 
[Coach] >>> TEST  @Epoch: 419  >>> 
[Wall TIME] >>> ChiefCoach.train takes 1.657062 seconds ...
[Wall TIME] >>> ChiefCoach.valid takes 0.682660 seconds ...
[Coach] >>> TRAIN @Epoch: 420  >>>  || LOSS Avg: 0.13550
[Coach] >>> VALID @Epoch: 420  >>>  || RECALL@1 Avg: 0.0126 || RECALL@10 Avg: 0.0634 || RECALL@20 Avg: 0.0985 || NDCG@10 Avg: 0.0341 || NDCG@20 Avg: 0.0430
[Coach] >>> TEST  @Epoch: 420  >>> 
[Wall TIME] >>> ChiefCoach.train takes 1.703825 seconds ...
[Coach] >>> TRAIN @Epoch: 421  >>>  || LOSS Avg: 0.13527
[Coach] >>> VALID @Epoch: 421  >>> 
[Coach] >>> TEST  @Epoch: 421  >>> 
[Wall TIME] >>> ChiefCoach.train takes 1.710225 seconds ...
[Coach] >>> TRAIN @Epoch: 422  >>>  || LOSS Avg: 0.13520
[Coach] >>> VALID @Epoch: 422  >>> 
[Coach] >>> TEST  @Epoch: 422  >>> 
[Wall TIME] >>> ChiefCoach.train takes 1.710558 seconds ...
[Coach] >>> TRAIN @Epoch: 423  >>>  || LOSS Avg: 0.13534
[Coach] >>> VALID @Epoch: 423  >>> 
[Coach] >>> TEST  @Epoch: 423  >>> 
[Wall TIME] >>> ChiefCoach.train takes 1.694315 seconds ...
[Coach] >>> TRAIN @Epoch: 424  >>>  || LOSS Avg: 0.13523
[Coach] >>> VALID @Epoch: 424  >>> 
[Coach] >>> TEST  @Epoch: 424  >>> 
[Wall TIME] >>> ChiefCoach.train takes 1.717419 seconds ...
[Wall TIME] >>> ChiefCoach.valid takes 0.714091 seconds ...
[Coach] >>> TRAIN @Epoch: 425  >>>  || LOSS Avg: 0.13437
[Coach] >>> VALID @Epoch: 425  >>>  || RECALL@1 Avg: 0.0122 || RECALL@10 Avg: 0.0632 || RECALL@20 Avg: 0.0988 || NDCG@10 Avg: 0.0339 || NDCG@20 Avg: 0.0429
[Coach] >>> TEST  @Epoch: 425  >>> 
[Wall TIME] >>> ChiefCoach.train takes 1.716974 seconds ...
[Coach] >>> TRAIN @Epoch: 426  >>>  || LOSS Avg: 0.13478
[Coach] >>> VALID @Epoch: 426  >>> 
[Coach] >>> TEST  @Epoch: 426  >>> 
[Wall TIME] >>> ChiefCoach.train takes 1.668244 seconds ...
[Coach] >>> TRAIN @Epoch: 427  >>>  || LOSS Avg: 0.13525
[Coach] >>> VALID @Epoch: 427  >>> 
[Coach] >>> TEST  @Epoch: 427  >>> 
[Wall TIME] >>> ChiefCoach.train takes 1.746964 seconds ...
[Coach] >>> TRAIN @Epoch: 428  >>>  || LOSS Avg: 0.13514
[Coach] >>> VALID @Epoch: 428  >>> 
[Coach] >>> TEST  @Epoch: 428  >>> 
[Wall TIME] >>> ChiefCoach.train takes 1.731178 seconds ...
[Coach] >>> TRAIN @Epoch: 429  >>>  || LOSS Avg: 0.13534
[Coach] >>> VALID @Epoch: 429  >>> 
[Coach] >>> TEST  @Epoch: 429  >>> 
[Wall TIME] >>> ChiefCoach.train takes 1.716596 seconds ...
[Wall TIME] >>> ChiefCoach.valid takes 0.688143 seconds ...
[Coach] >>> TRAIN @Epoch: 430  >>>  || LOSS Avg: 0.13505
[Coach] >>> VALID @Epoch: 430  >>>  || RECALL@1 Avg: 0.0123 || RECALL@10 Avg: 0.0633 || RECALL@20 Avg: 0.0990 || NDCG@10 Avg: 0.0341 || NDCG@20 Avg: 0.0431
[Coach] >>> TEST  @Epoch: 430  >>> 
[Wall TIME] >>> ChiefCoach.train takes 1.717102 seconds ...
[Coach] >>> TRAIN @Epoch: 431  >>>  || LOSS Avg: 0.13559
[Coach] >>> VALID @Epoch: 431  >>> 
[Coach] >>> TEST  @Epoch: 431  >>> 
[Wall TIME] >>> ChiefCoach.train takes 1.710555 seconds ...
[Coach] >>> TRAIN @Epoch: 432  >>>  || LOSS Avg: 0.13513
[Coach] >>> VALID @Epoch: 432  >>> 
[Coach] >>> TEST  @Epoch: 432  >>> 
[Wall TIME] >>> ChiefCoach.train takes 2.259591 seconds ...
[Coach] >>> TRAIN @Epoch: 433  >>>  || LOSS Avg: 0.13494
[Coach] >>> VALID @Epoch: 433  >>> 
[Coach] >>> TEST  @Epoch: 433  >>> 
[Wall TIME] >>> ChiefCoach.train takes 1.769343 seconds ...
[Coach] >>> TRAIN @Epoch: 434  >>>  || LOSS Avg: 0.13483
[Coach] >>> VALID @Epoch: 434  >>> 
[Coach] >>> TEST  @Epoch: 434  >>> 
[Wall TIME] >>> ChiefCoach.train takes 1.719041 seconds ...
[Wall TIME] >>> ChiefCoach.valid takes 0.659901 seconds ...
[Coach] >>> TRAIN @Epoch: 435  >>>  || LOSS Avg: 0.13510
[Coach] >>> VALID @Epoch: 435  >>>  || RECALL@1 Avg: 0.0123 || RECALL@10 Avg: 0.0633 || RECALL@20 Avg: 0.0986 || NDCG@10 Avg: 0.0340 || NDCG@20 Avg: 0.0429
[Coach] >>> TEST  @Epoch: 435  >>> 
[Wall TIME] >>> ChiefCoach.train takes 1.743089 seconds ...
[Coach] >>> TRAIN @Epoch: 436  >>>  || LOSS Avg: 0.13496
[Coach] >>> VALID @Epoch: 436  >>> 
[Coach] >>> TEST  @Epoch: 436  >>> 
[Wall TIME] >>> ChiefCoach.train takes 1.738222 seconds ...
[Coach] >>> TRAIN @Epoch: 437  >>>  || LOSS Avg: 0.13473
[Coach] >>> VALID @Epoch: 437  >>> 
[Coach] >>> TEST  @Epoch: 437  >>> 
[Wall TIME] >>> ChiefCoach.train takes 1.701885 seconds ...
[Coach] >>> TRAIN @Epoch: 438  >>>  || LOSS Avg: 0.13487
[Coach] >>> VALID @Epoch: 438  >>> 
[Coach] >>> TEST  @Epoch: 438  >>> 
[Wall TIME] >>> ChiefCoach.train takes 1.709826 seconds ...
[Coach] >>> TRAIN @Epoch: 439  >>>  || LOSS Avg: 0.13522
[Coach] >>> VALID @Epoch: 439  >>> 
[Coach] >>> TEST  @Epoch: 439  >>> 
[Wall TIME] >>> ChiefCoach.train takes 1.750671 seconds ...
[Wall TIME] >>> ChiefCoach.valid takes 0.658910 seconds ...
[Coach] >>> TRAIN @Epoch: 440  >>>  || LOSS Avg: 0.13506
[Coach] >>> VALID @Epoch: 440  >>>  || RECALL@1 Avg: 0.0124 || RECALL@10 Avg: 0.0639 || RECALL@20 Avg: 0.0986 || NDCG@10 Avg: 0.0342 || NDCG@20 Avg: 0.0430
[Coach] >>> TEST  @Epoch: 440  >>> 
[Wall TIME] >>> ChiefCoach.train takes 1.679336 seconds ...
[Coach] >>> TRAIN @Epoch: 441  >>>  || LOSS Avg: 0.13488
[Coach] >>> VALID @Epoch: 441  >>> 
[Coach] >>> TEST  @Epoch: 441  >>> 
[Wall TIME] >>> ChiefCoach.train takes 1.700377 seconds ...
[Coach] >>> TRAIN @Epoch: 442  >>>  || LOSS Avg: 0.13472
[Coach] >>> VALID @Epoch: 442  >>> 
[Coach] >>> TEST  @Epoch: 442  >>> 
[Wall TIME] >>> ChiefCoach.train takes 1.680399 seconds ...
[Coach] >>> TRAIN @Epoch: 443  >>>  || LOSS Avg: 0.13463
[Coach] >>> VALID @Epoch: 443  >>> 
[Coach] >>> TEST  @Epoch: 443  >>> 
[Wall TIME] >>> ChiefCoach.train takes 1.691431 seconds ...
[Coach] >>> TRAIN @Epoch: 444  >>>  || LOSS Avg: 0.13501
[Coach] >>> VALID @Epoch: 444  >>> 
[Coach] >>> TEST  @Epoch: 444  >>> 
[Wall TIME] >>> ChiefCoach.train takes 1.714786 seconds ...
[Wall TIME] >>> ChiefCoach.valid takes 0.686937 seconds ...
[Coach] >>> TRAIN @Epoch: 445  >>>  || LOSS Avg: 0.13525
[Coach] >>> VALID @Epoch: 445  >>>  || RECALL@1 Avg: 0.0130 || RECALL@10 Avg: 0.0638 || RECALL@20 Avg: 0.0983 || NDCG@10 Avg: 0.0344 || NDCG@20 Avg: 0.0431
[Coach] >>> TEST  @Epoch: 445  >>> 
[Wall TIME] >>> ChiefCoach.train takes 1.725949 seconds ...
[Coach] >>> TRAIN @Epoch: 446  >>>  || LOSS Avg: 0.13478
[Coach] >>> VALID @Epoch: 446  >>> 
[Coach] >>> TEST  @Epoch: 446  >>> 
[Wall TIME] >>> ChiefCoach.train takes 1.729030 seconds ...
[Coach] >>> TRAIN @Epoch: 447  >>>  || LOSS Avg: 0.13447
[Coach] >>> VALID @Epoch: 447  >>> 
[Coach] >>> TEST  @Epoch: 447  >>> 
[Wall TIME] >>> ChiefCoach.train takes 1.696581 seconds ...
[Coach] >>> TRAIN @Epoch: 448  >>>  || LOSS Avg: 0.13535
[Coach] >>> VALID @Epoch: 448  >>> 
[Coach] >>> TEST  @Epoch: 448  >>> 
[Wall TIME] >>> ChiefCoach.train takes 1.732348 seconds ...
[Coach] >>> TRAIN @Epoch: 449  >>>  || LOSS Avg: 0.13455
[Coach] >>> VALID @Epoch: 449  >>> 
[Coach] >>> TEST  @Epoch: 449  >>> 
[Wall TIME] >>> ChiefCoach.train takes 1.725648 seconds ...
[Wall TIME] >>> ChiefCoach.valid takes 0.658841 seconds ...
[Coach] >>> TRAIN @Epoch: 450  >>>  || LOSS Avg: 0.13530
[Coach] >>> VALID @Epoch: 450  >>>  || RECALL@1 Avg: 0.0127 || RECALL@10 Avg: 0.0635 || RECALL@20 Avg: 0.0989 || NDCG@10 Avg: 0.0341 || NDCG@20 Avg: 0.0431
[Coach] >>> TEST  @Epoch: 450  >>> 
[Wall TIME] >>> ChiefCoach.train takes 1.672946 seconds ...
[Coach] >>> TRAIN @Epoch: 451  >>>  || LOSS Avg: 0.13439
[Coach] >>> VALID @Epoch: 451  >>> 
[Coach] >>> TEST  @Epoch: 451  >>> 
[Wall TIME] >>> ChiefCoach.train takes 1.670777 seconds ...
[Coach] >>> TRAIN @Epoch: 452  >>>  || LOSS Avg: 0.13485
[Coach] >>> VALID @Epoch: 452  >>> 
[Coach] >>> TEST  @Epoch: 452  >>> 
[Wall TIME] >>> ChiefCoach.train takes 2.266391 seconds ...
[Coach] >>> TRAIN @Epoch: 453  >>>  || LOSS Avg: 0.13460
[Coach] >>> VALID @Epoch: 453  >>> 
[Coach] >>> TEST  @Epoch: 453  >>> 
[Wall TIME] >>> ChiefCoach.train takes 1.685121 seconds ...
[Coach] >>> TRAIN @Epoch: 454  >>>  || LOSS Avg: 0.13482
[Coach] >>> VALID @Epoch: 454  >>> 
[Coach] >>> TEST  @Epoch: 454  >>> 
[Wall TIME] >>> ChiefCoach.train takes 1.726108 seconds ...
[Wall TIME] >>> ChiefCoach.valid takes 0.712868 seconds ...
[Coach] >>> Better ***NDCG@20*** of ***0.0433*** 
[Coach] >>> TRAIN @Epoch: 455  >>>  || LOSS Avg: 0.13472
[Coach] >>> VALID @Epoch: 455  >>>  || RECALL@1 Avg: 0.0130 || RECALL@10 Avg: 0.0639 || RECALL@20 Avg: 0.0991 || NDCG@10 Avg: 0.0344 || NDCG@20 Avg: 0.0433
[Coach] >>> TEST  @Epoch: 455  >>> 
[Wall TIME] >>> ChiefCoach.train takes 1.667379 seconds ...
[Coach] >>> TRAIN @Epoch: 456  >>>  || LOSS Avg: 0.13500
[Coach] >>> VALID @Epoch: 456  >>> 
[Coach] >>> TEST  @Epoch: 456  >>> 
[Wall TIME] >>> ChiefCoach.train takes 1.730166 seconds ...
[Coach] >>> TRAIN @Epoch: 457  >>>  || LOSS Avg: 0.13449
[Coach] >>> VALID @Epoch: 457  >>> 
[Coach] >>> TEST  @Epoch: 457  >>> 
[Wall TIME] >>> ChiefCoach.train takes 1.701155 seconds ...
[Coach] >>> TRAIN @Epoch: 458  >>>  || LOSS Avg: 0.13477
[Coach] >>> VALID @Epoch: 458  >>> 
[Coach] >>> TEST  @Epoch: 458  >>> 
[Wall TIME] >>> ChiefCoach.train takes 1.667318 seconds ...
[Coach] >>> TRAIN @Epoch: 459  >>>  || LOSS Avg: 0.13510
[Coach] >>> VALID @Epoch: 459  >>> 
[Coach] >>> TEST  @Epoch: 459  >>> 
[Wall TIME] >>> ChiefCoach.train takes 1.705257 seconds ...
[Wall TIME] >>> ChiefCoach.valid takes 0.705663 seconds ...
[Coach] >>> TRAIN @Epoch: 460  >>>  || LOSS Avg: 0.13435
[Coach] >>> VALID @Epoch: 460  >>>  || RECALL@1 Avg: 0.0126 || RECALL@10 Avg: 0.0640 || RECALL@20 Avg: 0.0987 || NDCG@10 Avg: 0.0342 || NDCG@20 Avg: 0.0430
[Coach] >>> TEST  @Epoch: 460  >>> 
[Wall TIME] >>> ChiefCoach.train takes 1.673647 seconds ...
[Coach] >>> TRAIN @Epoch: 461  >>>  || LOSS Avg: 0.13487
[Coach] >>> VALID @Epoch: 461  >>> 
[Coach] >>> TEST  @Epoch: 461  >>> 
[Wall TIME] >>> ChiefCoach.train takes 1.715392 seconds ...
[Coach] >>> TRAIN @Epoch: 462  >>>  || LOSS Avg: 0.13449
[Coach] >>> VALID @Epoch: 462  >>> 
[Coach] >>> TEST  @Epoch: 462  >>> 
[Wall TIME] >>> ChiefCoach.train takes 1.710223 seconds ...
[Coach] >>> TRAIN @Epoch: 463  >>>  || LOSS Avg: 0.13481
[Coach] >>> VALID @Epoch: 463  >>> 
[Coach] >>> TEST  @Epoch: 463  >>> 
[Wall TIME] >>> ChiefCoach.train takes 1.696635 seconds ...
[Coach] >>> TRAIN @Epoch: 464  >>>  || LOSS Avg: 0.13495
[Coach] >>> VALID @Epoch: 464  >>> 
[Coach] >>> TEST  @Epoch: 464  >>> 
[Wall TIME] >>> ChiefCoach.train takes 1.708292 seconds ...
[Wall TIME] >>> ChiefCoach.valid takes 0.725113 seconds ...
[Coach] >>> TRAIN @Epoch: 465  >>>  || LOSS Avg: 0.13443
[Coach] >>> VALID @Epoch: 465  >>>  || RECALL@1 Avg: 0.0121 || RECALL@10 Avg: 0.0634 || RECALL@20 Avg: 0.0986 || NDCG@10 Avg: 0.0338 || NDCG@20 Avg: 0.0428
[Coach] >>> TEST  @Epoch: 465  >>> 
[Wall TIME] >>> ChiefCoach.train takes 1.752309 seconds ...
[Coach] >>> TRAIN @Epoch: 466  >>>  || LOSS Avg: 0.13445
[Coach] >>> VALID @Epoch: 466  >>> 
[Coach] >>> TEST  @Epoch: 466  >>> 
[Wall TIME] >>> ChiefCoach.train takes 1.687810 seconds ...
[Coach] >>> TRAIN @Epoch: 467  >>>  || LOSS Avg: 0.13476
[Coach] >>> VALID @Epoch: 467  >>> 
[Coach] >>> TEST  @Epoch: 467  >>> 
[Wall TIME] >>> ChiefCoach.train takes 1.680921 seconds ...
[Coach] >>> TRAIN @Epoch: 468  >>>  || LOSS Avg: 0.13468
[Coach] >>> VALID @Epoch: 468  >>> 
[Coach] >>> TEST  @Epoch: 468  >>> 
[Wall TIME] >>> ChiefCoach.train takes 1.712425 seconds ...
[Coach] >>> TRAIN @Epoch: 469  >>>  || LOSS Avg: 0.13507
[Coach] >>> VALID @Epoch: 469  >>> 
[Coach] >>> TEST  @Epoch: 469  >>> 
[Wall TIME] >>> ChiefCoach.train takes 1.709824 seconds ...
[Wall TIME] >>> ChiefCoach.valid takes 0.677626 seconds ...
[Coach] >>> TRAIN @Epoch: 470  >>>  || LOSS Avg: 0.13456
[Coach] >>> VALID @Epoch: 470  >>>  || RECALL@1 Avg: 0.0121 || RECALL@10 Avg: 0.0642 || RECALL@20 Avg: 0.0986 || NDCG@10 Avg: 0.0341 || NDCG@20 Avg: 0.0428
[Coach] >>> TEST  @Epoch: 470  >>> 
[Wall TIME] >>> ChiefCoach.train takes 1.726082 seconds ...
[Coach] >>> TRAIN @Epoch: 471  >>>  || LOSS Avg: 0.13501
[Coach] >>> VALID @Epoch: 471  >>> 
[Coach] >>> TEST  @Epoch: 471  >>> 
[Wall TIME] >>> ChiefCoach.train takes 1.667171 seconds ...
[Coach] >>> TRAIN @Epoch: 472  >>>  || LOSS Avg: 0.13505
[Coach] >>> VALID @Epoch: 472  >>> 
[Coach] >>> TEST  @Epoch: 472  >>> 
[Wall TIME] >>> ChiefCoach.train takes 2.311475 seconds ...
[Coach] >>> TRAIN @Epoch: 473  >>>  || LOSS Avg: 0.13468
[Coach] >>> VALID @Epoch: 473  >>> 
[Coach] >>> TEST  @Epoch: 473  >>> 
[Wall TIME] >>> ChiefCoach.train takes 1.661269 seconds ...
[Coach] >>> TRAIN @Epoch: 474  >>>  || LOSS Avg: 0.13457
[Coach] >>> VALID @Epoch: 474  >>> 
[Coach] >>> TEST  @Epoch: 474  >>> 
[Wall TIME] >>> ChiefCoach.train takes 1.697446 seconds ...
[Wall TIME] >>> ChiefCoach.valid takes 0.696395 seconds ...
[Coach] >>> TRAIN @Epoch: 475  >>>  || LOSS Avg: 0.13388
[Coach] >>> VALID @Epoch: 475  >>>  || RECALL@1 Avg: 0.0125 || RECALL@10 Avg: 0.0638 || RECALL@20 Avg: 0.0980 || NDCG@10 Avg: 0.0340 || NDCG@20 Avg: 0.0427
[Coach] >>> TEST  @Epoch: 475  >>> 
[Wall TIME] >>> ChiefCoach.train takes 1.739919 seconds ...
[Coach] >>> TRAIN @Epoch: 476  >>>  || LOSS Avg: 0.13468
[Coach] >>> VALID @Epoch: 476  >>> 
[Coach] >>> TEST  @Epoch: 476  >>> 
[Wall TIME] >>> ChiefCoach.train takes 1.649864 seconds ...
[Coach] >>> TRAIN @Epoch: 477  >>>  || LOSS Avg: 0.13469
[Coach] >>> VALID @Epoch: 477  >>> 
[Coach] >>> TEST  @Epoch: 477  >>> 
[Wall TIME] >>> ChiefCoach.train takes 1.686809 seconds ...
[Coach] >>> TRAIN @Epoch: 478  >>>  || LOSS Avg: 0.13483
[Coach] >>> VALID @Epoch: 478  >>> 
[Coach] >>> TEST  @Epoch: 478  >>> 
[Wall TIME] >>> ChiefCoach.train takes 1.712772 seconds ...
[Coach] >>> TRAIN @Epoch: 479  >>>  || LOSS Avg: 0.13439
[Coach] >>> VALID @Epoch: 479  >>> 
[Coach] >>> TEST  @Epoch: 479  >>> 
[Wall TIME] >>> ChiefCoach.train takes 1.657340 seconds ...
[Wall TIME] >>> ChiefCoach.valid takes 0.674970 seconds ...
[Coach] >>> TRAIN @Epoch: 480  >>>  || LOSS Avg: 0.13474
[Coach] >>> VALID @Epoch: 480  >>>  || RECALL@1 Avg: 0.0124 || RECALL@10 Avg: 0.0640 || RECALL@20 Avg: 0.0980 || NDCG@10 Avg: 0.0341 || NDCG@20 Avg: 0.0427
[Coach] >>> TEST  @Epoch: 480  >>> 
[Wall TIME] >>> ChiefCoach.train takes 1.743644 seconds ...
[Coach] >>> TRAIN @Epoch: 481  >>>  || LOSS Avg: 0.13473
[Coach] >>> VALID @Epoch: 481  >>> 
[Coach] >>> TEST  @Epoch: 481  >>> 
[Wall TIME] >>> ChiefCoach.train takes 1.703660 seconds ...
[Coach] >>> TRAIN @Epoch: 482  >>>  || LOSS Avg: 0.13414
[Coach] >>> VALID @Epoch: 482  >>> 
[Coach] >>> TEST  @Epoch: 482  >>> 
[Wall TIME] >>> ChiefCoach.train takes 1.686852 seconds ...
[Coach] >>> TRAIN @Epoch: 483  >>>  || LOSS Avg: 0.13380
[Coach] >>> VALID @Epoch: 483  >>> 
[Coach] >>> TEST  @Epoch: 483  >>> 
[Wall TIME] >>> ChiefCoach.train takes 1.692246 seconds ...
[Coach] >>> TRAIN @Epoch: 484  >>>  || LOSS Avg: 0.13474
[Coach] >>> VALID @Epoch: 484  >>> 
[Coach] >>> TEST  @Epoch: 484  >>> 
[Wall TIME] >>> ChiefCoach.train takes 1.694851 seconds ...
[Wall TIME] >>> ChiefCoach.valid takes 0.667746 seconds ...
[Coach] >>> TRAIN @Epoch: 485  >>>  || LOSS Avg: 0.13427
[Coach] >>> VALID @Epoch: 485  >>>  || RECALL@1 Avg: 0.0128 || RECALL@10 Avg: 0.0640 || RECALL@20 Avg: 0.0982 || NDCG@10 Avg: 0.0342 || NDCG@20 Avg: 0.0429
[Coach] >>> TEST  @Epoch: 485  >>> 
[Wall TIME] >>> ChiefCoach.train takes 1.674958 seconds ...
[Coach] >>> TRAIN @Epoch: 486  >>>  || LOSS Avg: 0.13503
[Coach] >>> VALID @Epoch: 486  >>> 
[Coach] >>> TEST  @Epoch: 486  >>> 
[Wall TIME] >>> ChiefCoach.train takes 1.730275 seconds ...
[Coach] >>> TRAIN @Epoch: 487  >>>  || LOSS Avg: 0.13450
[Coach] >>> VALID @Epoch: 487  >>> 
[Coach] >>> TEST  @Epoch: 487  >>> 
[Wall TIME] >>> ChiefCoach.train takes 1.690564 seconds ...
[Coach] >>> TRAIN @Epoch: 488  >>>  || LOSS Avg: 0.13446
[Coach] >>> VALID @Epoch: 488  >>> 
[Coach] >>> TEST  @Epoch: 488  >>> 
[Wall TIME] >>> ChiefCoach.train takes 1.692822 seconds ...
[Coach] >>> TRAIN @Epoch: 489  >>>  || LOSS Avg: 0.13437
[Coach] >>> VALID @Epoch: 489  >>> 
[Coach] >>> TEST  @Epoch: 489  >>> 
[Wall TIME] >>> ChiefCoach.train takes 1.648037 seconds ...
[Wall TIME] >>> ChiefCoach.valid takes 0.705880 seconds ...
[Coach] >>> TRAIN @Epoch: 490  >>>  || LOSS Avg: 0.13417
[Coach] >>> VALID @Epoch: 490  >>>  || RECALL@1 Avg: 0.0130 || RECALL@10 Avg: 0.0635 || RECALL@20 Avg: 0.0988 || NDCG@10 Avg: 0.0342 || NDCG@20 Avg: 0.0432
[Coach] >>> TEST  @Epoch: 490  >>> 
[Wall TIME] >>> ChiefCoach.train takes 1.675664 seconds ...
[Coach] >>> TRAIN @Epoch: 491  >>>  || LOSS Avg: 0.13442
[Coach] >>> VALID @Epoch: 491  >>> 
[Coach] >>> TEST  @Epoch: 491  >>> 
[Wall TIME] >>> ChiefCoach.train takes 1.739005 seconds ...
[Coach] >>> TRAIN @Epoch: 492  >>>  || LOSS Avg: 0.13388
[Coach] >>> VALID @Epoch: 492  >>> 
[Coach] >>> TEST  @Epoch: 492  >>> 
[Wall TIME] >>> ChiefCoach.train takes 2.244115 seconds ...
[Coach] >>> TRAIN @Epoch: 493  >>>  || LOSS Avg: 0.13450
[Coach] >>> VALID @Epoch: 493  >>> 
[Coach] >>> TEST  @Epoch: 493  >>> 
[Wall TIME] >>> ChiefCoach.train takes 1.734715 seconds ...
[Coach] >>> TRAIN @Epoch: 494  >>>  || LOSS Avg: 0.13376
[Coach] >>> VALID @Epoch: 494  >>> 
[Coach] >>> TEST  @Epoch: 494  >>> 
[Wall TIME] >>> ChiefCoach.train takes 1.698594 seconds ...
[Wall TIME] >>> ChiefCoach.valid takes 0.662134 seconds ...
[Coach] >>> TRAIN @Epoch: 495  >>>  || LOSS Avg: 0.13472
[Coach] >>> VALID @Epoch: 495  >>>  || RECALL@1 Avg: 0.0128 || RECALL@10 Avg: 0.0636 || RECALL@20 Avg: 0.0980 || NDCG@10 Avg: 0.0342 || NDCG@20 Avg: 0.0429
[Coach] >>> TEST  @Epoch: 495  >>> 
[Wall TIME] >>> ChiefCoach.train takes 1.739001 seconds ...
[Coach] >>> TRAIN @Epoch: 496  >>>  || LOSS Avg: 0.13446
[Coach] >>> VALID @Epoch: 496  >>> 
[Coach] >>> TEST  @Epoch: 496  >>> 
[Wall TIME] >>> ChiefCoach.train takes 1.746092 seconds ...
[Coach] >>> TRAIN @Epoch: 497  >>>  || LOSS Avg: 0.13456
[Coach] >>> VALID @Epoch: 497  >>> 
[Coach] >>> TEST  @Epoch: 497  >>> 
[Wall TIME] >>> ChiefCoach.train takes 1.715629 seconds ...
[Coach] >>> TRAIN @Epoch: 498  >>>  || LOSS Avg: 0.13424
[Coach] >>> VALID @Epoch: 498  >>> 
[Coach] >>> TEST  @Epoch: 498  >>> 
[Wall TIME] >>> ChiefCoach.train takes 1.704389 seconds ...
[Coach] >>> TRAIN @Epoch: 499  >>>  || LOSS Avg: 0.13446
[Coach] >>> VALID @Epoch: 499  >>> 
[Coach] >>> TEST  @Epoch: 499  >>> 
[Wall TIME] >>> ChiefCoach.train takes 1.685096 seconds ...
[Wall TIME] >>> ChiefCoach.valid takes 0.674487 seconds ...
[Wall TIME] >>> ChiefCoach.test takes 1.133817 seconds ...
[Coach] >>> TRAIN @Epoch: 500  >>>  || LOSS Avg: 0.13451
[Coach] >>> VALID @Epoch: 500  >>>  || RECALL@1 Avg: 0.0128 || RECALL@10 Avg: 0.0630 || RECALL@20 Avg: 0.0978 || NDCG@10 Avg: 0.0339 || NDCG@20 Avg: 0.0428
[Coach] >>> TEST  @Epoch: 500  >>>  || RECALL@1 Avg: 0.0120 || RECALL@10 Avg: 0.0679 || RECALL@20 Avg: 0.1041 || NDCG@10 Avg: 0.0360 || NDCG@20 Avg: 0.0453
     Mode     Metric      Best  @Epoch
0   train       LOSS  0.133757     493
1   valid   RECALL@1  0.012980     490
2   valid  RECALL@10  0.065038     260
3   valid  RECALL@20  0.100675     175
4   valid    NDCG@10  0.034370     455
5   valid    NDCG@20  0.043294     455
6    test   RECALL@1  0.011970       0
7    test  RECALL@10  0.067881       0
8    test  RECALL@20  0.104072       0
9    test    NDCG@10  0.036037       0
10   test    NDCG@20  0.045339       0
[LoG_PaTH] >>> ./logs/STAIR/Amazon2014Baby_550_MMRec/0820005000
[Wall TIME] >>> Coach.summary takes 2.187035 seconds ...
[Coach] >>> Load best model @Epoch 455  
[Wall TIME] >>> ChiefCoach.valid takes 0.858421 seconds ...
[Wall TIME] >>> ChiefCoach.test takes 0.685384 seconds ...
[Coach] >>> TRAIN @Epoch: 455  >>> 
[Coach] >>> VALID @Epoch: 455  >>>  || RECALL@1 Avg: 0.0130 || RECALL@10 Avg: 0.0639 || RECALL@20 Avg: 0.0991 || NDCG@10 Avg: 0.0344 || NDCG@20 Avg: 0.0433
[Coach] >>> TEST  @Epoch: 455  >>>  || RECALL@1 Avg: 0.0123 || RECALL@10 Avg: 0.0674 || RECALL@20 Avg: 0.1042 || NDCG@10 Avg: 0.0359 || NDCG@20 Avg: 0.0454
[Wall TIME] >>> Coach.fit takes 960.027610 seconds ...
