/usr/local/lib/python3.12/dist-packages/torchdata/datapipes/__init__.py:18: UserWarning: 
################################################################################
WARNING!
The 'datapipes', 'dataloader2' modules are deprecated and will be removed in a
future torchdata release! Please see https://github.com/pytorch/data/issues/1196
to learn more and leave feedback.
################################################################################

  deprecation_warning()
[Wall TIME] >>> Parser.parse takes 0.045151 seconds ...
[Wall TIME] >>> Parser.load takes 0.003746 seconds ...
[Benchmark] >>> cudnn.benchmark == False | cudnn.deterministic == True
[Seed] >>> Set seed: 1
[PARSER] >>>
[SAVED_FILENAME: model.pt] 
[BEST_FILENAME: best.pt] 
[CHECKPOINT_FREQ: 10] 
[CHECKPOINT_MODULES: ['model', 'optimizer', 'lr_scheduler']] 
[CHECKPOINT_FILENAME: checkpoint.tar] 
[SUMMARY_FILENAME: SUMMARY.md] 
[MONITOR_FILENAME: monitors.pkl] 
[MONITOR_BEST_FILENAME: best.pkl] 
[CONFIG_FILENAME: config.json] 
[RESULTS_FILENAME: results.json] 
[monitors: ['LOSS', 'Recall@1', 'Recall@10', 'Recall@20', 'NDCG@10', 'NDCG@20']] 
[which4best: NDCG@20] 
[config: /kaggle/working/STAIR-Enhanced/configs/Amazon2014Baby_STAIR5_v4.yaml] 
[id: 1002175359] 
[description: STAIR5-v4-NLGCL-CSE] 
[root: /kaggle/data] 
[dataset: Amazon2014Baby_550_MMRec] 
[tasktag: None] 
[ranking: full] 
[retain_seen: False] 
[device: cuda:0] 
[ddp_backend: nccl] 
[num_workers: 4] 
[optimizer: adamwsevo] 
[optim_first_moment_decay: 0.9] 
[optim_second_moment_decay: 0.999] 
[weight_decay: 0.3] 
[lr: 0.001] 
[batch_size: 1024] 
[gradient_accumulation_steps: 1] 
[epochs: 500] 
[eval_valid: True] 
[eval_test: False] 
[eval_freq: 5] 
[early_stop_patience: 1e+23] 
[seed: 1] 
[benchmark: False] 
[resume: False] 
[log2file: True] 
[log2console: True] 
[embedding_dim: 64] 
[num_layers: 3] 
[mfiles: textual_modality.pkl,visual_modality.pkl] 
[num_neighbors: 5-1] 
[gamma: 0.1] 
[beta1: 0.9] 
[beta2: 0.999] 
[eta: 0.1] 
[k_cf: 5] 
[c_min: 2] 
[t_shrinkage: 5.0] 
[placebo_seed: 1] 
[lambda_nlgcl: 0.01] 
[nlgcl_tau: 0.2] 
[nlgcl_G: 1] 
[nlgcl_alpha: 0.5] 
[cl_chunk_size: 1024] 
[knn_chunk_size: 1024] 
[cf_block_size: 64] 
[cf_memory_budget_mib: 128.0] 
[graph_cache_dir: /kaggle/working/runs/stair5_v4/graph_cache] 
[artifact_dir: /kaggle/working/runs/stair5_v4/20261002_171043_1e0eba/baby_N-CSE_seed1_eta0.1] 
[resume_from: ] 
[v4_arm: N-CSE] 
[knn_device: auto] 
[DATA_DIR: data] 
[SUMMARY_DIR: summary] 
[CHECKPOINT_PATH: ./infos/STAIR5-v4-NLGCL-CSE/Amazon2014Baby_550_MMRec/0] 
[LOG_PATH: ./logs/STAIR5-v4-NLGCL-CSE/Amazon2014Baby_550_MMRec/1002175359] 

[Wall TIME] >>> Parser.compile takes 0.217593 seconds ...
[DataSet] >>> Fitting fields over `train` set ...
[DataSet] >>> Fitting fields over `valid` set ...
[DataSet] >>> Fitting fields over `test` set ...
[DataSet] >>> Normalizing fields over `train` set ...
[DataSet] >>> Normalizing fields over `valid` set ...
[DataSet] >>> Normalizing fields over `test` set ...
[MatchingRecDataSet] >>> USER:19445:ID,USER | ITEM:7050:ID,ITEM | TIMESTAMP:3711:TIMESTAMP
+--------+--------+---------------+--------+--------+-------+-----------------------+
| #Users | #Items | #Interactions | #Train | #Valid | #Test |        Density        |
+--------+--------+---------------+--------+--------+-------+-----------------------+
| 19445  |  7050  |     160792    | 118551 | 20559  | 21682 | 0.0011729172479570493 |
+--------+--------+---------------+--------+--------+-------+-----------------------+
[Wall TIME] >>> BaseSet.compile takes 0.204673 seconds ...
/usr/local/lib/python3.12/dist-packages/freerec/graph.py:68: UserWarning: Sparse CSR tensor support is in beta state. If you miss a functionality in the sparse tensor support, please submit a feature request to https://github.com/pytorch/pytorch/issues. (Triggered internally at /pytorch/aten/src/ATen/SparseCsrTensorImpl.cpp:49.)
  ).to_sparse_csr()
[Wall TIME] >>> RecDataSet.to_heterograph takes 0.042061 seconds ...
[STAIR5-v4 graph] {"version": 4, "arm": "N-CSE", "eta": 0.1, "k_cf": 5, "c_min": 2, "t_shrinkage": 5.0, "num_users": 19445, "num_items": 7050, "cache_hit": false, "train_fingerprint": "458ed35b5156a5a593bbc95e0292fe7bb0273f48ee5bdcd5c7748ac9ec89c3ab", "cf_cache_key": "8d678b20109a0b4f099ad7fee46585d5f59aec9fda227f55b5e4ece87c9fafa0", "cf_preprocessing_seconds": 0.26786108299984335, "cf_block_size_requested": 64, "cf_memory_budget_mib": 128.0, "active": true, "effective_eta": 0.1, "s0_nnz": 59848, "cf_nnz": 23054, "s4_nnz": 84134, "cf_isolated_nodes": 2448, "cf_isolated_fraction": 0.3472340425531915, "jaccard_semantic_cf": 0.014886271821364738, "new_cf_edges_count": 21838, "new_cf_fraction": 0.9472542725774269, "relative_operator_delta": 0.21913192829702324, "relative_operator_delta_kind": "frobenius_ratio", "graph_fingerprint": "1e32b0f0149b3930c2d7385f417fa8dac3bb31f7a6281e972eeb5e963757d8f4", "is_placebo": false}
[Wall TIME] >>> GenTrainNegativeSampler.prepare takes 0.573853 seconds ...
[Wall TIME] >>> ValidSampler.prepare takes 0.590618 seconds ...
[Wall TIME] >>> TestSampler.prepare takes 0.644949 seconds ...
[Coach] >>> Set best meter: NDCG@20 
[Coach] >>> Better ***NDCG@20*** of ***0.0152*** 
[Coach] >>> VALID @Epoch: 0 >>>  || RECALL@1 Avg: 0.0043 || RECALL@10 Avg: 0.0229 || RECALL@20 Avg: 0.0344 || NDCG@10 Avg: 0.0123 || NDCG@20 Avg: 0.0152
[Wall TIME] >>> Coach.valid takes 1.518889 seconds ...
[Epoch 001 Telemetry] Loss: 0.686951 | lambda_nlgcl=0.0100 | 49732.9 samples/s | 2.38s
[Coach] >>> TRAIN @Epoch: 1 >>>  || LOSS Avg: 0.68695
[Wall TIME] >>> Coach.train takes 2.384649 seconds ...
[Epoch 002 Telemetry] Loss: 0.673942 | lambda_nlgcl=0.0100 | 52576.5 samples/s | 2.25s
[Coach] >>> TRAIN @Epoch: 2 >>>  || LOSS Avg: 0.67394
[Wall TIME] >>> Coach.train takes 2.255608 seconds ...
[Epoch 003 Telemetry] Loss: 0.659843 | lambda_nlgcl=0.0100 | 46504.6 samples/s | 2.55s
[Coach] >>> TRAIN @Epoch: 3 >>>  || LOSS Avg: 0.65984
[Wall TIME] >>> Coach.train takes 2.550031 seconds ...
[Epoch 004 Telemetry] Loss: 0.644662 | lambda_nlgcl=0.0100 | 53872.1 samples/s | 2.20s
[Coach] >>> TRAIN @Epoch: 4 >>>  || LOSS Avg: 0.64466
[Wall TIME] >>> Coach.train takes 2.201405 seconds ...
[Epoch 005 Telemetry] Loss: 0.628029 | lambda_nlgcl=0.0100 | 53662.3 samples/s | 2.21s
[Coach] >>> TRAIN @Epoch: 5 >>>  || LOSS Avg: 0.62803
[Wall TIME] >>> Coach.train takes 2.210016 seconds ...
[Coach] >>> Better ***NDCG@20*** of ***0.0258*** 
[Coach] >>> VALID @Epoch: 5 >>>  || RECALL@1 Avg: 0.0083 || RECALL@10 Avg: 0.0379 || RECALL@20 Avg: 0.0570 || NDCG@10 Avg: 0.0210 || NDCG@20 Avg: 0.0258
[Wall TIME] >>> Coach.valid takes 0.528107 seconds ...
[Epoch 006 Telemetry] Loss: 0.610206 | lambda_nlgcl=0.0100 | 53183.0 samples/s | 2.23s
[Coach] >>> TRAIN @Epoch: 6 >>>  || LOSS Avg: 0.61021
[Wall TIME] >>> Coach.train takes 2.229928 seconds ...
[Epoch 007 Telemetry] Loss: 0.592026 | lambda_nlgcl=0.0100 | 46678.2 samples/s | 2.54s
[Coach] >>> TRAIN @Epoch: 7 >>>  || LOSS Avg: 0.59203
[Wall TIME] >>> Coach.train takes 2.540800 seconds ...
[Epoch 008 Telemetry] Loss: 0.573419 | lambda_nlgcl=0.0100 | 55523.5 samples/s | 2.14s
[Coach] >>> TRAIN @Epoch: 8 >>>  || LOSS Avg: 0.57342
[Wall TIME] >>> Coach.train takes 2.135972 seconds ...
[Epoch 009 Telemetry] Loss: 0.554382 | lambda_nlgcl=0.0100 | 55116.7 samples/s | 2.15s
[Coach] >>> TRAIN @Epoch: 9 >>>  || LOSS Avg: 0.55438
[Wall TIME] >>> Coach.train takes 2.151647 seconds ...
[Epoch 010 Telemetry] Loss: 0.535797 | lambda_nlgcl=0.0100 | 52925.9 samples/s | 2.24s
[Coach] >>> TRAIN @Epoch: 10 >>>  || LOSS Avg: 0.53580
[Wall TIME] >>> Coach.train takes 2.240649 seconds ...
[Coach] >>> Better ***NDCG@20*** of ***0.0314*** 
[Coach] >>> VALID @Epoch: 10 >>>  || RECALL@1 Avg: 0.0097 || RECALL@10 Avg: 0.0471 || RECALL@20 Avg: 0.0701 || NDCG@10 Avg: 0.0256 || NDCG@20 Avg: 0.0314
[Wall TIME] >>> Coach.valid takes 0.511918 seconds ...
[Epoch 011 Telemetry] Loss: 0.517304 | lambda_nlgcl=0.0100 | 46538.9 samples/s | 2.55s
[Coach] >>> TRAIN @Epoch: 11 >>>  || LOSS Avg: 0.51730
[Wall TIME] >>> Coach.train takes 2.548074 seconds ...
[Epoch 012 Telemetry] Loss: 0.499834 | lambda_nlgcl=0.0100 | 54939.8 samples/s | 2.16s
[Coach] >>> TRAIN @Epoch: 12 >>>  || LOSS Avg: 0.49983
[Wall TIME] >>> Coach.train takes 2.158610 seconds ...
[Epoch 013 Telemetry] Loss: 0.483207 | lambda_nlgcl=0.0100 | 53764.4 samples/s | 2.21s
[Coach] >>> TRAIN @Epoch: 13 >>>  || LOSS Avg: 0.48321
[Wall TIME] >>> Coach.train takes 2.205907 seconds ...
[Epoch 014 Telemetry] Loss: 0.467411 | lambda_nlgcl=0.0100 | 52761.0 samples/s | 2.25s
[Coach] >>> TRAIN @Epoch: 14 >>>  || LOSS Avg: 0.46741
[Wall TIME] >>> Coach.train takes 2.247718 seconds ...
[Epoch 015 Telemetry] Loss: 0.452602 | lambda_nlgcl=0.0100 | 46472.3 samples/s | 2.55s
[Coach] >>> TRAIN @Epoch: 15 >>>  || LOSS Avg: 0.45260
[Wall TIME] >>> Coach.train takes 2.551697 seconds ...
[Coach] >>> Better ***NDCG@20*** of ***0.0343*** 
[Coach] >>> VALID @Epoch: 15 >>>  || RECALL@1 Avg: 0.0102 || RECALL@10 Avg: 0.0512 || RECALL@20 Avg: 0.0779 || NDCG@10 Avg: 0.0276 || NDCG@20 Avg: 0.0343
[Wall TIME] >>> Coach.valid takes 0.522952 seconds ...
[Epoch 016 Telemetry] Loss: 0.438954 | lambda_nlgcl=0.0100 | 54066.0 samples/s | 2.19s
[Coach] >>> TRAIN @Epoch: 16 >>>  || LOSS Avg: 0.43895
[Wall TIME] >>> Coach.train takes 2.193431 seconds ...
[Epoch 017 Telemetry] Loss: 0.425935 | lambda_nlgcl=0.0100 | 54380.9 samples/s | 2.18s
[Coach] >>> TRAIN @Epoch: 17 >>>  || LOSS Avg: 0.42594
[Wall TIME] >>> Coach.train takes 2.180795 seconds ...
[Epoch 018 Telemetry] Loss: 0.413904 | lambda_nlgcl=0.0100 | 54311.8 samples/s | 2.18s
[Coach] >>> TRAIN @Epoch: 18 >>>  || LOSS Avg: 0.41390
[Wall TIME] >>> Coach.train takes 2.183579 seconds ...
[Epoch 019 Telemetry] Loss: 0.402689 | lambda_nlgcl=0.0100 | 53396.5 samples/s | 2.22s
[Coach] >>> TRAIN @Epoch: 19 >>>  || LOSS Avg: 0.40269
[Wall TIME] >>> Coach.train takes 2.220897 seconds ...
[Epoch 020 Telemetry] Loss: 0.392032 | lambda_nlgcl=0.0100 | 46594.0 samples/s | 2.54s
[Coach] >>> TRAIN @Epoch: 20 >>>  || LOSS Avg: 0.39203
[Wall TIME] >>> Coach.train takes 2.545129 seconds ...
[Coach] >>> Better ***NDCG@20*** of ***0.0358*** 
[Coach] >>> VALID @Epoch: 20 >>>  || RECALL@1 Avg: 0.0105 || RECALL@10 Avg: 0.0540 || RECALL@20 Avg: 0.0808 || NDCG@10 Avg: 0.0290 || NDCG@20 Avg: 0.0358
[Wall TIME] >>> Coach.valid takes 0.517329 seconds ...
[Epoch 021 Telemetry] Loss: 0.382837 | lambda_nlgcl=0.0100 | 54632.5 samples/s | 2.17s
[Coach] >>> TRAIN @Epoch: 21 >>>  || LOSS Avg: 0.38284
[Wall TIME] >>> Coach.train takes 2.170752 seconds ...
[Epoch 022 Telemetry] Loss: 0.373418 | lambda_nlgcl=0.0100 | 55582.3 samples/s | 2.13s
[Coach] >>> TRAIN @Epoch: 22 >>>  || LOSS Avg: 0.37342
[Wall TIME] >>> Coach.train takes 2.133718 seconds ...
[Epoch 023 Telemetry] Loss: 0.365444 | lambda_nlgcl=0.0100 | 54167.2 samples/s | 2.19s
[Coach] >>> TRAIN @Epoch: 23 >>>  || LOSS Avg: 0.36544
[Wall TIME] >>> Coach.train takes 2.189294 seconds ...
[Epoch 024 Telemetry] Loss: 0.357531 | lambda_nlgcl=0.0100 | 47678.1 samples/s | 2.49s
[Coach] >>> TRAIN @Epoch: 24 >>>  || LOSS Avg: 0.35753
[Wall TIME] >>> Coach.train takes 2.487324 seconds ...
[Epoch 025 Telemetry] Loss: 0.350241 | lambda_nlgcl=0.0100 | 54725.4 samples/s | 2.17s
[Coach] >>> TRAIN @Epoch: 25 >>>  || LOSS Avg: 0.35024
[Wall TIME] >>> Coach.train takes 2.167136 seconds ...
[Coach] >>> Better ***NDCG@20*** of ***0.0372*** 
[Coach] >>> VALID @Epoch: 25 >>>  || RECALL@1 Avg: 0.0107 || RECALL@10 Avg: 0.0556 || RECALL@20 Avg: 0.0842 || NDCG@10 Avg: 0.0299 || NDCG@20 Avg: 0.0372
[Wall TIME] >>> Coach.valid takes 0.512914 seconds ...
[Epoch 026 Telemetry] Loss: 0.343654 | lambda_nlgcl=0.0100 | 53750.0 samples/s | 2.21s
[Coach] >>> TRAIN @Epoch: 26 >>>  || LOSS Avg: 0.34365
[Wall TIME] >>> Coach.train takes 2.206326 seconds ...
[Epoch 027 Telemetry] Loss: 0.337810 | lambda_nlgcl=0.0100 | 53026.7 samples/s | 2.24s
[Coach] >>> TRAIN @Epoch: 27 >>>  || LOSS Avg: 0.33781
[Wall TIME] >>> Coach.train takes 2.236535 seconds ...
[Epoch 028 Telemetry] Loss: 0.331342 | lambda_nlgcl=0.0100 | 46438.6 samples/s | 2.55s
[Coach] >>> TRAIN @Epoch: 28 >>>  || LOSS Avg: 0.33134
[Wall TIME] >>> Coach.train takes 2.553596 seconds ...
[Epoch 029 Telemetry] Loss: 0.325963 | lambda_nlgcl=0.0100 | 54055.2 samples/s | 2.19s
[Coach] >>> TRAIN @Epoch: 29 >>>  || LOSS Avg: 0.32596
[Wall TIME] >>> Coach.train takes 2.193953 seconds ...
[Epoch 030 Telemetry] Loss: 0.321224 | lambda_nlgcl=0.0100 | 54074.1 samples/s | 2.19s
[Coach] >>> TRAIN @Epoch: 30 >>>  || LOSS Avg: 0.32122
[Wall TIME] >>> Coach.train takes 2.193138 seconds ...
[Coach] >>> Better ***NDCG@20*** of ***0.0384*** 
[Coach] >>> VALID @Epoch: 30 >>>  || RECALL@1 Avg: 0.0111 || RECALL@10 Avg: 0.0564 || RECALL@20 Avg: 0.0871 || NDCG@10 Avg: 0.0306 || NDCG@20 Avg: 0.0384
[Wall TIME] >>> Coach.valid takes 0.513524 seconds ...
[Epoch 031 Telemetry] Loss: 0.316371 | lambda_nlgcl=0.0100 | 52440.6 samples/s | 2.26s
[Coach] >>> TRAIN @Epoch: 31 >>>  || LOSS Avg: 0.31637
[Wall TIME] >>> Coach.train takes 2.261532 seconds ...
[Epoch 032 Telemetry] Loss: 0.311926 | lambda_nlgcl=0.0100 | 46817.2 samples/s | 2.53s
[Coach] >>> TRAIN @Epoch: 32 >>>  || LOSS Avg: 0.31193
[Wall TIME] >>> Coach.train takes 2.532937 seconds ...
[Epoch 033 Telemetry] Loss: 0.307776 | lambda_nlgcl=0.0100 | 54129.1 samples/s | 2.19s
[Coach] >>> TRAIN @Epoch: 33 >>>  || LOSS Avg: 0.30778
[Wall TIME] >>> Coach.train takes 2.190940 seconds ...
[Epoch 034 Telemetry] Loss: 0.303818 | lambda_nlgcl=0.0100 | 54457.1 samples/s | 2.18s
[Coach] >>> TRAIN @Epoch: 34 >>>  || LOSS Avg: 0.30382
[Wall TIME] >>> Coach.train takes 2.177751 seconds ...
[Epoch 035 Telemetry] Loss: 0.299819 | lambda_nlgcl=0.0100 | 53998.2 samples/s | 2.20s
[Coach] >>> TRAIN @Epoch: 35 >>>  || LOSS Avg: 0.29982
[Wall TIME] >>> Coach.train takes 2.196220 seconds ...
[Coach] >>> Better ***NDCG@20*** of ***0.0391*** 
[Coach] >>> VALID @Epoch: 35 >>>  || RECALL@1 Avg: 0.0115 || RECALL@10 Avg: 0.0578 || RECALL@20 Avg: 0.0892 || NDCG@10 Avg: 0.0311 || NDCG@20 Avg: 0.0391
[Wall TIME] >>> Coach.valid takes 0.511407 seconds ...
[Epoch 036 Telemetry] Loss: 0.295963 | lambda_nlgcl=0.0100 | 46664.7 samples/s | 2.54s
[Coach] >>> TRAIN @Epoch: 36 >>>  || LOSS Avg: 0.29596
[Wall TIME] >>> Coach.train takes 2.541131 seconds ...
[Epoch 037 Telemetry] Loss: 0.292582 | lambda_nlgcl=0.0100 | 54006.5 samples/s | 2.20s
[Coach] >>> TRAIN @Epoch: 37 >>>  || LOSS Avg: 0.29258
[Wall TIME] >>> Coach.train takes 2.195859 seconds ...
[Epoch 038 Telemetry] Loss: 0.289155 | lambda_nlgcl=0.0100 | 54296.9 samples/s | 2.18s
[Coach] >>> TRAIN @Epoch: 38 >>>  || LOSS Avg: 0.28915
[Wall TIME] >>> Coach.train takes 2.184129 seconds ...
[Epoch 039 Telemetry] Loss: 0.286366 | lambda_nlgcl=0.0100 | 54207.2 samples/s | 2.19s
[Coach] >>> TRAIN @Epoch: 39 >>>  || LOSS Avg: 0.28637
[Wall TIME] >>> Coach.train takes 2.187834 seconds ...
[Epoch 040 Telemetry] Loss: 0.283508 | lambda_nlgcl=0.0100 | 45972.3 samples/s | 2.58s
[Coach] >>> TRAIN @Epoch: 40 >>>  || LOSS Avg: 0.28351
[Wall TIME] >>> Coach.train takes 2.579462 seconds ...
[Coach] >>> Better ***NDCG@20*** of ***0.0398*** 
[Coach] >>> VALID @Epoch: 40 >>>  || RECALL@1 Avg: 0.0116 || RECALL@10 Avg: 0.0590 || RECALL@20 Avg: 0.0910 || NDCG@10 Avg: 0.0317 || NDCG@20 Avg: 0.0398
[Wall TIME] >>> Coach.valid takes 0.513999 seconds ...
[Epoch 041 Telemetry] Loss: 0.280556 | lambda_nlgcl=0.0100 | 54050.9 samples/s | 2.19s
[Coach] >>> TRAIN @Epoch: 41 >>>  || LOSS Avg: 0.28056
[Wall TIME] >>> Coach.train takes 2.194317 seconds ...
[Epoch 042 Telemetry] Loss: 0.278339 | lambda_nlgcl=0.0100 | 52800.3 samples/s | 2.25s
[Coach] >>> TRAIN @Epoch: 42 >>>  || LOSS Avg: 0.27834
[Wall TIME] >>> Coach.train takes 2.246145 seconds ...
[Epoch 043 Telemetry] Loss: 0.275691 | lambda_nlgcl=0.0100 | 53852.6 samples/s | 2.20s
[Coach] >>> TRAIN @Epoch: 43 >>>  || LOSS Avg: 0.27569
[Wall TIME] >>> Coach.train takes 2.202189 seconds ...
[Epoch 044 Telemetry] Loss: 0.272899 | lambda_nlgcl=0.0100 | 46303.1 samples/s | 2.56s
[Coach] >>> TRAIN @Epoch: 44 >>>  || LOSS Avg: 0.27290
[Wall TIME] >>> Coach.train takes 2.561110 seconds ...
[Epoch 045 Telemetry] Loss: 0.270620 | lambda_nlgcl=0.0100 | 55007.4 samples/s | 2.16s
[Coach] >>> TRAIN @Epoch: 45 >>>  || LOSS Avg: 0.27062
[Wall TIME] >>> Coach.train takes 2.155902 seconds ...
[Coach] >>> Better ***NDCG@20*** of ***0.0401*** 
[Coach] >>> VALID @Epoch: 45 >>>  || RECALL@1 Avg: 0.0119 || RECALL@10 Avg: 0.0594 || RECALL@20 Avg: 0.0913 || NDCG@10 Avg: 0.0320 || NDCG@20 Avg: 0.0401
[Wall TIME] >>> Coach.valid takes 0.513046 seconds ...
[Epoch 046 Telemetry] Loss: 0.269218 | lambda_nlgcl=0.0100 | 54488.5 samples/s | 2.18s
[Coach] >>> TRAIN @Epoch: 46 >>>  || LOSS Avg: 0.26922
[Wall TIME] >>> Coach.train takes 2.176435 seconds ...
[Epoch 047 Telemetry] Loss: 0.266807 | lambda_nlgcl=0.0100 | 54150.0 samples/s | 2.19s
[Coach] >>> TRAIN @Epoch: 47 >>>  || LOSS Avg: 0.26681
[Wall TIME] >>> Coach.train takes 2.189995 seconds ...
[Epoch 048 Telemetry] Loss: 0.264844 | lambda_nlgcl=0.0100 | 46891.9 samples/s | 2.53s
[Coach] >>> TRAIN @Epoch: 48 >>>  || LOSS Avg: 0.26484
[Wall TIME] >>> Coach.train takes 2.528941 seconds ...
[Epoch 049 Telemetry] Loss: 0.262623 | lambda_nlgcl=0.0100 | 55099.3 samples/s | 2.15s
[Coach] >>> TRAIN @Epoch: 49 >>>  || LOSS Avg: 0.26262
[Wall TIME] >>> Coach.train takes 2.152328 seconds ...
[Epoch 050 Telemetry] Loss: 0.260777 | lambda_nlgcl=0.0100 | 54950.7 samples/s | 2.16s
[Coach] >>> TRAIN @Epoch: 50 >>>  || LOSS Avg: 0.26078
[Wall TIME] >>> Coach.train takes 2.158223 seconds ...
[Coach] >>> Better ***NDCG@20*** of ***0.0408*** 
[Coach] >>> VALID @Epoch: 50 >>>  || RECALL@1 Avg: 0.0120 || RECALL@10 Avg: 0.0600 || RECALL@20 Avg: 0.0929 || NDCG@10 Avg: 0.0325 || NDCG@20 Avg: 0.0408
[Wall TIME] >>> Coach.valid takes 0.509408 seconds ...
[Epoch 051 Telemetry] Loss: 0.258601 | lambda_nlgcl=0.0100 | 54113.8 samples/s | 2.19s
[Coach] >>> TRAIN @Epoch: 51 >>>  || LOSS Avg: 0.25860
[Wall TIME] >>> Coach.train takes 2.191681 seconds ...
[Epoch 052 Telemetry] Loss: 0.257108 | lambda_nlgcl=0.0100 | 45478.1 samples/s | 2.61s
[Coach] >>> TRAIN @Epoch: 52 >>>  || LOSS Avg: 0.25711
[Wall TIME] >>> Coach.train takes 2.607620 seconds ...
[Epoch 053 Telemetry] Loss: 0.254932 | lambda_nlgcl=0.0100 | 53865.4 samples/s | 2.20s
[Coach] >>> TRAIN @Epoch: 53 >>>  || LOSS Avg: 0.25493
[Wall TIME] >>> Coach.train takes 2.201748 seconds ...
[Epoch 054 Telemetry] Loss: 0.254305 | lambda_nlgcl=0.0100 | 54547.1 samples/s | 2.17s
[Coach] >>> TRAIN @Epoch: 54 >>>  || LOSS Avg: 0.25430
[Wall TIME] >>> Coach.train takes 2.174161 seconds ...
[Epoch 055 Telemetry] Loss: 0.252631 | lambda_nlgcl=0.0100 | 54255.0 samples/s | 2.19s
[Coach] >>> TRAIN @Epoch: 55 >>>  || LOSS Avg: 0.25263
[Wall TIME] >>> Coach.train takes 2.185884 seconds ...
[Coach] >>> Better ***NDCG@20*** of ***0.0412*** 
[Coach] >>> VALID @Epoch: 55 >>>  || RECALL@1 Avg: 0.0121 || RECALL@10 Avg: 0.0612 || RECALL@20 Avg: 0.0942 || NDCG@10 Avg: 0.0328 || NDCG@20 Avg: 0.0412
[Wall TIME] >>> Coach.valid takes 0.516980 seconds ...
[Epoch 056 Telemetry] Loss: 0.251444 | lambda_nlgcl=0.0100 | 45789.7 samples/s | 2.59s
[Coach] >>> TRAIN @Epoch: 56 >>>  || LOSS Avg: 0.25144
[Wall TIME] >>> Coach.train takes 2.589811 seconds ...
[Epoch 057 Telemetry] Loss: 0.250184 | lambda_nlgcl=0.0100 | 53500.0 samples/s | 2.22s
[Coach] >>> TRAIN @Epoch: 57 >>>  || LOSS Avg: 0.25018
[Wall TIME] >>> Coach.train takes 2.216723 seconds ...
[Epoch 058 Telemetry] Loss: 0.248205 | lambda_nlgcl=0.0100 | 54076.2 samples/s | 2.19s
[Coach] >>> TRAIN @Epoch: 58 >>>  || LOSS Avg: 0.24820
[Wall TIME] >>> Coach.train takes 2.192985 seconds ...
[Epoch 059 Telemetry] Loss: 0.247271 | lambda_nlgcl=0.0100 | 54340.2 samples/s | 2.18s
[Coach] >>> TRAIN @Epoch: 59 >>>  || LOSS Avg: 0.24727
[Wall TIME] >>> Coach.train takes 2.182298 seconds ...
[Epoch 060 Telemetry] Loss: 0.245731 | lambda_nlgcl=0.0100 | 46711.9 samples/s | 2.54s
[Coach] >>> TRAIN @Epoch: 60 >>>  || LOSS Avg: 0.24573
[Wall TIME] >>> Coach.train takes 2.538650 seconds ...
[Coach] >>> Better ***NDCG@20*** of ***0.0417*** 
[Coach] >>> VALID @Epoch: 60 >>>  || RECALL@1 Avg: 0.0125 || RECALL@10 Avg: 0.0616 || RECALL@20 Avg: 0.0951 || NDCG@10 Avg: 0.0332 || NDCG@20 Avg: 0.0417
[Wall TIME] >>> Coach.valid takes 0.507804 seconds ...
[Epoch 061 Telemetry] Loss: 0.245100 | lambda_nlgcl=0.0100 | 55116.5 samples/s | 2.15s
[Coach] >>> TRAIN @Epoch: 61 >>>  || LOSS Avg: 0.24510
[Wall TIME] >>> Coach.train takes 2.151686 seconds ...
[Epoch 062 Telemetry] Loss: 0.243188 | lambda_nlgcl=0.0100 | 55075.4 samples/s | 2.15s
[Coach] >>> TRAIN @Epoch: 62 >>>  || LOSS Avg: 0.24319
[Wall TIME] >>> Coach.train takes 2.153214 seconds ...
[Epoch 063 Telemetry] Loss: 0.242219 | lambda_nlgcl=0.0100 | 54346.9 samples/s | 2.18s
[Coach] >>> TRAIN @Epoch: 63 >>>  || LOSS Avg: 0.24222
[Wall TIME] >>> Coach.train takes 2.182148 seconds ...
[Epoch 064 Telemetry] Loss: 0.241408 | lambda_nlgcl=0.0100 | 46818.9 samples/s | 2.53s
[Coach] >>> TRAIN @Epoch: 64 >>>  || LOSS Avg: 0.24141
[Wall TIME] >>> Coach.train takes 2.532857 seconds ...
[Epoch 065 Telemetry] Loss: 0.239677 | lambda_nlgcl=0.0100 | 52362.5 samples/s | 2.26s
[Coach] >>> TRAIN @Epoch: 65 >>>  || LOSS Avg: 0.23968
[Wall TIME] >>> Coach.train takes 2.264883 seconds ...
[Coach] >>> Better ***NDCG@20*** of ***0.0417*** 
[Coach] >>> VALID @Epoch: 65 >>>  || RECALL@1 Avg: 0.0120 || RECALL@10 Avg: 0.0620 || RECALL@20 Avg: 0.0958 || NDCG@10 Avg: 0.0331 || NDCG@20 Avg: 0.0417
[Wall TIME] >>> Coach.valid takes 0.523105 seconds ...
[Epoch 066 Telemetry] Loss: 0.239301 | lambda_nlgcl=0.0100 | 54308.3 samples/s | 2.18s
[Coach] >>> TRAIN @Epoch: 66 >>>  || LOSS Avg: 0.23930
[Wall TIME] >>> Coach.train takes 2.183651 seconds ...
[Epoch 067 Telemetry] Loss: 0.238188 | lambda_nlgcl=0.0100 | 54113.2 samples/s | 2.19s
[Coach] >>> TRAIN @Epoch: 67 >>>  || LOSS Avg: 0.23819
[Wall TIME] >>> Coach.train takes 2.191686 seconds ...
[Epoch 068 Telemetry] Loss: 0.236602 | lambda_nlgcl=0.0100 | 53846.4 samples/s | 2.20s
[Coach] >>> TRAIN @Epoch: 68 >>>  || LOSS Avg: 0.23660
[Wall TIME] >>> Coach.train takes 2.202417 seconds ...
[Epoch 069 Telemetry] Loss: 0.236716 | lambda_nlgcl=0.0100 | 45350.2 samples/s | 2.61s
[Coach] >>> TRAIN @Epoch: 69 >>>  || LOSS Avg: 0.23672
[Wall TIME] >>> Coach.train takes 2.614958 seconds ...
[Epoch 070 Telemetry] Loss: 0.235638 | lambda_nlgcl=0.0100 | 53950.7 samples/s | 2.20s
[Coach] >>> TRAIN @Epoch: 70 >>>  || LOSS Avg: 0.23564
[Wall TIME] >>> Coach.train takes 2.198173 seconds ...
[Coach] >>> Better ***NDCG@20*** of ***0.0419*** 
[Coach] >>> VALID @Epoch: 70 >>>  || RECALL@1 Avg: 0.0122 || RECALL@10 Avg: 0.0615 || RECALL@20 Avg: 0.0959 || NDCG@10 Avg: 0.0332 || NDCG@20 Avg: 0.0419
[Wall TIME] >>> Coach.valid takes 0.518377 seconds ...
[Epoch 071 Telemetry] Loss: 0.234665 | lambda_nlgcl=0.0100 | 54246.8 samples/s | 2.19s
[Coach] >>> TRAIN @Epoch: 71 >>>  || LOSS Avg: 0.23466
[Wall TIME] >>> Coach.train takes 2.186147 seconds ...
[Epoch 072 Telemetry] Loss: 0.233579 | lambda_nlgcl=0.0100 | 55366.9 samples/s | 2.14s
[Coach] >>> TRAIN @Epoch: 72 >>>  || LOSS Avg: 0.23358
[Wall TIME] >>> Coach.train takes 2.141980 seconds ...
[Epoch 073 Telemetry] Loss: 0.233123 | lambda_nlgcl=0.0100 | 46683.0 samples/s | 2.54s
[Coach] >>> TRAIN @Epoch: 73 >>>  || LOSS Avg: 0.23312
[Wall TIME] >>> Coach.train takes 2.540310 seconds ...
[Epoch 074 Telemetry] Loss: 0.232269 | lambda_nlgcl=0.0100 | 54179.4 samples/s | 2.19s
[Coach] >>> TRAIN @Epoch: 74 >>>  || LOSS Avg: 0.23227
[Wall TIME] >>> Coach.train takes 2.188932 seconds ...
[Epoch 075 Telemetry] Loss: 0.231526 | lambda_nlgcl=0.0100 | 55063.2 samples/s | 2.15s
[Coach] >>> TRAIN @Epoch: 75 >>>  || LOSS Avg: 0.23153
[Wall TIME] >>> Coach.train takes 2.153774 seconds ...
[Coach] >>> Better ***NDCG@20*** of ***0.0419*** 
[Coach] >>> VALID @Epoch: 75 >>>  || RECALL@1 Avg: 0.0119 || RECALL@10 Avg: 0.0619 || RECALL@20 Avg: 0.0961 || NDCG@10 Avg: 0.0333 || NDCG@20 Avg: 0.0419
[Wall TIME] >>> Coach.valid takes 0.514205 seconds ...
[Epoch 076 Telemetry] Loss: 0.229981 | lambda_nlgcl=0.0100 | 53966.4 samples/s | 2.20s
[Coach] >>> TRAIN @Epoch: 76 >>>  || LOSS Avg: 0.22998
[Wall TIME] >>> Coach.train takes 2.197516 seconds ...
[Epoch 077 Telemetry] Loss: 0.230285 | lambda_nlgcl=0.0100 | 45711.2 samples/s | 2.59s
[Coach] >>> TRAIN @Epoch: 77 >>>  || LOSS Avg: 0.23028
[Wall TIME] >>> Coach.train takes 2.594371 seconds ...
[Epoch 078 Telemetry] Loss: 0.228892 | lambda_nlgcl=0.0100 | 53534.8 samples/s | 2.21s
[Coach] >>> TRAIN @Epoch: 78 >>>  || LOSS Avg: 0.22889
[Wall TIME] >>> Coach.train takes 2.215150 seconds ...
[Epoch 079 Telemetry] Loss: 0.228707 | lambda_nlgcl=0.0100 | 53936.0 samples/s | 2.20s
[Coach] >>> TRAIN @Epoch: 79 >>>  || LOSS Avg: 0.22871
[Wall TIME] >>> Coach.train takes 2.198833 seconds ...
[Epoch 080 Telemetry] Loss: 0.228031 | lambda_nlgcl=0.0100 | 55152.9 samples/s | 2.15s
[Coach] >>> TRAIN @Epoch: 80 >>>  || LOSS Avg: 0.22803
[Wall TIME] >>> Coach.train takes 2.150265 seconds ...
[Coach] >>> VALID @Epoch: 80 >>>  || RECALL@1 Avg: 0.0117 || RECALL@10 Avg: 0.0620 || RECALL@20 Avg: 0.0962 || NDCG@10 Avg: 0.0331 || NDCG@20 Avg: 0.0418
[Wall TIME] >>> Coach.valid takes 0.485091 seconds ...
[Epoch 081 Telemetry] Loss: 0.227225 | lambda_nlgcl=0.0100 | 46373.5 samples/s | 2.56s
[Coach] >>> TRAIN @Epoch: 81 >>>  || LOSS Avg: 0.22723
[Wall TIME] >>> Coach.train takes 2.557198 seconds ...
[Epoch 082 Telemetry] Loss: 0.226572 | lambda_nlgcl=0.0100 | 54286.1 samples/s | 2.18s
[Coach] >>> TRAIN @Epoch: 82 >>>  || LOSS Avg: 0.22657
[Wall TIME] >>> Coach.train takes 2.184639 seconds ...
[Epoch 083 Telemetry] Loss: 0.226158 | lambda_nlgcl=0.0100 | 54829.6 samples/s | 2.16s
[Coach] >>> TRAIN @Epoch: 83 >>>  || LOSS Avg: 0.22616
[Wall TIME] >>> Coach.train takes 2.162965 seconds ...
[Epoch 084 Telemetry] Loss: 0.225726 | lambda_nlgcl=0.0100 | 54022.1 samples/s | 2.19s
[Coach] >>> TRAIN @Epoch: 84 >>>  || LOSS Avg: 0.22573
[Wall TIME] >>> Coach.train takes 2.195355 seconds ...
[Epoch 085 Telemetry] Loss: 0.224939 | lambda_nlgcl=0.0100 | 47239.1 samples/s | 2.51s
[Coach] >>> TRAIN @Epoch: 85 >>>  || LOSS Avg: 0.22494
[Wall TIME] >>> Coach.train takes 2.510374 seconds ...
[Coach] >>> VALID @Epoch: 85 >>>  || RECALL@1 Avg: 0.0118 || RECALL@10 Avg: 0.0626 || RECALL@20 Avg: 0.0960 || NDCG@10 Avg: 0.0333 || NDCG@20 Avg: 0.0418
[Wall TIME] >>> Coach.valid takes 0.508951 seconds ...
[Epoch 086 Telemetry] Loss: 0.224186 | lambda_nlgcl=0.0100 | 54515.7 samples/s | 2.17s
[Coach] >>> TRAIN @Epoch: 86 >>>  || LOSS Avg: 0.22419
[Wall TIME] >>> Coach.train takes 2.175447 seconds ...
[Epoch 087 Telemetry] Loss: 0.223986 | lambda_nlgcl=0.0100 | 54149.7 samples/s | 2.19s
[Coach] >>> TRAIN @Epoch: 87 >>>  || LOSS Avg: 0.22399
[Wall TIME] >>> Coach.train takes 2.190093 seconds ...
[Epoch 088 Telemetry] Loss: 0.223154 | lambda_nlgcl=0.0100 | 54449.9 samples/s | 2.18s
[Coach] >>> TRAIN @Epoch: 88 >>>  || LOSS Avg: 0.22315
[Wall TIME] >>> Coach.train takes 2.178108 seconds ...
[Epoch 089 Telemetry] Loss: 0.222783 | lambda_nlgcl=0.0100 | 46429.2 samples/s | 2.55s
[Coach] >>> TRAIN @Epoch: 89 >>>  || LOSS Avg: 0.22278
[Wall TIME] >>> Coach.train takes 2.554177 seconds ...
[Epoch 090 Telemetry] Loss: 0.222091 | lambda_nlgcl=0.0100 | 52801.9 samples/s | 2.25s
[Coach] >>> TRAIN @Epoch: 90 >>>  || LOSS Avg: 0.22209
[Wall TIME] >>> Coach.train takes 2.246055 seconds ...
[Coach] >>> Better ***NDCG@20*** of ***0.0419*** 
[Coach] >>> VALID @Epoch: 90 >>>  || RECALL@1 Avg: 0.0118 || RECALL@10 Avg: 0.0624 || RECALL@20 Avg: 0.0965 || NDCG@10 Avg: 0.0333 || NDCG@20 Avg: 0.0419
[Wall TIME] >>> Coach.valid takes 0.509610 seconds ...
[Epoch 091 Telemetry] Loss: 0.222013 | lambda_nlgcl=0.0100 | 54579.2 samples/s | 2.17s
[Coach] >>> TRAIN @Epoch: 91 >>>  || LOSS Avg: 0.22201
[Wall TIME] >>> Coach.train takes 2.172833 seconds ...
[Epoch 092 Telemetry] Loss: 0.220766 | lambda_nlgcl=0.0100 | 54093.5 samples/s | 2.19s
[Coach] >>> TRAIN @Epoch: 92 >>>  || LOSS Avg: 0.22077
[Wall TIME] >>> Coach.train takes 2.192377 seconds ...
[Epoch 093 Telemetry] Loss: 0.220264 | lambda_nlgcl=0.0100 | 54963.5 samples/s | 2.16s
[Coach] >>> TRAIN @Epoch: 93 >>>  || LOSS Avg: 0.22026
[Wall TIME] >>> Coach.train takes 2.157710 seconds ...
[Epoch 094 Telemetry] Loss: 0.220120 | lambda_nlgcl=0.0100 | 46418.4 samples/s | 2.55s
[Coach] >>> TRAIN @Epoch: 94 >>>  || LOSS Avg: 0.22012
[Wall TIME] >>> Coach.train takes 2.554685 seconds ...
[Epoch 095 Telemetry] Loss: 0.219884 | lambda_nlgcl=0.0100 | 54606.5 samples/s | 2.17s
[Coach] >>> TRAIN @Epoch: 95 >>>  || LOSS Avg: 0.21988
[Wall TIME] >>> Coach.train takes 2.171715 seconds ...
[Coach] >>> Better ***NDCG@20*** of ***0.0422*** 
[Coach] >>> VALID @Epoch: 95 >>>  || RECALL@1 Avg: 0.0121 || RECALL@10 Avg: 0.0630 || RECALL@20 Avg: 0.0968 || NDCG@10 Avg: 0.0336 || NDCG@20 Avg: 0.0422
[Wall TIME] >>> Coach.valid takes 0.527885 seconds ...
[Epoch 096 Telemetry] Loss: 0.219041 | lambda_nlgcl=0.0100 | 55089.7 samples/s | 2.15s
[Coach] >>> TRAIN @Epoch: 96 >>>  || LOSS Avg: 0.21904
[Wall TIME] >>> Coach.train takes 2.152590 seconds ...
[Epoch 097 Telemetry] Loss: 0.219673 | lambda_nlgcl=0.0100 | 54979.4 samples/s | 2.16s
[Coach] >>> TRAIN @Epoch: 97 >>>  || LOSS Avg: 0.21967
[Wall TIME] >>> Coach.train takes 2.157048 seconds ...
[Epoch 098 Telemetry] Loss: 0.218616 | lambda_nlgcl=0.0100 | 46503.3 samples/s | 2.55s
[Coach] >>> TRAIN @Epoch: 98 >>>  || LOSS Avg: 0.21862
[Wall TIME] >>> Coach.train takes 2.550183 seconds ...
[Epoch 099 Telemetry] Loss: 0.217821 | lambda_nlgcl=0.0100 | 54701.1 samples/s | 2.17s
[Coach] >>> TRAIN @Epoch: 99 >>>  || LOSS Avg: 0.21782
[Wall TIME] >>> Coach.train takes 2.168057 seconds ...
[Epoch 100 Telemetry] Loss: 0.217011 | lambda_nlgcl=0.0100 | 54069.5 samples/s | 2.19s
[Coach] >>> TRAIN @Epoch: 100 >>>  || LOSS Avg: 0.21701
[Wall TIME] >>> Coach.train takes 2.193371 seconds ...
[Coach] >>> Better ***NDCG@20*** of ***0.0425*** 
[Coach] >>> VALID @Epoch: 100 >>>  || RECALL@1 Avg: 0.0122 || RECALL@10 Avg: 0.0632 || RECALL@20 Avg: 0.0980 || NDCG@10 Avg: 0.0337 || NDCG@20 Avg: 0.0425
[Wall TIME] >>> Coach.valid takes 0.513258 seconds ...
[Epoch 101 Telemetry] Loss: 0.217440 | lambda_nlgcl=0.0100 | 54242.6 samples/s | 2.19s
[Coach] >>> TRAIN @Epoch: 101 >>>  || LOSS Avg: 0.21744
[Wall TIME] >>> Coach.train takes 2.186469 seconds ...
[Epoch 102 Telemetry] Loss: 0.216419 | lambda_nlgcl=0.0100 | 46024.4 samples/s | 2.58s
[Coach] >>> TRAIN @Epoch: 102 >>>  || LOSS Avg: 0.21642
[Wall TIME] >>> Coach.train takes 2.576603 seconds ...
[Epoch 103 Telemetry] Loss: 0.217006 | lambda_nlgcl=0.0100 | 54430.4 samples/s | 2.18s
[Coach] >>> TRAIN @Epoch: 103 >>>  || LOSS Avg: 0.21701
[Wall TIME] >>> Coach.train takes 2.178776 seconds ...
[Epoch 104 Telemetry] Loss: 0.216349 | lambda_nlgcl=0.0100 | 54458.6 samples/s | 2.18s
[Coach] >>> TRAIN @Epoch: 104 >>>  || LOSS Avg: 0.21635
[Wall TIME] >>> Coach.train takes 2.177726 seconds ...
[Epoch 105 Telemetry] Loss: 0.215678 | lambda_nlgcl=0.0100 | 54035.7 samples/s | 2.19s
[Coach] >>> TRAIN @Epoch: 105 >>>  || LOSS Avg: 0.21568
[Wall TIME] >>> Coach.train takes 2.194802 seconds ...
[Coach] >>> VALID @Epoch: 105 >>>  || RECALL@1 Avg: 0.0126 || RECALL@10 Avg: 0.0632 || RECALL@20 Avg: 0.0971 || NDCG@10 Avg: 0.0338 || NDCG@20 Avg: 0.0424
[Wall TIME] >>> Coach.valid takes 0.486855 seconds ...
[Epoch 106 Telemetry] Loss: 0.215145 | lambda_nlgcl=0.0100 | 47109.7 samples/s | 2.52s
[Coach] >>> TRAIN @Epoch: 106 >>>  || LOSS Avg: 0.21514
[Wall TIME] >>> Coach.train takes 2.517813 seconds ...
[Epoch 107 Telemetry] Loss: 0.214898 | lambda_nlgcl=0.0100 | 54505.4 samples/s | 2.18s
[Coach] >>> TRAIN @Epoch: 107 >>>  || LOSS Avg: 0.21490
[Wall TIME] >>> Coach.train takes 2.175924 seconds ...
[Epoch 108 Telemetry] Loss: 0.215504 | lambda_nlgcl=0.0100 | 55006.7 samples/s | 2.16s
[Coach] >>> TRAIN @Epoch: 108 >>>  || LOSS Avg: 0.21550
[Wall TIME] >>> Coach.train takes 2.155977 seconds ...
[Epoch 109 Telemetry] Loss: 0.214367 | lambda_nlgcl=0.0100 | 55072.2 samples/s | 2.15s
[Coach] >>> TRAIN @Epoch: 109 >>>  || LOSS Avg: 0.21437
[Wall TIME] >>> Coach.train takes 2.153425 seconds ...
[Epoch 110 Telemetry] Loss: 0.213795 | lambda_nlgcl=0.0100 | 47551.2 samples/s | 2.49s
[Coach] >>> TRAIN @Epoch: 110 >>>  || LOSS Avg: 0.21379
[Wall TIME] >>> Coach.train takes 2.493903 seconds ...
[Coach] >>> VALID @Epoch: 110 >>>  || RECALL@1 Avg: 0.0122 || RECALL@10 Avg: 0.0634 || RECALL@20 Avg: 0.0978 || NDCG@10 Avg: 0.0336 || NDCG@20 Avg: 0.0424
[Wall TIME] >>> Coach.valid takes 0.483953 seconds ...
[Epoch 111 Telemetry] Loss: 0.212859 | lambda_nlgcl=0.0100 | 54482.5 samples/s | 2.18s
[Coach] >>> TRAIN @Epoch: 111 >>>  || LOSS Avg: 0.21286
[Wall TIME] >>> Coach.train takes 2.176702 seconds ...
[Epoch 112 Telemetry] Loss: 0.213513 | lambda_nlgcl=0.0100 | 54238.7 samples/s | 2.19s
[Coach] >>> TRAIN @Epoch: 112 >>>  || LOSS Avg: 0.21351
[Wall TIME] >>> Coach.train takes 2.186526 seconds ...
[Epoch 113 Telemetry] Loss: 0.213193 | lambda_nlgcl=0.0100 | 54485.7 samples/s | 2.18s
[Coach] >>> TRAIN @Epoch: 113 >>>  || LOSS Avg: 0.21319
[Wall TIME] >>> Coach.train takes 2.176597 seconds ...
[Epoch 114 Telemetry] Loss: 0.212393 | lambda_nlgcl=0.0100 | 47262.2 samples/s | 2.51s
[Coach] >>> TRAIN @Epoch: 114 >>>  || LOSS Avg: 0.21239
[Wall TIME] >>> Coach.train takes 2.509247 seconds ...
[Epoch 115 Telemetry] Loss: 0.212329 | lambda_nlgcl=0.0100 | 53195.6 samples/s | 2.23s
[Coach] >>> TRAIN @Epoch: 115 >>>  || LOSS Avg: 0.21233
[Wall TIME] >>> Coach.train takes 2.229308 seconds ...
[Coach] >>> Better ***NDCG@20*** of ***0.0426*** 
[Coach] >>> VALID @Epoch: 115 >>>  || RECALL@1 Avg: 0.0121 || RECALL@10 Avg: 0.0634 || RECALL@20 Avg: 0.0983 || NDCG@10 Avg: 0.0337 || NDCG@20 Avg: 0.0426
[Wall TIME] >>> Coach.valid takes 0.523578 seconds ...
[Epoch 116 Telemetry] Loss: 0.212028 | lambda_nlgcl=0.0100 | 53655.5 samples/s | 2.21s
[Coach] >>> TRAIN @Epoch: 116 >>>  || LOSS Avg: 0.21203
[Wall TIME] >>> Coach.train takes 2.210237 seconds ...
[Epoch 117 Telemetry] Loss: 0.211708 | lambda_nlgcl=0.0100 | 53951.0 samples/s | 2.20s
[Coach] >>> TRAIN @Epoch: 117 >>>  || LOSS Avg: 0.21171
[Wall TIME] >>> Coach.train takes 2.198159 seconds ...
[Epoch 118 Telemetry] Loss: 0.211265 | lambda_nlgcl=0.0100 | 46958.1 samples/s | 2.52s
[Coach] >>> TRAIN @Epoch: 118 >>>  || LOSS Avg: 0.21127
[Wall TIME] >>> Coach.train takes 2.525429 seconds ...
[Epoch 119 Telemetry] Loss: 0.211440 | lambda_nlgcl=0.0100 | 53591.2 samples/s | 2.21s
[Coach] >>> TRAIN @Epoch: 119 >>>  || LOSS Avg: 0.21144
[Wall TIME] >>> Coach.train takes 2.212938 seconds ...
[Epoch 120 Telemetry] Loss: 0.210798 | lambda_nlgcl=0.0100 | 54899.3 samples/s | 2.16s
[Coach] >>> TRAIN @Epoch: 120 >>>  || LOSS Avg: 0.21080
[Wall TIME] >>> Coach.train takes 2.160220 seconds ...
[Coach] >>> Better ***NDCG@20*** of ***0.0426*** 
[Coach] >>> VALID @Epoch: 120 >>>  || RECALL@1 Avg: 0.0120 || RECALL@10 Avg: 0.0628 || RECALL@20 Avg: 0.0985 || NDCG@10 Avg: 0.0335 || NDCG@20 Avg: 0.0426
[Wall TIME] >>> Coach.valid takes 0.511591 seconds ...
[Epoch 121 Telemetry] Loss: 0.210839 | lambda_nlgcl=0.0100 | 54358.5 samples/s | 2.18s
[Coach] >>> TRAIN @Epoch: 121 >>>  || LOSS Avg: 0.21084
[Wall TIME] >>> Coach.train takes 2.181656 seconds ...
[Epoch 122 Telemetry] Loss: 0.211073 | lambda_nlgcl=0.0100 | 55158.8 samples/s | 2.15s
[Coach] >>> TRAIN @Epoch: 122 >>>  || LOSS Avg: 0.21107
[Wall TIME] >>> Coach.train takes 2.150017 seconds ...
[Epoch 123 Telemetry] Loss: 0.209922 | lambda_nlgcl=0.0100 | 46666.0 samples/s | 2.54s
[Coach] >>> TRAIN @Epoch: 123 >>>  || LOSS Avg: 0.20992
[Wall TIME] >>> Coach.train takes 2.541166 seconds ...
[Epoch 124 Telemetry] Loss: 0.209965 | lambda_nlgcl=0.0100 | 55221.3 samples/s | 2.15s
[Coach] >>> TRAIN @Epoch: 124 >>>  || LOSS Avg: 0.20996
[Wall TIME] >>> Coach.train takes 2.147626 seconds ...
[Epoch 125 Telemetry] Loss: 0.210343 | lambda_nlgcl=0.0100 | 54486.3 samples/s | 2.18s
[Coach] >>> TRAIN @Epoch: 125 >>>  || LOSS Avg: 0.21034
[Wall TIME] >>> Coach.train takes 2.176589 seconds ...
[Coach] >>> Better ***NDCG@20*** of ***0.0427*** 
[Coach] >>> VALID @Epoch: 125 >>>  || RECALL@1 Avg: 0.0119 || RECALL@10 Avg: 0.0637 || RECALL@20 Avg: 0.0985 || NDCG@10 Avg: 0.0339 || NDCG@20 Avg: 0.0427
[Wall TIME] >>> Coach.valid takes 0.521158 seconds ...
[Epoch 126 Telemetry] Loss: 0.209832 | lambda_nlgcl=0.0100 | 53336.8 samples/s | 2.22s
[Coach] >>> TRAIN @Epoch: 126 >>>  || LOSS Avg: 0.20983
[Wall TIME] >>> Coach.train takes 2.223351 seconds ...
[Epoch 127 Telemetry] Loss: 0.209031 | lambda_nlgcl=0.0100 | 46796.9 samples/s | 2.53s
[Coach] >>> TRAIN @Epoch: 127 >>>  || LOSS Avg: 0.20903
[Wall TIME] >>> Coach.train takes 2.534066 seconds ...
[Epoch 128 Telemetry] Loss: 0.208921 | lambda_nlgcl=0.0100 | 52985.8 samples/s | 2.24s
[Coach] >>> TRAIN @Epoch: 128 >>>  || LOSS Avg: 0.20892
[Wall TIME] >>> Coach.train takes 2.238287 seconds ...
[Epoch 129 Telemetry] Loss: 0.209126 | lambda_nlgcl=0.0100 | 54329.4 samples/s | 2.18s
[Coach] >>> TRAIN @Epoch: 129 >>>  || LOSS Avg: 0.20913
[Wall TIME] >>> Coach.train takes 2.182878 seconds ...
[Epoch 130 Telemetry] Loss: 0.208350 | lambda_nlgcl=0.0100 | 53507.0 samples/s | 2.22s
[Coach] >>> TRAIN @Epoch: 130 >>>  || LOSS Avg: 0.20835
[Wall TIME] >>> Coach.train takes 2.216297 seconds ...
[Coach] >>> Better ***NDCG@20*** of ***0.0430*** 
[Coach] >>> VALID @Epoch: 130 >>>  || RECALL@1 Avg: 0.0129 || RECALL@10 Avg: 0.0641 || RECALL@20 Avg: 0.0981 || NDCG@10 Avg: 0.0343 || NDCG@20 Avg: 0.0430
[Wall TIME] >>> Coach.valid takes 0.513478 seconds ...
[Epoch 131 Telemetry] Loss: 0.208044 | lambda_nlgcl=0.0100 | 46444.6 samples/s | 2.55s
[Coach] >>> TRAIN @Epoch: 131 >>>  || LOSS Avg: 0.20804
[Wall TIME] >>> Coach.train takes 2.553449 seconds ...
[Epoch 132 Telemetry] Loss: 0.208379 | lambda_nlgcl=0.0100 | 52709.6 samples/s | 2.25s
[Coach] >>> TRAIN @Epoch: 132 >>>  || LOSS Avg: 0.20838
[Wall TIME] >>> Coach.train takes 2.249906 seconds ...
[Epoch 133 Telemetry] Loss: 0.208838 | lambda_nlgcl=0.0100 | 54546.9 samples/s | 2.17s
[Coach] >>> TRAIN @Epoch: 133 >>>  || LOSS Avg: 0.20884
[Wall TIME] >>> Coach.train takes 2.174109 seconds ...
[Epoch 134 Telemetry] Loss: 0.208227 | lambda_nlgcl=0.0100 | 54423.1 samples/s | 2.18s
[Coach] >>> TRAIN @Epoch: 134 >>>  || LOSS Avg: 0.20823
[Wall TIME] >>> Coach.train takes 2.179101 seconds ...
[Epoch 135 Telemetry] Loss: 0.207558 | lambda_nlgcl=0.0100 | 47749.9 samples/s | 2.48s
[Coach] >>> TRAIN @Epoch: 135 >>>  || LOSS Avg: 0.20756
[Wall TIME] >>> Coach.train takes 2.483527 seconds ...
[Coach] >>> VALID @Epoch: 135 >>>  || RECALL@1 Avg: 0.0126 || RECALL@10 Avg: 0.0630 || RECALL@20 Avg: 0.0984 || NDCG@10 Avg: 0.0338 || NDCG@20 Avg: 0.0429
[Wall TIME] >>> Coach.valid takes 0.480463 seconds ...
[Epoch 136 Telemetry] Loss: 0.207876 | lambda_nlgcl=0.0100 | 54063.7 samples/s | 2.19s
[Coach] >>> TRAIN @Epoch: 136 >>>  || LOSS Avg: 0.20788
[Wall TIME] >>> Coach.train takes 2.193558 seconds ...
[Epoch 137 Telemetry] Loss: 0.206778 | lambda_nlgcl=0.0100 | 54564.7 samples/s | 2.17s
[Coach] >>> TRAIN @Epoch: 137 >>>  || LOSS Avg: 0.20678
[Wall TIME] >>> Coach.train takes 2.173437 seconds ...
[Epoch 138 Telemetry] Loss: 0.206798 | lambda_nlgcl=0.0100 | 54853.0 samples/s | 2.16s
[Coach] >>> TRAIN @Epoch: 138 >>>  || LOSS Avg: 0.20680
[Wall TIME] >>> Coach.train takes 2.162062 seconds ...
[Epoch 139 Telemetry] Loss: 0.206955 | lambda_nlgcl=0.0100 | 46504.0 samples/s | 2.55s
[Coach] >>> TRAIN @Epoch: 139 >>>  || LOSS Avg: 0.20696
[Wall TIME] >>> Coach.train takes 2.550084 seconds ...
[Epoch 140 Telemetry] Loss: 0.206605 | lambda_nlgcl=0.0100 | 53232.6 samples/s | 2.23s
[Coach] >>> TRAIN @Epoch: 140 >>>  || LOSS Avg: 0.20661
[Wall TIME] >>> Coach.train takes 2.227916 seconds ...
[Coach] >>> VALID @Epoch: 140 >>>  || RECALL@1 Avg: 0.0125 || RECALL@10 Avg: 0.0626 || RECALL@20 Avg: 0.0988 || NDCG@10 Avg: 0.0336 || NDCG@20 Avg: 0.0428
[Wall TIME] >>> Coach.valid takes 0.489987 seconds ...
[Epoch 141 Telemetry] Loss: 0.206428 | lambda_nlgcl=0.0100 | 54720.4 samples/s | 2.17s
[Coach] >>> TRAIN @Epoch: 141 >>>  || LOSS Avg: 0.20643
[Wall TIME] >>> Coach.train takes 2.167268 seconds ...
[Epoch 142 Telemetry] Loss: 0.206416 | lambda_nlgcl=0.0100 | 54324.0 samples/s | 2.18s
[Coach] >>> TRAIN @Epoch: 142 >>>  || LOSS Avg: 0.20642
[Wall TIME] >>> Coach.train takes 2.183099 seconds ...
[Epoch 143 Telemetry] Loss: 0.206496 | lambda_nlgcl=0.0100 | 47057.7 samples/s | 2.52s
[Coach] >>> TRAIN @Epoch: 143 >>>  || LOSS Avg: 0.20650
[Wall TIME] >>> Coach.train takes 2.519949 seconds ...
[Epoch 144 Telemetry] Loss: 0.205663 | lambda_nlgcl=0.0100 | 54464.5 samples/s | 2.18s
[Coach] >>> TRAIN @Epoch: 144 >>>  || LOSS Avg: 0.20566
[Wall TIME] >>> Coach.train takes 2.177343 seconds ...
[Epoch 145 Telemetry] Loss: 0.205771 | lambda_nlgcl=0.0100 | 53756.0 samples/s | 2.21s
[Coach] >>> TRAIN @Epoch: 145 >>>  || LOSS Avg: 0.20577
[Wall TIME] >>> Coach.train takes 2.206134 seconds ...
[Coach] >>> VALID @Epoch: 145 >>>  || RECALL@1 Avg: 0.0124 || RECALL@10 Avg: 0.0624 || RECALL@20 Avg: 0.0993 || NDCG@10 Avg: 0.0335 || NDCG@20 Avg: 0.0429
[Wall TIME] >>> Coach.valid takes 0.494477 seconds ...
[Epoch 146 Telemetry] Loss: 0.205369 | lambda_nlgcl=0.0100 | 54578.9 samples/s | 2.17s
[Coach] >>> TRAIN @Epoch: 146 >>>  || LOSS Avg: 0.20537
[Wall TIME] >>> Coach.train takes 2.172740 seconds ...
[Epoch 147 Telemetry] Loss: 0.205816 | lambda_nlgcl=0.0100 | 54424.2 samples/s | 2.18s
[Coach] >>> TRAIN @Epoch: 147 >>>  || LOSS Avg: 0.20582
[Wall TIME] >>> Coach.train takes 2.179018 seconds ...
[Epoch 148 Telemetry] Loss: 0.205513 | lambda_nlgcl=0.0100 | 46779.4 samples/s | 2.53s
[Coach] >>> TRAIN @Epoch: 148 >>>  || LOSS Avg: 0.20551
[Wall TIME] >>> Coach.train takes 2.535020 seconds ...
[Epoch 149 Telemetry] Loss: 0.204967 | lambda_nlgcl=0.0100 | 54076.3 samples/s | 2.19s
[Coach] >>> TRAIN @Epoch: 149 >>>  || LOSS Avg: 0.20497
[Wall TIME] >>> Coach.train takes 2.193065 seconds ...
[Epoch 150 Telemetry] Loss: 0.204818 | lambda_nlgcl=0.0100 | 54965.7 samples/s | 2.16s
[Coach] >>> TRAIN @Epoch: 150 >>>  || LOSS Avg: 0.20482
[Wall TIME] >>> Coach.train takes 2.157542 seconds ...
[Coach] >>> VALID @Epoch: 150 >>>  || RECALL@1 Avg: 0.0120 || RECALL@10 Avg: 0.0633 || RECALL@20 Avg: 0.0997 || NDCG@10 Avg: 0.0336 || NDCG@20 Avg: 0.0429
[Wall TIME] >>> Coach.valid takes 0.490009 seconds ...
[Epoch 151 Telemetry] Loss: 0.205138 | lambda_nlgcl=0.0100 | 54460.1 samples/s | 2.18s
[Coach] >>> TRAIN @Epoch: 151 >>>  || LOSS Avg: 0.20514
[Wall TIME] >>> Coach.train takes 2.177619 seconds ...
[Epoch 152 Telemetry] Loss: 0.205075 | lambda_nlgcl=0.0100 | 46743.2 samples/s | 2.54s
[Coach] >>> TRAIN @Epoch: 152 >>>  || LOSS Avg: 0.20507
[Wall TIME] >>> Coach.train takes 2.537067 seconds ...
[Epoch 153 Telemetry] Loss: 0.204185 | lambda_nlgcl=0.0100 | 52036.0 samples/s | 2.28s
[Coach] >>> TRAIN @Epoch: 153 >>>  || LOSS Avg: 0.20419
[Wall TIME] >>> Coach.train takes 2.278987 seconds ...
[Epoch 154 Telemetry] Loss: 0.204751 | lambda_nlgcl=0.0100 | 54014.4 samples/s | 2.19s
[Coach] >>> TRAIN @Epoch: 154 >>>  || LOSS Avg: 0.20475
[Wall TIME] >>> Coach.train takes 2.195620 seconds ...
[Epoch 155 Telemetry] Loss: 0.204048 | lambda_nlgcl=0.0100 | 53112.6 samples/s | 2.23s
[Coach] >>> TRAIN @Epoch: 155 >>>  || LOSS Avg: 0.20405
[Wall TIME] >>> Coach.train takes 2.232763 seconds ...
[Coach] >>> VALID @Epoch: 155 >>>  || RECALL@1 Avg: 0.0123 || RECALL@10 Avg: 0.0633 || RECALL@20 Avg: 0.0990 || NDCG@10 Avg: 0.0337 || NDCG@20 Avg: 0.0428
[Wall TIME] >>> Coach.valid takes 0.496052 seconds ...
[Epoch 156 Telemetry] Loss: 0.204024 | lambda_nlgcl=0.0100 | 46699.9 samples/s | 2.54s
[Coach] >>> TRAIN @Epoch: 156 >>>  || LOSS Avg: 0.20402
[Wall TIME] >>> Coach.train takes 2.539204 seconds ...
[Epoch 157 Telemetry] Loss: 0.204332 | lambda_nlgcl=0.0100 | 53255.8 samples/s | 2.23s
[Coach] >>> TRAIN @Epoch: 157 >>>  || LOSS Avg: 0.20433
[Wall TIME] >>> Coach.train takes 2.226863 seconds ...
[Epoch 158 Telemetry] Loss: 0.204483 | lambda_nlgcl=0.0100 | 54168.1 samples/s | 2.19s
[Coach] >>> TRAIN @Epoch: 158 >>>  || LOSS Avg: 0.20448
[Wall TIME] >>> Coach.train takes 2.189335 seconds ...
[Epoch 159 Telemetry] Loss: 0.203565 | lambda_nlgcl=0.0100 | 54631.1 samples/s | 2.17s
[Coach] >>> TRAIN @Epoch: 159 >>>  || LOSS Avg: 0.20357
[Wall TIME] >>> Coach.train takes 2.170812 seconds ...
[Epoch 160 Telemetry] Loss: 0.203250 | lambda_nlgcl=0.0100 | 47669.5 samples/s | 2.49s
[Coach] >>> TRAIN @Epoch: 160 >>>  || LOSS Avg: 0.20325
[Wall TIME] >>> Coach.train takes 2.487612 seconds ...
[Coach] >>> Better ***NDCG@20*** of ***0.0430*** 
[Coach] >>> VALID @Epoch: 160 >>>  || RECALL@1 Avg: 0.0122 || RECALL@10 Avg: 0.0636 || RECALL@20 Avg: 0.0995 || NDCG@10 Avg: 0.0339 || NDCG@20 Avg: 0.0430
[Wall TIME] >>> Coach.valid takes 0.507507 seconds ...
[Epoch 161 Telemetry] Loss: 0.203189 | lambda_nlgcl=0.0100 | 54404.8 samples/s | 2.18s
[Coach] >>> TRAIN @Epoch: 161 >>>  || LOSS Avg: 0.20319
[Wall TIME] >>> Coach.train takes 2.179831 seconds ...
[Epoch 162 Telemetry] Loss: 0.204061 | lambda_nlgcl=0.0100 | 54990.8 samples/s | 2.16s
[Coach] >>> TRAIN @Epoch: 162 >>>  || LOSS Avg: 0.20406
[Wall TIME] >>> Coach.train takes 2.156607 seconds ...
[Epoch 163 Telemetry] Loss: 0.203058 | lambda_nlgcl=0.0100 | 54610.4 samples/s | 2.17s
[Coach] >>> TRAIN @Epoch: 163 >>>  || LOSS Avg: 0.20306
[Wall TIME] >>> Coach.train takes 2.171680 seconds ...
[Epoch 164 Telemetry] Loss: 0.203174 | lambda_nlgcl=0.0100 | 47176.1 samples/s | 2.51s
[Coach] >>> TRAIN @Epoch: 164 >>>  || LOSS Avg: 0.20317
[Wall TIME] >>> Coach.train takes 2.513709 seconds ...
[Epoch 165 Telemetry] Loss: 0.203516 | lambda_nlgcl=0.0100 | 54632.2 samples/s | 2.17s
[Coach] >>> TRAIN @Epoch: 165 >>>  || LOSS Avg: 0.20352
[Wall TIME] >>> Coach.train takes 2.170790 seconds ...
[Coach] >>> Better ***NDCG@20*** of ***0.0433*** 
[Coach] >>> VALID @Epoch: 165 >>>  || RECALL@1 Avg: 0.0122 || RECALL@10 Avg: 0.0635 || RECALL@20 Avg: 0.1006 || NDCG@10 Avg: 0.0339 || NDCG@20 Avg: 0.0433
[Wall TIME] >>> Coach.valid takes 0.541325 seconds ...
[Epoch 166 Telemetry] Loss: 0.202801 | lambda_nlgcl=0.0100 | 53956.6 samples/s | 2.20s
[Coach] >>> TRAIN @Epoch: 166 >>>  || LOSS Avg: 0.20280
[Wall TIME] >>> Coach.train takes 2.198004 seconds ...
[Epoch 167 Telemetry] Loss: 0.202919 | lambda_nlgcl=0.0100 | 53689.9 samples/s | 2.21s
[Coach] >>> TRAIN @Epoch: 167 >>>  || LOSS Avg: 0.20292
[Wall TIME] >>> Coach.train takes 2.208747 seconds ...
[Epoch 168 Telemetry] Loss: 0.202909 | lambda_nlgcl=0.0100 | 46394.1 samples/s | 2.56s
[Coach] >>> TRAIN @Epoch: 168 >>>  || LOSS Avg: 0.20291
[Wall TIME] >>> Coach.train takes 2.556166 seconds ...
[Epoch 169 Telemetry] Loss: 0.202771 | lambda_nlgcl=0.0100 | 54079.4 samples/s | 2.19s
[Coach] >>> TRAIN @Epoch: 169 >>>  || LOSS Avg: 0.20277
[Wall TIME] >>> Coach.train takes 2.192968 seconds ...
[Epoch 170 Telemetry] Loss: 0.201977 | lambda_nlgcl=0.0100 | 53816.4 samples/s | 2.20s
[Coach] >>> TRAIN @Epoch: 170 >>>  || LOSS Avg: 0.20198
[Wall TIME] >>> Coach.train takes 2.203691 seconds ...
[Coach] >>> VALID @Epoch: 170 >>>  || RECALL@1 Avg: 0.0124 || RECALL@10 Avg: 0.0644 || RECALL@20 Avg: 0.1002 || NDCG@10 Avg: 0.0341 || NDCG@20 Avg: 0.0432
[Wall TIME] >>> Coach.valid takes 0.485718 seconds ...
[Epoch 171 Telemetry] Loss: 0.201960 | lambda_nlgcl=0.0100 | 54281.2 samples/s | 2.18s
[Coach] >>> TRAIN @Epoch: 171 >>>  || LOSS Avg: 0.20196
[Wall TIME] >>> Coach.train takes 2.184731 seconds ...
[Epoch 172 Telemetry] Loss: 0.201860 | lambda_nlgcl=0.0100 | 54938.3 samples/s | 2.16s
[Coach] >>> TRAIN @Epoch: 172 >>>  || LOSS Avg: 0.20186
[Wall TIME] >>> Coach.train takes 2.158607 seconds ...
[Epoch 173 Telemetry] Loss: 0.201953 | lambda_nlgcl=0.0100 | 47575.8 samples/s | 2.49s
[Coach] >>> TRAIN @Epoch: 173 >>>  || LOSS Avg: 0.20195
[Wall TIME] >>> Coach.train takes 2.492603 seconds ...
[Epoch 174 Telemetry] Loss: 0.202112 | lambda_nlgcl=0.0100 | 54314.0 samples/s | 2.18s
[Coach] >>> TRAIN @Epoch: 174 >>>  || LOSS Avg: 0.20211
[Wall TIME] >>> Coach.train takes 2.183609 seconds ...
[Epoch 175 Telemetry] Loss: 0.201650 | lambda_nlgcl=0.0100 | 54756.9 samples/s | 2.17s
[Coach] >>> TRAIN @Epoch: 175 >>>  || LOSS Avg: 0.20165
[Wall TIME] >>> Coach.train takes 2.165797 seconds ...
[Coach] >>> VALID @Epoch: 175 >>>  || RECALL@1 Avg: 0.0124 || RECALL@10 Avg: 0.0629 || RECALL@20 Avg: 0.0994 || NDCG@10 Avg: 0.0336 || NDCG@20 Avg: 0.0430
[Wall TIME] >>> Coach.valid takes 0.492041 seconds ...
[Epoch 176 Telemetry] Loss: 0.201307 | lambda_nlgcl=0.0100 | 54880.7 samples/s | 2.16s
[Coach] >>> TRAIN @Epoch: 176 >>>  || LOSS Avg: 0.20131
[Wall TIME] >>> Coach.train takes 2.160948 seconds ...
[Epoch 177 Telemetry] Loss: 0.201287 | lambda_nlgcl=0.0100 | 46901.9 samples/s | 2.53s
[Coach] >>> TRAIN @Epoch: 177 >>>  || LOSS Avg: 0.20129
[Wall TIME] >>> Coach.train takes 2.528381 seconds ...
[Epoch 178 Telemetry] Loss: 0.202113 | lambda_nlgcl=0.0100 | 52862.9 samples/s | 2.24s
[Coach] >>> TRAIN @Epoch: 178 >>>  || LOSS Avg: 0.20211
[Wall TIME] >>> Coach.train takes 2.243329 seconds ...
[Epoch 179 Telemetry] Loss: 0.202192 | lambda_nlgcl=0.0100 | 53511.9 samples/s | 2.22s
[Coach] >>> TRAIN @Epoch: 179 >>>  || LOSS Avg: 0.20219
[Wall TIME] >>> Coach.train takes 2.216106 seconds ...
[Epoch 180 Telemetry] Loss: 0.201184 | lambda_nlgcl=0.0100 | 54165.9 samples/s | 2.19s
[Coach] >>> TRAIN @Epoch: 180 >>>  || LOSS Avg: 0.20118
[Wall TIME] >>> Coach.train takes 2.189399 seconds ...
[Coach] >>> VALID @Epoch: 180 >>>  || RECALL@1 Avg: 0.0126 || RECALL@10 Avg: 0.0621 || RECALL@20 Avg: 0.0997 || NDCG@10 Avg: 0.0337 || NDCG@20 Avg: 0.0432
[Wall TIME] >>> Coach.valid takes 0.497660 seconds ...
[Epoch 181 Telemetry] Loss: 0.201473 | lambda_nlgcl=0.0100 | 46833.5 samples/s | 2.53s
[Coach] >>> TRAIN @Epoch: 181 >>>  || LOSS Avg: 0.20147
[Wall TIME] >>> Coach.train takes 2.532170 seconds ...
[Epoch 182 Telemetry] Loss: 0.200888 | lambda_nlgcl=0.0100 | 53106.6 samples/s | 2.23s
[Coach] >>> TRAIN @Epoch: 182 >>>  || LOSS Avg: 0.20089
[Wall TIME] >>> Coach.train takes 2.233262 seconds ...
[Epoch 183 Telemetry] Loss: 0.201012 | lambda_nlgcl=0.0100 | 54459.5 samples/s | 2.18s
[Coach] >>> TRAIN @Epoch: 183 >>>  || LOSS Avg: 0.20101
[Wall TIME] >>> Coach.train takes 2.177585 seconds ...
[Epoch 184 Telemetry] Loss: 0.200681 | lambda_nlgcl=0.0100 | 54076.0 samples/s | 2.19s
[Coach] >>> TRAIN @Epoch: 184 >>>  || LOSS Avg: 0.20068
[Wall TIME] >>> Coach.train takes 2.192998 seconds ...
[Epoch 185 Telemetry] Loss: 0.200744 | lambda_nlgcl=0.0100 | 47018.4 samples/s | 2.52s
[Coach] >>> TRAIN @Epoch: 185 >>>  || LOSS Avg: 0.20074
[Wall TIME] >>> Coach.train takes 2.522128 seconds ...
[Coach] >>> VALID @Epoch: 185 >>>  || RECALL@1 Avg: 0.0127 || RECALL@10 Avg: 0.0629 || RECALL@20 Avg: 0.0994 || NDCG@10 Avg: 0.0338 || NDCG@20 Avg: 0.0431
[Wall TIME] >>> Coach.valid takes 0.487570 seconds ...
[Epoch 186 Telemetry] Loss: 0.200249 | lambda_nlgcl=0.0100 | 55113.8 samples/s | 2.15s
[Coach] >>> TRAIN @Epoch: 186 >>>  || LOSS Avg: 0.20025
[Wall TIME] >>> Coach.train takes 2.151818 seconds ...
[Epoch 187 Telemetry] Loss: 0.200498 | lambda_nlgcl=0.0100 | 54566.4 samples/s | 2.17s
[Coach] >>> TRAIN @Epoch: 187 >>>  || LOSS Avg: 0.20050
[Wall TIME] >>> Coach.train takes 2.173384 seconds ...
[Epoch 188 Telemetry] Loss: 0.200845 | lambda_nlgcl=0.0100 | 54746.3 samples/s | 2.17s
[Coach] >>> TRAIN @Epoch: 188 >>>  || LOSS Avg: 0.20085
[Wall TIME] >>> Coach.train takes 2.166260 seconds ...
[Epoch 189 Telemetry] Loss: 0.200979 | lambda_nlgcl=0.0100 | 47143.8 samples/s | 2.51s
[Coach] >>> TRAIN @Epoch: 189 >>>  || LOSS Avg: 0.20098
[Wall TIME] >>> Coach.train takes 2.515384 seconds ...
[Epoch 190 Telemetry] Loss: 0.200545 | lambda_nlgcl=0.0100 | 54027.2 samples/s | 2.19s
[Coach] >>> TRAIN @Epoch: 190 >>>  || LOSS Avg: 0.20054
[Wall TIME] >>> Coach.train takes 2.195095 seconds ...
[Coach] >>> VALID @Epoch: 190 >>>  || RECALL@1 Avg: 0.0124 || RECALL@10 Avg: 0.0625 || RECALL@20 Avg: 0.0995 || NDCG@10 Avg: 0.0336 || NDCG@20 Avg: 0.0430
[Wall TIME] >>> Coach.valid takes 0.488536 seconds ...
[Epoch 191 Telemetry] Loss: 0.200013 | lambda_nlgcl=0.0100 | 53514.1 samples/s | 2.22s
[Coach] >>> TRAIN @Epoch: 191 >>>  || LOSS Avg: 0.20001
[Wall TIME] >>> Coach.train takes 2.216130 seconds ...
[Epoch 192 Telemetry] Loss: 0.200216 | lambda_nlgcl=0.0100 | 54340.6 samples/s | 2.18s
[Coach] >>> TRAIN @Epoch: 192 >>>  || LOSS Avg: 0.20022
[Wall TIME] >>> Coach.train takes 2.182457 seconds ...
[Epoch 193 Telemetry] Loss: 0.200563 | lambda_nlgcl=0.0100 | 46716.0 samples/s | 2.54s
[Coach] >>> TRAIN @Epoch: 193 >>>  || LOSS Avg: 0.20056
[Wall TIME] >>> Coach.train takes 2.538413 seconds ...
[Epoch 194 Telemetry] Loss: 0.200216 | lambda_nlgcl=0.0100 | 54450.2 samples/s | 2.18s
[Coach] >>> TRAIN @Epoch: 194 >>>  || LOSS Avg: 0.20022
[Wall TIME] >>> Coach.train takes 2.178032 seconds ...
[Epoch 195 Telemetry] Loss: 0.200032 | lambda_nlgcl=0.0100 | 52868.6 samples/s | 2.24s
[Coach] >>> TRAIN @Epoch: 195 >>>  || LOSS Avg: 0.20003
[Wall TIME] >>> Coach.train takes 2.243056 seconds ...
[Coach] >>> VALID @Epoch: 195 >>>  || RECALL@1 Avg: 0.0125 || RECALL@10 Avg: 0.0627 || RECALL@20 Avg: 0.0997 || NDCG@10 Avg: 0.0338 || NDCG@20 Avg: 0.0432
[Wall TIME] >>> Coach.valid takes 0.497941 seconds ...
[Epoch 196 Telemetry] Loss: 0.200174 | lambda_nlgcl=0.0100 | 53566.6 samples/s | 2.21s
[Coach] >>> TRAIN @Epoch: 196 >>>  || LOSS Avg: 0.20017
[Wall TIME] >>> Coach.train takes 2.213814 seconds ...
[Epoch 197 Telemetry] Loss: 0.200167 | lambda_nlgcl=0.0100 | 47244.6 samples/s | 2.51s
[Coach] >>> TRAIN @Epoch: 197 >>>  || LOSS Avg: 0.20017
[Wall TIME] >>> Coach.train takes 2.510157 seconds ...
[Epoch 198 Telemetry] Loss: 0.199897 | lambda_nlgcl=0.0100 | 54511.7 samples/s | 2.17s
[Coach] >>> TRAIN @Epoch: 198 >>>  || LOSS Avg: 0.19990
[Wall TIME] >>> Coach.train takes 2.175470 seconds ...
[Epoch 199 Telemetry] Loss: 0.199321 | lambda_nlgcl=0.0100 | 54012.1 samples/s | 2.19s
[Coach] >>> TRAIN @Epoch: 199 >>>  || LOSS Avg: 0.19932
[Wall TIME] >>> Coach.train takes 2.195740 seconds ...
[Epoch 200 Telemetry] Loss: 0.199373 | lambda_nlgcl=0.0100 | 54304.3 samples/s | 2.18s
[Coach] >>> TRAIN @Epoch: 200 >>>  || LOSS Avg: 0.19937
[Wall TIME] >>> Coach.train takes 2.183887 seconds ...
[Coach] >>> VALID @Epoch: 200 >>>  || RECALL@1 Avg: 0.0125 || RECALL@10 Avg: 0.0635 || RECALL@20 Avg: 0.0997 || NDCG@10 Avg: 0.0341 || NDCG@20 Avg: 0.0432
[Wall TIME] >>> Coach.valid takes 0.491014 seconds ...
[Epoch 201 Telemetry] Loss: 0.199157 | lambda_nlgcl=0.0100 | 54792.2 samples/s | 2.16s
[Coach] >>> TRAIN @Epoch: 201 >>>  || LOSS Avg: 0.19916
[Wall TIME] >>> Coach.train takes 2.164309 seconds ...
[Epoch 202 Telemetry] Loss: 0.199386 | lambda_nlgcl=0.0100 | 46787.7 samples/s | 2.53s
[Coach] >>> TRAIN @Epoch: 202 >>>  || LOSS Avg: 0.19939
[Wall TIME] >>> Coach.train takes 2.534593 seconds ...
[Epoch 203 Telemetry] Loss: 0.199447 | lambda_nlgcl=0.0100 | 52909.3 samples/s | 2.24s
[Coach] >>> TRAIN @Epoch: 203 >>>  || LOSS Avg: 0.19945
[Wall TIME] >>> Coach.train takes 2.241379 seconds ...
[Epoch 204 Telemetry] Loss: 0.198975 | lambda_nlgcl=0.0100 | 54321.8 samples/s | 2.18s
[Coach] >>> TRAIN @Epoch: 204 >>>  || LOSS Avg: 0.19897
[Wall TIME] >>> Coach.train takes 2.183277 seconds ...
[Epoch 205 Telemetry] Loss: 0.199013 | lambda_nlgcl=0.0100 | 54137.6 samples/s | 2.19s
[Coach] >>> TRAIN @Epoch: 205 >>>  || LOSS Avg: 0.19901
[Wall TIME] >>> Coach.train takes 2.190597 seconds ...
[Coach] >>> VALID @Epoch: 205 >>>  || RECALL@1 Avg: 0.0124 || RECALL@10 Avg: 0.0635 || RECALL@20 Avg: 0.0995 || NDCG@10 Avg: 0.0340 || NDCG@20 Avg: 0.0432
[Wall TIME] >>> Coach.valid takes 0.489212 seconds ...
[Epoch 206 Telemetry] Loss: 0.199156 | lambda_nlgcl=0.0100 | 46740.2 samples/s | 2.54s
[Coach] >>> TRAIN @Epoch: 206 >>>  || LOSS Avg: 0.19916
[Wall TIME] >>> Coach.train takes 2.537067 seconds ...
[Epoch 207 Telemetry] Loss: 0.198607 | lambda_nlgcl=0.0100 | 54013.6 samples/s | 2.19s
[Coach] >>> TRAIN @Epoch: 207 >>>  || LOSS Avg: 0.19861
[Wall TIME] >>> Coach.train takes 2.195607 seconds ...
[Epoch 208 Telemetry] Loss: 0.199194 | lambda_nlgcl=0.0100 | 53585.5 samples/s | 2.21s
[Coach] >>> TRAIN @Epoch: 208 >>>  || LOSS Avg: 0.19919
[Wall TIME] >>> Coach.train takes 2.213190 seconds ...
[Epoch 209 Telemetry] Loss: 0.198454 | lambda_nlgcl=0.0100 | 54477.9 samples/s | 2.18s
[Coach] >>> TRAIN @Epoch: 209 >>>  || LOSS Avg: 0.19845
[Wall TIME] >>> Coach.train takes 2.176918 seconds ...
[Epoch 210 Telemetry] Loss: 0.198566 | lambda_nlgcl=0.0100 | 47699.6 samples/s | 2.49s
[Coach] >>> TRAIN @Epoch: 210 >>>  || LOSS Avg: 0.19857
[Wall TIME] >>> Coach.train takes 2.486072 seconds ...
[Coach] >>> Better ***NDCG@20*** of ***0.0434*** 
[Coach] >>> VALID @Epoch: 210 >>>  || RECALL@1 Avg: 0.0126 || RECALL@10 Avg: 0.0634 || RECALL@20 Avg: 0.0999 || NDCG@10 Avg: 0.0341 || NDCG@20 Avg: 0.0434
[Wall TIME] >>> Coach.valid takes 0.512976 seconds ...
[Epoch 211 Telemetry] Loss: 0.198408 | lambda_nlgcl=0.0100 | 54552.3 samples/s | 2.17s
[Coach] >>> TRAIN @Epoch: 211 >>>  || LOSS Avg: 0.19841
[Wall TIME] >>> Coach.train takes 2.173995 seconds ...
[Epoch 212 Telemetry] Loss: 0.198538 | lambda_nlgcl=0.0100 | 54697.1 samples/s | 2.17s
[Coach] >>> TRAIN @Epoch: 212 >>>  || LOSS Avg: 0.19854
[Wall TIME] >>> Coach.train takes 2.168201 seconds ...
[Epoch 213 Telemetry] Loss: 0.197901 | lambda_nlgcl=0.0100 | 55010.7 samples/s | 2.16s
[Coach] >>> TRAIN @Epoch: 213 >>>  || LOSS Avg: 0.19790
[Wall TIME] >>> Coach.train takes 2.155755 seconds ...
[Epoch 214 Telemetry] Loss: 0.198499 | lambda_nlgcl=0.0100 | 47873.5 samples/s | 2.48s
[Coach] >>> TRAIN @Epoch: 214 >>>  || LOSS Avg: 0.19850
[Wall TIME] >>> Coach.train takes 2.477085 seconds ...
[Epoch 215 Telemetry] Loss: 0.198748 | lambda_nlgcl=0.0100 | 55325.4 samples/s | 2.14s
[Coach] >>> TRAIN @Epoch: 215 >>>  || LOSS Avg: 0.19875
[Wall TIME] >>> Coach.train takes 2.143466 seconds ...
[Coach] >>> VALID @Epoch: 215 >>>  || RECALL@1 Avg: 0.0125 || RECALL@10 Avg: 0.0637 || RECALL@20 Avg: 0.0988 || NDCG@10 Avg: 0.0342 || NDCG@20 Avg: 0.0431
[Wall TIME] >>> Coach.valid takes 0.481417 seconds ...
[Epoch 216 Telemetry] Loss: 0.199355 | lambda_nlgcl=0.0100 | 53257.8 samples/s | 2.23s
[Coach] >>> TRAIN @Epoch: 216 >>>  || LOSS Avg: 0.19935
[Wall TIME] >>> Coach.train takes 2.226780 seconds ...
[Epoch 217 Telemetry] Loss: 0.198364 | lambda_nlgcl=0.0100 | 54600.6 samples/s | 2.17s
[Coach] >>> TRAIN @Epoch: 217 >>>  || LOSS Avg: 0.19836
[Wall TIME] >>> Coach.train takes 2.172021 seconds ...
[Epoch 218 Telemetry] Loss: 0.198247 | lambda_nlgcl=0.0100 | 47010.7 samples/s | 2.52s
[Coach] >>> TRAIN @Epoch: 218 >>>  || LOSS Avg: 0.19825
[Wall TIME] >>> Coach.train takes 2.522517 seconds ...
[Epoch 219 Telemetry] Loss: 0.198237 | lambda_nlgcl=0.0100 | 54472.9 samples/s | 2.18s
[Coach] >>> TRAIN @Epoch: 219 >>>  || LOSS Avg: 0.19824
[Wall TIME] >>> Coach.train takes 2.177166 seconds ...
[Epoch 220 Telemetry] Loss: 0.198194 | lambda_nlgcl=0.0100 | 53595.8 samples/s | 2.21s
[Coach] >>> TRAIN @Epoch: 220 >>>  || LOSS Avg: 0.19819
[Wall TIME] >>> Coach.train takes 2.212996 seconds ...
[Coach] >>> VALID @Epoch: 220 >>>  || RECALL@1 Avg: 0.0126 || RECALL@10 Avg: 0.0634 || RECALL@20 Avg: 0.0993 || NDCG@10 Avg: 0.0340 || NDCG@20 Avg: 0.0431
[Wall TIME] >>> Coach.valid takes 0.487898 seconds ...
[Epoch 221 Telemetry] Loss: 0.198110 | lambda_nlgcl=0.0100 | 54118.7 samples/s | 2.19s
[Coach] >>> TRAIN @Epoch: 221 >>>  || LOSS Avg: 0.19811
[Wall TIME] >>> Coach.train takes 2.191297 seconds ...
[Epoch 222 Telemetry] Loss: 0.198095 | lambda_nlgcl=0.0100 | 46918.0 samples/s | 2.53s
[Coach] >>> TRAIN @Epoch: 222 >>>  || LOSS Avg: 0.19810
[Wall TIME] >>> Coach.train takes 2.527545 seconds ...
[Epoch 223 Telemetry] Loss: 0.198148 | lambda_nlgcl=0.0100 | 53752.0 samples/s | 2.21s
[Coach] >>> TRAIN @Epoch: 223 >>>  || LOSS Avg: 0.19815
[Wall TIME] >>> Coach.train takes 2.206331 seconds ...
[Epoch 224 Telemetry] Loss: 0.197348 | lambda_nlgcl=0.0100 | 54626.3 samples/s | 2.17s
[Coach] >>> TRAIN @Epoch: 224 >>>  || LOSS Avg: 0.19735
[Wall TIME] >>> Coach.train takes 2.171026 seconds ...
[Epoch 225 Telemetry] Loss: 0.197724 | lambda_nlgcl=0.0100 | 54804.2 samples/s | 2.16s
[Coach] >>> TRAIN @Epoch: 225 >>>  || LOSS Avg: 0.19772
[Wall TIME] >>> Coach.train takes 2.163955 seconds ...
[Coach] >>> Better ***NDCG@20*** of ***0.0434*** 
[Coach] >>> VALID @Epoch: 225 >>>  || RECALL@1 Avg: 0.0125 || RECALL@10 Avg: 0.0628 || RECALL@20 Avg: 0.1000 || NDCG@10 Avg: 0.0339 || NDCG@20 Avg: 0.0434
[Wall TIME] >>> Coach.valid takes 0.512702 seconds ...
[Epoch 226 Telemetry] Loss: 0.197706 | lambda_nlgcl=0.0100 | 55075.2 samples/s | 2.15s
[Coach] >>> TRAIN @Epoch: 226 >>>  || LOSS Avg: 0.19771
[Wall TIME] >>> Coach.train takes 2.153253 seconds ...
[Epoch 227 Telemetry] Loss: 0.197315 | lambda_nlgcl=0.0100 | 47234.7 samples/s | 2.51s
[Coach] >>> TRAIN @Epoch: 227 >>>  || LOSS Avg: 0.19732
[Wall TIME] >>> Coach.train takes 2.510484 seconds ...
[Epoch 228 Telemetry] Loss: 0.197275 | lambda_nlgcl=0.0100 | 54505.5 samples/s | 2.18s
[Coach] >>> TRAIN @Epoch: 228 >>>  || LOSS Avg: 0.19728
[Wall TIME] >>> Coach.train takes 2.175727 seconds ...
[Epoch 229 Telemetry] Loss: 0.197694 | lambda_nlgcl=0.0100 | 53472.8 samples/s | 2.22s
[Coach] >>> TRAIN @Epoch: 229 >>>  || LOSS Avg: 0.19769
[Wall TIME] >>> Coach.train takes 2.217832 seconds ...
[Epoch 230 Telemetry] Loss: 0.196640 | lambda_nlgcl=0.0100 | 54106.9 samples/s | 2.19s
[Coach] >>> TRAIN @Epoch: 230 >>>  || LOSS Avg: 0.19664
[Wall TIME] >>> Coach.train takes 2.191867 seconds ...
[Coach] >>> VALID @Epoch: 230 >>>  || RECALL@1 Avg: 0.0126 || RECALL@10 Avg: 0.0633 || RECALL@20 Avg: 0.0998 || NDCG@10 Avg: 0.0340 || NDCG@20 Avg: 0.0433
[Wall TIME] >>> Coach.valid takes 0.489573 seconds ...
[Epoch 231 Telemetry] Loss: 0.196976 | lambda_nlgcl=0.0100 | 46543.0 samples/s | 2.55s
[Coach] >>> TRAIN @Epoch: 231 >>>  || LOSS Avg: 0.19698
[Wall TIME] >>> Coach.train takes 2.547929 seconds ...
[Epoch 232 Telemetry] Loss: 0.197294 | lambda_nlgcl=0.0100 | 54268.4 samples/s | 2.18s
[Coach] >>> TRAIN @Epoch: 232 >>>  || LOSS Avg: 0.19729
[Wall TIME] >>> Coach.train takes 2.185423 seconds ...
[Epoch 233 Telemetry] Loss: 0.197192 | lambda_nlgcl=0.0100 | 52967.5 samples/s | 2.24s
[Coach] >>> TRAIN @Epoch: 233 >>>  || LOSS Avg: 0.19719
[Wall TIME] >>> Coach.train takes 2.238952 seconds ...
[Epoch 234 Telemetry] Loss: 0.197157 | lambda_nlgcl=0.0100 | 54078.7 samples/s | 2.19s
[Coach] >>> TRAIN @Epoch: 234 >>>  || LOSS Avg: 0.19716
[Wall TIME] >>> Coach.train takes 2.192961 seconds ...
[Epoch 235 Telemetry] Loss: 0.197415 | lambda_nlgcl=0.0100 | 47182.7 samples/s | 2.51s
[Coach] >>> TRAIN @Epoch: 235 >>>  || LOSS Avg: 0.19742
[Wall TIME] >>> Coach.train takes 2.513390 seconds ...
[Coach] >>> VALID @Epoch: 235 >>>  || RECALL@1 Avg: 0.0125 || RECALL@10 Avg: 0.0632 || RECALL@20 Avg: 0.1001 || NDCG@10 Avg: 0.0340 || NDCG@20 Avg: 0.0434
[Wall TIME] >>> Coach.valid takes 0.492052 seconds ...
[Epoch 236 Telemetry] Loss: 0.196859 | lambda_nlgcl=0.0100 | 54472.9 samples/s | 2.18s
[Coach] >>> TRAIN @Epoch: 236 >>>  || LOSS Avg: 0.19686
[Wall TIME] >>> Coach.train takes 2.177077 seconds ...
[Epoch 237 Telemetry] Loss: 0.196950 | lambda_nlgcl=0.0100 | 52748.9 samples/s | 2.25s
[Coach] >>> TRAIN @Epoch: 237 >>>  || LOSS Avg: 0.19695
[Wall TIME] >>> Coach.train takes 2.248127 seconds ...
[Epoch 238 Telemetry] Loss: 0.196799 | lambda_nlgcl=0.0100 | 54419.6 samples/s | 2.18s
[Coach] >>> TRAIN @Epoch: 238 >>>  || LOSS Avg: 0.19680
[Wall TIME] >>> Coach.train takes 2.179245 seconds ...
[Epoch 239 Telemetry] Loss: 0.196612 | lambda_nlgcl=0.0100 | 47909.5 samples/s | 2.47s
[Coach] >>> TRAIN @Epoch: 239 >>>  || LOSS Avg: 0.19661
[Wall TIME] >>> Coach.train takes 2.475233 seconds ...
[Epoch 240 Telemetry] Loss: 0.196870 | lambda_nlgcl=0.0100 | 55183.0 samples/s | 2.15s
[Coach] >>> TRAIN @Epoch: 240 >>>  || LOSS Avg: 0.19687
[Wall TIME] >>> Coach.train takes 2.149209 seconds ...
[Coach] >>> VALID @Epoch: 240 >>>  || RECALL@1 Avg: 0.0125 || RECALL@10 Avg: 0.0634 || RECALL@20 Avg: 0.0997 || NDCG@10 Avg: 0.0340 || NDCG@20 Avg: 0.0432
[Wall TIME] >>> Coach.valid takes 0.484937 seconds ...
[Epoch 241 Telemetry] Loss: 0.196934 | lambda_nlgcl=0.0100 | 53659.3 samples/s | 2.21s
[Coach] >>> TRAIN @Epoch: 241 >>>  || LOSS Avg: 0.19693
[Wall TIME] >>> Coach.train takes 2.210110 seconds ...
[Epoch 242 Telemetry] Loss: 0.196496 | lambda_nlgcl=0.0100 | 54618.1 samples/s | 2.17s
[Coach] >>> TRAIN @Epoch: 242 >>>  || LOSS Avg: 0.19650
[Wall TIME] >>> Coach.train takes 2.171351 seconds ...
[Epoch 243 Telemetry] Loss: 0.196902 | lambda_nlgcl=0.0100 | 47152.9 samples/s | 2.51s
[Coach] >>> TRAIN @Epoch: 243 >>>  || LOSS Avg: 0.19690
[Wall TIME] >>> Coach.train takes 2.514974 seconds ...
[Epoch 244 Telemetry] Loss: 0.196776 | lambda_nlgcl=0.0100 | 54680.6 samples/s | 2.17s
[Coach] >>> TRAIN @Epoch: 244 >>>  || LOSS Avg: 0.19678
[Wall TIME] >>> Coach.train takes 2.168859 seconds ...
[Epoch 245 Telemetry] Loss: 0.197039 | lambda_nlgcl=0.0100 | 54292.3 samples/s | 2.18s
[Coach] >>> TRAIN @Epoch: 245 >>>  || LOSS Avg: 0.19704
[Wall TIME] >>> Coach.train takes 2.184361 seconds ...
[Coach] >>> VALID @Epoch: 245 >>>  || RECALL@1 Avg: 0.0124 || RECALL@10 Avg: 0.0630 || RECALL@20 Avg: 0.0996 || NDCG@10 Avg: 0.0339 || NDCG@20 Avg: 0.0432
[Wall TIME] >>> Coach.valid takes 0.492696 seconds ...
[Epoch 246 Telemetry] Loss: 0.195947 | lambda_nlgcl=0.0100 | 53584.0 samples/s | 2.21s
[Coach] >>> TRAIN @Epoch: 246 >>>  || LOSS Avg: 0.19595
[Wall TIME] >>> Coach.train takes 2.213154 seconds ...
[Epoch 247 Telemetry] Loss: 0.196235 | lambda_nlgcl=0.0100 | 47312.0 samples/s | 2.51s
[Coach] >>> TRAIN @Epoch: 247 >>>  || LOSS Avg: 0.19623
[Wall TIME] >>> Coach.train takes 2.506414 seconds ...
[Epoch 248 Telemetry] Loss: 0.196289 | lambda_nlgcl=0.0100 | 54556.2 samples/s | 2.17s
[Coach] >>> TRAIN @Epoch: 248 >>>  || LOSS Avg: 0.19629
[Wall TIME] >>> Coach.train takes 2.173728 seconds ...
[Epoch 249 Telemetry] Loss: 0.196455 | lambda_nlgcl=0.0100 | 54620.0 samples/s | 2.17s
[Coach] >>> TRAIN @Epoch: 249 >>>  || LOSS Avg: 0.19645
[Wall TIME] >>> Coach.train takes 2.171174 seconds ...
[Epoch 250 Telemetry] Loss: 0.196188 | lambda_nlgcl=0.0100 | 54012.5 samples/s | 2.19s
[Coach] >>> TRAIN @Epoch: 250 >>>  || LOSS Avg: 0.19619
[Wall TIME] >>> Coach.train takes 2.195545 seconds ...
[Coach] >>> VALID @Epoch: 250 >>>  || RECALL@1 Avg: 0.0122 || RECALL@10 Avg: 0.0643 || RECALL@20 Avg: 0.0999 || NDCG@10 Avg: 0.0342 || NDCG@20 Avg: 0.0432
[Wall TIME] >>> Coach.valid takes 0.489847 seconds ...
[Epoch 251 Telemetry] Loss: 0.196012 | lambda_nlgcl=0.0100 | 47041.1 samples/s | 2.52s
[Coach] >>> TRAIN @Epoch: 251 >>>  || LOSS Avg: 0.19601
[Wall TIME] >>> Coach.train takes 2.520958 seconds ...
[Epoch 252 Telemetry] Loss: 0.195894 | lambda_nlgcl=0.0100 | 54781.6 samples/s | 2.16s
[Coach] >>> TRAIN @Epoch: 252 >>>  || LOSS Avg: 0.19589
[Wall TIME] >>> Coach.train takes 2.164855 seconds ...
[Epoch 253 Telemetry] Loss: 0.195998 | lambda_nlgcl=0.0100 | 54191.7 samples/s | 2.19s
[Coach] >>> TRAIN @Epoch: 253 >>>  || LOSS Avg: 0.19600
[Wall TIME] >>> Coach.train takes 2.188440 seconds ...
[Epoch 254 Telemetry] Loss: 0.196649 | lambda_nlgcl=0.0100 | 52556.0 samples/s | 2.26s
[Coach] >>> TRAIN @Epoch: 254 >>>  || LOSS Avg: 0.19665
[Wall TIME] >>> Coach.train takes 2.256410 seconds ...
[Epoch 255 Telemetry] Loss: 0.195797 | lambda_nlgcl=0.0100 | 54156.0 samples/s | 2.19s
[Coach] >>> TRAIN @Epoch: 255 >>>  || LOSS Avg: 0.19580
[Wall TIME] >>> Coach.train takes 2.189873 seconds ...
[Coach] >>> VALID @Epoch: 255 >>>  || RECALL@1 Avg: 0.0122 || RECALL@10 Avg: 0.0637 || RECALL@20 Avg: 0.0995 || NDCG@10 Avg: 0.0340 || NDCG@20 Avg: 0.0431
[Wall TIME] >>> Coach.valid takes 0.490396 seconds ...
[Epoch 256 Telemetry] Loss: 0.195875 | lambda_nlgcl=0.0100 | 47021.9 samples/s | 2.52s
[Coach] >>> TRAIN @Epoch: 256 >>>  || LOSS Avg: 0.19588
[Wall TIME] >>> Coach.train takes 2.521995 seconds ...
[Epoch 257 Telemetry] Loss: 0.195761 | lambda_nlgcl=0.0100 | 54360.1 samples/s | 2.18s
[Coach] >>> TRAIN @Epoch: 257 >>>  || LOSS Avg: 0.19576
[Wall TIME] >>> Coach.train takes 2.181660 seconds ...
[Epoch 258 Telemetry] Loss: 0.196050 | lambda_nlgcl=0.0100 | 52939.5 samples/s | 2.24s
[Coach] >>> TRAIN @Epoch: 258 >>>  || LOSS Avg: 0.19605
[Wall TIME] >>> Coach.train takes 2.240101 seconds ...
[Epoch 259 Telemetry] Loss: 0.196169 | lambda_nlgcl=0.0100 | 53665.4 samples/s | 2.21s
[Coach] >>> TRAIN @Epoch: 259 >>>  || LOSS Avg: 0.19617
[Wall TIME] >>> Coach.train takes 2.209928 seconds ...
[Epoch 260 Telemetry] Loss: 0.195766 | lambda_nlgcl=0.0100 | 47437.9 samples/s | 2.50s
[Coach] >>> TRAIN @Epoch: 260 >>>  || LOSS Avg: 0.19577
[Wall TIME] >>> Coach.train takes 2.499891 seconds ...
[Coach] >>> VALID @Epoch: 260 >>>  || RECALL@1 Avg: 0.0123 || RECALL@10 Avg: 0.0647 || RECALL@20 Avg: 0.0992 || NDCG@10 Avg: 0.0343 || NDCG@20 Avg: 0.0431
[Wall TIME] >>> Coach.valid takes 0.483450 seconds ...
[Epoch 261 Telemetry] Loss: 0.195144 | lambda_nlgcl=0.0100 | 55123.4 samples/s | 2.15s
[Coach] >>> TRAIN @Epoch: 261 >>>  || LOSS Avg: 0.19514
[Wall TIME] >>> Coach.train takes 2.151395 seconds ...
[Epoch 262 Telemetry] Loss: 0.196012 | lambda_nlgcl=0.0100 | 55110.7 samples/s | 2.15s
[Coach] >>> TRAIN @Epoch: 262 >>>  || LOSS Avg: 0.19601
[Wall TIME] >>> Coach.train takes 2.151973 seconds ...
[Epoch 263 Telemetry] Loss: 0.195600 | lambda_nlgcl=0.0100 | 54073.1 samples/s | 2.19s
[Coach] >>> TRAIN @Epoch: 263 >>>  || LOSS Avg: 0.19560
[Wall TIME] >>> Coach.train takes 2.193197 seconds ...
[Epoch 264 Telemetry] Loss: 0.195603 | lambda_nlgcl=0.0100 | 47099.6 samples/s | 2.52s
[Coach] >>> TRAIN @Epoch: 264 >>>  || LOSS Avg: 0.19560
[Wall TIME] >>> Coach.train takes 2.517840 seconds ...
[Epoch 265 Telemetry] Loss: 0.195498 | lambda_nlgcl=0.0100 | 53959.8 samples/s | 2.20s
[Coach] >>> TRAIN @Epoch: 265 >>>  || LOSS Avg: 0.19550
[Wall TIME] >>> Coach.train takes 2.197811 seconds ...
[Coach] >>> VALID @Epoch: 265 >>>  || RECALL@1 Avg: 0.0126 || RECALL@10 Avg: 0.0643 || RECALL@20 Avg: 0.0995 || NDCG@10 Avg: 0.0344 || NDCG@20 Avg: 0.0434
[Wall TIME] >>> Coach.valid takes 0.488724 seconds ...
[Epoch 266 Telemetry] Loss: 0.195746 | lambda_nlgcl=0.0100 | 54321.6 samples/s | 2.18s
[Coach] >>> TRAIN @Epoch: 266 >>>  || LOSS Avg: 0.19575
[Wall TIME] >>> Coach.train takes 2.183063 seconds ...
[Epoch 267 Telemetry] Loss: 0.195687 | lambda_nlgcl=0.0100 | 52991.3 samples/s | 2.24s
[Coach] >>> TRAIN @Epoch: 267 >>>  || LOSS Avg: 0.19569
[Wall TIME] >>> Coach.train takes 2.237948 seconds ...
[Epoch 268 Telemetry] Loss: 0.195966 | lambda_nlgcl=0.0100 | 46981.4 samples/s | 2.52s
[Coach] >>> TRAIN @Epoch: 268 >>>  || LOSS Avg: 0.19597
[Wall TIME] >>> Coach.train takes 2.524124 seconds ...
[Epoch 269 Telemetry] Loss: 0.195190 | lambda_nlgcl=0.0100 | 53986.6 samples/s | 2.20s
[Coach] >>> TRAIN @Epoch: 269 >>>  || LOSS Avg: 0.19519
[Wall TIME] >>> Coach.train takes 2.196770 seconds ...
[Epoch 270 Telemetry] Loss: 0.194730 | lambda_nlgcl=0.0100 | 54460.0 samples/s | 2.18s
[Coach] >>> TRAIN @Epoch: 270 >>>  || LOSS Avg: 0.19473
[Wall TIME] >>> Coach.train takes 2.177521 seconds ...
[Coach] >>> Better ***NDCG@20*** of ***0.0435*** 
[Coach] >>> VALID @Epoch: 270 >>>  || RECALL@1 Avg: 0.0125 || RECALL@10 Avg: 0.0644 || RECALL@20 Avg: 0.1002 || NDCG@10 Avg: 0.0344 || NDCG@20 Avg: 0.0435
[Wall TIME] >>> Coach.valid takes 0.508319 seconds ...
[Epoch 271 Telemetry] Loss: 0.195488 | lambda_nlgcl=0.0100 | 53919.5 samples/s | 2.20s
[Coach] >>> TRAIN @Epoch: 271 >>>  || LOSS Avg: 0.19549
[Wall TIME] >>> Coach.train takes 2.199386 seconds ...
[Epoch 272 Telemetry] Loss: 0.195137 | lambda_nlgcl=0.0100 | 47213.7 samples/s | 2.51s
[Coach] >>> TRAIN @Epoch: 272 >>>  || LOSS Avg: 0.19514
[Wall TIME] >>> Coach.train takes 2.511756 seconds ...
[Epoch 273 Telemetry] Loss: 0.195296 | lambda_nlgcl=0.0100 | 54868.8 samples/s | 2.16s
[Coach] >>> TRAIN @Epoch: 273 >>>  || LOSS Avg: 0.19530
[Wall TIME] >>> Coach.train takes 2.161633 seconds ...
[Epoch 274 Telemetry] Loss: 0.195594 | lambda_nlgcl=0.0100 | 54658.1 samples/s | 2.17s
[Coach] >>> TRAIN @Epoch: 274 >>>  || LOSS Avg: 0.19559
[Wall TIME] >>> Coach.train takes 2.169683 seconds ...
[Epoch 275 Telemetry] Loss: 0.194937 | lambda_nlgcl=0.0100 | 53994.4 samples/s | 2.20s
[Coach] >>> TRAIN @Epoch: 275 >>>  || LOSS Avg: 0.19494
[Wall TIME] >>> Coach.train takes 2.196450 seconds ...
[Coach] >>> VALID @Epoch: 275 >>>  || RECALL@1 Avg: 0.0123 || RECALL@10 Avg: 0.0642 || RECALL@20 Avg: 0.0995 || NDCG@10 Avg: 0.0343 || NDCG@20 Avg: 0.0433
[Wall TIME] >>> Coach.valid takes 0.488861 seconds ...
[Epoch 276 Telemetry] Loss: 0.195128 | lambda_nlgcl=0.0100 | 47216.4 samples/s | 2.51s
[Coach] >>> TRAIN @Epoch: 276 >>>  || LOSS Avg: 0.19513
[Wall TIME] >>> Coach.train takes 2.511541 seconds ...
[Epoch 277 Telemetry] Loss: 0.195478 | lambda_nlgcl=0.0100 | 54716.8 samples/s | 2.17s
[Coach] >>> TRAIN @Epoch: 277 >>>  || LOSS Avg: 0.19548
[Wall TIME] >>> Coach.train takes 2.167485 seconds ...
[Epoch 278 Telemetry] Loss: 0.195134 | lambda_nlgcl=0.0100 | 54630.5 samples/s | 2.17s
[Coach] >>> TRAIN @Epoch: 278 >>>  || LOSS Avg: 0.19513
[Wall TIME] >>> Coach.train takes 2.170892 seconds ...
[Epoch 279 Telemetry] Loss: 0.195524 | lambda_nlgcl=0.0100 | 53941.4 samples/s | 2.20s
[Coach] >>> TRAIN @Epoch: 279 >>>  || LOSS Avg: 0.19552
[Wall TIME] >>> Coach.train takes 2.198498 seconds ...
[Epoch 280 Telemetry] Loss: 0.195351 | lambda_nlgcl=0.0100 | 46353.9 samples/s | 2.56s
[Coach] >>> TRAIN @Epoch: 280 >>>  || LOSS Avg: 0.19535
[Wall TIME] >>> Coach.train takes 2.558721 seconds ...
[Coach] >>> VALID @Epoch: 280 >>>  || RECALL@1 Avg: 0.0120 || RECALL@10 Avg: 0.0636 || RECALL@20 Avg: 0.1001 || NDCG@10 Avg: 0.0340 || NDCG@20 Avg: 0.0433
[Wall TIME] >>> Coach.valid takes 0.488439 seconds ...
[Epoch 281 Telemetry] Loss: 0.195399 | lambda_nlgcl=0.0100 | 55372.2 samples/s | 2.14s
[Coach] >>> TRAIN @Epoch: 281 >>>  || LOSS Avg: 0.19540
[Wall TIME] >>> Coach.train takes 2.141689 seconds ...
[Epoch 282 Telemetry] Loss: 0.194803 | lambda_nlgcl=0.0100 | 54657.9 samples/s | 2.17s
[Coach] >>> TRAIN @Epoch: 282 >>>  || LOSS Avg: 0.19480
[Wall TIME] >>> Coach.train takes 2.169668 seconds ...
[Epoch 283 Telemetry] Loss: 0.195049 | lambda_nlgcl=0.0100 | 54852.4 samples/s | 2.16s
[Coach] >>> TRAIN @Epoch: 283 >>>  || LOSS Avg: 0.19505
[Wall TIME] >>> Coach.train takes 2.162019 seconds ...
[Epoch 284 Telemetry] Loss: 0.194911 | lambda_nlgcl=0.0100 | 46440.8 samples/s | 2.55s
[Coach] >>> TRAIN @Epoch: 284 >>>  || LOSS Avg: 0.19491
[Wall TIME] >>> Coach.train takes 2.553491 seconds ...
[Epoch 285 Telemetry] Loss: 0.194786 | lambda_nlgcl=0.0100 | 54806.6 samples/s | 2.16s
[Coach] >>> TRAIN @Epoch: 285 >>>  || LOSS Avg: 0.19479
[Wall TIME] >>> Coach.train takes 2.163878 seconds ...
[Coach] >>> VALID @Epoch: 285 >>>  || RECALL@1 Avg: 0.0125 || RECALL@10 Avg: 0.0635 || RECALL@20 Avg: 0.0995 || NDCG@10 Avg: 0.0342 || NDCG@20 Avg: 0.0433
[Wall TIME] >>> Coach.valid takes 0.485715 seconds ...
[Epoch 286 Telemetry] Loss: 0.195111 | lambda_nlgcl=0.0100 | 54288.0 samples/s | 2.18s
[Coach] >>> TRAIN @Epoch: 286 >>>  || LOSS Avg: 0.19511
[Wall TIME] >>> Coach.train takes 2.184459 seconds ...
[Epoch 287 Telemetry] Loss: 0.194433 | lambda_nlgcl=0.0100 | 54530.6 samples/s | 2.17s
[Coach] >>> TRAIN @Epoch: 287 >>>  || LOSS Avg: 0.19443
[Wall TIME] >>> Coach.train takes 2.174712 seconds ...
[Epoch 288 Telemetry] Loss: 0.194674 | lambda_nlgcl=0.0100 | 46164.2 samples/s | 2.57s
[Coach] >>> TRAIN @Epoch: 288 >>>  || LOSS Avg: 0.19467
[Wall TIME] >>> Coach.train takes 2.568780 seconds ...
[Epoch 289 Telemetry] Loss: 0.194436 | lambda_nlgcl=0.0100 | 54151.6 samples/s | 2.19s
[Coach] >>> TRAIN @Epoch: 289 >>>  || LOSS Avg: 0.19444
[Wall TIME] >>> Coach.train takes 2.190048 seconds ...
[Epoch 290 Telemetry] Loss: 0.194961 | lambda_nlgcl=0.0100 | 54573.1 samples/s | 2.17s
[Coach] >>> TRAIN @Epoch: 290 >>>  || LOSS Avg: 0.19496
[Wall TIME] >>> Coach.train takes 2.173185 seconds ...
[Coach] >>> VALID @Epoch: 290 >>>  || RECALL@1 Avg: 0.0126 || RECALL@10 Avg: 0.0636 || RECALL@20 Avg: 0.0996 || NDCG@10 Avg: 0.0343 || NDCG@20 Avg: 0.0435
[Wall TIME] >>> Coach.valid takes 0.492822 seconds ...
[Epoch 291 Telemetry] Loss: 0.194774 | lambda_nlgcl=0.0100 | 54204.5 samples/s | 2.19s
[Coach] >>> TRAIN @Epoch: 291 >>>  || LOSS Avg: 0.19477
[Wall TIME] >>> Coach.train takes 2.187876 seconds ...
[Epoch 292 Telemetry] Loss: 0.194917 | lambda_nlgcl=0.0100 | 46040.2 samples/s | 2.57s
[Coach] >>> TRAIN @Epoch: 292 >>>  || LOSS Avg: 0.19492
[Wall TIME] >>> Coach.train takes 2.575875 seconds ...
[Epoch 293 Telemetry] Loss: 0.194877 | lambda_nlgcl=0.0100 | 54278.5 samples/s | 2.18s
[Coach] >>> TRAIN @Epoch: 293 >>>  || LOSS Avg: 0.19488
[Wall TIME] >>> Coach.train takes 2.184833 seconds ...
[Epoch 294 Telemetry] Loss: 0.194355 | lambda_nlgcl=0.0100 | 54974.3 samples/s | 2.16s
[Coach] >>> TRAIN @Epoch: 294 >>>  || LOSS Avg: 0.19435
[Wall TIME] >>> Coach.train takes 2.157384 seconds ...
[Epoch 295 Telemetry] Loss: 0.194531 | lambda_nlgcl=0.0100 | 54853.5 samples/s | 2.16s
[Coach] >>> TRAIN @Epoch: 295 >>>  || LOSS Avg: 0.19453
[Wall TIME] >>> Coach.train takes 2.161950 seconds ...
[Coach] >>> VALID @Epoch: 295 >>>  || RECALL@1 Avg: 0.0130 || RECALL@10 Avg: 0.0630 || RECALL@20 Avg: 0.0994 || NDCG@10 Avg: 0.0342 || NDCG@20 Avg: 0.0435
[Wall TIME] >>> Coach.valid takes 0.488296 seconds ...
[Epoch 296 Telemetry] Loss: 0.194109 | lambda_nlgcl=0.0100 | 46420.6 samples/s | 2.55s
[Coach] >>> TRAIN @Epoch: 296 >>>  || LOSS Avg: 0.19411
[Wall TIME] >>> Coach.train takes 2.554584 seconds ...
[Epoch 297 Telemetry] Loss: 0.195112 | lambda_nlgcl=0.0100 | 54829.4 samples/s | 2.16s
[Coach] >>> TRAIN @Epoch: 297 >>>  || LOSS Avg: 0.19511
[Wall TIME] >>> Coach.train takes 2.162857 seconds ...
[Epoch 298 Telemetry] Loss: 0.194278 | lambda_nlgcl=0.0100 | 54655.6 samples/s | 2.17s
[Coach] >>> TRAIN @Epoch: 298 >>>  || LOSS Avg: 0.19428
[Wall TIME] >>> Coach.train takes 2.169816 seconds ...
[Epoch 299 Telemetry] Loss: 0.194323 | lambda_nlgcl=0.0100 | 55306.9 samples/s | 2.14s
[Coach] >>> TRAIN @Epoch: 299 >>>  || LOSS Avg: 0.19432
[Wall TIME] >>> Coach.train takes 2.144276 seconds ...
[Epoch 300 Telemetry] Loss: 0.194393 | lambda_nlgcl=0.0100 | 55040.9 samples/s | 2.15s
[Coach] >>> TRAIN @Epoch: 300 >>>  || LOSS Avg: 0.19439
[Wall TIME] >>> Coach.train takes 2.154571 seconds ...
[Coach] >>> VALID @Epoch: 300 >>>  || RECALL@1 Avg: 0.0122 || RECALL@10 Avg: 0.0639 || RECALL@20 Avg: 0.0991 || NDCG@10 Avg: 0.0342 || NDCG@20 Avg: 0.0431
[Wall TIME] >>> Coach.valid takes 0.514733 seconds ...
[Epoch 301 Telemetry] Loss: 0.194217 | lambda_nlgcl=0.0100 | 47525.6 samples/s | 2.49s
[Coach] >>> TRAIN @Epoch: 301 >>>  || LOSS Avg: 0.19422
[Wall TIME] >>> Coach.train takes 2.495209 seconds ...
[Epoch 302 Telemetry] Loss: 0.193766 | lambda_nlgcl=0.0100 | 54773.8 samples/s | 2.16s
[Coach] >>> TRAIN @Epoch: 302 >>>  || LOSS Avg: 0.19377
[Wall TIME] >>> Coach.train takes 2.165291 seconds ...
[Epoch 303 Telemetry] Loss: 0.194321 | lambda_nlgcl=0.0100 | 54825.5 samples/s | 2.16s
[Coach] >>> TRAIN @Epoch: 303 >>>  || LOSS Avg: 0.19432
[Wall TIME] >>> Coach.train takes 2.163132 seconds ...
[Epoch 304 Telemetry] Loss: 0.194434 | lambda_nlgcl=0.0100 | 53849.6 samples/s | 2.20s
[Coach] >>> TRAIN @Epoch: 304 >>>  || LOSS Avg: 0.19443
[Wall TIME] >>> Coach.train takes 2.202306 seconds ...
[Epoch 305 Telemetry] Loss: 0.193967 | lambda_nlgcl=0.0100 | 45970.6 samples/s | 2.58s
[Coach] >>> TRAIN @Epoch: 305 >>>  || LOSS Avg: 0.19397
[Wall TIME] >>> Coach.train takes 2.579660 seconds ...
[Coach] >>> VALID @Epoch: 305 >>>  || RECALL@1 Avg: 0.0124 || RECALL@10 Avg: 0.0636 || RECALL@20 Avg: 0.0988 || NDCG@10 Avg: 0.0343 || NDCG@20 Avg: 0.0432
[Wall TIME] >>> Coach.valid takes 0.491637 seconds ...
[Epoch 306 Telemetry] Loss: 0.194323 | lambda_nlgcl=0.0100 | 53868.0 samples/s | 2.20s
[Coach] >>> TRAIN @Epoch: 306 >>>  || LOSS Avg: 0.19432
[Wall TIME] >>> Coach.train takes 2.201743 seconds ...
[Epoch 307 Telemetry] Loss: 0.193905 | lambda_nlgcl=0.0100 | 53047.4 samples/s | 2.23s
[Coach] >>> TRAIN @Epoch: 307 >>>  || LOSS Avg: 0.19391
[Wall TIME] >>> Coach.train takes 2.235506 seconds ...
[Epoch 308 Telemetry] Loss: 0.193837 | lambda_nlgcl=0.0100 | 54003.0 samples/s | 2.20s
[Coach] >>> TRAIN @Epoch: 308 >>>  || LOSS Avg: 0.19384
[Wall TIME] >>> Coach.train takes 2.196005 seconds ...
[Epoch 309 Telemetry] Loss: 0.193732 | lambda_nlgcl=0.0100 | 46290.1 samples/s | 2.56s
[Coach] >>> TRAIN @Epoch: 309 >>>  || LOSS Avg: 0.19373
[Wall TIME] >>> Coach.train takes 2.561887 seconds ...
[Epoch 310 Telemetry] Loss: 0.194184 | lambda_nlgcl=0.0100 | 54355.3 samples/s | 2.18s
[Coach] >>> TRAIN @Epoch: 310 >>>  || LOSS Avg: 0.19418
[Wall TIME] >>> Coach.train takes 2.181872 seconds ...
[Coach] >>> VALID @Epoch: 310 >>>  || RECALL@1 Avg: 0.0125 || RECALL@10 Avg: 0.0637 || RECALL@20 Avg: 0.0977 || NDCG@10 Avg: 0.0342 || NDCG@20 Avg: 0.0429
[Wall TIME] >>> Coach.valid takes 0.496082 seconds ...
[Epoch 311 Telemetry] Loss: 0.194082 | lambda_nlgcl=0.0100 | 53829.9 samples/s | 2.20s
[Coach] >>> TRAIN @Epoch: 311 >>>  || LOSS Avg: 0.19408
[Wall TIME] >>> Coach.train takes 2.203045 seconds ...
[Epoch 312 Telemetry] Loss: 0.193576 | lambda_nlgcl=0.0100 | 54899.4 samples/s | 2.16s
[Coach] >>> TRAIN @Epoch: 312 >>>  || LOSS Avg: 0.19358
[Wall TIME] >>> Coach.train takes 2.160204 seconds ...
[Epoch 313 Telemetry] Loss: 0.193261 | lambda_nlgcl=0.0100 | 46963.8 samples/s | 2.52s
[Coach] >>> TRAIN @Epoch: 313 >>>  || LOSS Avg: 0.19326
[Wall TIME] >>> Coach.train takes 2.525055 seconds ...
[Epoch 314 Telemetry] Loss: 0.193518 | lambda_nlgcl=0.0100 | 55148.0 samples/s | 2.15s
[Coach] >>> TRAIN @Epoch: 314 >>>  || LOSS Avg: 0.19352
[Wall TIME] >>> Coach.train takes 2.150426 seconds ...
[Epoch 315 Telemetry] Loss: 0.193511 | lambda_nlgcl=0.0100 | 55186.8 samples/s | 2.15s
[Coach] >>> TRAIN @Epoch: 315 >>>  || LOSS Avg: 0.19351
[Wall TIME] >>> Coach.train takes 2.148954 seconds ...
[Coach] >>> VALID @Epoch: 315 >>>  || RECALL@1 Avg: 0.0129 || RECALL@10 Avg: 0.0643 || RECALL@20 Avg: 0.0983 || NDCG@10 Avg: 0.0346 || NDCG@20 Avg: 0.0432
[Wall TIME] >>> Coach.valid takes 0.485090 seconds ...
[Epoch 316 Telemetry] Loss: 0.194028 | lambda_nlgcl=0.0100 | 54632.4 samples/s | 2.17s
[Coach] >>> TRAIN @Epoch: 316 >>>  || LOSS Avg: 0.19403
[Wall TIME] >>> Coach.train takes 2.170765 seconds ...
[Epoch 317 Telemetry] Loss: 0.193567 | lambda_nlgcl=0.0100 | 46132.9 samples/s | 2.57s
[Coach] >>> TRAIN @Epoch: 317 >>>  || LOSS Avg: 0.19357
[Wall TIME] >>> Coach.train takes 2.570691 seconds ...
[Epoch 318 Telemetry] Loss: 0.193774 | lambda_nlgcl=0.0100 | 54159.2 samples/s | 2.19s
[Coach] >>> TRAIN @Epoch: 318 >>>  || LOSS Avg: 0.19377
[Wall TIME] >>> Coach.train takes 2.189645 seconds ...
[Epoch 319 Telemetry] Loss: 0.193643 | lambda_nlgcl=0.0100 | 54069.1 samples/s | 2.19s
[Coach] >>> TRAIN @Epoch: 319 >>>  || LOSS Avg: 0.19364
[Wall TIME] >>> Coach.train takes 2.193393 seconds ...
[Epoch 320 Telemetry] Loss: 0.193804 | lambda_nlgcl=0.0100 | 54336.8 samples/s | 2.18s
[Coach] >>> TRAIN @Epoch: 320 >>>  || LOSS Avg: 0.19380
[Wall TIME] >>> Coach.train takes 2.182576 seconds ...
[Coach] >>> VALID @Epoch: 320 >>>  || RECALL@1 Avg: 0.0126 || RECALL@10 Avg: 0.0641 || RECALL@20 Avg: 0.0986 || NDCG@10 Avg: 0.0343 || NDCG@20 Avg: 0.0431
[Wall TIME] >>> Coach.valid takes 0.505876 seconds ...
[Epoch 321 Telemetry] Loss: 0.193813 | lambda_nlgcl=0.0100 | 45646.5 samples/s | 2.60s
[Coach] >>> TRAIN @Epoch: 321 >>>  || LOSS Avg: 0.19381
[Wall TIME] >>> Coach.train takes 2.597887 seconds ...
[Epoch 322 Telemetry] Loss: 0.193685 | lambda_nlgcl=0.0100 | 53787.5 samples/s | 2.20s
[Coach] >>> TRAIN @Epoch: 322 >>>  || LOSS Avg: 0.19369
[Wall TIME] >>> Coach.train takes 2.204882 seconds ...
[Epoch 323 Telemetry] Loss: 0.193510 | lambda_nlgcl=0.0100 | 54409.5 samples/s | 2.18s
[Coach] >>> TRAIN @Epoch: 323 >>>  || LOSS Avg: 0.19351
[Wall TIME] >>> Coach.train takes 2.179727 seconds ...
[Epoch 324 Telemetry] Loss: 0.193574 | lambda_nlgcl=0.0100 | 55186.7 samples/s | 2.15s
[Coach] >>> TRAIN @Epoch: 324 >>>  || LOSS Avg: 0.19357
[Wall TIME] >>> Coach.train takes 2.148908 seconds ...
[Epoch 325 Telemetry] Loss: 0.193265 | lambda_nlgcl=0.0100 | 47428.7 samples/s | 2.50s
[Coach] >>> TRAIN @Epoch: 325 >>>  || LOSS Avg: 0.19327
[Wall TIME] >>> Coach.train takes 2.500348 seconds ...
[Coach] >>> VALID @Epoch: 325 >>>  || RECALL@1 Avg: 0.0126 || RECALL@10 Avg: 0.0641 || RECALL@20 Avg: 0.0999 || NDCG@10 Avg: 0.0342 || NDCG@20 Avg: 0.0433
[Wall TIME] >>> Coach.valid takes 0.495366 seconds ...
[Epoch 326 Telemetry] Loss: 0.193052 | lambda_nlgcl=0.0100 | 53155.9 samples/s | 2.23s
[Coach] >>> TRAIN @Epoch: 326 >>>  || LOSS Avg: 0.19305
[Wall TIME] >>> Coach.train takes 2.231014 seconds ...
[Epoch 327 Telemetry] Loss: 0.193371 | lambda_nlgcl=0.0100 | 53012.5 samples/s | 2.24s
[Coach] >>> TRAIN @Epoch: 327 >>>  || LOSS Avg: 0.19337
[Wall TIME] >>> Coach.train takes 2.237002 seconds ...
[Epoch 328 Telemetry] Loss: 0.193025 | lambda_nlgcl=0.0100 | 53574.4 samples/s | 2.21s
[Coach] >>> TRAIN @Epoch: 328 >>>  || LOSS Avg: 0.19302
[Wall TIME] >>> Coach.train takes 2.213510 seconds ...
[Epoch 329 Telemetry] Loss: 0.193573 | lambda_nlgcl=0.0100 | 46558.3 samples/s | 2.55s
[Coach] >>> TRAIN @Epoch: 329 >>>  || LOSS Avg: 0.19357
[Wall TIME] >>> Coach.train takes 2.547317 seconds ...
[Epoch 330 Telemetry] Loss: 0.193575 | lambda_nlgcl=0.0100 | 52976.2 samples/s | 2.24s
[Coach] >>> TRAIN @Epoch: 330 >>>  || LOSS Avg: 0.19358
[Wall TIME] >>> Coach.train takes 2.238620 seconds ...
[Coach] >>> VALID @Epoch: 330 >>>  || RECALL@1 Avg: 0.0127 || RECALL@10 Avg: 0.0631 || RECALL@20 Avg: 0.0998 || NDCG@10 Avg: 0.0340 || NDCG@20 Avg: 0.0433
[Wall TIME] >>> Coach.valid takes 0.522332 seconds ...
[Epoch 331 Telemetry] Loss: 0.193113 | lambda_nlgcl=0.0100 | 54434.9 samples/s | 2.18s
[Coach] >>> TRAIN @Epoch: 331 >>>  || LOSS Avg: 0.19311
[Wall TIME] >>> Coach.train takes 2.178609 seconds ...
[Epoch 332 Telemetry] Loss: 0.192877 | lambda_nlgcl=0.0100 | 53594.3 samples/s | 2.21s
[Coach] >>> TRAIN @Epoch: 332 >>>  || LOSS Avg: 0.19288
[Wall TIME] >>> Coach.train takes 2.212692 seconds ...
[Epoch 333 Telemetry] Loss: 0.193290 | lambda_nlgcl=0.0100 | 53784.5 samples/s | 2.20s
[Coach] >>> TRAIN @Epoch: 333 >>>  || LOSS Avg: 0.19329
[Wall TIME] >>> Coach.train takes 2.204990 seconds ...
[Epoch 334 Telemetry] Loss: 0.192601 | lambda_nlgcl=0.0100 | 46582.4 samples/s | 2.54s
[Coach] >>> TRAIN @Epoch: 334 >>>  || LOSS Avg: 0.19260
[Wall TIME] >>> Coach.train takes 2.545649 seconds ...
[Epoch 335 Telemetry] Loss: 0.193126 | lambda_nlgcl=0.0100 | 55060.1 samples/s | 2.15s
[Coach] >>> TRAIN @Epoch: 335 >>>  || LOSS Avg: 0.19313
[Wall TIME] >>> Coach.train takes 2.153965 seconds ...
[Coach] >>> VALID @Epoch: 335 >>>  || RECALL@1 Avg: 0.0124 || RECALL@10 Avg: 0.0639 || RECALL@20 Avg: 0.1004 || NDCG@10 Avg: 0.0341 || NDCG@20 Avg: 0.0434
[Wall TIME] >>> Coach.valid takes 0.487665 seconds ...
[Epoch 336 Telemetry] Loss: 0.192657 | lambda_nlgcl=0.0100 | 54478.7 samples/s | 2.18s
[Coach] >>> TRAIN @Epoch: 336 >>>  || LOSS Avg: 0.19266
[Wall TIME] >>> Coach.train takes 2.176743 seconds ...
[Epoch 337 Telemetry] Loss: 0.193006 | lambda_nlgcl=0.0100 | 54598.4 samples/s | 2.17s
[Coach] >>> TRAIN @Epoch: 337 >>>  || LOSS Avg: 0.19301
[Wall TIME] >>> Coach.train takes 2.172175 seconds ...
[Epoch 338 Telemetry] Loss: 0.193132 | lambda_nlgcl=0.0100 | 46553.8 samples/s | 2.55s
[Coach] >>> TRAIN @Epoch: 338 >>>  || LOSS Avg: 0.19313
[Wall TIME] >>> Coach.train takes 2.547282 seconds ...
[Epoch 339 Telemetry] Loss: 0.193515 | lambda_nlgcl=0.0100 | 55268.2 samples/s | 2.15s
[Coach] >>> TRAIN @Epoch: 339 >>>  || LOSS Avg: 0.19351
[Wall TIME] >>> Coach.train takes 2.145861 seconds ...
[Epoch 340 Telemetry] Loss: 0.192755 | lambda_nlgcl=0.0100 | 54846.6 samples/s | 2.16s
[Coach] >>> TRAIN @Epoch: 340 >>>  || LOSS Avg: 0.19276
[Wall TIME] >>> Coach.train takes 2.162291 seconds ...
[Coach] >>> VALID @Epoch: 340 >>>  || RECALL@1 Avg: 0.0125 || RECALL@10 Avg: 0.0635 || RECALL@20 Avg: 0.0995 || NDCG@10 Avg: 0.0341 || NDCG@20 Avg: 0.0432
[Wall TIME] >>> Coach.valid takes 0.481417 seconds ...
[Epoch 341 Telemetry] Loss: 0.192798 | lambda_nlgcl=0.0100 | 54854.5 samples/s | 2.16s
[Coach] >>> TRAIN @Epoch: 341 >>>  || LOSS Avg: 0.19280
[Wall TIME] >>> Coach.train takes 2.161947 seconds ...
[Epoch 342 Telemetry] Loss: 0.193173 | lambda_nlgcl=0.0100 | 46752.4 samples/s | 2.54s
[Coach] >>> TRAIN @Epoch: 342 >>>  || LOSS Avg: 0.19317
[Wall TIME] >>> Coach.train takes 2.536674 seconds ...
[Epoch 343 Telemetry] Loss: 0.193022 | lambda_nlgcl=0.0100 | 53215.4 samples/s | 2.23s
[Coach] >>> TRAIN @Epoch: 343 >>>  || LOSS Avg: 0.19302
[Wall TIME] >>> Coach.train takes 2.228589 seconds ...
[Epoch 344 Telemetry] Loss: 0.192912 | lambda_nlgcl=0.0100 | 54476.8 samples/s | 2.18s
[Coach] >>> TRAIN @Epoch: 344 >>>  || LOSS Avg: 0.19291
[Wall TIME] >>> Coach.train takes 2.176941 seconds ...
[Epoch 345 Telemetry] Loss: 0.192977 | lambda_nlgcl=0.0100 | 54280.2 samples/s | 2.18s
[Coach] >>> TRAIN @Epoch: 345 >>>  || LOSS Avg: 0.19298
[Wall TIME] >>> Coach.train takes 2.184820 seconds ...
[Coach] >>> VALID @Epoch: 345 >>>  || RECALL@1 Avg: 0.0124 || RECALL@10 Avg: 0.0638 || RECALL@20 Avg: 0.0995 || NDCG@10 Avg: 0.0341 || NDCG@20 Avg: 0.0432
[Wall TIME] >>> Coach.valid takes 0.486699 seconds ...
[Epoch 346 Telemetry] Loss: 0.192983 | lambda_nlgcl=0.0100 | 47202.0 samples/s | 2.51s
[Coach] >>> TRAIN @Epoch: 346 >>>  || LOSS Avg: 0.19298
[Wall TIME] >>> Coach.train takes 2.512380 seconds ...
[Epoch 347 Telemetry] Loss: 0.192206 | lambda_nlgcl=0.0100 | 53704.5 samples/s | 2.21s
[Coach] >>> TRAIN @Epoch: 347 >>>  || LOSS Avg: 0.19221
[Wall TIME] >>> Coach.train takes 2.208219 seconds ...
[Epoch 348 Telemetry] Loss: 0.192282 | lambda_nlgcl=0.0100 | 53648.5 samples/s | 2.21s
[Coach] >>> TRAIN @Epoch: 348 >>>  || LOSS Avg: 0.19228
[Wall TIME] >>> Coach.train takes 2.210556 seconds ...
[Epoch 349 Telemetry] Loss: 0.192534 | lambda_nlgcl=0.0100 | 54778.8 samples/s | 2.16s
[Coach] >>> TRAIN @Epoch: 349 >>>  || LOSS Avg: 0.19253
[Wall TIME] >>> Coach.train takes 2.164983 seconds ...
[Epoch 350 Telemetry] Loss: 0.192786 | lambda_nlgcl=0.0100 | 47457.6 samples/s | 2.50s
[Coach] >>> TRAIN @Epoch: 350 >>>  || LOSS Avg: 0.19279
[Wall TIME] >>> Coach.train takes 2.498842 seconds ...
[Coach] >>> VALID @Epoch: 350 >>>  || RECALL@1 Avg: 0.0122 || RECALL@10 Avg: 0.0632 || RECALL@20 Avg: 0.1003 || NDCG@10 Avg: 0.0339 || NDCG@20 Avg: 0.0433
[Wall TIME] >>> Coach.valid takes 0.483689 seconds ...
[Epoch 351 Telemetry] Loss: 0.193060 | lambda_nlgcl=0.0100 | 54121.3 samples/s | 2.19s
[Coach] >>> TRAIN @Epoch: 351 >>>  || LOSS Avg: 0.19306
[Wall TIME] >>> Coach.train takes 2.191261 seconds ...
[Epoch 352 Telemetry] Loss: 0.192701 | lambda_nlgcl=0.0100 | 54762.2 samples/s | 2.16s
[Coach] >>> TRAIN @Epoch: 352 >>>  || LOSS Avg: 0.19270
[Wall TIME] >>> Coach.train takes 2.165626 seconds ...
[Epoch 353 Telemetry] Loss: 0.192188 | lambda_nlgcl=0.0100 | 54405.7 samples/s | 2.18s
[Coach] >>> TRAIN @Epoch: 353 >>>  || LOSS Avg: 0.19219
[Wall TIME] >>> Coach.train takes 2.179793 seconds ...
[Epoch 354 Telemetry] Loss: 0.193095 | lambda_nlgcl=0.0100 | 46825.7 samples/s | 2.53s
[Coach] >>> TRAIN @Epoch: 354 >>>  || LOSS Avg: 0.19309
[Wall TIME] >>> Coach.train takes 2.532433 seconds ...
[Epoch 355 Telemetry] Loss: 0.192491 | lambda_nlgcl=0.0100 | 53033.6 samples/s | 2.24s
[Coach] >>> TRAIN @Epoch: 355 >>>  || LOSS Avg: 0.19249
[Wall TIME] >>> Coach.train takes 2.236074 seconds ...
[Coach] >>> VALID @Epoch: 355 >>>  || RECALL@1 Avg: 0.0125 || RECALL@10 Avg: 0.0636 || RECALL@20 Avg: 0.0999 || NDCG@10 Avg: 0.0342 || NDCG@20 Avg: 0.0434
[Wall TIME] >>> Coach.valid takes 0.489458 seconds ...
[Epoch 356 Telemetry] Loss: 0.192810 | lambda_nlgcl=0.0100 | 54059.8 samples/s | 2.19s
[Coach] >>> TRAIN @Epoch: 356 >>>  || LOSS Avg: 0.19281
[Wall TIME] >>> Coach.train takes 2.193766 seconds ...
[Epoch 357 Telemetry] Loss: 0.192451 | lambda_nlgcl=0.0100 | 54028.9 samples/s | 2.19s
[Coach] >>> TRAIN @Epoch: 357 >>>  || LOSS Avg: 0.19245
[Wall TIME] >>> Coach.train takes 2.194888 seconds ...
[Epoch 358 Telemetry] Loss: 0.192453 | lambda_nlgcl=0.0100 | 54392.1 samples/s | 2.18s
[Coach] >>> TRAIN @Epoch: 358 >>>  || LOSS Avg: 0.19245
[Wall TIME] >>> Coach.train takes 2.180340 seconds ...
[Epoch 359 Telemetry] Loss: 0.193079 | lambda_nlgcl=0.0100 | 45730.3 samples/s | 2.59s
[Coach] >>> TRAIN @Epoch: 359 >>>  || LOSS Avg: 0.19308
[Wall TIME] >>> Coach.train takes 2.593105 seconds ...
[Epoch 360 Telemetry] Loss: 0.192349 | lambda_nlgcl=0.0100 | 54138.3 samples/s | 2.19s
[Coach] >>> TRAIN @Epoch: 360 >>>  || LOSS Avg: 0.19235
[Wall TIME] >>> Coach.train takes 2.190491 seconds ...
[Coach] >>> VALID @Epoch: 360 >>>  || RECALL@1 Avg: 0.0124 || RECALL@10 Avg: 0.0638 || RECALL@20 Avg: 0.0994 || NDCG@10 Avg: 0.0343 || NDCG@20 Avg: 0.0433
[Wall TIME] >>> Coach.valid takes 0.488012 seconds ...
[Epoch 361 Telemetry] Loss: 0.192833 | lambda_nlgcl=0.0100 | 55061.4 samples/s | 2.15s
[Coach] >>> TRAIN @Epoch: 361 >>>  || LOSS Avg: 0.19283
[Wall TIME] >>> Coach.train takes 2.153696 seconds ...
[Epoch 362 Telemetry] Loss: 0.191837 | lambda_nlgcl=0.0100 | 54365.2 samples/s | 2.18s
[Coach] >>> TRAIN @Epoch: 362 >>>  || LOSS Avg: 0.19184
[Wall TIME] >>> Coach.train takes 2.181379 seconds ...
[Epoch 363 Telemetry] Loss: 0.192083 | lambda_nlgcl=0.0100 | 46774.3 samples/s | 2.53s
[Coach] >>> TRAIN @Epoch: 363 >>>  || LOSS Avg: 0.19208
[Wall TIME] >>> Coach.train takes 2.535374 seconds ...
[Epoch 364 Telemetry] Loss: 0.193046 | lambda_nlgcl=0.0100 | 53785.6 samples/s | 2.20s
[Coach] >>> TRAIN @Epoch: 364 >>>  || LOSS Avg: 0.19305
[Wall TIME] >>> Coach.train takes 2.204903 seconds ...
[Epoch 365 Telemetry] Loss: 0.192595 | lambda_nlgcl=0.0100 | 54679.0 samples/s | 2.17s
[Coach] >>> TRAIN @Epoch: 365 >>>  || LOSS Avg: 0.19260
[Wall TIME] >>> Coach.train takes 2.168850 seconds ...
[Coach] >>> VALID @Epoch: 365 >>>  || RECALL@1 Avg: 0.0124 || RECALL@10 Avg: 0.0641 || RECALL@20 Avg: 0.0986 || NDCG@10 Avg: 0.0343 || NDCG@20 Avg: 0.0431
[Wall TIME] >>> Coach.valid takes 0.488534 seconds ...
[Epoch 366 Telemetry] Loss: 0.192104 | lambda_nlgcl=0.0100 | 54366.4 samples/s | 2.18s
[Coach] >>> TRAIN @Epoch: 366 >>>  || LOSS Avg: 0.19210
[Wall TIME] >>> Coach.train takes 2.181336 seconds ...
[Epoch 367 Telemetry] Loss: 0.192076 | lambda_nlgcl=0.0100 | 46729.9 samples/s | 2.54s
[Coach] >>> TRAIN @Epoch: 367 >>>  || LOSS Avg: 0.19208
[Wall TIME] >>> Coach.train takes 2.537716 seconds ...
[Epoch 368 Telemetry] Loss: 0.191887 | lambda_nlgcl=0.0100 | 53401.3 samples/s | 2.22s
[Coach] >>> TRAIN @Epoch: 368 >>>  || LOSS Avg: 0.19189
[Wall TIME] >>> Coach.train takes 2.220726 seconds ...
[Epoch 369 Telemetry] Loss: 0.192526 | lambda_nlgcl=0.0100 | 54351.3 samples/s | 2.18s
[Coach] >>> TRAIN @Epoch: 369 >>>  || LOSS Avg: 0.19253
[Wall TIME] >>> Coach.train takes 2.182328 seconds ...
[Epoch 370 Telemetry] Loss: 0.192362 | lambda_nlgcl=0.0100 | 54400.5 samples/s | 2.18s
[Coach] >>> TRAIN @Epoch: 370 >>>  || LOSS Avg: 0.19236
[Wall TIME] >>> Coach.train takes 2.180027 seconds ...
[Coach] >>> VALID @Epoch: 370 >>>  || RECALL@1 Avg: 0.0125 || RECALL@10 Avg: 0.0636 || RECALL@20 Avg: 0.0992 || NDCG@10 Avg: 0.0342 || NDCG@20 Avg: 0.0432
[Wall TIME] >>> Coach.valid takes 0.502132 seconds ...
[Epoch 371 Telemetry] Loss: 0.192241 | lambda_nlgcl=0.0100 | 47282.4 samples/s | 2.51s
[Coach] >>> TRAIN @Epoch: 371 >>>  || LOSS Avg: 0.19224
[Wall TIME] >>> Coach.train takes 2.507995 seconds ...
[Epoch 372 Telemetry] Loss: 0.191974 | lambda_nlgcl=0.0100 | 53443.5 samples/s | 2.22s
[Coach] >>> TRAIN @Epoch: 372 >>>  || LOSS Avg: 0.19197
[Wall TIME] >>> Coach.train takes 2.219043 seconds ...
[Epoch 373 Telemetry] Loss: 0.191615 | lambda_nlgcl=0.0100 | 54675.9 samples/s | 2.17s
[Coach] >>> TRAIN @Epoch: 373 >>>  || LOSS Avg: 0.19162
[Wall TIME] >>> Coach.train takes 2.168940 seconds ...
[Epoch 374 Telemetry] Loss: 0.192130 | lambda_nlgcl=0.0100 | 54518.1 samples/s | 2.17s
[Coach] >>> TRAIN @Epoch: 374 >>>  || LOSS Avg: 0.19213
[Wall TIME] >>> Coach.train takes 2.175319 seconds ...
[Epoch 375 Telemetry] Loss: 0.192533 | lambda_nlgcl=0.0100 | 47794.1 samples/s | 2.48s
[Coach] >>> TRAIN @Epoch: 375 >>>  || LOSS Avg: 0.19253
[Wall TIME] >>> Coach.train takes 2.481367 seconds ...
[Coach] >>> VALID @Epoch: 375 >>>  || RECALL@1 Avg: 0.0128 || RECALL@10 Avg: 0.0625 || RECALL@20 Avg: 0.0998 || NDCG@10 Avg: 0.0339 || NDCG@20 Avg: 0.0434
[Wall TIME] >>> Coach.valid takes 0.494004 seconds ...
[Epoch 376 Telemetry] Loss: 0.191649 | lambda_nlgcl=0.0100 | 53703.7 samples/s | 2.21s
[Coach] >>> TRAIN @Epoch: 376 >>>  || LOSS Avg: 0.19165
[Wall TIME] >>> Coach.train takes 2.208183 seconds ...
[Epoch 377 Telemetry] Loss: 0.192466 | lambda_nlgcl=0.0100 | 54769.8 samples/s | 2.16s
[Coach] >>> TRAIN @Epoch: 377 >>>  || LOSS Avg: 0.19247
[Wall TIME] >>> Coach.train takes 2.165265 seconds ...
[Epoch 378 Telemetry] Loss: 0.192070 | lambda_nlgcl=0.0100 | 54416.8 samples/s | 2.18s
[Coach] >>> TRAIN @Epoch: 378 >>>  || LOSS Avg: 0.19207
[Wall TIME] >>> Coach.train takes 2.179294 seconds ...
[Epoch 379 Telemetry] Loss: 0.192094 | lambda_nlgcl=0.0100 | 46636.4 samples/s | 2.54s
[Coach] >>> TRAIN @Epoch: 379 >>>  || LOSS Avg: 0.19209
[Wall TIME] >>> Coach.train takes 2.542858 seconds ...
[Epoch 380 Telemetry] Loss: 0.191586 | lambda_nlgcl=0.0100 | 53493.5 samples/s | 2.22s
[Coach] >>> TRAIN @Epoch: 380 >>>  || LOSS Avg: 0.19159
[Wall TIME] >>> Coach.train takes 2.217009 seconds ...
[Coach] >>> Better ***NDCG@20*** of ***0.0437*** 
[Coach] >>> VALID @Epoch: 380 >>>  || RECALL@1 Avg: 0.0131 || RECALL@10 Avg: 0.0632 || RECALL@20 Avg: 0.1007 || NDCG@10 Avg: 0.0342 || NDCG@20 Avg: 0.0437
[Wall TIME] >>> Coach.valid takes 0.543459 seconds ...
[Epoch 381 Telemetry] Loss: 0.191588 | lambda_nlgcl=0.0100 | 54385.1 samples/s | 2.18s
[Coach] >>> TRAIN @Epoch: 381 >>>  || LOSS Avg: 0.19159
[Wall TIME] >>> Coach.train takes 2.180674 seconds ...
[Epoch 382 Telemetry] Loss: 0.192398 | lambda_nlgcl=0.0100 | 54509.4 samples/s | 2.17s
[Coach] >>> TRAIN @Epoch: 382 >>>  || LOSS Avg: 0.19240
[Wall TIME] >>> Coach.train takes 2.175550 seconds ...
[Epoch 383 Telemetry] Loss: 0.191134 | lambda_nlgcl=0.0100 | 46825.0 samples/s | 2.53s
[Coach] >>> TRAIN @Epoch: 383 >>>  || LOSS Avg: 0.19113
[Wall TIME] >>> Coach.train takes 2.532559 seconds ...
[Epoch 384 Telemetry] Loss: 0.191758 | lambda_nlgcl=0.0100 | 54579.8 samples/s | 2.17s
[Coach] >>> TRAIN @Epoch: 384 >>>  || LOSS Avg: 0.19176
[Wall TIME] >>> Coach.train takes 2.172830 seconds ...
[Epoch 385 Telemetry] Loss: 0.191940 | lambda_nlgcl=0.0100 | 53189.8 samples/s | 2.23s
[Coach] >>> TRAIN @Epoch: 385 >>>  || LOSS Avg: 0.19194
[Wall TIME] >>> Coach.train takes 2.229670 seconds ...
[Coach] >>> VALID @Epoch: 385 >>>  || RECALL@1 Avg: 0.0129 || RECALL@10 Avg: 0.0629 || RECALL@20 Avg: 0.0998 || NDCG@10 Avg: 0.0342 || NDCG@20 Avg: 0.0435
[Wall TIME] >>> Coach.valid takes 0.488470 seconds ...
[Epoch 386 Telemetry] Loss: 0.191732 | lambda_nlgcl=0.0100 | 54552.8 samples/s | 2.17s
[Coach] >>> TRAIN @Epoch: 386 >>>  || LOSS Avg: 0.19173
[Wall TIME] >>> Coach.train takes 2.173891 seconds ...
[Epoch 387 Telemetry] Loss: 0.191293 | lambda_nlgcl=0.0100 | 55629.0 samples/s | 2.13s
[Coach] >>> TRAIN @Epoch: 387 >>>  || LOSS Avg: 0.19129
[Wall TIME] >>> Coach.train takes 2.131829 seconds ...
[Epoch 388 Telemetry] Loss: 0.191631 | lambda_nlgcl=0.0100 | 47678.2 samples/s | 2.49s
[Coach] >>> TRAIN @Epoch: 388 >>>  || LOSS Avg: 0.19163
[Wall TIME] >>> Coach.train takes 2.487148 seconds ...
[Epoch 389 Telemetry] Loss: 0.191451 | lambda_nlgcl=0.0100 | 53873.9 samples/s | 2.20s
[Coach] >>> TRAIN @Epoch: 389 >>>  || LOSS Avg: 0.19145
[Wall TIME] >>> Coach.train takes 2.201277 seconds ...
[Epoch 390 Telemetry] Loss: 0.192043 | lambda_nlgcl=0.0100 | 53890.9 samples/s | 2.20s
[Coach] >>> TRAIN @Epoch: 390 >>>  || LOSS Avg: 0.19204
[Wall TIME] >>> Coach.train takes 2.200617 seconds ...
[Coach] >>> VALID @Epoch: 390 >>>  || RECALL@1 Avg: 0.0127 || RECALL@10 Avg: 0.0629 || RECALL@20 Avg: 0.0994 || NDCG@10 Avg: 0.0341 || NDCG@20 Avg: 0.0433
[Wall TIME] >>> Coach.valid takes 0.490975 seconds ...
[Epoch 391 Telemetry] Loss: 0.191616 | lambda_nlgcl=0.0100 | 54526.6 samples/s | 2.17s
[Coach] >>> TRAIN @Epoch: 391 >>>  || LOSS Avg: 0.19162
[Wall TIME] >>> Coach.train takes 2.174995 seconds ...
[Epoch 392 Telemetry] Loss: 0.191389 | lambda_nlgcl=0.0100 | 46484.4 samples/s | 2.55s
[Coach] >>> TRAIN @Epoch: 392 >>>  || LOSS Avg: 0.19139
[Wall TIME] >>> Coach.train takes 2.551134 seconds ...
[Epoch 393 Telemetry] Loss: 0.191853 | lambda_nlgcl=0.0100 | 53025.3 samples/s | 2.24s
[Coach] >>> TRAIN @Epoch: 393 >>>  || LOSS Avg: 0.19185
[Wall TIME] >>> Coach.train takes 2.236529 seconds ...
[Epoch 394 Telemetry] Loss: 0.191204 | lambda_nlgcl=0.0100 | 54952.8 samples/s | 2.16s
[Coach] >>> TRAIN @Epoch: 394 >>>  || LOSS Avg: 0.19120
[Wall TIME] >>> Coach.train takes 2.158094 seconds ...
[Epoch 395 Telemetry] Loss: 0.191402 | lambda_nlgcl=0.0100 | 54475.6 samples/s | 2.18s
[Coach] >>> TRAIN @Epoch: 395 >>>  || LOSS Avg: 0.19140
[Wall TIME] >>> Coach.train takes 2.177010 seconds ...
[Coach] >>> VALID @Epoch: 395 >>>  || RECALL@1 Avg: 0.0131 || RECALL@10 Avg: 0.0625 || RECALL@20 Avg: 0.1002 || NDCG@10 Avg: 0.0339 || NDCG@20 Avg: 0.0435
[Wall TIME] >>> Coach.valid takes 0.488355 seconds ...
[Epoch 396 Telemetry] Loss: 0.191631 | lambda_nlgcl=0.0100 | 46964.0 samples/s | 2.52s
[Coach] >>> TRAIN @Epoch: 396 >>>  || LOSS Avg: 0.19163
[Wall TIME] >>> Coach.train takes 2.524912 seconds ...
[Epoch 397 Telemetry] Loss: 0.191974 | lambda_nlgcl=0.0100 | 53868.8 samples/s | 2.20s
[Coach] >>> TRAIN @Epoch: 397 >>>  || LOSS Avg: 0.19197
[Wall TIME] >>> Coach.train takes 2.201421 seconds ...
[Epoch 398 Telemetry] Loss: 0.191065 | lambda_nlgcl=0.0100 | 55080.3 samples/s | 2.15s
[Coach] >>> TRAIN @Epoch: 398 >>>  || LOSS Avg: 0.19106
[Wall TIME] >>> Coach.train takes 2.153099 seconds ...
[Epoch 399 Telemetry] Loss: 0.191359 | lambda_nlgcl=0.0100 | 54414.2 samples/s | 2.18s
[Coach] >>> TRAIN @Epoch: 399 >>>  || LOSS Avg: 0.19136
[Wall TIME] >>> Coach.train takes 2.179389 seconds ...
[Epoch 400 Telemetry] Loss: 0.191858 | lambda_nlgcl=0.0100 | 47455.3 samples/s | 2.50s
[Coach] >>> TRAIN @Epoch: 400 >>>  || LOSS Avg: 0.19186
[Wall TIME] >>> Coach.train takes 2.498825 seconds ...
[Coach] >>> VALID @Epoch: 400 >>>  || RECALL@1 Avg: 0.0125 || RECALL@10 Avg: 0.0625 || RECALL@20 Avg: 0.1002 || NDCG@10 Avg: 0.0337 || NDCG@20 Avg: 0.0433
[Wall TIME] >>> Coach.valid takes 0.486047 seconds ...
[Epoch 401 Telemetry] Loss: 0.191947 | lambda_nlgcl=0.0100 | 55259.9 samples/s | 2.15s
[Coach] >>> TRAIN @Epoch: 401 >>>  || LOSS Avg: 0.19195
[Wall TIME] >>> Coach.train takes 2.146063 seconds ...
[Epoch 402 Telemetry] Loss: 0.191810 | lambda_nlgcl=0.0100 | 52867.8 samples/s | 2.24s
[Coach] >>> TRAIN @Epoch: 402 >>>  || LOSS Avg: 0.19181
[Wall TIME] >>> Coach.train takes 2.243254 seconds ...
[Epoch 403 Telemetry] Loss: 0.191934 | lambda_nlgcl=0.0100 | 54904.0 samples/s | 2.16s
[Coach] >>> TRAIN @Epoch: 403 >>>  || LOSS Avg: 0.19193
[Wall TIME] >>> Coach.train takes 2.160044 seconds ...
[Epoch 404 Telemetry] Loss: 0.191434 | lambda_nlgcl=0.0100 | 47122.6 samples/s | 2.52s
[Coach] >>> TRAIN @Epoch: 404 >>>  || LOSS Avg: 0.19143
[Wall TIME] >>> Coach.train takes 2.516535 seconds ...
[Epoch 405 Telemetry] Loss: 0.191790 | lambda_nlgcl=0.0100 | 54215.4 samples/s | 2.19s
[Coach] >>> TRAIN @Epoch: 405 >>>  || LOSS Avg: 0.19179
[Wall TIME] >>> Coach.train takes 2.187366 seconds ...
[Coach] >>> VALID @Epoch: 405 >>>  || RECALL@1 Avg: 0.0129 || RECALL@10 Avg: 0.0627 || RECALL@20 Avg: 0.0994 || NDCG@10 Avg: 0.0341 || NDCG@20 Avg: 0.0434
[Wall TIME] >>> Coach.valid takes 0.488041 seconds ...
[Epoch 406 Telemetry] Loss: 0.191920 | lambda_nlgcl=0.0100 | 53163.0 samples/s | 2.23s
[Coach] >>> TRAIN @Epoch: 406 >>>  || LOSS Avg: 0.19192
[Wall TIME] >>> Coach.train takes 2.230611 seconds ...
[Epoch 407 Telemetry] Loss: 0.191301 | lambda_nlgcl=0.0100 | 54302.4 samples/s | 2.18s
[Coach] >>> TRAIN @Epoch: 407 >>>  || LOSS Avg: 0.19130
[Wall TIME] >>> Coach.train takes 2.184032 seconds ...
[Epoch 408 Telemetry] Loss: 0.191426 | lambda_nlgcl=0.0100 | 46539.8 samples/s | 2.55s
[Coach] >>> TRAIN @Epoch: 408 >>>  || LOSS Avg: 0.19143
[Wall TIME] >>> Coach.train takes 2.548019 seconds ...
[Epoch 409 Telemetry] Loss: 0.191352 | lambda_nlgcl=0.0100 | 53621.5 samples/s | 2.21s
[Coach] >>> TRAIN @Epoch: 409 >>>  || LOSS Avg: 0.19135
[Wall TIME] >>> Coach.train takes 2.212029 seconds ...
[Epoch 410 Telemetry] Loss: 0.191291 | lambda_nlgcl=0.0100 | 53205.4 samples/s | 2.23s
[Coach] >>> TRAIN @Epoch: 410 >>>  || LOSS Avg: 0.19129
[Wall TIME] >>> Coach.train takes 2.229052 seconds ...
[Coach] >>> VALID @Epoch: 410 >>>  || RECALL@1 Avg: 0.0128 || RECALL@10 Avg: 0.0633 || RECALL@20 Avg: 0.0986 || NDCG@10 Avg: 0.0340 || NDCG@20 Avg: 0.0430
[Wall TIME] >>> Coach.valid takes 0.484936 seconds ...
[Epoch 411 Telemetry] Loss: 0.191378 | lambda_nlgcl=0.0100 | 54366.7 samples/s | 2.18s
[Coach] >>> TRAIN @Epoch: 411 >>>  || LOSS Avg: 0.19138
[Wall TIME] >>> Coach.train takes 2.181363 seconds ...
[Epoch 412 Telemetry] Loss: 0.191446 | lambda_nlgcl=0.0100 | 47277.6 samples/s | 2.51s
[Coach] >>> TRAIN @Epoch: 412 >>>  || LOSS Avg: 0.19145
[Wall TIME] >>> Coach.train takes 2.508405 seconds ...
[Epoch 413 Telemetry] Loss: 0.191868 | lambda_nlgcl=0.0100 | 55123.8 samples/s | 2.15s
[Coach] >>> TRAIN @Epoch: 413 >>>  || LOSS Avg: 0.19187
[Wall TIME] >>> Coach.train takes 2.151284 seconds ...
[Epoch 414 Telemetry] Loss: 0.191159 | lambda_nlgcl=0.0100 | 54352.9 samples/s | 2.18s
[Coach] >>> TRAIN @Epoch: 414 >>>  || LOSS Avg: 0.19116
[Wall TIME] >>> Coach.train takes 2.181904 seconds ...
[Epoch 415 Telemetry] Loss: 0.191523 | lambda_nlgcl=0.0100 | 54778.8 samples/s | 2.16s
[Coach] >>> TRAIN @Epoch: 415 >>>  || LOSS Avg: 0.19152
[Wall TIME] >>> Coach.train takes 2.164848 seconds ...
[Coach] >>> VALID @Epoch: 415 >>>  || RECALL@1 Avg: 0.0128 || RECALL@10 Avg: 0.0630 || RECALL@20 Avg: 0.1010 || NDCG@10 Avg: 0.0340 || NDCG@20 Avg: 0.0436
[Wall TIME] >>> Coach.valid takes 0.487114 seconds ...
[Epoch 416 Telemetry] Loss: 0.190697 | lambda_nlgcl=0.0100 | 54828.9 samples/s | 2.16s
[Coach] >>> TRAIN @Epoch: 416 >>>  || LOSS Avg: 0.19070
[Wall TIME] >>> Coach.train takes 2.162860 seconds ...
[Epoch 417 Telemetry] Loss: 0.191116 | lambda_nlgcl=0.0100 | 46866.7 samples/s | 2.53s
[Coach] >>> TRAIN @Epoch: 417 >>>  || LOSS Avg: 0.19112
[Wall TIME] >>> Coach.train takes 2.530375 seconds ...
[Epoch 418 Telemetry] Loss: 0.191255 | lambda_nlgcl=0.0100 | 53076.1 samples/s | 2.23s
[Coach] >>> TRAIN @Epoch: 418 >>>  || LOSS Avg: 0.19126
[Wall TIME] >>> Coach.train takes 2.234360 seconds ...
[Epoch 419 Telemetry] Loss: 0.191018 | lambda_nlgcl=0.0100 | 54372.3 samples/s | 2.18s
[Coach] >>> TRAIN @Epoch: 419 >>>  || LOSS Avg: 0.19102
[Wall TIME] >>> Coach.train takes 2.181031 seconds ...
[Epoch 420 Telemetry] Loss: 0.191059 | lambda_nlgcl=0.0100 | 53515.5 samples/s | 2.22s
[Coach] >>> TRAIN @Epoch: 420 >>>  || LOSS Avg: 0.19106
[Wall TIME] >>> Coach.train takes 2.215939 seconds ...
[Coach] >>> VALID @Epoch: 420 >>>  || RECALL@1 Avg: 0.0132 || RECALL@10 Avg: 0.0626 || RECALL@20 Avg: 0.1004 || NDCG@10 Avg: 0.0341 || NDCG@20 Avg: 0.0437
[Wall TIME] >>> Coach.valid takes 0.489819 seconds ...
[Epoch 421 Telemetry] Loss: 0.191416 | lambda_nlgcl=0.0100 | 46651.9 samples/s | 2.54s
[Coach] >>> TRAIN @Epoch: 421 >>>  || LOSS Avg: 0.19142
[Wall TIME] >>> Coach.train takes 2.541915 seconds ...
[Epoch 422 Telemetry] Loss: 0.190727 | lambda_nlgcl=0.0100 | 54154.4 samples/s | 2.19s
[Coach] >>> TRAIN @Epoch: 422 >>>  || LOSS Avg: 0.19073
[Wall TIME] >>> Coach.train takes 2.190231 seconds ...
[Epoch 423 Telemetry] Loss: 0.191300 | lambda_nlgcl=0.0100 | 53252.3 samples/s | 2.23s
[Coach] >>> TRAIN @Epoch: 423 >>>  || LOSS Avg: 0.19130
[Wall TIME] >>> Coach.train takes 2.227047 seconds ...
[Epoch 424 Telemetry] Loss: 0.190999 | lambda_nlgcl=0.0100 | 54204.2 samples/s | 2.19s
[Coach] >>> TRAIN @Epoch: 424 >>>  || LOSS Avg: 0.19100
[Wall TIME] >>> Coach.train takes 2.187868 seconds ...
[Epoch 425 Telemetry] Loss: 0.190802 | lambda_nlgcl=0.0100 | 47356.0 samples/s | 2.50s
[Coach] >>> TRAIN @Epoch: 425 >>>  || LOSS Avg: 0.19080
[Wall TIME] >>> Coach.train takes 2.504172 seconds ...
[Coach] >>> VALID @Epoch: 425 >>>  || RECALL@1 Avg: 0.0132 || RECALL@10 Avg: 0.0634 || RECALL@20 Avg: 0.0993 || NDCG@10 Avg: 0.0343 || NDCG@20 Avg: 0.0434
[Wall TIME] >>> Coach.valid takes 0.485300 seconds ...
[Epoch 426 Telemetry] Loss: 0.191058 | lambda_nlgcl=0.0100 | 54343.2 samples/s | 2.18s
[Coach] >>> TRAIN @Epoch: 426 >>>  || LOSS Avg: 0.19106
[Wall TIME] >>> Coach.train takes 2.182378 seconds ...
[Epoch 427 Telemetry] Loss: 0.191086 | lambda_nlgcl=0.0100 | 53409.0 samples/s | 2.22s
[Coach] >>> TRAIN @Epoch: 427 >>>  || LOSS Avg: 0.19109
[Wall TIME] >>> Coach.train takes 2.220409 seconds ...
[Epoch 428 Telemetry] Loss: 0.191330 | lambda_nlgcl=0.0100 | 54336.9 samples/s | 2.18s
[Coach] >>> TRAIN @Epoch: 428 >>>  || LOSS Avg: 0.19133
[Wall TIME] >>> Coach.train takes 2.182537 seconds ...
[Epoch 429 Telemetry] Loss: 0.190859 | lambda_nlgcl=0.0100 | 47339.7 samples/s | 2.50s
[Coach] >>> TRAIN @Epoch: 429 >>>  || LOSS Avg: 0.19086
[Wall TIME] >>> Coach.train takes 2.505030 seconds ...
[Epoch 430 Telemetry] Loss: 0.190781 | lambda_nlgcl=0.0100 | 54254.7 samples/s | 2.19s
[Coach] >>> TRAIN @Epoch: 430 >>>  || LOSS Avg: 0.19078
[Wall TIME] >>> Coach.train takes 2.185900 seconds ...
[Coach] >>> VALID @Epoch: 430 >>>  || RECALL@1 Avg: 0.0131 || RECALL@10 Avg: 0.0630 || RECALL@20 Avg: 0.1004 || NDCG@10 Avg: 0.0342 || NDCG@20 Avg: 0.0437
[Wall TIME] >>> Coach.valid takes 0.487941 seconds ...
[Epoch 431 Telemetry] Loss: 0.190796 | lambda_nlgcl=0.0100 | 52802.5 samples/s | 2.25s
[Coach] >>> TRAIN @Epoch: 431 >>>  || LOSS Avg: 0.19080
[Wall TIME] >>> Coach.train takes 2.245996 seconds ...
[Epoch 432 Telemetry] Loss: 0.191034 | lambda_nlgcl=0.0100 | 53881.6 samples/s | 2.20s
[Coach] >>> TRAIN @Epoch: 432 >>>  || LOSS Avg: 0.19103
[Wall TIME] >>> Coach.train takes 2.200937 seconds ...
[Epoch 433 Telemetry] Loss: 0.191416 | lambda_nlgcl=0.0100 | 46432.4 samples/s | 2.55s
[Coach] >>> TRAIN @Epoch: 433 >>>  || LOSS Avg: 0.19142
[Wall TIME] >>> Coach.train takes 2.554013 seconds ...
[Epoch 434 Telemetry] Loss: 0.190777 | lambda_nlgcl=0.0100 | 54016.8 samples/s | 2.19s
[Coach] >>> TRAIN @Epoch: 434 >>>  || LOSS Avg: 0.19078
[Wall TIME] >>> Coach.train takes 2.195645 seconds ...
[Epoch 435 Telemetry] Loss: 0.190783 | lambda_nlgcl=0.0100 | 53052.3 samples/s | 2.23s
[Coach] >>> TRAIN @Epoch: 435 >>>  || LOSS Avg: 0.19078
[Wall TIME] >>> Coach.train takes 2.235423 seconds ...
[Coach] >>> VALID @Epoch: 435 >>>  || RECALL@1 Avg: 0.0129 || RECALL@10 Avg: 0.0630 || RECALL@20 Avg: 0.0997 || NDCG@10 Avg: 0.0343 || NDCG@20 Avg: 0.0436
[Wall TIME] >>> Coach.valid takes 0.490815 seconds ...
[Epoch 436 Telemetry] Loss: 0.190980 | lambda_nlgcl=0.0100 | 54135.0 samples/s | 2.19s
[Coach] >>> TRAIN @Epoch: 436 >>>  || LOSS Avg: 0.19098
[Wall TIME] >>> Coach.train takes 2.190687 seconds ...
[Epoch 437 Telemetry] Loss: 0.190994 | lambda_nlgcl=0.0100 | 47168.2 samples/s | 2.51s
[Coach] >>> TRAIN @Epoch: 437 >>>  || LOSS Avg: 0.19099
[Wall TIME] >>> Coach.train takes 2.514062 seconds ...
[Epoch 438 Telemetry] Loss: 0.191279 | lambda_nlgcl=0.0100 | 55099.2 samples/s | 2.15s
[Coach] >>> TRAIN @Epoch: 438 >>>  || LOSS Avg: 0.19128
[Wall TIME] >>> Coach.train takes 2.152429 seconds ...
[Epoch 439 Telemetry] Loss: 0.191370 | lambda_nlgcl=0.0100 | 54294.2 samples/s | 2.18s
[Coach] >>> TRAIN @Epoch: 439 >>>  || LOSS Avg: 0.19137
[Wall TIME] >>> Coach.train takes 2.184170 seconds ...
[Epoch 440 Telemetry] Loss: 0.191482 | lambda_nlgcl=0.0100 | 53988.0 samples/s | 2.20s
[Coach] >>> TRAIN @Epoch: 440 >>>  || LOSS Avg: 0.19148
[Wall TIME] >>> Coach.train takes 2.196768 seconds ...
[Coach] >>> VALID @Epoch: 440 >>>  || RECALL@1 Avg: 0.0127 || RECALL@10 Avg: 0.0630 || RECALL@20 Avg: 0.1000 || NDCG@10 Avg: 0.0341 || NDCG@20 Avg: 0.0435
[Wall TIME] >>> Coach.valid takes 0.485370 seconds ...
[Epoch 441 Telemetry] Loss: 0.190966 | lambda_nlgcl=0.0100 | 47254.6 samples/s | 2.51s
[Coach] >>> TRAIN @Epoch: 441 >>>  || LOSS Avg: 0.19097
[Wall TIME] >>> Coach.train takes 2.509550 seconds ...
[Epoch 442 Telemetry] Loss: 0.190805 | lambda_nlgcl=0.0100 | 54446.7 samples/s | 2.18s
[Coach] >>> TRAIN @Epoch: 442 >>>  || LOSS Avg: 0.19081
[Wall TIME] >>> Coach.train takes 2.178138 seconds ...
[Epoch 443 Telemetry] Loss: 0.190764 | lambda_nlgcl=0.0100 | 54512.2 samples/s | 2.17s
[Coach] >>> TRAIN @Epoch: 443 >>>  || LOSS Avg: 0.19076
[Wall TIME] >>> Coach.train takes 2.175516 seconds ...
[Epoch 444 Telemetry] Loss: 0.190339 | lambda_nlgcl=0.0100 | 52965.9 samples/s | 2.24s
[Coach] >>> TRAIN @Epoch: 444 >>>  || LOSS Avg: 0.19034
[Wall TIME] >>> Coach.train takes 2.239055 seconds ...
[Epoch 445 Telemetry] Loss: 0.190606 | lambda_nlgcl=0.0100 | 46765.1 samples/s | 2.54s
[Coach] >>> TRAIN @Epoch: 445 >>>  || LOSS Avg: 0.19061
[Wall TIME] >>> Coach.train takes 2.535867 seconds ...
[Coach] >>> VALID @Epoch: 445 >>>  || RECALL@1 Avg: 0.0126 || RECALL@10 Avg: 0.0628 || RECALL@20 Avg: 0.0993 || NDCG@10 Avg: 0.0341 || NDCG@20 Avg: 0.0433
[Wall TIME] >>> Coach.valid takes 0.499180 seconds ...
[Epoch 446 Telemetry] Loss: 0.190846 | lambda_nlgcl=0.0100 | 54565.9 samples/s | 2.17s
[Coach] >>> TRAIN @Epoch: 446 >>>  || LOSS Avg: 0.19085
[Wall TIME] >>> Coach.train takes 2.173380 seconds ...
[Epoch 447 Telemetry] Loss: 0.190680 | lambda_nlgcl=0.0100 | 54089.0 samples/s | 2.19s
[Coach] >>> TRAIN @Epoch: 447 >>>  || LOSS Avg: 0.19068
[Wall TIME] >>> Coach.train takes 2.192503 seconds ...
[Epoch 448 Telemetry] Loss: 0.190859 | lambda_nlgcl=0.0100 | 52408.3 samples/s | 2.26s
[Coach] >>> TRAIN @Epoch: 448 >>>  || LOSS Avg: 0.19086
[Wall TIME] >>> Coach.train takes 2.262753 seconds ...
[Epoch 449 Telemetry] Loss: 0.190467 | lambda_nlgcl=0.0100 | 54567.2 samples/s | 2.17s
[Coach] >>> TRAIN @Epoch: 449 >>>  || LOSS Avg: 0.19047
[Wall TIME] >>> Coach.train takes 2.173328 seconds ...
[Epoch 450 Telemetry] Loss: 0.190596 | lambda_nlgcl=0.0100 | 47606.8 samples/s | 2.49s
[Coach] >>> TRAIN @Epoch: 450 >>>  || LOSS Avg: 0.19060
[Wall TIME] >>> Coach.train takes 2.490923 seconds ...
[Coach] >>> VALID @Epoch: 450 >>>  || RECALL@1 Avg: 0.0124 || RECALL@10 Avg: 0.0632 || RECALL@20 Avg: 0.0998 || NDCG@10 Avg: 0.0341 || NDCG@20 Avg: 0.0434
[Wall TIME] >>> Coach.valid takes 0.485024 seconds ...
[Epoch 451 Telemetry] Loss: 0.190440 | lambda_nlgcl=0.0100 | 55300.6 samples/s | 2.14s
[Coach] >>> TRAIN @Epoch: 451 >>>  || LOSS Avg: 0.19044
[Wall TIME] >>> Coach.train takes 2.144551 seconds ...
[Epoch 452 Telemetry] Loss: 0.190887 | lambda_nlgcl=0.0100 | 53844.0 samples/s | 2.20s
[Coach] >>> TRAIN @Epoch: 452 >>>  || LOSS Avg: 0.19089
[Wall TIME] >>> Coach.train takes 2.202490 seconds ...
[Epoch 453 Telemetry] Loss: 0.190567 | lambda_nlgcl=0.0100 | 54613.6 samples/s | 2.17s
[Coach] >>> TRAIN @Epoch: 453 >>>  || LOSS Avg: 0.19057
[Wall TIME] >>> Coach.train takes 2.171555 seconds ...
[Epoch 454 Telemetry] Loss: 0.190566 | lambda_nlgcl=0.0100 | 46392.8 samples/s | 2.56s
[Coach] >>> TRAIN @Epoch: 454 >>>  || LOSS Avg: 0.19057
[Wall TIME] >>> Coach.train takes 2.556131 seconds ...
[Epoch 455 Telemetry] Loss: 0.190472 | lambda_nlgcl=0.0100 | 54286.5 samples/s | 2.18s
[Coach] >>> TRAIN @Epoch: 455 >>>  || LOSS Avg: 0.19047
[Wall TIME] >>> Coach.train takes 2.184577 seconds ...
[Coach] >>> VALID @Epoch: 455 >>>  || RECALL@1 Avg: 0.0127 || RECALL@10 Avg: 0.0622 || RECALL@20 Avg: 0.1000 || NDCG@10 Avg: 0.0339 || NDCG@20 Avg: 0.0435
[Wall TIME] >>> Coach.valid takes 0.488564 seconds ...
[Epoch 456 Telemetry] Loss: 0.190659 | lambda_nlgcl=0.0100 | 52976.8 samples/s | 2.24s
[Coach] >>> TRAIN @Epoch: 456 >>>  || LOSS Avg: 0.19066
[Wall TIME] >>> Coach.train takes 2.238529 seconds ...
[Epoch 457 Telemetry] Loss: 0.190664 | lambda_nlgcl=0.0100 | 53572.5 samples/s | 2.21s
[Coach] >>> TRAIN @Epoch: 457 >>>  || LOSS Avg: 0.19066
[Wall TIME] >>> Coach.train takes 2.213758 seconds ...
[Epoch 458 Telemetry] Loss: 0.190710 | lambda_nlgcl=0.0100 | 46205.8 samples/s | 2.57s
[Coach] >>> TRAIN @Epoch: 458 >>>  || LOSS Avg: 0.19071
[Wall TIME] >>> Coach.train takes 2.566463 seconds ...
[Epoch 459 Telemetry] Loss: 0.190509 | lambda_nlgcl=0.0100 | 53375.1 samples/s | 2.22s
[Coach] >>> TRAIN @Epoch: 459 >>>  || LOSS Avg: 0.19051
[Wall TIME] >>> Coach.train takes 2.221864 seconds ...
[Epoch 460 Telemetry] Loss: 0.190831 | lambda_nlgcl=0.0100 | 53875.2 samples/s | 2.20s
[Coach] >>> TRAIN @Epoch: 460 >>>  || LOSS Avg: 0.19083
[Wall TIME] >>> Coach.train takes 2.201268 seconds ...
[Coach] >>> VALID @Epoch: 460 >>>  || RECALL@1 Avg: 0.0126 || RECALL@10 Avg: 0.0622 || RECALL@20 Avg: 0.0995 || NDCG@10 Avg: 0.0337 || NDCG@20 Avg: 0.0432
[Wall TIME] >>> Coach.valid takes 0.516799 seconds ...
[Epoch 461 Telemetry] Loss: 0.190378 | lambda_nlgcl=0.0100 | 53630.3 samples/s | 2.21s
[Coach] >>> TRAIN @Epoch: 461 >>>  || LOSS Avg: 0.19038
[Wall TIME] >>> Coach.train takes 2.211300 seconds ...
[Epoch 462 Telemetry] Loss: 0.190662 | lambda_nlgcl=0.0100 | 47212.6 samples/s | 2.51s
[Coach] >>> TRAIN @Epoch: 462 >>>  || LOSS Avg: 0.19066
[Wall TIME] >>> Coach.train takes 2.511825 seconds ...
[Epoch 463 Telemetry] Loss: 0.190422 | lambda_nlgcl=0.0100 | 54450.6 samples/s | 2.18s
[Coach] >>> TRAIN @Epoch: 463 >>>  || LOSS Avg: 0.19042
[Wall TIME] >>> Coach.train takes 2.178032 seconds ...
[Epoch 464 Telemetry] Loss: 0.190618 | lambda_nlgcl=0.0100 | 54419.2 samples/s | 2.18s
[Coach] >>> TRAIN @Epoch: 464 >>>  || LOSS Avg: 0.19062
[Wall TIME] >>> Coach.train takes 2.179163 seconds ...
[Epoch 465 Telemetry] Loss: 0.190581 | lambda_nlgcl=0.0100 | 54731.6 samples/s | 2.17s
[Coach] >>> TRAIN @Epoch: 465 >>>  || LOSS Avg: 0.19058
[Wall TIME] >>> Coach.train takes 2.166700 seconds ...
[Coach] >>> Better ***NDCG@20*** of ***0.0437*** 
[Coach] >>> VALID @Epoch: 465 >>>  || RECALL@1 Avg: 0.0128 || RECALL@10 Avg: 0.0630 || RECALL@20 Avg: 0.1009 || NDCG@10 Avg: 0.0341 || NDCG@20 Avg: 0.0437
[Wall TIME] >>> Coach.valid takes 0.511650 seconds ...
[Epoch 466 Telemetry] Loss: 0.190636 | lambda_nlgcl=0.0100 | 47285.2 samples/s | 2.51s
[Coach] >>> TRAIN @Epoch: 466 >>>  || LOSS Avg: 0.19064
[Wall TIME] >>> Coach.train takes 2.507904 seconds ...
[Epoch 467 Telemetry] Loss: 0.190573 | lambda_nlgcl=0.0100 | 54817.8 samples/s | 2.16s
[Coach] >>> TRAIN @Epoch: 467 >>>  || LOSS Avg: 0.19057
[Wall TIME] >>> Coach.train takes 2.163550 seconds ...
[Epoch 468 Telemetry] Loss: 0.190413 | lambda_nlgcl=0.0100 | 54671.1 samples/s | 2.17s
[Coach] >>> TRAIN @Epoch: 468 >>>  || LOSS Avg: 0.19041
[Wall TIME] >>> Coach.train takes 2.169261 seconds ...
[Epoch 469 Telemetry] Loss: 0.190362 | lambda_nlgcl=0.0100 | 53121.0 samples/s | 2.23s
[Coach] >>> TRAIN @Epoch: 469 >>>  || LOSS Avg: 0.19036
[Wall TIME] >>> Coach.train takes 2.232577 seconds ...
[Epoch 470 Telemetry] Loss: 0.190721 | lambda_nlgcl=0.0100 | 46878.8 samples/s | 2.53s
[Coach] >>> TRAIN @Epoch: 470 >>>  || LOSS Avg: 0.19072
[Wall TIME] >>> Coach.train takes 2.529710 seconds ...
[Coach] >>> VALID @Epoch: 470 >>>  || RECALL@1 Avg: 0.0128 || RECALL@10 Avg: 0.0626 || RECALL@20 Avg: 0.0992 || NDCG@10 Avg: 0.0341 || NDCG@20 Avg: 0.0435
[Wall TIME] >>> Coach.valid takes 0.489728 seconds ...
[Epoch 471 Telemetry] Loss: 0.190254 | lambda_nlgcl=0.0100 | 54546.2 samples/s | 2.17s
[Coach] >>> TRAIN @Epoch: 471 >>>  || LOSS Avg: 0.19025
[Wall TIME] >>> Coach.train takes 2.174154 seconds ...
[Epoch 472 Telemetry] Loss: 0.190227 | lambda_nlgcl=0.0100 | 54657.5 samples/s | 2.17s
[Coach] >>> TRAIN @Epoch: 472 >>>  || LOSS Avg: 0.19023
[Wall TIME] >>> Coach.train takes 2.169653 seconds ...
[Epoch 473 Telemetry] Loss: 0.190754 | lambda_nlgcl=0.0100 | 52815.8 samples/s | 2.24s
[Coach] >>> TRAIN @Epoch: 473 >>>  || LOSS Avg: 0.19075
[Wall TIME] >>> Coach.train takes 2.245298 seconds ...
[Epoch 474 Telemetry] Loss: 0.190514 | lambda_nlgcl=0.0100 | 46997.7 samples/s | 2.52s
[Coach] >>> TRAIN @Epoch: 474 >>>  || LOSS Avg: 0.19051
[Wall TIME] >>> Coach.train takes 2.523246 seconds ...
[Epoch 475 Telemetry] Loss: 0.190628 | lambda_nlgcl=0.0100 | 54135.6 samples/s | 2.19s
[Coach] >>> TRAIN @Epoch: 475 >>>  || LOSS Avg: 0.19063
[Wall TIME] >>> Coach.train takes 2.190653 seconds ...
[Coach] >>> VALID @Epoch: 475 >>>  || RECALL@1 Avg: 0.0133 || RECALL@10 Avg: 0.0627 || RECALL@20 Avg: 0.0990 || NDCG@10 Avg: 0.0344 || NDCG@20 Avg: 0.0436
[Wall TIME] >>> Coach.valid takes 0.489631 seconds ...
[Epoch 476 Telemetry] Loss: 0.190140 | lambda_nlgcl=0.0100 | 54400.3 samples/s | 2.18s
[Coach] >>> TRAIN @Epoch: 476 >>>  || LOSS Avg: 0.19014
[Wall TIME] >>> Coach.train takes 2.179936 seconds ...
[Epoch 477 Telemetry] Loss: 0.190627 | lambda_nlgcl=0.0100 | 53706.4 samples/s | 2.21s
[Coach] >>> TRAIN @Epoch: 477 >>>  || LOSS Avg: 0.19063
[Wall TIME] >>> Coach.train takes 2.208047 seconds ...
[Epoch 478 Telemetry] Loss: 0.190774 | lambda_nlgcl=0.0100 | 47210.4 samples/s | 2.51s
[Coach] >>> TRAIN @Epoch: 478 >>>  || LOSS Avg: 0.19077
[Wall TIME] >>> Coach.train takes 2.511829 seconds ...
[Epoch 479 Telemetry] Loss: 0.190146 | lambda_nlgcl=0.0100 | 54373.0 samples/s | 2.18s
[Coach] >>> TRAIN @Epoch: 479 >>>  || LOSS Avg: 0.19015
[Wall TIME] >>> Coach.train takes 2.180993 seconds ...
[Epoch 480 Telemetry] Loss: 0.190266 | lambda_nlgcl=0.0100 | 54311.4 samples/s | 2.18s
[Coach] >>> TRAIN @Epoch: 480 >>>  || LOSS Avg: 0.19027
[Wall TIME] >>> Coach.train takes 2.183531 seconds ...
[Coach] >>> Better ***NDCG@20*** of ***0.0439*** 
[Coach] >>> VALID @Epoch: 480 >>>  || RECALL@1 Avg: 0.0137 || RECALL@10 Avg: 0.0628 || RECALL@20 Avg: 0.1000 || NDCG@10 Avg: 0.0345 || NDCG@20 Avg: 0.0439
[Wall TIME] >>> Coach.valid takes 0.518254 seconds ...
[Epoch 481 Telemetry] Loss: 0.189703 | lambda_nlgcl=0.0100 | 53576.6 samples/s | 2.21s
[Coach] >>> TRAIN @Epoch: 481 >>>  || LOSS Avg: 0.18970
[Wall TIME] >>> Coach.train takes 2.213439 seconds ...
[Epoch 482 Telemetry] Loss: 0.190669 | lambda_nlgcl=0.0100 | 47400.8 samples/s | 2.50s
[Coach] >>> TRAIN @Epoch: 482 >>>  || LOSS Avg: 0.19067
[Wall TIME] >>> Coach.train takes 2.501794 seconds ...
[Epoch 483 Telemetry] Loss: 0.190572 | lambda_nlgcl=0.0100 | 54692.9 samples/s | 2.17s
[Coach] >>> TRAIN @Epoch: 483 >>>  || LOSS Avg: 0.19057
[Wall TIME] >>> Coach.train takes 2.168352 seconds ...
[Epoch 484 Telemetry] Loss: 0.190597 | lambda_nlgcl=0.0100 | 53805.2 samples/s | 2.20s
[Coach] >>> TRAIN @Epoch: 484 >>>  || LOSS Avg: 0.19060
[Wall TIME] >>> Coach.train takes 2.204166 seconds ...
[Epoch 485 Telemetry] Loss: 0.190508 | lambda_nlgcl=0.0100 | 54497.2 samples/s | 2.18s
[Coach] >>> TRAIN @Epoch: 485 >>>  || LOSS Avg: 0.19051
[Wall TIME] >>> Coach.train takes 2.176157 seconds ...
[Coach] >>> VALID @Epoch: 485 >>>  || RECALL@1 Avg: 0.0131 || RECALL@10 Avg: 0.0634 || RECALL@20 Avg: 0.0995 || NDCG@10 Avg: 0.0345 || NDCG@20 Avg: 0.0437
[Wall TIME] >>> Coach.valid takes 0.487846 seconds ...
[Epoch 486 Telemetry] Loss: 0.190190 | lambda_nlgcl=0.0100 | 46348.0 samples/s | 2.56s
[Coach] >>> TRAIN @Epoch: 486 >>>  || LOSS Avg: 0.19019
[Wall TIME] >>> Coach.train takes 2.558803 seconds ...
[Epoch 487 Telemetry] Loss: 0.190102 | lambda_nlgcl=0.0100 | 53305.6 samples/s | 2.22s
[Coach] >>> TRAIN @Epoch: 487 >>>  || LOSS Avg: 0.19010
[Wall TIME] >>> Coach.train takes 2.224780 seconds ...
[Epoch 488 Telemetry] Loss: 0.189368 | lambda_nlgcl=0.0100 | 54312.1 samples/s | 2.18s
[Coach] >>> TRAIN @Epoch: 488 >>>  || LOSS Avg: 0.18937
[Wall TIME] >>> Coach.train takes 2.183479 seconds ...
[Epoch 489 Telemetry] Loss: 0.190257 | lambda_nlgcl=0.0100 | 54078.8 samples/s | 2.19s
[Coach] >>> TRAIN @Epoch: 489 >>>  || LOSS Avg: 0.19026
[Wall TIME] >>> Coach.train takes 2.193143 seconds ...
[Epoch 490 Telemetry] Loss: 0.190086 | lambda_nlgcl=0.0100 | 46639.0 samples/s | 2.54s
[Coach] >>> TRAIN @Epoch: 490 >>>  || LOSS Avg: 0.19009
[Wall TIME] >>> Coach.train takes 2.542689 seconds ...
[Coach] >>> VALID @Epoch: 490 >>>  || RECALL@1 Avg: 0.0132 || RECALL@10 Avg: 0.0633 || RECALL@20 Avg: 0.0998 || NDCG@10 Avg: 0.0344 || NDCG@20 Avg: 0.0436
[Wall TIME] >>> Coach.valid takes 0.499969 seconds ...
[Epoch 491 Telemetry] Loss: 0.189820 | lambda_nlgcl=0.0100 | 54868.0 samples/s | 2.16s
[Coach] >>> TRAIN @Epoch: 491 >>>  || LOSS Avg: 0.18982
[Wall TIME] >>> Coach.train takes 2.161450 seconds ...
[Epoch 492 Telemetry] Loss: 0.190400 | lambda_nlgcl=0.0100 | 54316.2 samples/s | 2.18s
[Coach] >>> TRAIN @Epoch: 492 >>>  || LOSS Avg: 0.19040
[Wall TIME] >>> Coach.train takes 2.183406 seconds ...
[Epoch 493 Telemetry] Loss: 0.190440 | lambda_nlgcl=0.0100 | 53890.5 samples/s | 2.20s
[Coach] >>> TRAIN @Epoch: 493 >>>  || LOSS Avg: 0.19044
[Wall TIME] >>> Coach.train takes 2.200572 seconds ...
[Epoch 494 Telemetry] Loss: 0.190089 | lambda_nlgcl=0.0100 | 53480.0 samples/s | 2.22s
[Coach] >>> TRAIN @Epoch: 494 >>>  || LOSS Avg: 0.19009
[Wall TIME] >>> Coach.train takes 2.217596 seconds ...
[Epoch 495 Telemetry] Loss: 0.190097 | lambda_nlgcl=0.0100 | 46608.3 samples/s | 2.54s
[Coach] >>> TRAIN @Epoch: 495 >>>  || LOSS Avg: 0.19010
[Wall TIME] >>> Coach.train takes 2.544292 seconds ...
[Coach] >>> VALID @Epoch: 495 >>>  || RECALL@1 Avg: 0.0133 || RECALL@10 Avg: 0.0631 || RECALL@20 Avg: 0.1000 || NDCG@10 Avg: 0.0344 || NDCG@20 Avg: 0.0437
[Wall TIME] >>> Coach.valid takes 0.490300 seconds ...
[Epoch 496 Telemetry] Loss: 0.189831 | lambda_nlgcl=0.0100 | 54366.6 samples/s | 2.18s
[Coach] >>> TRAIN @Epoch: 496 >>>  || LOSS Avg: 0.18983
[Wall TIME] >>> Coach.train takes 2.181348 seconds ...
[Epoch 497 Telemetry] Loss: 0.190507 | lambda_nlgcl=0.0100 | 54460.6 samples/s | 2.18s
[Coach] >>> TRAIN @Epoch: 497 >>>  || LOSS Avg: 0.19051
[Wall TIME] >>> Coach.train takes 2.177612 seconds ...
[Epoch 498 Telemetry] Loss: 0.189844 | lambda_nlgcl=0.0100 | 53910.9 samples/s | 2.20s
[Coach] >>> TRAIN @Epoch: 498 >>>  || LOSS Avg: 0.18984
[Wall TIME] >>> Coach.train takes 2.199812 seconds ...
[Epoch 499 Telemetry] Loss: 0.189783 | lambda_nlgcl=0.0100 | 47373.6 samples/s | 2.50s
[Coach] >>> TRAIN @Epoch: 499 >>>  || LOSS Avg: 0.18978
[Wall TIME] >>> Coach.train takes 2.503207 seconds ...
[Epoch 500 Telemetry] Loss: 0.190114 | lambda_nlgcl=0.0100 | 54859.1 samples/s | 2.16s
[Coach] >>> TRAIN @Epoch: 500 >>>  || LOSS Avg: 0.19011
[Wall TIME] >>> Coach.train takes 2.161783 seconds ...
[Coach] >>> VALID @Epoch: 500 >>>  || RECALL@1 Avg: 0.0131 || RECALL@10 Avg: 0.0632 || RECALL@20 Avg: 0.1001 || NDCG@10 Avg: 0.0342 || NDCG@20 Avg: 0.0436
[Wall TIME] >>> Coach.valid takes 0.483405 seconds ...
[Coach] >>> TEST  @Epoch: 500 >>>  || RECALL@1 Avg: 0.0129 || RECALL@10 Avg: 0.0673 || RECALL@20 Avg: 0.1051 || NDCG@10 Avg: 0.0365 || NDCG@20 Avg: 0.0462
[Wall TIME] >>> Coach.test takes 0.497067 seconds ...
     Mode     Metric      Best  @Step
0   train       LOSS  0.189368    487
1   valid   RECALL@1  0.013653    480
2   valid  RECALL@10  0.064667    260
3   valid  RECALL@20  0.100960    415
4   valid    NDCG@10  0.034622    315
5   valid    NDCG@20  0.043880    480
6    test   RECALL@1  0.012877      0
7    test  RECALL@10  0.067338      0
8    test  RECALL@20  0.105091      0
9    test    NDCG@10  0.036498      0
10   test    NDCG@20  0.046180      0
[LoG_PaTH] >>> ./logs/STAIR5-v4-NLGCL-CSE/Amazon2014Baby_550_MMRec/1002175359
[Wall TIME] >>> Coach.summary takes 2.064522 seconds ...
[Coach] >>> Load best model @Epoch: 480 (-1) 
[Coach] >>> VALID @Epoch: 480 >>>  || RECALL@1 Avg: 0.0137 || RECALL@10 Avg: 0.0628 || RECALL@20 Avg: 0.1000 || NDCG@10 Avg: 0.0345 || NDCG@20 Avg: 0.0439
[Wall TIME] >>> Coach.valid takes 0.578811 seconds ...
[Coach] >>> TEST  @Epoch: 480 >>>  || RECALL@1 Avg: 0.0126 || RECALL@10 Avg: 0.0678 || RECALL@20 Avg: 0.1056 || NDCG@10 Avg: 0.0364 || NDCG@20 Avg: 0.0461
[Wall TIME] >>> Coach.test takes 0.496073 seconds ...
[Wall TIME] >>> Coach.fit takes 1193.516209 seconds ...
