🚀 KHỞI ĐỘNG TIẾN TRÌNH HUẤN LUYỆN STAIR5-v4 / NLGCL-CSE: ELECTRONICS
128.5s	129	  * Dataset Key         : electronics
128.5s	130	  * YAML Configuration  : /kaggle/working/STAIR-Enhanced/configs/Amazon2014Electronics_STAIR5_v4.yaml
128.5s	131	  * Log Path            : /kaggle/working/logs/stair5_v4/20261003_030936_3c4853/electronics_N-CSE_seed1_eta0.1.log
128.5s	132	  * Artifact Directory  : /kaggle/working/runs/stair5_v4/20261003_030936_3c4853/electronics_N-CSE_seed1_eta0.1
128.5s	133	  * V4 Arm              : N-CSE
128.5s	134	  * Convex Blend (η)    : 0.1
128.5s	135	  * Top-k CF (k_cf)     : 5
128.5s	136	  * Min Co-occur (c_min): 2
128.5s	137	  * Shrinkage (t)       : 5.0
128.5s	138	  * NLGCL Weight (λ)    : 0.01
128.5s	139	  * NLGCL Temp (τ)      : 0.2
128.5s	140	  * Seed                : 1
128.5s	141	================================================================================
128.5s	142	Running: /usr/bin/python3 -u /kaggle/working/STAIR-Enhanced/main_stair5_v4.py --config /kaggle/working/STAIR-Enhanced/configs/Amazon2014Electronics_STAIR5_v4.yaml --root /kaggle/data --device 0 --ranking full --artifact-dir /kaggle/working/runs/stair5_v4/20261003_030936_3c4853/electronics_N-CSE_seed1_eta0.1 --v4-arm N-CSE --seed 1 --eval-freq 5 --eta 0.1 --k-cf 5 --c-min 2 --t-shrinkage 5.0 --cf-block-size 64 --cf-memory-budget-mib 128 --lambda-nlgcl 0.01 --nlgcl-tau 0.2 --nlgcl-G 1 --nlgcl-alpha 0.5 --cl-chunk-size 1024 --knn-chunk-size 1024 --knn-device auto --graph-cache-dir /kaggle/working/runs/stair5_v4/graph_cache
131.7s	143	/usr/local/lib/python3.12/dist-packages/torchdata/datapipes/__init__.py:18: UserWarning: 
131.7s	144	################################################################################
131.7s	145	WARNING!
131.7s	146	The 'datapipes', 'dataloader2' modules are deprecated and will be removed in a
131.7s	147	future torchdata release! Please see https://github.com/pytorch/data/issues/1196
131.7s	148	to learn more and leave feedback.
131.7s	149	################################################################################
131.7s	150	
131.7s	151	  deprecation_warning()
141.2s	152	[Wall TIME] >>> Parser.parse takes 0.045005 seconds ...
141.2s	153	[Wall TIME] >>> Parser.load takes 0.003799 seconds ...
141.4s	154	[Benchmark] >>> cudnn.benchmark == False | cudnn.deterministic == True
141.4s	155	[Seed] >>> Set seed: 1
141.4s	156	[PARSER] >>>
141.4s	157	[SAVED_FILENAME: model.pt] 
141.4s	158	[BEST_FILENAME: best.pt] 
141.4s	159	[CHECKPOINT_FREQ: 10] 
141.4s	160	[CHECKPOINT_MODULES: ['model', 'optimizer', 'lr_scheduler']] 
141.4s	161	[CHECKPOINT_FILENAME: checkpoint.tar] 
141.4s	162	[SUMMARY_FILENAME: SUMMARY.md] 
141.4s	163	[MONITOR_FILENAME: monitors.pkl] 
141.4s	164	[MONITOR_BEST_FILENAME: best.pkl] 
141.4s	165	[CONFIG_FILENAME: config.json] 
141.4s	166	[RESULTS_FILENAME: results.json] 
141.4s	167	[monitors: ['LOSS', 'Recall@1', 'Recall@10', 'Recall@20', 'NDCG@10', 'NDCG@20']] 
141.4s	168	[which4best: NDCG@20] 
141.4s	169	[config: /kaggle/working/STAIR-Enhanced/configs/Amazon2014Electronics_STAIR5_v4.yaml] 
141.4s	170	[id: 1003030949] 
141.4s	171	[description: STAIR5-v4-NLGCL-CSE] 
141.4s	172	[root: /kaggle/data] 
141.4s	173	[dataset: Amazon2014Electronics_550_MMRec] 
141.4s	174	[tasktag: None] 
141.4s	175	[ranking: full] 
141.4s	176	[retain_seen: False] 
141.4s	177	[device: cuda:0] 
141.4s	178	[ddp_backend: nccl] 
141.5s	179	[num_workers: 4] 
141.5s	180	[optimizer: adamwsevo] 
141.5s	181	[optim_first_moment_decay: 0.9] 
141.5s	182	[optim_second_moment_decay: 0.999] 
141.5s	183	[weight_decay: 0.1] 
141.5s	184	[lr: 0.001] 
141.5s	185	[batch_size: 4096] 
141.5s	186	[gradient_accumulation_steps: 1] 
141.5s	187	[epochs: 500] 
141.5s	188	[eval_valid: True] 
141.5s	189	[eval_test: False] 
141.5s	190	[eval_freq: 5] 
141.5s	191	[early_stop_patience: 1e+23] 
141.5s	192	[seed: 1] 
141.5s	193	[benchmark: False] 
141.5s	194	[resume: False] 
141.5s	195	[log2file: True] 
141.5s	196	[log2console: True] 
141.5s	197	[embedding_dim: 64] 
141.5s	198	[num_layers: 3] 
141.5s	199	[mfiles: textual_modality.pkl,visual_modality.pkl] 
141.5s	200	[num_neighbors: 5-1] 
141.5s	201	[gamma: 0.4] 
141.5s	202	[beta1: 0.9] 
141.5s	203	[beta2: 0.999] 
141.5s	204	[eta: 0.1] 
141.5s	205	[k_cf: 5] 
141.5s	206	[c_min: 2] 
141.5s	207	[t_shrinkage: 5.0] 
141.5s	208	[placebo_seed: 1] 
141.5s	209	[lambda_nlgcl: 0.01] 
141.5s	210	[nlgcl_tau: 0.2] 
141.5s	211	[nlgcl_G: 1] 
141.5s	212	[nlgcl_alpha: 0.5] 
141.5s	213	[cl_chunk_size: 1024] 
141.5s	214	[knn_chunk_size: 1024] 
141.5s	215	[cf_block_size: 64] 
141.5s	216	[cf_memory_budget_mib: 128.0] 
141.5s	217	[graph_cache_dir: /kaggle/working/runs/stair5_v4/graph_cache] 
141.5s	218	[artifact_dir: /kaggle/working/runs/stair5_v4/20261003_030936_3c4853/electronics_N-CSE_seed1_eta0.1] 
141.5s	219	[resume_from: ] 
141.5s	220	[v4_arm: N-CSE] 
141.5s	221	[knn_device: auto] 
141.5s	222	[DATA_DIR: data] 
141.5s	223	[SUMMARY_DIR: summary] 
141.5s	224	[CHECKPOINT_PATH: ./infos/STAIR5-v4-NLGCL-CSE/Amazon2014Electronics_550_MMRec/0] 
141.5s	225	[LOG_PATH: ./logs/STAIR5-v4-NLGCL-CSE/Amazon2014Electronics_550_MMRec/1003030949] 
141.5s	226	
141.5s	227	[Wall TIME] >>> Parser.compile takes 0.216490 seconds ...
141.5s	228	[DataSet] >>> Fitting fields over `train` set ...
142.0s	229	[DataSet] >>> Fitting fields over `valid` set ...
142.2s	230	[DataSet] >>> Fitting fields over `test` set ...
142.3s	231	[DataSet] >>> Normalizing fields over `train` set ...
142.7s	232	[DataSet] >>> Normalizing fields over `valid` set ...
142.7s	233	[DataSet] >>> Normalizing fields over `test` set ...
142.8s	234	[MatchingRecDataSet] >>> USER:192403:ID,USER | ITEM:63001:ID,ITEM | TIMESTAMP:5277:TIMESTAMP
142.8s	235	+--------+--------+---------------+---------+--------+--------+------------------------+
142.8s	236	| #Users | #Items | #Interactions |  #Train | #Valid | #Test  |        Density         |
142.8s	237	+--------+--------+---------------+---------+--------+--------+------------------------+
142.8s	238	| 192403 | 63001  |    1689188    | 1254441 | 211296 | 223451 | 0.00013935376448339807 |
142.8s	239	+--------+--------+---------------+---------+--------+--------+------------------------+
142.8s	240	[Wall TIME] >>> BaseSet.compile takes 1.359873 seconds ...
144.3s	241	/usr/local/lib/python3.12/dist-packages/freerec/graph.py:68: UserWarning: Sparse CSR tensor support is in beta state. If you miss a functionality in the sparse tensor support, please submit a feature request to https://github.com/pytorch/pytorch/issues. (Triggered internally at /pytorch/aten/src/ATen/SparseCsrTensorImpl.cpp:49.)
144.3s	242	  ).to_sparse_csr()
165.2s	243	[Wall TIME] >>> RecDataSet.to_heterograph takes 0.497655 seconds ...
223.5s	244	[STAIR5-v4 graph] {"version": 4, "arm": "N-CSE", "eta": 0.1, "k_cf": 5, "c_min": 2, "t_shrinkage": 5.0, "num_users": 192403, "num_items": 63001, "cache_hit": false, "train_fingerprint": "cfe56f491cf3c24eef6c75dc02395f9cd6727ddb609ce6dc5aef8323e5067353", "cf_cache_key": "ba98f6bd68290d64b878a7f6c924d8b7cf9c8bee04a0a4f2168d7ebd5ce90ba2", "cf_preprocessing_seconds": 2.9364493200000084, "cf_block_size_requested": 64, "cf_memory_budget_mib": 128.0, "active": true, "effective_eta": 0.1, "s0_nnz": 542752, "cf_nnz": 174488, "s4_nnz": 739423, "cf_isolated_nodes": 28465, "cf_isolated_fraction": 0.451818225107538, "jaccard_semantic_cf": 0.00883596499371271, "new_cf_edges_count": 168206, "new_cf_fraction": 0.9639975241850443, "relative_operator_delta": 0.2362763161271818, "relative_operator_delta_kind": "frobenius_ratio", "graph_fingerprint": "e7ad83da4501f6b1871d5dbf040d737b03963d6a4e7e6bb8507db8a0ccf6aeee", "is_placebo": false}
230.7s	245	[Wall TIME] >>> GenTrainNegativeSampler.prepare takes 4.249700 seconds ...
235.4s	246	[Wall TIME] >>> ValidSampler.prepare takes 4.512593 seconds ...
241.8s	247	[Wall TIME] >>> TestSampler.prepare takes 5.703475 seconds ...
241.9s	248	[Coach] >>> Set best meter: NDCG@20 
267.0s	249	[Coach] >>> Better ***NDCG@20*** of ***0.0128*** 
267.3s	250	[Coach] >>> VALID @Epoch: 0 >>>  || RECALL@1 Avg: 0.0043 || RECALL@10 Avg: 0.0186 || RECALL@20 Avg: 0.0268 || NDCG@10 Avg: 0.0106 || NDCG@20 Avg: 0.0128
267.3s	251	[Wall TIME] >>> Coach.valid takes 25.228873 seconds ...
305.5s	252	[Epoch 001 Telemetry] Loss: 0.687279 | lambda_nlgcl=0.0100 | 32779.2 samples/s | 38.27s
305.5s	253	[Coach] >>> TRAIN @Epoch: 1 >>>  || LOSS Avg: 0.68728
305.5s	254	[Wall TIME] >>> Coach.train takes 38.270661 seconds ...
343.7s	255	[Epoch 002 Telemetry] Loss: 0.633066 | lambda_nlgcl=0.0100 | 32870.6 samples/s | 38.16s
343.7s	256	[Coach] >>> TRAIN @Epoch: 2 >>>  || LOSS Avg: 0.63307
343.7s	257	[Wall TIME] >>> Coach.train takes 38.163867 seconds ...
381.8s	258	[Epoch 003 Telemetry] Loss: 0.560450 | lambda_nlgcl=0.0100 | 32898.4 samples/s | 38.13s
381.8s	259	[Coach] >>> TRAIN @Epoch: 3 >>>  || LOSS Avg: 0.56045
381.8s	260	[Wall TIME] >>> Coach.train takes 38.132018 seconds ...
420.2s	261	[Epoch 004 Telemetry] Loss: 0.487600 | lambda_nlgcl=0.0100 | 32693.8 samples/s | 38.37s
420.2s	262	[Coach] >>> TRAIN @Epoch: 4 >>>  || LOSS Avg: 0.48760
420.2s	263	[Wall TIME] >>> Coach.train takes 38.370533 seconds ...
458.4s	264	[Epoch 005 Telemetry] Loss: 0.428499 | lambda_nlgcl=0.0100 | 32826.9 samples/s | 38.21s
458.4s	265	[Coach] >>> TRAIN @Epoch: 5 >>>  || LOSS Avg: 0.42850
458.4s	266	[Wall TIME] >>> Coach.train takes 38.214900 seconds ...
478.8s	267	[Coach] >>> Better ***NDCG@20*** of ***0.0234*** 
479.2s	268	[Coach] >>> VALID @Epoch: 5 >>>  || RECALL@1 Avg: 0.0068 || RECALL@10 Avg: 0.0346 || RECALL@20 Avg: 0.0530 || NDCG@10 Avg: 0.0187 || NDCG@20 Avg: 0.0234
479.2s	269	[Wall TIME] >>> Coach.valid takes 20.751485 seconds ...
517.4s	270	[Epoch 006 Telemetry] Loss: 0.384490 | lambda_nlgcl=0.0100 | 32791.9 samples/s | 38.25s
517.4s	271	[Coach] >>> TRAIN @Epoch: 6 >>>  || LOSS Avg: 0.38449
517.4s	272	[Wall TIME] >>> Coach.train takes 38.255474 seconds ...
555.4s	273	[Epoch 007 Telemetry] Loss: 0.350861 | lambda_nlgcl=0.0100 | 33050.3 samples/s | 37.96s
555.4s	274	[Coach] >>> TRAIN @Epoch: 7 >>>  || LOSS Avg: 0.35086
555.4s	275	[Wall TIME] >>> Coach.train takes 37.956441 seconds ...
593.6s	276	[Epoch 008 Telemetry] Loss: 0.324938 | lambda_nlgcl=0.0100 | 32863.9 samples/s | 38.17s
593.6s	277	[Coach] >>> TRAIN @Epoch: 8 >>>  || LOSS Avg: 0.32494
593.6s	278	[Wall TIME] >>> Coach.train takes 38.171801 seconds ...
631.7s	279	[Epoch 009 Telemetry] Loss: 0.303890 | lambda_nlgcl=0.0100 | 32880.4 samples/s | 38.15s
631.7s	280	[Coach] >>> TRAIN @Epoch: 9 >>>  || LOSS Avg: 0.30389
631.7s	281	[Wall TIME] >>> Coach.train takes 38.152595 seconds ...
670.0s	282	[Epoch 010 Telemetry] Loss: 0.286263 | lambda_nlgcl=0.0100 | 32735.7 samples/s | 38.32s
670.0s	283	[Coach] >>> TRAIN @Epoch: 10 >>>  || LOSS Avg: 0.28626
670.0s	284	[Wall TIME] >>> Coach.train takes 38.321410 seconds ...
691.0s	285	[Coach] >>> Better ***NDCG@20*** of ***0.0245*** 
691.3s	286	[Coach] >>> VALID @Epoch: 10 >>>  || RECALL@1 Avg: 0.0071 || RECALL@10 Avg: 0.0363 || RECALL@20 Avg: 0.0556 || NDCG@10 Avg: 0.0195 || NDCG@20 Avg: 0.0245
691.3s	287	[Wall TIME] >>> Coach.valid takes 20.674980 seconds ...
729.5s	288	[Epoch 011 Telemetry] Loss: 0.271113 | lambda_nlgcl=0.0100 | 32804.8 samples/s | 38.24s
729.5s	289	[Coach] >>> TRAIN @Epoch: 11 >>>  || LOSS Avg: 0.27111
729.5s	290	[Wall TIME] >>> Coach.train takes 38.240437 seconds ...
767.7s	291	[Epoch 012 Telemetry] Loss: 0.258174 | lambda_nlgcl=0.0100 | 32819.0 samples/s | 38.22s
767.7s	292	[Coach] >>> TRAIN @Epoch: 12 >>>  || LOSS Avg: 0.25817
767.7s	293	[Wall TIME] >>> Coach.train takes 38.223953 seconds ...
806.1s	294	[Epoch 013 Telemetry] Loss: 0.246815 | lambda_nlgcl=0.0100 | 32666.3 samples/s | 38.40s
806.1s	295	[Coach] >>> TRAIN @Epoch: 13 >>>  || LOSS Avg: 0.24681
806.1s	296	[Wall TIME] >>> Coach.train takes 38.402655 seconds ...
844.4s	297	[Epoch 014 Telemetry] Loss: 0.236716 | lambda_nlgcl=0.0100 | 32778.7 samples/s | 38.27s
844.4s	298	[Coach] >>> TRAIN @Epoch: 14 >>>  || LOSS Avg: 0.23672
844.4s	299	[Wall TIME] >>> Coach.train takes 38.271124 seconds ...
882.1s	300	[Epoch 015 Telemetry] Loss: 0.227722 | lambda_nlgcl=0.0100 | 33299.9 samples/s | 37.67s
882.1s	301	[Coach] >>> TRAIN @Epoch: 15 >>>  || LOSS Avg: 0.22772
882.1s	302	[Wall TIME] >>> Coach.train takes 37.672041 seconds ...
902.5s	303	[Coach] >>> Better ***NDCG@20*** of ***0.0257*** 
902.8s	304	[Coach] >>> VALID @Epoch: 15 >>>  || RECALL@1 Avg: 0.0075 || RECALL@10 Avg: 0.0380 || RECALL@20 Avg: 0.0581 || NDCG@10 Avg: 0.0205 || NDCG@20 Avg: 0.0257
902.8s	305	[Wall TIME] >>> Coach.valid takes 20.746286 seconds ...
941.1s	306	[Epoch 016 Telemetry] Loss: 0.219590 | lambda_nlgcl=0.0100 | 32823.2 samples/s | 38.22s
941.1s	307	[Coach] >>> TRAIN @Epoch: 16 >>>  || LOSS Avg: 0.21959
941.1s	308	[Wall TIME] >>> Coach.train takes 38.219018 seconds ...
979.3s	309	[Epoch 017 Telemetry] Loss: 0.212420 | lambda_nlgcl=0.0100 | 32778.0 samples/s | 38.27s
979.3s	310	[Coach] >>> TRAIN @Epoch: 17 >>>  || LOSS Avg: 0.21242
979.3s	311	[Wall TIME] >>> Coach.train takes 38.271848 seconds ...
1017.7s	312	[Epoch 018 Telemetry] Loss: 0.205784 | lambda_nlgcl=0.0100 | 32720.8 samples/s | 38.34s
1017.7s	313	[Coach] >>> TRAIN @Epoch: 18 >>>  || LOSS Avg: 0.20578
1017.7s	314	[Wall TIME] >>> Coach.train takes 38.338762 seconds ...
1055.9s	315	[Epoch 019 Telemetry] Loss: 0.199635 | lambda_nlgcl=0.0100 | 32847.8 samples/s | 38.19s
1055.9s	316	[Coach] >>> TRAIN @Epoch: 19 >>>  || LOSS Avg: 0.19964
1055.9s	317	[Wall TIME] >>> Coach.train takes 38.190567 seconds ...
1094.1s	318	[Epoch 020 Telemetry] Loss: 0.194181 | lambda_nlgcl=0.0100 | 32818.4 samples/s | 38.22s
1094.1s	319	[Coach] >>> TRAIN @Epoch: 20 >>>  || LOSS Avg: 0.19418
1094.1s	320	[Wall TIME] >>> Coach.train takes 38.224565 seconds ...
1115.0s	321	[Coach] >>> Better ***NDCG@20*** of ***0.0265*** 
1115.3s	322	[Coach] >>> VALID @Epoch: 20 >>>  || RECALL@1 Avg: 0.0078 || RECALL@10 Avg: 0.0391 || RECALL@20 Avg: 0.0600 || NDCG@10 Avg: 0.0212 || NDCG@20 Avg: 0.0265
1115.3s	323	[Wall TIME] >>> Coach.valid takes 20.722082 seconds ...
1153.6s	324	[Epoch 021 Telemetry] Loss: 0.189275 | lambda_nlgcl=0.0100 | 32794.1 samples/s | 38.25s
1153.6s	325	[Coach] >>> TRAIN @Epoch: 21 >>>  || LOSS Avg: 0.18927
1153.6s	326	[Wall TIME] >>> Coach.train takes 38.252876 seconds ...
1191.9s	327	[Epoch 022 Telemetry] Loss: 0.184454 | lambda_nlgcl=0.0100 | 32741.0 samples/s | 38.31s
1191.9s	328	[Coach] >>> TRAIN @Epoch: 22 >>>  || LOSS Avg: 0.18445
1191.9s	329	[Wall TIME] >>> Coach.train takes 38.315511 seconds ...
1230.4s	330	[Epoch 023 Telemetry] Loss: 0.180348 | lambda_nlgcl=0.0100 | 32593.0 samples/s | 38.49s
1230.4s	331	[Coach] >>> TRAIN @Epoch: 23 >>>  || LOSS Avg: 0.18035
1230.4s	332	[Wall TIME] >>> Coach.train takes 38.489108 seconds ...
1269.1s	333	[Epoch 024 Telemetry] Loss: 0.176387 | lambda_nlgcl=0.0100 | 32433.8 samples/s | 38.68s
1269.1s	334	[Coach] >>> TRAIN @Epoch: 24 >>>  || LOSS Avg: 0.17639
1269.1s	335	[Wall TIME] >>> Coach.train takes 38.677957 seconds ...
1307.4s	336	[Epoch 025 Telemetry] Loss: 0.172400 | lambda_nlgcl=0.0100 | 32720.7 samples/s | 38.34s
1307.4s	337	[Coach] >>> TRAIN @Epoch: 25 >>>  || LOSS Avg: 0.17240
1307.4s	338	[Wall TIME] >>> Coach.train takes 38.338705 seconds ...
1327.8s	339	[Coach] >>> Better ***NDCG@20*** of ***0.0272*** 
1328.1s	340	[Coach] >>> VALID @Epoch: 25 >>>  || RECALL@1 Avg: 0.0082 || RECALL@10 Avg: 0.0398 || RECALL@20 Avg: 0.0613 || NDCG@10 Avg: 0.0217 || NDCG@20 Avg: 0.0272
1328.1s	341	[Wall TIME] >>> Coach.valid takes 20.729850 seconds ...
1366.3s	342	[Epoch 026 Telemetry] Loss: 0.169004 | lambda_nlgcl=0.0100 | 32843.1 samples/s | 38.19s
1366.3s	343	[Coach] >>> TRAIN @Epoch: 26 >>>  || LOSS Avg: 0.16900
1366.3s	344	[Wall TIME] >>> Coach.train takes 38.195983 seconds ...
1404.7s	345	[Epoch 027 Telemetry] Loss: 0.166061 | lambda_nlgcl=0.0100 | 32737.6 samples/s | 38.32s
1404.7s	346	[Coach] >>> TRAIN @Epoch: 27 >>>  || LOSS Avg: 0.16606
1404.7s	347	[Wall TIME] >>> Coach.train takes 38.319052 seconds ...
1443.0s	348	[Epoch 028 Telemetry] Loss: 0.163017 | lambda_nlgcl=0.0100 | 32704.0 samples/s | 38.36s
1443.0s	349	[Coach] >>> TRAIN @Epoch: 28 >>>  || LOSS Avg: 0.16302
1443.0s	350	[Wall TIME] >>> Coach.train takes 38.358380 seconds ...
1481.2s	351	[Epoch 029 Telemetry] Loss: 0.160568 | lambda_nlgcl=0.0100 | 32836.2 samples/s | 38.20s
1481.2s	352	[Coach] >>> TRAIN @Epoch: 29 >>>  || LOSS Avg: 0.16057
1481.2s	353	[Wall TIME] >>> Coach.train takes 38.203971 seconds ...
1519.4s	354	[Epoch 030 Telemetry] Loss: 0.157711 | lambda_nlgcl=0.0100 | 32850.8 samples/s | 38.19s
1519.4s	355	[Coach] >>> TRAIN @Epoch: 30 >>>  || LOSS Avg: 0.15771
1519.4s	356	[Wall TIME] >>> Coach.train takes 38.186951 seconds ...
1540.4s	357	[Coach] >>> Better ***NDCG@20*** of ***0.0276*** 
1540.6s	358	[Coach] >>> VALID @Epoch: 30 >>>  || RECALL@1 Avg: 0.0083 || RECALL@10 Avg: 0.0407 || RECALL@20 Avg: 0.0621 || NDCG@10 Avg: 0.0222 || NDCG@20 Avg: 0.0276
1540.6s	359	[Wall TIME] >>> Coach.valid takes 20.650150 seconds ...
1578.8s	360	[Epoch 031 Telemetry] Loss: 0.155081 | lambda_nlgcl=0.0100 | 32869.1 samples/s | 38.16s
1578.8s	361	[Coach] >>> TRAIN @Epoch: 31 >>>  || LOSS Avg: 0.15508
1578.8s	362	[Wall TIME] >>> Coach.train takes 38.165782 seconds ...
1617.2s	363	[Epoch 032 Telemetry] Loss: 0.153003 | lambda_nlgcl=0.0100 | 32662.4 samples/s | 38.41s
1617.2s	364	[Coach] >>> TRAIN @Epoch: 32 >>>  || LOSS Avg: 0.15300
1617.2s	365	[Wall TIME] >>> Coach.train takes 38.407435 seconds ...
1655.6s	366	[Epoch 033 Telemetry] Loss: 0.151078 | lambda_nlgcl=0.0100 | 32708.9 samples/s | 38.35s
1655.6s	367	[Coach] >>> TRAIN @Epoch: 33 >>>  || LOSS Avg: 0.15108
1655.6s	368	[Wall TIME] >>> Coach.train takes 38.352752 seconds ...
1694.1s	369	[Epoch 034 Telemetry] Loss: 0.149051 | lambda_nlgcl=0.0100 | 32577.0 samples/s | 38.51s
1694.1s	370	[Coach] >>> TRAIN @Epoch: 34 >>>  || LOSS Avg: 0.14905
1694.1s	371	[Wall TIME] >>> Coach.train takes 38.507906 seconds ...
1731.9s	372	[Epoch 035 Telemetry] Loss: 0.146812 | lambda_nlgcl=0.0100 | 33115.3 samples/s | 37.88s
1731.9s	373	[Coach] >>> TRAIN @Epoch: 35 >>>  || LOSS Avg: 0.14681
1731.9s	374	[Wall TIME] >>> Coach.train takes 37.882050 seconds ...
1752.4s	375	[Coach] >>> Better ***NDCG@20*** of ***0.0279*** 
1752.7s	376	[Coach] >>> VALID @Epoch: 35 >>>  || RECALL@1 Avg: 0.0084 || RECALL@10 Avg: 0.0409 || RECALL@20 Avg: 0.0628 || NDCG@10 Avg: 0.0223 || NDCG@20 Avg: 0.0279
1752.7s	377	[Wall TIME] >>> Coach.valid takes 20.809563 seconds ...
1791.3s	378	[Epoch 036 Telemetry] Loss: 0.145382 | lambda_nlgcl=0.0100 | 32534.3 samples/s | 38.56s
1791.3s	379	[Coach] >>> TRAIN @Epoch: 36 >>>  || LOSS Avg: 0.14538
1791.3s	380	[Wall TIME] >>> Coach.train takes 38.558535 seconds ...
1830.0s	381	[Epoch 037 Telemetry] Loss: 0.143682 | lambda_nlgcl=0.0100 | 32411.5 samples/s | 38.70s
1830.0s	382	[Coach] >>> TRAIN @Epoch: 37 >>>  || LOSS Avg: 0.14368
1830.0s	383	[Wall TIME] >>> Coach.train takes 38.704596 seconds ...
1868.5s	384	[Epoch 038 Telemetry] Loss: 0.142081 | lambda_nlgcl=0.0100 | 32556.4 samples/s | 38.53s
1868.6s	385	[Coach] >>> TRAIN @Epoch: 38 >>>  || LOSS Avg: 0.14208
1868.6s	386	[Wall TIME] >>> Coach.train takes 38.532332 seconds ...
1907.2s	387	[Epoch 039 Telemetry] Loss: 0.140710 | lambda_nlgcl=0.0100 | 32490.9 samples/s | 38.61s
1907.2s	388	[Coach] >>> TRAIN @Epoch: 39 >>>  || LOSS Avg: 0.14071
1907.2s	389	[Wall TIME] >>> Coach.train takes 38.609932 seconds ...
1945.7s	390	[Epoch 040 Telemetry] Loss: 0.139128 | lambda_nlgcl=0.0100 | 32536.8 samples/s | 38.55s
1945.7s	391	[Coach] >>> TRAIN @Epoch: 40 >>>  || LOSS Avg: 0.13913
1945.7s	392	[Wall TIME] >>> Coach.train takes 38.555530 seconds ...
1966.7s	393	[Coach] >>> Better ***NDCG@20*** of ***0.0282*** 
1967.0s	394	[Coach] >>> VALID @Epoch: 40 >>>  || RECALL@1 Avg: 0.0085 || RECALL@10 Avg: 0.0413 || RECALL@20 Avg: 0.0633 || NDCG@10 Avg: 0.0226 || NDCG@20 Avg: 0.0282
1967.0s	395	[Wall TIME] >>> Coach.valid takes 20.766205 seconds ...
2005.7s	396	[Epoch 041 Telemetry] Loss: 0.137864 | lambda_nlgcl=0.0100 | 32448.7 samples/s | 38.66s
2005.7s	397	[Coach] >>> TRAIN @Epoch: 41 >>>  || LOSS Avg: 0.13786
2005.7s	398	[Wall TIME] >>> Coach.train takes 38.660166 seconds ...
2044.2s	399	[Epoch 042 Telemetry] Loss: 0.136520 | lambda_nlgcl=0.0100 | 32596.4 samples/s | 38.48s
2044.2s	400	[Coach] >>> TRAIN @Epoch: 42 >>>  || LOSS Avg: 0.13652
2044.2s	401	[Wall TIME] >>> Coach.train takes 38.485037 seconds ...
2082.8s	402	[Epoch 043 Telemetry] Loss: 0.135495 | lambda_nlgcl=0.0100 | 32490.7 samples/s | 38.61s
2082.8s	403	[Coach] >>> TRAIN @Epoch: 43 >>>  || LOSS Avg: 0.13549
2082.8s	404	[Wall TIME] >>> Coach.train takes 38.610218 seconds ...
2121.5s	405	[Epoch 044 Telemetry] Loss: 0.134213 | lambda_nlgcl=0.0100 | 32442.0 samples/s | 38.67s
2121.5s	406	[Coach] >>> TRAIN @Epoch: 44 >>>  || LOSS Avg: 0.13421
2121.5s	407	[Wall TIME] >>> Coach.train takes 38.668090 seconds ...
2160.1s	408	[Epoch 045 Telemetry] Loss: 0.133027 | lambda_nlgcl=0.0100 | 32503.1 samples/s | 38.59s
2160.1s	409	[Coach] >>> TRAIN @Epoch: 45 >>>  || LOSS Avg: 0.13303
2160.1s	410	[Wall TIME] >>> Coach.train takes 38.595417 seconds ...
2180.6s	411	[Coach] >>> Better ***NDCG@20*** of ***0.0285*** 
2180.9s	412	[Coach] >>> VALID @Epoch: 45 >>>  || RECALL@1 Avg: 0.0085 || RECALL@10 Avg: 0.0420 || RECALL@20 Avg: 0.0640 || NDCG@10 Avg: 0.0229 || NDCG@20 Avg: 0.0285
2180.9s	413	[Wall TIME] >>> Coach.valid takes 20.874594 seconds ...
2219.6s	414	[Epoch 046 Telemetry] Loss: 0.132308 | lambda_nlgcl=0.0100 | 32453.4 samples/s | 38.65s
2219.6s	415	[Coach] >>> TRAIN @Epoch: 46 >>>  || LOSS Avg: 0.13231
2219.6s	416	[Wall TIME] >>> Coach.train takes 38.654446 seconds ...
2258.3s	417	[Epoch 047 Telemetry] Loss: 0.131208 | lambda_nlgcl=0.0100 | 32414.6 samples/s | 38.70s
2258.3s	418	[Coach] >>> TRAIN @Epoch: 47 >>>  || LOSS Avg: 0.13121
2258.3s	419	[Wall TIME] >>> Coach.train takes 38.700814 seconds ...
2297.0s	420	[Epoch 048 Telemetry] Loss: 0.130068 | lambda_nlgcl=0.0100 | 32460.2 samples/s | 38.65s
2297.0s	421	[Coach] >>> TRAIN @Epoch: 48 >>>  || LOSS Avg: 0.13007
2297.0s	422	[Wall TIME] >>> Coach.train takes 38.646451 seconds ...
2335.6s	423	[Epoch 049 Telemetry] Loss: 0.129362 | lambda_nlgcl=0.0100 | 32480.2 samples/s | 38.62s
2335.6s	424	[Coach] >>> TRAIN @Epoch: 49 >>>  || LOSS Avg: 0.12936
2335.6s	425	[Wall TIME] >>> Coach.train takes 38.622560 seconds ...
2374.2s	426	[Epoch 050 Telemetry] Loss: 0.128597 | lambda_nlgcl=0.0100 | 32478.5 samples/s | 38.62s
2374.2s	427	[Coach] >>> TRAIN @Epoch: 50 >>>  || LOSS Avg: 0.12860
2374.2s	428	[Wall TIME] >>> Coach.train takes 38.624689 seconds ...
2395.2s	429	[Coach] >>> Better ***NDCG@20*** of ***0.0288*** 
2395.4s	430	[Coach] >>> VALID @Epoch: 50 >>>  || RECALL@1 Avg: 0.0087 || RECALL@10 Avg: 0.0425 || RECALL@20 Avg: 0.0645 || NDCG@10 Avg: 0.0232 || NDCG@20 Avg: 0.0288
2395.4s	431	[Wall TIME] >>> Coach.valid takes 20.684650 seconds ...
2434.2s	432	[Epoch 051 Telemetry] Loss: 0.127741 | lambda_nlgcl=0.0100 | 32375.2 samples/s | 38.75s
2434.2s	433	[Coach] >>> TRAIN @Epoch: 51 >>>  || LOSS Avg: 0.12774
2434.2s	434	[Wall TIME] >>> Coach.train takes 38.747954 seconds ...
2472.8s	435	[Epoch 052 Telemetry] Loss: 0.126867 | lambda_nlgcl=0.0100 | 32512.8 samples/s | 38.58s
2472.8s	436	[Coach] >>> TRAIN @Epoch: 52 >>>  || LOSS Avg: 0.12687
2472.8s	437	[Wall TIME] >>> Coach.train takes 38.584062 seconds ...
2511.3s	438	[Epoch 053 Telemetry] Loss: 0.126341 | lambda_nlgcl=0.0100 | 32592.7 samples/s | 38.49s
2511.3s	439	[Coach] >>> TRAIN @Epoch: 53 >>>  || LOSS Avg: 0.12634
2511.3s	440	[Wall TIME] >>> Coach.train takes 38.489329 seconds ...
2549.0s	441	[Epoch 054 Telemetry] Loss: 0.125427 | lambda_nlgcl=0.0100 | 33278.3 samples/s | 37.70s
2549.0s	442	[Coach] >>> TRAIN @Epoch: 54 >>>  || LOSS Avg: 0.12543
2549.0s	443	[Wall TIME] >>> Coach.train takes 37.696497 seconds ...
2587.5s	444	[Epoch 055 Telemetry] Loss: 0.124712 | lambda_nlgcl=0.0100 | 32540.7 samples/s | 38.55s
2587.5s	445	[Coach] >>> TRAIN @Epoch: 55 >>>  || LOSS Avg: 0.12471
2587.5s	446	[Wall TIME] >>> Coach.train takes 38.550799 seconds ...
2608.0s	447	[Coach] >>> Better ***NDCG@20*** of ***0.0289*** 
2608.3s	448	[Coach] >>> VALID @Epoch: 55 >>>  || RECALL@1 Avg: 0.0087 || RECALL@10 Avg: 0.0428 || RECALL@20 Avg: 0.0647 || NDCG@10 Avg: 0.0233 || NDCG@20 Avg: 0.0289
2608.3s	449	[Wall TIME] >>> Coach.valid takes 20.780555 seconds ...
2647.0s	450	[Epoch 056 Telemetry] Loss: 0.124075 | lambda_nlgcl=0.0100 | 32457.9 samples/s | 38.65s
2647.0s	451	[Coach] >>> TRAIN @Epoch: 56 >>>  || LOSS Avg: 0.12407
2647.0s	452	[Wall TIME] >>> Coach.train takes 38.649153 seconds ...
2685.4s	453	[Epoch 057 Telemetry] Loss: 0.123409 | lambda_nlgcl=0.0100 | 32594.6 samples/s | 38.49s
2685.4s	454	[Coach] >>> TRAIN @Epoch: 57 >>>  || LOSS Avg: 0.12341
2685.4s	455	[Wall TIME] >>> Coach.train takes 38.487127 seconds ...
2723.9s	456	[Epoch 058 Telemetry] Loss: 0.123053 | lambda_nlgcl=0.0100 | 32594.1 samples/s | 38.49s
2723.9s	457	[Coach] >>> TRAIN @Epoch: 58 >>>  || LOSS Avg: 0.12305
2723.9s	458	[Wall TIME] >>> Coach.train takes 38.487684 seconds ...
2762.5s	459	[Epoch 059 Telemetry] Loss: 0.122102 | lambda_nlgcl=0.0100 | 32498.0 samples/s | 38.60s
2762.5s	460	[Coach] >>> TRAIN @Epoch: 59 >>>  || LOSS Avg: 0.12210
2762.5s	461	[Wall TIME] >>> Coach.train takes 38.601494 seconds ...
2801.0s	462	[Epoch 060 Telemetry] Loss: 0.121687 | lambda_nlgcl=0.0100 | 32615.6 samples/s | 38.46s
2801.0s	463	[Coach] >>> TRAIN @Epoch: 60 >>>  || LOSS Avg: 0.12169
2801.0s	464	[Wall TIME] >>> Coach.train takes 38.462459 seconds ...
2822.1s	465	[Coach] >>> Better ***NDCG@20*** of ***0.0291*** 
2822.5s	466	[Coach] >>> VALID @Epoch: 60 >>>  || RECALL@1 Avg: 0.0088 || RECALL@10 Avg: 0.0431 || RECALL@20 Avg: 0.0652 || NDCG@10 Avg: 0.0235 || NDCG@20 Avg: 0.0291
2822.5s	467	[Wall TIME] >>> Coach.valid takes 20.872673 seconds ...
2860.8s	468	[Epoch 061 Telemetry] Loss: 0.121187 | lambda_nlgcl=0.0100 | 32696.4 samples/s | 38.37s
2860.8s	469	[Coach] >>> TRAIN @Epoch: 61 >>>  || LOSS Avg: 0.12119
2860.8s	470	[Wall TIME] >>> Coach.train takes 38.367356 seconds ...
2899.3s	471	[Epoch 062 Telemetry] Loss: 0.120783 | lambda_nlgcl=0.0100 | 32579.9 samples/s | 38.50s
2899.3s	472	[Coach] >>> TRAIN @Epoch: 62 >>>  || LOSS Avg: 0.12078
2899.3s	473	[Wall TIME] >>> Coach.train takes 38.504641 seconds ...
2938.2s	474	[Epoch 063 Telemetry] Loss: 0.120175 | lambda_nlgcl=0.0100 | 32305.6 samples/s | 38.83s
2938.2s	475	[Coach] >>> TRAIN @Epoch: 63 >>>  || LOSS Avg: 0.12017
2938.2s	476	[Wall TIME] >>> Coach.train takes 38.831366 seconds ...
2976.9s	477	[Epoch 064 Telemetry] Loss: 0.119875 | lambda_nlgcl=0.0100 | 32405.8 samples/s | 38.71s
2976.9s	478	[Coach] >>> TRAIN @Epoch: 64 >>>  || LOSS Avg: 0.11987
2976.9s	479	[Wall TIME] >>> Coach.train takes 38.711482 seconds ...
3015.5s	480	[Epoch 065 Telemetry] Loss: 0.119384 | lambda_nlgcl=0.0100 | 32451.9 samples/s | 38.66s
3015.5s	481	[Coach] >>> TRAIN @Epoch: 65 >>>  || LOSS Avg: 0.11938
3015.5s	482	[Wall TIME] >>> Coach.train takes 38.656403 seconds ...
3036.0s	483	[Coach] >>> Better ***NDCG@20*** of ***0.0293*** 
3036.3s	484	[Coach] >>> VALID @Epoch: 65 >>>  || RECALL@1 Avg: 0.0089 || RECALL@10 Avg: 0.0433 || RECALL@20 Avg: 0.0655 || NDCG@10 Avg: 0.0236 || NDCG@20 Avg: 0.0293
3036.3s	485	[Wall TIME] >>> Coach.valid takes 20.826453 seconds ...
3075.1s	486	[Epoch 066 Telemetry] Loss: 0.118920 | lambda_nlgcl=0.0100 | 32414.6 samples/s | 38.70s
3075.1s	487	[Coach] >>> TRAIN @Epoch: 66 >>>  || LOSS Avg: 0.11892
3075.1s	488	[Wall TIME] >>> Coach.train takes 38.700775 seconds ...
3113.4s	489	[Epoch 067 Telemetry] Loss: 0.118374 | lambda_nlgcl=0.0100 | 32725.7 samples/s | 38.33s
3113.4s	490	[Coach] >>> TRAIN @Epoch: 67 >>>  || LOSS Avg: 0.11837
3113.4s	491	[Wall TIME] >>> Coach.train takes 38.332935 seconds ...
3151.9s	492	[Epoch 068 Telemetry] Loss: 0.117911 | lambda_nlgcl=0.0100 | 32616.6 samples/s | 38.46s
3151.9s	493	[Coach] >>> TRAIN @Epoch: 68 >>>  || LOSS Avg: 0.11791
3151.9s	494	[Wall TIME] >>> Coach.train takes 38.461336 seconds ...
3190.3s	495	[Epoch 069 Telemetry] Loss: 0.117588 | lambda_nlgcl=0.0100 | 32650.0 samples/s | 38.42s
3190.3s	496	[Coach] >>> TRAIN @Epoch: 69 >>>  || LOSS Avg: 0.11759
3190.3s	497	[Wall TIME] >>> Coach.train takes 38.421838 seconds ...
3228.7s	498	[Epoch 070 Telemetry] Loss: 0.117179 | lambda_nlgcl=0.0100 | 32652.5 samples/s | 38.42s
3228.7s	499	[Coach] >>> TRAIN @Epoch: 70 >>>  || LOSS Avg: 0.11718
3228.7s	500	[Wall TIME] >>> Coach.train takes 38.418954 seconds ...
3249.7s	501	[Coach] >>> Better ***NDCG@20*** of ***0.0293*** 
3250.1s	502	[Coach] >>> VALID @Epoch: 70 >>>  || RECALL@1 Avg: 0.0088 || RECALL@10 Avg: 0.0434 || RECALL@20 Avg: 0.0656 || NDCG@10 Avg: 0.0237 || NDCG@20 Avg: 0.0293
3250.1s	503	[Wall TIME] >>> Coach.valid takes 20.819731 seconds ...
3288.5s	504	[Epoch 071 Telemetry] Loss: 0.116705 | lambda_nlgcl=0.0100 | 32667.2 samples/s | 38.40s
3288.5s	505	[Coach] >>> TRAIN @Epoch: 71 >>>  || LOSS Avg: 0.11671
3288.5s	506	[Wall TIME] >>> Coach.train takes 38.401637 seconds ...
3326.9s	507	[Epoch 072 Telemetry] Loss: 0.116448 | lambda_nlgcl=0.0100 | 32698.2 samples/s | 38.36s
3326.9s	508	[Coach] >>> TRAIN @Epoch: 72 >>>  || LOSS Avg: 0.11645
3326.9s	509	[Wall TIME] >>> Coach.train takes 38.365265 seconds ...
3364.8s	510	[Epoch 073 Telemetry] Loss: 0.116127 | lambda_nlgcl=0.0100 | 33047.4 samples/s | 37.96s
3364.8s	511	[Coach] >>> TRAIN @Epoch: 73 >>>  || LOSS Avg: 0.11613
3364.8s	512	[Wall TIME] >>> Coach.train takes 37.959797 seconds ...
3403.4s	513	[Epoch 074 Telemetry] Loss: 0.115851 | lambda_nlgcl=0.0100 | 32543.8 samples/s | 38.55s
3403.4s	514	[Coach] >>> TRAIN @Epoch: 74 >>>  || LOSS Avg: 0.11585
3403.4s	515	[Wall TIME] >>> Coach.train takes 38.547294 seconds ...
3441.9s	516	[Epoch 075 Telemetry] Loss: 0.115424 | lambda_nlgcl=0.0100 | 32516.6 samples/s | 38.58s
3441.9s	517	[Coach] >>> TRAIN @Epoch: 75 >>>  || LOSS Avg: 0.11542
3442.0s	518	[Wall TIME] >>> Coach.train takes 38.579538 seconds ...
3462.4s	519	[Coach] >>> Better ***NDCG@20*** of ***0.0294*** 
3462.7s	520	[Coach] >>> VALID @Epoch: 75 >>>  || RECALL@1 Avg: 0.0087 || RECALL@10 Avg: 0.0437 || RECALL@20 Avg: 0.0660 || NDCG@10 Avg: 0.0238 || NDCG@20 Avg: 0.0294
3462.7s	521	[Wall TIME] >>> Coach.valid takes 20.808641 seconds ...
3501.1s	522	[Epoch 076 Telemetry] Loss: 0.115129 | lambda_nlgcl=0.0100 | 32745.8 samples/s | 38.31s
3501.1s	523	[Coach] >>> TRAIN @Epoch: 76 >>>  || LOSS Avg: 0.11513
3501.1s	524	[Wall TIME] >>> Coach.train takes 38.309402 seconds ...
3539.4s	525	[Epoch 077 Telemetry] Loss: 0.114922 | lambda_nlgcl=0.0100 | 32692.3 samples/s | 38.37s
3539.4s	526	[Coach] >>> TRAIN @Epoch: 77 >>>  || LOSS Avg: 0.11492
3539.4s	527	[Wall TIME] >>> Coach.train takes 38.372140 seconds ...
3578.0s	528	[Epoch 078 Telemetry] Loss: 0.114545 | lambda_nlgcl=0.0100 | 32543.4 samples/s | 38.55s
3578.0s	529	[Coach] >>> TRAIN @Epoch: 78 >>>  || LOSS Avg: 0.11454
3578.0s	530	[Wall TIME] >>> Coach.train takes 38.547796 seconds ...
3616.7s	531	[Epoch 079 Telemetry] Loss: 0.114328 | lambda_nlgcl=0.0100 | 32436.8 samples/s | 38.67s
3616.7s	532	[Coach] >>> TRAIN @Epoch: 79 >>>  || LOSS Avg: 0.11433
3616.7s	533	[Wall TIME] >>> Coach.train takes 38.674382 seconds ...
3655.2s	534	[Epoch 080 Telemetry] Loss: 0.113942 | lambda_nlgcl=0.0100 | 32574.3 samples/s | 38.51s
3655.2s	535	[Coach] >>> TRAIN @Epoch: 80 >>>  || LOSS Avg: 0.11394
3655.2s	536	[Wall TIME] >>> Coach.train takes 38.511069 seconds ...
3676.2s	537	[Coach] >>> Better ***NDCG@20*** of ***0.0296*** 
3676.5s	538	[Coach] >>> VALID @Epoch: 80 >>>  || RECALL@1 Avg: 0.0089 || RECALL@10 Avg: 0.0439 || RECALL@20 Avg: 0.0662 || NDCG@10 Avg: 0.0239 || NDCG@20 Avg: 0.0296
3676.5s	539	[Wall TIME] >>> Coach.valid takes 20.753535 seconds ...
3715.0s	540	[Epoch 081 Telemetry] Loss: 0.113683 | lambda_nlgcl=0.0100 | 32546.8 samples/s | 38.54s
3715.0s	541	[Coach] >>> TRAIN @Epoch: 81 >>>  || LOSS Avg: 0.11368
3715.0s	542	[Wall TIME] >>> Coach.train takes 38.543633 seconds ...
3753.6s	543	[Epoch 082 Telemetry] Loss: 0.113434 | lambda_nlgcl=0.0100 | 32574.6 samples/s | 38.51s
3753.6s	544	[Coach] >>> TRAIN @Epoch: 82 >>>  || LOSS Avg: 0.11343
3753.6s	545	[Wall TIME] >>> Coach.train takes 38.511175 seconds ...
3792.0s	546	[Epoch 083 Telemetry] Loss: 0.113337 | lambda_nlgcl=0.0100 | 32624.9 samples/s | 38.45s
3792.0s	547	[Coach] >>> TRAIN @Epoch: 83 >>>  || LOSS Avg: 0.11334
3792.0s	548	[Wall TIME] >>> Coach.train takes 38.451455 seconds ...
3830.4s	549	[Epoch 084 Telemetry] Loss: 0.112888 | lambda_nlgcl=0.0100 | 32641.5 samples/s | 38.43s
3830.4s	550	[Coach] >>> TRAIN @Epoch: 84 >>>  || LOSS Avg: 0.11289
3830.4s	551	[Wall TIME] >>> Coach.train takes 38.431931 seconds ...
3869.0s	552	[Epoch 085 Telemetry] Loss: 0.112714 | lambda_nlgcl=0.0100 | 32575.4 samples/s | 38.51s
3869.0s	553	[Coach] >>> TRAIN @Epoch: 85 >>>  || LOSS Avg: 0.11271
3869.0s	554	[Wall TIME] >>> Coach.train takes 38.509771 seconds ...
3889.4s	555	[Coach] >>> Better ***NDCG@20*** of ***0.0297*** 
3889.7s	556	[Coach] >>> VALID @Epoch: 85 >>>  || RECALL@1 Avg: 0.0088 || RECALL@10 Avg: 0.0440 || RECALL@20 Avg: 0.0664 || NDCG@10 Avg: 0.0239 || NDCG@20 Avg: 0.0297
3889.7s	557	[Wall TIME] >>> Coach.valid takes 20.768805 seconds ...
3928.2s	558	[Epoch 086 Telemetry] Loss: 0.112305 | lambda_nlgcl=0.0100 | 32639.2 samples/s | 38.43s
3928.2s	559	[Coach] >>> TRAIN @Epoch: 86 >>>  || LOSS Avg: 0.11230
3928.2s	560	[Wall TIME] >>> Coach.train takes 38.434576 seconds ...
3966.6s	561	[Epoch 087 Telemetry] Loss: 0.112111 | lambda_nlgcl=0.0100 | 32590.5 samples/s | 38.49s
3966.6s	562	[Coach] >>> TRAIN @Epoch: 87 >>>  || LOSS Avg: 0.11211
3966.7s	563	[Wall TIME] >>> Coach.train takes 38.492122 seconds ...
4005.1s	564	[Epoch 088 Telemetry] Loss: 0.111899 | lambda_nlgcl=0.0100 | 32616.9 samples/s | 38.46s
4005.1s	565	[Coach] >>> TRAIN @Epoch: 88 >>>  || LOSS Avg: 0.11190
4005.1s	566	[Wall TIME] >>> Coach.train takes 38.460765 seconds ...
4043.6s	567	[Epoch 089 Telemetry] Loss: 0.111853 | lambda_nlgcl=0.0100 | 32560.0 samples/s | 38.53s
4043.6s	568	[Coach] >>> TRAIN @Epoch: 89 >>>  || LOSS Avg: 0.11185
4043.6s	569	[Wall TIME] >>> Coach.train takes 38.528059 seconds ...
4082.2s	570	[Epoch 090 Telemetry] Loss: 0.111669 | lambda_nlgcl=0.0100 | 32546.9 samples/s | 38.54s
4082.2s	571	[Coach] >>> TRAIN @Epoch: 90 >>>  || LOSS Avg: 0.11167
4082.2s	572	[Wall TIME] >>> Coach.train takes 38.543432 seconds ...
4103.2s	573	[Coach] >>> Better ***NDCG@20*** of ***0.0298*** 
4103.5s	574	[Coach] >>> VALID @Epoch: 90 >>>  || RECALL@1 Avg: 0.0090 || RECALL@10 Avg: 0.0439 || RECALL@20 Avg: 0.0666 || NDCG@10 Avg: 0.0240 || NDCG@20 Avg: 0.0298
4103.5s	575	[Wall TIME] >>> Coach.valid takes 20.761693 seconds ...
4142.1s	576	[Epoch 091 Telemetry] Loss: 0.111274 | lambda_nlgcl=0.0100 | 32506.3 samples/s | 38.59s
4142.1s	577	[Coach] >>> TRAIN @Epoch: 91 >>>  || LOSS Avg: 0.11127
4142.1s	578	[Wall TIME] >>> Coach.train takes 38.591686 seconds ...
4180.5s	579	[Epoch 092 Telemetry] Loss: 0.111059 | lambda_nlgcl=0.0100 | 32617.8 samples/s | 38.46s
4180.5s	580	[Coach] >>> TRAIN @Epoch: 92 >>>  || LOSS Avg: 0.11106
4180.5s	581	[Wall TIME] >>> Coach.train takes 38.459734 seconds ...
4219.0s	582	[Epoch 093 Telemetry] Loss: 0.110869 | lambda_nlgcl=0.0100 | 32654.4 samples/s | 38.42s
4219.0s	583	[Coach] >>> TRAIN @Epoch: 93 >>>  || LOSS Avg: 0.11087
4219.0s	584	[Wall TIME] >>> Coach.train takes 38.416618 seconds ...
4256.7s	585	[Epoch 094 Telemetry] Loss: 0.110682 | lambda_nlgcl=0.0100 | 33258.7 samples/s | 37.72s
4256.7s	586	[Coach] >>> TRAIN @Epoch: 94 >>>  || LOSS Avg: 0.11068
4256.7s	587	[Wall TIME] >>> Coach.train takes 37.718694 seconds ...
4295.1s	588	[Epoch 095 Telemetry] Loss: 0.110507 | lambda_nlgcl=0.0100 | 32649.5 samples/s | 38.42s
4295.1s	589	[Coach] >>> TRAIN @Epoch: 95 >>>  || LOSS Avg: 0.11051
4295.1s	590	[Wall TIME] >>> Coach.train takes 38.422575 seconds ...
4315.5s	591	[Coach] >>> Better ***NDCG@20*** of ***0.0299*** 
4315.8s	592	[Coach] >>> VALID @Epoch: 95 >>>  || RECALL@1 Avg: 0.0089 || RECALL@10 Avg: 0.0440 || RECALL@20 Avg: 0.0669 || NDCG@10 Avg: 0.0240 || NDCG@20 Avg: 0.0299
4315.8s	593	[Wall TIME] >>> Coach.valid takes 20.772586 seconds ...
4354.3s	594	[Epoch 096 Telemetry] Loss: 0.110217 | lambda_nlgcl=0.0100 | 32647.3 samples/s | 38.42s
4354.3s	595	[Coach] >>> TRAIN @Epoch: 96 >>>  || LOSS Avg: 0.11022
4354.3s	596	[Wall TIME] >>> Coach.train takes 38.424923 seconds ...
4392.7s	597	[Epoch 097 Telemetry] Loss: 0.110237 | lambda_nlgcl=0.0100 | 32633.0 samples/s | 38.44s
4392.7s	598	[Coach] >>> TRAIN @Epoch: 97 >>>  || LOSS Avg: 0.11024
4392.7s	599	[Wall TIME] >>> Coach.train takes 38.441919 seconds ...
4431.0s	600	[Epoch 098 Telemetry] Loss: 0.110089 | lambda_nlgcl=0.0100 | 32764.0 samples/s | 38.29s
4431.0s	601	[Coach] >>> TRAIN @Epoch: 98 >>>  || LOSS Avg: 0.11009
4431.0s	602	[Wall TIME] >>> Coach.train takes 38.288011 seconds ...
4469.4s	603	[Epoch 099 Telemetry] Loss: 0.109727 | lambda_nlgcl=0.0100 | 32653.9 samples/s | 38.42s
4469.4s	604	[Coach] >>> TRAIN @Epoch: 99 >>>  || LOSS Avg: 0.10973
4469.4s	605	[Wall TIME] >>> Coach.train takes 38.417200 seconds ...
4508.1s	606	[Epoch 100 Telemetry] Loss: 0.109758 | lambda_nlgcl=0.0100 | 32431.7 samples/s | 38.68s
4508.1s	607	[Coach] >>> TRAIN @Epoch: 100 >>>  || LOSS Avg: 0.10976
4508.1s	608	[Wall TIME] >>> Coach.train takes 38.680434 seconds ...
4529.1s	609	[Coach] >>> Better ***NDCG@20*** of ***0.0300*** 
4529.4s	610	[Coach] >>> VALID @Epoch: 100 >>>  || RECALL@1 Avg: 0.0091 || RECALL@10 Avg: 0.0443 || RECALL@20 Avg: 0.0669 || NDCG@10 Avg: 0.0242 || NDCG@20 Avg: 0.0300
4529.4s	611	[Wall TIME] >>> Coach.valid takes 20.711782 seconds ...
4567.9s	612	[Epoch 101 Telemetry] Loss: 0.109476 | lambda_nlgcl=0.0100 | 32586.7 samples/s | 38.50s
4567.9s	613	[Coach] >>> TRAIN @Epoch: 101 >>>  || LOSS Avg: 0.10948
4567.9s	614	[Wall TIME] >>> Coach.train takes 38.496371 seconds ...
4606.4s	615	[Epoch 102 Telemetry] Loss: 0.109326 | lambda_nlgcl=0.0100 | 32592.4 samples/s | 38.49s
4606.4s	616	[Coach] >>> TRAIN @Epoch: 102 >>>  || LOSS Avg: 0.10933
4606.4s	617	[Wall TIME] >>> Coach.train takes 38.489732 seconds ...
4644.9s	618	[Epoch 103 Telemetry] Loss: 0.109281 | lambda_nlgcl=0.0100 | 32597.8 samples/s | 38.48s
4644.9s	619	[Coach] >>> TRAIN @Epoch: 103 >>>  || LOSS Avg: 0.10928
4644.9s	620	[Wall TIME] >>> Coach.train takes 38.483347 seconds ...
4683.5s	621	[Epoch 104 Telemetry] Loss: 0.109009 | lambda_nlgcl=0.0100 | 32478.1 samples/s | 38.62s
4683.5s	622	[Coach] >>> TRAIN @Epoch: 104 >>>  || LOSS Avg: 0.10901
4683.5s	623	[Wall TIME] >>> Coach.train takes 38.625174 seconds ...
4722.1s	624	[Epoch 105 Telemetry] Loss: 0.109038 | lambda_nlgcl=0.0100 | 32482.8 samples/s | 38.62s
4722.1s	625	[Coach] >>> TRAIN @Epoch: 105 >>>  || LOSS Avg: 0.10904
4722.1s	626	[Wall TIME] >>> Coach.train takes 38.619584 seconds ...
4742.6s	627	[Coach] >>> Better ***NDCG@20*** of ***0.0300*** 
4742.9s	628	[Coach] >>> VALID @Epoch: 105 >>>  || RECALL@1 Avg: 0.0090 || RECALL@10 Avg: 0.0443 || RECALL@20 Avg: 0.0669 || NDCG@10 Avg: 0.0242 || NDCG@20 Avg: 0.0300
4742.9s	629	[Wall TIME] >>> Coach.valid takes 20.859027 seconds ...
4781.5s	630	[Epoch 106 Telemetry] Loss: 0.108561 | lambda_nlgcl=0.0100 | 32534.0 samples/s | 38.56s
4781.5s	631	[Coach] >>> TRAIN @Epoch: 106 >>>  || LOSS Avg: 0.10856
4781.5s	632	[Wall TIME] >>> Coach.train takes 38.558720 seconds ...
4820.1s	633	[Epoch 107 Telemetry] Loss: 0.108465 | lambda_nlgcl=0.0100 | 32534.1 samples/s | 38.56s
4820.1s	634	[Coach] >>> TRAIN @Epoch: 107 >>>  || LOSS Avg: 0.10847
4820.1s	635	[Wall TIME] >>> Coach.train takes 38.558544 seconds ...
4858.6s	636	[Epoch 108 Telemetry] Loss: 0.108406 | lambda_nlgcl=0.0100 | 32551.9 samples/s | 38.54s
4858.6s	637	[Coach] >>> TRAIN @Epoch: 108 >>>  || LOSS Avg: 0.10841
4858.6s	638	[Wall TIME] >>> Coach.train takes 38.537619 seconds ...
4897.2s	639	[Epoch 109 Telemetry] Loss: 0.108299 | lambda_nlgcl=0.0100 | 32559.4 samples/s | 38.53s
4897.2s	640	[Coach] >>> TRAIN @Epoch: 109 >>>  || LOSS Avg: 0.10830
4897.2s	641	[Wall TIME] >>> Coach.train takes 38.528705 seconds ...
4935.7s	642	[Epoch 110 Telemetry] Loss: 0.108182 | lambda_nlgcl=0.0100 | 32544.0 samples/s | 38.55s
4935.7s	643	[Coach] >>> TRAIN @Epoch: 110 >>>  || LOSS Avg: 0.10818
4935.7s	644	[Wall TIME] >>> Coach.train takes 38.547055 seconds ...
4956.7s	645	[Coach] >>> Better ***NDCG@20*** of ***0.0301*** 
4957.1s	646	[Coach] >>> VALID @Epoch: 110 >>>  || RECALL@1 Avg: 0.0091 || RECALL@10 Avg: 0.0441 || RECALL@20 Avg: 0.0669 || NDCG@10 Avg: 0.0242 || NDCG@20 Avg: 0.0301
4957.1s	647	[Wall TIME] >>> Coach.valid takes 20.808056 seconds ...
4995.7s	648	[Epoch 111 Telemetry] Loss: 0.108006 | lambda_nlgcl=0.0100 | 32478.2 samples/s | 38.62s
4995.7s	649	[Coach] >>> TRAIN @Epoch: 111 >>>  || LOSS Avg: 0.10801
4995.7s	650	[Wall TIME] >>> Coach.train takes 38.625172 seconds ...
5034.2s	651	[Epoch 112 Telemetry] Loss: 0.107898 | lambda_nlgcl=0.0100 | 32605.8 samples/s | 38.47s
5034.2s	652	[Coach] >>> TRAIN @Epoch: 112 >>>  || LOSS Avg: 0.10790
5034.2s	653	[Wall TIME] >>> Coach.train takes 38.473948 seconds ...
5072.7s	654	[Epoch 113 Telemetry] Loss: 0.107582 | lambda_nlgcl=0.0100 | 32535.9 samples/s | 38.56s
5072.7s	655	[Coach] >>> TRAIN @Epoch: 113 >>>  || LOSS Avg: 0.10758
5072.7s	656	[Wall TIME] >>> Coach.train takes 38.556607 seconds ...
5110.6s	657	[Epoch 114 Telemetry] Loss: 0.107514 | lambda_nlgcl=0.0100 | 33110.0 samples/s | 37.89s
5110.6s	658	[Coach] >>> TRAIN @Epoch: 114 >>>  || LOSS Avg: 0.10751
5110.6s	659	[Wall TIME] >>> Coach.train takes 37.888125 seconds ...
5148.5s	660	[Epoch 115 Telemetry] Loss: 0.107450 | lambda_nlgcl=0.0100 | 33110.7 samples/s | 37.89s
5148.5s	661	[Coach] >>> TRAIN @Epoch: 115 >>>  || LOSS Avg: 0.10745
5148.5s	662	[Wall TIME] >>> Coach.train takes 37.887147 seconds ...
5168.9s	663	[Coach] >>> Better ***NDCG@20*** of ***0.0301*** 
5169.2s	664	[Coach] >>> VALID @Epoch: 115 >>>  || RECALL@1 Avg: 0.0091 || RECALL@10 Avg: 0.0443 || RECALL@20 Avg: 0.0670 || NDCG@10 Avg: 0.0243 || NDCG@20 Avg: 0.0301
5169.2s	665	[Wall TIME] >>> Coach.valid takes 20.710973 seconds ...
5205.7s	666	[Epoch 116 Telemetry] Loss: 0.107204 | lambda_nlgcl=0.0100 | 34378.7 samples/s | 36.49s
5205.7s	667	[Coach] >>> TRAIN @Epoch: 116 >>>  || LOSS Avg: 0.10720
5205.7s	668	[Wall TIME] >>> Coach.train takes 36.489653 seconds ...
5241.9s	669	[Epoch 117 Telemetry] Loss: 0.107280 | lambda_nlgcl=0.0100 | 34633.5 samples/s | 36.22s
5241.9s	670	[Coach] >>> TRAIN @Epoch: 117 >>>  || LOSS Avg: 0.10728
5241.9s	671	[Wall TIME] >>> Coach.train takes 36.221172 seconds ...
5278.1s	672	[Epoch 118 Telemetry] Loss: 0.107105 | lambda_nlgcl=0.0100 | 34693.6 samples/s | 36.16s
5278.1s	673	[Coach] >>> TRAIN @Epoch: 118 >>>  || LOSS Avg: 0.10710
5278.1s	674	[Wall TIME] >>> Coach.train takes 36.158479 seconds ...
5314.3s	675	[Epoch 119 Telemetry] Loss: 0.106889 | lambda_nlgcl=0.0100 | 34626.9 samples/s | 36.23s
5314.3s	676	[Coach] >>> TRAIN @Epoch: 119 >>>  || LOSS Avg: 0.10689
5314.3s	677	[Wall TIME] >>> Coach.train takes 36.228221 seconds ...
5350.5s	678	[Epoch 120 Telemetry] Loss: 0.106772 | lambda_nlgcl=0.0100 | 34698.2 samples/s | 36.15s
5350.5s	679	[Coach] >>> TRAIN @Epoch: 120 >>>  || LOSS Avg: 0.10677
5350.5s	680	[Wall TIME] >>> Coach.train takes 36.153740 seconds ...
5371.3s	681	[Coach] >>> Better ***NDCG@20*** of ***0.0301*** 
5371.6s	682	[Coach] >>> VALID @Epoch: 120 >>>  || RECALL@1 Avg: 0.0091 || RECALL@10 Avg: 0.0446 || RECALL@20 Avg: 0.0672 || NDCG@10 Avg: 0.0244 || NDCG@20 Avg: 0.0301
5371.6s	683	[Wall TIME] >>> Coach.valid takes 20.598856 seconds ...
5407.9s	684	[Epoch 121 Telemetry] Loss: 0.106719 | lambda_nlgcl=0.0100 | 34625.9 samples/s | 36.23s
5407.9s	685	[Coach] >>> TRAIN @Epoch: 121 >>>  || LOSS Avg: 0.10672
5407.9s	686	[Wall TIME] >>> Coach.train takes 36.229078 seconds ...
5444.1s	687	[Epoch 122 Telemetry] Loss: 0.106730 | lambda_nlgcl=0.0100 | 34653.0 samples/s | 36.20s
5444.1s	688	[Coach] >>> TRAIN @Epoch: 122 >>>  || LOSS Avg: 0.10673
5444.1s	689	[Wall TIME] >>> Coach.train takes 36.200818 seconds ...
5480.3s	690	[Epoch 123 Telemetry] Loss: 0.106721 | lambda_nlgcl=0.0100 | 34588.8 samples/s | 36.27s
5480.3s	691	[Coach] >>> TRAIN @Epoch: 123 >>>  || LOSS Avg: 0.10672
5480.3s	692	[Wall TIME] >>> Coach.train takes 36.268034 seconds ...
5517.4s	693	[Epoch 124 Telemetry] Loss: 0.106430 | lambda_nlgcl=0.0100 | 33840.8 samples/s | 37.07s
5517.4s	694	[Coach] >>> TRAIN @Epoch: 124 >>>  || LOSS Avg: 0.10643
5517.4s	695	[Wall TIME] >>> Coach.train takes 37.069837 seconds ...
5555.4s	696	[Epoch 125 Telemetry] Loss: 0.106292 | lambda_nlgcl=0.0100 | 33023.9 samples/s | 37.99s
5555.4s	697	[Coach] >>> TRAIN @Epoch: 125 >>>  || LOSS Avg: 0.10629
5555.4s	698	[Wall TIME] >>> Coach.train takes 37.986622 seconds ...
5575.8s	699	[Coach] >>> VALID @Epoch: 125 >>>  || RECALL@1 Avg: 0.0091 || RECALL@10 Avg: 0.0446 || RECALL@20 Avg: 0.0671 || NDCG@10 Avg: 0.0244 || NDCG@20 Avg: 0.0301
5575.8s	700	[Wall TIME] >>> Coach.valid takes 20.394506 seconds ...
5612.8s	701	[Epoch 126 Telemetry] Loss: 0.106270 | lambda_nlgcl=0.0100 | 33919.7 samples/s | 36.98s
5612.8s	702	[Coach] >>> TRAIN @Epoch: 126 >>>  || LOSS Avg: 0.10627
5612.8s	703	[Wall TIME] >>> Coach.train takes 36.983430 seconds ...
5649.5s	704	[Epoch 127 Telemetry] Loss: 0.106056 | lambda_nlgcl=0.0100 | 34127.3 samples/s | 36.76s
5649.5s	705	[Coach] >>> TRAIN @Epoch: 127 >>>  || LOSS Avg: 0.10606
5649.5s	706	[Wall TIME] >>> Coach.train takes 36.758611 seconds ...
5686.1s	707	[Epoch 128 Telemetry] Loss: 0.106043 | lambda_nlgcl=0.0100 | 34301.4 samples/s | 36.57s
5686.1s	708	[Coach] >>> TRAIN @Epoch: 128 >>>  || LOSS Avg: 0.10604
5686.1s	709	[Wall TIME] >>> Coach.train takes 36.572263 seconds ...
5722.7s	710	[Epoch 129 Telemetry] Loss: 0.106044 | lambda_nlgcl=0.0100 | 34229.8 samples/s | 36.65s
5722.7s	711	[Coach] >>> TRAIN @Epoch: 129 >>>  || LOSS Avg: 0.10604
5722.7s	712	[Wall TIME] >>> Coach.train takes 36.648453 seconds ...
5759.3s	713	[Epoch 130 Telemetry] Loss: 0.105677 | lambda_nlgcl=0.0100 | 34353.5 samples/s | 36.52s
5759.3s	714	[Coach] >>> TRAIN @Epoch: 130 >>>  || LOSS Avg: 0.10568
5759.3s	715	[Wall TIME] >>> Coach.train takes 36.516401 seconds ...
5780.1s	716	[Coach] >>> Better ***NDCG@20*** of ***0.0302*** 
5780.5s	717	[Coach] >>> VALID @Epoch: 130 >>>  || RECALL@1 Avg: 0.0092 || RECALL@10 Avg: 0.0446 || RECALL@20 Avg: 0.0673 || NDCG@10 Avg: 0.0244 || NDCG@20 Avg: 0.0302
5780.5s	718	[Wall TIME] >>> Coach.valid takes 20.663949 seconds ...
5817.1s	719	[Epoch 131 Telemetry] Loss: 0.105805 | lambda_nlgcl=0.0100 | 34274.6 samples/s | 36.60s
5817.1s	720	[Coach] >>> TRAIN @Epoch: 131 >>>  || LOSS Avg: 0.10580
5817.1s	721	[Wall TIME] >>> Coach.train takes 36.600464 seconds ...
5853.9s	722	[Epoch 132 Telemetry] Loss: 0.105598 | lambda_nlgcl=0.0100 | 34121.8 samples/s | 36.76s
5853.9s	723	[Coach] >>> TRAIN @Epoch: 132 >>>  || LOSS Avg: 0.10560
5853.9s	724	[Wall TIME] >>> Coach.train takes 36.764446 seconds ...
5890.3s	725	[Epoch 133 Telemetry] Loss: 0.105559 | lambda_nlgcl=0.0100 | 34410.5 samples/s | 36.46s
5890.3s	726	[Coach] >>> TRAIN @Epoch: 133 >>>  || LOSS Avg: 0.10556
5890.3s	727	[Wall TIME] >>> Coach.train takes 36.455998 seconds ...
5926.5s	728	[Epoch 134 Telemetry] Loss: 0.105548 | lambda_nlgcl=0.0100 | 34702.0 samples/s | 36.15s
5926.5s	729	[Coach] >>> TRAIN @Epoch: 134 >>>  || LOSS Avg: 0.10555
5926.5s	730	[Wall TIME] >>> Coach.train takes 36.149737 seconds ...
5963.1s	731	[Epoch 135 Telemetry] Loss: 0.105495 | lambda_nlgcl=0.0100 | 34209.8 samples/s | 36.67s
5963.1s	732	[Coach] >>> TRAIN @Epoch: 135 >>>  || LOSS Avg: 0.10550
5963.1s	733	[Wall TIME] >>> Coach.train takes 36.669861 seconds ...
5983.5s	734	[Coach] >>> Better ***NDCG@20*** of ***0.0303*** 
5983.8s	735	[Coach] >>> VALID @Epoch: 135 >>>  || RECALL@1 Avg: 0.0092 || RECALL@10 Avg: 0.0449 || RECALL@20 Avg: 0.0674 || NDCG@10 Avg: 0.0246 || NDCG@20 Avg: 0.0303
5983.8s	736	[Wall TIME] >>> Coach.valid takes 20.690450 seconds ...
6020.4s	737	[Epoch 136 Telemetry] Loss: 0.105186 | lambda_nlgcl=0.0100 | 34326.6 samples/s | 36.54s
6020.4s	738	[Coach] >>> TRAIN @Epoch: 136 >>>  || LOSS Avg: 0.10519
6020.4s	739	[Wall TIME] >>> Coach.train takes 36.544942 seconds ...
6057.0s	740	[Epoch 137 Telemetry] Loss: 0.105301 | lambda_nlgcl=0.0100 | 34273.9 samples/s | 36.60s
6057.0s	741	[Coach] >>> TRAIN @Epoch: 137 >>>  || LOSS Avg: 0.10530
6057.0s	742	[Wall TIME] >>> Coach.train takes 36.601300 seconds ...
6093.6s	743	[Epoch 138 Telemetry] Loss: 0.105108 | lambda_nlgcl=0.0100 | 34241.0 samples/s | 36.64s
6093.6s	744	[Coach] >>> TRAIN @Epoch: 138 >>>  || LOSS Avg: 0.10511
6093.6s	745	[Wall TIME] >>> Coach.train takes 36.636404 seconds ...
6130.2s	746	[Epoch 139 Telemetry] Loss: 0.105043 | lambda_nlgcl=0.0100 | 34232.2 samples/s | 36.65s
6130.2s	747	[Coach] >>> TRAIN @Epoch: 139 >>>  || LOSS Avg: 0.10504
6130.2s	748	[Wall TIME] >>> Coach.train takes 36.645854 seconds ...
6166.8s	749	[Epoch 140 Telemetry] Loss: 0.104876 | lambda_nlgcl=0.0100 | 34317.1 samples/s | 36.55s
6166.8s	750	[Coach] >>> TRAIN @Epoch: 140 >>>  || LOSS Avg: 0.10488
6166.8s	751	[Wall TIME] >>> Coach.train takes 36.555228 seconds ...
6187.6s	752	[Coach] >>> Better ***NDCG@20*** of ***0.0303*** 
6188.0s	753	[Coach] >>> VALID @Epoch: 140 >>>  || RECALL@1 Avg: 0.0092 || RECALL@10 Avg: 0.0448 || RECALL@20 Avg: 0.0675 || NDCG@10 Avg: 0.0245 || NDCG@20 Avg: 0.0303
6188.0s	754	[Wall TIME] >>> Coach.valid takes 20.634109 seconds ...
6224.7s	755	[Epoch 141 Telemetry] Loss: 0.104849 | lambda_nlgcl=0.0100 | 34142.5 samples/s | 36.74s
6224.7s	756	[Coach] >>> TRAIN @Epoch: 141 >>>  || LOSS Avg: 0.10485
6224.7s	757	[Wall TIME] >>> Coach.train takes 36.742047 seconds ...
6261.0s	758	[Epoch 142 Telemetry] Loss: 0.104808 | lambda_nlgcl=0.0100 | 34574.9 samples/s | 36.28s
6261.0s	759	[Coach] >>> TRAIN @Epoch: 142 >>>  || LOSS Avg: 0.10481
6261.0s	760	[Wall TIME] >>> Coach.train takes 36.282528 seconds ...
6297.4s	761	[Epoch 143 Telemetry] Loss: 0.104696 | lambda_nlgcl=0.0100 | 34506.1 samples/s | 36.35s
6297.4s	762	[Coach] >>> TRAIN @Epoch: 143 >>>  || LOSS Avg: 0.10470
6297.4s	763	[Wall TIME] >>> Coach.train takes 36.354912 seconds ...
6333.5s	764	[Epoch 144 Telemetry] Loss: 0.104643 | lambda_nlgcl=0.0100 | 34683.4 samples/s | 36.17s
6333.5s	765	[Coach] >>> TRAIN @Epoch: 144 >>>  || LOSS Avg: 0.10464
6333.5s	766	[Wall TIME] >>> Coach.train takes 36.169059 seconds ...
6369.7s	767	[Epoch 145 Telemetry] Loss: 0.104550 | lambda_nlgcl=0.0100 | 34738.5 samples/s | 36.11s
6369.7s	768	[Coach] >>> TRAIN @Epoch: 145 >>>  || LOSS Avg: 0.10455
6369.7s	769	[Wall TIME] >>> Coach.train takes 36.111746 seconds ...
6389.9s	770	[Coach] >>> Better ***NDCG@20*** of ***0.0304*** 
6390.2s	771	[Coach] >>> VALID @Epoch: 145 >>>  || RECALL@1 Avg: 0.0093 || RECALL@10 Avg: 0.0448 || RECALL@20 Avg: 0.0677 || NDCG@10 Avg: 0.0245 || NDCG@20 Avg: 0.0304
6390.2s	772	[Wall TIME] >>> Coach.valid takes 20.611175 seconds ...
6426.5s	773	[Epoch 146 Telemetry] Loss: 0.104535 | lambda_nlgcl=0.0100 | 34647.7 samples/s | 36.21s
6426.5s	774	[Coach] >>> TRAIN @Epoch: 146 >>>  || LOSS Avg: 0.10454
6426.5s	775	[Wall TIME] >>> Coach.train takes 36.206378 seconds ...
6462.6s	776	[Epoch 147 Telemetry] Loss: 0.104522 | lambda_nlgcl=0.0100 | 34724.6 samples/s | 36.13s
6462.6s	777	[Coach] >>> TRAIN @Epoch: 147 >>>  || LOSS Avg: 0.10452
6462.6s	778	[Wall TIME] >>> Coach.train takes 36.126182 seconds ...
6498.9s	779	[Epoch 148 Telemetry] Loss: 0.104317 | lambda_nlgcl=0.0100 | 34508.1 samples/s | 36.35s
6498.9s	780	[Coach] >>> TRAIN @Epoch: 148 >>>  || LOSS Avg: 0.10432
6498.9s	781	[Wall TIME] >>> Coach.train takes 36.352864 seconds ...
6535.1s	782	[Epoch 149 Telemetry] Loss: 0.104405 | lambda_nlgcl=0.0100 | 34651.0 samples/s | 36.20s
6535.1s	783	[Coach] >>> TRAIN @Epoch: 149 >>>  || LOSS Avg: 0.10441
6535.1s	784	[Wall TIME] >>> Coach.train takes 36.202941 seconds ...
6571.4s	785	[Epoch 150 Telemetry] Loss: 0.104273 | lambda_nlgcl=0.0100 | 34578.5 samples/s | 36.28s
6571.4s	786	[Coach] >>> TRAIN @Epoch: 150 >>>  || LOSS Avg: 0.10427
6571.4s	787	[Wall TIME] >>> Coach.train takes 36.278738 seconds ...
6592.2s	788	[Coach] >>> VALID @Epoch: 150 >>>  || RECALL@1 Avg: 0.0092 || RECALL@10 Avg: 0.0448 || RECALL@20 Avg: 0.0676 || NDCG@10 Avg: 0.0245 || NDCG@20 Avg: 0.0304
6592.2s	789	[Wall TIME] >>> Coach.valid takes 20.259093 seconds ...
6628.4s	790	[Epoch 151 Telemetry] Loss: 0.104198 | lambda_nlgcl=0.0100 | 34680.9 samples/s | 36.17s
6628.4s	791	[Coach] >>> TRAIN @Epoch: 151 >>>  || LOSS Avg: 0.10420
6628.4s	792	[Wall TIME] >>> Coach.train takes 36.171640 seconds ...
6664.7s	793	[Epoch 152 Telemetry] Loss: 0.104148 | lambda_nlgcl=0.0100 | 34627.2 samples/s | 36.23s
6664.7s	794	[Coach] >>> TRAIN @Epoch: 152 >>>  || LOSS Avg: 0.10415
6664.7s	795	[Wall TIME] >>> Coach.train takes 36.227846 seconds ...
6700.3s	796	[Epoch 153 Telemetry] Loss: 0.103911 | lambda_nlgcl=0.0100 | 35239.4 samples/s | 35.60s
6700.3s	797	[Coach] >>> TRAIN @Epoch: 153 >>>  || LOSS Avg: 0.10391
6700.3s	798	[Wall TIME] >>> Coach.train takes 35.598546 seconds ...
6736.3s	799	[Epoch 154 Telemetry] Loss: 0.103881 | lambda_nlgcl=0.0100 | 34754.0 samples/s | 36.09s
6736.4s	800	[Coach] >>> TRAIN @Epoch: 154 >>>  || LOSS Avg: 0.10388
6736.4s	801	[Wall TIME] >>> Coach.train takes 36.095616 seconds ...
6772.6s	802	[Epoch 155 Telemetry] Loss: 0.103839 | lambda_nlgcl=0.0100 | 34635.3 samples/s | 36.22s
6772.6s	803	[Coach] >>> TRAIN @Epoch: 155 >>>  || LOSS Avg: 0.10384
6772.6s	804	[Wall TIME] >>> Coach.train takes 36.219417 seconds ...
6792.9s	805	[Coach] >>> Better ***NDCG@20*** of ***0.0304*** 
6793.2s	806	[Coach] >>> VALID @Epoch: 155 >>>  || RECALL@1 Avg: 0.0094 || RECALL@10 Avg: 0.0447 || RECALL@20 Avg: 0.0675 || NDCG@10 Avg: 0.0246 || NDCG@20 Avg: 0.0304
6793.2s	807	[Wall TIME] >>> Coach.valid takes 20.706994 seconds ...
6830.8s	808	[Epoch 156 Telemetry] Loss: 0.103878 | lambda_nlgcl=0.0100 | 33397.3 samples/s | 37.56s
6830.9s	809	[Coach] >>> TRAIN @Epoch: 156 >>>  || LOSS Avg: 0.10388
6830.9s	810	[Wall TIME] >>> Coach.train takes 37.562091 seconds ...
6868.8s	811	[Epoch 157 Telemetry] Loss: 0.103711 | lambda_nlgcl=0.0100 | 33020.5 samples/s | 37.99s
6868.8s	812	[Coach] >>> TRAIN @Epoch: 157 >>>  || LOSS Avg: 0.10371
6868.8s	813	[Wall TIME] >>> Coach.train takes 37.990724 seconds ...
6905.9s	814	[Epoch 158 Telemetry] Loss: 0.103752 | lambda_nlgcl=0.0100 | 33856.1 samples/s | 37.05s
6905.9s	815	[Coach] >>> TRAIN @Epoch: 158 >>>  || LOSS Avg: 0.10375
6905.9s	816	[Wall TIME] >>> Coach.train takes 37.052902 seconds ...
6942.7s	817	[Epoch 159 Telemetry] Loss: 0.103803 | lambda_nlgcl=0.0100 | 34070.9 samples/s | 36.82s
6942.7s	818	[Coach] >>> TRAIN @Epoch: 159 >>>  || LOSS Avg: 0.10380
6942.7s	819	[Wall TIME] >>> Coach.train takes 36.819283 seconds ...
6979.7s	820	[Epoch 160 Telemetry] Loss: 0.103572 | lambda_nlgcl=0.0100 | 33908.7 samples/s | 36.99s
6979.7s	821	[Coach] >>> TRAIN @Epoch: 160 >>>  || LOSS Avg: 0.10357
6979.7s	822	[Wall TIME] >>> Coach.train takes 36.995479 seconds ...
7000.6s	823	[Coach] >>> VALID @Epoch: 160 >>>  || RECALL@1 Avg: 0.0092 || RECALL@10 Avg: 0.0449 || RECALL@20 Avg: 0.0675 || NDCG@10 Avg: 0.0246 || NDCG@20 Avg: 0.0304
7000.6s	824	[Wall TIME] >>> Coach.valid takes 20.354533 seconds ...
7037.3s	825	[Epoch 161 Telemetry] Loss: 0.103485 | lambda_nlgcl=0.0100 | 34202.6 samples/s | 36.68s
7037.3s	826	[Coach] >>> TRAIN @Epoch: 161 >>>  || LOSS Avg: 0.10348
7037.3s	827	[Wall TIME] >>> Coach.train takes 36.677523 seconds ...
7073.8s	828	[Epoch 162 Telemetry] Loss: 0.103438 | lambda_nlgcl=0.0100 | 34299.0 samples/s | 36.57s
7073.8s	829	[Coach] >>> TRAIN @Epoch: 162 >>>  || LOSS Avg: 0.10344
7073.8s	830	[Wall TIME] >>> Coach.train takes 36.574417 seconds ...
7110.4s	831	[Epoch 163 Telemetry] Loss: 0.103404 | lambda_nlgcl=0.0100 | 34295.0 samples/s | 36.58s
7110.4s	832	[Coach] >>> TRAIN @Epoch: 163 >>>  || LOSS Avg: 0.10340
7110.4s	833	[Wall TIME] >>> Coach.train takes 36.578831 seconds ...
7147.1s	834	[Epoch 164 Telemetry] Loss: 0.103466 | lambda_nlgcl=0.0100 | 34163.5 samples/s | 36.72s
7147.1s	835	[Coach] >>> TRAIN @Epoch: 164 >>>  || LOSS Avg: 0.10347
7147.1s	836	[Wall TIME] >>> Coach.train takes 36.719530 seconds ...
7184.0s	837	[Epoch 165 Telemetry] Loss: 0.103342 | lambda_nlgcl=0.0100 | 34048.9 samples/s | 36.84s
7184.0s	838	[Coach] >>> TRAIN @Epoch: 165 >>>  || LOSS Avg: 0.10334
7184.0s	839	[Wall TIME] >>> Coach.train takes 36.843247 seconds ...
7204.2s	840	[Coach] >>> VALID @Epoch: 165 >>>  || RECALL@1 Avg: 0.0092 || RECALL@10 Avg: 0.0450 || RECALL@20 Avg: 0.0675 || NDCG@10 Avg: 0.0247 || NDCG@20 Avg: 0.0304
7204.2s	841	[Wall TIME] >>> Coach.valid takes 20.281855 seconds ...
7241.0s	842	[Epoch 166 Telemetry] Loss: 0.103257 | lambda_nlgcl=0.0100 | 34182.3 samples/s | 36.70s
7241.0s	843	[Coach] >>> TRAIN @Epoch: 166 >>>  || LOSS Avg: 0.10326
7241.0s	844	[Wall TIME] >>> Coach.train takes 36.699310 seconds ...
7277.7s	845	[Epoch 167 Telemetry] Loss: 0.103156 | lambda_nlgcl=0.0100 | 34129.0 samples/s | 36.76s
7277.7s	846	[Coach] >>> TRAIN @Epoch: 167 >>>  || LOSS Avg: 0.10316
7277.7s	847	[Wall TIME] >>> Coach.train takes 36.756750 seconds ...
7314.6s	848	[Epoch 168 Telemetry] Loss: 0.102978 | lambda_nlgcl=0.0100 | 34043.1 samples/s | 36.85s
7314.6s	849	[Coach] >>> TRAIN @Epoch: 168 >>>  || LOSS Avg: 0.10298
7314.6s	850	[Wall TIME] >>> Coach.train takes 36.849431 seconds ...
7351.4s	851	[Epoch 169 Telemetry] Loss: 0.102974 | lambda_nlgcl=0.0100 | 34101.6 samples/s | 36.79s
7351.4s	852	[Coach] >>> TRAIN @Epoch: 169 >>>  || LOSS Avg: 0.10297
7351.4s	853	[Wall TIME] >>> Coach.train takes 36.786229 seconds ...
7388.1s	854	[Epoch 170 Telemetry] Loss: 0.102898 | lambda_nlgcl=0.0100 | 34153.7 samples/s | 36.73s
7388.1s	855	[Coach] >>> TRAIN @Epoch: 170 >>>  || LOSS Avg: 0.10290
7388.1s	856	[Wall TIME] >>> Coach.train takes 36.730021 seconds ...
7409.0s	857	[Coach] >>> VALID @Epoch: 170 >>>  || RECALL@1 Avg: 0.0092 || RECALL@10 Avg: 0.0448 || RECALL@20 Avg: 0.0677 || NDCG@10 Avg: 0.0246 || NDCG@20 Avg: 0.0304
7409.0s	858	[Wall TIME] >>> Coach.valid takes 20.338790 seconds ...
7445.8s	859	[Epoch 171 Telemetry] Loss: 0.102975 | lambda_nlgcl=0.0100 | 34077.4 samples/s | 36.81s
7445.8s	860	[Coach] >>> TRAIN @Epoch: 171 >>>  || LOSS Avg: 0.10297
7445.8s	861	[Wall TIME] >>> Coach.train takes 36.812457 seconds ...
7482.0s	862	[Epoch 172 Telemetry] Loss: 0.102795 | lambda_nlgcl=0.0100 | 34699.1 samples/s | 36.15s
7482.0s	863	[Coach] >>> TRAIN @Epoch: 172 >>>  || LOSS Avg: 0.10279
7482.0s	864	[Wall TIME] >>> Coach.train takes 36.152740 seconds ...
7518.8s	865	[Epoch 173 Telemetry] Loss: 0.102697 | lambda_nlgcl=0.0100 | 34067.4 samples/s | 36.82s
7518.8s	866	[Coach] >>> TRAIN @Epoch: 173 >>>  || LOSS Avg: 0.10270
7518.8s	867	[Wall TIME] >>> Coach.train takes 36.823092 seconds ...
7555.2s	868	[Epoch 174 Telemetry] Loss: 0.102793 | lambda_nlgcl=0.0100 | 34468.6 samples/s | 36.39s
7555.2s	869	[Coach] >>> TRAIN @Epoch: 174 >>>  || LOSS Avg: 0.10279
7555.2s	870	[Wall TIME] >>> Coach.train takes 36.394472 seconds ...
7591.6s	871	[Epoch 175 Telemetry] Loss: 0.102819 | lambda_nlgcl=0.0100 | 34435.7 samples/s | 36.43s
7591.6s	872	[Coach] >>> TRAIN @Epoch: 175 >>>  || LOSS Avg: 0.10282
7591.6s	873	[Wall TIME] >>> Coach.train takes 36.429256 seconds ...
7611.9s	874	[Coach] >>> Better ***NDCG@20*** of ***0.0305*** 
7612.2s	875	[Coach] >>> VALID @Epoch: 175 >>>  || RECALL@1 Avg: 0.0092 || RECALL@10 Avg: 0.0450 || RECALL@20 Avg: 0.0679 || NDCG@10 Avg: 0.0246 || NDCG@20 Avg: 0.0305
7612.2s	876	[Wall TIME] >>> Coach.valid takes 20.620039 seconds ...
7648.5s	877	[Epoch 176 Telemetry] Loss: 0.102674 | lambda_nlgcl=0.0100 | 34634.4 samples/s | 36.22s
7648.5s	878	[Coach] >>> TRAIN @Epoch: 176 >>>  || LOSS Avg: 0.10267
7648.5s	879	[Wall TIME] >>> Coach.train takes 36.220145 seconds ...
7684.8s	880	[Epoch 177 Telemetry] Loss: 0.102596 | lambda_nlgcl=0.0100 | 34549.2 samples/s | 36.31s
7684.8s	881	[Coach] >>> TRAIN @Epoch: 177 >>>  || LOSS Avg: 0.10260
7684.8s	882	[Wall TIME] >>> Coach.train takes 36.309567 seconds ...
7721.2s	883	[Epoch 178 Telemetry] Loss: 0.102570 | lambda_nlgcl=0.0100 | 34443.1 samples/s | 36.42s
7721.2s	884	[Coach] >>> TRAIN @Epoch: 178 >>>  || LOSS Avg: 0.10257
7721.2s	885	[Wall TIME] >>> Coach.train takes 36.421521 seconds ...
7757.7s	886	[Epoch 179 Telemetry] Loss: 0.102558 | lambda_nlgcl=0.0100 | 34376.6 samples/s | 36.49s
7757.7s	887	[Coach] >>> TRAIN @Epoch: 179 >>>  || LOSS Avg: 0.10256
7757.7s	888	[Wall TIME] >>> Coach.train takes 36.491800 seconds ...
7794.2s	889	[Epoch 180 Telemetry] Loss: 0.102510 | lambda_nlgcl=0.0100 | 34350.8 samples/s | 36.52s
7794.2s	890	[Coach] >>> TRAIN @Epoch: 180 >>>  || LOSS Avg: 0.10251
7794.2s	891	[Wall TIME] >>> Coach.train takes 36.519294 seconds ...
7815.1s	892	[Coach] >>> Better ***NDCG@20*** of ***0.0305*** 
7815.3s	893	[Coach] >>> VALID @Epoch: 180 >>>  || RECALL@1 Avg: 0.0093 || RECALL@10 Avg: 0.0448 || RECALL@20 Avg: 0.0680 || NDCG@10 Avg: 0.0246 || NDCG@20 Avg: 0.0305
7815.3s	894	[Wall TIME] >>> Coach.valid takes 20.631904 seconds ...
7853.2s	895	[Epoch 181 Telemetry] Loss: 0.102390 | lambda_nlgcl=0.0100 | 33196.5 samples/s | 37.79s
7853.2s	896	[Coach] >>> TRAIN @Epoch: 181 >>>  || LOSS Avg: 0.10239
7853.2s	897	[Wall TIME] >>> Coach.train takes 37.789330 seconds ...
7891.1s	898	[Epoch 182 Telemetry] Loss: 0.102439 | lambda_nlgcl=0.0100 | 33042.7 samples/s | 37.96s
7891.1s	899	[Coach] >>> TRAIN @Epoch: 182 >>>  || LOSS Avg: 0.10244
7891.1s	900	[Wall TIME] >>> Coach.train takes 37.965234 seconds ...
7929.3s	901	[Epoch 183 Telemetry] Loss: 0.102294 | lambda_nlgcl=0.0100 | 32968.3 samples/s | 38.05s
7929.3s	902	[Coach] >>> TRAIN @Epoch: 183 >>>  || LOSS Avg: 0.10229
7929.3s	903	[Wall TIME] >>> Coach.train takes 38.050758 seconds ...
7967.2s	904	[Epoch 184 Telemetry] Loss: 0.102266 | lambda_nlgcl=0.0100 | 32965.2 samples/s | 38.05s
7967.2s	905	[Coach] >>> TRAIN @Epoch: 184 >>>  || LOSS Avg: 0.10227
7967.2s	906	[Wall TIME] >>> Coach.train takes 38.054173 seconds ...
8005.0s	907	[Epoch 185 Telemetry] Loss: 0.102208 | lambda_nlgcl=0.0100 | 33220.1 samples/s | 37.76s
8005.0s	908	[Coach] >>> TRAIN @Epoch: 185 >>>  || LOSS Avg: 0.10221
8005.0s	909	[Wall TIME] >>> Coach.train takes 37.762454 seconds ...
8025.4s	910	[Coach] >>> VALID @Epoch: 185 >>>  || RECALL@1 Avg: 0.0092 || RECALL@10 Avg: 0.0448 || RECALL@20 Avg: 0.0680 || NDCG@10 Avg: 0.0246 || NDCG@20 Avg: 0.0305
8025.4s	911	[Wall TIME] >>> Coach.valid takes 20.396292 seconds ...
8062.5s	912	[Epoch 186 Telemetry] Loss: 0.102348 | lambda_nlgcl=0.0100 | 33839.3 samples/s | 37.07s
8062.5s	913	[Coach] >>> TRAIN @Epoch: 186 >>>  || LOSS Avg: 0.10235
8062.5s	914	[Wall TIME] >>> Coach.train takes 37.071252 seconds ...
8099.3s	915	[Epoch 187 Telemetry] Loss: 0.102321 | lambda_nlgcl=0.0100 | 34028.8 samples/s | 36.86s
8099.3s	916	[Coach] >>> TRAIN @Epoch: 187 >>>  || LOSS Avg: 0.10232
8099.3s	917	[Wall TIME] >>> Coach.train takes 36.864943 seconds ...
8136.3s	918	[Epoch 188 Telemetry] Loss: 0.102057 | lambda_nlgcl=0.0100 | 33920.5 samples/s | 36.98s
8136.3s	919	[Coach] >>> TRAIN @Epoch: 188 >>>  || LOSS Avg: 0.10206
8136.3s	920	[Wall TIME] >>> Coach.train takes 36.982589 seconds ...
8173.1s	921	[Epoch 189 Telemetry] Loss: 0.102007 | lambda_nlgcl=0.0100 | 34108.1 samples/s | 36.78s
8173.1s	922	[Coach] >>> TRAIN @Epoch: 189 >>>  || LOSS Avg: 0.10201
8173.1s	923	[Wall TIME] >>> Coach.train takes 36.779066 seconds ...
8210.0s	924	[Epoch 190 Telemetry] Loss: 0.101929 | lambda_nlgcl=0.0100 | 34039.2 samples/s | 36.85s
8210.0s	925	[Coach] >>> TRAIN @Epoch: 190 >>>  || LOSS Avg: 0.10193
8210.0s	926	[Wall TIME] >>> Coach.train takes 36.853579 seconds ...
8230.8s	927	[Coach] >>> Better ***NDCG@20*** of ***0.0306*** 
8231.1s	928	[Coach] >>> VALID @Epoch: 190 >>>  || RECALL@1 Avg: 0.0092 || RECALL@10 Avg: 0.0450 || RECALL@20 Avg: 0.0682 || NDCG@10 Avg: 0.0247 || NDCG@20 Avg: 0.0306
8231.1s	929	[Wall TIME] >>> Coach.valid takes 20.594195 seconds ...
8267.0s	930	[Epoch 191 Telemetry] Loss: 0.101920 | lambda_nlgcl=0.0100 | 34913.9 samples/s | 35.93s
8267.0s	931	[Coach] >>> TRAIN @Epoch: 191 >>>  || LOSS Avg: 0.10192
8267.0s	932	[Wall TIME] >>> Coach.train takes 35.930244 seconds ...
8304.3s	933	[Epoch 192 Telemetry] Loss: 0.101750 | lambda_nlgcl=0.0100 | 33630.8 samples/s | 37.30s
8304.3s	934	[Coach] >>> TRAIN @Epoch: 192 >>>  || LOSS Avg: 0.10175
8304.3s	935	[Wall TIME] >>> Coach.train takes 37.301365 seconds ...
8342.4s	936	[Epoch 193 Telemetry] Loss: 0.101884 | lambda_nlgcl=0.0100 | 32907.9 samples/s | 38.12s
8342.4s	937	[Coach] >>> TRAIN @Epoch: 193 >>>  || LOSS Avg: 0.10188
8342.4s	938	[Wall TIME] >>> Coach.train takes 38.120717 seconds ...
8380.5s	939	[Epoch 194 Telemetry] Loss: 0.101949 | lambda_nlgcl=0.0100 | 32999.7 samples/s | 38.01s
8380.5s	940	[Coach] >>> TRAIN @Epoch: 194 >>>  || LOSS Avg: 0.10195
8380.5s	941	[Wall TIME] >>> Coach.train takes 38.014715 seconds ...
8418.4s	942	[Epoch 195 Telemetry] Loss: 0.101807 | lambda_nlgcl=0.0100 | 33053.7 samples/s | 37.95s
8418.4s	943	[Coach] >>> TRAIN @Epoch: 195 >>>  || LOSS Avg: 0.10181
8418.4s	944	[Wall TIME] >>> Coach.train takes 37.952477 seconds ...
8438.8s	945	[Coach] >>> VALID @Epoch: 195 >>>  || RECALL@1 Avg: 0.0092 || RECALL@10 Avg: 0.0450 || RECALL@20 Avg: 0.0681 || NDCG@10 Avg: 0.0247 || NDCG@20 Avg: 0.0306
8438.8s	946	[Wall TIME] >>> Coach.valid takes 20.420474 seconds ...
8477.1s	947	[Epoch 196 Telemetry] Loss: 0.101842 | lambda_nlgcl=0.0100 | 32746.7 samples/s | 38.31s
8477.1s	948	[Coach] >>> TRAIN @Epoch: 196 >>>  || LOSS Avg: 0.10184
8477.1s	949	[Wall TIME] >>> Coach.train takes 38.308381 seconds ...
8515.4s	950	[Epoch 197 Telemetry] Loss: 0.101581 | lambda_nlgcl=0.0100 | 32801.8 samples/s | 38.24s
8515.4s	951	[Coach] >>> TRAIN @Epoch: 197 >>>  || LOSS Avg: 0.10158
8515.4s	952	[Wall TIME] >>> Coach.train takes 38.243953 seconds ...
8552.6s	953	[Epoch 198 Telemetry] Loss: 0.101679 | lambda_nlgcl=0.0100 | 33706.8 samples/s | 37.22s
8552.6s	954	[Coach] >>> TRAIN @Epoch: 198 >>>  || LOSS Avg: 0.10168
8552.6s	955	[Wall TIME] >>> Coach.train takes 37.217001 seconds ...
8589.8s	956	[Epoch 199 Telemetry] Loss: 0.101516 | lambda_nlgcl=0.0100 | 33723.8 samples/s | 37.20s
8589.8s	957	[Coach] >>> TRAIN @Epoch: 199 >>>  || LOSS Avg: 0.10152
8589.8s	958	[Wall TIME] >>> Coach.train takes 37.198421 seconds ...
8627.1s	959	[Epoch 200 Telemetry] Loss: 0.101660 | lambda_nlgcl=0.0100 | 33587.7 samples/s | 37.35s
8627.1s	960	[Coach] >>> TRAIN @Epoch: 200 >>>  || LOSS Avg: 0.10166
8627.2s	961	[Wall TIME] >>> Coach.train takes 37.348979 seconds ...
8648.1s	962	[Coach] >>> Better ***NDCG@20*** of ***0.0306*** 
8648.3s	963	[Coach] >>> VALID @Epoch: 200 >>>  || RECALL@1 Avg: 0.0093 || RECALL@10 Avg: 0.0449 || RECALL@20 Avg: 0.0680 || NDCG@10 Avg: 0.0247 || NDCG@20 Avg: 0.0306
8648.3s	964	[Wall TIME] >>> Coach.valid takes 20.639072 seconds ...
8685.7s	965	[Epoch 201 Telemetry] Loss: 0.101500 | lambda_nlgcl=0.0100 | 33645.4 samples/s | 37.28s
8685.7s	966	[Coach] >>> TRAIN @Epoch: 201 >>>  || LOSS Avg: 0.10150
8685.7s	967	[Wall TIME] >>> Coach.train takes 37.285014 seconds ...
8723.0s	968	[Epoch 202 Telemetry] Loss: 0.101476 | lambda_nlgcl=0.0100 | 33589.5 samples/s | 37.35s
8723.0s	969	[Coach] >>> TRAIN @Epoch: 202 >>>  || LOSS Avg: 0.10148
8723.0s	970	[Wall TIME] >>> Coach.train takes 37.347128 seconds ...
8760.2s	971	[Epoch 203 Telemetry] Loss: 0.101463 | lambda_nlgcl=0.0100 | 33710.4 samples/s | 37.21s
8760.2s	972	[Coach] >>> TRAIN @Epoch: 203 >>>  || LOSS Avg: 0.10146
8760.2s	973	[Wall TIME] >>> Coach.train takes 37.213243 seconds ...
8797.5s	974	[Epoch 204 Telemetry] Loss: 0.101444 | lambda_nlgcl=0.0100 | 33661.2 samples/s | 37.27s
8797.5s	975	[Coach] >>> TRAIN @Epoch: 204 >>>  || LOSS Avg: 0.10144
8797.5s	976	[Wall TIME] >>> Coach.train takes 37.267448 seconds ...
8834.7s	977	[Epoch 205 Telemetry] Loss: 0.101377 | lambda_nlgcl=0.0100 | 33678.3 samples/s | 37.25s
8834.7s	978	[Coach] >>> TRAIN @Epoch: 205 >>>  || LOSS Avg: 0.10138
8834.7s	979	[Wall TIME] >>> Coach.train takes 37.248570 seconds ...
8855.1s	980	[Coach] >>> Better ***NDCG@20*** of ***0.0307*** 
8855.4s	981	[Coach] >>> VALID @Epoch: 205 >>>  || RECALL@1 Avg: 0.0094 || RECALL@10 Avg: 0.0448 || RECALL@20 Avg: 0.0681 || NDCG@10 Avg: 0.0247 || NDCG@20 Avg: 0.0307
8855.4s	982	[Wall TIME] >>> Coach.valid takes 20.714342 seconds ...
8892.7s	983	[Epoch 206 Telemetry] Loss: 0.101353 | lambda_nlgcl=0.0100 | 33682.5 samples/s | 37.24s
8892.7s	984	[Coach] >>> TRAIN @Epoch: 206 >>>  || LOSS Avg: 0.10135
8892.7s	985	[Wall TIME] >>> Coach.train takes 37.243798 seconds ...
8930.0s	986	[Epoch 207 Telemetry] Loss: 0.101186 | lambda_nlgcl=0.0100 | 33610.3 samples/s | 37.32s
8930.0s	987	[Coach] >>> TRAIN @Epoch: 207 >>>  || LOSS Avg: 0.10119
8930.0s	988	[Wall TIME] >>> Coach.train takes 37.323808 seconds ...
8967.3s	989	[Epoch 208 Telemetry] Loss: 0.101372 | lambda_nlgcl=0.0100 | 33663.4 samples/s | 37.26s
8967.3s	990	[Coach] >>> TRAIN @Epoch: 208 >>>  || LOSS Avg: 0.10137
8967.3s	991	[Wall TIME] >>> Coach.train takes 37.265088 seconds ...
9004.6s	992	[Epoch 209 Telemetry] Loss: 0.101266 | lambda_nlgcl=0.0100 | 33613.7 samples/s | 37.32s
9004.6s	993	[Coach] >>> TRAIN @Epoch: 209 >>>  || LOSS Avg: 0.10127
9004.6s	994	[Wall TIME] >>> Coach.train takes 37.320117 seconds ...
9041.9s	995	[Epoch 210 Telemetry] Loss: 0.101180 | lambda_nlgcl=0.0100 | 33595.0 samples/s | 37.34s
9041.9s	996	[Coach] >>> TRAIN @Epoch: 210 >>>  || LOSS Avg: 0.10118
9041.9s	997	[Wall TIME] >>> Coach.train takes 37.341418 seconds ...
9062.9s	998	[Coach] >>> Better ***NDCG@20*** of ***0.0307*** 
9063.2s	999	[Coach] >>> VALID @Epoch: 210 >>>  || RECALL@1 Avg: 0.0094 || RECALL@10 Avg: 0.0449 || RECALL@20 Avg: 0.0681 || NDCG@10 Avg: 0.0248 || NDCG@20 Avg: 0.0307
9063.2s	1000	[Wall TIME] >>> Coach.valid takes 20.670994 seconds ...
9100.3s	1001	[Epoch 211 Telemetry] Loss: 0.101053 | lambda_nlgcl=0.0100 | 33860.1 samples/s | 37.05s
9100.3s	1002	[Coach] >>> TRAIN @Epoch: 211 >>>  || LOSS Avg: 0.10105
9100.3s	1003	[Wall TIME] >>> Coach.train takes 37.048561 seconds ...
9137.8s	1004	[Epoch 212 Telemetry] Loss: 0.101154 | lambda_nlgcl=0.0100 | 33392.5 samples/s | 37.57s
9137.8s	1005	[Coach] >>> TRAIN @Epoch: 212 >>>  || LOSS Avg: 0.10115
9137.8s	1006	[Wall TIME] >>> Coach.train takes 37.567391 seconds ...
9175.1s	1007	[Epoch 213 Telemetry] Loss: 0.101077 | lambda_nlgcl=0.0100 | 33611.4 samples/s | 37.32s
9175.2s	1008	[Coach] >>> TRAIN @Epoch: 213 >>>  || LOSS Avg: 0.10108
9175.2s	1009	[Wall TIME] >>> Coach.train takes 37.322779 seconds ...
9212.6s	1010	[Epoch 214 Telemetry] Loss: 0.101091 | lambda_nlgcl=0.0100 | 33508.0 samples/s | 37.44s
9212.6s	1011	[Coach] >>> TRAIN @Epoch: 214 >>>  || LOSS Avg: 0.10109
9212.6s	1012	[Wall TIME] >>> Coach.train takes 37.437891 seconds ...
9250.1s	1013	[Epoch 215 Telemetry] Loss: 0.101049 | lambda_nlgcl=0.0100 | 33466.3 samples/s | 37.48s
9250.1s	1014	[Coach] >>> TRAIN @Epoch: 215 >>>  || LOSS Avg: 0.10105
9250.1s	1015	[Wall TIME] >>> Coach.train takes 37.484486 seconds ...
9270.4s	1016	[Coach] >>> VALID @Epoch: 215 >>>  || RECALL@1 Avg: 0.0093 || RECALL@10 Avg: 0.0450 || RECALL@20 Avg: 0.0680 || NDCG@10 Avg: 0.0248 || NDCG@20 Avg: 0.0306
9270.4s	1017	[Wall TIME] >>> Coach.valid takes 20.383030 seconds ...
9307.8s	1018	[Epoch 216 Telemetry] Loss: 0.101021 | lambda_nlgcl=0.0100 | 33568.0 samples/s | 37.37s
9307.8s	1019	[Coach] >>> TRAIN @Epoch: 216 >>>  || LOSS Avg: 0.10102
9307.8s	1020	[Wall TIME] >>> Coach.train takes 37.371063 seconds ...
9345.2s	1021	[Epoch 217 Telemetry] Loss: 0.100923 | lambda_nlgcl=0.0100 | 33549.2 samples/s | 37.39s
9345.2s	1022	[Coach] >>> TRAIN @Epoch: 217 >>>  || LOSS Avg: 0.10092
9345.2s	1023	[Wall TIME] >>> Coach.train takes 37.391911 seconds ...
9382.5s	1024	[Epoch 218 Telemetry] Loss: 0.100966 | lambda_nlgcl=0.0100 | 33618.4 samples/s | 37.31s
9382.5s	1025	[Coach] >>> TRAIN @Epoch: 218 >>>  || LOSS Avg: 0.10097
9382.5s	1026	[Wall TIME] >>> Coach.train takes 37.314970 seconds ...
9419.7s	1027	[Epoch 219 Telemetry] Loss: 0.100875 | lambda_nlgcl=0.0100 | 33719.0 samples/s | 37.20s
9419.7s	1028	[Coach] >>> TRAIN @Epoch: 219 >>>  || LOSS Avg: 0.10087
9419.7s	1029	[Wall TIME] >>> Coach.train takes 37.203716 seconds ...
9457.0s	1030	[Epoch 220 Telemetry] Loss: 0.100916 | lambda_nlgcl=0.0100 | 33663.4 samples/s | 37.26s
9457.0s	1031	[Coach] >>> TRAIN @Epoch: 220 >>>  || LOSS Avg: 0.10092
9457.0s	1032	[Wall TIME] >>> Coach.train takes 37.265054 seconds ...
9477.9s	1033	[Coach] >>> VALID @Epoch: 220 >>>  || RECALL@1 Avg: 0.0094 || RECALL@10 Avg: 0.0452 || RECALL@20 Avg: 0.0680 || NDCG@10 Avg: 0.0248 || NDCG@20 Avg: 0.0307
9477.9s	1034	[Wall TIME] >>> Coach.valid takes 20.372027 seconds ...
9515.1s	1035	[Epoch 221 Telemetry] Loss: 0.100833 | lambda_nlgcl=0.0100 | 33729.8 samples/s | 37.19s
9515.1s	1036	[Coach] >>> TRAIN @Epoch: 221 >>>  || LOSS Avg: 0.10083
9515.1s	1037	[Wall TIME] >>> Coach.train takes 37.191687 seconds ...
9552.4s	1038	[Epoch 222 Telemetry] Loss: 0.100850 | lambda_nlgcl=0.0100 | 33646.8 samples/s | 37.28s
9552.4s	1039	[Coach] >>> TRAIN @Epoch: 222 >>>  || LOSS Avg: 0.10085
9552.4s	1040	[Wall TIME] >>> Coach.train takes 37.283443 seconds ...
9589.6s	1041	[Epoch 223 Telemetry] Loss: 0.100755 | lambda_nlgcl=0.0100 | 33745.4 samples/s | 37.17s
9589.6s	1042	[Coach] >>> TRAIN @Epoch: 223 >>>  || LOSS Avg: 0.10075
9589.6s	1043	[Wall TIME] >>> Coach.train takes 37.174453 seconds ...
9626.8s	1044	[Epoch 224 Telemetry] Loss: 0.100666 | lambda_nlgcl=0.0100 | 33697.6 samples/s | 37.23s
9626.8s	1045	[Coach] >>> TRAIN @Epoch: 224 >>>  || LOSS Avg: 0.10067
9626.8s	1046	[Wall TIME] >>> Coach.train takes 37.227226 seconds ...
9664.1s	1047	[Epoch 225 Telemetry] Loss: 0.100662 | lambda_nlgcl=0.0100 | 33671.3 samples/s | 37.26s
9664.1s	1048	[Coach] >>> TRAIN @Epoch: 225 >>>  || LOSS Avg: 0.10066
9664.1s	1049	[Wall TIME] >>> Coach.train takes 37.256313 seconds ...
9684.4s	1050	[Coach] >>> Better ***NDCG@20*** of ***0.0308*** 
9684.7s	1051	[Coach] >>> VALID @Epoch: 225 >>>  || RECALL@1 Avg: 0.0095 || RECALL@10 Avg: 0.0453 || RECALL@20 Avg: 0.0681 || NDCG@10 Avg: 0.0249 || NDCG@20 Avg: 0.0308
9684.7s	1052	[Wall TIME] >>> Coach.valid takes 20.707228 seconds ...
9722.0s	1053	[Epoch 226 Telemetry] Loss: 0.100840 | lambda_nlgcl=0.0100 | 33750.1 samples/s | 37.17s
9722.0s	1054	[Coach] >>> TRAIN @Epoch: 226 >>>  || LOSS Avg: 0.10084
9722.0s	1055	[Wall TIME] >>> Coach.train takes 37.169385 seconds ...
9759.0s	1056	[Epoch 227 Telemetry] Loss: 0.100616 | lambda_nlgcl=0.0100 | 33829.0 samples/s | 37.08s
9759.0s	1057	[Coach] >>> TRAIN @Epoch: 227 >>>  || LOSS Avg: 0.10062
9759.0s	1058	[Wall TIME] >>> Coach.train takes 37.082555 seconds ...
9796.3s	1059	[Epoch 228 Telemetry] Loss: 0.100607 | lambda_nlgcl=0.0100 | 33690.4 samples/s | 37.23s
9796.3s	1060	[Coach] >>> TRAIN @Epoch: 228 >>>  || LOSS Avg: 0.10061
9796.3s	1061	[Wall TIME] >>> Coach.train takes 37.235192 seconds ...
9833.4s	1062	[Epoch 229 Telemetry] Loss: 0.100647 | lambda_nlgcl=0.0100 | 33774.7 samples/s | 37.14s
9833.4s	1063	[Coach] >>> TRAIN @Epoch: 229 >>>  || LOSS Avg: 0.10065
9833.4s	1064	[Wall TIME] >>> Coach.train takes 37.142369 seconds ...
9870.0s	1065	[Epoch 230 Telemetry] Loss: 0.100554 | lambda_nlgcl=0.0100 | 34304.5 samples/s | 36.57s
9870.0s	1066	[Coach] >>> TRAIN @Epoch: 230 >>>  || LOSS Avg: 0.10055
9870.0s	1067	[Wall TIME] >>> Coach.train takes 36.568702 seconds ...
9890.9s	1068	[Coach] >>> VALID @Epoch: 230 >>>  || RECALL@1 Avg: 0.0094 || RECALL@10 Avg: 0.0454 || RECALL@20 Avg: 0.0680 || NDCG@10 Avg: 0.0250 || NDCG@20 Avg: 0.0307
9890.9s	1069	[Wall TIME] >>> Coach.valid takes 20.383997 seconds ...
9928.0s	1070	[Epoch 231 Telemetry] Loss: 0.100406 | lambda_nlgcl=0.0100 | 33830.0 samples/s | 37.08s
9928.0s	1071	[Coach] >>> TRAIN @Epoch: 231 >>>  || LOSS Avg: 0.10041
9928.0s	1072	[Wall TIME] >>> Coach.train takes 37.081479 seconds ...
9965.2s	1073	[Epoch 232 Telemetry] Loss: 0.100496 | lambda_nlgcl=0.0100 | 33728.6 samples/s | 37.19s
9965.2s	1074	[Coach] >>> TRAIN @Epoch: 232 >>>  || LOSS Avg: 0.10050
9965.2s	1075	[Wall TIME] >>> Coach.train takes 37.193022 seconds ...
10002.5s	1076	[Epoch 233 Telemetry] Loss: 0.100633 | lambda_nlgcl=0.0100 | 33663.5 samples/s | 37.26s
10002.5s	1077	[Coach] >>> TRAIN @Epoch: 233 >>>  || LOSS Avg: 0.10063
10002.5s	1078	[Wall TIME] >>> Coach.train takes 37.265034 seconds ...
10039.8s	1079	[Epoch 234 Telemetry] Loss: 0.100555 | lambda_nlgcl=0.0100 | 33649.4 samples/s | 37.28s
10039.8s	1080	[Coach] >>> TRAIN @Epoch: 234 >>>  || LOSS Avg: 0.10056
10039.8s	1081	[Wall TIME] >>> Coach.train takes 37.280519 seconds ...
10076.9s	1082	[Epoch 235 Telemetry] Loss: 0.100401 | lambda_nlgcl=0.0100 | 33742.1 samples/s | 37.18s
10076.9s	1083	[Coach] >>> TRAIN @Epoch: 235 >>>  || LOSS Avg: 0.10040
10076.9s	1084	[Wall TIME] >>> Coach.train takes 37.178120 seconds ...
10097.3s	1085	[Coach] >>> VALID @Epoch: 235 >>>  || RECALL@1 Avg: 0.0094 || RECALL@10 Avg: 0.0452 || RECALL@20 Avg: 0.0682 || NDCG@10 Avg: 0.0249 || NDCG@20 Avg: 0.0308
10097.3s	1086	[Wall TIME] >>> Coach.valid takes 20.372439 seconds ...
10134.4s	1087	[Epoch 236 Telemetry] Loss: 0.100382 | lambda_nlgcl=0.0100 | 33775.7 samples/s | 37.14s
10134.4s	1088	[Coach] >>> TRAIN @Epoch: 236 >>>  || LOSS Avg: 0.10038
10134.4s	1089	[Wall TIME] >>> Coach.train takes 37.141209 seconds ...
10171.8s	1090	[Epoch 237 Telemetry] Loss: 0.100216 | lambda_nlgcl=0.0100 | 33574.7 samples/s | 37.36s
10171.8s	1091	[Coach] >>> TRAIN @Epoch: 237 >>>  || LOSS Avg: 0.10022
10171.8s	1092	[Wall TIME] >>> Coach.train takes 37.363597 seconds ...
10210.3s	1093	[Epoch 238 Telemetry] Loss: 0.100378 | lambda_nlgcl=0.0100 | 32607.5 samples/s | 38.47s
10210.3s	1094	[Coach] >>> TRAIN @Epoch: 238 >>>  || LOSS Avg: 0.10038
10210.3s	1095	[Wall TIME] >>> Coach.train takes 38.471861 seconds ...
10248.0s	1096	[Epoch 239 Telemetry] Loss: 0.100228 | lambda_nlgcl=0.0100 | 33268.9 samples/s | 37.71s
10248.0s	1097	[Coach] >>> TRAIN @Epoch: 239 >>>  || LOSS Avg: 0.10023
10248.0s	1098	[Wall TIME] >>> Coach.train takes 37.706896 seconds ...
10285.6s	1099	[Epoch 240 Telemetry] Loss: 0.100272 | lambda_nlgcl=0.0100 | 33381.7 samples/s | 37.58s
10285.6s	1100	[Coach] >>> TRAIN @Epoch: 240 >>>  || LOSS Avg: 0.10027
10285.6s	1101	[Wall TIME] >>> Coach.train takes 37.579522 seconds ...
10306.5s	1102	[Coach] >>> VALID @Epoch: 240 >>>  || RECALL@1 Avg: 0.0094 || RECALL@10 Avg: 0.0453 || RECALL@20 Avg: 0.0682 || NDCG@10 Avg: 0.0249 || NDCG@20 Avg: 0.0307
10306.5s	1103	[Wall TIME] >>> Coach.valid takes 20.412381 seconds ...
10344.2s	1104	[Epoch 241 Telemetry] Loss: 0.100149 | lambda_nlgcl=0.0100 | 33317.2 samples/s | 37.65s
10344.2s	1105	[Coach] >>> TRAIN @Epoch: 241 >>>  || LOSS Avg: 0.10015
10344.2s	1106	[Wall TIME] >>> Coach.train takes 37.652213 seconds ...
10381.8s	1107	[Epoch 242 Telemetry] Loss: 0.100189 | lambda_nlgcl=0.0100 | 33388.5 samples/s | 37.57s
10381.8s	1108	[Coach] >>> TRAIN @Epoch: 242 >>>  || LOSS Avg: 0.10019
10381.8s	1109	[Wall TIME] >>> Coach.train takes 37.571928 seconds ...
10419.4s	1110	[Epoch 243 Telemetry] Loss: 0.100288 | lambda_nlgcl=0.0100 | 33368.6 samples/s | 37.59s
10419.4s	1111	[Coach] >>> TRAIN @Epoch: 243 >>>  || LOSS Avg: 0.10029
10419.4s	1112	[Wall TIME] >>> Coach.train takes 37.594323 seconds ...
10457.1s	1113	[Epoch 244 Telemetry] Loss: 0.100139 | lambda_nlgcl=0.0100 | 33257.6 samples/s | 37.72s
10457.1s	1114	[Coach] >>> TRAIN @Epoch: 244 >>>  || LOSS Avg: 0.10014
10457.1s	1115	[Wall TIME] >>> Coach.train takes 37.719753 seconds ...
10494.8s	1116	[Epoch 245 Telemetry] Loss: 0.100268 | lambda_nlgcl=0.0100 | 33301.1 samples/s | 37.67s
10494.8s	1117	[Coach] >>> TRAIN @Epoch: 245 >>>  || LOSS Avg: 0.10027
10494.8s	1118	[Wall TIME] >>> Coach.train takes 37.670485 seconds ...
10515.1s	1119	[Coach] >>> VALID @Epoch: 245 >>>  || RECALL@1 Avg: 0.0093 || RECALL@10 Avg: 0.0451 || RECALL@20 Avg: 0.0680 || NDCG@10 Avg: 0.0248 || NDCG@20 Avg: 0.0307
10515.1s	1120	[Wall TIME] >>> Coach.valid takes 20.411936 seconds ...
10552.9s	1121	[Epoch 246 Telemetry] Loss: 0.100200 | lambda_nlgcl=0.0100 | 33269.4 samples/s | 37.71s
10552.9s	1122	[Coach] >>> TRAIN @Epoch: 246 >>>  || LOSS Avg: 0.10020
10552.9s	1123	[Wall TIME] >>> Coach.train takes 37.706339 seconds ...
10590.7s	1124	[Epoch 247 Telemetry] Loss: 0.099992 | lambda_nlgcl=0.0100 | 33143.3 samples/s | 37.85s
10590.7s	1125	[Coach] >>> TRAIN @Epoch: 247 >>>  || LOSS Avg: 0.09999
10590.7s	1126	[Wall TIME] >>> Coach.train takes 37.850077 seconds ...
10628.5s	1127	[Epoch 248 Telemetry] Loss: 0.100003 | lambda_nlgcl=0.0100 | 33187.2 samples/s | 37.80s
10628.5s	1128	[Coach] >>> TRAIN @Epoch: 248 >>>  || LOSS Avg: 0.10000
10628.5s	1129	[Wall TIME] >>> Coach.train takes 37.799750 seconds ...
10666.2s	1130	[Epoch 249 Telemetry] Loss: 0.100069 | lambda_nlgcl=0.0100 | 33305.8 samples/s | 37.66s
10666.2s	1131	[Coach] >>> TRAIN @Epoch: 249 >>>  || LOSS Avg: 0.10007
10666.2s	1132	[Wall TIME] >>> Coach.train takes 37.665226 seconds ...
10703.2s	1133	[Epoch 250 Telemetry] Loss: 0.100096 | lambda_nlgcl=0.0100 | 33870.6 samples/s | 37.04s
10703.2s	1134	[Coach] >>> TRAIN @Epoch: 250 >>>  || LOSS Avg: 0.10010
10703.2s	1135	[Wall TIME] >>> Coach.train takes 37.037227 seconds ...
10724.2s	1136	[Coach] >>> VALID @Epoch: 250 >>>  || RECALL@1 Avg: 0.0094 || RECALL@10 Avg: 0.0452 || RECALL@20 Avg: 0.0681 || NDCG@10 Avg: 0.0249 || NDCG@20 Avg: 0.0307
10724.2s	1137	[Wall TIME] >>> Coach.valid takes 20.386625 seconds ...
10761.7s	1138	[Epoch 251 Telemetry] Loss: 0.100123 | lambda_nlgcl=0.0100 | 33441.3 samples/s | 37.51s
10761.7s	1139	[Coach] >>> TRAIN @Epoch: 251 >>>  || LOSS Avg: 0.10012
10761.7s	1140	[Wall TIME] >>> Coach.train takes 37.512503 seconds ...
10799.2s	1141	[Epoch 252 Telemetry] Loss: 0.099944 | lambda_nlgcl=0.0100 | 33449.1 samples/s | 37.50s
10799.2s	1142	[Coach] >>> TRAIN @Epoch: 252 >>>  || LOSS Avg: 0.09994
10799.2s	1143	[Wall TIME] >>> Coach.train takes 37.503824 seconds ...
10836.7s	1144	[Epoch 253 Telemetry] Loss: 0.100056 | lambda_nlgcl=0.0100 | 33437.0 samples/s | 37.52s
10836.7s	1145	[Coach] >>> TRAIN @Epoch: 253 >>>  || LOSS Avg: 0.10006
10836.7s	1146	[Wall TIME] >>> Coach.train takes 37.517414 seconds ...
10874.1s	1147	[Epoch 254 Telemetry] Loss: 0.099927 | lambda_nlgcl=0.0100 | 33529.8 samples/s | 37.41s
10874.1s	1148	[Coach] >>> TRAIN @Epoch: 254 >>>  || LOSS Avg: 0.09993
10874.2s	1149	[Wall TIME] >>> Coach.train takes 37.413414 seconds ...
10911.2s	1150	[Epoch 255 Telemetry] Loss: 0.100009 | lambda_nlgcl=0.0100 | 33879.6 samples/s | 37.03s
10911.2s	1151	[Coach] >>> TRAIN @Epoch: 255 >>>  || LOSS Avg: 0.10001
10911.2s	1152	[Wall TIME] >>> Coach.train takes 37.027181 seconds ...
10931.5s	1153	[Coach] >>> VALID @Epoch: 255 >>>  || RECALL@1 Avg: 0.0093 || RECALL@10 Avg: 0.0452 || RECALL@20 Avg: 0.0683 || NDCG@10 Avg: 0.0249 || NDCG@20 Avg: 0.0307
10931.5s	1154	[Wall TIME] >>> Coach.valid takes 20.378956 seconds ...
10968.7s	1155	[Epoch 256 Telemetry] Loss: 0.099869 | lambda_nlgcl=0.0100 | 33766.3 samples/s | 37.15s
10968.7s	1156	[Coach] >>> TRAIN @Epoch: 256 >>>  || LOSS Avg: 0.09987
10968.7s	1157	[Wall TIME] >>> Coach.train takes 37.151402 seconds ...
11006.1s	1158	[Epoch 257 Telemetry] Loss: 0.099945 | lambda_nlgcl=0.0100 | 33548.7 samples/s | 37.39s
11006.1s	1159	[Coach] >>> TRAIN @Epoch: 257 >>>  || LOSS Avg: 0.09995
11006.1s	1160	[Wall TIME] >>> Coach.train takes 37.392503 seconds ...
11043.4s	1161	[Epoch 258 Telemetry] Loss: 0.099777 | lambda_nlgcl=0.0100 | 33665.1 samples/s | 37.26s
11043.4s	1162	[Coach] >>> TRAIN @Epoch: 258 >>>  || LOSS Avg: 0.09978
11043.4s	1163	[Wall TIME] >>> Coach.train takes 37.263186 seconds ...
11080.8s	1164	[Epoch 259 Telemetry] Loss: 0.099989 | lambda_nlgcl=0.0100 | 33487.4 samples/s | 37.46s
11080.8s	1165	[Coach] >>> TRAIN @Epoch: 259 >>>  || LOSS Avg: 0.09999
11080.8s	1166	[Wall TIME] >>> Coach.train takes 37.460984 seconds ...
11118.1s	1167	[Epoch 260 Telemetry] Loss: 0.099790 | lambda_nlgcl=0.0100 | 33672.8 samples/s | 37.25s
11118.1s	1168	[Coach] >>> TRAIN @Epoch: 260 >>>  || LOSS Avg: 0.09979
11118.1s	1169	[Wall TIME] >>> Coach.train takes 37.254572 seconds ...
11139.0s	1170	[Coach] >>> VALID @Epoch: 260 >>>  || RECALL@1 Avg: 0.0093 || RECALL@10 Avg: 0.0454 || RECALL@20 Avg: 0.0683 || NDCG@10 Avg: 0.0249 || NDCG@20 Avg: 0.0308
11139.0s	1171	[Wall TIME] >>> Coach.valid takes 20.373438 seconds ...
11176.2s	1172	[Epoch 261 Telemetry] Loss: 0.099724 | lambda_nlgcl=0.0100 | 33732.6 samples/s | 37.19s
11176.2s	1173	[Coach] >>> TRAIN @Epoch: 261 >>>  || LOSS Avg: 0.09972
11176.2s	1174	[Wall TIME] >>> Coach.train takes 37.188634 seconds ...
11213.4s	1175	[Epoch 262 Telemetry] Loss: 0.099695 | lambda_nlgcl=0.0100 | 33765.6 samples/s | 37.15s
11213.4s	1176	[Coach] >>> TRAIN @Epoch: 262 >>>  || LOSS Avg: 0.09970
11213.4s	1177	[Wall TIME] >>> Coach.train takes 37.152185 seconds ...
11250.9s	1178	[Epoch 263 Telemetry] Loss: 0.099623 | lambda_nlgcl=0.0100 | 33438.9 samples/s | 37.51s
11250.9s	1179	[Coach] >>> TRAIN @Epoch: 263 >>>  || LOSS Avg: 0.09962
11250.9s	1180	[Wall TIME] >>> Coach.train takes 37.515329 seconds ...
11288.2s	1181	[Epoch 264 Telemetry] Loss: 0.099767 | lambda_nlgcl=0.0100 | 33645.5 samples/s | 37.28s
11288.2s	1182	[Coach] >>> TRAIN @Epoch: 264 >>>  || LOSS Avg: 0.09977
11288.2s	1183	[Wall TIME] >>> Coach.train takes 37.284828 seconds ...
11325.3s	1184	[Epoch 265 Telemetry] Loss: 0.099731 | lambda_nlgcl=0.0100 | 33819.1 samples/s | 37.09s
11325.3s	1185	[Coach] >>> TRAIN @Epoch: 265 >>>  || LOSS Avg: 0.09973
11325.3s	1186	[Wall TIME] >>> Coach.train takes 37.093412 seconds ...
11345.6s	1187	[Coach] >>> VALID @Epoch: 265 >>>  || RECALL@1 Avg: 0.0094 || RECALL@10 Avg: 0.0452 || RECALL@20 Avg: 0.0682 || NDCG@10 Avg: 0.0249 || NDCG@20 Avg: 0.0307
11345.6s	1188	[Wall TIME] >>> Coach.valid takes 20.366104 seconds ...
11382.9s	1189	[Epoch 266 Telemetry] Loss: 0.099645 | lambda_nlgcl=0.0100 | 33653.4 samples/s | 37.28s
11382.9s	1190	[Coach] >>> TRAIN @Epoch: 266 >>>  || LOSS Avg: 0.09965
11382.9s	1191	[Wall TIME] >>> Coach.train takes 37.276062 seconds ...
11420.0s	1192	[Epoch 267 Telemetry] Loss: 0.099641 | lambda_nlgcl=0.0100 | 33847.1 samples/s | 37.06s
11420.0s	1193	[Coach] >>> TRAIN @Epoch: 267 >>>  || LOSS Avg: 0.09964
11420.0s	1194	[Wall TIME] >>> Coach.train takes 37.062764 seconds ...
11457.2s	1195	[Epoch 268 Telemetry] Loss: 0.099751 | lambda_nlgcl=0.0100 | 33709.5 samples/s | 37.21s
11457.2s	1196	[Coach] >>> TRAIN @Epoch: 268 >>>  || LOSS Avg: 0.09975
11457.2s	1197	[Wall TIME] >>> Coach.train takes 37.214142 seconds ...
11493.8s	1198	[Epoch 269 Telemetry] Loss: 0.099495 | lambda_nlgcl=0.0100 | 34226.4 samples/s | 36.65s
11493.8s	1199	[Coach] >>> TRAIN @Epoch: 269 >>>  || LOSS Avg: 0.09949
11493.8s	1200	[Wall TIME] >>> Coach.train takes 36.652164 seconds ...
11531.0s	1201	[Epoch 270 Telemetry] Loss: 0.099596 | lambda_nlgcl=0.0100 | 33755.1 samples/s | 37.16s
11531.0s	1202	[Coach] >>> TRAIN @Epoch: 270 >>>  || LOSS Avg: 0.09960
11531.0s	1203	[Wall TIME] >>> Coach.train takes 37.163960 seconds ...
11551.9s	1204	[Coach] >>> Better ***NDCG@20*** of ***0.0308*** 
11552.2s	1205	[Coach] >>> VALID @Epoch: 270 >>>  || RECALL@1 Avg: 0.0094 || RECALL@10 Avg: 0.0454 || RECALL@20 Avg: 0.0682 || NDCG@10 Avg: 0.0249 || NDCG@20 Avg: 0.0308
11552.2s	1206	[Wall TIME] >>> Coach.valid takes 20.709100 seconds ...
11589.5s	1207	[Epoch 271 Telemetry] Loss: 0.099566 | lambda_nlgcl=0.0100 | 33747.4 samples/s | 37.17s
11589.5s	1208	[Coach] >>> TRAIN @Epoch: 271 >>>  || LOSS Avg: 0.09957
11589.5s	1209	[Wall TIME] >>> Coach.train takes 37.172312 seconds ...
11626.5s	1210	[Epoch 272 Telemetry] Loss: 0.099574 | lambda_nlgcl=0.0100 | 33915.9 samples/s | 36.99s
11626.5s	1211	[Coach] >>> TRAIN @Epoch: 272 >>>  || LOSS Avg: 0.09957
11626.5s	1212	[Wall TIME] >>> Coach.train takes 36.987630 seconds ...
11663.5s	1213	[Epoch 273 Telemetry] Loss: 0.099618 | lambda_nlgcl=0.0100 | 33825.6 samples/s | 37.09s
11663.5s	1214	[Coach] >>> TRAIN @Epoch: 273 >>>  || LOSS Avg: 0.09962
11663.5s	1215	[Wall TIME] >>> Coach.train takes 37.086345 seconds ...
11700.6s	1216	[Epoch 274 Telemetry] Loss: 0.099552 | lambda_nlgcl=0.0100 | 33869.2 samples/s | 37.04s
11700.6s	1217	[Coach] >>> TRAIN @Epoch: 274 >>>  || LOSS Avg: 0.09955
11700.6s	1218	[Wall TIME] >>> Coach.train takes 37.038631 seconds ...
11737.6s	1219	[Epoch 275 Telemetry] Loss: 0.099440 | lambda_nlgcl=0.0100 | 33844.4 samples/s | 37.06s
11737.6s	1220	[Coach] >>> TRAIN @Epoch: 275 >>>  || LOSS Avg: 0.09944
11737.7s	1221	[Wall TIME] >>> Coach.train takes 37.065708 seconds ...
11758.0s	1222	[Coach] >>> Better ***NDCG@20*** of ***0.0308*** 
11758.3s	1223	[Coach] >>> VALID @Epoch: 275 >>>  || RECALL@1 Avg: 0.0095 || RECALL@10 Avg: 0.0454 || RECALL@20 Avg: 0.0682 || NDCG@10 Avg: 0.0250 || NDCG@20 Avg: 0.0308
11758.3s	1224	[Wall TIME] >>> Coach.valid takes 20.689105 seconds ...
11795.6s	1225	[Epoch 276 Telemetry] Loss: 0.099603 | lambda_nlgcl=0.0100 | 33665.9 samples/s | 37.26s
11795.6s	1226	[Coach] >>> TRAIN @Epoch: 276 >>>  || LOSS Avg: 0.09960
11795.6s	1227	[Wall TIME] >>> Coach.train takes 37.262258 seconds ...
11832.6s	1228	[Epoch 277 Telemetry] Loss: 0.099326 | lambda_nlgcl=0.0100 | 33914.5 samples/s | 36.99s
11832.6s	1229	[Coach] >>> TRAIN @Epoch: 277 >>>  || LOSS Avg: 0.09933
11832.6s	1230	[Wall TIME] >>> Coach.train takes 36.989085 seconds ...
11869.6s	1231	[Epoch 278 Telemetry] Loss: 0.099385 | lambda_nlgcl=0.0100 | 33850.8 samples/s | 37.06s
11869.6s	1232	[Coach] >>> TRAIN @Epoch: 278 >>>  || LOSS Avg: 0.09939
11869.6s	1233	[Wall TIME] >>> Coach.train takes 37.058733 seconds ...
11906.7s	1234	[Epoch 279 Telemetry] Loss: 0.099424 | lambda_nlgcl=0.0100 | 33834.2 samples/s | 37.08s
11906.7s	1235	[Coach] >>> TRAIN @Epoch: 279 >>>  || LOSS Avg: 0.09942
11906.7s	1236	[Wall TIME] >>> Coach.train takes 37.076954 seconds ...
11943.8s	1237	[Epoch 280 Telemetry] Loss: 0.099349 | lambda_nlgcl=0.0100 | 33823.8 samples/s | 37.09s
11943.8s	1238	[Coach] >>> TRAIN @Epoch: 280 >>>  || LOSS Avg: 0.09935
11943.8s	1239	[Wall TIME] >>> Coach.train takes 37.088386 seconds ...
11964.7s	1240	[Coach] >>> Better ***NDCG@20*** of ***0.0308*** 
11965.0s	1241	[Coach] >>> VALID @Epoch: 280 >>>  || RECALL@1 Avg: 0.0095 || RECALL@10 Avg: 0.0455 || RECALL@20 Avg: 0.0682 || NDCG@10 Avg: 0.0250 || NDCG@20 Avg: 0.0308
11965.0s	1242	[Wall TIME] >>> Coach.valid takes 20.706489 seconds ...
12002.1s	1243	[Epoch 281 Telemetry] Loss: 0.099424 | lambda_nlgcl=0.0100 | 33870.6 samples/s | 37.04s
12002.1s	1244	[Coach] >>> TRAIN @Epoch: 281 >>>  || LOSS Avg: 0.09942
12002.1s	1245	[Wall TIME] >>> Coach.train takes 37.036992 seconds ...
12039.2s	1246	[Epoch 282 Telemetry] Loss: 0.099455 | lambda_nlgcl=0.0100 | 33861.0 samples/s | 37.05s
12039.2s	1247	[Coach] >>> TRAIN @Epoch: 282 >>>  || LOSS Avg: 0.09946
12039.2s	1248	[Wall TIME] >>> Coach.train takes 37.047730 seconds ...
12076.4s	1249	[Epoch 283 Telemetry] Loss: 0.099505 | lambda_nlgcl=0.0100 | 33697.1 samples/s | 37.23s
12076.4s	1250	[Coach] >>> TRAIN @Epoch: 283 >>>  || LOSS Avg: 0.09951
12076.4s	1251	[Wall TIME] >>> Coach.train takes 37.227767 seconds ...
12113.4s	1252	[Epoch 284 Telemetry] Loss: 0.099383 | lambda_nlgcl=0.0100 | 33888.8 samples/s | 37.02s
12113.4s	1253	[Coach] >>> TRAIN @Epoch: 284 >>>  || LOSS Avg: 0.09938
12113.4s	1254	[Wall TIME] >>> Coach.train takes 37.017330 seconds ...
12150.6s	1255	[Epoch 285 Telemetry] Loss: 0.099411 | lambda_nlgcl=0.0100 | 33755.7 samples/s | 37.16s
12150.6s	1256	[Coach] >>> TRAIN @Epoch: 285 >>>  || LOSS Avg: 0.09941
12150.6s	1257	[Wall TIME] >>> Coach.train takes 37.163156 seconds ...
12170.9s	1258	[Coach] >>> Better ***NDCG@20*** of ***0.0309*** 
12171.2s	1259	[Coach] >>> VALID @Epoch: 285 >>>  || RECALL@1 Avg: 0.0096 || RECALL@10 Avg: 0.0455 || RECALL@20 Avg: 0.0683 || NDCG@10 Avg: 0.0250 || NDCG@20 Avg: 0.0309
12171.2s	1260	[Wall TIME] >>> Coach.valid takes 20.709975 seconds ...
12208.5s	1261	[Epoch 286 Telemetry] Loss: 0.099423 | lambda_nlgcl=0.0100 | 33687.1 samples/s | 37.24s
12208.5s	1262	[Coach] >>> TRAIN @Epoch: 286 >>>  || LOSS Avg: 0.09942
12208.5s	1263	[Wall TIME] >>> Coach.train takes 37.238882 seconds ...
12245.8s	1264	[Epoch 287 Telemetry] Loss: 0.099395 | lambda_nlgcl=0.0100 | 33662.6 samples/s | 37.27s
12245.8s	1265	[Coach] >>> TRAIN @Epoch: 287 >>>  || LOSS Avg: 0.09939
12245.8s	1266	[Wall TIME] >>> Coach.train takes 37.265863 seconds ...
12282.2s	1267	[Epoch 288 Telemetry] Loss: 0.099234 | lambda_nlgcl=0.0100 | 34434.7 samples/s | 36.43s
12282.2s	1268	[Coach] >>> TRAIN @Epoch: 288 >>>  || LOSS Avg: 0.09923
12282.2s	1269	[Wall TIME] >>> Coach.train takes 36.430265 seconds ...
12319.3s	1270	[Epoch 289 Telemetry] Loss: 0.099171 | lambda_nlgcl=0.0100 | 33821.1 samples/s | 37.09s
12319.3s	1271	[Coach] >>> TRAIN @Epoch: 289 >>>  || LOSS Avg: 0.09917
12319.3s	1272	[Wall TIME] >>> Coach.train takes 37.091177 seconds ...
12356.6s	1273	[Epoch 290 Telemetry] Loss: 0.099039 | lambda_nlgcl=0.0100 | 33664.3 samples/s | 37.26s
12356.6s	1274	[Coach] >>> TRAIN @Epoch: 290 >>>  || LOSS Avg: 0.09904
12356.6s	1275	[Wall TIME] >>> Coach.train takes 37.264011 seconds ...
12377.5s	1276	[Coach] >>> VALID @Epoch: 290 >>>  || RECALL@1 Avg: 0.0095 || RECALL@10 Avg: 0.0455 || RECALL@20 Avg: 0.0683 || NDCG@10 Avg: 0.0250 || NDCG@20 Avg: 0.0309
12377.5s	1277	[Wall TIME] >>> Coach.valid takes 20.416302 seconds ...
12415.1s	1278	[Epoch 291 Telemetry] Loss: 0.099187 | lambda_nlgcl=0.0100 | 33478.8 samples/s | 37.47s
12415.1s	1279	[Coach] >>> TRAIN @Epoch: 291 >>>  || LOSS Avg: 0.09919
12415.1s	1280	[Wall TIME] >>> Coach.train takes 37.470567 seconds ...
12452.6s	1281	[Epoch 292 Telemetry] Loss: 0.099346 | lambda_nlgcl=0.0100 | 33435.4 samples/s | 37.52s
12452.6s	1282	[Coach] >>> TRAIN @Epoch: 292 >>>  || LOSS Avg: 0.09935
12452.6s	1283	[Wall TIME] >>> Coach.train takes 37.519209 seconds ...
12489.9s	1284	[Epoch 293 Telemetry] Loss: 0.099180 | lambda_nlgcl=0.0100 | 33615.8 samples/s | 37.32s
12489.9s	1285	[Coach] >>> TRAIN @Epoch: 293 >>>  || LOSS Avg: 0.09918
12489.9s	1286	[Wall TIME] >>> Coach.train takes 37.317752 seconds ...
12527.1s	1287	[Epoch 294 Telemetry] Loss: 0.099175 | lambda_nlgcl=0.0100 | 33744.3 samples/s | 37.17s
12527.1s	1288	[Coach] >>> TRAIN @Epoch: 294 >>>  || LOSS Avg: 0.09918
12527.1s	1289	[Wall TIME] >>> Coach.train takes 37.175710 seconds ...
12564.0s	1290	[Epoch 295 Telemetry] Loss: 0.099171 | lambda_nlgcl=0.0100 | 33962.7 samples/s | 36.94s
12564.0s	1291	[Coach] >>> TRAIN @Epoch: 295 >>>  || LOSS Avg: 0.09917
12564.0s	1292	[Wall TIME] >>> Coach.train takes 36.936603 seconds ...
12584.3s	1293	[Coach] >>> VALID @Epoch: 295 >>>  || RECALL@1 Avg: 0.0094 || RECALL@10 Avg: 0.0454 || RECALL@20 Avg: 0.0682 || NDCG@10 Avg: 0.0250 || NDCG@20 Avg: 0.0308
12584.3s	1294	[Wall TIME] >>> Coach.valid takes 20.375109 seconds ...
12621.4s	1295	[Epoch 296 Telemetry] Loss: 0.099198 | lambda_nlgcl=0.0100 | 33918.4 samples/s | 36.98s
12621.4s	1296	[Coach] >>> TRAIN @Epoch: 296 >>>  || LOSS Avg: 0.09920
12621.4s	1297	[Wall TIME] >>> Coach.train takes 36.984724 seconds ...
12658.5s	1298	[Epoch 297 Telemetry] Loss: 0.099133 | lambda_nlgcl=0.0100 | 33785.0 samples/s | 37.13s
12658.5s	1299	[Coach] >>> TRAIN @Epoch: 297 >>>  || LOSS Avg: 0.09913
12658.5s	1300	[Wall TIME] >>> Coach.train takes 37.130841 seconds ...
12695.6s	1301	[Epoch 298 Telemetry] Loss: 0.099051 | lambda_nlgcl=0.0100 | 33811.4 samples/s | 37.10s
12695.6s	1302	[Coach] >>> TRAIN @Epoch: 298 >>>  || LOSS Avg: 0.09905
12695.6s	1303	[Wall TIME] >>> Coach.train takes 37.101913 seconds ...
12732.7s	1304	[Epoch 299 Telemetry] Loss: 0.099123 | lambda_nlgcl=0.0100 | 33814.6 samples/s | 37.10s
12732.7s	1305	[Coach] >>> TRAIN @Epoch: 299 >>>  || LOSS Avg: 0.09912
12732.7s	1306	[Wall TIME] >>> Coach.train takes 37.098509 seconds ...
12770.0s	1307	[Epoch 300 Telemetry] Loss: 0.099022 | lambda_nlgcl=0.0100 | 33611.8 samples/s | 37.32s
12770.0s	1308	[Coach] >>> TRAIN @Epoch: 300 >>>  || LOSS Avg: 0.09902
12770.0s	1309	[Wall TIME] >>> Coach.train takes 37.322354 seconds ...
12791.0s	1310	[Coach] >>> VALID @Epoch: 300 >>>  || RECALL@1 Avg: 0.0095 || RECALL@10 Avg: 0.0456 || RECALL@20 Avg: 0.0681 || NDCG@10 Avg: 0.0251 || NDCG@20 Avg: 0.0309
12791.0s	1311	[Wall TIME] >>> Coach.valid takes 20.394428 seconds ...
12827.9s	1312	[Epoch 301 Telemetry] Loss: 0.099172 | lambda_nlgcl=0.0100 | 33999.3 samples/s | 36.90s
12827.9s	1313	[Coach] >>> TRAIN @Epoch: 301 >>>  || LOSS Avg: 0.09917
12827.9s	1314	[Wall TIME] >>> Coach.train takes 36.896814 seconds ...
12864.8s	1315	[Epoch 302 Telemetry] Loss: 0.099008 | lambda_nlgcl=0.0100 | 34021.0 samples/s | 36.87s
12864.8s	1316	[Coach] >>> TRAIN @Epoch: 302 >>>  || LOSS Avg: 0.09901
12864.8s	1317	[Wall TIME] >>> Coach.train takes 36.873420 seconds ...
12901.7s	1318	[Epoch 303 Telemetry] Loss: 0.099038 | lambda_nlgcl=0.0100 | 33966.9 samples/s | 36.93s
12901.7s	1319	[Coach] >>> TRAIN @Epoch: 303 >>>  || LOSS Avg: 0.09904
12901.7s	1320	[Wall TIME] >>> Coach.train takes 36.932200 seconds ...
12938.7s	1321	[Epoch 304 Telemetry] Loss: 0.099058 | lambda_nlgcl=0.0100 | 33956.7 samples/s | 36.94s
12938.7s	1322	[Coach] >>> TRAIN @Epoch: 304 >>>  || LOSS Avg: 0.09906
12938.7s	1323	[Wall TIME] >>> Coach.train takes 36.943120 seconds ...
12975.6s	1324	[Epoch 305 Telemetry] Loss: 0.098820 | lambda_nlgcl=0.0100 | 33919.7 samples/s | 36.98s
12975.6s	1325	[Coach] >>> TRAIN @Epoch: 305 >>>  || LOSS Avg: 0.09882
12975.6s	1326	[Wall TIME] >>> Coach.train takes 36.983450 seconds ...
12995.9s	1327	[Coach] >>> Better ***NDCG@20*** of ***0.0309*** 
12996.2s	1328	[Coach] >>> VALID @Epoch: 305 >>>  || RECALL@1 Avg: 0.0096 || RECALL@10 Avg: 0.0456 || RECALL@20 Avg: 0.0681 || NDCG@10 Avg: 0.0251 || NDCG@20 Avg: 0.0309
12996.2s	1329	[Wall TIME] >>> Coach.valid takes 20.592205 seconds ...
13033.7s	1330	[Epoch 306 Telemetry] Loss: 0.099136 | lambda_nlgcl=0.0100 | 33501.5 samples/s | 37.44s
13033.7s	1331	[Coach] >>> TRAIN @Epoch: 306 >>>  || LOSS Avg: 0.09914
13033.7s	1332	[Wall TIME] >>> Coach.train takes 37.445234 seconds ...
13070.7s	1333	[Epoch 307 Telemetry] Loss: 0.098974 | lambda_nlgcl=0.0100 | 33900.2 samples/s | 37.00s
13070.7s	1334	[Coach] >>> TRAIN @Epoch: 307 >>>  || LOSS Avg: 0.09897
13070.7s	1335	[Wall TIME] >>> Coach.train takes 37.004745 seconds ...
13107.8s	1336	[Epoch 308 Telemetry] Loss: 0.099003 | lambda_nlgcl=0.0100 | 33835.0 samples/s | 37.08s
13107.8s	1337	[Coach] >>> TRAIN @Epoch: 308 >>>  || LOSS Avg: 0.09900
13107.8s	1338	[Wall TIME] >>> Coach.train takes 37.076098 seconds ...
13144.1s	1339	[Epoch 309 Telemetry] Loss: 0.098847 | lambda_nlgcl=0.0100 | 34485.4 samples/s | 36.38s
13144.1s	1340	[Coach] >>> TRAIN @Epoch: 309 >>>  || LOSS Avg: 0.09885
13144.1s	1341	[Wall TIME] >>> Coach.train takes 36.376726 seconds ...
13181.1s	1342	[Epoch 310 Telemetry] Loss: 0.098809 | lambda_nlgcl=0.0100 | 33906.4 samples/s | 37.00s
13181.1s	1343	[Coach] >>> TRAIN @Epoch: 310 >>>  || LOSS Avg: 0.09881
13181.1s	1344	[Wall TIME] >>> Coach.train takes 36.998111 seconds ...
13202.0s	1345	[Coach] >>> Better ***NDCG@20*** of ***0.0309*** 
13202.3s	1346	[Coach] >>> VALID @Epoch: 310 >>>  || RECALL@1 Avg: 0.0095 || RECALL@10 Avg: 0.0456 || RECALL@20 Avg: 0.0683 || NDCG@10 Avg: 0.0251 || NDCG@20 Avg: 0.0309
13202.3s	1347	[Wall TIME] >>> Coach.valid takes 20.619610 seconds ...
13239.3s	1348	[Epoch 311 Telemetry] Loss: 0.098907 | lambda_nlgcl=0.0100 | 33975.9 samples/s | 36.92s
13239.3s	1349	[Coach] >>> TRAIN @Epoch: 311 >>>  || LOSS Avg: 0.09891
13239.3s	1350	[Wall TIME] >>> Coach.train takes 36.922281 seconds ...
13276.3s	1351	[Epoch 312 Telemetry] Loss: 0.098699 | lambda_nlgcl=0.0100 | 33841.9 samples/s | 37.07s
13276.3s	1352	[Coach] >>> TRAIN @Epoch: 312 >>>  || LOSS Avg: 0.09870
13276.3s	1353	[Wall TIME] >>> Coach.train takes 37.068580 seconds ...
13313.3s	1354	[Epoch 313 Telemetry] Loss: 0.098901 | lambda_nlgcl=0.0100 | 33901.0 samples/s | 37.00s
13313.3s	1355	[Coach] >>> TRAIN @Epoch: 313 >>>  || LOSS Avg: 0.09890
13313.3s	1356	[Wall TIME] >>> Coach.train takes 37.003903 seconds ...
13350.3s	1357	[Epoch 314 Telemetry] Loss: 0.098875 | lambda_nlgcl=0.0100 | 33947.0 samples/s | 36.95s
13350.3s	1358	[Coach] >>> TRAIN @Epoch: 314 >>>  || LOSS Avg: 0.09887
13350.3s	1359	[Wall TIME] >>> Coach.train takes 36.953665 seconds ...
13387.5s	1360	[Epoch 315 Telemetry] Loss: 0.098759 | lambda_nlgcl=0.0100 | 33743.1 samples/s | 37.18s
13387.5s	1361	[Coach] >>> TRAIN @Epoch: 315 >>>  || LOSS Avg: 0.09876
13387.5s	1362	[Wall TIME] >>> Coach.train takes 37.176940 seconds ...
13407.8s	1363	[Coach] >>> VALID @Epoch: 315 >>>  || RECALL@1 Avg: 0.0096 || RECALL@10 Avg: 0.0454 || RECALL@20 Avg: 0.0681 || NDCG@10 Avg: 0.0251 || NDCG@20 Avg: 0.0309
13407.8s	1364	[Wall TIME] >>> Coach.valid takes 20.401289 seconds ...
13445.8s	1365	[Epoch 316 Telemetry] Loss: 0.098763 | lambda_nlgcl=0.0100 | 33069.2 samples/s | 37.93s
13445.8s	1366	[Coach] >>> TRAIN @Epoch: 316 >>>  || LOSS Avg: 0.09876
13445.8s	1367	[Wall TIME] >>> Coach.train takes 37.934683 seconds ...
13483.2s	1368	[Epoch 317 Telemetry] Loss: 0.098718 | lambda_nlgcl=0.0100 | 33579.6 samples/s | 37.36s
13483.2s	1369	[Coach] >>> TRAIN @Epoch: 317 >>>  || LOSS Avg: 0.09872
13483.2s	1370	[Wall TIME] >>> Coach.train takes 37.358151 seconds ...
13520.1s	1371	[Epoch 318 Telemetry] Loss: 0.098888 | lambda_nlgcl=0.0100 | 33926.5 samples/s | 36.98s
13520.1s	1372	[Coach] >>> TRAIN @Epoch: 318 >>>  || LOSS Avg: 0.09889
13520.1s	1373	[Wall TIME] >>> Coach.train takes 36.976061 seconds ...
13557.1s	1374	[Epoch 319 Telemetry] Loss: 0.098850 | lambda_nlgcl=0.0100 | 33947.9 samples/s | 36.95s
13557.1s	1375	[Coach] >>> TRAIN @Epoch: 319 >>>  || LOSS Avg: 0.09885
13557.1s	1376	[Wall TIME] >>> Coach.train takes 36.952823 seconds ...
13594.1s	1377	[Epoch 320 Telemetry] Loss: 0.098689 | lambda_nlgcl=0.0100 | 33928.1 samples/s | 36.97s
13594.1s	1378	[Coach] >>> TRAIN @Epoch: 320 >>>  || LOSS Avg: 0.09869
13594.1s	1379	[Wall TIME] >>> Coach.train takes 36.974245 seconds ...
13615.0s	1380	[Coach] >>> VALID @Epoch: 320 >>>  || RECALL@1 Avg: 0.0095 || RECALL@10 Avg: 0.0454 || RECALL@20 Avg: 0.0680 || NDCG@10 Avg: 0.0250 || NDCG@20 Avg: 0.0308
13615.0s	1381	[Wall TIME] >>> Coach.valid takes 20.365882 seconds ...
13651.9s	1382	[Epoch 321 Telemetry] Loss: 0.098754 | lambda_nlgcl=0.0100 | 33991.6 samples/s | 36.90s
13651.9s	1383	[Coach] >>> TRAIN @Epoch: 321 >>>  || LOSS Avg: 0.09875
13651.9s	1384	[Wall TIME] >>> Coach.train takes 36.905685 seconds ...
13688.8s	1385	[Epoch 322 Telemetry] Loss: 0.098780 | lambda_nlgcl=0.0100 | 34007.8 samples/s | 36.89s
13688.8s	1386	[Coach] >>> TRAIN @Epoch: 322 >>>  || LOSS Avg: 0.09878
13688.8s	1387	[Wall TIME] >>> Coach.train takes 36.887770 seconds ...
13726.0s	1388	[Epoch 323 Telemetry] Loss: 0.098750 | lambda_nlgcl=0.0100 | 33726.8 samples/s | 37.19s
13726.0s	1389	[Coach] >>> TRAIN @Epoch: 323 >>>  || LOSS Avg: 0.09875
13726.0s	1390	[Wall TIME] >>> Coach.train takes 37.195177 seconds ...
13763.0s	1391	[Epoch 324 Telemetry] Loss: 0.098681 | lambda_nlgcl=0.0100 | 33935.7 samples/s | 36.97s
13763.0s	1392	[Coach] >>> TRAIN @Epoch: 324 >>>  || LOSS Avg: 0.09868
13763.0s	1393	[Wall TIME] >>> Coach.train takes 36.966008 seconds ...
13799.9s	1394	[Epoch 325 Telemetry] Loss: 0.098744 | lambda_nlgcl=0.0100 | 33927.1 samples/s | 36.97s
13799.9s	1395	[Coach] >>> TRAIN @Epoch: 325 >>>  || LOSS Avg: 0.09874
13799.9s	1396	[Wall TIME] >>> Coach.train takes 36.975359 seconds ...
13820.3s	1397	[Coach] >>> VALID @Epoch: 325 >>>  || RECALL@1 Avg: 0.0096 || RECALL@10 Avg: 0.0455 || RECALL@20 Avg: 0.0681 || NDCG@10 Avg: 0.0251 || NDCG@20 Avg: 0.0309
13820.3s	1398	[Wall TIME] >>> Coach.valid takes 20.394575 seconds ...
13857.2s	1399	[Epoch 326 Telemetry] Loss: 0.098693 | lambda_nlgcl=0.0100 | 34010.4 samples/s | 36.88s
13857.2s	1400	[Coach] >>> TRAIN @Epoch: 326 >>>  || LOSS Avg: 0.09869
13857.2s	1401	[Wall TIME] >>> Coach.train takes 36.885117 seconds ...
13894.2s	1402	[Epoch 327 Telemetry] Loss: 0.098594 | lambda_nlgcl=0.0100 | 33969.6 samples/s | 36.93s
13894.2s	1403	[Coach] >>> TRAIN @Epoch: 327 >>>  || LOSS Avg: 0.09859
13894.2s	1404	[Wall TIME] >>> Coach.train takes 36.929153 seconds ...
13931.2s	1405	[Epoch 328 Telemetry] Loss: 0.098720 | lambda_nlgcl=0.0100 | 33917.1 samples/s | 36.99s
13931.2s	1406	[Coach] >>> TRAIN @Epoch: 328 >>>  || LOSS Avg: 0.09872
13931.2s	1407	[Wall TIME] >>> Coach.train takes 36.986279 seconds ...
13967.6s	1408	[Epoch 329 Telemetry] Loss: 0.098809 | lambda_nlgcl=0.0100 | 34435.9 samples/s | 36.43s
13967.6s	1409	[Coach] >>> TRAIN @Epoch: 329 >>>  || LOSS Avg: 0.09881
13967.6s	1410	[Wall TIME] >>> Coach.train takes 36.429209 seconds ...
14004.6s	1411	[Epoch 330 Telemetry] Loss: 0.098609 | lambda_nlgcl=0.0100 | 33894.3 samples/s | 37.01s
14004.6s	1412	[Coach] >>> TRAIN @Epoch: 330 >>>  || LOSS Avg: 0.09861
14004.6s	1413	[Wall TIME] >>> Coach.train takes 37.011329 seconds ...
14025.4s	1414	[Coach] >>> VALID @Epoch: 330 >>>  || RECALL@1 Avg: 0.0094 || RECALL@10 Avg: 0.0451 || RECALL@20 Avg: 0.0681 || NDCG@10 Avg: 0.0249 || NDCG@20 Avg: 0.0308
14025.5s	1415	[Wall TIME] >>> Coach.valid takes 20.343590 seconds ...
14062.5s	1416	[Epoch 331 Telemetry] Loss: 0.098622 | lambda_nlgcl=0.0100 | 33930.6 samples/s | 36.97s
14062.5s	1417	[Coach] >>> TRAIN @Epoch: 331 >>>  || LOSS Avg: 0.09862
14062.5s	1418	[Wall TIME] >>> Coach.train takes 36.971513 seconds ...
14099.4s	1419	[Epoch 332 Telemetry] Loss: 0.098664 | lambda_nlgcl=0.0100 | 34004.8 samples/s | 36.89s
14099.4s	1420	[Coach] >>> TRAIN @Epoch: 332 >>>  || LOSS Avg: 0.09866
14099.4s	1421	[Wall TIME] >>> Coach.train takes 36.890977 seconds ...
14136.3s	1422	[Epoch 333 Telemetry] Loss: 0.098581 | lambda_nlgcl=0.0100 | 33953.9 samples/s | 36.95s
14136.3s	1423	[Coach] >>> TRAIN @Epoch: 333 >>>  || LOSS Avg: 0.09858
14136.3s	1424	[Wall TIME] >>> Coach.train takes 36.946235 seconds ...
14173.1s	1425	[Epoch 334 Telemetry] Loss: 0.098589 | lambda_nlgcl=0.0100 | 34073.1 samples/s | 36.82s
14173.1s	1426	[Coach] >>> TRAIN @Epoch: 334 >>>  || LOSS Avg: 0.09859
14173.1s	1427	[Wall TIME] >>> Coach.train takes 36.816985 seconds ...
14210.4s	1428	[Epoch 335 Telemetry] Loss: 0.098601 | lambda_nlgcl=0.0100 | 33680.9 samples/s | 37.24s
14210.4s	1429	[Coach] >>> TRAIN @Epoch: 335 >>>  || LOSS Avg: 0.09860
14210.4s	1430	[Wall TIME] >>> Coach.train takes 37.245757 seconds ...
14230.7s	1431	[Coach] >>> VALID @Epoch: 335 >>>  || RECALL@1 Avg: 0.0095 || RECALL@10 Avg: 0.0453 || RECALL@20 Avg: 0.0682 || NDCG@10 Avg: 0.0250 || NDCG@20 Avg: 0.0308
14230.7s	1432	[Wall TIME] >>> Coach.valid takes 20.389401 seconds ...
14267.9s	1433	[Epoch 336 Telemetry] Loss: 0.098451 | lambda_nlgcl=0.0100 | 33822.2 samples/s | 37.09s
14267.9s	1434	[Coach] >>> TRAIN @Epoch: 336 >>>  || LOSS Avg: 0.09845
14267.9s	1435	[Wall TIME] >>> Coach.train takes 37.090063 seconds ...
14305.1s	1436	[Epoch 337 Telemetry] Loss: 0.098498 | lambda_nlgcl=0.0100 | 33657.4 samples/s | 37.27s
14305.1s	1437	[Coach] >>> TRAIN @Epoch: 337 >>>  || LOSS Avg: 0.09850
14305.1s	1438	[Wall TIME] >>> Coach.train takes 37.271692 seconds ...
14342.2s	1439	[Epoch 338 Telemetry] Loss: 0.098356 | lambda_nlgcl=0.0100 | 33885.0 samples/s | 37.02s
14342.2s	1440	[Coach] >>> TRAIN @Epoch: 338 >>>  || LOSS Avg: 0.09836
14342.2s	1441	[Wall TIME] >>> Coach.train takes 37.021333 seconds ...
14379.5s	1442	[Epoch 339 Telemetry] Loss: 0.098557 | lambda_nlgcl=0.0100 | 33620.8 samples/s | 37.31s
14379.5s	1443	[Coach] >>> TRAIN @Epoch: 339 >>>  || LOSS Avg: 0.09856
14379.5s	1444	[Wall TIME] >>> Coach.train takes 37.312337 seconds ...
14416.6s	1445	[Epoch 340 Telemetry] Loss: 0.098487 | lambda_nlgcl=0.0100 | 33786.5 samples/s | 37.13s
14416.6s	1446	[Coach] >>> TRAIN @Epoch: 340 >>>  || LOSS Avg: 0.09849
14416.6s	1447	[Wall TIME] >>> Coach.train takes 37.129320 seconds ...
14437.5s	1448	[Coach] >>> Better ***NDCG@20*** of ***0.0309*** 
14437.8s	1449	[Coach] >>> VALID @Epoch: 340 >>>  || RECALL@1 Avg: 0.0097 || RECALL@10 Avg: 0.0455 || RECALL@20 Avg: 0.0681 || NDCG@10 Avg: 0.0251 || NDCG@20 Avg: 0.0309
14437.8s	1450	[Wall TIME] >>> Coach.valid takes 20.695630 seconds ...
14475.0s	1451	[Epoch 341 Telemetry] Loss: 0.098591 | lambda_nlgcl=0.0100 | 33800.5 samples/s | 37.11s
14475.0s	1452	[Coach] >>> TRAIN @Epoch: 341 >>>  || LOSS Avg: 0.09859
14475.0s	1453	[Wall TIME] >>> Coach.train takes 37.114009 seconds ...
14512.1s	1454	[Epoch 342 Telemetry] Loss: 0.098395 | lambda_nlgcl=0.0100 | 33838.9 samples/s | 37.07s
14512.1s	1455	[Coach] >>> TRAIN @Epoch: 342 >>>  || LOSS Avg: 0.09840
14512.1s	1456	[Wall TIME] >>> Coach.train takes 37.071800 seconds ...
14549.2s	1457	[Epoch 343 Telemetry] Loss: 0.098407 | lambda_nlgcl=0.0100 | 33826.7 samples/s | 37.08s
14549.2s	1458	[Coach] >>> TRAIN @Epoch: 343 >>>  || LOSS Avg: 0.09841
14549.2s	1459	[Wall TIME] >>> Coach.train takes 37.085184 seconds ...
14586.2s	1460	[Epoch 344 Telemetry] Loss: 0.098406 | lambda_nlgcl=0.0100 | 33896.2 samples/s | 37.01s
14586.2s	1461	[Coach] >>> TRAIN @Epoch: 344 >>>  || LOSS Avg: 0.09841
14586.2s	1462	[Wall TIME] >>> Coach.train takes 37.009186 seconds ...
14623.1s	1463	[Epoch 345 Telemetry] Loss: 0.098513 | lambda_nlgcl=0.0100 | 33971.8 samples/s | 36.93s
14623.1s	1464	[Coach] >>> TRAIN @Epoch: 345 >>>  || LOSS Avg: 0.09851
14623.1s	1465	[Wall TIME] >>> Coach.train takes 36.926792 seconds ...
14643.4s	1466	[Coach] >>> VALID @Epoch: 345 >>>  || RECALL@1 Avg: 0.0096 || RECALL@10 Avg: 0.0455 || RECALL@20 Avg: 0.0680 || NDCG@10 Avg: 0.0251 || NDCG@20 Avg: 0.0308
14643.4s	1467	[Wall TIME] >>> Coach.valid takes 20.387500 seconds ...
14680.4s	1468	[Epoch 346 Telemetry] Loss: 0.098564 | lambda_nlgcl=0.0100 | 33970.9 samples/s | 36.93s
14680.4s	1469	[Coach] >>> TRAIN @Epoch: 346 >>>  || LOSS Avg: 0.09856
14680.4s	1470	[Wall TIME] >>> Coach.train takes 36.927653 seconds ...
14717.4s	1471	[Epoch 347 Telemetry] Loss: 0.098408 | lambda_nlgcl=0.0100 | 33891.6 samples/s | 37.01s
14717.4s	1472	[Coach] >>> TRAIN @Epoch: 347 >>>  || LOSS Avg: 0.09841
14717.4s	1473	[Wall TIME] >>> Coach.train takes 37.014028 seconds ...
14754.4s	1474	[Epoch 348 Telemetry] Loss: 0.098418 | lambda_nlgcl=0.0100 | 33916.9 samples/s | 36.99s
14754.4s	1475	[Coach] >>> TRAIN @Epoch: 348 >>>  || LOSS Avg: 0.09842
14754.4s	1476	[Wall TIME] >>> Coach.train takes 36.986608 seconds ...
14790.8s	1477	[Epoch 349 Telemetry] Loss: 0.098580 | lambda_nlgcl=0.0100 | 34455.8 samples/s | 36.41s
14790.8s	1478	[Coach] >>> TRAIN @Epoch: 349 >>>  || LOSS Avg: 0.09858
14790.8s	1479	[Wall TIME] >>> Coach.train takes 36.408107 seconds ...
14827.9s	1480	[Epoch 350 Telemetry] Loss: 0.098471 | lambda_nlgcl=0.0100 | 33820.3 samples/s | 37.09s
14827.9s	1481	[Coach] >>> TRAIN @Epoch: 350 >>>  || LOSS Avg: 0.09847
14827.9s	1482	[Wall TIME] >>> Coach.train takes 37.092210 seconds ...
14848.8s	1483	[Coach] >>> VALID @Epoch: 350 >>>  || RECALL@1 Avg: 0.0095 || RECALL@10 Avg: 0.0456 || RECALL@20 Avg: 0.0682 || NDCG@10 Avg: 0.0251 || NDCG@20 Avg: 0.0308
14848.8s	1484	[Wall TIME] >>> Coach.valid takes 20.389221 seconds ...
14885.9s	1485	[Epoch 351 Telemetry] Loss: 0.098499 | lambda_nlgcl=0.0100 | 33879.0 samples/s | 37.03s
14885.9s	1486	[Coach] >>> TRAIN @Epoch: 351 >>>  || LOSS Avg: 0.09850
14885.9s	1487	[Wall TIME] >>> Coach.train takes 37.027848 seconds ...
14923.0s	1488	[Epoch 352 Telemetry] Loss: 0.098225 | lambda_nlgcl=0.0100 | 33809.2 samples/s | 37.10s
14923.0s	1489	[Coach] >>> TRAIN @Epoch: 352 >>>  || LOSS Avg: 0.09823
14923.0s	1490	[Wall TIME] >>> Coach.train takes 37.104377 seconds ...
14960.3s	1491	[Epoch 353 Telemetry] Loss: 0.098347 | lambda_nlgcl=0.0100 | 33673.3 samples/s | 37.25s
14960.3s	1492	[Coach] >>> TRAIN @Epoch: 353 >>>  || LOSS Avg: 0.09835
14960.3s	1493	[Wall TIME] >>> Coach.train takes 37.254004 seconds ...
14997.8s	1494	[Epoch 354 Telemetry] Loss: 0.098439 | lambda_nlgcl=0.0100 | 33455.2 samples/s | 37.50s
14997.8s	1495	[Coach] >>> TRAIN @Epoch: 354 >>>  || LOSS Avg: 0.09844
14997.8s	1496	[Wall TIME] >>> Coach.train takes 37.496851 seconds ...
15034.9s	1497	[Epoch 355 Telemetry] Loss: 0.098418 | lambda_nlgcl=0.0100 | 33792.2 samples/s | 37.12s
15034.9s	1498	[Coach] >>> TRAIN @Epoch: 355 >>>  || LOSS Avg: 0.09842
15034.9s	1499	[Wall TIME] >>> Coach.train takes 37.122997 seconds ...
15055.2s	1500	[Coach] >>> VALID @Epoch: 355 >>>  || RECALL@1 Avg: 0.0096 || RECALL@10 Avg: 0.0457 || RECALL@20 Avg: 0.0682 || NDCG@10 Avg: 0.0251 || NDCG@20 Avg: 0.0309
15055.2s	1501	[Wall TIME] >>> Coach.valid takes 20.386941 seconds ...
15092.6s	1502	[Epoch 356 Telemetry] Loss: 0.098322 | lambda_nlgcl=0.0100 | 33647.6 samples/s | 37.28s
15092.6s	1503	[Coach] >>> TRAIN @Epoch: 356 >>>  || LOSS Avg: 0.09832
15092.6s	1504	[Wall TIME] >>> Coach.train takes 37.282655 seconds ...
15130.2s	1505	[Epoch 357 Telemetry] Loss: 0.098383 | lambda_nlgcl=0.0100 | 33381.5 samples/s | 37.58s
15130.2s	1506	[Coach] >>> TRAIN @Epoch: 357 >>>  || LOSS Avg: 0.09838
15130.2s	1507	[Wall TIME] >>> Coach.train takes 37.579754 seconds ...
15167.5s	1508	[Epoch 358 Telemetry] Loss: 0.098369 | lambda_nlgcl=0.0100 | 33630.9 samples/s | 37.30s
15167.5s	1509	[Coach] >>> TRAIN @Epoch: 358 >>>  || LOSS Avg: 0.09837
15167.5s	1510	[Wall TIME] >>> Coach.train takes 37.301004 seconds ...
15204.7s	1511	[Epoch 359 Telemetry] Loss: 0.098316 | lambda_nlgcl=0.0100 | 33669.6 samples/s | 37.26s
15204.7s	1512	[Coach] >>> TRAIN @Epoch: 359 >>>  || LOSS Avg: 0.09832
15204.7s	1513	[Wall TIME] >>> Coach.train takes 37.258241 seconds ...
15242.2s	1514	[Epoch 360 Telemetry] Loss: 0.098356 | lambda_nlgcl=0.0100 | 33466.1 samples/s | 37.48s
15242.2s	1515	[Coach] >>> TRAIN @Epoch: 360 >>>  || LOSS Avg: 0.09836
15242.2s	1516	[Wall TIME] >>> Coach.train takes 37.484851 seconds ...
15263.2s	1517	[Coach] >>> VALID @Epoch: 360 >>>  || RECALL@1 Avg: 0.0094 || RECALL@10 Avg: 0.0455 || RECALL@20 Avg: 0.0683 || NDCG@10 Avg: 0.0250 || NDCG@20 Avg: 0.0308
15263.2s	1518	[Wall TIME] >>> Coach.valid takes 20.420828 seconds ...
15300.7s	1519	[Epoch 361 Telemetry] Loss: 0.098298 | lambda_nlgcl=0.0100 | 33460.8 samples/s | 37.49s
15300.7s	1520	[Coach] >>> TRAIN @Epoch: 361 >>>  || LOSS Avg: 0.09830
15300.7s	1521	[Wall TIME] >>> Coach.train takes 37.490829 seconds ...
15338.1s	1522	[Epoch 362 Telemetry] Loss: 0.098321 | lambda_nlgcl=0.0100 | 33581.2 samples/s | 37.36s
15338.1s	1523	[Coach] >>> TRAIN @Epoch: 362 >>>  || LOSS Avg: 0.09832
15338.1s	1524	[Wall TIME] >>> Coach.train takes 37.356193 seconds ...
15375.3s	1525	[Epoch 363 Telemetry] Loss: 0.098202 | lambda_nlgcl=0.0100 | 33714.3 samples/s | 37.21s
15375.3s	1526	[Coach] >>> TRAIN @Epoch: 363 >>>  || LOSS Avg: 0.09820
15375.3s	1527	[Wall TIME] >>> Coach.train takes 37.208779 seconds ...
15412.6s	1528	[Epoch 364 Telemetry] Loss: 0.098251 | lambda_nlgcl=0.0100 | 33620.2 samples/s | 37.31s
15412.6s	1529	[Coach] >>> TRAIN @Epoch: 364 >>>  || LOSS Avg: 0.09825
15412.6s	1530	[Wall TIME] >>> Coach.train takes 37.313338 seconds ...
15450.0s	1531	[Epoch 365 Telemetry] Loss: 0.098244 | lambda_nlgcl=0.0100 | 33585.7 samples/s | 37.35s
15450.0s	1532	[Coach] >>> TRAIN @Epoch: 365 >>>  || LOSS Avg: 0.09824
15450.0s	1533	[Wall TIME] >>> Coach.train takes 37.351391 seconds ...
15470.3s	1534	[Coach] >>> VALID @Epoch: 365 >>>  || RECALL@1 Avg: 0.0094 || RECALL@10 Avg: 0.0456 || RECALL@20 Avg: 0.0684 || NDCG@10 Avg: 0.0250 || NDCG@20 Avg: 0.0308
15470.3s	1535	[Wall TIME] >>> Coach.valid takes 20.397296 seconds ...
15507.6s	1536	[Epoch 366 Telemetry] Loss: 0.098251 | lambda_nlgcl=0.0100 | 33711.6 samples/s | 37.21s
15507.6s	1537	[Coach] >>> TRAIN @Epoch: 366 >>>  || LOSS Avg: 0.09825
15507.6s	1538	[Wall TIME] >>> Coach.train takes 37.211864 seconds ...
15544.8s	1539	[Epoch 367 Telemetry] Loss: 0.098368 | lambda_nlgcl=0.0100 | 33711.9 samples/s | 37.21s
15544.8s	1540	[Coach] >>> TRAIN @Epoch: 367 >>>  || LOSS Avg: 0.09837
15544.8s	1541	[Wall TIME] >>> Coach.train takes 37.211376 seconds ...
15581.4s	1542	[Epoch 368 Telemetry] Loss: 0.098245 | lambda_nlgcl=0.0100 | 34273.0 samples/s | 36.60s
15581.4s	1543	[Coach] >>> TRAIN @Epoch: 368 >>>  || LOSS Avg: 0.09824
15581.4s	1544	[Wall TIME] >>> Coach.train takes 36.602221 seconds ...
15618.5s	1545	[Epoch 369 Telemetry] Loss: 0.098217 | lambda_nlgcl=0.0100 | 33790.8 samples/s | 37.12s
15618.5s	1546	[Coach] >>> TRAIN @Epoch: 369 >>>  || LOSS Avg: 0.09822
15618.5s	1547	[Wall TIME] >>> Coach.train takes 37.124684 seconds ...
15655.6s	1548	[Epoch 370 Telemetry] Loss: 0.098275 | lambda_nlgcl=0.0100 | 33797.9 samples/s | 37.12s
15655.6s	1549	[Coach] >>> TRAIN @Epoch: 370 >>>  || LOSS Avg: 0.09828
15655.6s	1550	[Wall TIME] >>> Coach.train takes 37.116830 seconds ...
15676.6s	1551	[Coach] >>> VALID @Epoch: 370 >>>  || RECALL@1 Avg: 0.0094 || RECALL@10 Avg: 0.0454 || RECALL@20 Avg: 0.0684 || NDCG@10 Avg: 0.0250 || NDCG@20 Avg: 0.0309
15676.6s	1552	[Wall TIME] >>> Coach.valid takes 20.393653 seconds ...
15713.9s	1553	[Epoch 371 Telemetry] Loss: 0.098165 | lambda_nlgcl=0.0100 | 33668.3 samples/s | 37.26s
15713.9s	1554	[Coach] >>> TRAIN @Epoch: 371 >>>  || LOSS Avg: 0.09817
15713.9s	1555	[Wall TIME] >>> Coach.train takes 37.259644 seconds ...
15751.2s	1556	[Epoch 372 Telemetry] Loss: 0.098169 | lambda_nlgcl=0.0100 | 33589.2 samples/s | 37.35s
15751.2s	1557	[Coach] >>> TRAIN @Epoch: 372 >>>  || LOSS Avg: 0.09817
15751.2s	1558	[Wall TIME] >>> Coach.train takes 37.347312 seconds ...
15788.8s	1559	[Epoch 373 Telemetry] Loss: 0.098244 | lambda_nlgcl=0.0100 | 33394.8 samples/s | 37.56s
15788.8s	1560	[Coach] >>> TRAIN @Epoch: 373 >>>  || LOSS Avg: 0.09824
15788.8s	1561	[Wall TIME] >>> Coach.train takes 37.564799 seconds ...
15825.9s	1562	[Epoch 374 Telemetry] Loss: 0.098020 | lambda_nlgcl=0.0100 | 33788.8 samples/s | 37.13s
15825.9s	1563	[Coach] >>> TRAIN @Epoch: 374 >>>  || LOSS Avg: 0.09802
15825.9s	1564	[Wall TIME] >>> Coach.train takes 37.126619 seconds ...
15863.1s	1565	[Epoch 375 Telemetry] Loss: 0.098112 | lambda_nlgcl=0.0100 | 33724.0 samples/s | 37.20s
15863.1s	1566	[Coach] >>> TRAIN @Epoch: 375 >>>  || LOSS Avg: 0.09811
15863.1s	1567	[Wall TIME] >>> Coach.train takes 37.198037 seconds ...
15883.5s	1568	[Coach] >>> VALID @Epoch: 375 >>>  || RECALL@1 Avg: 0.0094 || RECALL@10 Avg: 0.0454 || RECALL@20 Avg: 0.0683 || NDCG@10 Avg: 0.0250 || NDCG@20 Avg: 0.0309
15883.5s	1569	[Wall TIME] >>> Coach.valid takes 20.405624 seconds ...
15920.9s	1570	[Epoch 376 Telemetry] Loss: 0.098237 | lambda_nlgcl=0.0100 | 33597.0 samples/s | 37.34s
15920.9s	1571	[Coach] >>> TRAIN @Epoch: 376 >>>  || LOSS Avg: 0.09824
15920.9s	1572	[Wall TIME] >>> Coach.train takes 37.338666 seconds ...
15958.3s	1573	[Epoch 377 Telemetry] Loss: 0.098135 | lambda_nlgcl=0.0100 | 33481.3 samples/s | 37.47s
15958.3s	1574	[Coach] >>> TRAIN @Epoch: 377 >>>  || LOSS Avg: 0.09814
15958.4s	1575	[Wall TIME] >>> Coach.train takes 37.467665 seconds ...
15995.7s	1576	[Epoch 378 Telemetry] Loss: 0.098069 | lambda_nlgcl=0.0100 | 33605.2 samples/s | 37.33s
15995.7s	1577	[Coach] >>> TRAIN @Epoch: 378 >>>  || LOSS Avg: 0.09807
15995.7s	1578	[Wall TIME] >>> Coach.train takes 37.329532 seconds ...
16033.0s	1579	[Epoch 379 Telemetry] Loss: 0.098111 | lambda_nlgcl=0.0100 | 33637.8 samples/s | 37.29s
16033.0s	1580	[Coach] >>> TRAIN @Epoch: 379 >>>  || LOSS Avg: 0.09811
16033.0s	1581	[Wall TIME] >>> Coach.train takes 37.293279 seconds ...
16070.2s	1582	[Epoch 380 Telemetry] Loss: 0.098113 | lambda_nlgcl=0.0100 | 33713.1 samples/s | 37.21s
16070.2s	1583	[Coach] >>> TRAIN @Epoch: 380 >>>  || LOSS Avg: 0.09811
16070.2s	1584	[Wall TIME] >>> Coach.train takes 37.210218 seconds ...
16091.0s	1585	[Coach] >>> Better ***NDCG@20*** of ***0.0309*** 
16091.3s	1586	[Coach] >>> VALID @Epoch: 380 >>>  || RECALL@1 Avg: 0.0095 || RECALL@10 Avg: 0.0456 || RECALL@20 Avg: 0.0685 || NDCG@10 Avg: 0.0251 || NDCG@20 Avg: 0.0309
16091.3s	1587	[Wall TIME] >>> Coach.valid takes 20.591784 seconds ...
16128.6s	1588	[Epoch 381 Telemetry] Loss: 0.098143 | lambda_nlgcl=0.0100 | 33713.3 samples/s | 37.21s
16128.6s	1589	[Coach] >>> TRAIN @Epoch: 381 >>>  || LOSS Avg: 0.09814
16128.6s	1590	[Wall TIME] >>> Coach.train takes 37.209844 seconds ...
16165.7s	1591	[Epoch 382 Telemetry] Loss: 0.098114 | lambda_nlgcl=0.0100 | 33763.5 samples/s | 37.15s
16165.7s	1592	[Coach] >>> TRAIN @Epoch: 382 >>>  || LOSS Avg: 0.09811
16165.7s	1593	[Wall TIME] >>> Coach.train takes 37.154667 seconds ...
16203.2s	1594	[Epoch 383 Telemetry] Loss: 0.098174 | lambda_nlgcl=0.0100 | 33423.3 samples/s | 37.53s
16203.2s	1595	[Coach] >>> TRAIN @Epoch: 383 >>>  || LOSS Avg: 0.09817
16203.2s	1596	[Wall TIME] >>> Coach.train takes 37.532779 seconds ...
16240.4s	1597	[Epoch 384 Telemetry] Loss: 0.098053 | lambda_nlgcl=0.0100 | 33746.6 samples/s | 37.17s
16240.4s	1598	[Coach] >>> TRAIN @Epoch: 384 >>>  || LOSS Avg: 0.09805
16240.4s	1599	[Wall TIME] >>> Coach.train takes 37.173121 seconds ...
16277.7s	1600	[Epoch 385 Telemetry] Loss: 0.098070 | lambda_nlgcl=0.0100 | 33683.5 samples/s | 37.24s
16277.7s	1601	[Coach] >>> TRAIN @Epoch: 385 >>>  || LOSS Avg: 0.09807
16277.7s	1602	[Wall TIME] >>> Coach.train takes 37.242743 seconds ...
16298.0s	1603	[Coach] >>> VALID @Epoch: 385 >>>  || RECALL@1 Avg: 0.0094 || RECALL@10 Avg: 0.0454 || RECALL@20 Avg: 0.0683 || NDCG@10 Avg: 0.0250 || NDCG@20 Avg: 0.0308
16298.0s	1604	[Wall TIME] >>> Coach.valid takes 20.373932 seconds ...
16335.2s	1605	[Epoch 386 Telemetry] Loss: 0.098076 | lambda_nlgcl=0.0100 | 33724.9 samples/s | 37.20s
16335.2s	1606	[Coach] >>> TRAIN @Epoch: 386 >>>  || LOSS Avg: 0.09808
16335.2s	1607	[Wall TIME] >>> Coach.train takes 37.197289 seconds ...
16371.8s	1608	[Epoch 387 Telemetry] Loss: 0.098112 | lambda_nlgcl=0.0100 | 34303.8 samples/s | 36.57s
16371.8s	1609	[Coach] >>> TRAIN @Epoch: 387 >>>  || LOSS Avg: 0.09811
16371.8s	1610	[Wall TIME] >>> Coach.train takes 36.569588 seconds ...
16409.0s	1611	[Epoch 388 Telemetry] Loss: 0.098093 | lambda_nlgcl=0.0100 | 33700.1 samples/s | 37.22s
16409.0s	1612	[Coach] >>> TRAIN @Epoch: 388 >>>  || LOSS Avg: 0.09809
16409.0s	1613	[Wall TIME] >>> Coach.train takes 37.224541 seconds ...
16446.2s	1614	[Epoch 389 Telemetry] Loss: 0.097955 | lambda_nlgcl=0.0100 | 33703.4 samples/s | 37.22s
16446.2s	1615	[Coach] >>> TRAIN @Epoch: 389 >>>  || LOSS Avg: 0.09796
16446.2s	1616	[Wall TIME] >>> Coach.train takes 37.220962 seconds ...
16483.5s	1617	[Epoch 390 Telemetry] Loss: 0.098006 | lambda_nlgcl=0.0100 | 33689.9 samples/s | 37.23s
16483.5s	1618	[Coach] >>> TRAIN @Epoch: 390 >>>  || LOSS Avg: 0.09801
16483.5s	1619	[Wall TIME] >>> Coach.train takes 37.235670 seconds ...
16504.4s	1620	[Coach] >>> VALID @Epoch: 390 >>>  || RECALL@1 Avg: 0.0095 || RECALL@10 Avg: 0.0454 || RECALL@20 Avg: 0.0682 || NDCG@10 Avg: 0.0250 || NDCG@20 Avg: 0.0308
16504.4s	1621	[Wall TIME] >>> Coach.valid takes 20.402040 seconds ...
16541.8s	1622	[Epoch 391 Telemetry] Loss: 0.098019 | lambda_nlgcl=0.0100 | 33632.8 samples/s | 37.30s
16541.8s	1623	[Coach] >>> TRAIN @Epoch: 391 >>>  || LOSS Avg: 0.09802
16541.8s	1624	[Wall TIME] >>> Coach.train takes 37.298981 seconds ...
16579.2s	1625	[Epoch 392 Telemetry] Loss: 0.097869 | lambda_nlgcl=0.0100 | 33523.2 samples/s | 37.42s
16579.2s	1626	[Coach] >>> TRAIN @Epoch: 392 >>>  || LOSS Avg: 0.09787
16579.2s	1627	[Wall TIME] >>> Coach.train takes 37.420844 seconds ...
16616.8s	1628	[Epoch 393 Telemetry] Loss: 0.098061 | lambda_nlgcl=0.0100 | 33356.4 samples/s | 37.61s
16616.8s	1629	[Coach] >>> TRAIN @Epoch: 393 >>>  || LOSS Avg: 0.09806
16616.8s	1630	[Wall TIME] >>> Coach.train takes 37.608022 seconds ...
16654.3s	1631	[Epoch 394 Telemetry] Loss: 0.098052 | lambda_nlgcl=0.0100 | 33445.6 samples/s | 37.51s
16654.3s	1632	[Coach] >>> TRAIN @Epoch: 394 >>>  || LOSS Avg: 0.09805
16654.3s	1633	[Wall TIME] >>> Coach.train takes 37.507652 seconds ...
16691.6s	1634	[Epoch 395 Telemetry] Loss: 0.098068 | lambda_nlgcl=0.0100 | 33661.8 samples/s | 37.27s
16691.6s	1635	[Coach] >>> TRAIN @Epoch: 395 >>>  || LOSS Avg: 0.09807
16691.6s	1636	[Wall TIME] >>> Coach.train takes 37.266882 seconds ...
16711.9s	1637	[Coach] >>> VALID @Epoch: 395 >>>  || RECALL@1 Avg: 0.0095 || RECALL@10 Avg: 0.0455 || RECALL@20 Avg: 0.0682 || NDCG@10 Avg: 0.0251 || NDCG@20 Avg: 0.0308
16711.9s	1638	[Wall TIME] >>> Coach.valid takes 20.385170 seconds ...
16749.0s	1639	[Epoch 396 Telemetry] Loss: 0.098001 | lambda_nlgcl=0.0100 | 33801.9 samples/s | 37.11s
16749.0s	1640	[Coach] >>> TRAIN @Epoch: 396 >>>  || LOSS Avg: 0.09800
16749.1s	1641	[Wall TIME] >>> Coach.train takes 37.112438 seconds ...
16786.2s	1642	[Epoch 397 Telemetry] Loss: 0.097934 | lambda_nlgcl=0.0100 | 33745.0 samples/s | 37.17s
16786.2s	1643	[Coach] >>> TRAIN @Epoch: 397 >>>  || LOSS Avg: 0.09793
16786.2s	1644	[Wall TIME] >>> Coach.train takes 37.174934 seconds ...
16823.5s	1645	[Epoch 398 Telemetry] Loss: 0.097922 | lambda_nlgcl=0.0100 | 33616.3 samples/s | 37.32s
16823.5s	1646	[Coach] >>> TRAIN @Epoch: 398 >>>  || LOSS Avg: 0.09792
16823.5s	1647	[Wall TIME] >>> Coach.train takes 37.317316 seconds ...
16860.8s	1648	[Epoch 399 Telemetry] Loss: 0.097955 | lambda_nlgcl=0.0100 | 33660.4 samples/s | 37.27s
16860.8s	1649	[Coach] >>> TRAIN @Epoch: 399 >>>  || LOSS Avg: 0.09795
16860.8s	1650	[Wall TIME] >>> Coach.train takes 37.268364 seconds ...
16898.1s	1651	[Epoch 400 Telemetry] Loss: 0.097885 | lambda_nlgcl=0.0100 | 33673.5 samples/s | 37.25s
16898.1s	1652	[Coach] >>> TRAIN @Epoch: 400 >>>  || LOSS Avg: 0.09788
16898.1s	1653	[Wall TIME] >>> Coach.train takes 37.253815 seconds ...
16918.9s	1654	[Coach] >>> VALID @Epoch: 400 >>>  || RECALL@1 Avg: 0.0095 || RECALL@10 Avg: 0.0453 || RECALL@20 Avg: 0.0683 || NDCG@10 Avg: 0.0250 || NDCG@20 Avg: 0.0309
16918.9s	1655	[Wall TIME] >>> Coach.valid takes 20.362931 seconds ...
16956.4s	1656	[Epoch 401 Telemetry] Loss: 0.097849 | lambda_nlgcl=0.0100 | 33566.1 samples/s | 37.37s
16956.4s	1657	[Coach] >>> TRAIN @Epoch: 401 >>>  || LOSS Avg: 0.09785
16956.4s	1658	[Wall TIME] >>> Coach.train takes 37.373016 seconds ...
16993.8s	1659	[Epoch 402 Telemetry] Loss: 0.097879 | lambda_nlgcl=0.0100 | 33549.3 samples/s | 37.39s
16993.8s	1660	[Coach] >>> TRAIN @Epoch: 402 >>>  || LOSS Avg: 0.09788
16993.8s	1661	[Wall TIME] >>> Coach.train takes 37.391780 seconds ...
17031.0s	1662	[Epoch 403 Telemetry] Loss: 0.097886 | lambda_nlgcl=0.0100 | 33730.0 samples/s | 37.19s
17031.0s	1663	[Coach] >>> TRAIN @Epoch: 403 >>>  || LOSS Avg: 0.09789
17031.0s	1664	[Wall TIME] >>> Coach.train takes 37.191474 seconds ...
17068.2s	1665	[Epoch 404 Telemetry] Loss: 0.097911 | lambda_nlgcl=0.0100 | 33723.5 samples/s | 37.20s
17068.2s	1666	[Coach] >>> TRAIN @Epoch: 404 >>>  || LOSS Avg: 0.09791
17068.2s	1667	[Wall TIME] >>> Coach.train takes 37.198672 seconds ...
17105.4s	1668	[Epoch 405 Telemetry] Loss: 0.097945 | lambda_nlgcl=0.0100 | 33701.0 samples/s | 37.22s
17105.4s	1669	[Coach] >>> TRAIN @Epoch: 405 >>>  || LOSS Avg: 0.09795
17105.4s	1670	[Wall TIME] >>> Coach.train takes 37.223552 seconds ...
17125.7s	1671	[Coach] >>> VALID @Epoch: 405 >>>  || RECALL@1 Avg: 0.0095 || RECALL@10 Avg: 0.0453 || RECALL@20 Avg: 0.0681 || NDCG@10 Avg: 0.0250 || NDCG@20 Avg: 0.0308
17125.7s	1672	[Wall TIME] >>> Coach.valid takes 20.378630 seconds ...
17162.4s	1673	[Epoch 406 Telemetry] Loss: 0.097810 | lambda_nlgcl=0.0100 | 34206.7 samples/s | 36.67s
17162.4s	1674	[Coach] >>> TRAIN @Epoch: 406 >>>  || LOSS Avg: 0.09781
17162.4s	1675	[Wall TIME] >>> Coach.train takes 36.673149 seconds ...
17199.6s	1676	[Epoch 407 Telemetry] Loss: 0.097828 | lambda_nlgcl=0.0100 | 33769.4 samples/s | 37.15s
17199.6s	1677	[Coach] >>> TRAIN @Epoch: 407 >>>  || LOSS Avg: 0.09783
17199.6s	1678	[Wall TIME] >>> Coach.train takes 37.148130 seconds ...
17237.2s	1679	[Epoch 408 Telemetry] Loss: 0.097806 | lambda_nlgcl=0.0100 | 33405.4 samples/s | 37.55s
17237.2s	1680	[Coach] >>> TRAIN @Epoch: 408 >>>  || LOSS Avg: 0.09781
17237.2s	1681	[Wall TIME] >>> Coach.train takes 37.552910 seconds ...
17274.4s	1682	[Epoch 409 Telemetry] Loss: 0.097946 | lambda_nlgcl=0.0100 | 33668.2 samples/s | 37.26s
17274.4s	1683	[Coach] >>> TRAIN @Epoch: 409 >>>  || LOSS Avg: 0.09795
17274.4s	1684	[Wall TIME] >>> Coach.train takes 37.259795 seconds ...
17311.6s	1685	[Epoch 410 Telemetry] Loss: 0.097823 | lambda_nlgcl=0.0100 | 33762.1 samples/s | 37.16s
17311.6s	1686	[Coach] >>> TRAIN @Epoch: 410 >>>  || LOSS Avg: 0.09782
17311.6s	1687	[Wall TIME] >>> Coach.train takes 37.156056 seconds ...
17332.5s	1688	[Coach] >>> VALID @Epoch: 410 >>>  || RECALL@1 Avg: 0.0095 || RECALL@10 Avg: 0.0455 || RECALL@20 Avg: 0.0680 || NDCG@10 Avg: 0.0251 || NDCG@20 Avg: 0.0309
17332.5s	1689	[Wall TIME] >>> Coach.valid takes 20.383260 seconds ...
17369.6s	1690	[Epoch 411 Telemetry] Loss: 0.097818 | lambda_nlgcl=0.0100 | 33820.3 samples/s | 37.09s
17369.6s	1691	[Coach] >>> TRAIN @Epoch: 411 >>>  || LOSS Avg: 0.09782
17369.6s	1692	[Wall TIME] >>> Coach.train takes 37.092067 seconds ...
17406.8s	1693	[Epoch 412 Telemetry] Loss: 0.097831 | lambda_nlgcl=0.0100 | 33755.3 samples/s | 37.16s
17406.8s	1694	[Coach] >>> TRAIN @Epoch: 412 >>>  || LOSS Avg: 0.09783
17406.8s	1695	[Wall TIME] >>> Coach.train takes 37.163548 seconds ...
17444.0s	1696	[Epoch 413 Telemetry] Loss: 0.097839 | lambda_nlgcl=0.0100 | 33718.2 samples/s | 37.20s
17444.0s	1697	[Coach] >>> TRAIN @Epoch: 413 >>>  || LOSS Avg: 0.09784
17444.0s	1698	[Wall TIME] >>> Coach.train takes 37.204526 seconds ...
17481.1s	1699	[Epoch 414 Telemetry] Loss: 0.097734 | lambda_nlgcl=0.0100 | 33810.2 samples/s | 37.10s
17481.1s	1700	[Coach] >>> TRAIN @Epoch: 414 >>>  || LOSS Avg: 0.09773
17481.1s	1701	[Wall TIME] >>> Coach.train takes 37.103190 seconds ...
17518.7s	1702	[Epoch 415 Telemetry] Loss: 0.097735 | lambda_nlgcl=0.0100 | 33382.1 samples/s | 37.58s
17518.7s	1703	[Coach] >>> TRAIN @Epoch: 415 >>>  || LOSS Avg: 0.09774
17518.7s	1704	[Wall TIME] >>> Coach.train takes 37.579038 seconds ...
17539.0s	1705	[Coach] >>> VALID @Epoch: 415 >>>  || RECALL@1 Avg: 0.0096 || RECALL@10 Avg: 0.0454 || RECALL@20 Avg: 0.0682 || NDCG@10 Avg: 0.0251 || NDCG@20 Avg: 0.0309
17539.0s	1706	[Wall TIME] >>> Coach.valid takes 20.387537 seconds ...
17576.4s	1707	[Epoch 416 Telemetry] Loss: 0.097736 | lambda_nlgcl=0.0100 | 33611.2 samples/s | 37.32s
17576.4s	1708	[Coach] >>> TRAIN @Epoch: 416 >>>  || LOSS Avg: 0.09774
17576.4s	1709	[Wall TIME] >>> Coach.train takes 37.322870 seconds ...
17613.8s	1710	[Epoch 417 Telemetry] Loss: 0.097739 | lambda_nlgcl=0.0100 | 33490.4 samples/s | 37.46s
17613.8s	1711	[Coach] >>> TRAIN @Epoch: 417 >>>  || LOSS Avg: 0.09774
17613.8s	1712	[Wall TIME] >>> Coach.train takes 37.457713 seconds ...
17651.1s	1713	[Epoch 418 Telemetry] Loss: 0.097828 | lambda_nlgcl=0.0100 | 33704.0 samples/s | 37.22s
17651.1s	1714	[Coach] >>> TRAIN @Epoch: 418 >>>  || LOSS Avg: 0.09783
17651.1s	1715	[Wall TIME] >>> Coach.train takes 37.220230 seconds ...
17688.2s	1716	[Epoch 419 Telemetry] Loss: 0.097699 | lambda_nlgcl=0.0100 | 33769.4 samples/s | 37.15s
17688.2s	1717	[Coach] >>> TRAIN @Epoch: 419 >>>  || LOSS Avg: 0.09770
17688.2s	1718	[Wall TIME] >>> Coach.train takes 37.148026 seconds ...
17725.4s	1719	[Epoch 420 Telemetry] Loss: 0.097860 | lambda_nlgcl=0.0100 | 33719.2 samples/s | 37.20s
17725.4s	1720	[Coach] >>> TRAIN @Epoch: 420 >>>  || LOSS Avg: 0.09786
17725.4s	1721	[Wall TIME] >>> Coach.train takes 37.203413 seconds ...
17746.3s	1722	[Coach] >>> VALID @Epoch: 420 >>>  || RECALL@1 Avg: 0.0095 || RECALL@10 Avg: 0.0454 || RECALL@20 Avg: 0.0681 || NDCG@10 Avg: 0.0251 || NDCG@20 Avg: 0.0309
17746.3s	1723	[Wall TIME] >>> Coach.valid takes 20.387124 seconds ...
17783.5s	1724	[Epoch 421 Telemetry] Loss: 0.097802 | lambda_nlgcl=0.0100 | 33790.4 samples/s | 37.12s
17783.5s	1725	[Coach] >>> TRAIN @Epoch: 421 >>>  || LOSS Avg: 0.09780
17783.5s	1726	[Wall TIME] >>> Coach.train takes 37.124904 seconds ...
17820.6s	1727	[Epoch 422 Telemetry] Loss: 0.097723 | lambda_nlgcl=0.0100 | 33784.3 samples/s | 37.13s
17820.6s	1728	[Coach] >>> TRAIN @Epoch: 422 >>>  || LOSS Avg: 0.09772
17820.6s	1729	[Wall TIME] >>> Coach.train takes 37.131604 seconds ...
17857.8s	1730	[Epoch 423 Telemetry] Loss: 0.097634 | lambda_nlgcl=0.0100 | 33772.5 samples/s | 37.14s
17857.8s	1731	[Coach] >>> TRAIN @Epoch: 423 >>>  || LOSS Avg: 0.09763
17857.8s	1732	[Wall TIME] >>> Coach.train takes 37.144697 seconds ...
17895.1s	1733	[Epoch 424 Telemetry] Loss: 0.097738 | lambda_nlgcl=0.0100 | 33627.9 samples/s | 37.30s
17895.1s	1734	[Coach] >>> TRAIN @Epoch: 424 >>>  || LOSS Avg: 0.09774
17895.1s	1735	[Wall TIME] >>> Coach.train takes 37.304368 seconds ...
17932.5s	1736	[Epoch 425 Telemetry] Loss: 0.097704 | lambda_nlgcl=0.0100 | 33529.9 samples/s | 37.41s
17932.5s	1737	[Coach] >>> TRAIN @Epoch: 425 >>>  || LOSS Avg: 0.09770
17932.5s	1738	[Wall TIME] >>> Coach.train takes 37.413400 seconds ...
17952.8s	1739	[Coach] >>> VALID @Epoch: 425 >>>  || RECALL@1 Avg: 0.0096 || RECALL@10 Avg: 0.0456 || RECALL@20 Avg: 0.0680 || NDCG@10 Avg: 0.0252 || NDCG@20 Avg: 0.0309
17952.8s	1740	[Wall TIME] >>> Coach.valid takes 20.367408 seconds ...
17989.4s	1741	[Epoch 426 Telemetry] Loss: 0.097688 | lambda_nlgcl=0.0100 | 34319.6 samples/s | 36.55s
17989.4s	1742	[Coach] >>> TRAIN @Epoch: 426 >>>  || LOSS Avg: 0.09769
17989.4s	1743	[Wall TIME] >>> Coach.train takes 36.552674 seconds ...
18026.5s	1744	[Epoch 427 Telemetry] Loss: 0.097759 | lambda_nlgcl=0.0100 | 33779.1 samples/s | 37.14s
18026.5s	1745	[Coach] >>> TRAIN @Epoch: 427 >>>  || LOSS Avg: 0.09776
18026.5s	1746	[Wall TIME] >>> Coach.train takes 37.137457 seconds ...
18063.8s	1747	[Epoch 428 Telemetry] Loss: 0.097792 | lambda_nlgcl=0.0100 | 33687.5 samples/s | 37.24s
18063.8s	1748	[Coach] >>> TRAIN @Epoch: 428 >>>  || LOSS Avg: 0.09779
18063.8s	1749	[Wall TIME] >>> Coach.train takes 37.238442 seconds ...
18100.9s	1750	[Epoch 429 Telemetry] Loss: 0.097702 | lambda_nlgcl=0.0100 | 33764.7 samples/s | 37.15s
18100.9s	1751	[Coach] >>> TRAIN @Epoch: 429 >>>  || LOSS Avg: 0.09770
18100.9s	1752	[Wall TIME] >>> Coach.train takes 37.153274 seconds ...
18138.0s	1753	[Epoch 430 Telemetry] Loss: 0.097667 | lambda_nlgcl=0.0100 | 33804.3 samples/s | 37.11s
18138.0s	1754	[Coach] >>> TRAIN @Epoch: 430 >>>  || LOSS Avg: 0.09767
18138.0s	1755	[Wall TIME] >>> Coach.train takes 37.109763 seconds ...
18158.9s	1756	[Coach] >>> VALID @Epoch: 430 >>>  || RECALL@1 Avg: 0.0095 || RECALL@10 Avg: 0.0456 || RECALL@20 Avg: 0.0682 || NDCG@10 Avg: 0.0251 || NDCG@20 Avg: 0.0309
18158.9s	1757	[Wall TIME] >>> Coach.valid takes 20.387352 seconds ...
18196.1s	1758	[Epoch 431 Telemetry] Loss: 0.097689 | lambda_nlgcl=0.0100 | 33807.4 samples/s | 37.11s
18196.1s	1759	[Coach] >>> TRAIN @Epoch: 431 >>>  || LOSS Avg: 0.09769
18196.1s	1760	[Wall TIME] >>> Coach.train takes 37.106375 seconds ...
18233.2s	1761	[Epoch 432 Telemetry] Loss: 0.097711 | lambda_nlgcl=0.0100 | 33818.3 samples/s | 37.09s
18233.2s	1762	[Coach] >>> TRAIN @Epoch: 432 >>>  || LOSS Avg: 0.09771
18233.2s	1763	[Wall TIME] >>> Coach.train takes 37.094364 seconds ...
18270.3s	1764	[Epoch 433 Telemetry] Loss: 0.097663 | lambda_nlgcl=0.0100 | 33834.4 samples/s | 37.08s
18270.3s	1765	[Coach] >>> TRAIN @Epoch: 433 >>>  || LOSS Avg: 0.09766
18270.3s	1766	[Wall TIME] >>> Coach.train takes 37.076738 seconds ...
18307.4s	1767	[Epoch 434 Telemetry] Loss: 0.097647 | lambda_nlgcl=0.0100 | 33790.2 samples/s | 37.12s
18307.4s	1768	[Coach] >>> TRAIN @Epoch: 434 >>>  || LOSS Avg: 0.09765
18307.4s	1769	[Wall TIME] >>> Coach.train takes 37.125223 seconds ...
18344.5s	1770	[Epoch 435 Telemetry] Loss: 0.097820 | lambda_nlgcl=0.0100 | 33769.2 samples/s | 37.15s
18344.5s	1771	[Coach] >>> TRAIN @Epoch: 435 >>>  || LOSS Avg: 0.09782
18344.5s	1772	[Wall TIME] >>> Coach.train takes 37.148344 seconds ...
18364.9s	1773	[Coach] >>> Better ***NDCG@20*** of ***0.0309*** 
18365.2s	1774	[Coach] >>> VALID @Epoch: 435 >>>  || RECALL@1 Avg: 0.0095 || RECALL@10 Avg: 0.0457 || RECALL@20 Avg: 0.0685 || NDCG@10 Avg: 0.0251 || NDCG@20 Avg: 0.0309
18365.2s	1775	[Wall TIME] >>> Coach.valid takes 20.748594 seconds ...
18402.4s	1776	[Epoch 436 Telemetry] Loss: 0.097775 | lambda_nlgcl=0.0100 | 33826.4 samples/s | 37.08s
18402.4s	1777	[Coach] >>> TRAIN @Epoch: 436 >>>  || LOSS Avg: 0.09777
18402.4s	1778	[Wall TIME] >>> Coach.train takes 37.085472 seconds ...
18439.4s	1779	[Epoch 437 Telemetry] Loss: 0.097701 | lambda_nlgcl=0.0100 | 33849.5 samples/s | 37.06s
18439.4s	1780	[Coach] >>> TRAIN @Epoch: 437 >>>  || LOSS Avg: 0.09770
18439.4s	1781	[Wall TIME] >>> Coach.train takes 37.060188 seconds ...
18476.5s	1782	[Epoch 438 Telemetry] Loss: 0.097526 | lambda_nlgcl=0.0100 | 33824.0 samples/s | 37.09s
18476.5s	1783	[Coach] >>> TRAIN @Epoch: 438 >>>  || LOSS Avg: 0.09753
18476.5s	1784	[Wall TIME] >>> Coach.train takes 37.088100 seconds ...
18513.9s	1785	[Epoch 439 Telemetry] Loss: 0.097658 | lambda_nlgcl=0.0100 | 33580.7 samples/s | 37.36s
18513.9s	1786	[Coach] >>> TRAIN @Epoch: 439 >>>  || LOSS Avg: 0.09766
18513.9s	1787	[Wall TIME] >>> Coach.train takes 37.356738 seconds ...
18551.3s	1788	[Epoch 440 Telemetry] Loss: 0.097570 | lambda_nlgcl=0.0100 | 33526.3 samples/s | 37.42s
18551.3s	1789	[Coach] >>> TRAIN @Epoch: 440 >>>  || LOSS Avg: 0.09757
18551.3s	1790	[Wall TIME] >>> Coach.train takes 37.417430 seconds ...
18572.2s	1791	[Coach] >>> Better ***NDCG@20*** of ***0.0310*** 
18572.5s	1792	[Coach] >>> VALID @Epoch: 440 >>>  || RECALL@1 Avg: 0.0095 || RECALL@10 Avg: 0.0457 || RECALL@20 Avg: 0.0687 || NDCG@10 Avg: 0.0252 || NDCG@20 Avg: 0.0310
18572.5s	1793	[Wall TIME] >>> Coach.valid takes 20.667042 seconds ...
18609.6s	1794	[Epoch 441 Telemetry] Loss: 0.097667 | lambda_nlgcl=0.0100 | 33859.9 samples/s | 37.05s
18609.6s	1795	[Coach] >>> TRAIN @Epoch: 441 >>>  || LOSS Avg: 0.09767
18609.6s	1796	[Wall TIME] >>> Coach.train takes 37.048744 seconds ...
18646.6s	1797	[Epoch 442 Telemetry] Loss: 0.097495 | lambda_nlgcl=0.0100 | 33865.8 samples/s | 37.04s
18646.6s	1798	[Coach] >>> TRAIN @Epoch: 442 >>>  || LOSS Avg: 0.09749
18646.6s	1799	[Wall TIME] >>> Coach.train takes 37.042439 seconds ...
18683.9s	1800	[Epoch 443 Telemetry] Loss: 0.097681 | lambda_nlgcl=0.0100 | 33621.6 samples/s | 37.31s
18683.9s	1801	[Coach] >>> TRAIN @Epoch: 443 >>>  || LOSS Avg: 0.09768
18683.9s	1802	[Wall TIME] >>> Coach.train takes 37.311341 seconds ...
18721.0s	1803	[Epoch 444 Telemetry] Loss: 0.097564 | lambda_nlgcl=0.0100 | 33887.9 samples/s | 37.02s
18721.0s	1804	[Coach] >>> TRAIN @Epoch: 444 >>>  || LOSS Avg: 0.09756
18721.0s	1805	[Wall TIME] >>> Coach.train takes 37.018076 seconds ...
18757.4s	1806	[Epoch 445 Telemetry] Loss: 0.097663 | lambda_nlgcl=0.0100 | 34427.1 samples/s | 36.44s
18757.4s	1807	[Coach] >>> TRAIN @Epoch: 445 >>>  || LOSS Avg: 0.09766
18757.4s	1808	[Wall TIME] >>> Coach.train takes 36.438361 seconds ...
18777.7s	1809	[Coach] >>> VALID @Epoch: 445 >>>  || RECALL@1 Avg: 0.0095 || RECALL@10 Avg: 0.0455 || RECALL@20 Avg: 0.0684 || NDCG@10 Avg: 0.0251 || NDCG@20 Avg: 0.0309
18777.7s	1810	[Wall TIME] >>> Coach.valid takes 20.402194 seconds ...
18814.9s	1811	[Epoch 446 Telemetry] Loss: 0.097660 | lambda_nlgcl=0.0100 | 33835.2 samples/s | 37.08s
18814.9s	1812	[Coach] >>> TRAIN @Epoch: 446 >>>  || LOSS Avg: 0.09766
18814.9s	1813	[Wall TIME] >>> Coach.train takes 37.075800 seconds ...
18851.9s	1814	[Epoch 447 Telemetry] Loss: 0.097577 | lambda_nlgcl=0.0100 | 33906.5 samples/s | 37.00s
18851.9s	1815	[Coach] >>> TRAIN @Epoch: 447 >>>  || LOSS Avg: 0.09758
18851.9s	1816	[Wall TIME] >>> Coach.train takes 36.997908 seconds ...
18889.1s	1817	[Epoch 448 Telemetry] Loss: 0.097582 | lambda_nlgcl=0.0100 | 33734.3 samples/s | 37.19s
18889.1s	1818	[Coach] >>> TRAIN @Epoch: 448 >>>  || LOSS Avg: 0.09758
18889.1s	1819	[Wall TIME] >>> Coach.train takes 37.186741 seconds ...
18926.2s	1820	[Epoch 449 Telemetry] Loss: 0.097405 | lambda_nlgcl=0.0100 | 33800.7 samples/s | 37.11s
18926.2s	1821	[Coach] >>> TRAIN @Epoch: 449 >>>  || LOSS Avg: 0.09740
18926.2s	1822	[Wall TIME] >>> Coach.train takes 37.113825 seconds ...
18963.3s	1823	[Epoch 450 Telemetry] Loss: 0.097566 | lambda_nlgcl=0.0100 | 33819.2 samples/s | 37.09s
18963.3s	1824	[Coach] >>> TRAIN @Epoch: 450 >>>  || LOSS Avg: 0.09757
18963.3s	1825	[Wall TIME] >>> Coach.train takes 37.093324 seconds ...
18984.2s	1826	[Coach] >>> VALID @Epoch: 450 >>>  || RECALL@1 Avg: 0.0094 || RECALL@10 Avg: 0.0454 || RECALL@20 Avg: 0.0686 || NDCG@10 Avg: 0.0250 || NDCG@20 Avg: 0.0309
18984.2s	1827	[Wall TIME] >>> Coach.valid takes 20.376388 seconds ...
19021.3s	1828	[Epoch 451 Telemetry] Loss: 0.097546 | lambda_nlgcl=0.0100 | 33866.3 samples/s | 37.04s
19021.3s	1829	[Coach] >>> TRAIN @Epoch: 451 >>>  || LOSS Avg: 0.09755
19021.3s	1830	[Wall TIME] >>> Coach.train takes 37.041769 seconds ...
19058.2s	1831	[Epoch 452 Telemetry] Loss: 0.097553 | lambda_nlgcl=0.0100 | 33918.8 samples/s | 36.98s
19058.2s	1832	[Coach] >>> TRAIN @Epoch: 452 >>>  || LOSS Avg: 0.09755
19058.2s	1833	[Wall TIME] >>> Coach.train takes 36.984445 seconds ...
19095.3s	1834	[Epoch 453 Telemetry] Loss: 0.097683 | lambda_nlgcl=0.0100 | 33888.9 samples/s | 37.02s
19095.3s	1835	[Coach] >>> TRAIN @Epoch: 453 >>>  || LOSS Avg: 0.09768
19095.3s	1836	[Wall TIME] >>> Coach.train takes 37.017118 seconds ...
19132.2s	1837	[Epoch 454 Telemetry] Loss: 0.097542 | lambda_nlgcl=0.0100 | 33939.7 samples/s | 36.96s
19132.2s	1838	[Coach] >>> TRAIN @Epoch: 454 >>>  || LOSS Avg: 0.09754
19132.2s	1839	[Wall TIME] >>> Coach.train takes 36.961644 seconds ...
19169.2s	1840	[Epoch 455 Telemetry] Loss: 0.097518 | lambda_nlgcl=0.0100 | 33897.0 samples/s | 37.01s
19169.2s	1841	[Coach] >>> TRAIN @Epoch: 455 >>>  || LOSS Avg: 0.09752
19169.2s	1842	[Wall TIME] >>> Coach.train takes 37.008240 seconds ...
19189.5s	1843	[Coach] >>> VALID @Epoch: 455 >>>  || RECALL@1 Avg: 0.0095 || RECALL@10 Avg: 0.0455 || RECALL@20 Avg: 0.0686 || NDCG@10 Avg: 0.0251 || NDCG@20 Avg: 0.0310
19189.5s	1844	[Wall TIME] >>> Coach.valid takes 20.368566 seconds ...
19226.6s	1845	[Epoch 456 Telemetry] Loss: 0.097563 | lambda_nlgcl=0.0100 | 33912.4 samples/s | 36.99s
19226.6s	1846	[Coach] >>> TRAIN @Epoch: 456 >>>  || LOSS Avg: 0.09756
19226.6s	1847	[Wall TIME] >>> Coach.train takes 36.991275 seconds ...
19263.6s	1848	[Epoch 457 Telemetry] Loss: 0.097297 | lambda_nlgcl=0.0100 | 33895.1 samples/s | 37.01s
19263.6s	1849	[Coach] >>> TRAIN @Epoch: 457 >>>  || LOSS Avg: 0.09730
19263.6s	1850	[Wall TIME] >>> Coach.train takes 37.010297 seconds ...
19300.7s	1851	[Epoch 458 Telemetry] Loss: 0.097506 | lambda_nlgcl=0.0100 | 33819.9 samples/s | 37.09s
19300.7s	1852	[Coach] >>> TRAIN @Epoch: 458 >>>  || LOSS Avg: 0.09751
19300.7s	1853	[Wall TIME] >>> Coach.train takes 37.092526 seconds ...
19337.8s	1854	[Epoch 459 Telemetry] Loss: 0.097463 | lambda_nlgcl=0.0100 | 33778.2 samples/s | 37.14s
19337.8s	1855	[Coach] >>> TRAIN @Epoch: 459 >>>  || LOSS Avg: 0.09746
19337.8s	1856	[Wall TIME] >>> Coach.train takes 37.138301 seconds ...
19374.9s	1857	[Epoch 460 Telemetry] Loss: 0.097568 | lambda_nlgcl=0.0100 | 33834.5 samples/s | 37.08s
19374.9s	1858	[Coach] >>> TRAIN @Epoch: 460 >>>  || LOSS Avg: 0.09757
19374.9s	1859	[Wall TIME] >>> Coach.train takes 37.076525 seconds ...
19395.8s	1860	[Coach] >>> VALID @Epoch: 460 >>>  || RECALL@1 Avg: 0.0095 || RECALL@10 Avg: 0.0456 || RECALL@20 Avg: 0.0685 || NDCG@10 Avg: 0.0251 || NDCG@20 Avg: 0.0310
19395.8s	1861	[Wall TIME] >>> Coach.valid takes 20.379288 seconds ...
19432.9s	1862	[Epoch 461 Telemetry] Loss: 0.097399 | lambda_nlgcl=0.0100 | 33905.8 samples/s | 37.00s
19432.9s	1863	[Coach] >>> TRAIN @Epoch: 461 >>>  || LOSS Avg: 0.09740
19432.9s	1864	[Wall TIME] >>> Coach.train takes 36.998611 seconds ...
19469.8s	1865	[Epoch 462 Telemetry] Loss: 0.097349 | lambda_nlgcl=0.0100 | 33928.7 samples/s | 36.97s
19469.8s	1866	[Coach] >>> TRAIN @Epoch: 462 >>>  || LOSS Avg: 0.09735
19469.8s	1867	[Wall TIME] >>> Coach.train takes 36.973681 seconds ...
19507.0s	1868	[Epoch 463 Telemetry] Loss: 0.097429 | lambda_nlgcl=0.0100 | 33783.6 samples/s | 37.13s
19507.0s	1869	[Coach] >>> TRAIN @Epoch: 463 >>>  || LOSS Avg: 0.09743
19507.0s	1870	[Wall TIME] >>> Coach.train takes 37.132537 seconds ...
19544.0s	1871	[Epoch 464 Telemetry] Loss: 0.097516 | lambda_nlgcl=0.0100 | 33909.6 samples/s | 36.99s
19544.0s	1872	[Coach] >>> TRAIN @Epoch: 464 >>>  || LOSS Avg: 0.09752
19544.0s	1873	[Wall TIME] >>> Coach.train takes 36.994456 seconds ...
19580.5s	1874	[Epoch 465 Telemetry] Loss: 0.097473 | lambda_nlgcl=0.0100 | 34353.8 samples/s | 36.52s
19580.5s	1875	[Coach] >>> TRAIN @Epoch: 465 >>>  || LOSS Avg: 0.09747
19580.5s	1876	[Wall TIME] >>> Coach.train takes 36.516096 seconds ...
19600.8s	1877	[Coach] >>> VALID @Epoch: 465 >>>  || RECALL@1 Avg: 0.0095 || RECALL@10 Avg: 0.0457 || RECALL@20 Avg: 0.0685 || NDCG@10 Avg: 0.0251 || NDCG@20 Avg: 0.0310
19600.8s	1878	[Wall TIME] >>> Coach.valid takes 20.405417 seconds ...
19638.0s	1879	[Epoch 466 Telemetry] Loss: 0.097470 | lambda_nlgcl=0.0100 | 33813.6 samples/s | 37.10s
19638.0s	1880	[Coach] >>> TRAIN @Epoch: 466 >>>  || LOSS Avg: 0.09747
19638.0s	1881	[Wall TIME] >>> Coach.train takes 37.099474 seconds ...
19675.0s	1882	[Epoch 467 Telemetry] Loss: 0.097638 | lambda_nlgcl=0.0100 | 33931.4 samples/s | 36.97s
19675.0s	1883	[Coach] >>> TRAIN @Epoch: 467 >>>  || LOSS Avg: 0.09764
19675.0s	1884	[Wall TIME] >>> Coach.train takes 36.970755 seconds ...
19712.0s	1885	[Epoch 468 Telemetry] Loss: 0.097465 | lambda_nlgcl=0.0100 | 33887.1 samples/s | 37.02s
19712.0s	1886	[Coach] >>> TRAIN @Epoch: 468 >>>  || LOSS Avg: 0.09747
19712.0s	1887	[Wall TIME] >>> Coach.train takes 37.019536 seconds ...
19749.1s	1888	[Epoch 469 Telemetry] Loss: 0.097417 | lambda_nlgcl=0.0100 | 33839.7 samples/s | 37.07s
19749.1s	1889	[Coach] >>> TRAIN @Epoch: 469 >>>  || LOSS Avg: 0.09742
19749.1s	1890	[Wall TIME] >>> Coach.train takes 37.070943 seconds ...
19786.2s	1891	[Epoch 470 Telemetry] Loss: 0.097382 | lambda_nlgcl=0.0100 | 33775.7 samples/s | 37.14s
19786.2s	1892	[Coach] >>> TRAIN @Epoch: 470 >>>  || LOSS Avg: 0.09738
19786.2s	1893	[Wall TIME] >>> Coach.train takes 37.141017 seconds ...
19807.1s	1894	[Coach] >>> VALID @Epoch: 470 >>>  || RECALL@1 Avg: 0.0096 || RECALL@10 Avg: 0.0457 || RECALL@20 Avg: 0.0684 || NDCG@10 Avg: 0.0252 || NDCG@20 Avg: 0.0310
19807.1s	1895	[Wall TIME] >>> Coach.valid takes 20.384522 seconds ...
19844.2s	1896	[Epoch 471 Telemetry] Loss: 0.097503 | lambda_nlgcl=0.0100 | 33876.3 samples/s | 37.03s
19844.2s	1897	[Coach] >>> TRAIN @Epoch: 471 >>>  || LOSS Avg: 0.09750
19844.2s	1898	[Wall TIME] >>> Coach.train takes 37.030910 seconds ...
19881.6s	1899	[Epoch 472 Telemetry] Loss: 0.097315 | lambda_nlgcl=0.0100 | 33481.4 samples/s | 37.47s
19881.6s	1900	[Coach] >>> TRAIN @Epoch: 472 >>>  || LOSS Avg: 0.09731
19881.6s	1901	[Wall TIME] >>> Coach.train takes 37.467688 seconds ...
19918.9s	1902	[Epoch 473 Telemetry] Loss: 0.097389 | lambda_nlgcl=0.0100 | 33638.6 samples/s | 37.29s
19918.9s	1903	[Coach] >>> TRAIN @Epoch: 473 >>>  || LOSS Avg: 0.09739
19918.9s	1904	[Wall TIME] >>> Coach.train takes 37.292378 seconds ...
19956.0s	1905	[Epoch 474 Telemetry] Loss: 0.097354 | lambda_nlgcl=0.0100 | 33861.1 samples/s | 37.05s
19956.0s	1906	[Coach] >>> TRAIN @Epoch: 474 >>>  || LOSS Avg: 0.09735
19956.0s	1907	[Wall TIME] >>> Coach.train takes 37.047509 seconds ...
19993.0s	1908	[Epoch 475 Telemetry] Loss: 0.097454 | lambda_nlgcl=0.0100 | 33848.3 samples/s | 37.06s
19993.0s	1909	[Coach] >>> TRAIN @Epoch: 475 >>>  || LOSS Avg: 0.09745
19993.0s	1910	[Wall TIME] >>> Coach.train takes 37.061413 seconds ...
20013.3s	1911	[Coach] >>> VALID @Epoch: 475 >>>  || RECALL@1 Avg: 0.0095 || RECALL@10 Avg: 0.0457 || RECALL@20 Avg: 0.0683 || NDCG@10 Avg: 0.0251 || NDCG@20 Avg: 0.0309
20013.3s	1912	[Wall TIME] >>> Coach.valid takes 20.372741 seconds ...
20050.5s	1913	[Epoch 476 Telemetry] Loss: 0.097492 | lambda_nlgcl=0.0100 | 33813.0 samples/s | 37.10s
20050.5s	1914	[Coach] >>> TRAIN @Epoch: 476 >>>  || LOSS Avg: 0.09749
20050.5s	1915	[Wall TIME] >>> Coach.train takes 37.100104 seconds ...
20087.7s	1916	[Epoch 477 Telemetry] Loss: 0.097263 | lambda_nlgcl=0.0100 | 33733.2 samples/s | 37.19s
20087.7s	1917	[Coach] >>> TRAIN @Epoch: 477 >>>  || LOSS Avg: 0.09726
20087.7s	1918	[Wall TIME] >>> Coach.train takes 37.187901 seconds ...
20124.8s	1919	[Epoch 478 Telemetry] Loss: 0.097353 | lambda_nlgcl=0.0100 | 33846.2 samples/s | 37.06s
20124.8s	1920	[Coach] >>> TRAIN @Epoch: 478 >>>  || LOSS Avg: 0.09735
20124.8s	1921	[Wall TIME] >>> Coach.train takes 37.063960 seconds ...
20162.0s	1922	[Epoch 479 Telemetry] Loss: 0.097328 | lambda_nlgcl=0.0100 | 33701.7 samples/s | 37.22s
20162.0s	1923	[Coach] >>> TRAIN @Epoch: 479 >>>  || LOSS Avg: 0.09733
20162.0s	1924	[Wall TIME] >>> Coach.train takes 37.222793 seconds ...
20199.0s	1925	[Epoch 480 Telemetry] Loss: 0.097507 | lambda_nlgcl=0.0100 | 33847.9 samples/s | 37.06s
20199.0s	1926	[Coach] >>> TRAIN @Epoch: 480 >>>  || LOSS Avg: 0.09751
20199.0s	1927	[Wall TIME] >>> Coach.train takes 37.061973 seconds ...
20219.9s	1928	[Coach] >>> VALID @Epoch: 480 >>>  || RECALL@1 Avg: 0.0096 || RECALL@10 Avg: 0.0456 || RECALL@20 Avg: 0.0685 || NDCG@10 Avg: 0.0252 || NDCG@20 Avg: 0.0310
20219.9s	1929	[Wall TIME] >>> Coach.valid takes 20.376875 seconds ...
20257.4s	1930	[Epoch 481 Telemetry] Loss: 0.097436 | lambda_nlgcl=0.0100 | 33590.5 samples/s | 37.35s
20257.4s	1931	[Coach] >>> TRAIN @Epoch: 481 >>>  || LOSS Avg: 0.09744
20257.4s	1932	[Wall TIME] >>> Coach.train takes 37.346186 seconds ...
20294.3s	1933	[Epoch 482 Telemetry] Loss: 0.097250 | lambda_nlgcl=0.0100 | 33949.0 samples/s | 36.95s
20294.3s	1934	[Coach] >>> TRAIN @Epoch: 482 >>>  || LOSS Avg: 0.09725
20294.3s	1935	[Wall TIME] >>> Coach.train takes 36.951695 seconds ...
20331.3s	1936	[Epoch 483 Telemetry] Loss: 0.097311 | lambda_nlgcl=0.0100 | 33912.1 samples/s | 36.99s
20331.3s	1937	[Coach] >>> TRAIN @Epoch: 483 >>>  || LOSS Avg: 0.09731
20331.3s	1938	[Wall TIME] >>> Coach.train takes 36.991761 seconds ...
20367.7s	1939	[Epoch 484 Telemetry] Loss: 0.097480 | lambda_nlgcl=0.0100 | 34438.2 samples/s | 36.43s
20367.7s	1940	[Coach] >>> TRAIN @Epoch: 484 >>>  || LOSS Avg: 0.09748
20367.7s	1941	[Wall TIME] >>> Coach.train takes 36.426619 seconds ...
20404.7s	1942	[Epoch 485 Telemetry] Loss: 0.097212 | lambda_nlgcl=0.0100 | 33901.0 samples/s | 37.00s
20404.7s	1943	[Coach] >>> TRAIN @Epoch: 485 >>>  || LOSS Avg: 0.09721
20404.7s	1944	[Wall TIME] >>> Coach.train takes 37.003871 seconds ...
20425.0s	1945	[Coach] >>> VALID @Epoch: 485 >>>  || RECALL@1 Avg: 0.0095 || RECALL@10 Avg: 0.0456 || RECALL@20 Avg: 0.0686 || NDCG@10 Avg: 0.0251 || NDCG@20 Avg: 0.0310
20425.0s	1946	[Wall TIME] >>> Coach.valid takes 20.393032 seconds ...
20462.3s	1947	[Epoch 486 Telemetry] Loss: 0.097392 | lambda_nlgcl=0.0100 | 33752.3 samples/s | 37.17s
20462.3s	1948	[Coach] >>> TRAIN @Epoch: 486 >>>  || LOSS Avg: 0.09739
20462.3s	1949	[Wall TIME] >>> Coach.train takes 37.166959 seconds ...
20499.4s	1950	[Epoch 487 Telemetry] Loss: 0.097336 | lambda_nlgcl=0.0100 | 33730.0 samples/s | 37.19s
20499.5s	1951	[Coach] >>> TRAIN @Epoch: 487 >>>  || LOSS Avg: 0.09734
20499.5s	1952	[Wall TIME] >>> Coach.train takes 37.191426 seconds ...
20536.5s	1953	[Epoch 488 Telemetry] Loss: 0.097439 | lambda_nlgcl=0.0100 | 33892.6 samples/s | 37.01s
20536.5s	1954	[Coach] >>> TRAIN @Epoch: 488 >>>  || LOSS Avg: 0.09744
20536.5s	1955	[Wall TIME] >>> Coach.train takes 37.013031 seconds ...
20573.6s	1956	[Epoch 489 Telemetry] Loss: 0.097403 | lambda_nlgcl=0.0100 | 33782.1 samples/s | 37.13s
20573.6s	1957	[Coach] >>> TRAIN @Epoch: 489 >>>  || LOSS Avg: 0.09740
20573.6s	1958	[Wall TIME] >>> Coach.train takes 37.134123 seconds ...
20610.6s	1959	[Epoch 490 Telemetry] Loss: 0.097333 | lambda_nlgcl=0.0100 | 33908.8 samples/s | 36.99s
20610.6s	1960	[Coach] >>> TRAIN @Epoch: 490 >>>  || LOSS Avg: 0.09733
20610.6s	1961	[Wall TIME] >>> Coach.train takes 36.995421 seconds ...
20631.5s	1962	[Coach] >>> VALID @Epoch: 490 >>>  || RECALL@1 Avg: 0.0094 || RECALL@10 Avg: 0.0456 || RECALL@20 Avg: 0.0686 || NDCG@10 Avg: 0.0251 || NDCG@20 Avg: 0.0310
20631.5s	1963	[Wall TIME] >>> Coach.valid takes 20.376980 seconds ...
20668.9s	1964	[Epoch 491 Telemetry] Loss: 0.097402 | lambda_nlgcl=0.0100 | 33536.9 samples/s | 37.40s
20668.9s	1965	[Coach] >>> TRAIN @Epoch: 491 >>>  || LOSS Avg: 0.09740
20668.9s	1966	[Wall TIME] >>> Coach.train takes 37.405644 seconds ...
20706.1s	1967	[Epoch 492 Telemetry] Loss: 0.097265 | lambda_nlgcl=0.0100 | 33730.4 samples/s | 37.19s
20706.1s	1968	[Coach] >>> TRAIN @Epoch: 492 >>>  || LOSS Avg: 0.09727
20706.1s	1969	[Wall TIME] >>> Coach.train takes 37.191037 seconds ...
20743.1s	1970	[Epoch 493 Telemetry] Loss: 0.097273 | lambda_nlgcl=0.0100 | 33893.1 samples/s | 37.01s
20743.1s	1971	[Coach] >>> TRAIN @Epoch: 493 >>>  || LOSS Avg: 0.09727
20743.1s	1972	[Wall TIME] >>> Coach.train takes 37.012453 seconds ...
20780.0s	1973	[Epoch 494 Telemetry] Loss: 0.097240 | lambda_nlgcl=0.0100 | 34028.1 samples/s | 36.86s
20780.0s	1974	[Coach] >>> TRAIN @Epoch: 494 >>>  || LOSS Avg: 0.09724
20780.0s	1975	[Wall TIME] >>> Coach.train takes 36.865679 seconds ...
20816.9s	1976	[Epoch 495 Telemetry] Loss: 0.097266 | lambda_nlgcl=0.0100 | 33974.4 samples/s | 36.92s
20816.9s	1977	[Coach] >>> TRAIN @Epoch: 495 >>>  || LOSS Avg: 0.09727
20816.9s	1978	[Wall TIME] >>> Coach.train takes 36.923915 seconds ...
20837.2s	1979	[Coach] >>> Better ***NDCG@20*** of ***0.0310*** 
20837.6s	1980	[Coach] >>> VALID @Epoch: 495 >>>  || RECALL@1 Avg: 0.0095 || RECALL@10 Avg: 0.0457 || RECALL@20 Avg: 0.0686 || NDCG@10 Avg: 0.0252 || NDCG@20 Avg: 0.0310
20837.6s	1981	[Wall TIME] >>> Coach.valid takes 20.718066 seconds ...
20874.9s	1982	[Epoch 496 Telemetry] Loss: 0.097348 | lambda_nlgcl=0.0100 | 33711.3 samples/s | 37.21s
20874.9s	1983	[Coach] >>> TRAIN @Epoch: 496 >>>  || LOSS Avg: 0.09735
20874.9s	1984	[Wall TIME] >>> Coach.train takes 37.211992 seconds ...
20912.0s	1985	[Epoch 497 Telemetry] Loss: 0.097188 | lambda_nlgcl=0.0100 | 33785.6 samples/s | 37.13s
20912.0s	1986	[Coach] >>> TRAIN @Epoch: 497 >>>  || LOSS Avg: 0.09719
20912.0s	1987	[Wall TIME] >>> Coach.train takes 37.130262 seconds ...
20949.0s	1988	[Epoch 498 Telemetry] Loss: 0.097236 | lambda_nlgcl=0.0100 | 33940.7 samples/s | 36.96s
20949.0s	1989	[Coach] >>> TRAIN @Epoch: 498 >>>  || LOSS Avg: 0.09724
20949.0s	1990	[Wall TIME] >>> Coach.train takes 36.960677 seconds ...
20985.8s	1991	[Epoch 499 Telemetry] Loss: 0.097279 | lambda_nlgcl=0.0100 | 34022.1 samples/s | 36.87s
20985.8s	1992	[Coach] >>> TRAIN @Epoch: 499 >>>  || LOSS Avg: 0.09728
20985.8s	1993	[Wall TIME] >>> Coach.train takes 36.872185 seconds ...
21022.7s	1994	[Epoch 500 Telemetry] Loss: 0.097291 | lambda_nlgcl=0.0100 | 34002.0 samples/s | 36.89s
21022.7s	1995	[Coach] >>> TRAIN @Epoch: 500 >>>  || LOSS Avg: 0.09729
21022.7s	1996	[Wall TIME] >>> Coach.train takes 36.893896 seconds ...
21043.0s	1997	[Coach] >>> VALID @Epoch: 500 >>>  || RECALL@1 Avg: 0.0093 || RECALL@10 Avg: 0.0458 || RECALL@20 Avg: 0.0689 || NDCG@10 Avg: 0.0251 || NDCG@20 Avg: 0.0310
21043.0s	1998	[Wall TIME] >>> Coach.valid takes 20.369902 seconds ...
21063.5s	1999	[Coach] >>> TEST  @Epoch: 500 >>>  || RECALL@1 Avg: 0.0102 || RECALL@10 Avg: 0.0461 || RECALL@20 Avg: 0.0678 || NDCG@10 Avg: 0.0260 || NDCG@20 Avg: 0.0316
21063.5s	2000	[Wall TIME] >>> Coach.test takes 20.368284 seconds ...
21066.4s	2001	     Mode     Metric      Best  @Step
21066.4s	2002	0   train       LOSS  0.097188    496
21066.4s	2003	1   valid   RECALL@1  0.009695    340
21066.4s	2004	2   valid  RECALL@10  0.045826    500
21066.4s	2005	3   valid  RECALL@20  0.068872    500
21066.4s	2006	4   valid    NDCG@10  0.025185    495
21066.4s	2007	5   valid    NDCG@20  0.031012    495
21066.4s	2008	6    test   RECALL@1  0.010232      0
21066.4s	2009	7    test  RECALL@10  0.046077      0
21066.4s	2010	8    test  RECALL@20  0.067832      0
21066.4s	2011	9    test    NDCG@10  0.026011      0
21066.4s	2012	10   test    NDCG@20  0.031646      0
21066.4s	2013	[LoG_PaTH] >>> ./logs/STAIR5-v4-NLGCL-CSE/Amazon2014Electronics_550_MMRec/1003030949
21066.5s	2014	[Wall TIME] >>> Coach.summary takes 2.263811 seconds ...
21066.5s	2015	[Coach] >>> Load best model @Epoch: 495 (-1) 
21087.0s	2016	[Coach] >>> VALID @Epoch: 495 >>>  || RECALL@1 Avg: 0.0095 || RECALL@10 Avg: 0.0457 || RECALL@20 Avg: 0.0686 || NDCG@10 Avg: 0.0252 || NDCG@20 Avg: 0.0310
21087.0s	2017	[Wall TIME] >>> Coach.valid takes 20.403988 seconds ...
21107.4s	2018	[Coach] >>> TEST  @Epoch: 495 >>>  || RECALL@1 Avg: 0.0102 || RECALL@10 Avg: 0.0458 || RECALL@20 Avg: 0.0678 || NDCG@10 Avg: 0.0260 || NDCG@20 Avg: 0.0316
21107.4s	2019	[Wall TIME] >>> Coach.test takes 20.353616 seconds ...
21107.4s	2020	[Wall TIME] >>> Coach.fit takes 20865.535594 seconds ...
21110.9s	2021	⏱️ Thời gian thực thi (ELECTRONICS): 349.71 phút | Trạng thái hoàn thành: 0
21110.9s	2022	
21110.9s	2023	================================================================================
21110.9s	2024	📊 KẾT QUẢ THỰC NGHIỆM PHA C — AMAZON ELECTRONICS (STAIR5-v4 / N-CSE):
21110.9s	2025	  * Checkpoint tối ưu tại Epoch: 495 (Validation NDCG@20 = 0.0310)
21110.9s	2026	  * Recall@10  : 0.0458  (Historical NLGCL: 0.0458 | Biến thiên: +0.00%)
21110.9s	2027	  * Recall@20  : 0.0678  (Historical NLGCL: 0.0676 | Biến thiên: +0.30%)
21110.9s	2028	  * NDCG@10    : 0.0260  (Historical NLGCL: 0.0258 | Biến thiên: +0.78%)
21110.9s	2029	  * NDCG@20    : 0.0316  (Historical NLGCL: 0.0314 | Biến thiên: +0.64%)