/usr/local/lib/python3.12/dist-packages/torchdata/datapipes/__init__.py:18: UserWarning: 
################################################################################
WARNING!
The 'datapipes', 'dataloader2' modules are deprecated and will be removed in a
future torchdata release! Please see https://github.com/pytorch/data/issues/1196
to learn more and leave feedback.
################################################################################

  deprecation_warning()
[Wall TIME] >>> Parser.parse takes 0.045159 seconds ...
[Wall TIME] >>> Parser.load takes 0.003715 seconds ...
[Benchmark] >>> cudnn.benchmark == False | cudnn.deterministic == True
[Seed] >>> Set seed: 1
[PARSER] >>>
[SAVED_FILENAME: model.pt] 
[BEST_FILENAME: best.pt] 
[CHECKPOINT_FREQ: 10] 
[CHECKPOINT_MODULES: ['model', 'optimizer', 'lr_scheduler']] 
[CHECKPOINT_FILENAME: checkpoint.tar] 
[SUMMARY_FILENAME: SUMMARY.md] 
[MONITOR_FILENAME: monitors.pkl] 
[MONITOR_BEST_FILENAME: best.pkl] 
[CONFIG_FILENAME: config.json] 
[RESULTS_FILENAME: results.json] 
[monitors: ['LOSS', 'Recall@1', 'Recall@10', 'Recall@20', 'NDCG@10', 'NDCG@20']] 
[which4best: NDCG@20] 
[config: /kaggle/working/STAIR-Enhanced/configs/Amazon2014Sports_STAIR5_v4.yaml] 
[id: 1002171055] 
[description: STAIR5-v4-NLGCL-CSE] 
[root: /kaggle/data] 
[dataset: Amazon2014Sports_550_MMRec] 
[tasktag: None] 
[ranking: full] 
[retain_seen: False] 
[device: cuda:0] 
[ddp_backend: nccl] 
[num_workers: 4] 
[optimizer: adamwsevo] 
[optim_first_moment_decay: 0.9] 
[optim_second_moment_decay: 0.999] 
[weight_decay: 0.1] 
[lr: 0.001] 
[batch_size: 1024] 
[gradient_accumulation_steps: 1] 
[epochs: 500] 
[eval_valid: True] 
[eval_test: False] 
[eval_freq: 5] 
[early_stop_patience: 1e+23] 
[seed: 1] 
[benchmark: False] 
[resume: False] 
[log2file: True] 
[log2console: True] 
[embedding_dim: 64] 
[num_layers: 3] 
[mfiles: textual_modality.pkl,visual_modality.pkl] 
[num_neighbors: 5-1] 
[gamma: 0.2] 
[beta1: 0.9] 
[beta2: 0.999] 
[eta: 0.1] 
[k_cf: 5] 
[c_min: 2] 
[t_shrinkage: 5.0] 
[placebo_seed: 1] 
[lambda_nlgcl: 0.01] 
[nlgcl_tau: 0.2] 
[nlgcl_G: 1] 
[nlgcl_alpha: 0.5] 
[cl_chunk_size: 1024] 
[knn_chunk_size: 1024] 
[cf_block_size: 64] 
[cf_memory_budget_mib: 128.0] 
[graph_cache_dir: /kaggle/working/runs/stair5_v4/graph_cache] 
[artifact_dir: /kaggle/working/runs/stair5_v4/20261002_171043_1e0eba/sports_N-CSE_seed1_eta0.1] 
[resume_from: ] 
[v4_arm: N-CSE] 
[knn_device: auto] 
[DATA_DIR: data] 
[SUMMARY_DIR: summary] 
[CHECKPOINT_PATH: ./infos/STAIR5-v4-NLGCL-CSE/Amazon2014Sports_550_MMRec/0] 
[LOG_PATH: ./logs/STAIR5-v4-NLGCL-CSE/Amazon2014Sports_550_MMRec/1002171055] 

[Wall TIME] >>> Parser.compile takes 0.208671 seconds ...
[DataSet] >>> Fitting fields over `train` set ...
[DataSet] >>> Fitting fields over `valid` set ...
[DataSet] >>> Fitting fields over `test` set ...
[DataSet] >>> Normalizing fields over `train` set ...
[DataSet] >>> Normalizing fields over `valid` set ...
[DataSet] >>> Normalizing fields over `test` set ...
[MatchingRecDataSet] >>> USER:35598:ID,USER | ITEM:18357:ID,ITEM | TIMESTAMP:2941:TIMESTAMP
+--------+--------+---------------+--------+--------+-------+------------------------+
| #Users | #Items | #Interactions | #Train | #Valid | #Test |        Density         |
+--------+--------+---------------+--------+--------+-------+------------------------+
| 35598  | 18357  |     296337    | 218409 | 37899  | 40029 | 0.00045348045456958995 |
+--------+--------+---------------+--------+--------+-------+------------------------+
[Wall TIME] >>> BaseSet.compile takes 0.484868 seconds ...
/usr/local/lib/python3.12/dist-packages/freerec/graph.py:68: UserWarning: Sparse CSR tensor support is in beta state. If you miss a functionality in the sparse tensor support, please submit a feature request to https://github.com/pytorch/pytorch/issues. (Triggered internally at /pytorch/aten/src/ATen/SparseCsrTensorImpl.cpp:49.)
  ).to_sparse_csr()
[Wall TIME] >>> RecDataSet.to_heterograph takes 0.084169 seconds ...
[STAIR5-v4 graph] {"version": 4, "arm": "N-CSE", "eta": 0.1, "k_cf": 5, "c_min": 2, "t_shrinkage": 5.0, "num_users": 35598, "num_items": 18357, "cache_hit": false, "train_fingerprint": "b764a0df2c6080ef0b3f1cefdbcf313a8ce012f570903d95ffa31425e1f9c14e", "cf_cache_key": "20b7e1854aac1bf2b3cafa9d06a1b7265da6d19c326e037a617d1c14ef919195", "cf_preprocessing_seconds": 0.5808713699999544, "cf_block_size_requested": 64, "cf_memory_budget_mib": 128.0, "active": true, "effective_eta": 0.1, "s0_nnz": 157752, "cf_nnz": 43334, "s4_nnz": 206300, "cf_isolated_nodes": 8262, "cf_isolated_fraction": 0.45007354142833794, "jaccard_semantic_cf": 0.015390985568426262, "new_cf_edges_count": 40286, "new_cf_fraction": 0.9296626205750681, "relative_operator_delta": 0.2407867822493734, "relative_operator_delta_kind": "frobenius_ratio", "graph_fingerprint": "49e04ce876fe11de0611836d1822f79ad91ee298f5a619193b26dc6a5e91cae6", "is_placebo": false}
[Wall TIME] >>> GenTrainNegativeSampler.prepare takes 0.756195 seconds ...
[Wall TIME] >>> ValidSampler.prepare takes 0.809611 seconds ...
[Wall TIME] >>> TestSampler.prepare takes 0.919719 seconds ...
[Coach] >>> Set best meter: NDCG@20 
[Coach] >>> Better ***NDCG@20*** of ***0.0223*** 
[Coach] >>> VALID @Epoch: 0 >>>  || RECALL@1 Avg: 0.0058 || RECALL@10 Avg: 0.0343 || RECALL@20 Avg: 0.0511 || NDCG@10 Avg: 0.0180 || NDCG@20 Avg: 0.0223
[Wall TIME] >>> Coach.valid takes 3.067336 seconds ...
[Epoch 001 Telemetry] Loss: 0.667798 | lambda_nlgcl=0.0100 | 45526.8 samples/s | 4.80s
[Coach] >>> TRAIN @Epoch: 1 >>>  || LOSS Avg: 0.66780
[Wall TIME] >>> Coach.train takes 4.798276 seconds ...
[Epoch 002 Telemetry] Loss: 0.632305 | lambda_nlgcl=0.0100 | 44326.1 samples/s | 4.93s
[Coach] >>> TRAIN @Epoch: 2 >>>  || LOSS Avg: 0.63230
[Wall TIME] >>> Coach.train takes 4.928083 seconds ...
[Epoch 003 Telemetry] Loss: 0.586466 | lambda_nlgcl=0.0100 | 47602.1 samples/s | 4.59s
[Coach] >>> TRAIN @Epoch: 3 >>>  || LOSS Avg: 0.58647
[Wall TIME] >>> Coach.train takes 4.589051 seconds ...
[Epoch 004 Telemetry] Loss: 0.534568 | lambda_nlgcl=0.0100 | 47645.0 samples/s | 4.58s
[Coach] >>> TRAIN @Epoch: 4 >>>  || LOSS Avg: 0.53457
[Wall TIME] >>> Coach.train takes 4.584809 seconds ...
[Epoch 005 Telemetry] Loss: 0.482972 | lambda_nlgcl=0.0100 | 44174.0 samples/s | 4.94s
[Coach] >>> TRAIN @Epoch: 5 >>>  || LOSS Avg: 0.48297
[Wall TIME] >>> Coach.train takes 4.945003 seconds ...
[Coach] >>> Better ***NDCG@20*** of ***0.0387*** 
[Coach] >>> VALID @Epoch: 5 >>>  || RECALL@1 Avg: 0.0108 || RECALL@10 Avg: 0.0581 || RECALL@20 Avg: 0.0883 || NDCG@10 Avg: 0.0310 || NDCG@20 Avg: 0.0387
[Wall TIME] >>> Coach.valid takes 1.474594 seconds ...
[Epoch 006 Telemetry] Loss: 0.436233 | lambda_nlgcl=0.0100 | 48032.3 samples/s | 4.55s
[Coach] >>> TRAIN @Epoch: 6 >>>  || LOSS Avg: 0.43623
[Wall TIME] >>> Coach.train takes 4.547755 seconds ...
[Epoch 007 Telemetry] Loss: 0.396083 | lambda_nlgcl=0.0100 | 43931.2 samples/s | 4.97s
[Coach] >>> TRAIN @Epoch: 7 >>>  || LOSS Avg: 0.39608
[Wall TIME] >>> Coach.train takes 4.972270 seconds ...
[Epoch 008 Telemetry] Loss: 0.362571 | lambda_nlgcl=0.0100 | 47803.2 samples/s | 4.57s
[Coach] >>> TRAIN @Epoch: 8 >>>  || LOSS Avg: 0.36257
[Wall TIME] >>> Coach.train takes 4.569689 seconds ...
[Epoch 009 Telemetry] Loss: 0.334051 | lambda_nlgcl=0.0100 | 44378.7 samples/s | 4.92s
[Coach] >>> TRAIN @Epoch: 9 >>>  || LOSS Avg: 0.33405
[Wall TIME] >>> Coach.train takes 4.922308 seconds ...
[Epoch 010 Telemetry] Loss: 0.310351 | lambda_nlgcl=0.0100 | 47881.1 samples/s | 4.56s
[Coach] >>> TRAIN @Epoch: 10 >>>  || LOSS Avg: 0.31035
[Wall TIME] >>> Coach.train takes 4.562218 seconds ...
[Coach] >>> Better ***NDCG@20*** of ***0.0399*** 
[Coach] >>> VALID @Epoch: 10 >>>  || RECALL@1 Avg: 0.0111 || RECALL@10 Avg: 0.0598 || RECALL@20 Avg: 0.0913 || NDCG@10 Avg: 0.0319 || NDCG@20 Avg: 0.0399
[Wall TIME] >>> Coach.valid takes 1.471688 seconds ...
[Epoch 011 Telemetry] Loss: 0.290492 | lambda_nlgcl=0.0100 | 47424.4 samples/s | 4.61s
[Coach] >>> TRAIN @Epoch: 11 >>>  || LOSS Avg: 0.29049
[Wall TIME] >>> Coach.train takes 4.606196 seconds ...
[Epoch 012 Telemetry] Loss: 0.273157 | lambda_nlgcl=0.0100 | 44075.2 samples/s | 4.96s
[Coach] >>> TRAIN @Epoch: 12 >>>  || LOSS Avg: 0.27316
[Wall TIME] >>> Coach.train takes 4.956088 seconds ...
[Epoch 013 Telemetry] Loss: 0.258202 | lambda_nlgcl=0.0100 | 46824.4 samples/s | 4.66s
[Coach] >>> TRAIN @Epoch: 13 >>>  || LOSS Avg: 0.25820
[Wall TIME] >>> Coach.train takes 4.665144 seconds ...
[Epoch 014 Telemetry] Loss: 0.245431 | lambda_nlgcl=0.0100 | 43777.6 samples/s | 4.99s
[Coach] >>> TRAIN @Epoch: 14 >>>  || LOSS Avg: 0.24543
[Wall TIME] >>> Coach.train takes 4.989798 seconds ...
[Epoch 015 Telemetry] Loss: 0.233608 | lambda_nlgcl=0.0100 | 46843.4 samples/s | 4.66s
[Coach] >>> TRAIN @Epoch: 15 >>>  || LOSS Avg: 0.23361
[Wall TIME] >>> Coach.train takes 4.663322 seconds ...
[Coach] >>> Better ***NDCG@20*** of ***0.0408*** 
[Coach] >>> VALID @Epoch: 15 >>>  || RECALL@1 Avg: 0.0116 || RECALL@10 Avg: 0.0614 || RECALL@20 Avg: 0.0935 || NDCG@10 Avg: 0.0326 || NDCG@20 Avg: 0.0408
[Wall TIME] >>> Coach.valid takes 1.481440 seconds ...
[Epoch 016 Telemetry] Loss: 0.223712 | lambda_nlgcl=0.0100 | 48004.4 samples/s | 4.55s
[Coach] >>> TRAIN @Epoch: 16 >>>  || LOSS Avg: 0.22371
[Wall TIME] >>> Coach.train takes 4.550470 seconds ...
[Epoch 017 Telemetry] Loss: 0.215163 | lambda_nlgcl=0.0100 | 44025.1 samples/s | 4.96s
[Coach] >>> TRAIN @Epoch: 17 >>>  || LOSS Avg: 0.21516
[Wall TIME] >>> Coach.train takes 4.961841 seconds ...
[Epoch 018 Telemetry] Loss: 0.206846 | lambda_nlgcl=0.0100 | 47934.3 samples/s | 4.56s
[Coach] >>> TRAIN @Epoch: 18 >>>  || LOSS Avg: 0.20685
[Wall TIME] >>> Coach.train takes 4.557160 seconds ...
[Epoch 019 Telemetry] Loss: 0.199847 | lambda_nlgcl=0.0100 | 44459.5 samples/s | 4.91s
[Coach] >>> TRAIN @Epoch: 19 >>>  || LOSS Avg: 0.19985
[Wall TIME] >>> Coach.train takes 4.913404 seconds ...
[Epoch 020 Telemetry] Loss: 0.192627 | lambda_nlgcl=0.0100 | 47338.8 samples/s | 4.61s
[Coach] >>> TRAIN @Epoch: 20 >>>  || LOSS Avg: 0.19263
[Wall TIME] >>> Coach.train takes 4.614739 seconds ...
[Coach] >>> Better ***NDCG@20*** of ***0.0419*** 
[Coach] >>> VALID @Epoch: 20 >>>  || RECALL@1 Avg: 0.0120 || RECALL@10 Avg: 0.0630 || RECALL@20 Avg: 0.0958 || NDCG@10 Avg: 0.0335 || NDCG@20 Avg: 0.0419
[Wall TIME] >>> Coach.valid takes 1.479733 seconds ...
[Epoch 021 Telemetry] Loss: 0.186254 | lambda_nlgcl=0.0100 | 44168.6 samples/s | 4.94s
[Coach] >>> TRAIN @Epoch: 21 >>>  || LOSS Avg: 0.18625
[Wall TIME] >>> Coach.train takes 4.945785 seconds ...
[Epoch 022 Telemetry] Loss: 0.180849 | lambda_nlgcl=0.0100 | 47952.7 samples/s | 4.55s
[Coach] >>> TRAIN @Epoch: 22 >>>  || LOSS Avg: 0.18085
[Wall TIME] >>> Coach.train takes 4.555506 seconds ...
[Epoch 023 Telemetry] Loss: 0.175248 | lambda_nlgcl=0.0100 | 47641.2 samples/s | 4.58s
[Coach] >>> TRAIN @Epoch: 23 >>>  || LOSS Avg: 0.17525
[Wall TIME] >>> Coach.train takes 4.585218 seconds ...
[Epoch 024 Telemetry] Loss: 0.170404 | lambda_nlgcl=0.0100 | 44264.9 samples/s | 4.93s
[Coach] >>> TRAIN @Epoch: 24 >>>  || LOSS Avg: 0.17040
[Wall TIME] >>> Coach.train takes 4.935010 seconds ...
[Epoch 025 Telemetry] Loss: 0.166199 | lambda_nlgcl=0.0100 | 47378.1 samples/s | 4.61s
[Coach] >>> TRAIN @Epoch: 25 >>>  || LOSS Avg: 0.16620
[Wall TIME] >>> Coach.train takes 4.610624 seconds ...
[Coach] >>> Better ***NDCG@20*** of ***0.0427*** 
[Coach] >>> VALID @Epoch: 25 >>>  || RECALL@1 Avg: 0.0123 || RECALL@10 Avg: 0.0639 || RECALL@20 Avg: 0.0975 || NDCG@10 Avg: 0.0342 || NDCG@20 Avg: 0.0427
[Wall TIME] >>> Coach.valid takes 1.464674 seconds ...
[Epoch 026 Telemetry] Loss: 0.162184 | lambda_nlgcl=0.0100 | 44347.5 samples/s | 4.92s
[Coach] >>> TRAIN @Epoch: 26 >>>  || LOSS Avg: 0.16218
[Wall TIME] >>> Coach.train takes 4.925706 seconds ...
[Epoch 027 Telemetry] Loss: 0.158632 | lambda_nlgcl=0.0100 | 47348.8 samples/s | 4.61s
[Coach] >>> TRAIN @Epoch: 27 >>>  || LOSS Avg: 0.15863
[Wall TIME] >>> Coach.train takes 4.613450 seconds ...
[Epoch 028 Telemetry] Loss: 0.154506 | lambda_nlgcl=0.0100 | 47683.9 samples/s | 4.58s
[Coach] >>> TRAIN @Epoch: 28 >>>  || LOSS Avg: 0.15451
[Wall TIME] >>> Coach.train takes 4.580989 seconds ...
[Epoch 029 Telemetry] Loss: 0.151210 | lambda_nlgcl=0.0100 | 44027.9 samples/s | 4.96s
[Coach] >>> TRAIN @Epoch: 29 >>>  || LOSS Avg: 0.15121
[Wall TIME] >>> Coach.train takes 4.961465 seconds ...
[Epoch 030 Telemetry] Loss: 0.148012 | lambda_nlgcl=0.0100 | 47517.3 samples/s | 4.60s
[Coach] >>> TRAIN @Epoch: 30 >>>  || LOSS Avg: 0.14801
[Wall TIME] >>> Coach.train takes 4.597146 seconds ...
[Coach] >>> Better ***NDCG@20*** of ***0.0433*** 
[Coach] >>> VALID @Epoch: 30 >>>  || RECALL@1 Avg: 0.0126 || RECALL@10 Avg: 0.0644 || RECALL@20 Avg: 0.0989 || NDCG@10 Avg: 0.0346 || NDCG@20 Avg: 0.0433
[Wall TIME] >>> Coach.valid takes 1.477661 seconds ...
[Epoch 031 Telemetry] Loss: 0.145819 | lambda_nlgcl=0.0100 | 44462.8 samples/s | 4.91s
[Coach] >>> TRAIN @Epoch: 31 >>>  || LOSS Avg: 0.14582
[Wall TIME] >>> Coach.train takes 4.912926 seconds ...
[Epoch 032 Telemetry] Loss: 0.142441 | lambda_nlgcl=0.0100 | 47512.5 samples/s | 4.60s
[Coach] >>> TRAIN @Epoch: 32 >>>  || LOSS Avg: 0.14244
[Wall TIME] >>> Coach.train takes 4.597645 seconds ...
[Epoch 033 Telemetry] Loss: 0.139887 | lambda_nlgcl=0.0100 | 47588.5 samples/s | 4.59s
[Coach] >>> TRAIN @Epoch: 33 >>>  || LOSS Avg: 0.13989
[Wall TIME] >>> Coach.train takes 4.590320 seconds ...
[Epoch 034 Telemetry] Loss: 0.137449 | lambda_nlgcl=0.0100 | 44234.3 samples/s | 4.94s
[Coach] >>> TRAIN @Epoch: 34 >>>  || LOSS Avg: 0.13745
[Wall TIME] >>> Coach.train takes 4.938313 seconds ...
[Epoch 035 Telemetry] Loss: 0.135213 | lambda_nlgcl=0.0100 | 47386.9 samples/s | 4.61s
[Coach] >>> TRAIN @Epoch: 35 >>>  || LOSS Avg: 0.13521
[Wall TIME] >>> Coach.train takes 4.609828 seconds ...
[Coach] >>> Better ***NDCG@20*** of ***0.0436*** 
[Coach] >>> VALID @Epoch: 35 >>>  || RECALL@1 Avg: 0.0125 || RECALL@10 Avg: 0.0646 || RECALL@20 Avg: 0.0994 || NDCG@10 Avg: 0.0347 || NDCG@20 Avg: 0.0436
[Wall TIME] >>> Coach.valid takes 1.481068 seconds ...
[Epoch 036 Telemetry] Loss: 0.132786 | lambda_nlgcl=0.0100 | 44199.7 samples/s | 4.94s
[Coach] >>> TRAIN @Epoch: 36 >>>  || LOSS Avg: 0.13279
[Wall TIME] >>> Coach.train takes 4.942116 seconds ...
[Epoch 037 Telemetry] Loss: 0.131007 | lambda_nlgcl=0.0100 | 47356.8 samples/s | 4.61s
[Coach] >>> TRAIN @Epoch: 37 >>>  || LOSS Avg: 0.13101
[Wall TIME] >>> Coach.train takes 4.612741 seconds ...
[Epoch 038 Telemetry] Loss: 0.129412 | lambda_nlgcl=0.0100 | 47729.7 samples/s | 4.58s
[Coach] >>> TRAIN @Epoch: 38 >>>  || LOSS Avg: 0.12941
[Wall TIME] >>> Coach.train takes 4.576737 seconds ...
[Epoch 039 Telemetry] Loss: 0.127409 | lambda_nlgcl=0.0100 | 44064.8 samples/s | 4.96s
[Coach] >>> TRAIN @Epoch: 39 >>>  || LOSS Avg: 0.12741
[Wall TIME] >>> Coach.train takes 4.957253 seconds ...
[Epoch 040 Telemetry] Loss: 0.125880 | lambda_nlgcl=0.0100 | 47508.3 samples/s | 4.60s
[Coach] >>> TRAIN @Epoch: 40 >>>  || LOSS Avg: 0.12588
[Wall TIME] >>> Coach.train takes 4.598015 seconds ...
[Coach] >>> Better ***NDCG@20*** of ***0.0440*** 
[Coach] >>> VALID @Epoch: 40 >>>  || RECALL@1 Avg: 0.0127 || RECALL@10 Avg: 0.0650 || RECALL@20 Avg: 0.1006 || NDCG@10 Avg: 0.0349 || NDCG@20 Avg: 0.0440
[Wall TIME] >>> Coach.valid takes 1.457153 seconds ...
[Epoch 041 Telemetry] Loss: 0.123690 | lambda_nlgcl=0.0100 | 43866.2 samples/s | 4.98s
[Coach] >>> TRAIN @Epoch: 41 >>>  || LOSS Avg: 0.12369
[Wall TIME] >>> Coach.train takes 4.979721 seconds ...
[Epoch 042 Telemetry] Loss: 0.122356 | lambda_nlgcl=0.0100 | 47869.2 samples/s | 4.56s
[Coach] >>> TRAIN @Epoch: 42 >>>  || LOSS Avg: 0.12236
[Wall TIME] >>> Coach.train takes 4.563382 seconds ...
[Epoch 043 Telemetry] Loss: 0.120613 | lambda_nlgcl=0.0100 | 47778.5 samples/s | 4.57s
[Coach] >>> TRAIN @Epoch: 43 >>>  || LOSS Avg: 0.12061
[Wall TIME] >>> Coach.train takes 4.572057 seconds ...
[Epoch 044 Telemetry] Loss: 0.119612 | lambda_nlgcl=0.0100 | 44517.1 samples/s | 4.91s
[Coach] >>> TRAIN @Epoch: 44 >>>  || LOSS Avg: 0.11961
[Wall TIME] >>> Coach.train takes 4.906986 seconds ...
[Epoch 045 Telemetry] Loss: 0.118171 | lambda_nlgcl=0.0100 | 47476.2 samples/s | 4.60s
[Coach] >>> TRAIN @Epoch: 45 >>>  || LOSS Avg: 0.11817
[Wall TIME] >>> Coach.train takes 4.601129 seconds ...
[Coach] >>> Better ***NDCG@20*** of ***0.0442*** 
[Coach] >>> VALID @Epoch: 45 >>>  || RECALL@1 Avg: 0.0128 || RECALL@10 Avg: 0.0660 || RECALL@20 Avg: 0.1007 || NDCG@10 Avg: 0.0354 || NDCG@20 Avg: 0.0442
[Wall TIME] >>> Coach.valid takes 1.471869 seconds ...
[Epoch 046 Telemetry] Loss: 0.116664 | lambda_nlgcl=0.0100 | 44137.7 samples/s | 4.95s
[Coach] >>> TRAIN @Epoch: 46 >>>  || LOSS Avg: 0.11666
[Wall TIME] >>> Coach.train takes 4.949087 seconds ...
[Epoch 047 Telemetry] Loss: 0.115140 | lambda_nlgcl=0.0100 | 47098.5 samples/s | 4.64s
[Coach] >>> TRAIN @Epoch: 47 >>>  || LOSS Avg: 0.11514
[Wall TIME] >>> Coach.train takes 4.638082 seconds ...
[Epoch 048 Telemetry] Loss: 0.114961 | lambda_nlgcl=0.0100 | 47042.6 samples/s | 4.64s
[Coach] >>> TRAIN @Epoch: 48 >>>  || LOSS Avg: 0.11496
[Wall TIME] >>> Coach.train takes 4.643659 seconds ...
[Epoch 049 Telemetry] Loss: 0.113195 | lambda_nlgcl=0.0100 | 43720.0 samples/s | 5.00s
[Coach] >>> TRAIN @Epoch: 49 >>>  || LOSS Avg: 0.11319
[Wall TIME] >>> Coach.train takes 4.996455 seconds ...
[Epoch 050 Telemetry] Loss: 0.112272 | lambda_nlgcl=0.0100 | 46908.2 samples/s | 4.66s
[Coach] >>> TRAIN @Epoch: 50 >>>  || LOSS Avg: 0.11227
[Wall TIME] >>> Coach.train takes 4.656840 seconds ...
[Coach] >>> Better ***NDCG@20*** of ***0.0447*** 
[Coach] >>> VALID @Epoch: 50 >>>  || RECALL@1 Avg: 0.0130 || RECALL@10 Avg: 0.0664 || RECALL@20 Avg: 0.1017 || NDCG@10 Avg: 0.0357 || NDCG@20 Avg: 0.0447
[Wall TIME] >>> Coach.valid takes 1.486779 seconds ...
[Epoch 051 Telemetry] Loss: 0.111432 | lambda_nlgcl=0.0100 | 43891.3 samples/s | 4.98s
[Coach] >>> TRAIN @Epoch: 51 >>>  || LOSS Avg: 0.11143
[Wall TIME] >>> Coach.train takes 4.976909 seconds ...
[Epoch 052 Telemetry] Loss: 0.110029 | lambda_nlgcl=0.0100 | 47154.7 samples/s | 4.63s
[Coach] >>> TRAIN @Epoch: 52 >>>  || LOSS Avg: 0.11003
[Wall TIME] >>> Coach.train takes 4.632470 seconds ...
[Epoch 053 Telemetry] Loss: 0.109805 | lambda_nlgcl=0.0100 | 47398.9 samples/s | 4.61s
[Coach] >>> TRAIN @Epoch: 53 >>>  || LOSS Avg: 0.10981
[Wall TIME] >>> Coach.train takes 4.608654 seconds ...
[Epoch 054 Telemetry] Loss: 0.108318 | lambda_nlgcl=0.0100 | 44608.7 samples/s | 4.90s
[Coach] >>> TRAIN @Epoch: 54 >>>  || LOSS Avg: 0.10832
[Wall TIME] >>> Coach.train takes 4.896817 seconds ...
[Epoch 055 Telemetry] Loss: 0.107625 | lambda_nlgcl=0.0100 | 47282.8 samples/s | 4.62s
[Coach] >>> TRAIN @Epoch: 55 >>>  || LOSS Avg: 0.10762
[Wall TIME] >>> Coach.train takes 4.619914 seconds ...
[Coach] >>> Better ***NDCG@20*** of ***0.0450*** 
[Coach] >>> VALID @Epoch: 55 >>>  || RECALL@1 Avg: 0.0132 || RECALL@10 Avg: 0.0671 || RECALL@20 Avg: 0.1020 || NDCG@10 Avg: 0.0361 || NDCG@20 Avg: 0.0450
[Wall TIME] >>> Coach.valid takes 1.477045 seconds ...
[Epoch 056 Telemetry] Loss: 0.107002 | lambda_nlgcl=0.0100 | 44415.4 samples/s | 4.92s
[Coach] >>> TRAIN @Epoch: 56 >>>  || LOSS Avg: 0.10700
[Wall TIME] >>> Coach.train takes 4.918093 seconds ...
[Epoch 057 Telemetry] Loss: 0.105667 | lambda_nlgcl=0.0100 | 47247.0 samples/s | 4.62s
[Coach] >>> TRAIN @Epoch: 57 >>>  || LOSS Avg: 0.10567
[Wall TIME] >>> Coach.train takes 4.623388 seconds ...
[Epoch 058 Telemetry] Loss: 0.105064 | lambda_nlgcl=0.0100 | 47650.9 samples/s | 4.58s
[Coach] >>> TRAIN @Epoch: 58 >>>  || LOSS Avg: 0.10506
[Wall TIME] >>> Coach.train takes 4.584183 seconds ...
[Epoch 059 Telemetry] Loss: 0.104261 | lambda_nlgcl=0.0100 | 43626.7 samples/s | 5.01s
[Coach] >>> TRAIN @Epoch: 59 >>>  || LOSS Avg: 0.10426
[Wall TIME] >>> Coach.train takes 5.007096 seconds ...
[Epoch 060 Telemetry] Loss: 0.103786 | lambda_nlgcl=0.0100 | 47225.7 samples/s | 4.62s
[Coach] >>> TRAIN @Epoch: 60 >>>  || LOSS Avg: 0.10379
[Wall TIME] >>> Coach.train takes 4.625453 seconds ...
[Coach] >>> Better ***NDCG@20*** of ***0.0453*** 
[Coach] >>> VALID @Epoch: 60 >>>  || RECALL@1 Avg: 0.0130 || RECALL@10 Avg: 0.0673 || RECALL@20 Avg: 0.1031 || NDCG@10 Avg: 0.0362 || NDCG@20 Avg: 0.0453
[Wall TIME] >>> Coach.valid takes 1.464182 seconds ...
[Epoch 061 Telemetry] Loss: 0.102708 | lambda_nlgcl=0.0100 | 44013.6 samples/s | 4.96s
[Coach] >>> TRAIN @Epoch: 61 >>>  || LOSS Avg: 0.10271
[Wall TIME] >>> Coach.train takes 4.963044 seconds ...
[Epoch 062 Telemetry] Loss: 0.102159 | lambda_nlgcl=0.0100 | 47237.0 samples/s | 4.62s
[Coach] >>> TRAIN @Epoch: 62 >>>  || LOSS Avg: 0.10216
[Wall TIME] >>> Coach.train takes 4.624484 seconds ...
[Epoch 063 Telemetry] Loss: 0.101467 | lambda_nlgcl=0.0100 | 47520.3 samples/s | 4.60s
[Coach] >>> TRAIN @Epoch: 63 >>>  || LOSS Avg: 0.10147
[Wall TIME] >>> Coach.train takes 4.596810 seconds ...
[Epoch 064 Telemetry] Loss: 0.101188 | lambda_nlgcl=0.0100 | 43865.4 samples/s | 4.98s
[Coach] >>> TRAIN @Epoch: 64 >>>  || LOSS Avg: 0.10119
[Wall TIME] >>> Coach.train takes 4.979768 seconds ...
[Epoch 065 Telemetry] Loss: 0.100453 | lambda_nlgcl=0.0100 | 47300.6 samples/s | 4.62s
[Coach] >>> TRAIN @Epoch: 65 >>>  || LOSS Avg: 0.10045
[Wall TIME] >>> Coach.train takes 4.618125 seconds ...
[Coach] >>> Better ***NDCG@20*** of ***0.0455*** 
[Coach] >>> VALID @Epoch: 65 >>>  || RECALL@1 Avg: 0.0131 || RECALL@10 Avg: 0.0675 || RECALL@20 Avg: 0.1035 || NDCG@10 Avg: 0.0363 || NDCG@20 Avg: 0.0455
[Wall TIME] >>> Coach.valid takes 1.463221 seconds ...
[Epoch 066 Telemetry] Loss: 0.099587 | lambda_nlgcl=0.0100 | 44008.3 samples/s | 4.96s
[Coach] >>> TRAIN @Epoch: 66 >>>  || LOSS Avg: 0.09959
[Wall TIME] >>> Coach.train takes 4.963523 seconds ...
[Epoch 067 Telemetry] Loss: 0.099304 | lambda_nlgcl=0.0100 | 47489.2 samples/s | 4.60s
[Coach] >>> TRAIN @Epoch: 67 >>>  || LOSS Avg: 0.09930
[Wall TIME] >>> Coach.train takes 4.599866 seconds ...
[Epoch 068 Telemetry] Loss: 0.098546 | lambda_nlgcl=0.0100 | 47975.7 samples/s | 4.55s
[Coach] >>> TRAIN @Epoch: 68 >>>  || LOSS Avg: 0.09855
[Wall TIME] >>> Coach.train takes 4.553134 seconds ...
[Epoch 069 Telemetry] Loss: 0.098070 | lambda_nlgcl=0.0100 | 43985.3 samples/s | 4.97s
[Coach] >>> TRAIN @Epoch: 69 >>>  || LOSS Avg: 0.09807
[Wall TIME] >>> Coach.train takes 4.966298 seconds ...
[Epoch 070 Telemetry] Loss: 0.097649 | lambda_nlgcl=0.0100 | 47609.7 samples/s | 4.59s
[Coach] >>> TRAIN @Epoch: 70 >>>  || LOSS Avg: 0.09765
[Wall TIME] >>> Coach.train takes 4.588356 seconds ...
[Coach] >>> Better ***NDCG@20*** of ***0.0457*** 
[Coach] >>> VALID @Epoch: 70 >>>  || RECALL@1 Avg: 0.0130 || RECALL@10 Avg: 0.0680 || RECALL@20 Avg: 0.1040 || NDCG@10 Avg: 0.0365 || NDCG@20 Avg: 0.0457
[Wall TIME] >>> Coach.valid takes 1.462537 seconds ...
[Epoch 071 Telemetry] Loss: 0.097085 | lambda_nlgcl=0.0100 | 44001.1 samples/s | 4.96s
[Coach] >>> TRAIN @Epoch: 71 >>>  || LOSS Avg: 0.09708
[Wall TIME] >>> Coach.train takes 4.964513 seconds ...
[Epoch 072 Telemetry] Loss: 0.096556 | lambda_nlgcl=0.0100 | 47689.5 samples/s | 4.58s
[Coach] >>> TRAIN @Epoch: 72 >>>  || LOSS Avg: 0.09656
[Wall TIME] >>> Coach.train takes 4.580580 seconds ...
[Epoch 073 Telemetry] Loss: 0.096404 | lambda_nlgcl=0.0100 | 47825.4 samples/s | 4.57s
[Coach] >>> TRAIN @Epoch: 73 >>>  || LOSS Avg: 0.09640
[Wall TIME] >>> Coach.train takes 4.567474 seconds ...
[Epoch 074 Telemetry] Loss: 0.095856 | lambda_nlgcl=0.0100 | 44676.2 samples/s | 4.89s
[Coach] >>> TRAIN @Epoch: 74 >>>  || LOSS Avg: 0.09586
[Wall TIME] >>> Coach.train takes 4.889402 seconds ...
[Epoch 075 Telemetry] Loss: 0.095181 | lambda_nlgcl=0.0100 | 47471.9 samples/s | 4.60s
[Coach] >>> TRAIN @Epoch: 75 >>>  || LOSS Avg: 0.09518
[Wall TIME] >>> Coach.train takes 4.601547 seconds ...
[Coach] >>> Better ***NDCG@20*** of ***0.0460*** 
[Coach] >>> VALID @Epoch: 75 >>>  || RECALL@1 Avg: 0.0133 || RECALL@10 Avg: 0.0682 || RECALL@20 Avg: 0.1045 || NDCG@10 Avg: 0.0367 || NDCG@20 Avg: 0.0460
[Wall TIME] >>> Coach.valid takes 1.469325 seconds ...
[Epoch 076 Telemetry] Loss: 0.094970 | lambda_nlgcl=0.0100 | 44325.4 samples/s | 4.93s
[Coach] >>> TRAIN @Epoch: 76 >>>  || LOSS Avg: 0.09497
[Wall TIME] >>> Coach.train takes 4.928140 seconds ...
[Epoch 077 Telemetry] Loss: 0.094265 | lambda_nlgcl=0.0100 | 47420.1 samples/s | 4.61s
[Coach] >>> TRAIN @Epoch: 77 >>>  || LOSS Avg: 0.09427
[Wall TIME] >>> Coach.train takes 4.606495 seconds ...
[Epoch 078 Telemetry] Loss: 0.094054 | lambda_nlgcl=0.0100 | 47994.2 samples/s | 4.55s
[Coach] >>> TRAIN @Epoch: 78 >>>  || LOSS Avg: 0.09405
[Wall TIME] >>> Coach.train takes 4.551545 seconds ...
[Epoch 079 Telemetry] Loss: 0.093597 | lambda_nlgcl=0.0100 | 43784.5 samples/s | 4.99s
[Coach] >>> TRAIN @Epoch: 79 >>>  || LOSS Avg: 0.09360
[Wall TIME] >>> Coach.train takes 4.989008 seconds ...
[Epoch 080 Telemetry] Loss: 0.092917 | lambda_nlgcl=0.0100 | 47738.8 samples/s | 4.58s
[Coach] >>> TRAIN @Epoch: 80 >>>  || LOSS Avg: 0.09292
[Wall TIME] >>> Coach.train takes 4.575808 seconds ...
[Coach] >>> Better ***NDCG@20*** of ***0.0464*** 
[Coach] >>> VALID @Epoch: 80 >>>  || RECALL@1 Avg: 0.0133 || RECALL@10 Avg: 0.0691 || RECALL@20 Avg: 0.1055 || NDCG@10 Avg: 0.0371 || NDCG@20 Avg: 0.0464
[Wall TIME] >>> Coach.valid takes 1.478916 seconds ...
[Epoch 081 Telemetry] Loss: 0.092689 | lambda_nlgcl=0.0100 | 44289.9 samples/s | 4.93s
[Coach] >>> TRAIN @Epoch: 81 >>>  || LOSS Avg: 0.09269
[Wall TIME] >>> Coach.train takes 4.932041 seconds ...
[Epoch 082 Telemetry] Loss: 0.092705 | lambda_nlgcl=0.0100 | 47783.8 samples/s | 4.57s
[Coach] >>> TRAIN @Epoch: 82 >>>  || LOSS Avg: 0.09271
[Wall TIME] >>> Coach.train takes 4.571561 seconds ...
[Epoch 083 Telemetry] Loss: 0.092107 | lambda_nlgcl=0.0100 | 47669.9 samples/s | 4.58s
[Coach] >>> TRAIN @Epoch: 83 >>>  || LOSS Avg: 0.09211
[Wall TIME] >>> Coach.train takes 4.582421 seconds ...
[Epoch 084 Telemetry] Loss: 0.091870 | lambda_nlgcl=0.0100 | 44332.7 samples/s | 4.93s
[Coach] >>> TRAIN @Epoch: 84 >>>  || LOSS Avg: 0.09187
[Wall TIME] >>> Coach.train takes 4.927372 seconds ...
[Epoch 085 Telemetry] Loss: 0.091556 | lambda_nlgcl=0.0100 | 47171.4 samples/s | 4.63s
[Coach] >>> TRAIN @Epoch: 85 >>>  || LOSS Avg: 0.09156
[Wall TIME] >>> Coach.train takes 4.630895 seconds ...
[Coach] >>> VALID @Epoch: 85 >>>  || RECALL@1 Avg: 0.0132 || RECALL@10 Avg: 0.0693 || RECALL@20 Avg: 0.1054 || NDCG@10 Avg: 0.0371 || NDCG@20 Avg: 0.0463
[Wall TIME] >>> Coach.valid takes 1.424381 seconds ...
[Epoch 086 Telemetry] Loss: 0.091415 | lambda_nlgcl=0.0100 | 44349.8 samples/s | 4.92s
[Coach] >>> TRAIN @Epoch: 86 >>>  || LOSS Avg: 0.09141
[Wall TIME] >>> Coach.train takes 4.925444 seconds ...
[Epoch 087 Telemetry] Loss: 0.090868 | lambda_nlgcl=0.0100 | 47448.4 samples/s | 4.60s
[Coach] >>> TRAIN @Epoch: 87 >>>  || LOSS Avg: 0.09087
[Wall TIME] >>> Coach.train takes 4.603813 seconds ...
[Epoch 088 Telemetry] Loss: 0.090350 | lambda_nlgcl=0.0100 | 47809.9 samples/s | 4.57s
[Coach] >>> TRAIN @Epoch: 88 >>>  || LOSS Avg: 0.09035
[Wall TIME] >>> Coach.train takes 4.569051 seconds ...
[Epoch 089 Telemetry] Loss: 0.090379 | lambda_nlgcl=0.0100 | 44123.0 samples/s | 4.95s
[Coach] >>> TRAIN @Epoch: 89 >>>  || LOSS Avg: 0.09038
[Wall TIME] >>> Coach.train takes 4.950714 seconds ...
[Epoch 090 Telemetry] Loss: 0.089988 | lambda_nlgcl=0.0100 | 47976.2 samples/s | 4.55s
[Coach] >>> TRAIN @Epoch: 90 >>>  || LOSS Avg: 0.08999
[Wall TIME] >>> Coach.train takes 4.553172 seconds ...
[Coach] >>> Better ***NDCG@20*** of ***0.0464*** 
[Coach] >>> VALID @Epoch: 90 >>>  || RECALL@1 Avg: 0.0130 || RECALL@10 Avg: 0.0695 || RECALL@20 Avg: 0.1059 || NDCG@10 Avg: 0.0372 || NDCG@20 Avg: 0.0464
[Wall TIME] >>> Coach.valid takes 1.489176 seconds ...
[Epoch 091 Telemetry] Loss: 0.089662 | lambda_nlgcl=0.0100 | 44325.3 samples/s | 4.93s
[Coach] >>> TRAIN @Epoch: 91 >>>  || LOSS Avg: 0.08966
[Wall TIME] >>> Coach.train takes 4.928234 seconds ...
[Epoch 092 Telemetry] Loss: 0.088984 | lambda_nlgcl=0.0100 | 47804.3 samples/s | 4.57s
[Coach] >>> TRAIN @Epoch: 92 >>>  || LOSS Avg: 0.08898
[Wall TIME] >>> Coach.train takes 4.569465 seconds ...
[Epoch 093 Telemetry] Loss: 0.088958 | lambda_nlgcl=0.0100 | 47796.3 samples/s | 4.57s
[Coach] >>> TRAIN @Epoch: 93 >>>  || LOSS Avg: 0.08896
[Wall TIME] >>> Coach.train takes 4.570419 seconds ...
[Epoch 094 Telemetry] Loss: 0.088829 | lambda_nlgcl=0.0100 | 45051.5 samples/s | 4.85s
[Coach] >>> TRAIN @Epoch: 94 >>>  || LOSS Avg: 0.08883
[Wall TIME] >>> Coach.train takes 4.848623 seconds ...
[Epoch 095 Telemetry] Loss: 0.088657 | lambda_nlgcl=0.0100 | 47695.8 samples/s | 4.58s
[Coach] >>> TRAIN @Epoch: 95 >>>  || LOSS Avg: 0.08866
[Wall TIME] >>> Coach.train takes 4.579931 seconds ...
[Coach] >>> Better ***NDCG@20*** of ***0.0467*** 
[Coach] >>> VALID @Epoch: 95 >>>  || RECALL@1 Avg: 0.0131 || RECALL@10 Avg: 0.0699 || RECALL@20 Avg: 0.1063 || NDCG@10 Avg: 0.0374 || NDCG@20 Avg: 0.0467
[Wall TIME] >>> Coach.valid takes 1.479574 seconds ...
[Epoch 096 Telemetry] Loss: 0.088309 | lambda_nlgcl=0.0100 | 44077.5 samples/s | 4.96s
[Coach] >>> TRAIN @Epoch: 96 >>>  || LOSS Avg: 0.08831
[Wall TIME] >>> Coach.train takes 4.955822 seconds ...
[Epoch 097 Telemetry] Loss: 0.088349 | lambda_nlgcl=0.0100 | 48130.6 samples/s | 4.54s
[Coach] >>> TRAIN @Epoch: 97 >>>  || LOSS Avg: 0.08835
[Wall TIME] >>> Coach.train takes 4.538614 seconds ...
[Epoch 098 Telemetry] Loss: 0.087787 | lambda_nlgcl=0.0100 | 47662.8 samples/s | 4.58s
[Coach] >>> TRAIN @Epoch: 98 >>>  || LOSS Avg: 0.08779
[Wall TIME] >>> Coach.train takes 4.583212 seconds ...
[Epoch 099 Telemetry] Loss: 0.087726 | lambda_nlgcl=0.0100 | 44564.5 samples/s | 4.90s
[Coach] >>> TRAIN @Epoch: 99 >>>  || LOSS Avg: 0.08773
[Wall TIME] >>> Coach.train takes 4.901678 seconds ...
[Epoch 100 Telemetry] Loss: 0.087445 | lambda_nlgcl=0.0100 | 48082.0 samples/s | 4.54s
[Coach] >>> TRAIN @Epoch: 100 >>>  || LOSS Avg: 0.08745
[Wall TIME] >>> Coach.train takes 4.543223 seconds ...
[Coach] >>> Better ***NDCG@20*** of ***0.0468*** 
[Coach] >>> VALID @Epoch: 100 >>>  || RECALL@1 Avg: 0.0135 || RECALL@10 Avg: 0.0697 || RECALL@20 Avg: 0.1059 || NDCG@10 Avg: 0.0376 || NDCG@20 Avg: 0.0468
[Wall TIME] >>> Coach.valid takes 1.481820 seconds ...
[Epoch 101 Telemetry] Loss: 0.086829 | lambda_nlgcl=0.0100 | 44777.6 samples/s | 4.88s
[Coach] >>> TRAIN @Epoch: 101 >>>  || LOSS Avg: 0.08683
[Wall TIME] >>> Coach.train takes 4.878307 seconds ...
[Epoch 102 Telemetry] Loss: 0.086951 | lambda_nlgcl=0.0100 | 48309.2 samples/s | 4.52s
[Coach] >>> TRAIN @Epoch: 102 >>>  || LOSS Avg: 0.08695
[Wall TIME] >>> Coach.train takes 4.521778 seconds ...
[Epoch 103 Telemetry] Loss: 0.086606 | lambda_nlgcl=0.0100 | 47990.7 samples/s | 4.55s
[Coach] >>> TRAIN @Epoch: 103 >>>  || LOSS Avg: 0.08661
[Wall TIME] >>> Coach.train takes 4.551856 seconds ...
[Epoch 104 Telemetry] Loss: 0.086529 | lambda_nlgcl=0.0100 | 44885.6 samples/s | 4.87s
[Coach] >>> TRAIN @Epoch: 104 >>>  || LOSS Avg: 0.08653
[Wall TIME] >>> Coach.train takes 4.866628 seconds ...
[Epoch 105 Telemetry] Loss: 0.086685 | lambda_nlgcl=0.0100 | 47452.1 samples/s | 4.60s
[Coach] >>> TRAIN @Epoch: 105 >>>  || LOSS Avg: 0.08668
[Wall TIME] >>> Coach.train takes 4.603432 seconds ...
[Coach] >>> Better ***NDCG@20*** of ***0.0472*** 
[Coach] >>> VALID @Epoch: 105 >>>  || RECALL@1 Avg: 0.0136 || RECALL@10 Avg: 0.0706 || RECALL@20 Avg: 0.1070 || NDCG@10 Avg: 0.0379 || NDCG@20 Avg: 0.0472
[Wall TIME] >>> Coach.valid takes 1.466528 seconds ...
[Epoch 106 Telemetry] Loss: 0.086039 | lambda_nlgcl=0.0100 | 44355.5 samples/s | 4.92s
[Coach] >>> TRAIN @Epoch: 106 >>>  || LOSS Avg: 0.08604
[Wall TIME] >>> Coach.train takes 4.924905 seconds ...
[Epoch 107 Telemetry] Loss: 0.085686 | lambda_nlgcl=0.0100 | 47631.7 samples/s | 4.59s
[Coach] >>> TRAIN @Epoch: 107 >>>  || LOSS Avg: 0.08569
[Wall TIME] >>> Coach.train takes 4.586149 seconds ...
[Epoch 108 Telemetry] Loss: 0.085722 | lambda_nlgcl=0.0100 | 48062.5 samples/s | 4.54s
[Coach] >>> TRAIN @Epoch: 108 >>>  || LOSS Avg: 0.08572
[Wall TIME] >>> Coach.train takes 4.544949 seconds ...
[Epoch 109 Telemetry] Loss: 0.085501 | lambda_nlgcl=0.0100 | 44468.1 samples/s | 4.91s
[Coach] >>> TRAIN @Epoch: 109 >>>  || LOSS Avg: 0.08550
[Wall TIME] >>> Coach.train takes 4.912303 seconds ...
[Epoch 110 Telemetry] Loss: 0.085349 | lambda_nlgcl=0.0100 | 47769.2 samples/s | 4.57s
[Coach] >>> TRAIN @Epoch: 110 >>>  || LOSS Avg: 0.08535
[Wall TIME] >>> Coach.train takes 4.572942 seconds ...
[Coach] >>> VALID @Epoch: 110 >>>  || RECALL@1 Avg: 0.0136 || RECALL@10 Avg: 0.0702 || RECALL@20 Avg: 0.1072 || NDCG@10 Avg: 0.0377 || NDCG@20 Avg: 0.0471
[Wall TIME] >>> Coach.valid takes 1.428235 seconds ...
[Epoch 111 Telemetry] Loss: 0.085068 | lambda_nlgcl=0.0100 | 44175.1 samples/s | 4.94s
[Coach] >>> TRAIN @Epoch: 111 >>>  || LOSS Avg: 0.08507
[Wall TIME] >>> Coach.train takes 4.944891 seconds ...
[Epoch 112 Telemetry] Loss: 0.084677 | lambda_nlgcl=0.0100 | 47786.9 samples/s | 4.57s
[Coach] >>> TRAIN @Epoch: 112 >>>  || LOSS Avg: 0.08468
[Wall TIME] >>> Coach.train takes 4.571164 seconds ...
[Epoch 113 Telemetry] Loss: 0.084813 | lambda_nlgcl=0.0100 | 47332.0 samples/s | 4.61s
[Coach] >>> TRAIN @Epoch: 113 >>>  || LOSS Avg: 0.08481
[Wall TIME] >>> Coach.train takes 4.615435 seconds ...
[Epoch 114 Telemetry] Loss: 0.084466 | lambda_nlgcl=0.0100 | 44793.5 samples/s | 4.88s
[Coach] >>> TRAIN @Epoch: 114 >>>  || LOSS Avg: 0.08447
[Wall TIME] >>> Coach.train takes 4.876735 seconds ...
[Epoch 115 Telemetry] Loss: 0.084671 | lambda_nlgcl=0.0100 | 47742.9 samples/s | 4.57s
[Coach] >>> TRAIN @Epoch: 115 >>>  || LOSS Avg: 0.08467
[Wall TIME] >>> Coach.train takes 4.575368 seconds ...
[Coach] >>> VALID @Epoch: 115 >>>  || RECALL@1 Avg: 0.0136 || RECALL@10 Avg: 0.0700 || RECALL@20 Avg: 0.1073 || NDCG@10 Avg: 0.0376 || NDCG@20 Avg: 0.0472
[Wall TIME] >>> Coach.valid takes 1.420153 seconds ...
[Epoch 116 Telemetry] Loss: 0.084319 | lambda_nlgcl=0.0100 | 44309.9 samples/s | 4.93s
[Coach] >>> TRAIN @Epoch: 116 >>>  || LOSS Avg: 0.08432
[Wall TIME] >>> Coach.train takes 4.929984 seconds ...
[Epoch 117 Telemetry] Loss: 0.083830 | lambda_nlgcl=0.0100 | 48082.6 samples/s | 4.54s
[Coach] >>> TRAIN @Epoch: 117 >>>  || LOSS Avg: 0.08383
[Wall TIME] >>> Coach.train takes 4.543176 seconds ...
[Epoch 118 Telemetry] Loss: 0.084286 | lambda_nlgcl=0.0100 | 47869.0 samples/s | 4.56s
[Coach] >>> TRAIN @Epoch: 118 >>>  || LOSS Avg: 0.08429
[Wall TIME] >>> Coach.train takes 4.563274 seconds ...
[Epoch 119 Telemetry] Loss: 0.083611 | lambda_nlgcl=0.0100 | 44291.0 samples/s | 4.93s
[Coach] >>> TRAIN @Epoch: 119 >>>  || LOSS Avg: 0.08361
[Wall TIME] >>> Coach.train takes 4.931889 seconds ...
[Epoch 120 Telemetry] Loss: 0.083516 | lambda_nlgcl=0.0100 | 48103.6 samples/s | 4.54s
[Coach] >>> TRAIN @Epoch: 120 >>>  || LOSS Avg: 0.08352
[Wall TIME] >>> Coach.train takes 4.541127 seconds ...
[Coach] >>> Better ***NDCG@20*** of ***0.0473*** 
[Coach] >>> VALID @Epoch: 120 >>>  || RECALL@1 Avg: 0.0137 || RECALL@10 Avg: 0.0700 || RECALL@20 Avg: 0.1078 || NDCG@10 Avg: 0.0377 || NDCG@20 Avg: 0.0473
[Wall TIME] >>> Coach.valid takes 1.492630 seconds ...
[Epoch 121 Telemetry] Loss: 0.083317 | lambda_nlgcl=0.0100 | 44485.8 samples/s | 4.91s
[Coach] >>> TRAIN @Epoch: 121 >>>  || LOSS Avg: 0.08332
[Wall TIME] >>> Coach.train takes 4.910329 seconds ...
[Epoch 122 Telemetry] Loss: 0.083238 | lambda_nlgcl=0.0100 | 48233.9 samples/s | 4.53s
[Coach] >>> TRAIN @Epoch: 122 >>>  || LOSS Avg: 0.08324
[Wall TIME] >>> Coach.train takes 4.528764 seconds ...
[Epoch 123 Telemetry] Loss: 0.083089 | lambda_nlgcl=0.0100 | 47835.6 samples/s | 4.57s
[Coach] >>> TRAIN @Epoch: 123 >>>  || LOSS Avg: 0.08309
[Wall TIME] >>> Coach.train takes 4.566589 seconds ...
[Epoch 124 Telemetry] Loss: 0.082850 | lambda_nlgcl=0.0100 | 44672.3 samples/s | 4.89s
[Coach] >>> TRAIN @Epoch: 124 >>>  || LOSS Avg: 0.08285
[Wall TIME] >>> Coach.train takes 4.889851 seconds ...
[Epoch 125 Telemetry] Loss: 0.082619 | lambda_nlgcl=0.0100 | 47758.0 samples/s | 4.57s
[Coach] >>> TRAIN @Epoch: 125 >>>  || LOSS Avg: 0.08262
[Wall TIME] >>> Coach.train takes 4.573902 seconds ...
[Coach] >>> Better ***NDCG@20*** of ***0.0474*** 
[Coach] >>> VALID @Epoch: 125 >>>  || RECALL@1 Avg: 0.0136 || RECALL@10 Avg: 0.0706 || RECALL@20 Avg: 0.1080 || NDCG@10 Avg: 0.0379 || NDCG@20 Avg: 0.0474
[Wall TIME] >>> Coach.valid takes 1.470142 seconds ...
[Epoch 126 Telemetry] Loss: 0.082807 | lambda_nlgcl=0.0100 | 44281.9 samples/s | 4.93s
[Coach] >>> TRAIN @Epoch: 126 >>>  || LOSS Avg: 0.08281
[Wall TIME] >>> Coach.train takes 4.932890 seconds ...
[Epoch 127 Telemetry] Loss: 0.082552 | lambda_nlgcl=0.0100 | 47747.7 samples/s | 4.57s
[Coach] >>> TRAIN @Epoch: 127 >>>  || LOSS Avg: 0.08255
[Wall TIME] >>> Coach.train takes 4.574994 seconds ...
[Epoch 128 Telemetry] Loss: 0.082605 | lambda_nlgcl=0.0100 | 47965.4 samples/s | 4.55s
[Coach] >>> TRAIN @Epoch: 128 >>>  || LOSS Avg: 0.08261
[Wall TIME] >>> Coach.train takes 4.554283 seconds ...
[Epoch 129 Telemetry] Loss: 0.082328 | lambda_nlgcl=0.0100 | 44510.3 samples/s | 4.91s
[Coach] >>> TRAIN @Epoch: 129 >>>  || LOSS Avg: 0.08233
[Wall TIME] >>> Coach.train takes 4.907659 seconds ...
[Epoch 130 Telemetry] Loss: 0.082117 | lambda_nlgcl=0.0100 | 48507.0 samples/s | 4.50s
[Coach] >>> TRAIN @Epoch: 130 >>>  || LOSS Avg: 0.08212
[Wall TIME] >>> Coach.train takes 4.503371 seconds ...
[Coach] >>> Better ***NDCG@20*** of ***0.0475*** 
[Coach] >>> VALID @Epoch: 130 >>>  || RECALL@1 Avg: 0.0135 || RECALL@10 Avg: 0.0712 || RECALL@20 Avg: 0.1083 || NDCG@10 Avg: 0.0380 || NDCG@20 Avg: 0.0475
[Wall TIME] >>> Coach.valid takes 1.483575 seconds ...
[Epoch 131 Telemetry] Loss: 0.082105 | lambda_nlgcl=0.0100 | 44258.5 samples/s | 4.93s
[Coach] >>> TRAIN @Epoch: 131 >>>  || LOSS Avg: 0.08211
[Wall TIME] >>> Coach.train takes 4.935540 seconds ...
[Epoch 132 Telemetry] Loss: 0.081975 | lambda_nlgcl=0.0100 | 48057.6 samples/s | 4.54s
[Coach] >>> TRAIN @Epoch: 132 >>>  || LOSS Avg: 0.08198
[Wall TIME] >>> Coach.train takes 4.545753 seconds ...
[Epoch 133 Telemetry] Loss: 0.081659 | lambda_nlgcl=0.0100 | 48008.4 samples/s | 4.55s
[Coach] >>> TRAIN @Epoch: 133 >>>  || LOSS Avg: 0.08166
[Wall TIME] >>> Coach.train takes 4.550123 seconds ...
[Epoch 134 Telemetry] Loss: 0.081778 | lambda_nlgcl=0.0100 | 44770.0 samples/s | 4.88s
[Coach] >>> TRAIN @Epoch: 134 >>>  || LOSS Avg: 0.08178
[Wall TIME] >>> Coach.train takes 4.879199 seconds ...
[Epoch 135 Telemetry] Loss: 0.081714 | lambda_nlgcl=0.0100 | 47976.1 samples/s | 4.55s
[Coach] >>> TRAIN @Epoch: 135 >>>  || LOSS Avg: 0.08171
[Wall TIME] >>> Coach.train takes 4.553162 seconds ...
[Coach] >>> Better ***NDCG@20*** of ***0.0476*** 
[Coach] >>> VALID @Epoch: 135 >>>  || RECALL@1 Avg: 0.0136 || RECALL@10 Avg: 0.0712 || RECALL@20 Avg: 0.1086 || NDCG@10 Avg: 0.0381 || NDCG@20 Avg: 0.0476
[Wall TIME] >>> Coach.valid takes 1.473677 seconds ...
[Epoch 136 Telemetry] Loss: 0.081331 | lambda_nlgcl=0.0100 | 44571.3 samples/s | 4.90s
[Coach] >>> TRAIN @Epoch: 136 >>>  || LOSS Avg: 0.08133
[Wall TIME] >>> Coach.train takes 4.900970 seconds ...
[Epoch 137 Telemetry] Loss: 0.081175 | lambda_nlgcl=0.0100 | 47908.0 samples/s | 4.56s
[Coach] >>> TRAIN @Epoch: 137 >>>  || LOSS Avg: 0.08118
[Wall TIME] >>> Coach.train takes 4.559778 seconds ...
[Epoch 138 Telemetry] Loss: 0.081051 | lambda_nlgcl=0.0100 | 47916.4 samples/s | 4.56s
[Coach] >>> TRAIN @Epoch: 138 >>>  || LOSS Avg: 0.08105
[Wall TIME] >>> Coach.train takes 4.558821 seconds ...
[Epoch 139 Telemetry] Loss: 0.081224 | lambda_nlgcl=0.0100 | 44379.5 samples/s | 4.92s
[Coach] >>> TRAIN @Epoch: 139 >>>  || LOSS Avg: 0.08122
[Wall TIME] >>> Coach.train takes 4.922184 seconds ...
[Epoch 140 Telemetry] Loss: 0.080674 | lambda_nlgcl=0.0100 | 47841.4 samples/s | 4.57s
[Coach] >>> TRAIN @Epoch: 140 >>>  || LOSS Avg: 0.08067
[Wall TIME] >>> Coach.train takes 4.565968 seconds ...
[Coach] >>> Better ***NDCG@20*** of ***0.0477*** 
[Coach] >>> VALID @Epoch: 140 >>>  || RECALL@1 Avg: 0.0137 || RECALL@10 Avg: 0.0717 || RECALL@20 Avg: 0.1086 || NDCG@10 Avg: 0.0383 || NDCG@20 Avg: 0.0477
[Wall TIME] >>> Coach.valid takes 1.477574 seconds ...
[Epoch 141 Telemetry] Loss: 0.081234 | lambda_nlgcl=0.0100 | 44379.2 samples/s | 4.92s
[Coach] >>> TRAIN @Epoch: 141 >>>  || LOSS Avg: 0.08123
[Wall TIME] >>> Coach.train takes 4.922040 seconds ...
[Epoch 142 Telemetry] Loss: 0.080962 | lambda_nlgcl=0.0100 | 48046.5 samples/s | 4.55s
[Coach] >>> TRAIN @Epoch: 142 >>>  || LOSS Avg: 0.08096
[Wall TIME] >>> Coach.train takes 4.546732 seconds ...
[Epoch 143 Telemetry] Loss: 0.080506 | lambda_nlgcl=0.0100 | 48019.7 samples/s | 4.55s
[Coach] >>> TRAIN @Epoch: 143 >>>  || LOSS Avg: 0.08051
[Wall TIME] >>> Coach.train takes 4.549104 seconds ...
[Epoch 144 Telemetry] Loss: 0.080508 | lambda_nlgcl=0.0100 | 44919.2 samples/s | 4.86s
[Coach] >>> TRAIN @Epoch: 144 >>>  || LOSS Avg: 0.08051
[Wall TIME] >>> Coach.train takes 4.863093 seconds ...
[Epoch 145 Telemetry] Loss: 0.080429 | lambda_nlgcl=0.0100 | 47620.7 samples/s | 4.59s
[Coach] >>> TRAIN @Epoch: 145 >>>  || LOSS Avg: 0.08043
[Wall TIME] >>> Coach.train takes 4.587234 seconds ...
[Coach] >>> VALID @Epoch: 145 >>>  || RECALL@1 Avg: 0.0132 || RECALL@10 Avg: 0.0714 || RECALL@20 Avg: 0.1082 || NDCG@10 Avg: 0.0381 || NDCG@20 Avg: 0.0475
[Wall TIME] >>> Coach.valid takes 1.414365 seconds ...
[Epoch 146 Telemetry] Loss: 0.080486 | lambda_nlgcl=0.0100 | 44223.5 samples/s | 4.94s
[Coach] >>> TRAIN @Epoch: 146 >>>  || LOSS Avg: 0.08049
[Wall TIME] >>> Coach.train takes 4.939386 seconds ...
[Epoch 147 Telemetry] Loss: 0.080212 | lambda_nlgcl=0.0100 | 48166.9 samples/s | 4.53s
[Coach] >>> TRAIN @Epoch: 147 >>>  || LOSS Avg: 0.08021
[Wall TIME] >>> Coach.train takes 4.535253 seconds ...
[Epoch 148 Telemetry] Loss: 0.080159 | lambda_nlgcl=0.0100 | 48112.3 samples/s | 4.54s
[Coach] >>> TRAIN @Epoch: 148 >>>  || LOSS Avg: 0.08016
[Wall TIME] >>> Coach.train takes 4.540212 seconds ...
[Epoch 149 Telemetry] Loss: 0.080124 | lambda_nlgcl=0.0100 | 44577.1 samples/s | 4.90s
[Coach] >>> TRAIN @Epoch: 149 >>>  || LOSS Avg: 0.08012
[Wall TIME] >>> Coach.train takes 4.900339 seconds ...
[Epoch 150 Telemetry] Loss: 0.079959 | lambda_nlgcl=0.0100 | 48279.6 samples/s | 4.52s
[Coach] >>> TRAIN @Epoch: 150 >>>  || LOSS Avg: 0.07996
[Wall TIME] >>> Coach.train takes 4.524548 seconds ...
[Coach] >>> VALID @Epoch: 150 >>>  || RECALL@1 Avg: 0.0133 || RECALL@10 Avg: 0.0713 || RECALL@20 Avg: 0.1088 || NDCG@10 Avg: 0.0381 || NDCG@20 Avg: 0.0477
[Wall TIME] >>> Coach.valid takes 1.436120 seconds ...
[Epoch 151 Telemetry] Loss: 0.079941 | lambda_nlgcl=0.0100 | 44546.9 samples/s | 4.90s
[Coach] >>> TRAIN @Epoch: 151 >>>  || LOSS Avg: 0.07994
[Wall TIME] >>> Coach.train takes 4.903526 seconds ...
[Epoch 152 Telemetry] Loss: 0.079576 | lambda_nlgcl=0.0100 | 48166.7 samples/s | 4.53s
[Coach] >>> TRAIN @Epoch: 152 >>>  || LOSS Avg: 0.07958
[Wall TIME] >>> Coach.train takes 4.535140 seconds ...
[Epoch 153 Telemetry] Loss: 0.079393 | lambda_nlgcl=0.0100 | 47882.1 samples/s | 4.56s
[Coach] >>> TRAIN @Epoch: 153 >>>  || LOSS Avg: 0.07939
[Wall TIME] >>> Coach.train takes 4.562338 seconds ...
[Epoch 154 Telemetry] Loss: 0.079378 | lambda_nlgcl=0.0100 | 44456.7 samples/s | 4.91s
[Coach] >>> TRAIN @Epoch: 154 >>>  || LOSS Avg: 0.07938
[Wall TIME] >>> Coach.train takes 4.913510 seconds ...
[Epoch 155 Telemetry] Loss: 0.079605 | lambda_nlgcl=0.0100 | 47779.2 samples/s | 4.57s
[Coach] >>> TRAIN @Epoch: 155 >>>  || LOSS Avg: 0.07961
[Wall TIME] >>> Coach.train takes 4.571963 seconds ...
[Coach] >>> VALID @Epoch: 155 >>>  || RECALL@1 Avg: 0.0133 || RECALL@10 Avg: 0.0715 || RECALL@20 Avg: 0.1079 || NDCG@10 Avg: 0.0383 || NDCG@20 Avg: 0.0476
[Wall TIME] >>> Coach.valid takes 1.423889 seconds ...
[Epoch 156 Telemetry] Loss: 0.079298 | lambda_nlgcl=0.0100 | 43925.7 samples/s | 4.97s
[Coach] >>> TRAIN @Epoch: 156 >>>  || LOSS Avg: 0.07930
[Wall TIME] >>> Coach.train takes 4.973392 seconds ...
[Epoch 157 Telemetry] Loss: 0.079337 | lambda_nlgcl=0.0100 | 47237.6 samples/s | 4.62s
[Coach] >>> TRAIN @Epoch: 157 >>>  || LOSS Avg: 0.07934
[Wall TIME] >>> Coach.train takes 4.624403 seconds ...
[Epoch 158 Telemetry] Loss: 0.079337 | lambda_nlgcl=0.0100 | 47192.5 samples/s | 4.63s
[Coach] >>> TRAIN @Epoch: 158 >>>  || LOSS Avg: 0.07934
[Wall TIME] >>> Coach.train takes 4.628783 seconds ...
[Epoch 159 Telemetry] Loss: 0.079397 | lambda_nlgcl=0.0100 | 43952.4 samples/s | 4.97s
[Coach] >>> TRAIN @Epoch: 159 >>>  || LOSS Avg: 0.07940
[Wall TIME] >>> Coach.train takes 4.969907 seconds ...
[Epoch 160 Telemetry] Loss: 0.079045 | lambda_nlgcl=0.0100 | 47667.7 samples/s | 4.58s
[Coach] >>> TRAIN @Epoch: 160 >>>  || LOSS Avg: 0.07904
[Wall TIME] >>> Coach.train takes 4.582717 seconds ...
[Coach] >>> Better ***NDCG@20*** of ***0.0479*** 
[Coach] >>> VALID @Epoch: 160 >>>  || RECALL@1 Avg: 0.0140 || RECALL@10 Avg: 0.0717 || RECALL@20 Avg: 0.1079 || NDCG@10 Avg: 0.0386 || NDCG@20 Avg: 0.0479
[Wall TIME] >>> Coach.valid takes 1.491323 seconds ...
[Epoch 161 Telemetry] Loss: 0.078672 | lambda_nlgcl=0.0100 | 44158.3 samples/s | 4.95s
[Coach] >>> TRAIN @Epoch: 161 >>>  || LOSS Avg: 0.07867
[Wall TIME] >>> Coach.train takes 4.946783 seconds ...
[Epoch 162 Telemetry] Loss: 0.079014 | lambda_nlgcl=0.0100 | 47204.2 samples/s | 4.63s
[Coach] >>> TRAIN @Epoch: 162 >>>  || LOSS Avg: 0.07901
[Wall TIME] >>> Coach.train takes 4.627749 seconds ...
[Epoch 163 Telemetry] Loss: 0.078731 | lambda_nlgcl=0.0100 | 46947.2 samples/s | 4.65s
[Coach] >>> TRAIN @Epoch: 163 >>>  || LOSS Avg: 0.07873
[Wall TIME] >>> Coach.train takes 4.652968 seconds ...
[Epoch 164 Telemetry] Loss: 0.078921 | lambda_nlgcl=0.0100 | 43548.8 samples/s | 5.02s
[Coach] >>> TRAIN @Epoch: 164 >>>  || LOSS Avg: 0.07892
[Wall TIME] >>> Coach.train takes 5.016207 seconds ...
[Epoch 165 Telemetry] Loss: 0.078679 | lambda_nlgcl=0.0100 | 46006.8 samples/s | 4.75s
[Coach] >>> TRAIN @Epoch: 165 >>>  || LOSS Avg: 0.07868
[Wall TIME] >>> Coach.train takes 4.748029 seconds ...
[Coach] >>> VALID @Epoch: 165 >>>  || RECALL@1 Avg: 0.0141 || RECALL@10 Avg: 0.0712 || RECALL@20 Avg: 0.1082 || NDCG@10 Avg: 0.0384 || NDCG@20 Avg: 0.0478
[Wall TIME] >>> Coach.valid takes 1.434794 seconds ...
[Epoch 166 Telemetry] Loss: 0.078750 | lambda_nlgcl=0.0100 | 43169.7 samples/s | 5.06s
[Coach] >>> TRAIN @Epoch: 166 >>>  || LOSS Avg: 0.07875
[Wall TIME] >>> Coach.train takes 5.060079 seconds ...
[Epoch 167 Telemetry] Loss: 0.078588 | lambda_nlgcl=0.0100 | 47136.8 samples/s | 4.63s
[Coach] >>> TRAIN @Epoch: 167 >>>  || LOSS Avg: 0.07859
[Wall TIME] >>> Coach.train takes 4.634373 seconds ...
[Epoch 168 Telemetry] Loss: 0.078296 | lambda_nlgcl=0.0100 | 47278.2 samples/s | 4.62s
[Coach] >>> TRAIN @Epoch: 168 >>>  || LOSS Avg: 0.07830
[Wall TIME] >>> Coach.train takes 4.620408 seconds ...
[Epoch 169 Telemetry] Loss: 0.078335 | lambda_nlgcl=0.0100 | 44241.5 samples/s | 4.94s
[Coach] >>> TRAIN @Epoch: 169 >>>  || LOSS Avg: 0.07834
[Wall TIME] >>> Coach.train takes 4.937521 seconds ...
[Epoch 170 Telemetry] Loss: 0.078468 | lambda_nlgcl=0.0100 | 46950.1 samples/s | 4.65s
[Coach] >>> TRAIN @Epoch: 170 >>>  || LOSS Avg: 0.07847
[Wall TIME] >>> Coach.train takes 4.652591 seconds ...
[Coach] >>> Better ***NDCG@20*** of ***0.0479*** 
[Coach] >>> VALID @Epoch: 170 >>>  || RECALL@1 Avg: 0.0141 || RECALL@10 Avg: 0.0722 || RECALL@20 Avg: 0.1084 || NDCG@10 Avg: 0.0387 || NDCG@20 Avg: 0.0479
[Wall TIME] >>> Coach.valid takes 1.487922 seconds ...
[Epoch 171 Telemetry] Loss: 0.078258 | lambda_nlgcl=0.0100 | 43768.1 samples/s | 4.99s
[Coach] >>> TRAIN @Epoch: 171 >>>  || LOSS Avg: 0.07826
[Wall TIME] >>> Coach.train takes 4.990868 seconds ...
[Epoch 172 Telemetry] Loss: 0.078105 | lambda_nlgcl=0.0100 | 46642.0 samples/s | 4.68s
[Coach] >>> TRAIN @Epoch: 172 >>>  || LOSS Avg: 0.07811
[Wall TIME] >>> Coach.train takes 4.683405 seconds ...
[Epoch 173 Telemetry] Loss: 0.077817 | lambda_nlgcl=0.0100 | 47193.2 samples/s | 4.63s
[Coach] >>> TRAIN @Epoch: 173 >>>  || LOSS Avg: 0.07782
[Wall TIME] >>> Coach.train takes 4.628730 seconds ...
[Epoch 174 Telemetry] Loss: 0.078022 | lambda_nlgcl=0.0100 | 43554.7 samples/s | 5.01s
[Coach] >>> TRAIN @Epoch: 174 >>>  || LOSS Avg: 0.07802
[Wall TIME] >>> Coach.train takes 5.015467 seconds ...
[Epoch 175 Telemetry] Loss: 0.077843 | lambda_nlgcl=0.0100 | 47535.8 samples/s | 4.59s
[Coach] >>> TRAIN @Epoch: 175 >>>  || LOSS Avg: 0.07784
[Wall TIME] >>> Coach.train takes 4.595484 seconds ...
[Coach] >>> Better ***NDCG@20*** of ***0.0480*** 
[Coach] >>> VALID @Epoch: 175 >>>  || RECALL@1 Avg: 0.0141 || RECALL@10 Avg: 0.0720 || RECALL@20 Avg: 0.1085 || NDCG@10 Avg: 0.0387 || NDCG@20 Avg: 0.0480
[Wall TIME] >>> Coach.valid takes 1.462962 seconds ...
[Epoch 176 Telemetry] Loss: 0.078027 | lambda_nlgcl=0.0100 | 43896.9 samples/s | 4.98s
[Coach] >>> TRAIN @Epoch: 176 >>>  || LOSS Avg: 0.07803
[Wall TIME] >>> Coach.train takes 4.976241 seconds ...
[Epoch 177 Telemetry] Loss: 0.078029 | lambda_nlgcl=0.0100 | 47035.7 samples/s | 4.64s
[Coach] >>> TRAIN @Epoch: 177 >>>  || LOSS Avg: 0.07803
[Wall TIME] >>> Coach.train takes 4.644302 seconds ...
[Epoch 178 Telemetry] Loss: 0.077758 | lambda_nlgcl=0.0100 | 47084.4 samples/s | 4.64s
[Coach] >>> TRAIN @Epoch: 178 >>>  || LOSS Avg: 0.07776
[Wall TIME] >>> Coach.train takes 4.639355 seconds ...
[Epoch 179 Telemetry] Loss: 0.077720 | lambda_nlgcl=0.0100 | 44343.5 samples/s | 4.93s
[Coach] >>> TRAIN @Epoch: 179 >>>  || LOSS Avg: 0.07772
[Wall TIME] >>> Coach.train takes 4.926217 seconds ...
[Epoch 180 Telemetry] Loss: 0.077739 | lambda_nlgcl=0.0100 | 47608.0 samples/s | 4.59s
[Coach] >>> TRAIN @Epoch: 180 >>>  || LOSS Avg: 0.07774
[Wall TIME] >>> Coach.train takes 4.588302 seconds ...
[Coach] >>> VALID @Epoch: 180 >>>  || RECALL@1 Avg: 0.0142 || RECALL@10 Avg: 0.0718 || RECALL@20 Avg: 0.1082 || NDCG@10 Avg: 0.0387 || NDCG@20 Avg: 0.0479
[Wall TIME] >>> Coach.valid takes 1.422046 seconds ...
[Epoch 181 Telemetry] Loss: 0.077834 | lambda_nlgcl=0.0100 | 44678.2 samples/s | 4.89s
[Coach] >>> TRAIN @Epoch: 181 >>>  || LOSS Avg: 0.07783
[Wall TIME] >>> Coach.train takes 4.889337 seconds ...
[Epoch 182 Telemetry] Loss: 0.077513 | lambda_nlgcl=0.0100 | 47480.2 samples/s | 4.60s
[Coach] >>> TRAIN @Epoch: 182 >>>  || LOSS Avg: 0.07751
[Wall TIME] >>> Coach.train takes 4.600781 seconds ...
[Epoch 183 Telemetry] Loss: 0.077237 | lambda_nlgcl=0.0100 | 48147.4 samples/s | 4.54s
[Coach] >>> TRAIN @Epoch: 183 >>>  || LOSS Avg: 0.07724
[Wall TIME] >>> Coach.train takes 4.537017 seconds ...
[Epoch 184 Telemetry] Loss: 0.077534 | lambda_nlgcl=0.0100 | 44251.7 samples/s | 4.94s
[Coach] >>> TRAIN @Epoch: 184 >>>  || LOSS Avg: 0.07753
[Wall TIME] >>> Coach.train takes 4.936322 seconds ...
[Epoch 185 Telemetry] Loss: 0.077400 | lambda_nlgcl=0.0100 | 47686.2 samples/s | 4.58s
[Coach] >>> TRAIN @Epoch: 185 >>>  || LOSS Avg: 0.07740
[Wall TIME] >>> Coach.train takes 4.580830 seconds ...
[Coach] >>> VALID @Epoch: 185 >>>  || RECALL@1 Avg: 0.0137 || RECALL@10 Avg: 0.0721 || RECALL@20 Avg: 0.1082 || NDCG@10 Avg: 0.0386 || NDCG@20 Avg: 0.0478
[Wall TIME] >>> Coach.valid takes 1.418225 seconds ...
[Epoch 186 Telemetry] Loss: 0.077307 | lambda_nlgcl=0.0100 | 44129.2 samples/s | 4.95s
[Coach] >>> TRAIN @Epoch: 186 >>>  || LOSS Avg: 0.07731
[Wall TIME] >>> Coach.train takes 4.950047 seconds ...
[Epoch 187 Telemetry] Loss: 0.077183 | lambda_nlgcl=0.0100 | 47721.5 samples/s | 4.58s
[Coach] >>> TRAIN @Epoch: 187 >>>  || LOSS Avg: 0.07718
[Wall TIME] >>> Coach.train takes 4.577562 seconds ...
[Epoch 188 Telemetry] Loss: 0.077130 | lambda_nlgcl=0.0100 | 47507.6 samples/s | 4.60s
[Coach] >>> TRAIN @Epoch: 188 >>>  || LOSS Avg: 0.07713
[Wall TIME] >>> Coach.train takes 4.598126 seconds ...
[Epoch 189 Telemetry] Loss: 0.077143 | lambda_nlgcl=0.0100 | 44350.7 samples/s | 4.92s
[Coach] >>> TRAIN @Epoch: 189 >>>  || LOSS Avg: 0.07714
[Wall TIME] >>> Coach.train takes 4.925432 seconds ...
[Epoch 190 Telemetry] Loss: 0.077107 | lambda_nlgcl=0.0100 | 47104.8 samples/s | 4.64s
[Coach] >>> TRAIN @Epoch: 190 >>>  || LOSS Avg: 0.07711
[Wall TIME] >>> Coach.train takes 4.637429 seconds ...
[Coach] >>> Better ***NDCG@20*** of ***0.0481*** 
[Coach] >>> VALID @Epoch: 190 >>>  || RECALL@1 Avg: 0.0142 || RECALL@10 Avg: 0.0725 || RECALL@20 Avg: 0.1085 || NDCG@10 Avg: 0.0389 || NDCG@20 Avg: 0.0481
[Wall TIME] >>> Coach.valid takes 1.460945 seconds ...
[Epoch 191 Telemetry] Loss: 0.077012 | lambda_nlgcl=0.0100 | 44286.0 samples/s | 4.93s
[Coach] >>> TRAIN @Epoch: 191 >>>  || LOSS Avg: 0.07701
[Wall TIME] >>> Coach.train takes 4.932552 seconds ...
[Epoch 192 Telemetry] Loss: 0.076846 | lambda_nlgcl=0.0100 | 47408.9 samples/s | 4.61s
[Coach] >>> TRAIN @Epoch: 192 >>>  || LOSS Avg: 0.07685
[Wall TIME] >>> Coach.train takes 4.607699 seconds ...
[Epoch 193 Telemetry] Loss: 0.076686 | lambda_nlgcl=0.0100 | 48269.9 samples/s | 4.52s
[Coach] >>> TRAIN @Epoch: 193 >>>  || LOSS Avg: 0.07669
[Wall TIME] >>> Coach.train takes 4.525491 seconds ...
[Epoch 194 Telemetry] Loss: 0.076779 | lambda_nlgcl=0.0100 | 44019.3 samples/s | 4.96s
[Coach] >>> TRAIN @Epoch: 194 >>>  || LOSS Avg: 0.07678
[Wall TIME] >>> Coach.train takes 4.962452 seconds ...
[Epoch 195 Telemetry] Loss: 0.076525 | lambda_nlgcl=0.0100 | 47735.0 samples/s | 4.58s
[Coach] >>> TRAIN @Epoch: 195 >>>  || LOSS Avg: 0.07653
[Wall TIME] >>> Coach.train takes 4.576230 seconds ...
[Coach] >>> Better ***NDCG@20*** of ***0.0481*** 
[Coach] >>> VALID @Epoch: 195 >>>  || RECALL@1 Avg: 0.0141 || RECALL@10 Avg: 0.0725 || RECALL@20 Avg: 0.1086 || NDCG@10 Avg: 0.0389 || NDCG@20 Avg: 0.0481
[Wall TIME] >>> Coach.valid takes 1.475699 seconds ...
[Epoch 196 Telemetry] Loss: 0.076495 | lambda_nlgcl=0.0100 | 44186.2 samples/s | 4.94s
[Coach] >>> TRAIN @Epoch: 196 >>>  || LOSS Avg: 0.07649
[Wall TIME] >>> Coach.train takes 4.943644 seconds ...
[Epoch 197 Telemetry] Loss: 0.076401 | lambda_nlgcl=0.0100 | 47728.4 samples/s | 4.58s
[Coach] >>> TRAIN @Epoch: 197 >>>  || LOSS Avg: 0.07640
[Wall TIME] >>> Coach.train takes 4.576728 seconds ...
[Epoch 198 Telemetry] Loss: 0.076798 | lambda_nlgcl=0.0100 | 47709.9 samples/s | 4.58s
[Coach] >>> TRAIN @Epoch: 198 >>>  || LOSS Avg: 0.07680
[Wall TIME] >>> Coach.train takes 4.578553 seconds ...
[Epoch 199 Telemetry] Loss: 0.076536 | lambda_nlgcl=0.0100 | 44322.1 samples/s | 4.93s
[Coach] >>> TRAIN @Epoch: 199 >>>  || LOSS Avg: 0.07654
[Wall TIME] >>> Coach.train takes 4.928542 seconds ...
[Epoch 200 Telemetry] Loss: 0.076622 | lambda_nlgcl=0.0100 | 47464.4 samples/s | 4.60s
[Coach] >>> TRAIN @Epoch: 200 >>>  || LOSS Avg: 0.07662
[Wall TIME] >>> Coach.train takes 4.602471 seconds ...
[Coach] >>> Better ***NDCG@20*** of ***0.0484*** 
[Coach] >>> VALID @Epoch: 200 >>>  || RECALL@1 Avg: 0.0144 || RECALL@10 Avg: 0.0721 || RECALL@20 Avg: 0.1092 || NDCG@10 Avg: 0.0390 || NDCG@20 Avg: 0.0484
[Wall TIME] >>> Coach.valid takes 1.458628 seconds ...
[Epoch 201 Telemetry] Loss: 0.076513 | lambda_nlgcl=0.0100 | 44425.4 samples/s | 4.92s
[Coach] >>> TRAIN @Epoch: 201 >>>  || LOSS Avg: 0.07651
[Wall TIME] >>> Coach.train takes 4.917196 seconds ...
[Epoch 202 Telemetry] Loss: 0.076355 | lambda_nlgcl=0.0100 | 47574.9 samples/s | 4.59s
[Coach] >>> TRAIN @Epoch: 202 >>>  || LOSS Avg: 0.07636
[Wall TIME] >>> Coach.train takes 4.591509 seconds ...
[Epoch 203 Telemetry] Loss: 0.076599 | lambda_nlgcl=0.0100 | 47977.5 samples/s | 4.55s
[Coach] >>> TRAIN @Epoch: 203 >>>  || LOSS Avg: 0.07660
[Wall TIME] >>> Coach.train takes 4.553020 seconds ...
[Epoch 204 Telemetry] Loss: 0.076304 | lambda_nlgcl=0.0100 | 44059.2 samples/s | 4.96s
[Coach] >>> TRAIN @Epoch: 204 >>>  || LOSS Avg: 0.07630
[Wall TIME] >>> Coach.train takes 4.957917 seconds ...
[Epoch 205 Telemetry] Loss: 0.075780 | lambda_nlgcl=0.0100 | 48072.0 samples/s | 4.54s
[Coach] >>> TRAIN @Epoch: 205 >>>  || LOSS Avg: 0.07578
[Wall TIME] >>> Coach.train takes 4.544044 seconds ...
[Coach] >>> VALID @Epoch: 205 >>>  || RECALL@1 Avg: 0.0144 || RECALL@10 Avg: 0.0725 || RECALL@20 Avg: 0.1088 || NDCG@10 Avg: 0.0391 || NDCG@20 Avg: 0.0484
[Wall TIME] >>> Coach.valid takes 1.429384 seconds ...
[Epoch 206 Telemetry] Loss: 0.076129 | lambda_nlgcl=0.0100 | 44276.9 samples/s | 4.93s
[Coach] >>> TRAIN @Epoch: 206 >>>  || LOSS Avg: 0.07613
[Wall TIME] >>> Coach.train takes 4.933556 seconds ...
[Epoch 207 Telemetry] Loss: 0.076289 | lambda_nlgcl=0.0100 | 47770.8 samples/s | 4.57s
[Coach] >>> TRAIN @Epoch: 207 >>>  || LOSS Avg: 0.07629
[Wall TIME] >>> Coach.train takes 4.572743 seconds ...
[Epoch 208 Telemetry] Loss: 0.076257 | lambda_nlgcl=0.0100 | 47457.3 samples/s | 4.60s
[Coach] >>> TRAIN @Epoch: 208 >>>  || LOSS Avg: 0.07626
[Wall TIME] >>> Coach.train takes 4.602993 seconds ...
[Epoch 209 Telemetry] Loss: 0.075977 | lambda_nlgcl=0.0100 | 44219.9 samples/s | 4.94s
[Coach] >>> TRAIN @Epoch: 209 >>>  || LOSS Avg: 0.07598
[Wall TIME] >>> Coach.train takes 4.939825 seconds ...
[Epoch 210 Telemetry] Loss: 0.076133 | lambda_nlgcl=0.0100 | 47530.0 samples/s | 4.60s
[Coach] >>> TRAIN @Epoch: 210 >>>  || LOSS Avg: 0.07613
[Wall TIME] >>> Coach.train takes 4.595839 seconds ...
[Coach] >>> VALID @Epoch: 210 >>>  || RECALL@1 Avg: 0.0141 || RECALL@10 Avg: 0.0721 || RECALL@20 Avg: 0.1090 || NDCG@10 Avg: 0.0389 || NDCG@20 Avg: 0.0483
[Wall TIME] >>> Coach.valid takes 1.440522 seconds ...
[Epoch 211 Telemetry] Loss: 0.075974 | lambda_nlgcl=0.0100 | 44489.0 samples/s | 4.91s
[Coach] >>> TRAIN @Epoch: 211 >>>  || LOSS Avg: 0.07597
[Wall TIME] >>> Coach.train takes 4.910014 seconds ...
[Epoch 212 Telemetry] Loss: 0.075639 | lambda_nlgcl=0.0100 | 47585.2 samples/s | 4.59s
[Coach] >>> TRAIN @Epoch: 212 >>>  || LOSS Avg: 0.07564
[Wall TIME] >>> Coach.train takes 4.590580 seconds ...
[Epoch 213 Telemetry] Loss: 0.075711 | lambda_nlgcl=0.0100 | 48117.5 samples/s | 4.54s
[Coach] >>> TRAIN @Epoch: 213 >>>  || LOSS Avg: 0.07571
[Wall TIME] >>> Coach.train takes 4.539773 seconds ...
[Epoch 214 Telemetry] Loss: 0.075835 | lambda_nlgcl=0.0100 | 44108.3 samples/s | 4.95s
[Coach] >>> TRAIN @Epoch: 214 >>>  || LOSS Avg: 0.07584
[Wall TIME] >>> Coach.train takes 4.952383 seconds ...
[Epoch 215 Telemetry] Loss: 0.075945 | lambda_nlgcl=0.0100 | 48552.9 samples/s | 4.50s
[Coach] >>> TRAIN @Epoch: 215 >>>  || LOSS Avg: 0.07595
[Wall TIME] >>> Coach.train takes 4.499038 seconds ...
[Coach] >>> Better ***NDCG@20*** of ***0.0485*** 
[Coach] >>> VALID @Epoch: 215 >>>  || RECALL@1 Avg: 0.0146 || RECALL@10 Avg: 0.0723 || RECALL@20 Avg: 0.1091 || NDCG@10 Avg: 0.0391 || NDCG@20 Avg: 0.0485
[Wall TIME] >>> Coach.valid takes 1.478822 seconds ...
[Epoch 216 Telemetry] Loss: 0.075632 | lambda_nlgcl=0.0100 | 44386.3 samples/s | 4.92s
[Coach] >>> TRAIN @Epoch: 216 >>>  || LOSS Avg: 0.07563
[Wall TIME] >>> Coach.train takes 4.921407 seconds ...
[Epoch 217 Telemetry] Loss: 0.075603 | lambda_nlgcl=0.0100 | 47521.0 samples/s | 4.60s
[Coach] >>> TRAIN @Epoch: 217 >>>  || LOSS Avg: 0.07560
[Wall TIME] >>> Coach.train takes 4.596914 seconds ...
[Epoch 218 Telemetry] Loss: 0.075531 | lambda_nlgcl=0.0100 | 47917.5 samples/s | 4.56s
[Coach] >>> TRAIN @Epoch: 218 >>>  || LOSS Avg: 0.07553
[Wall TIME] >>> Coach.train takes 4.558882 seconds ...
[Epoch 219 Telemetry] Loss: 0.075736 | lambda_nlgcl=0.0100 | 44438.8 samples/s | 4.91s
[Coach] >>> TRAIN @Epoch: 219 >>>  || LOSS Avg: 0.07574
[Wall TIME] >>> Coach.train takes 4.915547 seconds ...
[Epoch 220 Telemetry] Loss: 0.075396 | lambda_nlgcl=0.0100 | 47262.7 samples/s | 4.62s
[Coach] >>> TRAIN @Epoch: 220 >>>  || LOSS Avg: 0.07540
[Wall TIME] >>> Coach.train takes 4.621928 seconds ...
[Coach] >>> Better ***NDCG@20*** of ***0.0485*** 
[Coach] >>> VALID @Epoch: 220 >>>  || RECALL@1 Avg: 0.0145 || RECALL@10 Avg: 0.0722 || RECALL@20 Avg: 0.1091 || NDCG@10 Avg: 0.0391 || NDCG@20 Avg: 0.0485
[Wall TIME] >>> Coach.valid takes 1.474721 seconds ...
[Epoch 221 Telemetry] Loss: 0.075272 | lambda_nlgcl=0.0100 | 44404.0 samples/s | 4.92s
[Coach] >>> TRAIN @Epoch: 221 >>>  || LOSS Avg: 0.07527
[Wall TIME] >>> Coach.train takes 4.919479 seconds ...
[Epoch 222 Telemetry] Loss: 0.075523 | lambda_nlgcl=0.0100 | 47622.0 samples/s | 4.59s
[Coach] >>> TRAIN @Epoch: 222 >>>  || LOSS Avg: 0.07552
[Wall TIME] >>> Coach.train takes 4.587026 seconds ...
[Epoch 223 Telemetry] Loss: 0.075546 | lambda_nlgcl=0.0100 | 47630.1 samples/s | 4.59s
[Coach] >>> TRAIN @Epoch: 223 >>>  || LOSS Avg: 0.07555
[Wall TIME] >>> Coach.train takes 4.586337 seconds ...
[Epoch 224 Telemetry] Loss: 0.075341 | lambda_nlgcl=0.0100 | 44032.6 samples/s | 4.96s
[Coach] >>> TRAIN @Epoch: 224 >>>  || LOSS Avg: 0.07534
[Wall TIME] >>> Coach.train takes 4.960903 seconds ...
[Epoch 225 Telemetry] Loss: 0.075354 | lambda_nlgcl=0.0100 | 48048.7 samples/s | 4.55s
[Coach] >>> TRAIN @Epoch: 225 >>>  || LOSS Avg: 0.07535
[Wall TIME] >>> Coach.train takes 4.546420 seconds ...
[Coach] >>> VALID @Epoch: 225 >>>  || RECALL@1 Avg: 0.0144 || RECALL@10 Avg: 0.0726 || RECALL@20 Avg: 0.1088 || NDCG@10 Avg: 0.0392 || NDCG@20 Avg: 0.0484
[Wall TIME] >>> Coach.valid takes 1.421482 seconds ...
[Epoch 226 Telemetry] Loss: 0.075301 | lambda_nlgcl=0.0100 | 43914.0 samples/s | 4.97s
[Coach] >>> TRAIN @Epoch: 226 >>>  || LOSS Avg: 0.07530
[Wall TIME] >>> Coach.train takes 4.974187 seconds ...
[Epoch 227 Telemetry] Loss: 0.075260 | lambda_nlgcl=0.0100 | 47602.0 samples/s | 4.59s
[Coach] >>> TRAIN @Epoch: 227 >>>  || LOSS Avg: 0.07526
[Wall TIME] >>> Coach.train takes 4.588917 seconds ...
[Epoch 228 Telemetry] Loss: 0.075484 | lambda_nlgcl=0.0100 | 47640.4 samples/s | 4.58s
[Coach] >>> TRAIN @Epoch: 228 >>>  || LOSS Avg: 0.07548
[Wall TIME] >>> Coach.train takes 4.585258 seconds ...
[Epoch 229 Telemetry] Loss: 0.075001 | lambda_nlgcl=0.0100 | 44553.2 samples/s | 4.90s
[Coach] >>> TRAIN @Epoch: 229 >>>  || LOSS Avg: 0.07500
[Wall TIME] >>> Coach.train takes 4.902939 seconds ...
[Epoch 230 Telemetry] Loss: 0.075259 | lambda_nlgcl=0.0100 | 47429.2 samples/s | 4.60s
[Coach] >>> TRAIN @Epoch: 230 >>>  || LOSS Avg: 0.07526
[Wall TIME] >>> Coach.train takes 4.605658 seconds ...
[Coach] >>> VALID @Epoch: 230 >>>  || RECALL@1 Avg: 0.0142 || RECALL@10 Avg: 0.0728 || RECALL@20 Avg: 0.1085 || NDCG@10 Avg: 0.0393 || NDCG@20 Avg: 0.0484
[Wall TIME] >>> Coach.valid takes 1.424452 seconds ...
[Epoch 231 Telemetry] Loss: 0.075068 | lambda_nlgcl=0.0100 | 44460.3 samples/s | 4.91s
[Coach] >>> TRAIN @Epoch: 231 >>>  || LOSS Avg: 0.07507
[Wall TIME] >>> Coach.train takes 4.913143 seconds ...
[Epoch 232 Telemetry] Loss: 0.075125 | lambda_nlgcl=0.0100 | 47649.2 samples/s | 4.58s
[Coach] >>> TRAIN @Epoch: 232 >>>  || LOSS Avg: 0.07513
[Wall TIME] >>> Coach.train takes 4.584508 seconds ...
[Epoch 233 Telemetry] Loss: 0.075023 | lambda_nlgcl=0.0100 | 48148.4 samples/s | 4.54s
[Coach] >>> TRAIN @Epoch: 233 >>>  || LOSS Avg: 0.07502
[Wall TIME] >>> Coach.train takes 4.536814 seconds ...
[Epoch 234 Telemetry] Loss: 0.074795 | lambda_nlgcl=0.0100 | 43601.9 samples/s | 5.01s
[Coach] >>> TRAIN @Epoch: 234 >>>  || LOSS Avg: 0.07480
[Wall TIME] >>> Coach.train takes 5.010180 seconds ...
[Epoch 235 Telemetry] Loss: 0.075079 | lambda_nlgcl=0.0100 | 47947.0 samples/s | 4.56s
[Coach] >>> TRAIN @Epoch: 235 >>>  || LOSS Avg: 0.07508
[Wall TIME] >>> Coach.train takes 4.556057 seconds ...
[Coach] >>> Better ***NDCG@20*** of ***0.0487*** 
[Coach] >>> VALID @Epoch: 235 >>>  || RECALL@1 Avg: 0.0146 || RECALL@10 Avg: 0.0730 || RECALL@20 Avg: 0.1087 || NDCG@10 Avg: 0.0396 || NDCG@20 Avg: 0.0487
[Wall TIME] >>> Coach.valid takes 1.489048 seconds ...
[Epoch 236 Telemetry] Loss: 0.074904 | lambda_nlgcl=0.0100 | 43933.3 samples/s | 4.97s
[Coach] >>> TRAIN @Epoch: 236 >>>  || LOSS Avg: 0.07490
[Wall TIME] >>> Coach.train takes 4.972120 seconds ...
[Epoch 237 Telemetry] Loss: 0.074956 | lambda_nlgcl=0.0100 | 47696.8 samples/s | 4.58s
[Coach] >>> TRAIN @Epoch: 237 >>>  || LOSS Avg: 0.07496
[Wall TIME] >>> Coach.train takes 4.579852 seconds ...
[Epoch 238 Telemetry] Loss: 0.075106 | lambda_nlgcl=0.0100 | 47608.7 samples/s | 4.59s
[Coach] >>> TRAIN @Epoch: 238 >>>  || LOSS Avg: 0.07511
[Wall TIME] >>> Coach.train takes 4.588262 seconds ...
[Epoch 239 Telemetry] Loss: 0.074732 | lambda_nlgcl=0.0100 | 44608.7 samples/s | 4.90s
[Coach] >>> TRAIN @Epoch: 239 >>>  || LOSS Avg: 0.07473
[Wall TIME] >>> Coach.train takes 4.896901 seconds ...
[Epoch 240 Telemetry] Loss: 0.074929 | lambda_nlgcl=0.0100 | 47484.1 samples/s | 4.60s
[Coach] >>> TRAIN @Epoch: 240 >>>  || LOSS Avg: 0.07493
[Wall TIME] >>> Coach.train takes 4.600324 seconds ...
[Coach] >>> Better ***NDCG@20*** of ***0.0487*** 
[Coach] >>> VALID @Epoch: 240 >>>  || RECALL@1 Avg: 0.0143 || RECALL@10 Avg: 0.0733 || RECALL@20 Avg: 0.1094 || NDCG@10 Avg: 0.0395 || NDCG@20 Avg: 0.0487
[Wall TIME] >>> Coach.valid takes 1.468660 seconds ...
[Epoch 241 Telemetry] Loss: 0.075000 | lambda_nlgcl=0.0100 | 44326.1 samples/s | 4.93s
[Coach] >>> TRAIN @Epoch: 241 >>>  || LOSS Avg: 0.07500
[Wall TIME] >>> Coach.train takes 4.928073 seconds ...
[Epoch 242 Telemetry] Loss: 0.074850 | lambda_nlgcl=0.0100 | 47480.7 samples/s | 4.60s
[Coach] >>> TRAIN @Epoch: 242 >>>  || LOSS Avg: 0.07485
[Wall TIME] >>> Coach.train takes 4.600680 seconds ...
[Epoch 243 Telemetry] Loss: 0.074627 | lambda_nlgcl=0.0100 | 47717.9 samples/s | 4.58s
[Coach] >>> TRAIN @Epoch: 243 >>>  || LOSS Avg: 0.07463
[Wall TIME] >>> Coach.train takes 4.577872 seconds ...
[Epoch 244 Telemetry] Loss: 0.074710 | lambda_nlgcl=0.0100 | 43886.9 samples/s | 4.98s
[Coach] >>> TRAIN @Epoch: 244 >>>  || LOSS Avg: 0.07471
[Wall TIME] >>> Coach.train takes 4.977394 seconds ...
[Epoch 245 Telemetry] Loss: 0.074743 | lambda_nlgcl=0.0100 | 48043.4 samples/s | 4.55s
[Coach] >>> TRAIN @Epoch: 245 >>>  || LOSS Avg: 0.07474
[Wall TIME] >>> Coach.train takes 4.546755 seconds ...
[Coach] >>> Better ***NDCG@20*** of ***0.0489*** 
[Coach] >>> VALID @Epoch: 245 >>>  || RECALL@1 Avg: 0.0146 || RECALL@10 Avg: 0.0737 || RECALL@20 Avg: 0.1092 || NDCG@10 Avg: 0.0398 || NDCG@20 Avg: 0.0489
[Wall TIME] >>> Coach.valid takes 1.480323 seconds ...
[Epoch 246 Telemetry] Loss: 0.074927 | lambda_nlgcl=0.0100 | 44351.7 samples/s | 4.92s
[Coach] >>> TRAIN @Epoch: 246 >>>  || LOSS Avg: 0.07493
[Wall TIME] >>> Coach.train takes 4.925187 seconds ...
[Epoch 247 Telemetry] Loss: 0.074717 | lambda_nlgcl=0.0100 | 47681.7 samples/s | 4.58s
[Coach] >>> TRAIN @Epoch: 247 >>>  || LOSS Avg: 0.07472
[Wall TIME] >>> Coach.train takes 4.581240 seconds ...
[Epoch 248 Telemetry] Loss: 0.074889 | lambda_nlgcl=0.0100 | 47592.8 samples/s | 4.59s
[Coach] >>> TRAIN @Epoch: 248 >>>  || LOSS Avg: 0.07489
[Wall TIME] >>> Coach.train takes 4.589846 seconds ...
[Epoch 249 Telemetry] Loss: 0.074635 | lambda_nlgcl=0.0100 | 44199.5 samples/s | 4.94s
[Coach] >>> TRAIN @Epoch: 249 >>>  || LOSS Avg: 0.07464
[Wall TIME] >>> Coach.train takes 4.942185 seconds ...
[Epoch 250 Telemetry] Loss: 0.074386 | lambda_nlgcl=0.0100 | 47209.8 samples/s | 4.63s
[Coach] >>> TRAIN @Epoch: 250 >>>  || LOSS Avg: 0.07439
[Wall TIME] >>> Coach.train takes 4.627159 seconds ...
[Coach] >>> VALID @Epoch: 250 >>>  || RECALL@1 Avg: 0.0147 || RECALL@10 Avg: 0.0735 || RECALL@20 Avg: 0.1094 || NDCG@10 Avg: 0.0397 || NDCG@20 Avg: 0.0488
[Wall TIME] >>> Coach.valid takes 1.423903 seconds ...
[Epoch 251 Telemetry] Loss: 0.074592 | lambda_nlgcl=0.0100 | 44387.8 samples/s | 4.92s
[Coach] >>> TRAIN @Epoch: 251 >>>  || LOSS Avg: 0.07459
[Wall TIME] >>> Coach.train takes 4.921172 seconds ...
[Epoch 252 Telemetry] Loss: 0.074446 | lambda_nlgcl=0.0100 | 47936.3 samples/s | 4.56s
[Coach] >>> TRAIN @Epoch: 252 >>>  || LOSS Avg: 0.07445
[Wall TIME] >>> Coach.train takes 4.557033 seconds ...
[Epoch 253 Telemetry] Loss: 0.074535 | lambda_nlgcl=0.0100 | 48050.3 samples/s | 4.55s
[Coach] >>> TRAIN @Epoch: 253 >>>  || LOSS Avg: 0.07453
[Wall TIME] >>> Coach.train takes 4.546232 seconds ...
[Epoch 254 Telemetry] Loss: 0.074370 | lambda_nlgcl=0.0100 | 43929.9 samples/s | 4.97s
[Coach] >>> TRAIN @Epoch: 254 >>>  || LOSS Avg: 0.07437
[Wall TIME] >>> Coach.train takes 4.972482 seconds ...
[Epoch 255 Telemetry] Loss: 0.074269 | lambda_nlgcl=0.0100 | 47757.7 samples/s | 4.57s
[Coach] >>> TRAIN @Epoch: 255 >>>  || LOSS Avg: 0.07427
[Wall TIME] >>> Coach.train takes 4.574068 seconds ...
[Coach] >>> Better ***NDCG@20*** of ***0.0489*** 
[Coach] >>> VALID @Epoch: 255 >>>  || RECALL@1 Avg: 0.0149 || RECALL@10 Avg: 0.0733 || RECALL@20 Avg: 0.1095 || NDCG@10 Avg: 0.0397 || NDCG@20 Avg: 0.0489
[Wall TIME] >>> Coach.valid takes 1.495853 seconds ...
[Epoch 256 Telemetry] Loss: 0.074364 | lambda_nlgcl=0.0100 | 44001.8 samples/s | 4.96s
[Coach] >>> TRAIN @Epoch: 256 >>>  || LOSS Avg: 0.07436
[Wall TIME] >>> Coach.train takes 4.964282 seconds ...
[Epoch 257 Telemetry] Loss: 0.074466 | lambda_nlgcl=0.0100 | 47984.1 samples/s | 4.55s
[Coach] >>> TRAIN @Epoch: 257 >>>  || LOSS Avg: 0.07447
[Wall TIME] >>> Coach.train takes 4.552476 seconds ...
[Epoch 258 Telemetry] Loss: 0.074223 | lambda_nlgcl=0.0100 | 47874.9 samples/s | 4.56s
[Coach] >>> TRAIN @Epoch: 258 >>>  || LOSS Avg: 0.07422
[Wall TIME] >>> Coach.train takes 4.562885 seconds ...
[Epoch 259 Telemetry] Loss: 0.074223 | lambda_nlgcl=0.0100 | 44544.6 samples/s | 4.90s
[Coach] >>> TRAIN @Epoch: 259 >>>  || LOSS Avg: 0.07422
[Wall TIME] >>> Coach.train takes 4.903877 seconds ...
[Epoch 260 Telemetry] Loss: 0.074493 | lambda_nlgcl=0.0100 | 47759.7 samples/s | 4.57s
[Coach] >>> TRAIN @Epoch: 260 >>>  || LOSS Avg: 0.07449
[Wall TIME] >>> Coach.train takes 4.573867 seconds ...
[Coach] >>> VALID @Epoch: 260 >>>  || RECALL@1 Avg: 0.0144 || RECALL@10 Avg: 0.0734 || RECALL@20 Avg: 0.1097 || NDCG@10 Avg: 0.0396 || NDCG@20 Avg: 0.0488
[Wall TIME] >>> Coach.valid takes 1.408933 seconds ...
[Epoch 261 Telemetry] Loss: 0.074141 | lambda_nlgcl=0.0100 | 44155.9 samples/s | 4.95s
[Coach] >>> TRAIN @Epoch: 261 >>>  || LOSS Avg: 0.07414
[Wall TIME] >>> Coach.train takes 4.947159 seconds ...
[Epoch 262 Telemetry] Loss: 0.074172 | lambda_nlgcl=0.0100 | 47252.6 samples/s | 4.62s
[Coach] >>> TRAIN @Epoch: 262 >>>  || LOSS Avg: 0.07417
[Wall TIME] >>> Coach.train takes 4.622909 seconds ...
[Epoch 263 Telemetry] Loss: 0.074213 | lambda_nlgcl=0.0100 | 47370.2 samples/s | 4.61s
[Coach] >>> TRAIN @Epoch: 263 >>>  || LOSS Avg: 0.07421
[Wall TIME] >>> Coach.train takes 4.611356 seconds ...
[Epoch 264 Telemetry] Loss: 0.074110 | lambda_nlgcl=0.0100 | 43775.3 samples/s | 4.99s
[Coach] >>> TRAIN @Epoch: 264 >>>  || LOSS Avg: 0.07411
[Wall TIME] >>> Coach.train takes 4.990075 seconds ...
[Epoch 265 Telemetry] Loss: 0.074169 | lambda_nlgcl=0.0100 | 47400.8 samples/s | 4.61s
[Coach] >>> TRAIN @Epoch: 265 >>>  || LOSS Avg: 0.07417
[Wall TIME] >>> Coach.train takes 4.608540 seconds ...
[Coach] >>> VALID @Epoch: 265 >>>  || RECALL@1 Avg: 0.0142 || RECALL@10 Avg: 0.0737 || RECALL@20 Avg: 0.1100 || NDCG@10 Avg: 0.0397 || NDCG@20 Avg: 0.0489
[Wall TIME] >>> Coach.valid takes 1.422446 seconds ...
[Epoch 266 Telemetry] Loss: 0.074224 | lambda_nlgcl=0.0100 | 43703.2 samples/s | 5.00s
[Coach] >>> TRAIN @Epoch: 266 >>>  || LOSS Avg: 0.07422
[Wall TIME] >>> Coach.train takes 4.998290 seconds ...
[Epoch 267 Telemetry] Loss: 0.074140 | lambda_nlgcl=0.0100 | 47198.7 samples/s | 4.63s
[Coach] >>> TRAIN @Epoch: 267 >>>  || LOSS Avg: 0.07414
[Wall TIME] >>> Coach.train takes 4.628138 seconds ...
[Epoch 268 Telemetry] Loss: 0.074265 | lambda_nlgcl=0.0100 | 47455.3 samples/s | 4.60s
[Coach] >>> TRAIN @Epoch: 268 >>>  || LOSS Avg: 0.07426
[Wall TIME] >>> Coach.train takes 4.603238 seconds ...
[Epoch 269 Telemetry] Loss: 0.074029 | lambda_nlgcl=0.0100 | 44100.6 samples/s | 4.95s
[Coach] >>> TRAIN @Epoch: 269 >>>  || LOSS Avg: 0.07403
[Wall TIME] >>> Coach.train takes 4.953304 seconds ...
[Epoch 270 Telemetry] Loss: 0.073900 | lambda_nlgcl=0.0100 | 47138.4 samples/s | 4.63s
[Coach] >>> TRAIN @Epoch: 270 >>>  || LOSS Avg: 0.07390
[Wall TIME] >>> Coach.train takes 4.634039 seconds ...
[Coach] >>> VALID @Epoch: 270 >>>  || RECALL@1 Avg: 0.0145 || RECALL@10 Avg: 0.0738 || RECALL@20 Avg: 0.1093 || NDCG@10 Avg: 0.0398 || NDCG@20 Avg: 0.0489
[Wall TIME] >>> Coach.valid takes 1.428723 seconds ...
[Epoch 271 Telemetry] Loss: 0.074013 | lambda_nlgcl=0.0100 | 44044.5 samples/s | 4.96s
[Coach] >>> TRAIN @Epoch: 271 >>>  || LOSS Avg: 0.07401
[Wall TIME] >>> Coach.train takes 4.959457 seconds ...
[Epoch 272 Telemetry] Loss: 0.073916 | lambda_nlgcl=0.0100 | 47156.1 samples/s | 4.63s
[Coach] >>> TRAIN @Epoch: 272 >>>  || LOSS Avg: 0.07392
[Wall TIME] >>> Coach.train takes 4.632345 seconds ...
[Epoch 273 Telemetry] Loss: 0.073842 | lambda_nlgcl=0.0100 | 48066.5 samples/s | 4.54s
[Coach] >>> TRAIN @Epoch: 273 >>>  || LOSS Avg: 0.07384
[Wall TIME] >>> Coach.train takes 4.544623 seconds ...
[Epoch 274 Telemetry] Loss: 0.073948 | lambda_nlgcl=0.0100 | 43953.3 samples/s | 4.97s
[Coach] >>> TRAIN @Epoch: 274 >>>  || LOSS Avg: 0.07395
[Wall TIME] >>> Coach.train takes 4.969815 seconds ...
[Epoch 275 Telemetry] Loss: 0.073697 | lambda_nlgcl=0.0100 | 48087.4 samples/s | 4.54s
[Coach] >>> TRAIN @Epoch: 275 >>>  || LOSS Avg: 0.07370
[Wall TIME] >>> Coach.train takes 4.542688 seconds ...
[Coach] >>> VALID @Epoch: 275 >>>  || RECALL@1 Avg: 0.0147 || RECALL@10 Avg: 0.0733 || RECALL@20 Avg: 0.1089 || NDCG@10 Avg: 0.0398 || NDCG@20 Avg: 0.0489
[Wall TIME] >>> Coach.valid takes 1.427196 seconds ...
[Epoch 276 Telemetry] Loss: 0.073850 | lambda_nlgcl=0.0100 | 43984.0 samples/s | 4.97s
[Coach] >>> TRAIN @Epoch: 276 >>>  || LOSS Avg: 0.07385
[Wall TIME] >>> Coach.train takes 4.966426 seconds ...
[Epoch 277 Telemetry] Loss: 0.073765 | lambda_nlgcl=0.0100 | 47488.7 samples/s | 4.60s
[Coach] >>> TRAIN @Epoch: 277 >>>  || LOSS Avg: 0.07376
[Wall TIME] >>> Coach.train takes 4.599972 seconds ...
[Epoch 278 Telemetry] Loss: 0.073867 | lambda_nlgcl=0.0100 | 47350.1 samples/s | 4.61s
[Coach] >>> TRAIN @Epoch: 278 >>>  || LOSS Avg: 0.07387
[Wall TIME] >>> Coach.train takes 4.613446 seconds ...
[Epoch 279 Telemetry] Loss: 0.073709 | lambda_nlgcl=0.0100 | 44116.2 samples/s | 4.95s
[Coach] >>> TRAIN @Epoch: 279 >>>  || LOSS Avg: 0.07371
[Wall TIME] >>> Coach.train takes 4.951490 seconds ...
[Epoch 280 Telemetry] Loss: 0.073669 | lambda_nlgcl=0.0100 | 47389.4 samples/s | 4.61s
[Coach] >>> TRAIN @Epoch: 280 >>>  || LOSS Avg: 0.07367
[Wall TIME] >>> Coach.train takes 4.609543 seconds ...
[Coach] >>> VALID @Epoch: 280 >>>  || RECALL@1 Avg: 0.0145 || RECALL@10 Avg: 0.0732 || RECALL@20 Avg: 0.1092 || NDCG@10 Avg: 0.0396 || NDCG@20 Avg: 0.0488
[Wall TIME] >>> Coach.valid takes 1.414322 seconds ...
[Epoch 281 Telemetry] Loss: 0.073754 | lambda_nlgcl=0.0100 | 44031.3 samples/s | 4.96s
[Coach] >>> TRAIN @Epoch: 281 >>>  || LOSS Avg: 0.07375
[Wall TIME] >>> Coach.train takes 4.961017 seconds ...
[Epoch 282 Telemetry] Loss: 0.073858 | lambda_nlgcl=0.0100 | 47076.6 samples/s | 4.64s
[Coach] >>> TRAIN @Epoch: 282 >>>  || LOSS Avg: 0.07386
[Wall TIME] >>> Coach.train takes 4.640268 seconds ...
[Epoch 283 Telemetry] Loss: 0.073437 | lambda_nlgcl=0.0100 | 47321.5 samples/s | 4.62s
[Coach] >>> TRAIN @Epoch: 283 >>>  || LOSS Avg: 0.07344
[Wall TIME] >>> Coach.train takes 4.616177 seconds ...
[Epoch 284 Telemetry] Loss: 0.073629 | lambda_nlgcl=0.0100 | 43491.8 samples/s | 5.02s
[Coach] >>> TRAIN @Epoch: 284 >>>  || LOSS Avg: 0.07363
[Wall TIME] >>> Coach.train takes 5.022609 seconds ...
[Epoch 285 Telemetry] Loss: 0.073558 | lambda_nlgcl=0.0100 | 46979.8 samples/s | 4.65s
[Coach] >>> TRAIN @Epoch: 285 >>>  || LOSS Avg: 0.07356
[Wall TIME] >>> Coach.train takes 4.649689 seconds ...
[Coach] >>> Better ***NDCG@20*** of ***0.0491*** 
[Coach] >>> VALID @Epoch: 285 >>>  || RECALL@1 Avg: 0.0145 || RECALL@10 Avg: 0.0734 || RECALL@20 Avg: 0.1099 || NDCG@10 Avg: 0.0398 || NDCG@20 Avg: 0.0491
[Wall TIME] >>> Coach.valid takes 1.494264 seconds ...
[Epoch 286 Telemetry] Loss: 0.073564 | lambda_nlgcl=0.0100 | 43736.3 samples/s | 4.99s
[Coach] >>> TRAIN @Epoch: 286 >>>  || LOSS Avg: 0.07356
[Wall TIME] >>> Coach.train takes 4.994611 seconds ...
[Epoch 287 Telemetry] Loss: 0.073443 | lambda_nlgcl=0.0100 | 46947.3 samples/s | 4.65s
[Coach] >>> TRAIN @Epoch: 287 >>>  || LOSS Avg: 0.07344
[Wall TIME] >>> Coach.train takes 4.653080 seconds ...
[Epoch 288 Telemetry] Loss: 0.073569 | lambda_nlgcl=0.0100 | 47292.3 samples/s | 4.62s
[Coach] >>> TRAIN @Epoch: 288 >>>  || LOSS Avg: 0.07357
[Wall TIME] >>> Coach.train takes 4.619057 seconds ...
[Epoch 289 Telemetry] Loss: 0.073382 | lambda_nlgcl=0.0100 | 44075.2 samples/s | 4.96s
[Coach] >>> TRAIN @Epoch: 289 >>>  || LOSS Avg: 0.07338
[Wall TIME] >>> Coach.train takes 4.956154 seconds ...
[Epoch 290 Telemetry] Loss: 0.073424 | lambda_nlgcl=0.0100 | 47511.4 samples/s | 4.60s
[Coach] >>> TRAIN @Epoch: 290 >>>  || LOSS Avg: 0.07342
[Wall TIME] >>> Coach.train takes 4.597657 seconds ...
[Coach] >>> VALID @Epoch: 290 >>>  || RECALL@1 Avg: 0.0145 || RECALL@10 Avg: 0.0736 || RECALL@20 Avg: 0.1096 || NDCG@10 Avg: 0.0398 || NDCG@20 Avg: 0.0489
[Wall TIME] >>> Coach.valid takes 1.420795 seconds ...
[Epoch 291 Telemetry] Loss: 0.073564 | lambda_nlgcl=0.0100 | 43888.9 samples/s | 4.98s
[Coach] >>> TRAIN @Epoch: 291 >>>  || LOSS Avg: 0.07356
[Wall TIME] >>> Coach.train takes 4.977170 seconds ...
[Epoch 292 Telemetry] Loss: 0.073353 | lambda_nlgcl=0.0100 | 48088.5 samples/s | 4.54s
[Coach] >>> TRAIN @Epoch: 292 >>>  || LOSS Avg: 0.07335
[Wall TIME] >>> Coach.train takes 4.542534 seconds ...
[Epoch 293 Telemetry] Loss: 0.073382 | lambda_nlgcl=0.0100 | 48001.7 samples/s | 4.55s
[Coach] >>> TRAIN @Epoch: 293 >>>  || LOSS Avg: 0.07338
[Wall TIME] >>> Coach.train takes 4.550912 seconds ...
[Epoch 294 Telemetry] Loss: 0.073466 | lambda_nlgcl=0.0100 | 43969.0 samples/s | 4.97s
[Coach] >>> TRAIN @Epoch: 294 >>>  || LOSS Avg: 0.07347
[Wall TIME] >>> Coach.train takes 4.968158 seconds ...
[Epoch 295 Telemetry] Loss: 0.073508 | lambda_nlgcl=0.0100 | 47871.9 samples/s | 4.56s
[Coach] >>> TRAIN @Epoch: 295 >>>  || LOSS Avg: 0.07351
[Wall TIME] >>> Coach.train takes 4.563118 seconds ...
[Coach] >>> VALID @Epoch: 295 >>>  || RECALL@1 Avg: 0.0141 || RECALL@10 Avg: 0.0738 || RECALL@20 Avg: 0.1093 || NDCG@10 Avg: 0.0398 || NDCG@20 Avg: 0.0488
[Wall TIME] >>> Coach.valid takes 1.458954 seconds ...
[Epoch 296 Telemetry] Loss: 0.073472 | lambda_nlgcl=0.0100 | 43987.1 samples/s | 4.97s
[Coach] >>> TRAIN @Epoch: 296 >>>  || LOSS Avg: 0.07347
[Wall TIME] >>> Coach.train takes 4.966132 seconds ...
[Epoch 297 Telemetry] Loss: 0.073103 | lambda_nlgcl=0.0100 | 46999.4 samples/s | 4.65s
[Coach] >>> TRAIN @Epoch: 297 >>>  || LOSS Avg: 0.07310
[Wall TIME] >>> Coach.train takes 4.647801 seconds ...
[Epoch 298 Telemetry] Loss: 0.073267 | lambda_nlgcl=0.0100 | 47179.1 samples/s | 4.63s
[Coach] >>> TRAIN @Epoch: 298 >>>  || LOSS Avg: 0.07327
[Wall TIME] >>> Coach.train takes 4.630030 seconds ...
[Epoch 299 Telemetry] Loss: 0.073325 | lambda_nlgcl=0.0100 | 43970.5 samples/s | 4.97s
[Coach] >>> TRAIN @Epoch: 299 >>>  || LOSS Avg: 0.07332
[Wall TIME] >>> Coach.train takes 4.967881 seconds ...
[Epoch 300 Telemetry] Loss: 0.073476 | lambda_nlgcl=0.0100 | 47376.6 samples/s | 4.61s
[Coach] >>> TRAIN @Epoch: 300 >>>  || LOSS Avg: 0.07348
[Wall TIME] >>> Coach.train takes 4.610817 seconds ...
[Coach] >>> VALID @Epoch: 300 >>>  || RECALL@1 Avg: 0.0146 || RECALL@10 Avg: 0.0737 || RECALL@20 Avg: 0.1090 || NDCG@10 Avg: 0.0399 || NDCG@20 Avg: 0.0488
[Wall TIME] >>> Coach.valid takes 1.410488 seconds ...
[Epoch 301 Telemetry] Loss: 0.073291 | lambda_nlgcl=0.0100 | 43738.3 samples/s | 4.99s
[Coach] >>> TRAIN @Epoch: 301 >>>  || LOSS Avg: 0.07329
[Wall TIME] >>> Coach.train takes 4.994323 seconds ...
[Epoch 302 Telemetry] Loss: 0.073228 | lambda_nlgcl=0.0100 | 47401.4 samples/s | 4.61s
[Coach] >>> TRAIN @Epoch: 302 >>>  || LOSS Avg: 0.07323
[Wall TIME] >>> Coach.train takes 4.608361 seconds ...
[Epoch 303 Telemetry] Loss: 0.073448 | lambda_nlgcl=0.0100 | 47723.9 samples/s | 4.58s
[Coach] >>> TRAIN @Epoch: 303 >>>  || LOSS Avg: 0.07345
[Wall TIME] >>> Coach.train takes 4.577267 seconds ...
[Epoch 304 Telemetry] Loss: 0.073349 | lambda_nlgcl=0.0100 | 44008.6 samples/s | 4.96s
[Coach] >>> TRAIN @Epoch: 304 >>>  || LOSS Avg: 0.07335
[Wall TIME] >>> Coach.train takes 4.963600 seconds ...
[Epoch 305 Telemetry] Loss: 0.073197 | lambda_nlgcl=0.0100 | 48053.6 samples/s | 4.55s
[Coach] >>> TRAIN @Epoch: 305 >>>  || LOSS Avg: 0.07320
[Wall TIME] >>> Coach.train takes 4.545821 seconds ...
[Coach] >>> VALID @Epoch: 305 >>>  || RECALL@1 Avg: 0.0143 || RECALL@10 Avg: 0.0735 || RECALL@20 Avg: 0.1090 || NDCG@10 Avg: 0.0397 || NDCG@20 Avg: 0.0488
[Wall TIME] >>> Coach.valid takes 1.439786 seconds ...
[Epoch 306 Telemetry] Loss: 0.072866 | lambda_nlgcl=0.0100 | 44261.3 samples/s | 4.93s
[Coach] >>> TRAIN @Epoch: 306 >>>  || LOSS Avg: 0.07287
[Wall TIME] >>> Coach.train takes 4.935199 seconds ...
[Epoch 307 Telemetry] Loss: 0.073016 | lambda_nlgcl=0.0100 | 47463.8 samples/s | 4.60s
[Coach] >>> TRAIN @Epoch: 307 >>>  || LOSS Avg: 0.07302
[Wall TIME] >>> Coach.train takes 4.602367 seconds ...
[Epoch 308 Telemetry] Loss: 0.072879 | lambda_nlgcl=0.0100 | 47792.3 samples/s | 4.57s
[Coach] >>> TRAIN @Epoch: 308 >>>  || LOSS Avg: 0.07288
[Wall TIME] >>> Coach.train takes 4.570698 seconds ...
[Epoch 309 Telemetry] Loss: 0.073220 | lambda_nlgcl=0.0100 | 43957.3 samples/s | 4.97s
[Coach] >>> TRAIN @Epoch: 309 >>>  || LOSS Avg: 0.07322
[Wall TIME] >>> Coach.train takes 4.969650 seconds ...
[Epoch 310 Telemetry] Loss: 0.073277 | lambda_nlgcl=0.0100 | 47534.6 samples/s | 4.59s
[Coach] >>> TRAIN @Epoch: 310 >>>  || LOSS Avg: 0.07328
[Wall TIME] >>> Coach.train takes 4.595612 seconds ...
[Coach] >>> VALID @Epoch: 310 >>>  || RECALL@1 Avg: 0.0142 || RECALL@10 Avg: 0.0733 || RECALL@20 Avg: 0.1095 || NDCG@10 Avg: 0.0396 || NDCG@20 Avg: 0.0489
[Wall TIME] >>> Coach.valid takes 1.413682 seconds ...
[Epoch 311 Telemetry] Loss: 0.072793 | lambda_nlgcl=0.0100 | 43610.2 samples/s | 5.01s
[Coach] >>> TRAIN @Epoch: 311 >>>  || LOSS Avg: 0.07279
[Wall TIME] >>> Coach.train takes 5.009015 seconds ...
[Epoch 312 Telemetry] Loss: 0.073237 | lambda_nlgcl=0.0100 | 47949.7 samples/s | 4.55s
[Coach] >>> TRAIN @Epoch: 312 >>>  || LOSS Avg: 0.07324
[Wall TIME] >>> Coach.train takes 4.555766 seconds ...
[Epoch 313 Telemetry] Loss: 0.073018 | lambda_nlgcl=0.0100 | 47889.0 samples/s | 4.56s
[Coach] >>> TRAIN @Epoch: 313 >>>  || LOSS Avg: 0.07302
[Wall TIME] >>> Coach.train takes 4.561619 seconds ...
[Epoch 314 Telemetry] Loss: 0.072809 | lambda_nlgcl=0.0100 | 43723.7 samples/s | 5.00s
[Coach] >>> TRAIN @Epoch: 314 >>>  || LOSS Avg: 0.07281
[Wall TIME] >>> Coach.train takes 4.996043 seconds ...
[Epoch 315 Telemetry] Loss: 0.072930 | lambda_nlgcl=0.0100 | 47499.3 samples/s | 4.60s
[Coach] >>> TRAIN @Epoch: 315 >>>  || LOSS Avg: 0.07293
[Wall TIME] >>> Coach.train takes 4.598845 seconds ...
[Coach] >>> VALID @Epoch: 315 >>>  || RECALL@1 Avg: 0.0144 || RECALL@10 Avg: 0.0733 || RECALL@20 Avg: 0.1087 || NDCG@10 Avg: 0.0397 || NDCG@20 Avg: 0.0487
[Wall TIME] >>> Coach.valid takes 1.446712 seconds ...
[Epoch 316 Telemetry] Loss: 0.072863 | lambda_nlgcl=0.0100 | 44435.6 samples/s | 4.92s
[Coach] >>> TRAIN @Epoch: 316 >>>  || LOSS Avg: 0.07286
[Wall TIME] >>> Coach.train takes 4.915928 seconds ...
[Epoch 317 Telemetry] Loss: 0.072788 | lambda_nlgcl=0.0100 | 47717.5 samples/s | 4.58s
[Coach] >>> TRAIN @Epoch: 317 >>>  || LOSS Avg: 0.07279
[Wall TIME] >>> Coach.train takes 4.578008 seconds ...
[Epoch 318 Telemetry] Loss: 0.072832 | lambda_nlgcl=0.0100 | 47978.5 samples/s | 4.55s
[Coach] >>> TRAIN @Epoch: 318 >>>  || LOSS Avg: 0.07283
[Wall TIME] >>> Coach.train takes 4.552967 seconds ...
[Epoch 319 Telemetry] Loss: 0.072786 | lambda_nlgcl=0.0100 | 44326.8 samples/s | 4.93s
[Coach] >>> TRAIN @Epoch: 319 >>>  || LOSS Avg: 0.07279
[Wall TIME] >>> Coach.train takes 4.927936 seconds ...
[Epoch 320 Telemetry] Loss: 0.072789 | lambda_nlgcl=0.0100 | 47168.6 samples/s | 4.63s
[Coach] >>> TRAIN @Epoch: 320 >>>  || LOSS Avg: 0.07279
[Wall TIME] >>> Coach.train takes 4.631174 seconds ...
[Coach] >>> VALID @Epoch: 320 >>>  || RECALL@1 Avg: 0.0143 || RECALL@10 Avg: 0.0729 || RECALL@20 Avg: 0.1093 || NDCG@10 Avg: 0.0397 || NDCG@20 Avg: 0.0489
[Wall TIME] >>> Coach.valid takes 1.423295 seconds ...
[Epoch 321 Telemetry] Loss: 0.072725 | lambda_nlgcl=0.0100 | 43608.8 samples/s | 5.01s
[Coach] >>> TRAIN @Epoch: 321 >>>  || LOSS Avg: 0.07272
[Wall TIME] >>> Coach.train takes 5.009282 seconds ...
[Epoch 322 Telemetry] Loss: 0.072743 | lambda_nlgcl=0.0100 | 47301.2 samples/s | 4.62s
[Coach] >>> TRAIN @Epoch: 322 >>>  || LOSS Avg: 0.07274
[Wall TIME] >>> Coach.train takes 4.618287 seconds ...
[Epoch 323 Telemetry] Loss: 0.072858 | lambda_nlgcl=0.0100 | 47269.2 samples/s | 4.62s
[Coach] >>> TRAIN @Epoch: 323 >>>  || LOSS Avg: 0.07286
[Wall TIME] >>> Coach.train takes 4.621413 seconds ...
[Epoch 324 Telemetry] Loss: 0.072727 | lambda_nlgcl=0.0100 | 44412.4 samples/s | 4.92s
[Coach] >>> TRAIN @Epoch: 324 >>>  || LOSS Avg: 0.07273
[Wall TIME] >>> Coach.train takes 4.918511 seconds ...
[Epoch 325 Telemetry] Loss: 0.072661 | lambda_nlgcl=0.0100 | 47853.0 samples/s | 4.56s
[Coach] >>> TRAIN @Epoch: 325 >>>  || LOSS Avg: 0.07266
[Wall TIME] >>> Coach.train takes 4.564861 seconds ...
[Coach] >>> Better ***NDCG@20*** of ***0.0491*** 
[Coach] >>> VALID @Epoch: 325 >>>  || RECALL@1 Avg: 0.0146 || RECALL@10 Avg: 0.0731 || RECALL@20 Avg: 0.1096 || NDCG@10 Avg: 0.0398 || NDCG@20 Avg: 0.0491
[Wall TIME] >>> Coach.valid takes 1.494741 seconds ...
[Epoch 326 Telemetry] Loss: 0.072798 | lambda_nlgcl=0.0100 | 43897.9 samples/s | 4.98s
[Coach] >>> TRAIN @Epoch: 326 >>>  || LOSS Avg: 0.07280
[Wall TIME] >>> Coach.train takes 4.976064 seconds ...
[Epoch 327 Telemetry] Loss: 0.072652 | lambda_nlgcl=0.0100 | 47361.1 samples/s | 4.61s
[Coach] >>> TRAIN @Epoch: 327 >>>  || LOSS Avg: 0.07265
[Wall TIME] >>> Coach.train takes 4.612330 seconds ...
[Epoch 328 Telemetry] Loss: 0.072679 | lambda_nlgcl=0.0100 | 47597.5 samples/s | 4.59s
[Coach] >>> TRAIN @Epoch: 328 >>>  || LOSS Avg: 0.07268
[Wall TIME] >>> Coach.train takes 4.589324 seconds ...
[Epoch 329 Telemetry] Loss: 0.072568 | lambda_nlgcl=0.0100 | 43913.1 samples/s | 4.97s
[Coach] >>> TRAIN @Epoch: 329 >>>  || LOSS Avg: 0.07257
[Wall TIME] >>> Coach.train takes 4.974320 seconds ...
[Epoch 330 Telemetry] Loss: 0.072379 | lambda_nlgcl=0.0100 | 47653.3 samples/s | 4.58s
[Coach] >>> TRAIN @Epoch: 330 >>>  || LOSS Avg: 0.07238
[Wall TIME] >>> Coach.train takes 4.584148 seconds ...
[Coach] >>> Better ***NDCG@20*** of ***0.0492*** 
[Coach] >>> VALID @Epoch: 330 >>>  || RECALL@1 Avg: 0.0146 || RECALL@10 Avg: 0.0732 || RECALL@20 Avg: 0.1097 || NDCG@10 Avg: 0.0399 || NDCG@20 Avg: 0.0492
[Wall TIME] >>> Coach.valid takes 1.475695 seconds ...
[Epoch 331 Telemetry] Loss: 0.072544 | lambda_nlgcl=0.0100 | 43696.3 samples/s | 5.00s
[Coach] >>> TRAIN @Epoch: 331 >>>  || LOSS Avg: 0.07254
[Wall TIME] >>> Coach.train takes 4.998996 seconds ...
[Epoch 332 Telemetry] Loss: 0.072513 | lambda_nlgcl=0.0100 | 47828.9 samples/s | 4.57s
[Coach] >>> TRAIN @Epoch: 332 >>>  || LOSS Avg: 0.07251
[Wall TIME] >>> Coach.train takes 4.567196 seconds ...
[Epoch 333 Telemetry] Loss: 0.072700 | lambda_nlgcl=0.0100 | 47445.0 samples/s | 4.60s
[Coach] >>> TRAIN @Epoch: 333 >>>  || LOSS Avg: 0.07270
[Wall TIME] >>> Coach.train takes 4.604066 seconds ...
[Epoch 334 Telemetry] Loss: 0.072620 | lambda_nlgcl=0.0100 | 44358.5 samples/s | 4.92s
[Coach] >>> TRAIN @Epoch: 334 >>>  || LOSS Avg: 0.07262
[Wall TIME] >>> Coach.train takes 4.924425 seconds ...
[Epoch 335 Telemetry] Loss: 0.072637 | lambda_nlgcl=0.0100 | 47108.8 samples/s | 4.64s
[Coach] >>> TRAIN @Epoch: 335 >>>  || LOSS Avg: 0.07264
[Wall TIME] >>> Coach.train takes 4.636949 seconds ...
[Coach] >>> VALID @Epoch: 335 >>>  || RECALL@1 Avg: 0.0147 || RECALL@10 Avg: 0.0736 || RECALL@20 Avg: 0.1094 || NDCG@10 Avg: 0.0400 || NDCG@20 Avg: 0.0492
[Wall TIME] >>> Coach.valid takes 1.421146 seconds ...
[Epoch 336 Telemetry] Loss: 0.072681 | lambda_nlgcl=0.0100 | 44236.8 samples/s | 4.94s
[Coach] >>> TRAIN @Epoch: 336 >>>  || LOSS Avg: 0.07268
[Wall TIME] >>> Coach.train takes 4.937898 seconds ...
[Epoch 337 Telemetry] Loss: 0.072743 | lambda_nlgcl=0.0100 | 47438.9 samples/s | 4.60s
[Coach] >>> TRAIN @Epoch: 337 >>>  || LOSS Avg: 0.07274
[Wall TIME] >>> Coach.train takes 4.604674 seconds ...
[Epoch 338 Telemetry] Loss: 0.072383 | lambda_nlgcl=0.0100 | 47380.8 samples/s | 4.61s
[Coach] >>> TRAIN @Epoch: 338 >>>  || LOSS Avg: 0.07238
[Wall TIME] >>> Coach.train takes 4.610392 seconds ...
[Epoch 339 Telemetry] Loss: 0.072700 | lambda_nlgcl=0.0100 | 43557.6 samples/s | 5.01s
[Coach] >>> TRAIN @Epoch: 339 >>>  || LOSS Avg: 0.07270
[Wall TIME] >>> Coach.train takes 5.015087 seconds ...
[Epoch 340 Telemetry] Loss: 0.072452 | lambda_nlgcl=0.0100 | 47552.9 samples/s | 4.59s
[Coach] >>> TRAIN @Epoch: 340 >>>  || LOSS Avg: 0.07245
[Wall TIME] >>> Coach.train takes 4.593655 seconds ...
[Coach] >>> Better ***NDCG@20*** of ***0.0493*** 
[Coach] >>> VALID @Epoch: 340 >>>  || RECALL@1 Avg: 0.0147 || RECALL@10 Avg: 0.0734 || RECALL@20 Avg: 0.1098 || NDCG@10 Avg: 0.0401 || NDCG@20 Avg: 0.0493
[Wall TIME] >>> Coach.valid takes 1.478052 seconds ...
[Epoch 341 Telemetry] Loss: 0.072578 | lambda_nlgcl=0.0100 | 43813.0 samples/s | 4.99s
[Coach] >>> TRAIN @Epoch: 341 >>>  || LOSS Avg: 0.07258
[Wall TIME] >>> Coach.train takes 4.985909 seconds ...
[Epoch 342 Telemetry] Loss: 0.072581 | lambda_nlgcl=0.0100 | 47766.3 samples/s | 4.57s
[Coach] >>> TRAIN @Epoch: 342 >>>  || LOSS Avg: 0.07258
[Wall TIME] >>> Coach.train takes 4.573284 seconds ...
[Epoch 343 Telemetry] Loss: 0.072275 | lambda_nlgcl=0.0100 | 47473.9 samples/s | 4.60s
[Coach] >>> TRAIN @Epoch: 343 >>>  || LOSS Avg: 0.07227
[Wall TIME] >>> Coach.train takes 4.601413 seconds ...
[Epoch 344 Telemetry] Loss: 0.072398 | lambda_nlgcl=0.0100 | 43742.4 samples/s | 4.99s
[Coach] >>> TRAIN @Epoch: 344 >>>  || LOSS Avg: 0.07240
[Wall TIME] >>> Coach.train takes 4.993842 seconds ...
[Epoch 345 Telemetry] Loss: 0.072473 | lambda_nlgcl=0.0100 | 47110.7 samples/s | 4.64s
[Coach] >>> TRAIN @Epoch: 345 >>>  || LOSS Avg: 0.07247
[Wall TIME] >>> Coach.train takes 4.636855 seconds ...
[Coach] >>> VALID @Epoch: 345 >>>  || RECALL@1 Avg: 0.0146 || RECALL@10 Avg: 0.0738 || RECALL@20 Avg: 0.1096 || NDCG@10 Avg: 0.0402 || NDCG@20 Avg: 0.0493
[Wall TIME] >>> Coach.valid takes 1.421210 seconds ...
[Epoch 346 Telemetry] Loss: 0.072461 | lambda_nlgcl=0.0100 | 43900.5 samples/s | 4.98s
[Coach] >>> TRAIN @Epoch: 346 >>>  || LOSS Avg: 0.07246
[Wall TIME] >>> Coach.train takes 4.975876 seconds ...
[Epoch 347 Telemetry] Loss: 0.072544 | lambda_nlgcl=0.0100 | 47370.5 samples/s | 4.61s
[Coach] >>> TRAIN @Epoch: 347 >>>  || LOSS Avg: 0.07254
[Wall TIME] >>> Coach.train takes 4.611491 seconds ...
[Epoch 348 Telemetry] Loss: 0.072440 | lambda_nlgcl=0.0100 | 47521.3 samples/s | 4.60s
[Coach] >>> TRAIN @Epoch: 348 >>>  || LOSS Avg: 0.07244
[Wall TIME] >>> Coach.train takes 4.596811 seconds ...
[Epoch 349 Telemetry] Loss: 0.072629 | lambda_nlgcl=0.0100 | 43856.3 samples/s | 4.98s
[Coach] >>> TRAIN @Epoch: 349 >>>  || LOSS Avg: 0.07263
[Wall TIME] >>> Coach.train takes 4.980881 seconds ...
[Epoch 350 Telemetry] Loss: 0.072327 | lambda_nlgcl=0.0100 | 47372.2 samples/s | 4.61s
[Coach] >>> TRAIN @Epoch: 350 >>>  || LOSS Avg: 0.07233
[Wall TIME] >>> Coach.train takes 4.611295 seconds ...
[Coach] >>> Better ***NDCG@20*** of ***0.0495*** 
[Coach] >>> VALID @Epoch: 350 >>>  || RECALL@1 Avg: 0.0148 || RECALL@10 Avg: 0.0740 || RECALL@20 Avg: 0.1102 || NDCG@10 Avg: 0.0403 || NDCG@20 Avg: 0.0495
[Wall TIME] >>> Coach.valid takes 1.472085 seconds ...
[Epoch 351 Telemetry] Loss: 0.072123 | lambda_nlgcl=0.0100 | 43658.9 samples/s | 5.00s
[Coach] >>> TRAIN @Epoch: 351 >>>  || LOSS Avg: 0.07212
[Wall TIME] >>> Coach.train takes 5.003371 seconds ...
[Epoch 352 Telemetry] Loss: 0.072441 | lambda_nlgcl=0.0100 | 47350.9 samples/s | 4.61s
[Coach] >>> TRAIN @Epoch: 352 >>>  || LOSS Avg: 0.07244
[Wall TIME] >>> Coach.train takes 4.613303 seconds ...
[Epoch 353 Telemetry] Loss: 0.072361 | lambda_nlgcl=0.0100 | 47318.8 samples/s | 4.62s
[Coach] >>> TRAIN @Epoch: 353 >>>  || LOSS Avg: 0.07236
[Wall TIME] >>> Coach.train takes 4.616447 seconds ...
[Epoch 354 Telemetry] Loss: 0.072361 | lambda_nlgcl=0.0100 | 44110.9 samples/s | 4.95s
[Coach] >>> TRAIN @Epoch: 354 >>>  || LOSS Avg: 0.07236
[Wall TIME] >>> Coach.train takes 4.952150 seconds ...
[Epoch 355 Telemetry] Loss: 0.072405 | lambda_nlgcl=0.0100 | 47601.4 samples/s | 4.59s
[Coach] >>> TRAIN @Epoch: 355 >>>  || LOSS Avg: 0.07241
[Wall TIME] >>> Coach.train takes 4.588980 seconds ...
[Coach] >>> VALID @Epoch: 355 >>>  || RECALL@1 Avg: 0.0147 || RECALL@10 Avg: 0.0741 || RECALL@20 Avg: 0.1103 || NDCG@10 Avg: 0.0402 || NDCG@20 Avg: 0.0494
[Wall TIME] >>> Coach.valid takes 1.430501 seconds ...
[Epoch 356 Telemetry] Loss: 0.072516 | lambda_nlgcl=0.0100 | 43460.1 samples/s | 5.03s
[Coach] >>> TRAIN @Epoch: 356 >>>  || LOSS Avg: 0.07252
[Wall TIME] >>> Coach.train takes 5.026241 seconds ...
[Epoch 357 Telemetry] Loss: 0.072307 | lambda_nlgcl=0.0100 | 46686.5 samples/s | 4.68s
[Coach] >>> TRAIN @Epoch: 357 >>>  || LOSS Avg: 0.07231
[Wall TIME] >>> Coach.train takes 4.678979 seconds ...
[Epoch 358 Telemetry] Loss: 0.072028 | lambda_nlgcl=0.0100 | 47003.2 samples/s | 4.65s
[Coach] >>> TRAIN @Epoch: 358 >>>  || LOSS Avg: 0.07203
[Wall TIME] >>> Coach.train takes 4.647409 seconds ...
[Epoch 359 Telemetry] Loss: 0.072248 | lambda_nlgcl=0.0100 | 42533.2 samples/s | 5.14s
[Coach] >>> TRAIN @Epoch: 359 >>>  || LOSS Avg: 0.07225
[Wall TIME] >>> Coach.train takes 5.135704 seconds ...
[Epoch 360 Telemetry] Loss: 0.072440 | lambda_nlgcl=0.0100 | 46656.2 samples/s | 4.68s
[Coach] >>> TRAIN @Epoch: 360 >>>  || LOSS Avg: 0.07244
[Wall TIME] >>> Coach.train takes 4.682012 seconds ...
[Coach] >>> VALID @Epoch: 360 >>>  || RECALL@1 Avg: 0.0144 || RECALL@10 Avg: 0.0739 || RECALL@20 Avg: 0.1097 || NDCG@10 Avg: 0.0401 || NDCG@20 Avg: 0.0492
[Wall TIME] >>> Coach.valid takes 1.433240 seconds ...
[Epoch 361 Telemetry] Loss: 0.072118 | lambda_nlgcl=0.0100 | 42879.5 samples/s | 5.09s
[Coach] >>> TRAIN @Epoch: 361 >>>  || LOSS Avg: 0.07212
[Wall TIME] >>> Coach.train takes 5.094363 seconds ...
[Epoch 362 Telemetry] Loss: 0.072176 | lambda_nlgcl=0.0100 | 46808.5 samples/s | 4.67s
[Coach] >>> TRAIN @Epoch: 362 >>>  || LOSS Avg: 0.07218
[Wall TIME] >>> Coach.train takes 4.666742 seconds ...
[Epoch 363 Telemetry] Loss: 0.071966 | lambda_nlgcl=0.0100 | 46408.0 samples/s | 4.71s
[Coach] >>> TRAIN @Epoch: 363 >>>  || LOSS Avg: 0.07197
[Wall TIME] >>> Coach.train takes 4.707059 seconds ...
[Epoch 364 Telemetry] Loss: 0.072379 | lambda_nlgcl=0.0100 | 44587.0 samples/s | 4.90s
[Coach] >>> TRAIN @Epoch: 364 >>>  || LOSS Avg: 0.07238
[Wall TIME] >>> Coach.train takes 4.899256 seconds ...
[Epoch 365 Telemetry] Loss: 0.072318 | lambda_nlgcl=0.0100 | 47754.9 samples/s | 4.57s
[Coach] >>> TRAIN @Epoch: 365 >>>  || LOSS Avg: 0.07232
[Wall TIME] >>> Coach.train takes 4.574365 seconds ...
[Coach] >>> VALID @Epoch: 365 >>>  || RECALL@1 Avg: 0.0145 || RECALL@10 Avg: 0.0736 || RECALL@20 Avg: 0.1097 || NDCG@10 Avg: 0.0400 || NDCG@20 Avg: 0.0492
[Wall TIME] >>> Coach.valid takes 1.429467 seconds ...
[Epoch 366 Telemetry] Loss: 0.072073 | lambda_nlgcl=0.0100 | 44395.7 samples/s | 4.92s
[Coach] >>> TRAIN @Epoch: 366 >>>  || LOSS Avg: 0.07207
[Wall TIME] >>> Coach.train takes 4.920322 seconds ...
[Epoch 367 Telemetry] Loss: 0.072172 | lambda_nlgcl=0.0100 | 47719.9 samples/s | 4.58s
[Coach] >>> TRAIN @Epoch: 367 >>>  || LOSS Avg: 0.07217
[Wall TIME] >>> Coach.train takes 4.577609 seconds ...
[Epoch 368 Telemetry] Loss: 0.072291 | lambda_nlgcl=0.0100 | 47001.1 samples/s | 4.65s
[Coach] >>> TRAIN @Epoch: 368 >>>  || LOSS Avg: 0.07229
[Wall TIME] >>> Coach.train takes 4.647749 seconds ...
[Epoch 369 Telemetry] Loss: 0.072110 | lambda_nlgcl=0.0100 | 42900.0 samples/s | 5.09s
[Coach] >>> TRAIN @Epoch: 369 >>>  || LOSS Avg: 0.07211
[Wall TIME] >>> Coach.train takes 5.091902 seconds ...
[Epoch 370 Telemetry] Loss: 0.072036 | lambda_nlgcl=0.0100 | 46804.1 samples/s | 4.67s
[Coach] >>> TRAIN @Epoch: 370 >>>  || LOSS Avg: 0.07204
[Wall TIME] >>> Coach.train takes 4.667255 seconds ...
[Coach] >>> VALID @Epoch: 370 >>>  || RECALL@1 Avg: 0.0148 || RECALL@10 Avg: 0.0734 || RECALL@20 Avg: 0.1097 || NDCG@10 Avg: 0.0400 || NDCG@20 Avg: 0.0493
[Wall TIME] >>> Coach.valid takes 1.440844 seconds ...
[Epoch 371 Telemetry] Loss: 0.072225 | lambda_nlgcl=0.0100 | 42824.8 samples/s | 5.10s
[Coach] >>> TRAIN @Epoch: 371 >>>  || LOSS Avg: 0.07222
[Wall TIME] >>> Coach.train takes 5.100969 seconds ...
[Epoch 372 Telemetry] Loss: 0.072157 | lambda_nlgcl=0.0100 | 46847.2 samples/s | 4.66s
[Coach] >>> TRAIN @Epoch: 372 >>>  || LOSS Avg: 0.07216
[Wall TIME] >>> Coach.train takes 4.663052 seconds ...
[Epoch 373 Telemetry] Loss: 0.072029 | lambda_nlgcl=0.0100 | 47236.9 samples/s | 4.62s
[Coach] >>> TRAIN @Epoch: 373 >>>  || LOSS Avg: 0.07203
[Wall TIME] >>> Coach.train takes 4.624353 seconds ...
[Epoch 374 Telemetry] Loss: 0.071876 | lambda_nlgcl=0.0100 | 43817.0 samples/s | 4.98s
[Coach] >>> TRAIN @Epoch: 374 >>>  || LOSS Avg: 0.07188
[Wall TIME] >>> Coach.train takes 4.985307 seconds ...
[Epoch 375 Telemetry] Loss: 0.071987 | lambda_nlgcl=0.0100 | 47135.5 samples/s | 4.63s
[Coach] >>> TRAIN @Epoch: 375 >>>  || LOSS Avg: 0.07199
[Wall TIME] >>> Coach.train takes 4.634305 seconds ...
[Coach] >>> VALID @Epoch: 375 >>>  || RECALL@1 Avg: 0.0146 || RECALL@10 Avg: 0.0738 || RECALL@20 Avg: 0.1098 || NDCG@10 Avg: 0.0402 || NDCG@20 Avg: 0.0493
[Wall TIME] >>> Coach.valid takes 1.424875 seconds ...
[Epoch 376 Telemetry] Loss: 0.072043 | lambda_nlgcl=0.0100 | 44180.9 samples/s | 4.94s
[Coach] >>> TRAIN @Epoch: 376 >>>  || LOSS Avg: 0.07204
[Wall TIME] >>> Coach.train takes 4.944423 seconds ...
[Epoch 377 Telemetry] Loss: 0.072142 | lambda_nlgcl=0.0100 | 47997.6 samples/s | 4.55s
[Coach] >>> TRAIN @Epoch: 377 >>>  || LOSS Avg: 0.07214
[Wall TIME] >>> Coach.train takes 4.551159 seconds ...
[Epoch 378 Telemetry] Loss: 0.071946 | lambda_nlgcl=0.0100 | 48233.9 samples/s | 4.53s
[Coach] >>> TRAIN @Epoch: 378 >>>  || LOSS Avg: 0.07195
[Wall TIME] >>> Coach.train takes 4.528879 seconds ...
[Epoch 379 Telemetry] Loss: 0.071969 | lambda_nlgcl=0.0100 | 44146.8 samples/s | 4.95s
[Coach] >>> TRAIN @Epoch: 379 >>>  || LOSS Avg: 0.07197
[Wall TIME] >>> Coach.train takes 4.948134 seconds ...
[Epoch 380 Telemetry] Loss: 0.072182 | lambda_nlgcl=0.0100 | 47332.6 samples/s | 4.61s
[Coach] >>> TRAIN @Epoch: 380 >>>  || LOSS Avg: 0.07218
[Wall TIME] >>> Coach.train takes 4.615161 seconds ...
[Coach] >>> VALID @Epoch: 380 >>>  || RECALL@1 Avg: 0.0144 || RECALL@10 Avg: 0.0734 || RECALL@20 Avg: 0.1099 || NDCG@10 Avg: 0.0399 || NDCG@20 Avg: 0.0492
[Wall TIME] >>> Coach.valid takes 1.436616 seconds ...
[Epoch 381 Telemetry] Loss: 0.071779 | lambda_nlgcl=0.0100 | 43299.5 samples/s | 5.04s
[Coach] >>> TRAIN @Epoch: 381 >>>  || LOSS Avg: 0.07178
[Wall TIME] >>> Coach.train takes 5.044873 seconds ...
[Epoch 382 Telemetry] Loss: 0.071931 | lambda_nlgcl=0.0100 | 47252.4 samples/s | 4.62s
[Coach] >>> TRAIN @Epoch: 382 >>>  || LOSS Avg: 0.07193
[Wall TIME] >>> Coach.train takes 4.622936 seconds ...
[Epoch 383 Telemetry] Loss: 0.071925 | lambda_nlgcl=0.0100 | 47708.9 samples/s | 4.58s
[Coach] >>> TRAIN @Epoch: 383 >>>  || LOSS Avg: 0.07193
[Wall TIME] >>> Coach.train takes 4.578739 seconds ...
[Epoch 384 Telemetry] Loss: 0.072002 | lambda_nlgcl=0.0100 | 43917.5 samples/s | 4.97s
[Coach] >>> TRAIN @Epoch: 384 >>>  || LOSS Avg: 0.07200
[Wall TIME] >>> Coach.train takes 4.973939 seconds ...
[Epoch 385 Telemetry] Loss: 0.071846 | lambda_nlgcl=0.0100 | 46971.9 samples/s | 4.65s
[Coach] >>> TRAIN @Epoch: 385 >>>  || LOSS Avg: 0.07185
[Wall TIME] >>> Coach.train takes 4.650470 seconds ...
[Coach] >>> VALID @Epoch: 385 >>>  || RECALL@1 Avg: 0.0143 || RECALL@10 Avg: 0.0732 || RECALL@20 Avg: 0.1092 || NDCG@10 Avg: 0.0398 || NDCG@20 Avg: 0.0490
[Wall TIME] >>> Coach.valid takes 1.430076 seconds ...
[Epoch 386 Telemetry] Loss: 0.071769 | lambda_nlgcl=0.0100 | 43301.7 samples/s | 5.04s
[Coach] >>> TRAIN @Epoch: 386 >>>  || LOSS Avg: 0.07177
[Wall TIME] >>> Coach.train takes 5.044662 seconds ...
[Epoch 387 Telemetry] Loss: 0.071729 | lambda_nlgcl=0.0100 | 47270.8 samples/s | 4.62s
[Coach] >>> TRAIN @Epoch: 387 >>>  || LOSS Avg: 0.07173
[Wall TIME] >>> Coach.train takes 4.621088 seconds ...
[Epoch 388 Telemetry] Loss: 0.071940 | lambda_nlgcl=0.0100 | 47695.7 samples/s | 4.58s
[Coach] >>> TRAIN @Epoch: 388 >>>  || LOSS Avg: 0.07194
[Wall TIME] >>> Coach.train takes 4.579895 seconds ...
[Epoch 389 Telemetry] Loss: 0.071964 | lambda_nlgcl=0.0100 | 43911.2 samples/s | 4.97s
[Coach] >>> TRAIN @Epoch: 389 >>>  || LOSS Avg: 0.07196
[Wall TIME] >>> Coach.train takes 4.974554 seconds ...
[Epoch 390 Telemetry] Loss: 0.071838 | lambda_nlgcl=0.0100 | 47722.5 samples/s | 4.58s
[Coach] >>> TRAIN @Epoch: 390 >>>  || LOSS Avg: 0.07184
[Wall TIME] >>> Coach.train takes 4.577572 seconds ...
[Coach] >>> VALID @Epoch: 390 >>>  || RECALL@1 Avg: 0.0142 || RECALL@10 Avg: 0.0736 || RECALL@20 Avg: 0.1091 || NDCG@10 Avg: 0.0398 || NDCG@20 Avg: 0.0489
[Wall TIME] >>> Coach.valid takes 1.439644 seconds ...
[Epoch 391 Telemetry] Loss: 0.071767 | lambda_nlgcl=0.0100 | 44310.9 samples/s | 4.93s
[Coach] >>> TRAIN @Epoch: 391 >>>  || LOSS Avg: 0.07177
[Wall TIME] >>> Coach.train takes 4.929754 seconds ...
[Epoch 392 Telemetry] Loss: 0.071893 | lambda_nlgcl=0.0100 | 46910.0 samples/s | 4.66s
[Coach] >>> TRAIN @Epoch: 392 >>>  || LOSS Avg: 0.07189
[Wall TIME] >>> Coach.train takes 4.656749 seconds ...
[Epoch 393 Telemetry] Loss: 0.071884 | lambda_nlgcl=0.0100 | 47166.0 samples/s | 4.63s
[Coach] >>> TRAIN @Epoch: 393 >>>  || LOSS Avg: 0.07188
[Wall TIME] >>> Coach.train takes 4.631469 seconds ...
[Epoch 394 Telemetry] Loss: 0.071862 | lambda_nlgcl=0.0100 | 44238.0 samples/s | 4.94s
[Coach] >>> TRAIN @Epoch: 394 >>>  || LOSS Avg: 0.07186
[Wall TIME] >>> Coach.train takes 4.937827 seconds ...
[Epoch 395 Telemetry] Loss: 0.071761 | lambda_nlgcl=0.0100 | 47703.5 samples/s | 4.58s
[Coach] >>> TRAIN @Epoch: 395 >>>  || LOSS Avg: 0.07176
[Wall TIME] >>> Coach.train takes 4.579132 seconds ...
[Coach] >>> VALID @Epoch: 395 >>>  || RECALL@1 Avg: 0.0143 || RECALL@10 Avg: 0.0733 || RECALL@20 Avg: 0.1092 || NDCG@10 Avg: 0.0399 || NDCG@20 Avg: 0.0490
[Wall TIME] >>> Coach.valid takes 1.426162 seconds ...
[Epoch 396 Telemetry] Loss: 0.071643 | lambda_nlgcl=0.0100 | 43522.3 samples/s | 5.02s
[Coach] >>> TRAIN @Epoch: 396 >>>  || LOSS Avg: 0.07164
[Wall TIME] >>> Coach.train takes 5.019154 seconds ...
[Epoch 397 Telemetry] Loss: 0.071774 | lambda_nlgcl=0.0100 | 47326.3 samples/s | 4.61s
[Coach] >>> TRAIN @Epoch: 397 >>>  || LOSS Avg: 0.07177
[Wall TIME] >>> Coach.train takes 4.615619 seconds ...
[Epoch 398 Telemetry] Loss: 0.071828 | lambda_nlgcl=0.0100 | 47339.7 samples/s | 4.61s
[Coach] >>> TRAIN @Epoch: 398 >>>  || LOSS Avg: 0.07183
[Wall TIME] >>> Coach.train takes 4.614424 seconds ...
[Epoch 399 Telemetry] Loss: 0.071609 | lambda_nlgcl=0.0100 | 43473.9 samples/s | 5.02s
[Coach] >>> TRAIN @Epoch: 399 >>>  || LOSS Avg: 0.07161
[Wall TIME] >>> Coach.train takes 5.024679 seconds ...
[Epoch 400 Telemetry] Loss: 0.071622 | lambda_nlgcl=0.0100 | 47161.3 samples/s | 4.63s
[Coach] >>> TRAIN @Epoch: 400 >>>  || LOSS Avg: 0.07162
[Wall TIME] >>> Coach.train takes 4.631744 seconds ...
[Coach] >>> VALID @Epoch: 400 >>>  || RECALL@1 Avg: 0.0145 || RECALL@10 Avg: 0.0737 || RECALL@20 Avg: 0.1090 || NDCG@10 Avg: 0.0401 || NDCG@20 Avg: 0.0491
[Wall TIME] >>> Coach.valid takes 1.452373 seconds ...
[Epoch 401 Telemetry] Loss: 0.071729 | lambda_nlgcl=0.0100 | 43661.7 samples/s | 5.00s
[Coach] >>> TRAIN @Epoch: 401 >>>  || LOSS Avg: 0.07173
[Wall TIME] >>> Coach.train takes 5.003083 seconds ...
[Epoch 402 Telemetry] Loss: 0.071756 | lambda_nlgcl=0.0100 | 47388.2 samples/s | 4.61s
[Coach] >>> TRAIN @Epoch: 402 >>>  || LOSS Avg: 0.07176
[Wall TIME] >>> Coach.train takes 4.609682 seconds ...
[Epoch 403 Telemetry] Loss: 0.071687 | lambda_nlgcl=0.0100 | 47038.8 samples/s | 4.64s
[Coach] >>> TRAIN @Epoch: 403 >>>  || LOSS Avg: 0.07169
[Wall TIME] >>> Coach.train takes 4.643919 seconds ...
[Epoch 404 Telemetry] Loss: 0.071424 | lambda_nlgcl=0.0100 | 43527.9 samples/s | 5.02s
[Coach] >>> TRAIN @Epoch: 404 >>>  || LOSS Avg: 0.07142
[Wall TIME] >>> Coach.train takes 5.018581 seconds ...
[Epoch 405 Telemetry] Loss: 0.071830 | lambda_nlgcl=0.0100 | 47032.3 samples/s | 4.64s
[Coach] >>> TRAIN @Epoch: 405 >>>  || LOSS Avg: 0.07183
[Wall TIME] >>> Coach.train takes 4.644569 seconds ...
[Coach] >>> VALID @Epoch: 405 >>>  || RECALL@1 Avg: 0.0145 || RECALL@10 Avg: 0.0737 || RECALL@20 Avg: 0.1094 || NDCG@10 Avg: 0.0400 || NDCG@20 Avg: 0.0491
[Wall TIME] >>> Coach.valid takes 1.435236 seconds ...
[Epoch 406 Telemetry] Loss: 0.071759 | lambda_nlgcl=0.0100 | 43031.0 samples/s | 5.08s
[Coach] >>> TRAIN @Epoch: 406 >>>  || LOSS Avg: 0.07176
[Wall TIME] >>> Coach.train takes 5.076376 seconds ...
[Epoch 407 Telemetry] Loss: 0.071423 | lambda_nlgcl=0.0100 | 47120.3 samples/s | 4.64s
[Coach] >>> TRAIN @Epoch: 407 >>>  || LOSS Avg: 0.07142
[Wall TIME] >>> Coach.train takes 4.635942 seconds ...
[Epoch 408 Telemetry] Loss: 0.071487 | lambda_nlgcl=0.0100 | 46565.8 samples/s | 4.69s
[Coach] >>> TRAIN @Epoch: 408 >>>  || LOSS Avg: 0.07149
[Wall TIME] >>> Coach.train takes 4.691125 seconds ...
[Epoch 409 Telemetry] Loss: 0.071946 | lambda_nlgcl=0.0100 | 43756.3 samples/s | 4.99s
[Coach] >>> TRAIN @Epoch: 409 >>>  || LOSS Avg: 0.07195
[Wall TIME] >>> Coach.train takes 4.992261 seconds ...
[Epoch 410 Telemetry] Loss: 0.071535 | lambda_nlgcl=0.0100 | 46984.8 samples/s | 4.65s
[Coach] >>> TRAIN @Epoch: 410 >>>  || LOSS Avg: 0.07153
[Wall TIME] >>> Coach.train takes 4.649267 seconds ...
[Coach] >>> VALID @Epoch: 410 >>>  || RECALL@1 Avg: 0.0148 || RECALL@10 Avg: 0.0740 || RECALL@20 Avg: 0.1089 || NDCG@10 Avg: 0.0403 || NDCG@20 Avg: 0.0492
[Wall TIME] >>> Coach.valid takes 1.435962 seconds ...
[Epoch 411 Telemetry] Loss: 0.071598 | lambda_nlgcl=0.0100 | 43770.2 samples/s | 4.99s
[Coach] >>> TRAIN @Epoch: 411 >>>  || LOSS Avg: 0.07160
[Wall TIME] >>> Coach.train takes 4.990610 seconds ...
[Epoch 412 Telemetry] Loss: 0.071624 | lambda_nlgcl=0.0100 | 46797.0 samples/s | 4.67s
[Coach] >>> TRAIN @Epoch: 412 >>>  || LOSS Avg: 0.07162
[Wall TIME] >>> Coach.train takes 4.667957 seconds ...
[Epoch 413 Telemetry] Loss: 0.071266 | lambda_nlgcl=0.0100 | 47231.2 samples/s | 4.62s
[Coach] >>> TRAIN @Epoch: 413 >>>  || LOSS Avg: 0.07127
[Wall TIME] >>> Coach.train takes 4.625001 seconds ...
[Epoch 414 Telemetry] Loss: 0.071461 | lambda_nlgcl=0.0100 | 44259.3 samples/s | 4.93s
[Coach] >>> TRAIN @Epoch: 414 >>>  || LOSS Avg: 0.07146
[Wall TIME] >>> Coach.train takes 4.935656 seconds ...
[Epoch 415 Telemetry] Loss: 0.071547 | lambda_nlgcl=0.0100 | 47838.4 samples/s | 4.57s
[Coach] >>> TRAIN @Epoch: 415 >>>  || LOSS Avg: 0.07155
[Wall TIME] >>> Coach.train takes 4.566339 seconds ...
[Coach] >>> VALID @Epoch: 415 >>>  || RECALL@1 Avg: 0.0150 || RECALL@10 Avg: 0.0744 || RECALL@20 Avg: 0.1093 || NDCG@10 Avg: 0.0405 || NDCG@20 Avg: 0.0494
[Wall TIME] >>> Coach.valid takes 1.439841 seconds ...
[Epoch 416 Telemetry] Loss: 0.071858 | lambda_nlgcl=0.0100 | 42953.5 samples/s | 5.08s
[Coach] >>> TRAIN @Epoch: 416 >>>  || LOSS Avg: 0.07186
[Wall TIME] >>> Coach.train takes 5.085460 seconds ...
[Epoch 417 Telemetry] Loss: 0.071457 | lambda_nlgcl=0.0100 | 47372.2 samples/s | 4.61s
[Coach] >>> TRAIN @Epoch: 417 >>>  || LOSS Avg: 0.07146
[Wall TIME] >>> Coach.train takes 4.611248 seconds ...
[Epoch 418 Telemetry] Loss: 0.071576 | lambda_nlgcl=0.0100 | 46631.7 samples/s | 4.68s
[Coach] >>> TRAIN @Epoch: 418 >>>  || LOSS Avg: 0.07158
[Wall TIME] >>> Coach.train takes 4.684541 seconds ...
[Epoch 419 Telemetry] Loss: 0.071179 | lambda_nlgcl=0.0100 | 43663.4 samples/s | 5.00s
[Coach] >>> TRAIN @Epoch: 419 >>>  || LOSS Avg: 0.07118
[Wall TIME] >>> Coach.train takes 5.002960 seconds ...
[Epoch 420 Telemetry] Loss: 0.071487 | lambda_nlgcl=0.0100 | 46613.8 samples/s | 4.69s
[Coach] >>> TRAIN @Epoch: 420 >>>  || LOSS Avg: 0.07149
[Wall TIME] >>> Coach.train takes 4.686326 seconds ...
[Coach] >>> Better ***NDCG@20*** of ***0.0496*** 
[Coach] >>> VALID @Epoch: 420 >>>  || RECALL@1 Avg: 0.0149 || RECALL@10 Avg: 0.0736 || RECALL@20 Avg: 0.1101 || NDCG@10 Avg: 0.0402 || NDCG@20 Avg: 0.0496
[Wall TIME] >>> Coach.valid takes 1.478732 seconds ...
[Epoch 421 Telemetry] Loss: 0.071624 | lambda_nlgcl=0.0100 | 43902.1 samples/s | 4.97s
[Coach] >>> TRAIN @Epoch: 421 >>>  || LOSS Avg: 0.07162
[Wall TIME] >>> Coach.train takes 4.975711 seconds ...
[Epoch 422 Telemetry] Loss: 0.071564 | lambda_nlgcl=0.0100 | 46740.0 samples/s | 4.67s
[Coach] >>> TRAIN @Epoch: 422 >>>  || LOSS Avg: 0.07156
[Wall TIME] >>> Coach.train takes 4.673594 seconds ...
[Epoch 423 Telemetry] Loss: 0.071654 | lambda_nlgcl=0.0100 | 47276.0 samples/s | 4.62s
[Coach] >>> TRAIN @Epoch: 423 >>>  || LOSS Avg: 0.07165
[Wall TIME] >>> Coach.train takes 4.620583 seconds ...
[Epoch 424 Telemetry] Loss: 0.071450 | lambda_nlgcl=0.0100 | 43715.3 samples/s | 5.00s
[Coach] >>> TRAIN @Epoch: 424 >>>  || LOSS Avg: 0.07145
[Wall TIME] >>> Coach.train takes 4.996920 seconds ...
[Epoch 425 Telemetry] Loss: 0.071467 | lambda_nlgcl=0.0100 | 47563.1 samples/s | 4.59s
[Coach] >>> TRAIN @Epoch: 425 >>>  || LOSS Avg: 0.07147
[Wall TIME] >>> Coach.train takes 4.592765 seconds ...
[Coach] >>> VALID @Epoch: 425 >>>  || RECALL@1 Avg: 0.0145 || RECALL@10 Avg: 0.0739 || RECALL@20 Avg: 0.1100 || NDCG@10 Avg: 0.0402 || NDCG@20 Avg: 0.0494
[Wall TIME] >>> Coach.valid takes 1.428133 seconds ...
[Epoch 426 Telemetry] Loss: 0.071240 | lambda_nlgcl=0.0100 | 43521.3 samples/s | 5.02s
[Coach] >>> TRAIN @Epoch: 426 >>>  || LOSS Avg: 0.07124
[Wall TIME] >>> Coach.train takes 5.019121 seconds ...
[Epoch 427 Telemetry] Loss: 0.071605 | lambda_nlgcl=0.0100 | 47171.1 samples/s | 4.63s
[Coach] >>> TRAIN @Epoch: 427 >>>  || LOSS Avg: 0.07161
[Wall TIME] >>> Coach.train takes 4.630968 seconds ...
[Epoch 428 Telemetry] Loss: 0.071359 | lambda_nlgcl=0.0100 | 46482.2 samples/s | 4.70s
[Coach] >>> TRAIN @Epoch: 428 >>>  || LOSS Avg: 0.07136
[Wall TIME] >>> Coach.train takes 4.699524 seconds ...
[Epoch 429 Telemetry] Loss: 0.071415 | lambda_nlgcl=0.0100 | 43359.9 samples/s | 5.04s
[Coach] >>> TRAIN @Epoch: 429 >>>  || LOSS Avg: 0.07142
[Wall TIME] >>> Coach.train takes 5.037988 seconds ...
[Epoch 430 Telemetry] Loss: 0.071499 | lambda_nlgcl=0.0100 | 46791.4 samples/s | 4.67s
[Coach] >>> TRAIN @Epoch: 430 >>>  || LOSS Avg: 0.07150
[Wall TIME] >>> Coach.train takes 4.668523 seconds ...
[Coach] >>> VALID @Epoch: 430 >>>  || RECALL@1 Avg: 0.0144 || RECALL@10 Avg: 0.0735 || RECALL@20 Avg: 0.1099 || NDCG@10 Avg: 0.0398 || NDCG@20 Avg: 0.0491
[Wall TIME] >>> Coach.valid takes 1.429678 seconds ...
[Epoch 431 Telemetry] Loss: 0.071248 | lambda_nlgcl=0.0100 | 44294.6 samples/s | 4.93s
[Coach] >>> TRAIN @Epoch: 431 >>>  || LOSS Avg: 0.07125
[Wall TIME] >>> Coach.train takes 4.931620 seconds ...
[Epoch 432 Telemetry] Loss: 0.071635 | lambda_nlgcl=0.0100 | 46881.1 samples/s | 4.66s
[Coach] >>> TRAIN @Epoch: 432 >>>  || LOSS Avg: 0.07164
[Wall TIME] >>> Coach.train takes 4.659518 seconds ...
[Epoch 433 Telemetry] Loss: 0.071451 | lambda_nlgcl=0.0100 | 47258.3 samples/s | 4.62s
[Coach] >>> TRAIN @Epoch: 433 >>>  || LOSS Avg: 0.07145
[Wall TIME] >>> Coach.train takes 4.622319 seconds ...
[Epoch 434 Telemetry] Loss: 0.071521 | lambda_nlgcl=0.0100 | 43667.0 samples/s | 5.00s
[Coach] >>> TRAIN @Epoch: 434 >>>  || LOSS Avg: 0.07152
[Wall TIME] >>> Coach.train takes 5.002396 seconds ...
[Epoch 435 Telemetry] Loss: 0.071490 | lambda_nlgcl=0.0100 | 47085.5 samples/s | 4.64s
[Coach] >>> TRAIN @Epoch: 435 >>>  || LOSS Avg: 0.07149
[Wall TIME] >>> Coach.train takes 4.639342 seconds ...
[Coach] >>> VALID @Epoch: 435 >>>  || RECALL@1 Avg: 0.0146 || RECALL@10 Avg: 0.0738 || RECALL@20 Avg: 0.1098 || NDCG@10 Avg: 0.0400 || NDCG@20 Avg: 0.0492
[Wall TIME] >>> Coach.valid takes 1.426852 seconds ...
[Epoch 436 Telemetry] Loss: 0.071627 | lambda_nlgcl=0.0100 | 43541.4 samples/s | 5.02s
[Coach] >>> TRAIN @Epoch: 436 >>>  || LOSS Avg: 0.07163
[Wall TIME] >>> Coach.train takes 5.016887 seconds ...
[Epoch 437 Telemetry] Loss: 0.071347 | lambda_nlgcl=0.0100 | 47728.8 samples/s | 4.58s
[Coach] >>> TRAIN @Epoch: 437 >>>  || LOSS Avg: 0.07135
[Wall TIME] >>> Coach.train takes 4.576817 seconds ...
[Epoch 438 Telemetry] Loss: 0.071356 | lambda_nlgcl=0.0100 | 46944.8 samples/s | 4.65s
[Coach] >>> TRAIN @Epoch: 438 >>>  || LOSS Avg: 0.07136
[Wall TIME] >>> Coach.train takes 4.653219 seconds ...
[Epoch 439 Telemetry] Loss: 0.071422 | lambda_nlgcl=0.0100 | 43450.5 samples/s | 5.03s
[Coach] >>> TRAIN @Epoch: 439 >>>  || LOSS Avg: 0.07142
[Wall TIME] >>> Coach.train takes 5.027427 seconds ...
[Epoch 440 Telemetry] Loss: 0.071200 | lambda_nlgcl=0.0100 | 46382.7 samples/s | 4.71s
[Coach] >>> TRAIN @Epoch: 440 >>>  || LOSS Avg: 0.07120
[Wall TIME] >>> Coach.train takes 4.709672 seconds ...
[Coach] >>> VALID @Epoch: 440 >>>  || RECALL@1 Avg: 0.0144 || RECALL@10 Avg: 0.0737 || RECALL@20 Avg: 0.1101 || NDCG@10 Avg: 0.0399 || NDCG@20 Avg: 0.0492
[Wall TIME] >>> Coach.valid takes 1.443083 seconds ...
[Epoch 441 Telemetry] Loss: 0.071291 | lambda_nlgcl=0.0100 | 43665.9 samples/s | 5.00s
[Coach] >>> TRAIN @Epoch: 441 >>>  || LOSS Avg: 0.07129
[Wall TIME] >>> Coach.train takes 5.002564 seconds ...
[Epoch 442 Telemetry] Loss: 0.071391 | lambda_nlgcl=0.0100 | 47497.4 samples/s | 4.60s
[Coach] >>> TRAIN @Epoch: 442 >>>  || LOSS Avg: 0.07139
[Wall TIME] >>> Coach.train takes 4.599097 seconds ...
[Epoch 443 Telemetry] Loss: 0.071298 | lambda_nlgcl=0.0100 | 47482.7 samples/s | 4.60s
[Coach] >>> TRAIN @Epoch: 443 >>>  || LOSS Avg: 0.07130
[Wall TIME] >>> Coach.train takes 4.600480 seconds ...
[Epoch 444 Telemetry] Loss: 0.071565 | lambda_nlgcl=0.0100 | 44023.4 samples/s | 4.96s
[Coach] >>> TRAIN @Epoch: 444 >>>  || LOSS Avg: 0.07157
[Wall TIME] >>> Coach.train takes 4.961949 seconds ...
[Epoch 445 Telemetry] Loss: 0.071499 | lambda_nlgcl=0.0100 | 46954.7 samples/s | 4.65s
[Coach] >>> TRAIN @Epoch: 445 >>>  || LOSS Avg: 0.07150
[Wall TIME] >>> Coach.train takes 4.652171 seconds ...
[Coach] >>> VALID @Epoch: 445 >>>  || RECALL@1 Avg: 0.0144 || RECALL@10 Avg: 0.0741 || RECALL@20 Avg: 0.1099 || NDCG@10 Avg: 0.0401 || NDCG@20 Avg: 0.0492
[Wall TIME] >>> Coach.valid takes 1.434938 seconds ...
[Epoch 446 Telemetry] Loss: 0.071192 | lambda_nlgcl=0.0100 | 43310.0 samples/s | 5.04s
[Coach] >>> TRAIN @Epoch: 446 >>>  || LOSS Avg: 0.07119
[Wall TIME] >>> Coach.train takes 5.043707 seconds ...
[Epoch 447 Telemetry] Loss: 0.071295 | lambda_nlgcl=0.0100 | 47256.6 samples/s | 4.62s
[Coach] >>> TRAIN @Epoch: 447 >>>  || LOSS Avg: 0.07130
[Wall TIME] >>> Coach.train takes 4.622512 seconds ...
[Epoch 448 Telemetry] Loss: 0.071404 | lambda_nlgcl=0.0100 | 46863.4 samples/s | 4.66s
[Coach] >>> TRAIN @Epoch: 448 >>>  || LOSS Avg: 0.07140
[Wall TIME] >>> Coach.train takes 4.661200 seconds ...
[Epoch 449 Telemetry] Loss: 0.071258 | lambda_nlgcl=0.0100 | 44012.2 samples/s | 4.96s
[Coach] >>> TRAIN @Epoch: 449 >>>  || LOSS Avg: 0.07126
[Wall TIME] >>> Coach.train takes 4.963182 seconds ...
[Epoch 450 Telemetry] Loss: 0.071373 | lambda_nlgcl=0.0100 | 47239.0 samples/s | 4.62s
[Coach] >>> TRAIN @Epoch: 450 >>>  || LOSS Avg: 0.07137
[Wall TIME] >>> Coach.train takes 4.624250 seconds ...
[Coach] >>> VALID @Epoch: 450 >>>  || RECALL@1 Avg: 0.0146 || RECALL@10 Avg: 0.0737 || RECALL@20 Avg: 0.1100 || NDCG@10 Avg: 0.0401 || NDCG@20 Avg: 0.0494
[Wall TIME] >>> Coach.valid takes 1.423123 seconds ...
[Epoch 451 Telemetry] Loss: 0.071337 | lambda_nlgcl=0.0100 | 43210.5 samples/s | 5.05s
[Coach] >>> TRAIN @Epoch: 451 >>>  || LOSS Avg: 0.07134
[Wall TIME] >>> Coach.train takes 5.055255 seconds ...
[Epoch 452 Telemetry] Loss: 0.071136 | lambda_nlgcl=0.0100 | 47054.5 samples/s | 4.64s
[Coach] >>> TRAIN @Epoch: 452 >>>  || LOSS Avg: 0.07114
[Wall TIME] >>> Coach.train takes 4.642409 seconds ...
[Epoch 453 Telemetry] Loss: 0.071161 | lambda_nlgcl=0.0100 | 46974.2 samples/s | 4.65s
[Coach] >>> TRAIN @Epoch: 453 >>>  || LOSS Avg: 0.07116
[Wall TIME] >>> Coach.train takes 4.650292 seconds ...
[Epoch 454 Telemetry] Loss: 0.071404 | lambda_nlgcl=0.0100 | 43424.7 samples/s | 5.03s
[Coach] >>> TRAIN @Epoch: 454 >>>  || LOSS Avg: 0.07140
[Wall TIME] >>> Coach.train takes 5.030404 seconds ...
[Epoch 455 Telemetry] Loss: 0.071276 | lambda_nlgcl=0.0100 | 47457.5 samples/s | 4.60s
[Coach] >>> TRAIN @Epoch: 455 >>>  || LOSS Avg: 0.07128
[Wall TIME] >>> Coach.train takes 4.603000 seconds ...
[Coach] >>> VALID @Epoch: 455 >>>  || RECALL@1 Avg: 0.0143 || RECALL@10 Avg: 0.0736 || RECALL@20 Avg: 0.1099 || NDCG@10 Avg: 0.0400 || NDCG@20 Avg: 0.0492
[Wall TIME] >>> Coach.valid takes 1.455116 seconds ...
[Epoch 456 Telemetry] Loss: 0.071510 | lambda_nlgcl=0.0100 | 44012.0 samples/s | 4.96s
[Coach] >>> TRAIN @Epoch: 456 >>>  || LOSS Avg: 0.07151
[Wall TIME] >>> Coach.train takes 4.963198 seconds ...
[Epoch 457 Telemetry] Loss: 0.071403 | lambda_nlgcl=0.0100 | 46475.7 samples/s | 4.70s
[Coach] >>> TRAIN @Epoch: 457 >>>  || LOSS Avg: 0.07140
[Wall TIME] >>> Coach.train takes 4.700286 seconds ...
[Epoch 458 Telemetry] Loss: 0.071079 | lambda_nlgcl=0.0100 | 47022.4 samples/s | 4.64s
[Coach] >>> TRAIN @Epoch: 458 >>>  || LOSS Avg: 0.07108
[Wall TIME] >>> Coach.train takes 4.645468 seconds ...
[Epoch 459 Telemetry] Loss: 0.071084 | lambda_nlgcl=0.0100 | 43724.0 samples/s | 5.00s
[Coach] >>> TRAIN @Epoch: 459 >>>  || LOSS Avg: 0.07108
[Wall TIME] >>> Coach.train takes 4.996080 seconds ...
[Epoch 460 Telemetry] Loss: 0.071294 | lambda_nlgcl=0.0100 | 46968.4 samples/s | 4.65s
[Coach] >>> TRAIN @Epoch: 460 >>>  || LOSS Avg: 0.07129
[Wall TIME] >>> Coach.train takes 4.650887 seconds ...
[Coach] >>> VALID @Epoch: 460 >>>  || RECALL@1 Avg: 0.0141 || RECALL@10 Avg: 0.0737 || RECALL@20 Avg: 0.1103 || NDCG@10 Avg: 0.0399 || NDCG@20 Avg: 0.0493
[Wall TIME] >>> Coach.valid takes 1.422216 seconds ...
[Epoch 461 Telemetry] Loss: 0.071187 | lambda_nlgcl=0.0100 | 43944.4 samples/s | 4.97s
[Coach] >>> TRAIN @Epoch: 461 >>>  || LOSS Avg: 0.07119
[Wall TIME] >>> Coach.train takes 4.970963 seconds ...
[Epoch 462 Telemetry] Loss: 0.071143 | lambda_nlgcl=0.0100 | 47442.6 samples/s | 4.60s
[Coach] >>> TRAIN @Epoch: 462 >>>  || LOSS Avg: 0.07114
[Wall TIME] >>> Coach.train takes 4.604362 seconds ...
[Epoch 463 Telemetry] Loss: 0.071126 | lambda_nlgcl=0.0100 | 46413.1 samples/s | 4.71s
[Coach] >>> TRAIN @Epoch: 463 >>>  || LOSS Avg: 0.07113
[Wall TIME] >>> Coach.train takes 4.706594 seconds ...
[Epoch 464 Telemetry] Loss: 0.071130 | lambda_nlgcl=0.0100 | 43737.0 samples/s | 4.99s
[Coach] >>> TRAIN @Epoch: 464 >>>  || LOSS Avg: 0.07113
[Wall TIME] >>> Coach.train takes 4.994471 seconds ...
[Epoch 465 Telemetry] Loss: 0.071076 | lambda_nlgcl=0.0100 | 46441.2 samples/s | 4.70s
[Coach] >>> TRAIN @Epoch: 465 >>>  || LOSS Avg: 0.07108
[Wall TIME] >>> Coach.train takes 4.703700 seconds ...
[Coach] >>> VALID @Epoch: 465 >>>  || RECALL@1 Avg: 0.0140 || RECALL@10 Avg: 0.0736 || RECALL@20 Avg: 0.1099 || NDCG@10 Avg: 0.0398 || NDCG@20 Avg: 0.0491
[Wall TIME] >>> Coach.valid takes 1.432600 seconds ...
[Epoch 466 Telemetry] Loss: 0.071197 | lambda_nlgcl=0.0100 | 44067.9 samples/s | 4.96s
[Coach] >>> TRAIN @Epoch: 466 >>>  || LOSS Avg: 0.07120
[Wall TIME] >>> Coach.train takes 4.956964 seconds ...
[Epoch 467 Telemetry] Loss: 0.071030 | lambda_nlgcl=0.0100 | 47061.9 samples/s | 4.64s
[Coach] >>> TRAIN @Epoch: 467 >>>  || LOSS Avg: 0.07103
[Wall TIME] >>> Coach.train takes 4.641548 seconds ...
[Epoch 468 Telemetry] Loss: 0.071031 | lambda_nlgcl=0.0100 | 47205.4 samples/s | 4.63s
[Coach] >>> TRAIN @Epoch: 468 >>>  || LOSS Avg: 0.07103
[Wall TIME] >>> Coach.train takes 4.627533 seconds ...
[Epoch 469 Telemetry] Loss: 0.071170 | lambda_nlgcl=0.0100 | 43329.3 samples/s | 5.04s
[Coach] >>> TRAIN @Epoch: 469 >>>  || LOSS Avg: 0.07117
[Wall TIME] >>> Coach.train takes 5.041473 seconds ...
[Epoch 470 Telemetry] Loss: 0.071199 | lambda_nlgcl=0.0100 | 46931.8 samples/s | 4.65s
[Coach] >>> TRAIN @Epoch: 470 >>>  || LOSS Avg: 0.07120
[Wall TIME] >>> Coach.train takes 4.654499 seconds ...
[Coach] >>> VALID @Epoch: 470 >>>  || RECALL@1 Avg: 0.0144 || RECALL@10 Avg: 0.0742 || RECALL@20 Avg: 0.1102 || NDCG@10 Avg: 0.0402 || NDCG@20 Avg: 0.0494
[Wall TIME] >>> Coach.valid takes 1.431834 seconds ...
[Epoch 471 Telemetry] Loss: 0.071124 | lambda_nlgcl=0.0100 | 44101.4 samples/s | 4.95s
[Coach] >>> TRAIN @Epoch: 471 >>>  || LOSS Avg: 0.07112
[Wall TIME] >>> Coach.train takes 4.953112 seconds ...
[Epoch 472 Telemetry] Loss: 0.070867 | lambda_nlgcl=0.0100 | 47795.0 samples/s | 4.57s
[Coach] >>> TRAIN @Epoch: 472 >>>  || LOSS Avg: 0.07087
[Wall TIME] >>> Coach.train takes 4.570476 seconds ...
[Epoch 473 Telemetry] Loss: 0.071109 | lambda_nlgcl=0.0100 | 47583.6 samples/s | 4.59s
[Coach] >>> TRAIN @Epoch: 473 >>>  || LOSS Avg: 0.07111
[Wall TIME] >>> Coach.train takes 4.590789 seconds ...
[Epoch 474 Telemetry] Loss: 0.070804 | lambda_nlgcl=0.0100 | 44110.3 samples/s | 4.95s
[Coach] >>> TRAIN @Epoch: 474 >>>  || LOSS Avg: 0.07080
[Wall TIME] >>> Coach.train takes 4.952203 seconds ...
[Epoch 475 Telemetry] Loss: 0.071220 | lambda_nlgcl=0.0100 | 46773.2 samples/s | 4.67s
[Coach] >>> TRAIN @Epoch: 475 >>>  || LOSS Avg: 0.07122
[Wall TIME] >>> Coach.train takes 4.670219 seconds ...
[Coach] >>> VALID @Epoch: 475 >>>  || RECALL@1 Avg: 0.0142 || RECALL@10 Avg: 0.0740 || RECALL@20 Avg: 0.1102 || NDCG@10 Avg: 0.0400 || NDCG@20 Avg: 0.0492
[Wall TIME] >>> Coach.valid takes 1.422991 seconds ...
[Epoch 476 Telemetry] Loss: 0.070898 | lambda_nlgcl=0.0100 | 43682.2 samples/s | 5.00s
[Coach] >>> TRAIN @Epoch: 476 >>>  || LOSS Avg: 0.07090
[Wall TIME] >>> Coach.train takes 5.000745 seconds ...
[Epoch 477 Telemetry] Loss: 0.071086 | lambda_nlgcl=0.0100 | 46725.6 samples/s | 4.67s
[Coach] >>> TRAIN @Epoch: 477 >>>  || LOSS Avg: 0.07109
[Wall TIME] >>> Coach.train takes 4.674972 seconds ...
[Epoch 478 Telemetry] Loss: 0.070901 | lambda_nlgcl=0.0100 | 47195.3 samples/s | 4.63s
[Coach] >>> TRAIN @Epoch: 478 >>>  || LOSS Avg: 0.07090
[Wall TIME] >>> Coach.train takes 4.628601 seconds ...
[Epoch 479 Telemetry] Loss: 0.070917 | lambda_nlgcl=0.0100 | 43841.2 samples/s | 4.98s
[Coach] >>> TRAIN @Epoch: 479 >>>  || LOSS Avg: 0.07092
[Wall TIME] >>> Coach.train takes 4.982601 seconds ...
[Epoch 480 Telemetry] Loss: 0.071227 | lambda_nlgcl=0.0100 | 47403.8 samples/s | 4.61s
[Coach] >>> TRAIN @Epoch: 480 >>>  || LOSS Avg: 0.07123
[Wall TIME] >>> Coach.train takes 4.608222 seconds ...
[Coach] >>> VALID @Epoch: 480 >>>  || RECALL@1 Avg: 0.0148 || RECALL@10 Avg: 0.0741 || RECALL@20 Avg: 0.1102 || NDCG@10 Avg: 0.0403 || NDCG@20 Avg: 0.0495
[Wall TIME] >>> Coach.valid takes 1.425776 seconds ...
[Epoch 481 Telemetry] Loss: 0.070901 | lambda_nlgcl=0.0100 | 42745.7 samples/s | 5.11s
[Coach] >>> TRAIN @Epoch: 481 >>>  || LOSS Avg: 0.07090
[Wall TIME] >>> Coach.train takes 5.110306 seconds ...
[Epoch 482 Telemetry] Loss: 0.070803 | lambda_nlgcl=0.0100 | 46951.6 samples/s | 4.65s
[Coach] >>> TRAIN @Epoch: 482 >>>  || LOSS Avg: 0.07080
[Wall TIME] >>> Coach.train takes 4.652507 seconds ...
[Epoch 483 Telemetry] Loss: 0.070700 | lambda_nlgcl=0.0100 | 47232.9 samples/s | 4.62s
[Coach] >>> TRAIN @Epoch: 483 >>>  || LOSS Avg: 0.07070
[Wall TIME] >>> Coach.train takes 4.624797 seconds ...
[Epoch 484 Telemetry] Loss: 0.070872 | lambda_nlgcl=0.0100 | 43862.1 samples/s | 4.98s
[Coach] >>> TRAIN @Epoch: 484 >>>  || LOSS Avg: 0.07087
[Wall TIME] >>> Coach.train takes 4.980172 seconds ...
[Epoch 485 Telemetry] Loss: 0.070977 | lambda_nlgcl=0.0100 | 47325.4 samples/s | 4.62s
[Coach] >>> TRAIN @Epoch: 485 >>>  || LOSS Avg: 0.07098
[Wall TIME] >>> Coach.train takes 4.615826 seconds ...
[Coach] >>> Better ***NDCG@20*** of ***0.0496*** 
[Coach] >>> VALID @Epoch: 485 >>>  || RECALL@1 Avg: 0.0150 || RECALL@10 Avg: 0.0734 || RECALL@20 Avg: 0.1102 || NDCG@10 Avg: 0.0402 || NDCG@20 Avg: 0.0496
[Wall TIME] >>> Coach.valid takes 1.473805 seconds ...
[Epoch 486 Telemetry] Loss: 0.070841 | lambda_nlgcl=0.0100 | 43995.0 samples/s | 4.96s
[Coach] >>> TRAIN @Epoch: 486 >>>  || LOSS Avg: 0.07084
[Wall TIME] >>> Coach.train takes 4.965147 seconds ...
[Epoch 487 Telemetry] Loss: 0.070873 | lambda_nlgcl=0.0100 | 46851.7 samples/s | 4.66s
[Coach] >>> TRAIN @Epoch: 487 >>>  || LOSS Avg: 0.07087
[Wall TIME] >>> Coach.train takes 4.662521 seconds ...
[Epoch 488 Telemetry] Loss: 0.070691 | lambda_nlgcl=0.0100 | 47468.1 samples/s | 4.60s
[Coach] >>> TRAIN @Epoch: 488 >>>  || LOSS Avg: 0.07069
[Wall TIME] >>> Coach.train takes 4.601830 seconds ...
[Epoch 489 Telemetry] Loss: 0.070642 | lambda_nlgcl=0.0100 | 43803.2 samples/s | 4.99s
[Coach] >>> TRAIN @Epoch: 489 >>>  || LOSS Avg: 0.07064
[Wall TIME] >>> Coach.train takes 4.986978 seconds ...
[Epoch 490 Telemetry] Loss: 0.071095 | lambda_nlgcl=0.0100 | 47344.3 samples/s | 4.61s
[Coach] >>> TRAIN @Epoch: 490 >>>  || LOSS Avg: 0.07109
[Wall TIME] >>> Coach.train takes 4.613972 seconds ...
[Coach] >>> VALID @Epoch: 490 >>>  || RECALL@1 Avg: 0.0146 || RECALL@10 Avg: 0.0736 || RECALL@20 Avg: 0.1100 || NDCG@10 Avg: 0.0402 || NDCG@20 Avg: 0.0495
[Wall TIME] >>> Coach.valid takes 1.423828 seconds ...
[Epoch 491 Telemetry] Loss: 0.070753 | lambda_nlgcl=0.0100 | 43783.6 samples/s | 4.99s
[Coach] >>> TRAIN @Epoch: 491 >>>  || LOSS Avg: 0.07075
[Wall TIME] >>> Coach.train takes 4.989194 seconds ...
[Epoch 492 Telemetry] Loss: 0.071021 | lambda_nlgcl=0.0100 | 47566.0 samples/s | 4.59s
[Coach] >>> TRAIN @Epoch: 492 >>>  || LOSS Avg: 0.07102
[Wall TIME] >>> Coach.train takes 4.592509 seconds ...
[Epoch 493 Telemetry] Loss: 0.070828 | lambda_nlgcl=0.0100 | 47087.5 samples/s | 4.64s
[Coach] >>> TRAIN @Epoch: 493 >>>  || LOSS Avg: 0.07083
[Wall TIME] >>> Coach.train takes 4.639095 seconds ...
[Epoch 494 Telemetry] Loss: 0.070810 | lambda_nlgcl=0.0100 | 43950.7 samples/s | 4.97s
[Coach] >>> TRAIN @Epoch: 494 >>>  || LOSS Avg: 0.07081
[Wall TIME] >>> Coach.train takes 4.970232 seconds ...
[Epoch 495 Telemetry] Loss: 0.070833 | lambda_nlgcl=0.0100 | 46920.2 samples/s | 4.65s
[Coach] >>> TRAIN @Epoch: 495 >>>  || LOSS Avg: 0.07083
[Wall TIME] >>> Coach.train takes 4.655709 seconds ...
[Coach] >>> VALID @Epoch: 495 >>>  || RECALL@1 Avg: 0.0146 || RECALL@10 Avg: 0.0739 || RECALL@20 Avg: 0.1100 || NDCG@10 Avg: 0.0402 || NDCG@20 Avg: 0.0494
[Wall TIME] >>> Coach.valid takes 1.425004 seconds ...
[Epoch 496 Telemetry] Loss: 0.070812 | lambda_nlgcl=0.0100 | 44147.4 samples/s | 4.95s
[Coach] >>> TRAIN @Epoch: 496 >>>  || LOSS Avg: 0.07081
[Wall TIME] >>> Coach.train takes 4.947918 seconds ...
[Epoch 497 Telemetry] Loss: 0.070919 | lambda_nlgcl=0.0100 | 46670.1 samples/s | 4.68s
[Coach] >>> TRAIN @Epoch: 497 >>>  || LOSS Avg: 0.07092
[Wall TIME] >>> Coach.train takes 4.680677 seconds ...
[Epoch 498 Telemetry] Loss: 0.070846 | lambda_nlgcl=0.0100 | 47109.3 samples/s | 4.64s
[Coach] >>> TRAIN @Epoch: 498 >>>  || LOSS Avg: 0.07085
[Wall TIME] >>> Coach.train takes 4.636900 seconds ...
[Epoch 499 Telemetry] Loss: 0.070843 | lambda_nlgcl=0.0100 | 43614.9 samples/s | 5.01s
[Coach] >>> TRAIN @Epoch: 499 >>>  || LOSS Avg: 0.07084
[Wall TIME] >>> Coach.train takes 5.008326 seconds ...
[Epoch 500 Telemetry] Loss: 0.070804 | lambda_nlgcl=0.0100 | 47096.9 samples/s | 4.64s
[Coach] >>> TRAIN @Epoch: 500 >>>  || LOSS Avg: 0.07080
[Wall TIME] >>> Coach.train takes 4.638162 seconds ...
[Coach] >>> VALID @Epoch: 500 >>>  || RECALL@1 Avg: 0.0147 || RECALL@10 Avg: 0.0737 || RECALL@20 Avg: 0.1104 || NDCG@10 Avg: 0.0401 || NDCG@20 Avg: 0.0495
[Wall TIME] >>> Coach.valid takes 1.426424 seconds ...
[Coach] >>> TEST  @Epoch: 500 >>>  || RECALL@1 Avg: 0.0151 || RECALL@10 Avg: 0.0758 || RECALL@20 Avg: 0.1136 || NDCG@10 Avg: 0.0418 || NDCG@20 Avg: 0.0516
[Wall TIME] >>> Coach.test takes 1.453193 seconds ...
     Mode     Metric      Best  @Step
0   train       LOSS  0.070642    488
1   valid   RECALL@1  0.015016    415
2   valid  RECALL@10  0.074400    415
3   valid  RECALL@20  0.110393    500
4   valid    NDCG@10  0.040509    415
5   valid    NDCG@20  0.049589    485
6    test   RECALL@1  0.015091      0
7    test  RECALL@10  0.075792      0
8    test  RECALL@20  0.113569      0
9    test    NDCG@10  0.041822      0
10   test    NDCG@20  0.051598      0
[LoG_PaTH] >>> ./logs/STAIR5-v4-NLGCL-CSE/Amazon2014Sports_550_MMRec/1002171055
[Wall TIME] >>> Coach.summary takes 2.168800 seconds ...
[Coach] >>> Load best model @Epoch: 485 (-1) 
[Coach] >>> VALID @Epoch: 485 >>>  || RECALL@1 Avg: 0.0150 || RECALL@10 Avg: 0.0734 || RECALL@20 Avg: 0.1102 || NDCG@10 Avg: 0.0402 || NDCG@20 Avg: 0.0496
[Wall TIME] >>> Coach.valid takes 1.512029 seconds ...
[Coach] >>> TEST  @Epoch: 485 >>>  || RECALL@1 Avg: 0.0152 || RECALL@10 Avg: 0.0765 || RECALL@20 Avg: 0.1143 || NDCG@10 Avg: 0.0419 || NDCG@20 Avg: 0.0517
[Wall TIME] >>> Coach.test takes 1.428076 seconds ...
[Wall TIME] >>> Coach.fit takes 2532.348974 seconds ...
