[Benchmark] >>> cudnn.benchmark == False | cudnn.deterministic == True
[Seed] >>> Set seed: 1
[PARSER] >>>
[SAVED_FILENAME: model.pt] 
[BEST_FILENAME: best.pt] 
[CHECKPOINT_FREQ: 1] 
[CHECKPOINT_MODULES: ['model', 'optimizer', 'lr_scheduler']] 
[CHECKPOINT_FILENAME: checkpoint.tar] 
[SUMMARY_FILENAME: SUMMARY.md] 
[MONITOR_FILENAME: monitors.pkl] 
[MONITOR_BEST_FILENAME: best.pkl] 
[monitors: ['LOSS', 'Recall@1', 'Recall@10', 'Recall@20', 'NDCG@10', 'NDCG@20']] 
[which4best: NDCG@20] 
[root: /kaggle/data] 
[dataset: Amazon2014Baby_550_MMRec] 
[tasktag: None] 
[config: /kaggle/working/STAIR-Enhanced/configs/Amazon2014Baby_550_MMRec.yaml] 
[ranking: full] 
[retain_seen: False] 
[device: cuda:0] 
[ddp_backend: nccl] 
[optimizer: adamwsevo] 
[nesterov: False] 
[momentum: 0.9] 
[beta1: 0.9] 
[beta2: 0.999] 
[weight_decay: 0.3] 
[lr: 0.001] 
[batch_size: 1024] 
[epochs: 500] 
[log2file: True] 
[log2console: True] 
[eval_valid: True] 
[eval_test: False] 
[eval_freq: 5] 
[num_workers: 4] 
[seed: 1] 
[benchmark: False] 
[resume: False] 
[id: 0908031830] 
[description: RecSys] 
[embedding_dim: 64] 
[num_layers: 3] 
[mfiles: textual_modality.pkl,visual_modality.pkl] 
[num_neighbors: 5-1] 
[gamma: 0.1] 
[lambda_ans: 5e-05] 
[ans_tau: 0.2] 
[queue_size: 4096] 
[warmup_epochs: 50] 
[gamma_max: 0.35] 
[hn_ratio_max: 0.4] 
[subspace_alpha: 0.5] 
[reg_w: 0.0001] 
[lr_proj: None] 
[hans_window: 10] 
[ans_debug: False] 
[DATA_DIR: data] 
[SUMMARY_DIR: summary] 
[CHECKPOINT_PATH: ./infos/RecSys/Amazon2014Baby_550_MMRec/0] 
[LOG_PATH: ./logs/RecSys/Amazon2014Baby_550_MMRec/0908031830] 

[Wall TIME] >>> Parser.compile takes 0.219463 seconds ...
[DataSet] >>> Downloading /kaggle/data/Amazon2014Baby_550_MMRec.zip from https://zenodo.org/records/11003225/files/Amazon2014Baby_550_MMRec.zip...
[Wall TIME] >>> Parser.parse takes 0.040925 seconds ...
[Wall TIME] >>> Parser.load takes 0.002039 seconds ...

վ'ᴗ' ի-:   0%|          | 0.00/38.3M [00:00<?, ?B/s]
վ'ᴗ' ի-:   3%|▎         | 1.05M/38.3M [00:02<01:37, 381kB/s]
վ'ᴗ' ի-:   5%|▌         | 2.10M/38.3M [00:05<01:25, 422kB/s]
վ'ᴗ' ի-:   8%|▊         | 3.15M/38.3M [00:07<01:17, 455kB/s]
վ'ᴗ' ի-:  11%|█         | 4.19M/38.3M [00:09<01:12, 472kB/s]
վ'ᴗ' ի-:  14%|█▎        | 5.24M/38.3M [00:11<01:10, 466kB/s]
վ'ᴗ' ի-:  16%|█▋        | 6.29M/38.3M [00:14<01:11, 448kB/s]
վ'ᴗ' ի-:  19%|█▉        | 7.34M/38.3M [00:16<01:08, 451kB/s]
վ'ᴗ' ի-:  22%|██▏       | 8.39M/38.3M [00:18<01:04, 466kB/s]
վ'ᴗ' ի-:  25%|██▍       | 9.44M/38.3M [00:20<01:02, 462kB/s]
վ'ᴗ' ի-:  27%|██▋       | 10.5M/38.3M [00:23<01:00, 460kB/s]
վ'ᴗ' ի-:  30%|███       | 11.5M/38.3M [00:25<00:56, 472kB/s]
վ'ᴗ' ի-:  33%|███▎      | 12.6M/38.3M [00:27<00:56, 454kB/s]
վ'ᴗ' ի-:  36%|███▌      | 13.6M/38.3M [00:29<00:52, 467kB/s]
վ'ᴗ' ի-:  38%|███▊      | 14.7M/38.3M [00:32<00:52, 451kB/s]
վ'ᴗ' ի-:  41%|████      | 15.7M/38.3M [00:34<00:47, 478kB/s]
վ'ᴗ' ի-:  44%|████▍     | 16.8M/38.3M [00:36<00:44, 485kB/s]
վ'ᴗ' ի-:  47%|████▋     | 17.8M/38.3M [00:38<00:43, 476kB/s]
վ'ᴗ' ի-:  49%|████▉     | 18.9M/38.3M [00:40<00:40, 483kB/s]
վ'ᴗ' ի-:  52%|█████▏    | 19.9M/38.3M [00:42<00:38, 474kB/s]
վ'ᴗ' ի-:  55%|█████▍    | 21.0M/38.3M [00:45<00:35, 481kB/s]
վ'ᴗ' ի-:  58%|█████▊    | 22.0M/38.3M [00:47<00:34, 473kB/s]
վ'ᴗ' ի-:  60%|██████    | 23.1M/38.3M [00:50<00:34, 443kB/s]
վ'ᴗ' ի-:  63%|██████▎   | 24.1M/38.3M [00:52<00:31, 447kB/s]
վ'ᴗ' ի-:  66%|██████▌   | 25.2M/38.3M [00:54<00:29, 438kB/s]
վ'ᴗ' ի-:  68%|██████▊   | 26.2M/38.3M [00:56<00:26, 455kB/s]
վ'ᴗ' ի-:  71%|███████   | 27.3M/38.3M [00:59<00:24, 455kB/s]
վ'ᴗ' ի-:  74%|███████▍  | 28.3M/38.3M [01:01<00:21, 468kB/s]
վ'ᴗ' ի-:  77%|███████▋  | 29.4M/38.3M [01:03<00:19, 452kB/s]
վ'ᴗ' ի-:  79%|███████▉  | 30.4M/38.3M [01:06<00:17, 441kB/s]
վ'ᴗ' ի-:  82%|████████▏ | 31.5M/38.3M [01:08<00:15, 445kB/s]
վ'ᴗ' ի-:  85%|████████▍ | 32.5M/38.3M [01:09<00:10, 552kB/s]
վ'ᴗ' ի-:  88%|████████▊ | 33.6M/38.3M [01:09<00:06, 753kB/s]
վ'ᴗ' ի-:  93%|█████████▎| 35.7M/38.3M [01:10<00:02, 1.24MB/s]
վ'ᴗ' ի-:  96%|█████████▌| 36.7M/38.3M [01:10<00:01, 1.41MB/s]
վ'ᴗ' ի-:  99%|█████████▊| 37.7M/38.3M [01:10<00:00, 1.59MB/s]
վ'ᴗ' ի-: 100%|██████████| 38.3M/38.3M [01:11<00:00, 1.54MB/s]
վ'ᴗ' ի-: 100%|██████████| 38.3M/38.3M [01:11<00:00, 536kB/s] 
[DataSet] >>> Extracting file to /kaggle/data/Processed/Amazon2014Baby_550_MMRec
[Amazon2014Baby_550_MMRec] >>> USER:ID,USER | ITEM:ID,ITEM | TIMESTAMP:TIMESTAMP
+--------+--------+-------------------+---------------+--------+--------+-------+-----------------------+
| #Users | #Items |      Avg.Len      | #Interactions | #Train | #Valid | #Test |        Density        |
+--------+--------+-------------------+---------------+--------+--------+-------+-----------------------+
| 19445  |  7050  | 8.269066598097197 |     160792    | 118551 | 20559  | 21682 | 0.0011729172479570493 |
+--------+--------+-------------------+---------------+--------+--------+-------+-----------------------+
[Wall TIME] >>> BaseSet.compile takes 0.682204 seconds ...
[Wall TIME] >>> RecDataSet.to_heterograph takes 0.032247 seconds ...
/usr/local/lib/python3.12/dist-packages/freerec/graph.py:57: UserWarning: Sparse CSR tensor support is in beta state. If you miss a functionality in the sparse tensor support, please submit a feature request to https://github.com/pytorch/pytorch/issues. (Triggered internally at /pytorch/aten/src/ATen/SparseCsrTensorImpl.cpp:49.)
  ).to_sparse_csr()
[Wall TIME] >>> RecDataSet.to_heterograph takes 0.023186 seconds ...
[Wall TIME] >>> GenTrainPositiveSampler.prepare takes 0.405775 seconds ...
[Wall TIME] >>> ValidSampler.prepare takes 0.030316 seconds ...
[Wall TIME] >>> TestSampler.prepare takes 0.032091 seconds ...
[Coach] >>> Set best meter: NDCG@20 
[Wall TIME] >>> ChiefCoach.valid takes 2.618094 seconds ...
[Coach] >>> Better ***NDCG@20*** of ***0.0152*** 
[Coach] >>> TRAIN @Epoch: 0    >>> 
[Coach] >>> VALID @Epoch: 0    >>>  || RECALL@1 Avg: 0.0043 || RECALL@10 Avg: 0.0229 || RECALL@20 Avg: 0.0344 || NDCG@10 Avg: 0.0123 || NDCG@20 Avg: 0.0152
[Coach] >>> TEST  @Epoch: 0    >>> 
[Wall TIME] >>> ChiefCoach.train takes 3.736911 seconds ...
[Coach] >>> TRAIN @Epoch: 1    >>>  || LOSS Avg: 0.62824
[Coach] >>> VALID @Epoch: 1    >>> 
[Coach] >>> TEST  @Epoch: 1    >>> 
[Wall TIME] >>> ChiefCoach.train takes 2.716739 seconds ...
[Coach] >>> TRAIN @Epoch: 2    >>>  || LOSS Avg: 0.61376
[Coach] >>> VALID @Epoch: 2    >>> 
[Coach] >>> TEST  @Epoch: 2    >>> 
[Wall TIME] >>> ChiefCoach.train takes 2.835370 seconds ...
[Coach] >>> TRAIN @Epoch: 3    >>>  || LOSS Avg: 0.59642
[Coach] >>> VALID @Epoch: 3    >>> 
[Coach] >>> TEST  @Epoch: 3    >>> 
[Wall TIME] >>> ChiefCoach.train takes 2.778401 seconds ...
[Coach] >>> TRAIN @Epoch: 4    >>>  || LOSS Avg: 0.57475
[Coach] >>> VALID @Epoch: 4    >>> 
[Coach] >>> TEST  @Epoch: 4    >>> 
[Wall TIME] >>> ChiefCoach.train takes 2.697152 seconds ...
[Wall TIME] >>> ChiefCoach.valid takes 0.694943 seconds ...
[Coach] >>> Better ***NDCG@20*** of ***0.0305*** 
[Coach] >>> TRAIN @Epoch: 5    >>>  || LOSS Avg: 0.54915
[Coach] >>> VALID @Epoch: 5    >>>  || RECALL@1 Avg: 0.0093 || RECALL@10 Avg: 0.0452 || RECALL@20 Avg: 0.0686 || NDCG@10 Avg: 0.0245 || NDCG@20 Avg: 0.0305
[Coach] >>> TEST  @Epoch: 5    >>> 
[Wall TIME] >>> ChiefCoach.train takes 2.733736 seconds ...
[Coach] >>> TRAIN @Epoch: 6    >>>  || LOSS Avg: 0.52013
[Coach] >>> VALID @Epoch: 6    >>> 
[Coach] >>> TEST  @Epoch: 6    >>> 
[Wall TIME] >>> ChiefCoach.train takes 2.685453 seconds ...
[Coach] >>> TRAIN @Epoch: 7    >>>  || LOSS Avg: 0.48965
[Coach] >>> VALID @Epoch: 7    >>> 
[Coach] >>> TEST  @Epoch: 7    >>> 
[Wall TIME] >>> ChiefCoach.train takes 2.707319 seconds ...
[Coach] >>> TRAIN @Epoch: 8    >>>  || LOSS Avg: 0.45999
[Coach] >>> VALID @Epoch: 8    >>> 
[Coach] >>> TEST  @Epoch: 8    >>> 
[Wall TIME] >>> ChiefCoach.train takes 2.722148 seconds ...
[Coach] >>> TRAIN @Epoch: 9    >>>  || LOSS Avg: 0.43213
[Coach] >>> VALID @Epoch: 9    >>> 
[Coach] >>> TEST  @Epoch: 9    >>> 
[Wall TIME] >>> ChiefCoach.train takes 2.787793 seconds ...
[Wall TIME] >>> ChiefCoach.valid takes 0.669648 seconds ...
[Coach] >>> Better ***NDCG@20*** of ***0.0360*** 
[Coach] >>> TRAIN @Epoch: 10   >>>  || LOSS Avg: 0.40665
[Coach] >>> VALID @Epoch: 10   >>>  || RECALL@1 Avg: 0.0096 || RECALL@10 Avg: 0.0536 || RECALL@20 Avg: 0.0831 || NDCG@10 Avg: 0.0284 || NDCG@20 Avg: 0.0360
[Coach] >>> TEST  @Epoch: 10   >>> 
[Wall TIME] >>> ChiefCoach.train takes 3.743240 seconds ...
[Coach] >>> TRAIN @Epoch: 11   >>>  || LOSS Avg: 0.38382
[Coach] >>> VALID @Epoch: 11   >>> 
[Coach] >>> TEST  @Epoch: 11   >>> 
[Wall TIME] >>> ChiefCoach.train takes 2.680397 seconds ...
[Coach] >>> TRAIN @Epoch: 12   >>>  || LOSS Avg: 0.36447
[Coach] >>> VALID @Epoch: 12   >>> 
[Coach] >>> TEST  @Epoch: 12   >>> 
[Wall TIME] >>> ChiefCoach.train takes 2.726045 seconds ...
[Coach] >>> TRAIN @Epoch: 13   >>>  || LOSS Avg: 0.34596
[Coach] >>> VALID @Epoch: 13   >>> 
[Coach] >>> TEST  @Epoch: 13   >>> 
[Wall TIME] >>> ChiefCoach.train takes 2.733635 seconds ...
[Coach] >>> TRAIN @Epoch: 14   >>>  || LOSS Avg: 0.33071
[Coach] >>> VALID @Epoch: 14   >>> 
[Coach] >>> TEST  @Epoch: 14   >>> 
[Wall TIME] >>> ChiefCoach.train takes 2.742906 seconds ...
[Wall TIME] >>> ChiefCoach.valid takes 0.702847 seconds ...
[Coach] >>> Better ***NDCG@20*** of ***0.0371*** 
[Coach] >>> TRAIN @Epoch: 15   >>>  || LOSS Avg: 0.31631
[Coach] >>> VALID @Epoch: 15   >>>  || RECALL@1 Avg: 0.0098 || RECALL@10 Avg: 0.0556 || RECALL@20 Avg: 0.0858 || NDCG@10 Avg: 0.0294 || NDCG@20 Avg: 0.0371
[Coach] >>> TEST  @Epoch: 15   >>> 
[Wall TIME] >>> ChiefCoach.train takes 2.755006 seconds ...
[Coach] >>> TRAIN @Epoch: 16   >>>  || LOSS Avg: 0.30423
[Coach] >>> VALID @Epoch: 16   >>> 
[Coach] >>> TEST  @Epoch: 16   >>> 
[Wall TIME] >>> ChiefCoach.train takes 2.723475 seconds ...
[Coach] >>> TRAIN @Epoch: 17   >>>  || LOSS Avg: 0.29341
[Coach] >>> VALID @Epoch: 17   >>> 
[Coach] >>> TEST  @Epoch: 17   >>> 
[Wall TIME] >>> ChiefCoach.train takes 2.684850 seconds ...
[Coach] >>> TRAIN @Epoch: 18   >>>  || LOSS Avg: 0.28222
[Coach] >>> VALID @Epoch: 18   >>> 
[Coach] >>> TEST  @Epoch: 18   >>> 
[Wall TIME] >>> ChiefCoach.train takes 2.760561 seconds ...
[Coach] >>> TRAIN @Epoch: 19   >>>  || LOSS Avg: 0.27297
[Coach] >>> VALID @Epoch: 19   >>> 
[Coach] >>> TEST  @Epoch: 19   >>> 
[Wall TIME] >>> ChiefCoach.train takes 2.737843 seconds ...
[Wall TIME] >>> ChiefCoach.valid takes 0.703780 seconds ...
[Coach] >>> Better ***NDCG@20*** of ***0.0377*** 
[Coach] >>> TRAIN @Epoch: 20   >>>  || LOSS Avg: 0.26523
[Coach] >>> VALID @Epoch: 20   >>>  || RECALL@1 Avg: 0.0100 || RECALL@10 Avg: 0.0572 || RECALL@20 Avg: 0.0875 || NDCG@10 Avg: 0.0300 || NDCG@20 Avg: 0.0377
[Coach] >>> TEST  @Epoch: 20   >>> 
[Wall TIME] >>> ChiefCoach.train takes 2.759951 seconds ...
[Coach] >>> TRAIN @Epoch: 21   >>>  || LOSS Avg: 0.25675
[Coach] >>> VALID @Epoch: 21   >>> 
[Coach] >>> TEST  @Epoch: 21   >>> 
[Wall TIME] >>> ChiefCoach.train takes 2.716099 seconds ...
[Coach] >>> TRAIN @Epoch: 22   >>>  || LOSS Avg: 0.25011
[Coach] >>> VALID @Epoch: 22   >>> 
[Coach] >>> TEST  @Epoch: 22   >>> 
[Wall TIME] >>> ChiefCoach.train takes 2.747705 seconds ...
[Coach] >>> TRAIN @Epoch: 23   >>>  || LOSS Avg: 0.24348
[Coach] >>> VALID @Epoch: 23   >>> 
[Coach] >>> TEST  @Epoch: 23   >>> 
[Wall TIME] >>> ChiefCoach.train takes 2.726695 seconds ...
[Coach] >>> TRAIN @Epoch: 24   >>>  || LOSS Avg: 0.23662
[Coach] >>> VALID @Epoch: 24   >>> 
[Coach] >>> TEST  @Epoch: 24   >>> 
[Wall TIME] >>> ChiefCoach.train takes 2.696779 seconds ...
[Wall TIME] >>> ChiefCoach.valid takes 0.685037 seconds ...
[Coach] >>> Better ***NDCG@20*** of ***0.0387*** 
[Coach] >>> TRAIN @Epoch: 25   >>>  || LOSS Avg: 0.23185
[Coach] >>> VALID @Epoch: 25   >>>  || RECALL@1 Avg: 0.0104 || RECALL@10 Avg: 0.0584 || RECALL@20 Avg: 0.0899 || NDCG@10 Avg: 0.0307 || NDCG@20 Avg: 0.0387
[Coach] >>> TEST  @Epoch: 25   >>> 
[Wall TIME] >>> ChiefCoach.train takes 2.737159 seconds ...
[Coach] >>> TRAIN @Epoch: 26   >>>  || LOSS Avg: 0.22547
[Coach] >>> VALID @Epoch: 26   >>> 
[Coach] >>> TEST  @Epoch: 26   >>> 
[Wall TIME] >>> ChiefCoach.train takes 2.702266 seconds ...
[Coach] >>> TRAIN @Epoch: 27   >>>  || LOSS Avg: 0.22094
[Coach] >>> VALID @Epoch: 27   >>> 
[Coach] >>> TEST  @Epoch: 27   >>> 
[Wall TIME] >>> ChiefCoach.train takes 2.702540 seconds ...
[Coach] >>> TRAIN @Epoch: 28   >>>  || LOSS Avg: 0.21602
[Coach] >>> VALID @Epoch: 28   >>> 
[Coach] >>> TEST  @Epoch: 28   >>> 
[Wall TIME] >>> ChiefCoach.train takes 2.720926 seconds ...
[Coach] >>> TRAIN @Epoch: 29   >>>  || LOSS Avg: 0.21193
[Coach] >>> VALID @Epoch: 29   >>> 
[Coach] >>> TEST  @Epoch: 29   >>> 
[Wall TIME] >>> ChiefCoach.train takes 2.789692 seconds ...
[Wall TIME] >>> ChiefCoach.valid takes 0.675482 seconds ...
[Coach] >>> Better ***NDCG@20*** of ***0.0391*** 
[Coach] >>> TRAIN @Epoch: 30   >>>  || LOSS Avg: 0.20715
[Coach] >>> VALID @Epoch: 30   >>>  || RECALL@1 Avg: 0.0103 || RECALL@10 Avg: 0.0593 || RECALL@20 Avg: 0.0912 || NDCG@10 Avg: 0.0310 || NDCG@20 Avg: 0.0391
[Coach] >>> TEST  @Epoch: 30   >>> 
[Wall TIME] >>> ChiefCoach.train takes 3.227726 seconds ...
[Coach] >>> TRAIN @Epoch: 31   >>>  || LOSS Avg: 0.20308
[Coach] >>> VALID @Epoch: 31   >>> 
[Coach] >>> TEST  @Epoch: 31   >>> 
[Wall TIME] >>> ChiefCoach.train takes 2.741904 seconds ...
[Coach] >>> TRAIN @Epoch: 32   >>>  || LOSS Avg: 0.20028
[Coach] >>> VALID @Epoch: 32   >>> 
[Coach] >>> TEST  @Epoch: 32   >>> 
[Wall TIME] >>> ChiefCoach.train takes 2.752242 seconds ...
[Coach] >>> TRAIN @Epoch: 33   >>>  || LOSS Avg: 0.19619
[Coach] >>> VALID @Epoch: 33   >>> 
[Coach] >>> TEST  @Epoch: 33   >>> 
[Wall TIME] >>> ChiefCoach.train takes 2.693964 seconds ...
[Coach] >>> TRAIN @Epoch: 34   >>>  || LOSS Avg: 0.19321
[Coach] >>> VALID @Epoch: 34   >>> 
[Coach] >>> TEST  @Epoch: 34   >>> 
[Wall TIME] >>> ChiefCoach.train takes 2.739376 seconds ...
[Wall TIME] >>> ChiefCoach.valid takes 0.686790 seconds ...
[Coach] >>> Better ***NDCG@20*** of ***0.0395*** 
[Coach] >>> TRAIN @Epoch: 35   >>>  || LOSS Avg: 0.18961
[Coach] >>> VALID @Epoch: 35   >>>  || RECALL@1 Avg: 0.0107 || RECALL@10 Avg: 0.0592 || RECALL@20 Avg: 0.0921 || NDCG@10 Avg: 0.0312 || NDCG@20 Avg: 0.0395
[Coach] >>> TEST  @Epoch: 35   >>> 
[Wall TIME] >>> ChiefCoach.train takes 2.776988 seconds ...
[Coach] >>> TRAIN @Epoch: 36   >>>  || LOSS Avg: 0.18697
[Coach] >>> VALID @Epoch: 36   >>> 
[Coach] >>> TEST  @Epoch: 36   >>> 
[Wall TIME] >>> ChiefCoach.train takes 2.757199 seconds ...
[Coach] >>> TRAIN @Epoch: 37   >>>  || LOSS Avg: 0.18436
[Coach] >>> VALID @Epoch: 37   >>> 
[Coach] >>> TEST  @Epoch: 37   >>> 
[Wall TIME] >>> ChiefCoach.train takes 2.721814 seconds ...
[Coach] >>> TRAIN @Epoch: 38   >>>  || LOSS Avg: 0.18177
[Coach] >>> VALID @Epoch: 38   >>> 
[Coach] >>> TEST  @Epoch: 38   >>> 
[Wall TIME] >>> ChiefCoach.train takes 2.778869 seconds ...
[Coach] >>> TRAIN @Epoch: 39   >>>  || LOSS Avg: 0.17877
[Coach] >>> VALID @Epoch: 39   >>> 
[Coach] >>> TEST  @Epoch: 39   >>> 
[Wall TIME] >>> ChiefCoach.train takes 2.761798 seconds ...
[Wall TIME] >>> ChiefCoach.valid takes 0.676682 seconds ...
[Coach] >>> Better ***NDCG@20*** of ***0.0399*** 
[Coach] >>> TRAIN @Epoch: 40   >>>  || LOSS Avg: 0.17649
[Coach] >>> VALID @Epoch: 40   >>>  || RECALL@1 Avg: 0.0105 || RECALL@10 Avg: 0.0596 || RECALL@20 Avg: 0.0932 || NDCG@10 Avg: 0.0314 || NDCG@20 Avg: 0.0399
[Coach] >>> TEST  @Epoch: 40   >>> 
[Wall TIME] >>> ChiefCoach.train takes 2.765100 seconds ...
[Coach] >>> TRAIN @Epoch: 41   >>>  || LOSS Avg: 0.17321
[Coach] >>> VALID @Epoch: 41   >>> 
[Coach] >>> TEST  @Epoch: 41   >>> 
[Wall TIME] >>> ChiefCoach.train takes 2.734604 seconds ...
[Coach] >>> TRAIN @Epoch: 42   >>>  || LOSS Avg: 0.17096
[Coach] >>> VALID @Epoch: 42   >>> 
[Coach] >>> TEST  @Epoch: 42   >>> 
[Wall TIME] >>> ChiefCoach.train takes 2.744657 seconds ...
[Coach] >>> TRAIN @Epoch: 43   >>>  || LOSS Avg: 0.16851
[Coach] >>> VALID @Epoch: 43   >>> 
[Coach] >>> TEST  @Epoch: 43   >>> 
[Wall TIME] >>> ChiefCoach.train takes 2.691040 seconds ...
[Coach] >>> TRAIN @Epoch: 44   >>>  || LOSS Avg: 0.16739
[Coach] >>> VALID @Epoch: 44   >>> 
[Coach] >>> TEST  @Epoch: 44   >>> 
[Wall TIME] >>> ChiefCoach.train takes 2.725164 seconds ...
[Wall TIME] >>> ChiefCoach.valid takes 0.673836 seconds ...
[Coach] >>> TRAIN @Epoch: 45   >>>  || LOSS Avg: 0.16548
[Coach] >>> VALID @Epoch: 45   >>>  || RECALL@1 Avg: 0.0108 || RECALL@10 Avg: 0.0608 || RECALL@20 Avg: 0.0924 || NDCG@10 Avg: 0.0318 || NDCG@20 Avg: 0.0399
[Coach] >>> TEST  @Epoch: 45   >>> 
[Wall TIME] >>> ChiefCoach.train takes 2.738010 seconds ...
[Coach] >>> TRAIN @Epoch: 46   >>>  || LOSS Avg: 0.16295
[Coach] >>> VALID @Epoch: 46   >>> 
[Coach] >>> TEST  @Epoch: 46   >>> 
[Wall TIME] >>> ChiefCoach.train takes 2.672319 seconds ...
[Coach] >>> TRAIN @Epoch: 47   >>>  || LOSS Avg: 0.16078
[Coach] >>> VALID @Epoch: 47   >>> 
[Coach] >>> TEST  @Epoch: 47   >>> 
[Wall TIME] >>> ChiefCoach.train takes 2.734291 seconds ...
[Coach] >>> TRAIN @Epoch: 48   >>>  || LOSS Avg: 0.15959
[Coach] >>> VALID @Epoch: 48   >>> 
[Coach] >>> TEST  @Epoch: 48   >>> 
[Wall TIME] >>> ChiefCoach.train takes 2.740632 seconds ...
[Coach] >>> TRAIN @Epoch: 49   >>>  || LOSS Avg: 0.15700
[Coach] >>> VALID @Epoch: 49   >>> 
[Coach] >>> TEST  @Epoch: 49   >>> 
[Wall TIME] >>> ChiefCoach.train takes 2.766800 seconds ...
[Wall TIME] >>> ChiefCoach.valid takes 0.678113 seconds ...
[Coach] >>> Better ***NDCG@20*** of ***0.0402*** 
[Coach] >>> TRAIN @Epoch: 50   >>>  || LOSS Avg: 0.15617
[Coach] >>> VALID @Epoch: 50   >>>  || RECALL@1 Avg: 0.0109 || RECALL@10 Avg: 0.0600 || RECALL@20 Avg: 0.0940 || NDCG@10 Avg: 0.0316 || NDCG@20 Avg: 0.0402
[Coach] >>> TEST  @Epoch: 50   >>> 
[Wall TIME] >>> ChiefCoach.train takes 3.242444 seconds ...
[Coach] >>> TRAIN @Epoch: 51   >>>  || LOSS Avg: 0.15420
[Coach] >>> VALID @Epoch: 51   >>> 
[Coach] >>> TEST  @Epoch: 51   >>> 
[Wall TIME] >>> ChiefCoach.train takes 2.687514 seconds ...
[Coach] >>> TRAIN @Epoch: 52   >>>  || LOSS Avg: 0.15316
[Coach] >>> VALID @Epoch: 52   >>> 
[Coach] >>> TEST  @Epoch: 52   >>> 
[Wall TIME] >>> ChiefCoach.train takes 2.677494 seconds ...
[Coach] >>> TRAIN @Epoch: 53   >>>  || LOSS Avg: 0.15134
[Coach] >>> VALID @Epoch: 53   >>> 
[Coach] >>> TEST  @Epoch: 53   >>> 
[Wall TIME] >>> ChiefCoach.train takes 2.712296 seconds ...
[Coach] >>> TRAIN @Epoch: 54   >>>  || LOSS Avg: 0.14980
[Coach] >>> VALID @Epoch: 54   >>> 
[Coach] >>> TEST  @Epoch: 54   >>> 
[Wall TIME] >>> ChiefCoach.train takes 2.730373 seconds ...
[Wall TIME] >>> ChiefCoach.valid takes 0.689268 seconds ...
[Coach] >>> Better ***NDCG@20*** of ***0.0405*** 
[Coach] >>> TRAIN @Epoch: 55   >>>  || LOSS Avg: 0.14815
[Coach] >>> VALID @Epoch: 55   >>>  || RECALL@1 Avg: 0.0114 || RECALL@10 Avg: 0.0602 || RECALL@20 Avg: 0.0936 || NDCG@10 Avg: 0.0320 || NDCG@20 Avg: 0.0405
[Coach] >>> TEST  @Epoch: 55   >>> 
[Wall TIME] >>> ChiefCoach.train takes 2.701057 seconds ...
[Coach] >>> TRAIN @Epoch: 56   >>>  || LOSS Avg: 0.14711
[Coach] >>> VALID @Epoch: 56   >>> 
[Coach] >>> TEST  @Epoch: 56   >>> 
[Wall TIME] >>> ChiefCoach.train takes 2.741317 seconds ...
[Coach] >>> TRAIN @Epoch: 57   >>>  || LOSS Avg: 0.14611
[Coach] >>> VALID @Epoch: 57   >>> 
[Coach] >>> TEST  @Epoch: 57   >>> 
[Wall TIME] >>> ChiefCoach.train takes 2.677218 seconds ...
[Coach] >>> TRAIN @Epoch: 58   >>>  || LOSS Avg: 0.14446
[Coach] >>> VALID @Epoch: 58   >>> 
[Coach] >>> TEST  @Epoch: 58   >>> 
[Wall TIME] >>> ChiefCoach.train takes 2.717842 seconds ...
[Coach] >>> TRAIN @Epoch: 59   >>>  || LOSS Avg: 0.14297
[Coach] >>> VALID @Epoch: 59   >>> 
[Coach] >>> TEST  @Epoch: 59   >>> 
[Wall TIME] >>> ChiefCoach.train takes 2.692769 seconds ...
[Wall TIME] >>> ChiefCoach.valid takes 0.660709 seconds ...
[Coach] >>> Better ***NDCG@20*** of ***0.0407*** 
[Coach] >>> TRAIN @Epoch: 60   >>>  || LOSS Avg: 0.14176
[Coach] >>> VALID @Epoch: 60   >>>  || RECALL@1 Avg: 0.0114 || RECALL@10 Avg: 0.0605 || RECALL@20 Avg: 0.0943 || NDCG@10 Avg: 0.0321 || NDCG@20 Avg: 0.0407
[Coach] >>> TEST  @Epoch: 60   >>> 
[Wall TIME] >>> ChiefCoach.train takes 2.719896 seconds ...
[Coach] >>> TRAIN @Epoch: 61   >>>  || LOSS Avg: 0.14087
[Coach] >>> VALID @Epoch: 61   >>> 
[Coach] >>> TEST  @Epoch: 61   >>> 
[Wall TIME] >>> ChiefCoach.train takes 2.693288 seconds ...
[Coach] >>> TRAIN @Epoch: 62   >>>  || LOSS Avg: 0.13956
[Coach] >>> VALID @Epoch: 62   >>> 
[Coach] >>> TEST  @Epoch: 62   >>> 
[Wall TIME] >>> ChiefCoach.train takes 2.732324 seconds ...
[Coach] >>> TRAIN @Epoch: 63   >>>  || LOSS Avg: 0.13824
[Coach] >>> VALID @Epoch: 63   >>> 
[Coach] >>> TEST  @Epoch: 63   >>> 
[Wall TIME] >>> ChiefCoach.train takes 2.737994 seconds ...
[Coach] >>> TRAIN @Epoch: 64   >>>  || LOSS Avg: 0.13714
[Coach] >>> VALID @Epoch: 64   >>> 
[Coach] >>> TEST  @Epoch: 64   >>> 
[Wall TIME] >>> ChiefCoach.train takes 2.699497 seconds ...
[Wall TIME] >>> ChiefCoach.valid takes 0.658962 seconds ...
[Coach] >>> Better ***NDCG@20*** of ***0.0411*** 
[Coach] >>> TRAIN @Epoch: 65   >>>  || LOSS Avg: 0.13598
[Coach] >>> VALID @Epoch: 65   >>>  || RECALL@1 Avg: 0.0119 || RECALL@10 Avg: 0.0603 || RECALL@20 Avg: 0.0947 || NDCG@10 Avg: 0.0323 || NDCG@20 Avg: 0.0411
[Coach] >>> TEST  @Epoch: 65   >>> 
[Wall TIME] >>> ChiefCoach.train takes 2.698488 seconds ...
[Coach] >>> TRAIN @Epoch: 66   >>>  || LOSS Avg: 0.13509
[Coach] >>> VALID @Epoch: 66   >>> 
[Coach] >>> TEST  @Epoch: 66   >>> 
[Wall TIME] >>> ChiefCoach.train takes 2.702576 seconds ...
[Coach] >>> TRAIN @Epoch: 67   >>>  || LOSS Avg: 0.13433
[Coach] >>> VALID @Epoch: 67   >>> 
[Coach] >>> TEST  @Epoch: 67   >>> 
[Wall TIME] >>> ChiefCoach.train takes 2.699714 seconds ...
[Coach] >>> TRAIN @Epoch: 68   >>>  || LOSS Avg: 0.13309
[Coach] >>> VALID @Epoch: 68   >>> 
[Coach] >>> TEST  @Epoch: 68   >>> 
[Wall TIME] >>> ChiefCoach.train takes 2.725521 seconds ...
[Coach] >>> TRAIN @Epoch: 69   >>>  || LOSS Avg: 0.13237
[Coach] >>> VALID @Epoch: 69   >>> 
[Coach] >>> TEST  @Epoch: 69   >>> 
[Wall TIME] >>> ChiefCoach.train takes 2.748761 seconds ...
[Wall TIME] >>> ChiefCoach.valid takes 0.699608 seconds ...
[Coach] >>> TRAIN @Epoch: 70   >>>  || LOSS Avg: 0.13235
[Coach] >>> VALID @Epoch: 70   >>>  || RECALL@1 Avg: 0.0117 || RECALL@10 Avg: 0.0604 || RECALL@20 Avg: 0.0950 || NDCG@10 Avg: 0.0322 || NDCG@20 Avg: 0.0410
[Coach] >>> TEST  @Epoch: 70   >>> 
[Wall TIME] >>> ChiefCoach.train takes 2.716074 seconds ...
[Coach] >>> TRAIN @Epoch: 71   >>>  || LOSS Avg: 0.13005
[Coach] >>> VALID @Epoch: 71   >>> 
[Coach] >>> TEST  @Epoch: 71   >>> 
[Wall TIME] >>> ChiefCoach.train takes 3.314166 seconds ...
[Coach] >>> TRAIN @Epoch: 72   >>>  || LOSS Avg: 0.12986
[Coach] >>> VALID @Epoch: 72   >>> 
[Coach] >>> TEST  @Epoch: 72   >>> 
[Wall TIME] >>> ChiefCoach.train takes 2.763929 seconds ...
[Coach] >>> TRAIN @Epoch: 73   >>>  || LOSS Avg: 0.12904
[Coach] >>> VALID @Epoch: 73   >>> 
[Coach] >>> TEST  @Epoch: 73   >>> 
[Wall TIME] >>> ChiefCoach.train takes 2.750543 seconds ...
[Coach] >>> TRAIN @Epoch: 74   >>>  || LOSS Avg: 0.12825
[Coach] >>> VALID @Epoch: 74   >>> 
[Coach] >>> TEST  @Epoch: 74   >>> 
[Wall TIME] >>> ChiefCoach.train takes 2.754162 seconds ...
[Wall TIME] >>> ChiefCoach.valid takes 0.703453 seconds ...
[Coach] >>> TRAIN @Epoch: 75   >>>  || LOSS Avg: 0.12740
[Coach] >>> VALID @Epoch: 75   >>>  || RECALL@1 Avg: 0.0112 || RECALL@10 Avg: 0.0603 || RECALL@20 Avg: 0.0957 || NDCG@10 Avg: 0.0320 || NDCG@20 Avg: 0.0410
[Coach] >>> TEST  @Epoch: 75   >>> 
[Wall TIME] >>> ChiefCoach.train takes 2.835356 seconds ...
[Coach] >>> TRAIN @Epoch: 76   >>>  || LOSS Avg: 0.12644
[Coach] >>> VALID @Epoch: 76   >>> 
[Coach] >>> TEST  @Epoch: 76   >>> 
[Wall TIME] >>> ChiefCoach.train takes 2.885250 seconds ...
[Coach] >>> TRAIN @Epoch: 77   >>>  || LOSS Avg: 0.12598
[Coach] >>> VALID @Epoch: 77   >>> 
[Coach] >>> TEST  @Epoch: 77   >>> 
[Wall TIME] >>> ChiefCoach.train takes 2.811812 seconds ...
[Coach] >>> TRAIN @Epoch: 78   >>>  || LOSS Avg: 0.12536
[Coach] >>> VALID @Epoch: 78   >>> 
[Coach] >>> TEST  @Epoch: 78   >>> 
[Wall TIME] >>> ChiefCoach.train takes 2.826632 seconds ...
[Coach] >>> TRAIN @Epoch: 79   >>>  || LOSS Avg: 0.12436
[Coach] >>> VALID @Epoch: 79   >>> 
[Coach] >>> TEST  @Epoch: 79   >>> 
[Wall TIME] >>> ChiefCoach.train takes 2.861782 seconds ...
[Wall TIME] >>> ChiefCoach.valid takes 0.728207 seconds ...
[Coach] >>> TRAIN @Epoch: 80   >>>  || LOSS Avg: 0.12342
[Coach] >>> VALID @Epoch: 80   >>>  || RECALL@1 Avg: 0.0113 || RECALL@10 Avg: 0.0602 || RECALL@20 Avg: 0.0953 || NDCG@10 Avg: 0.0320 || NDCG@20 Avg: 0.0409
[Coach] >>> TEST  @Epoch: 80   >>> 
[Wall TIME] >>> ChiefCoach.train takes 2.818152 seconds ...
[Coach] >>> TRAIN @Epoch: 81   >>>  || LOSS Avg: 0.12345
[Coach] >>> VALID @Epoch: 81   >>> 
[Coach] >>> TEST  @Epoch: 81   >>> 
[Wall TIME] >>> ChiefCoach.train takes 2.796922 seconds ...
[Coach] >>> TRAIN @Epoch: 82   >>>  || LOSS Avg: 0.12260
[Coach] >>> VALID @Epoch: 82   >>> 
[Coach] >>> TEST  @Epoch: 82   >>> 
[Wall TIME] >>> ChiefCoach.train takes 2.842806 seconds ...
[Coach] >>> TRAIN @Epoch: 83   >>>  || LOSS Avg: 0.12160
[Coach] >>> VALID @Epoch: 83   >>> 
[Coach] >>> TEST  @Epoch: 83   >>> 
[Wall TIME] >>> ChiefCoach.train takes 2.900881 seconds ...
[Coach] >>> TRAIN @Epoch: 84   >>>  || LOSS Avg: 0.12125
[Coach] >>> VALID @Epoch: 84   >>> 
[Coach] >>> TEST  @Epoch: 84   >>> 
[Wall TIME] >>> ChiefCoach.train takes 2.836634 seconds ...
[Wall TIME] >>> ChiefCoach.valid takes 0.684640 seconds ...
[Coach] >>> Better ***NDCG@20*** of ***0.0411*** 
[Coach] >>> TRAIN @Epoch: 85   >>>  || LOSS Avg: 0.11997
[Coach] >>> VALID @Epoch: 85   >>>  || RECALL@1 Avg: 0.0114 || RECALL@10 Avg: 0.0602 || RECALL@20 Avg: 0.0961 || NDCG@10 Avg: 0.0320 || NDCG@20 Avg: 0.0411
[Coach] >>> TEST  @Epoch: 85   >>> 
[Wall TIME] >>> ChiefCoach.train takes 2.817766 seconds ...
[Coach] >>> TRAIN @Epoch: 86   >>>  || LOSS Avg: 0.11973
[Coach] >>> VALID @Epoch: 86   >>> 
[Coach] >>> TEST  @Epoch: 86   >>> 
[Wall TIME] >>> ChiefCoach.train takes 2.853681 seconds ...
[Coach] >>> TRAIN @Epoch: 87   >>>  || LOSS Avg: 0.11918
[Coach] >>> VALID @Epoch: 87   >>> 
[Coach] >>> TEST  @Epoch: 87   >>> 
[Wall TIME] >>> ChiefCoach.train takes 2.827259 seconds ...
[Coach] >>> TRAIN @Epoch: 88   >>>  || LOSS Avg: 0.11861
[Coach] >>> VALID @Epoch: 88   >>> 
[Coach] >>> TEST  @Epoch: 88   >>> 
[Wall TIME] >>> ChiefCoach.train takes 2.825795 seconds ...
[Coach] >>> TRAIN @Epoch: 89   >>>  || LOSS Avg: 0.11817
[Coach] >>> VALID @Epoch: 89   >>> 
[Coach] >>> TEST  @Epoch: 89   >>> 
[Wall TIME] >>> ChiefCoach.train takes 2.839188 seconds ...
[Wall TIME] >>> ChiefCoach.valid takes 0.675809 seconds ...
[Coach] >>> TRAIN @Epoch: 90   >>>  || LOSS Avg: 0.11761
[Coach] >>> VALID @Epoch: 90   >>>  || RECALL@1 Avg: 0.0116 || RECALL@10 Avg: 0.0611 || RECALL@20 Avg: 0.0953 || NDCG@10 Avg: 0.0324 || NDCG@20 Avg: 0.0411
[Coach] >>> TEST  @Epoch: 90   >>> 
[Wall TIME] >>> ChiefCoach.train takes 2.804129 seconds ...
[Coach] >>> TRAIN @Epoch: 91   >>>  || LOSS Avg: 0.11655
[Coach] >>> VALID @Epoch: 91   >>> 
[Coach] >>> TEST  @Epoch: 91   >>> 
[Wall TIME] >>> ChiefCoach.train takes 3.417446 seconds ...
[Coach] >>> TRAIN @Epoch: 92   >>>  || LOSS Avg: 0.11711
[Coach] >>> VALID @Epoch: 92   >>> 
[Coach] >>> TEST  @Epoch: 92   >>> 
[Wall TIME] >>> ChiefCoach.train takes 2.812038 seconds ...
[Coach] >>> TRAIN @Epoch: 93   >>>  || LOSS Avg: 0.11554
[Coach] >>> VALID @Epoch: 93   >>> 
[Coach] >>> TEST  @Epoch: 93   >>> 
[Wall TIME] >>> ChiefCoach.train takes 2.817276 seconds ...
[Coach] >>> TRAIN @Epoch: 94   >>>  || LOSS Avg: 0.11595
[Coach] >>> VALID @Epoch: 94   >>> 
[Coach] >>> TEST  @Epoch: 94   >>> 
[Wall TIME] >>> ChiefCoach.train takes 2.818435 seconds ...
[Wall TIME] >>> ChiefCoach.valid takes 0.682763 seconds ...
[Coach] >>> TRAIN @Epoch: 95   >>>  || LOSS Avg: 0.11535
[Coach] >>> VALID @Epoch: 95   >>>  || RECALL@1 Avg: 0.0117 || RECALL@10 Avg: 0.0609 || RECALL@20 Avg: 0.0956 || NDCG@10 Avg: 0.0322 || NDCG@20 Avg: 0.0411
[Coach] >>> TEST  @Epoch: 95   >>> 
[Wall TIME] >>> ChiefCoach.train takes 2.841344 seconds ...
[Coach] >>> TRAIN @Epoch: 96   >>>  || LOSS Avg: 0.11477
[Coach] >>> VALID @Epoch: 96   >>> 
[Coach] >>> TEST  @Epoch: 96   >>> 
[Wall TIME] >>> ChiefCoach.train takes 2.855437 seconds ...
[Coach] >>> TRAIN @Epoch: 97   >>>  || LOSS Avg: 0.11327
[Coach] >>> VALID @Epoch: 97   >>> 
[Coach] >>> TEST  @Epoch: 97   >>> 
[Wall TIME] >>> ChiefCoach.train takes 2.841197 seconds ...
[Coach] >>> TRAIN @Epoch: 98   >>>  || LOSS Avg: 0.11297
[Coach] >>> VALID @Epoch: 98   >>> 
[Coach] >>> TEST  @Epoch: 98   >>> 
[Wall TIME] >>> ChiefCoach.train takes 2.793247 seconds ...
[Coach] >>> TRAIN @Epoch: 99   >>>  || LOSS Avg: 0.11304
[Coach] >>> VALID @Epoch: 99   >>> 
[Coach] >>> TEST  @Epoch: 99   >>> 
[Wall TIME] >>> ChiefCoach.train takes 2.888307 seconds ...
[Wall TIME] >>> ChiefCoach.valid takes 0.682691 seconds ...
[Coach] >>> Better ***NDCG@20*** of ***0.0412*** 
[Coach] >>> TRAIN @Epoch: 100  >>>  || LOSS Avg: 0.11251
[Coach] >>> VALID @Epoch: 100  >>>  || RECALL@1 Avg: 0.0115 || RECALL@10 Avg: 0.0610 || RECALL@20 Avg: 0.0960 || NDCG@10 Avg: 0.0323 || NDCG@20 Avg: 0.0412
[Coach] >>> TEST  @Epoch: 100  >>> 
[Wall TIME] >>> ChiefCoach.train takes 2.852376 seconds ...
[Coach] >>> TRAIN @Epoch: 101  >>>  || LOSS Avg: 0.11196
[Coach] >>> VALID @Epoch: 101  >>> 
[Coach] >>> TEST  @Epoch: 101  >>> 
[Wall TIME] >>> ChiefCoach.train takes 2.880271 seconds ...
[Coach] >>> TRAIN @Epoch: 102  >>>  || LOSS Avg: 0.11199
[Coach] >>> VALID @Epoch: 102  >>> 
[Coach] >>> TEST  @Epoch: 102  >>> 
[Wall TIME] >>> ChiefCoach.train takes 2.881759 seconds ...
[Coach] >>> TRAIN @Epoch: 103  >>>  || LOSS Avg: 0.11081
[Coach] >>> VALID @Epoch: 103  >>> 
[Coach] >>> TEST  @Epoch: 103  >>> 
[Wall TIME] >>> ChiefCoach.train takes 2.896981 seconds ...
[Coach] >>> TRAIN @Epoch: 104  >>>  || LOSS Avg: 0.11039
[Coach] >>> VALID @Epoch: 104  >>> 
[Coach] >>> TEST  @Epoch: 104  >>> 
[Wall TIME] >>> ChiefCoach.train takes 2.885348 seconds ...
[Wall TIME] >>> ChiefCoach.valid takes 0.680712 seconds ...
[Coach] >>> TRAIN @Epoch: 105  >>>  || LOSS Avg: 0.11055
[Coach] >>> VALID @Epoch: 105  >>>  || RECALL@1 Avg: 0.0110 || RECALL@10 Avg: 0.0601 || RECALL@20 Avg: 0.0958 || NDCG@10 Avg: 0.0320 || NDCG@20 Avg: 0.0412
[Coach] >>> TEST  @Epoch: 105  >>> 
[Wall TIME] >>> ChiefCoach.train takes 2.853034 seconds ...
[Coach] >>> TRAIN @Epoch: 106  >>>  || LOSS Avg: 0.10966
[Coach] >>> VALID @Epoch: 106  >>> 
[Coach] >>> TEST  @Epoch: 106  >>> 
[Wall TIME] >>> ChiefCoach.train takes 2.912552 seconds ...
[Coach] >>> TRAIN @Epoch: 107  >>>  || LOSS Avg: 0.11032
[Coach] >>> VALID @Epoch: 107  >>> 
[Coach] >>> TEST  @Epoch: 107  >>> 
[Wall TIME] >>> ChiefCoach.train takes 2.807088 seconds ...
[Coach] >>> TRAIN @Epoch: 108  >>>  || LOSS Avg: 0.10893
[Coach] >>> VALID @Epoch: 108  >>> 
[Coach] >>> TEST  @Epoch: 108  >>> 
[Wall TIME] >>> ChiefCoach.train takes 2.829153 seconds ...
[Coach] >>> TRAIN @Epoch: 109  >>>  || LOSS Avg: 0.10864
[Coach] >>> VALID @Epoch: 109  >>> 
[Coach] >>> TEST  @Epoch: 109  >>> 
[Wall TIME] >>> ChiefCoach.train takes 2.858244 seconds ...
[Wall TIME] >>> ChiefCoach.valid takes 0.663390 seconds ...
[Coach] >>> Better ***NDCG@20*** of ***0.0413*** 
[Coach] >>> TRAIN @Epoch: 110  >>>  || LOSS Avg: 0.10853
[Coach] >>> VALID @Epoch: 110  >>>  || RECALL@1 Avg: 0.0118 || RECALL@10 Avg: 0.0604 || RECALL@20 Avg: 0.0952 || NDCG@10 Avg: 0.0324 || NDCG@20 Avg: 0.0413
[Coach] >>> TEST  @Epoch: 110  >>> 
[Wall TIME] >>> ChiefCoach.train takes 2.867942 seconds ...
[Coach] >>> TRAIN @Epoch: 111  >>>  || LOSS Avg: 0.10771
[Coach] >>> VALID @Epoch: 111  >>> 
[Coach] >>> TEST  @Epoch: 111  >>> 
[Wall TIME] >>> ChiefCoach.train takes 3.227615 seconds ...
[Coach] >>> TRAIN @Epoch: 112  >>>  || LOSS Avg: 0.10746
[Coach] >>> VALID @Epoch: 112  >>> 
[Coach] >>> TEST  @Epoch: 112  >>> 
[Wall TIME] >>> ChiefCoach.train takes 2.875054 seconds ...
[Coach] >>> TRAIN @Epoch: 113  >>>  || LOSS Avg: 0.10727
[Coach] >>> VALID @Epoch: 113  >>> 
[Coach] >>> TEST  @Epoch: 113  >>> 
[Wall TIME] >>> ChiefCoach.train takes 2.830360 seconds ...
[Coach] >>> TRAIN @Epoch: 114  >>>  || LOSS Avg: 0.10691
[Coach] >>> VALID @Epoch: 114  >>> 
[Coach] >>> TEST  @Epoch: 114  >>> 
[Wall TIME] >>> ChiefCoach.train takes 2.819127 seconds ...
[Wall TIME] >>> ChiefCoach.valid takes 0.673078 seconds ...
[Coach] >>> Better ***NDCG@20*** of ***0.0417*** 
[Coach] >>> TRAIN @Epoch: 115  >>>  || LOSS Avg: 0.10734
[Coach] >>> VALID @Epoch: 115  >>>  || RECALL@1 Avg: 0.0119 || RECALL@10 Avg: 0.0603 || RECALL@20 Avg: 0.0969 || NDCG@10 Avg: 0.0324 || NDCG@20 Avg: 0.0417
[Coach] >>> TEST  @Epoch: 115  >>> 
[Wall TIME] >>> ChiefCoach.train takes 2.824744 seconds ...
[Coach] >>> TRAIN @Epoch: 116  >>>  || LOSS Avg: 0.10665
[Coach] >>> VALID @Epoch: 116  >>> 
[Coach] >>> TEST  @Epoch: 116  >>> 
[Wall TIME] >>> ChiefCoach.train takes 2.808167 seconds ...
[Coach] >>> TRAIN @Epoch: 117  >>>  || LOSS Avg: 0.10615
[Coach] >>> VALID @Epoch: 117  >>> 
[Coach] >>> TEST  @Epoch: 117  >>> 
[Wall TIME] >>> ChiefCoach.train takes 2.833100 seconds ...
[Coach] >>> TRAIN @Epoch: 118  >>>  || LOSS Avg: 0.10590
[Coach] >>> VALID @Epoch: 118  >>> 
[Coach] >>> TEST  @Epoch: 118  >>> 
[Wall TIME] >>> ChiefCoach.train takes 2.847468 seconds ...
[Coach] >>> TRAIN @Epoch: 119  >>>  || LOSS Avg: 0.10513
[Coach] >>> VALID @Epoch: 119  >>> 
[Coach] >>> TEST  @Epoch: 119  >>> 
[Wall TIME] >>> ChiefCoach.train takes 2.869959 seconds ...
[Wall TIME] >>> ChiefCoach.valid takes 0.658515 seconds ...
[Coach] >>> Better ***NDCG@20*** of ***0.0421*** 
[Coach] >>> TRAIN @Epoch: 120  >>>  || LOSS Avg: 0.10466
[Coach] >>> VALID @Epoch: 120  >>>  || RECALL@1 Avg: 0.0123 || RECALL@10 Avg: 0.0609 || RECALL@20 Avg: 0.0975 || NDCG@10 Avg: 0.0328 || NDCG@20 Avg: 0.0421
[Coach] >>> TEST  @Epoch: 120  >>> 
[Wall TIME] >>> ChiefCoach.train takes 2.893232 seconds ...
[Coach] >>> TRAIN @Epoch: 121  >>>  || LOSS Avg: 0.10485
[Coach] >>> VALID @Epoch: 121  >>> 
[Coach] >>> TEST  @Epoch: 121  >>> 
[Wall TIME] >>> ChiefCoach.train takes 2.833520 seconds ...
[Coach] >>> TRAIN @Epoch: 122  >>>  || LOSS Avg: 0.10415
[Coach] >>> VALID @Epoch: 122  >>> 
[Coach] >>> TEST  @Epoch: 122  >>> 
[Wall TIME] >>> ChiefCoach.train takes 2.814679 seconds ...
[Coach] >>> TRAIN @Epoch: 123  >>>  || LOSS Avg: 0.10392
[Coach] >>> VALID @Epoch: 123  >>> 
[Coach] >>> TEST  @Epoch: 123  >>> 
[Wall TIME] >>> ChiefCoach.train takes 2.873261 seconds ...
[Coach] >>> TRAIN @Epoch: 124  >>>  || LOSS Avg: 0.10358
[Coach] >>> VALID @Epoch: 124  >>> 
[Coach] >>> TEST  @Epoch: 124  >>> 
[Wall TIME] >>> ChiefCoach.train takes 2.840355 seconds ...
[Wall TIME] >>> ChiefCoach.valid takes 0.699489 seconds ...
[Coach] >>> TRAIN @Epoch: 125  >>>  || LOSS Avg: 0.10361
[Coach] >>> VALID @Epoch: 125  >>>  || RECALL@1 Avg: 0.0116 || RECALL@10 Avg: 0.0620 || RECALL@20 Avg: 0.0975 || NDCG@10 Avg: 0.0327 || NDCG@20 Avg: 0.0417
[Coach] >>> TEST  @Epoch: 125  >>> 
[Wall TIME] >>> ChiefCoach.train takes 2.834698 seconds ...
[Coach] >>> TRAIN @Epoch: 126  >>>  || LOSS Avg: 0.10307
[Coach] >>> VALID @Epoch: 126  >>> 
[Coach] >>> TEST  @Epoch: 126  >>> 
[Wall TIME] >>> ChiefCoach.train takes 2.818305 seconds ...
[Coach] >>> TRAIN @Epoch: 127  >>>  || LOSS Avg: 0.10258
[Coach] >>> VALID @Epoch: 127  >>> 
[Coach] >>> TEST  @Epoch: 127  >>> 
[Wall TIME] >>> ChiefCoach.train takes 2.845429 seconds ...
[Coach] >>> TRAIN @Epoch: 128  >>>  || LOSS Avg: 0.10243
[Coach] >>> VALID @Epoch: 128  >>> 
[Coach] >>> TEST  @Epoch: 128  >>> 
[Wall TIME] >>> ChiefCoach.train takes 2.825671 seconds ...
[Coach] >>> TRAIN @Epoch: 129  >>>  || LOSS Avg: 0.10243
[Coach] >>> VALID @Epoch: 129  >>> 
[Coach] >>> TEST  @Epoch: 129  >>> 
[Wall TIME] >>> ChiefCoach.train takes 2.989349 seconds ...
[Wall TIME] >>> ChiefCoach.valid takes 0.675422 seconds ...
[Coach] >>> TRAIN @Epoch: 130  >>>  || LOSS Avg: 0.10190
[Coach] >>> VALID @Epoch: 130  >>>  || RECALL@1 Avg: 0.0121 || RECALL@10 Avg: 0.0615 || RECALL@20 Avg: 0.0973 || NDCG@10 Avg: 0.0328 || NDCG@20 Avg: 0.0419
[Coach] >>> TEST  @Epoch: 130  >>> 
[Wall TIME] >>> ChiefCoach.train takes 2.870233 seconds ...
[Coach] >>> TRAIN @Epoch: 131  >>>  || LOSS Avg: 0.10161
[Coach] >>> VALID @Epoch: 131  >>> 
[Coach] >>> TEST  @Epoch: 131  >>> 
[Wall TIME] >>> ChiefCoach.train takes 3.262870 seconds ...
[Coach] >>> TRAIN @Epoch: 132  >>>  || LOSS Avg: 0.10154
[Coach] >>> VALID @Epoch: 132  >>> 
[Coach] >>> TEST  @Epoch: 132  >>> 
[Wall TIME] >>> ChiefCoach.train takes 2.826187 seconds ...
[Coach] >>> TRAIN @Epoch: 133  >>>  || LOSS Avg: 0.10112
[Coach] >>> VALID @Epoch: 133  >>> 
[Coach] >>> TEST  @Epoch: 133  >>> 
[Wall TIME] >>> ChiefCoach.train takes 2.830367 seconds ...
[Coach] >>> TRAIN @Epoch: 134  >>>  || LOSS Avg: 0.10105
[Coach] >>> VALID @Epoch: 134  >>> 
[Coach] >>> TEST  @Epoch: 134  >>> 
[Wall TIME] >>> ChiefCoach.train takes 2.846475 seconds ...
[Wall TIME] >>> ChiefCoach.valid takes 0.692871 seconds ...
[Coach] >>> TRAIN @Epoch: 135  >>>  || LOSS Avg: 0.10098
[Coach] >>> VALID @Epoch: 135  >>>  || RECALL@1 Avg: 0.0121 || RECALL@10 Avg: 0.0619 || RECALL@20 Avg: 0.0970 || NDCG@10 Avg: 0.0329 || NDCG@20 Avg: 0.0418
[Coach] >>> TEST  @Epoch: 135  >>> 
[Wall TIME] >>> ChiefCoach.train takes 2.844534 seconds ...
[Coach] >>> TRAIN @Epoch: 136  >>>  || LOSS Avg: 0.10038
[Coach] >>> VALID @Epoch: 136  >>> 
[Coach] >>> TEST  @Epoch: 136  >>> 
[Wall TIME] >>> ChiefCoach.train takes 2.849490 seconds ...
[Coach] >>> TRAIN @Epoch: 137  >>>  || LOSS Avg: 0.09991
[Coach] >>> VALID @Epoch: 137  >>> 
[Coach] >>> TEST  @Epoch: 137  >>> 
[Wall TIME] >>> ChiefCoach.train takes 2.842648 seconds ...
[Coach] >>> TRAIN @Epoch: 138  >>>  || LOSS Avg: 0.10035
[Coach] >>> VALID @Epoch: 138  >>> 
[Coach] >>> TEST  @Epoch: 138  >>> 
[Wall TIME] >>> ChiefCoach.train takes 2.851463 seconds ...
[Coach] >>> TRAIN @Epoch: 139  >>>  || LOSS Avg: 0.09961
[Coach] >>> VALID @Epoch: 139  >>> 
[Coach] >>> TEST  @Epoch: 139  >>> 
[Wall TIME] >>> ChiefCoach.train takes 2.867888 seconds ...
[Wall TIME] >>> ChiefCoach.valid takes 0.678829 seconds ...
[Coach] >>> TRAIN @Epoch: 140  >>>  || LOSS Avg: 0.09918
[Coach] >>> VALID @Epoch: 140  >>>  || RECALL@1 Avg: 0.0116 || RECALL@10 Avg: 0.0617 || RECALL@20 Avg: 0.0963 || NDCG@10 Avg: 0.0328 || NDCG@20 Avg: 0.0416
[Coach] >>> TEST  @Epoch: 140  >>> 
[Wall TIME] >>> ChiefCoach.train takes 2.892353 seconds ...
[Coach] >>> TRAIN @Epoch: 141  >>>  || LOSS Avg: 0.09946
[Coach] >>> VALID @Epoch: 141  >>> 
[Coach] >>> TEST  @Epoch: 141  >>> 
[Wall TIME] >>> ChiefCoach.train takes 2.912266 seconds ...
[Coach] >>> TRAIN @Epoch: 142  >>>  || LOSS Avg: 0.09904
[Coach] >>> VALID @Epoch: 142  >>> 
[Coach] >>> TEST  @Epoch: 142  >>> 
[Wall TIME] >>> ChiefCoach.train takes 2.850749 seconds ...
[Coach] >>> TRAIN @Epoch: 143  >>>  || LOSS Avg: 0.09864
[Coach] >>> VALID @Epoch: 143  >>> 
[Coach] >>> TEST  @Epoch: 143  >>> 
[Wall TIME] >>> ChiefCoach.train takes 2.810431 seconds ...
[Coach] >>> TRAIN @Epoch: 144  >>>  || LOSS Avg: 0.09810
[Coach] >>> VALID @Epoch: 144  >>> 
[Coach] >>> TEST  @Epoch: 144  >>> 
[Wall TIME] >>> ChiefCoach.train takes 2.840604 seconds ...
[Wall TIME] >>> ChiefCoach.valid takes 0.688117 seconds ...
[Coach] >>> TRAIN @Epoch: 145  >>>  || LOSS Avg: 0.09839
[Coach] >>> VALID @Epoch: 145  >>>  || RECALL@1 Avg: 0.0117 || RECALL@10 Avg: 0.0620 || RECALL@20 Avg: 0.0968 || NDCG@10 Avg: 0.0329 || NDCG@20 Avg: 0.0418
[Coach] >>> TEST  @Epoch: 145  >>> 
[Wall TIME] >>> ChiefCoach.train takes 2.840935 seconds ...
[Coach] >>> TRAIN @Epoch: 146  >>>  || LOSS Avg: 0.09800
[Coach] >>> VALID @Epoch: 146  >>> 
[Coach] >>> TEST  @Epoch: 146  >>> 
[Wall TIME] >>> ChiefCoach.train takes 2.847540 seconds ...
[Coach] >>> TRAIN @Epoch: 147  >>>  || LOSS Avg: 0.09792
[Coach] >>> VALID @Epoch: 147  >>> 
[Coach] >>> TEST  @Epoch: 147  >>> 
[Wall TIME] >>> ChiefCoach.train takes 2.832040 seconds ...
[Coach] >>> TRAIN @Epoch: 148  >>>  || LOSS Avg: 0.09755
[Coach] >>> VALID @Epoch: 148  >>> 
[Coach] >>> TEST  @Epoch: 148  >>> 
[Wall TIME] >>> ChiefCoach.train takes 2.837877 seconds ...
[Coach] >>> TRAIN @Epoch: 149  >>>  || LOSS Avg: 0.09764
[Coach] >>> VALID @Epoch: 149  >>> 
[Coach] >>> TEST  @Epoch: 149  >>> 
[Wall TIME] >>> ChiefCoach.train takes 2.810696 seconds ...
[Wall TIME] >>> ChiefCoach.valid takes 0.659565 seconds ...
[Coach] >>> TRAIN @Epoch: 150  >>>  || LOSS Avg: 0.09745
[Coach] >>> VALID @Epoch: 150  >>>  || RECALL@1 Avg: 0.0117 || RECALL@10 Avg: 0.0613 || RECALL@20 Avg: 0.0967 || NDCG@10 Avg: 0.0327 || NDCG@20 Avg: 0.0417
[Coach] >>> TEST  @Epoch: 150  >>> 
[Wall TIME] >>> ChiefCoach.train takes 2.843909 seconds ...
[Coach] >>> TRAIN @Epoch: 151  >>>  || LOSS Avg: 0.09681
[Coach] >>> VALID @Epoch: 151  >>> 
[Coach] >>> TEST  @Epoch: 151  >>> 
[Wall TIME] >>> ChiefCoach.train takes 2.789613 seconds ...
[Coach] >>> TRAIN @Epoch: 152  >>>  || LOSS Avg: 0.09690
[Coach] >>> VALID @Epoch: 152  >>> 
[Coach] >>> TEST  @Epoch: 152  >>> 
[Wall TIME] >>> ChiefCoach.train takes 3.476515 seconds ...
[Coach] >>> TRAIN @Epoch: 153  >>>  || LOSS Avg: 0.09648
[Coach] >>> VALID @Epoch: 153  >>> 
[Coach] >>> TEST  @Epoch: 153  >>> 
[Wall TIME] >>> ChiefCoach.train takes 2.829327 seconds ...
[Coach] >>> TRAIN @Epoch: 154  >>>  || LOSS Avg: 0.09624
[Coach] >>> VALID @Epoch: 154  >>> 
[Coach] >>> TEST  @Epoch: 154  >>> 
[Wall TIME] >>> ChiefCoach.train takes 2.810394 seconds ...
[Wall TIME] >>> ChiefCoach.valid takes 0.682638 seconds ...
[Coach] >>> TRAIN @Epoch: 155  >>>  || LOSS Avg: 0.09600
[Coach] >>> VALID @Epoch: 155  >>>  || RECALL@1 Avg: 0.0113 || RECALL@10 Avg: 0.0607 || RECALL@20 Avg: 0.0959 || NDCG@10 Avg: 0.0324 || NDCG@20 Avg: 0.0413
[Coach] >>> TEST  @Epoch: 155  >>> 
[Wall TIME] >>> ChiefCoach.train takes 2.880346 seconds ...
[Coach] >>> TRAIN @Epoch: 156  >>>  || LOSS Avg: 0.09567
[Coach] >>> VALID @Epoch: 156  >>> 
[Coach] >>> TEST  @Epoch: 156  >>> 
[Wall TIME] >>> ChiefCoach.train takes 2.867620 seconds ...
[Coach] >>> TRAIN @Epoch: 157  >>>  || LOSS Avg: 0.09624
[Coach] >>> VALID @Epoch: 157  >>> 
[Coach] >>> TEST  @Epoch: 157  >>> 
[Wall TIME] >>> ChiefCoach.train takes 2.834203 seconds ...
[Coach] >>> TRAIN @Epoch: 158  >>>  || LOSS Avg: 0.09519
[Coach] >>> VALID @Epoch: 158  >>> 
[Coach] >>> TEST  @Epoch: 158  >>> 
[Wall TIME] >>> ChiefCoach.train takes 2.847288 seconds ...
[Coach] >>> TRAIN @Epoch: 159  >>>  || LOSS Avg: 0.09532
[Coach] >>> VALID @Epoch: 159  >>> 
[Coach] >>> TEST  @Epoch: 159  >>> 
[Wall TIME] >>> ChiefCoach.train takes 2.870766 seconds ...
[Wall TIME] >>> ChiefCoach.valid takes 0.665101 seconds ...
[Coach] >>> TRAIN @Epoch: 160  >>>  || LOSS Avg: 0.09541
[Coach] >>> VALID @Epoch: 160  >>>  || RECALL@1 Avg: 0.0119 || RECALL@10 Avg: 0.0613 || RECALL@20 Avg: 0.0954 || NDCG@10 Avg: 0.0329 || NDCG@20 Avg: 0.0416
[Coach] >>> TEST  @Epoch: 160  >>> 
[Wall TIME] >>> ChiefCoach.train takes 2.817865 seconds ...
[Coach] >>> TRAIN @Epoch: 161  >>>  || LOSS Avg: 0.09513
[Coach] >>> VALID @Epoch: 161  >>> 
[Coach] >>> TEST  @Epoch: 161  >>> 
[Wall TIME] >>> ChiefCoach.train takes 2.875368 seconds ...
[Coach] >>> TRAIN @Epoch: 162  >>>  || LOSS Avg: 0.09524
[Coach] >>> VALID @Epoch: 162  >>> 
[Coach] >>> TEST  @Epoch: 162  >>> 
[Wall TIME] >>> ChiefCoach.train takes 2.865999 seconds ...
[Coach] >>> TRAIN @Epoch: 163  >>>  || LOSS Avg: 0.09495
[Coach] >>> VALID @Epoch: 163  >>> 
[Coach] >>> TEST  @Epoch: 163  >>> 
[Wall TIME] >>> ChiefCoach.train takes 2.848218 seconds ...
[Coach] >>> TRAIN @Epoch: 164  >>>  || LOSS Avg: 0.09464
[Coach] >>> VALID @Epoch: 164  >>> 
[Coach] >>> TEST  @Epoch: 164  >>> 
[Wall TIME] >>> ChiefCoach.train takes 2.845701 seconds ...
[Wall TIME] >>> ChiefCoach.valid takes 0.713596 seconds ...
[Coach] >>> TRAIN @Epoch: 165  >>>  || LOSS Avg: 0.09507
[Coach] >>> VALID @Epoch: 165  >>>  || RECALL@1 Avg: 0.0114 || RECALL@10 Avg: 0.0607 || RECALL@20 Avg: 0.0960 || NDCG@10 Avg: 0.0325 || NDCG@20 Avg: 0.0415
[Coach] >>> TEST  @Epoch: 165  >>> 
[Wall TIME] >>> ChiefCoach.train takes 2.823110 seconds ...
[Coach] >>> TRAIN @Epoch: 166  >>>  || LOSS Avg: 0.09456
[Coach] >>> VALID @Epoch: 166  >>> 
[Coach] >>> TEST  @Epoch: 166  >>> 
[Wall TIME] >>> ChiefCoach.train takes 2.802404 seconds ...
[Coach] >>> TRAIN @Epoch: 167  >>>  || LOSS Avg: 0.09426
[Coach] >>> VALID @Epoch: 167  >>> 
[Coach] >>> TEST  @Epoch: 167  >>> 
[Wall TIME] >>> ChiefCoach.train takes 2.872245 seconds ...
[Coach] >>> TRAIN @Epoch: 168  >>>  || LOSS Avg: 0.09371
[Coach] >>> VALID @Epoch: 168  >>> 
[Coach] >>> TEST  @Epoch: 168  >>> 
[Wall TIME] >>> ChiefCoach.train takes 2.872693 seconds ...
[Coach] >>> TRAIN @Epoch: 169  >>>  || LOSS Avg: 0.09436
[Coach] >>> VALID @Epoch: 169  >>> 
[Coach] >>> TEST  @Epoch: 169  >>> 
[Wall TIME] >>> ChiefCoach.train takes 2.900681 seconds ...
[Wall TIME] >>> ChiefCoach.valid takes 0.679997 seconds ...
[Coach] >>> TRAIN @Epoch: 170  >>>  || LOSS Avg: 0.09346
[Coach] >>> VALID @Epoch: 170  >>>  || RECALL@1 Avg: 0.0115 || RECALL@10 Avg: 0.0614 || RECALL@20 Avg: 0.0961 || NDCG@10 Avg: 0.0328 || NDCG@20 Avg: 0.0416
[Coach] >>> TEST  @Epoch: 170  >>> 
[Wall TIME] >>> ChiefCoach.train takes 2.831578 seconds ...
[Coach] >>> TRAIN @Epoch: 171  >>>  || LOSS Avg: 0.09363
[Coach] >>> VALID @Epoch: 171  >>> 
[Coach] >>> TEST  @Epoch: 171  >>> 
[Wall TIME] >>> ChiefCoach.train takes 2.838649 seconds ...
[Coach] >>> TRAIN @Epoch: 172  >>>  || LOSS Avg: 0.09338
[Coach] >>> VALID @Epoch: 172  >>> 
[Coach] >>> TEST  @Epoch: 172  >>> 
[Wall TIME] >>> ChiefCoach.train takes 3.278839 seconds ...
[Coach] >>> TRAIN @Epoch: 173  >>>  || LOSS Avg: 0.09333
[Coach] >>> VALID @Epoch: 173  >>> 
[Coach] >>> TEST  @Epoch: 173  >>> 
[Wall TIME] >>> ChiefCoach.train takes 2.809836 seconds ...
[Coach] >>> TRAIN @Epoch: 174  >>>  || LOSS Avg: 0.09310
[Coach] >>> VALID @Epoch: 174  >>> 
[Coach] >>> TEST  @Epoch: 174  >>> 
[Wall TIME] >>> ChiefCoach.train takes 2.862804 seconds ...
[Wall TIME] >>> ChiefCoach.valid takes 0.693703 seconds ...
[Coach] >>> TRAIN @Epoch: 175  >>>  || LOSS Avg: 0.09329
[Coach] >>> VALID @Epoch: 175  >>>  || RECALL@1 Avg: 0.0119 || RECALL@10 Avg: 0.0613 || RECALL@20 Avg: 0.0960 || NDCG@10 Avg: 0.0329 || NDCG@20 Avg: 0.0417
[Coach] >>> TEST  @Epoch: 175  >>> 
[Wall TIME] >>> ChiefCoach.train takes 2.822461 seconds ...
[Coach] >>> TRAIN @Epoch: 176  >>>  || LOSS Avg: 0.09265
[Coach] >>> VALID @Epoch: 176  >>> 
[Coach] >>> TEST  @Epoch: 176  >>> 
[Wall TIME] >>> ChiefCoach.train takes 2.837115 seconds ...
[Coach] >>> TRAIN @Epoch: 177  >>>  || LOSS Avg: 0.09285
[Coach] >>> VALID @Epoch: 177  >>> 
[Coach] >>> TEST  @Epoch: 177  >>> 
[Wall TIME] >>> ChiefCoach.train takes 2.829040 seconds ...
[Coach] >>> TRAIN @Epoch: 178  >>>  || LOSS Avg: 0.09259
[Coach] >>> VALID @Epoch: 178  >>> 
[Coach] >>> TEST  @Epoch: 178  >>> 
[Wall TIME] >>> ChiefCoach.train takes 2.873434 seconds ...
[Coach] >>> TRAIN @Epoch: 179  >>>  || LOSS Avg: 0.09242
[Coach] >>> VALID @Epoch: 179  >>> 
[Coach] >>> TEST  @Epoch: 179  >>> 
[Wall TIME] >>> ChiefCoach.train takes 2.852783 seconds ...
[Wall TIME] >>> ChiefCoach.valid takes 0.688692 seconds ...
[Coach] >>> TRAIN @Epoch: 180  >>>  || LOSS Avg: 0.09208
[Coach] >>> VALID @Epoch: 180  >>>  || RECALL@1 Avg: 0.0119 || RECALL@10 Avg: 0.0616 || RECALL@20 Avg: 0.0955 || NDCG@10 Avg: 0.0330 || NDCG@20 Avg: 0.0416
[Coach] >>> TEST  @Epoch: 180  >>> 
[Wall TIME] >>> ChiefCoach.train takes 2.846810 seconds ...
[Coach] >>> TRAIN @Epoch: 181  >>>  || LOSS Avg: 0.09205
[Coach] >>> VALID @Epoch: 181  >>> 
[Coach] >>> TEST  @Epoch: 181  >>> 
[Wall TIME] >>> ChiefCoach.train takes 2.881943 seconds ...
[Coach] >>> TRAIN @Epoch: 182  >>>  || LOSS Avg: 0.09216
[Coach] >>> VALID @Epoch: 182  >>> 
[Coach] >>> TEST  @Epoch: 182  >>> 
[Wall TIME] >>> ChiefCoach.train takes 2.832179 seconds ...
[Coach] >>> TRAIN @Epoch: 183  >>>  || LOSS Avg: 0.09186
[Coach] >>> VALID @Epoch: 183  >>> 
[Coach] >>> TEST  @Epoch: 183  >>> 
[Wall TIME] >>> ChiefCoach.train takes 2.818268 seconds ...
[Coach] >>> TRAIN @Epoch: 184  >>>  || LOSS Avg: 0.09210
[Coach] >>> VALID @Epoch: 184  >>> 
[Coach] >>> TEST  @Epoch: 184  >>> 
[Wall TIME] >>> ChiefCoach.train takes 2.855576 seconds ...
[Wall TIME] >>> ChiefCoach.valid takes 0.693486 seconds ...
[Coach] >>> TRAIN @Epoch: 185  >>>  || LOSS Avg: 0.09210
[Coach] >>> VALID @Epoch: 185  >>>  || RECALL@1 Avg: 0.0115 || RECALL@10 Avg: 0.0619 || RECALL@20 Avg: 0.0963 || NDCG@10 Avg: 0.0329 || NDCG@20 Avg: 0.0416
[Coach] >>> TEST  @Epoch: 185  >>> 
[Wall TIME] >>> ChiefCoach.train takes 2.809957 seconds ...
[Coach] >>> TRAIN @Epoch: 186  >>>  || LOSS Avg: 0.09133
[Coach] >>> VALID @Epoch: 186  >>> 
[Coach] >>> TEST  @Epoch: 186  >>> 
[Wall TIME] >>> ChiefCoach.train takes 2.836576 seconds ...
[Coach] >>> TRAIN @Epoch: 187  >>>  || LOSS Avg: 0.09167
[Coach] >>> VALID @Epoch: 187  >>> 
[Coach] >>> TEST  @Epoch: 187  >>> 
[Wall TIME] >>> ChiefCoach.train takes 2.820808 seconds ...
[Coach] >>> TRAIN @Epoch: 188  >>>  || LOSS Avg: 0.09113
[Coach] >>> VALID @Epoch: 188  >>> 
[Coach] >>> TEST  @Epoch: 188  >>> 
[Wall TIME] >>> ChiefCoach.train takes 2.901792 seconds ...
[Coach] >>> TRAIN @Epoch: 189  >>>  || LOSS Avg: 0.09140
[Coach] >>> VALID @Epoch: 189  >>> 
[Coach] >>> TEST  @Epoch: 189  >>> 
[Wall TIME] >>> ChiefCoach.train takes 2.821341 seconds ...
[Wall TIME] >>> ChiefCoach.valid takes 0.676351 seconds ...
[Coach] >>> TRAIN @Epoch: 190  >>>  || LOSS Avg: 0.09116
[Coach] >>> VALID @Epoch: 190  >>>  || RECALL@1 Avg: 0.0118 || RECALL@10 Avg: 0.0620 || RECALL@20 Avg: 0.0963 || NDCG@10 Avg: 0.0330 || NDCG@20 Avg: 0.0418
[Coach] >>> TEST  @Epoch: 190  >>> 
[Wall TIME] >>> ChiefCoach.train takes 2.801712 seconds ...
[Coach] >>> TRAIN @Epoch: 191  >>>  || LOSS Avg: 0.09104
[Coach] >>> VALID @Epoch: 191  >>> 
[Coach] >>> TEST  @Epoch: 191  >>> 
[Wall TIME] >>> ChiefCoach.train takes 2.849079 seconds ...
[Coach] >>> TRAIN @Epoch: 192  >>>  || LOSS Avg: 0.09051
[Coach] >>> VALID @Epoch: 192  >>> 
[Coach] >>> TEST  @Epoch: 192  >>> 
[Wall TIME] >>> ChiefCoach.train takes 3.268387 seconds ...
[Coach] >>> TRAIN @Epoch: 193  >>>  || LOSS Avg: 0.09082
[Coach] >>> VALID @Epoch: 193  >>> 
[Coach] >>> TEST  @Epoch: 193  >>> 
[Wall TIME] >>> ChiefCoach.train takes 2.817909 seconds ...
[Coach] >>> TRAIN @Epoch: 194  >>>  || LOSS Avg: 0.09054
[Coach] >>> VALID @Epoch: 194  >>> 
[Coach] >>> TEST  @Epoch: 194  >>> 
[Wall TIME] >>> ChiefCoach.train takes 2.851755 seconds ...
[Wall TIME] >>> ChiefCoach.valid takes 0.659450 seconds ...
[Coach] >>> TRAIN @Epoch: 195  >>>  || LOSS Avg: 0.09033
[Coach] >>> VALID @Epoch: 195  >>>  || RECALL@1 Avg: 0.0117 || RECALL@10 Avg: 0.0626 || RECALL@20 Avg: 0.0957 || NDCG@10 Avg: 0.0332 || NDCG@20 Avg: 0.0416
[Coach] >>> TEST  @Epoch: 195  >>> 
[Wall TIME] >>> ChiefCoach.train takes 2.877035 seconds ...
[Coach] >>> TRAIN @Epoch: 196  >>>  || LOSS Avg: 0.08990
[Coach] >>> VALID @Epoch: 196  >>> 
[Coach] >>> TEST  @Epoch: 196  >>> 
[Wall TIME] >>> ChiefCoach.train takes 2.794731 seconds ...
[Coach] >>> TRAIN @Epoch: 197  >>>  || LOSS Avg: 0.08977
[Coach] >>> VALID @Epoch: 197  >>> 
[Coach] >>> TEST  @Epoch: 197  >>> 
[Wall TIME] >>> ChiefCoach.train takes 2.807630 seconds ...
[Coach] >>> TRAIN @Epoch: 198  >>>  || LOSS Avg: 0.09027
[Coach] >>> VALID @Epoch: 198  >>> 
[Coach] >>> TEST  @Epoch: 198  >>> 
[Wall TIME] >>> ChiefCoach.train takes 2.887069 seconds ...
[Coach] >>> TRAIN @Epoch: 199  >>>  || LOSS Avg: 0.09009
[Coach] >>> VALID @Epoch: 199  >>> 
[Coach] >>> TEST  @Epoch: 199  >>> 
[Wall TIME] >>> ChiefCoach.train takes 2.871950 seconds ...
[Wall TIME] >>> ChiefCoach.valid takes 0.687850 seconds ...
[Coach] >>> TRAIN @Epoch: 200  >>>  || LOSS Avg: 0.08987
[Coach] >>> VALID @Epoch: 200  >>>  || RECALL@1 Avg: 0.0117 || RECALL@10 Avg: 0.0620 || RECALL@20 Avg: 0.0960 || NDCG@10 Avg: 0.0329 || NDCG@20 Avg: 0.0415
[Coach] >>> TEST  @Epoch: 200  >>> 
[Wall TIME] >>> ChiefCoach.train takes 2.832100 seconds ...
[Coach] >>> TRAIN @Epoch: 201  >>>  || LOSS Avg: 0.08985
[Coach] >>> VALID @Epoch: 201  >>> 
[Coach] >>> TEST  @Epoch: 201  >>> 
[Wall TIME] >>> ChiefCoach.train takes 2.868554 seconds ...
[Coach] >>> TRAIN @Epoch: 202  >>>  || LOSS Avg: 0.08961
[Coach] >>> VALID @Epoch: 202  >>> 
[Coach] >>> TEST  @Epoch: 202  >>> 
[Wall TIME] >>> ChiefCoach.train takes 2.798460 seconds ...
[Coach] >>> TRAIN @Epoch: 203  >>>  || LOSS Avg: 0.08877
[Coach] >>> VALID @Epoch: 203  >>> 
[Coach] >>> TEST  @Epoch: 203  >>> 
[Wall TIME] >>> ChiefCoach.train takes 2.865521 seconds ...
[Coach] >>> TRAIN @Epoch: 204  >>>  || LOSS Avg: 0.08926
[Coach] >>> VALID @Epoch: 204  >>> 
[Coach] >>> TEST  @Epoch: 204  >>> 
[Wall TIME] >>> ChiefCoach.train takes 2.887221 seconds ...
[Wall TIME] >>> ChiefCoach.valid takes 0.688205 seconds ...
[Coach] >>> TRAIN @Epoch: 205  >>>  || LOSS Avg: 0.08947
[Coach] >>> VALID @Epoch: 205  >>>  || RECALL@1 Avg: 0.0111 || RECALL@10 Avg: 0.0630 || RECALL@20 Avg: 0.0966 || NDCG@10 Avg: 0.0329 || NDCG@20 Avg: 0.0414
[Coach] >>> TEST  @Epoch: 205  >>> 
[Wall TIME] >>> ChiefCoach.train takes 2.801193 seconds ...
[Coach] >>> TRAIN @Epoch: 206  >>>  || LOSS Avg: 0.08919
[Coach] >>> VALID @Epoch: 206  >>> 
[Coach] >>> TEST  @Epoch: 206  >>> 
[Wall TIME] >>> ChiefCoach.train takes 2.846310 seconds ...
[Coach] >>> TRAIN @Epoch: 207  >>>  || LOSS Avg: 0.08947
[Coach] >>> VALID @Epoch: 207  >>> 
[Coach] >>> TEST  @Epoch: 207  >>> 
[Wall TIME] >>> ChiefCoach.train takes 2.859210 seconds ...
[Coach] >>> TRAIN @Epoch: 208  >>>  || LOSS Avg: 0.08936
[Coach] >>> VALID @Epoch: 208  >>> 
[Coach] >>> TEST  @Epoch: 208  >>> 
[Wall TIME] >>> ChiefCoach.train takes 2.775679 seconds ...
[Coach] >>> TRAIN @Epoch: 209  >>>  || LOSS Avg: 0.08884
[Coach] >>> VALID @Epoch: 209  >>> 
[Coach] >>> TEST  @Epoch: 209  >>> 
[Wall TIME] >>> ChiefCoach.train takes 2.876757 seconds ...
[Wall TIME] >>> ChiefCoach.valid takes 0.672492 seconds ...
[Coach] >>> TRAIN @Epoch: 210  >>>  || LOSS Avg: 0.08882
[Coach] >>> VALID @Epoch: 210  >>>  || RECALL@1 Avg: 0.0118 || RECALL@10 Avg: 0.0622 || RECALL@20 Avg: 0.0953 || NDCG@10 Avg: 0.0329 || NDCG@20 Avg: 0.0414
[Coach] >>> TEST  @Epoch: 210  >>> 
[Wall TIME] >>> ChiefCoach.train takes 2.809386 seconds ...
[Coach] >>> TRAIN @Epoch: 211  >>>  || LOSS Avg: 0.08877
[Coach] >>> VALID @Epoch: 211  >>> 
[Coach] >>> TEST  @Epoch: 211  >>> 
[Wall TIME] >>> ChiefCoach.train takes 2.860756 seconds ...
[Coach] >>> TRAIN @Epoch: 212  >>>  || LOSS Avg: 0.08903
[Coach] >>> VALID @Epoch: 212  >>> 
[Coach] >>> TEST  @Epoch: 212  >>> 
[Wall TIME] >>> ChiefCoach.train takes 2.845919 seconds ...
[Coach] >>> TRAIN @Epoch: 213  >>>  || LOSS Avg: 0.08823
[Coach] >>> VALID @Epoch: 213  >>> 
[Coach] >>> TEST  @Epoch: 213  >>> 
[Wall TIME] >>> ChiefCoach.train takes 3.382123 seconds ...
[Coach] >>> TRAIN @Epoch: 214  >>>  || LOSS Avg: 0.08848
[Coach] >>> VALID @Epoch: 214  >>> 
[Coach] >>> TEST  @Epoch: 214  >>> 
[Wall TIME] >>> ChiefCoach.train takes 2.884579 seconds ...
[Wall TIME] >>> ChiefCoach.valid takes 0.677635 seconds ...
[Coach] >>> TRAIN @Epoch: 215  >>>  || LOSS Avg: 0.08861
[Coach] >>> VALID @Epoch: 215  >>>  || RECALL@1 Avg: 0.0116 || RECALL@10 Avg: 0.0621 || RECALL@20 Avg: 0.0956 || NDCG@10 Avg: 0.0329 || NDCG@20 Avg: 0.0414
[Coach] >>> TEST  @Epoch: 215  >>> 
[Wall TIME] >>> ChiefCoach.train takes 2.804410 seconds ...
[Coach] >>> TRAIN @Epoch: 216  >>>  || LOSS Avg: 0.08785
[Coach] >>> VALID @Epoch: 216  >>> 
[Coach] >>> TEST  @Epoch: 216  >>> 
[Wall TIME] >>> ChiefCoach.train takes 2.878381 seconds ...
[Coach] >>> TRAIN @Epoch: 217  >>>  || LOSS Avg: 0.08833
[Coach] >>> VALID @Epoch: 217  >>> 
[Coach] >>> TEST  @Epoch: 217  >>> 
[Wall TIME] >>> ChiefCoach.train takes 2.851361 seconds ...
[Coach] >>> TRAIN @Epoch: 218  >>>  || LOSS Avg: 0.08778
[Coach] >>> VALID @Epoch: 218  >>> 
[Coach] >>> TEST  @Epoch: 218  >>> 
[Wall TIME] >>> ChiefCoach.train takes 2.846284 seconds ...
[Coach] >>> TRAIN @Epoch: 219  >>>  || LOSS Avg: 0.08793
[Coach] >>> VALID @Epoch: 219  >>> 
[Coach] >>> TEST  @Epoch: 219  >>> 
[Wall TIME] >>> ChiefCoach.train takes 2.851674 seconds ...
[Wall TIME] >>> ChiefCoach.valid takes 0.671453 seconds ...
[Coach] >>> TRAIN @Epoch: 220  >>>  || LOSS Avg: 0.08834
[Coach] >>> VALID @Epoch: 220  >>>  || RECALL@1 Avg: 0.0117 || RECALL@10 Avg: 0.0615 || RECALL@20 Avg: 0.0952 || NDCG@10 Avg: 0.0327 || NDCG@20 Avg: 0.0413
[Coach] >>> TEST  @Epoch: 220  >>> 
[Wall TIME] >>> ChiefCoach.train takes 2.873911 seconds ...
[Coach] >>> TRAIN @Epoch: 221  >>>  || LOSS Avg: 0.08803
[Coach] >>> VALID @Epoch: 221  >>> 
[Coach] >>> TEST  @Epoch: 221  >>> 
[Wall TIME] >>> ChiefCoach.train takes 2.838374 seconds ...
[Coach] >>> TRAIN @Epoch: 222  >>>  || LOSS Avg: 0.08761
[Coach] >>> VALID @Epoch: 222  >>> 
[Coach] >>> TEST  @Epoch: 222  >>> 
[Wall TIME] >>> ChiefCoach.train takes 2.852309 seconds ...
[Coach] >>> TRAIN @Epoch: 223  >>>  || LOSS Avg: 0.08704
[Coach] >>> VALID @Epoch: 223  >>> 
[Coach] >>> TEST  @Epoch: 223  >>> 
[Wall TIME] >>> ChiefCoach.train takes 2.822605 seconds ...
[Coach] >>> TRAIN @Epoch: 224  >>>  || LOSS Avg: 0.08755
[Coach] >>> VALID @Epoch: 224  >>> 
[Coach] >>> TEST  @Epoch: 224  >>> 
[Wall TIME] >>> ChiefCoach.train takes 2.861714 seconds ...
[Wall TIME] >>> ChiefCoach.valid takes 0.702702 seconds ...
[Coach] >>> TRAIN @Epoch: 225  >>>  || LOSS Avg: 0.08762
[Coach] >>> VALID @Epoch: 225  >>>  || RECALL@1 Avg: 0.0118 || RECALL@10 Avg: 0.0623 || RECALL@20 Avg: 0.0953 || NDCG@10 Avg: 0.0330 || NDCG@20 Avg: 0.0414
[Coach] >>> TEST  @Epoch: 225  >>> 
[Wall TIME] >>> ChiefCoach.train takes 2.826200 seconds ...
[Coach] >>> TRAIN @Epoch: 226  >>>  || LOSS Avg: 0.08679
[Coach] >>> VALID @Epoch: 226  >>> 
[Coach] >>> TEST  @Epoch: 226  >>> 
[Wall TIME] >>> ChiefCoach.train takes 2.806427 seconds ...
[Coach] >>> TRAIN @Epoch: 227  >>>  || LOSS Avg: 0.08741
[Coach] >>> VALID @Epoch: 227  >>> 
[Coach] >>> TEST  @Epoch: 227  >>> 
[Wall TIME] >>> ChiefCoach.train takes 2.848891 seconds ...
[Coach] >>> TRAIN @Epoch: 228  >>>  || LOSS Avg: 0.08744
[Coach] >>> VALID @Epoch: 228  >>> 
[Coach] >>> TEST  @Epoch: 228  >>> 
[Wall TIME] >>> ChiefCoach.train takes 2.823583 seconds ...
[Coach] >>> TRAIN @Epoch: 229  >>>  || LOSS Avg: 0.08728
[Coach] >>> VALID @Epoch: 229  >>> 
[Coach] >>> TEST  @Epoch: 229  >>> 
[Wall TIME] >>> ChiefCoach.train takes 2.825629 seconds ...
[Wall TIME] >>> ChiefCoach.valid takes 0.670782 seconds ...
[Coach] >>> TRAIN @Epoch: 230  >>>  || LOSS Avg: 0.08740
[Coach] >>> VALID @Epoch: 230  >>>  || RECALL@1 Avg: 0.0119 || RECALL@10 Avg: 0.0611 || RECALL@20 Avg: 0.0956 || NDCG@10 Avg: 0.0327 || NDCG@20 Avg: 0.0415
[Coach] >>> TEST  @Epoch: 230  >>> 
[Wall TIME] >>> ChiefCoach.train takes 2.853094 seconds ...
[Coach] >>> TRAIN @Epoch: 231  >>>  || LOSS Avg: 0.08673
[Coach] >>> VALID @Epoch: 231  >>> 
[Coach] >>> TEST  @Epoch: 231  >>> 
[Wall TIME] >>> ChiefCoach.train takes 2.808474 seconds ...
[Coach] >>> TRAIN @Epoch: 232  >>>  || LOSS Avg: 0.08646
[Coach] >>> VALID @Epoch: 232  >>> 
[Coach] >>> TEST  @Epoch: 232  >>> 
[Wall TIME] >>> ChiefCoach.train takes 2.847314 seconds ...
[Coach] >>> TRAIN @Epoch: 233  >>>  || LOSS Avg: 0.08675
[Coach] >>> VALID @Epoch: 233  >>> 
[Coach] >>> TEST  @Epoch: 233  >>> 
[Wall TIME] >>> ChiefCoach.train takes 3.350873 seconds ...
[Coach] >>> TRAIN @Epoch: 234  >>>  || LOSS Avg: 0.08673
[Coach] >>> VALID @Epoch: 234  >>> 
[Coach] >>> TEST  @Epoch: 234  >>> 
[Wall TIME] >>> ChiefCoach.train takes 2.890426 seconds ...
[Wall TIME] >>> ChiefCoach.valid takes 0.666324 seconds ...
[Coach] >>> TRAIN @Epoch: 235  >>>  || LOSS Avg: 0.08677
[Coach] >>> VALID @Epoch: 235  >>>  || RECALL@1 Avg: 0.0121 || RECALL@10 Avg: 0.0614 || RECALL@20 Avg: 0.0961 || NDCG@10 Avg: 0.0330 || NDCG@20 Avg: 0.0418
[Coach] >>> TEST  @Epoch: 235  >>> 
[Wall TIME] >>> ChiefCoach.train takes 2.867845 seconds ...
[Coach] >>> TRAIN @Epoch: 236  >>>  || LOSS Avg: 0.08682
[Coach] >>> VALID @Epoch: 236  >>> 
[Coach] >>> TEST  @Epoch: 236  >>> 
[Wall TIME] >>> ChiefCoach.train takes 2.839249 seconds ...
[Coach] >>> TRAIN @Epoch: 237  >>>  || LOSS Avg: 0.08640
[Coach] >>> VALID @Epoch: 237  >>> 
[Coach] >>> TEST  @Epoch: 237  >>> 
[Wall TIME] >>> ChiefCoach.train takes 2.866961 seconds ...
[Coach] >>> TRAIN @Epoch: 238  >>>  || LOSS Avg: 0.08672
[Coach] >>> VALID @Epoch: 238  >>> 
[Coach] >>> TEST  @Epoch: 238  >>> 
[Wall TIME] >>> ChiefCoach.train takes 2.833056 seconds ...
[Coach] >>> TRAIN @Epoch: 239  >>>  || LOSS Avg: 0.08604
[Coach] >>> VALID @Epoch: 239  >>> 
[Coach] >>> TEST  @Epoch: 239  >>> 
[Wall TIME] >>> ChiefCoach.train takes 2.876662 seconds ...
[Wall TIME] >>> ChiefCoach.valid takes 0.669426 seconds ...
[Coach] >>> TRAIN @Epoch: 240  >>>  || LOSS Avg: 0.08573
[Coach] >>> VALID @Epoch: 240  >>>  || RECALL@1 Avg: 0.0122 || RECALL@10 Avg: 0.0615 || RECALL@20 Avg: 0.0964 || NDCG@10 Avg: 0.0329 || NDCG@20 Avg: 0.0417
[Coach] >>> TEST  @Epoch: 240  >>> 
[Wall TIME] >>> ChiefCoach.train takes 2.858408 seconds ...
[Coach] >>> TRAIN @Epoch: 241  >>>  || LOSS Avg: 0.08611
[Coach] >>> VALID @Epoch: 241  >>> 
[Coach] >>> TEST  @Epoch: 241  >>> 
[Wall TIME] >>> ChiefCoach.train takes 2.818031 seconds ...
[Coach] >>> TRAIN @Epoch: 242  >>>  || LOSS Avg: 0.08638
[Coach] >>> VALID @Epoch: 242  >>> 
[Coach] >>> TEST  @Epoch: 242  >>> 
[Wall TIME] >>> ChiefCoach.train takes 2.837512 seconds ...
[Coach] >>> TRAIN @Epoch: 243  >>>  || LOSS Avg: 0.08665
[Coach] >>> VALID @Epoch: 243  >>> 
[Coach] >>> TEST  @Epoch: 243  >>> 
[Wall TIME] >>> ChiefCoach.train takes 2.886531 seconds ...
[Coach] >>> TRAIN @Epoch: 244  >>>  || LOSS Avg: 0.08603
[Coach] >>> VALID @Epoch: 244  >>> 
[Coach] >>> TEST  @Epoch: 244  >>> 
[Wall TIME] >>> ChiefCoach.train takes 2.815145 seconds ...
[Wall TIME] >>> ChiefCoach.valid takes 0.682589 seconds ...
[Coach] >>> TRAIN @Epoch: 245  >>>  || LOSS Avg: 0.08603
[Coach] >>> VALID @Epoch: 245  >>>  || RECALL@1 Avg: 0.0121 || RECALL@10 Avg: 0.0619 || RECALL@20 Avg: 0.0968 || NDCG@10 Avg: 0.0330 || NDCG@20 Avg: 0.0418
[Coach] >>> TEST  @Epoch: 245  >>> 
[Wall TIME] >>> ChiefCoach.train takes 2.823000 seconds ...
[Coach] >>> TRAIN @Epoch: 246  >>>  || LOSS Avg: 0.08617
[Coach] >>> VALID @Epoch: 246  >>> 
[Coach] >>> TEST  @Epoch: 246  >>> 
[Wall TIME] >>> ChiefCoach.train takes 2.833802 seconds ...
[Coach] >>> TRAIN @Epoch: 247  >>>  || LOSS Avg: 0.08572
[Coach] >>> VALID @Epoch: 247  >>> 
[Coach] >>> TEST  @Epoch: 247  >>> 
[Wall TIME] >>> ChiefCoach.train takes 2.856671 seconds ...
[Coach] >>> TRAIN @Epoch: 248  >>>  || LOSS Avg: 0.08547
[Coach] >>> VALID @Epoch: 248  >>> 
[Coach] >>> TEST  @Epoch: 248  >>> 
[Wall TIME] >>> ChiefCoach.train takes 2.818179 seconds ...
[Coach] >>> TRAIN @Epoch: 249  >>>  || LOSS Avg: 0.08595
[Coach] >>> VALID @Epoch: 249  >>> 
[Coach] >>> TEST  @Epoch: 249  >>> 
[Wall TIME] >>> ChiefCoach.train takes 2.847346 seconds ...
[Wall TIME] >>> ChiefCoach.valid takes 0.690256 seconds ...
[Coach] >>> TRAIN @Epoch: 250  >>>  || LOSS Avg: 0.08547
[Coach] >>> VALID @Epoch: 250  >>>  || RECALL@1 Avg: 0.0120 || RECALL@10 Avg: 0.0615 || RECALL@20 Avg: 0.0967 || NDCG@10 Avg: 0.0328 || NDCG@20 Avg: 0.0418
[Coach] >>> TEST  @Epoch: 250  >>> 
[Wall TIME] >>> ChiefCoach.train takes 2.849130 seconds ...
[Coach] >>> TRAIN @Epoch: 251  >>>  || LOSS Avg: 0.08570
[Coach] >>> VALID @Epoch: 251  >>> 
[Coach] >>> TEST  @Epoch: 251  >>> 
[Wall TIME] >>> ChiefCoach.train takes 2.859113 seconds ...
[Coach] >>> TRAIN @Epoch: 252  >>>  || LOSS Avg: 0.08499
[Coach] >>> VALID @Epoch: 252  >>> 
[Coach] >>> TEST  @Epoch: 252  >>> 
[Wall TIME] >>> ChiefCoach.train takes 2.812822 seconds ...
[Coach] >>> TRAIN @Epoch: 253  >>>  || LOSS Avg: 0.08558
[Coach] >>> VALID @Epoch: 253  >>> 
[Coach] >>> TEST  @Epoch: 253  >>> 
[Wall TIME] >>> ChiefCoach.train takes 3.329178 seconds ...
[Coach] >>> TRAIN @Epoch: 254  >>>  || LOSS Avg: 0.08532
[Coach] >>> VALID @Epoch: 254  >>> 
[Coach] >>> TEST  @Epoch: 254  >>> 
[Wall TIME] >>> ChiefCoach.train takes 2.827262 seconds ...
[Wall TIME] >>> ChiefCoach.valid takes 0.675341 seconds ...
[Coach] >>> TRAIN @Epoch: 255  >>>  || LOSS Avg: 0.08508
[Coach] >>> VALID @Epoch: 255  >>>  || RECALL@1 Avg: 0.0117 || RECALL@10 Avg: 0.0616 || RECALL@20 Avg: 0.0966 || NDCG@10 Avg: 0.0327 || NDCG@20 Avg: 0.0416
[Coach] >>> TEST  @Epoch: 255  >>> 
[Wall TIME] >>> ChiefCoach.train takes 2.835258 seconds ...
[Coach] >>> TRAIN @Epoch: 256  >>>  || LOSS Avg: 0.08552
[Coach] >>> VALID @Epoch: 256  >>> 
[Coach] >>> TEST  @Epoch: 256  >>> 
[Wall TIME] >>> ChiefCoach.train takes 2.832161 seconds ...
[Coach] >>> TRAIN @Epoch: 257  >>>  || LOSS Avg: 0.08501
[Coach] >>> VALID @Epoch: 257  >>> 
[Coach] >>> TEST  @Epoch: 257  >>> 
[Wall TIME] >>> ChiefCoach.train takes 2.831442 seconds ...
[Coach] >>> TRAIN @Epoch: 258  >>>  || LOSS Avg: 0.08467
[Coach] >>> VALID @Epoch: 258  >>> 
[Coach] >>> TEST  @Epoch: 258  >>> 
[Wall TIME] >>> ChiefCoach.train takes 2.920780 seconds ...
[Coach] >>> TRAIN @Epoch: 259  >>>  || LOSS Avg: 0.08530
[Coach] >>> VALID @Epoch: 259  >>> 
[Coach] >>> TEST  @Epoch: 259  >>> 
[Wall TIME] >>> ChiefCoach.train takes 2.854030 seconds ...
[Wall TIME] >>> ChiefCoach.valid takes 0.663951 seconds ...
[Coach] >>> TRAIN @Epoch: 260  >>>  || LOSS Avg: 0.08519
[Coach] >>> VALID @Epoch: 260  >>>  || RECALL@1 Avg: 0.0117 || RECALL@10 Avg: 0.0619 || RECALL@20 Avg: 0.0959 || NDCG@10 Avg: 0.0328 || NDCG@20 Avg: 0.0414
[Coach] >>> TEST  @Epoch: 260  >>> 
[Wall TIME] >>> ChiefCoach.train takes 2.880223 seconds ...
[Coach] >>> TRAIN @Epoch: 261  >>>  || LOSS Avg: 0.08524
[Coach] >>> VALID @Epoch: 261  >>> 
[Coach] >>> TEST  @Epoch: 261  >>> 
[Wall TIME] >>> ChiefCoach.train takes 2.853776 seconds ...
[Coach] >>> TRAIN @Epoch: 262  >>>  || LOSS Avg: 0.08516
[Coach] >>> VALID @Epoch: 262  >>> 
[Coach] >>> TEST  @Epoch: 262  >>> 
[Wall TIME] >>> ChiefCoach.train takes 2.811463 seconds ...
[Coach] >>> TRAIN @Epoch: 263  >>>  || LOSS Avg: 0.08514
[Coach] >>> VALID @Epoch: 263  >>> 
[Coach] >>> TEST  @Epoch: 263  >>> 
[Wall TIME] >>> ChiefCoach.train takes 2.886929 seconds ...
[Coach] >>> TRAIN @Epoch: 264  >>>  || LOSS Avg: 0.08485
[Coach] >>> VALID @Epoch: 264  >>> 
[Coach] >>> TEST  @Epoch: 264  >>> 
[Wall TIME] >>> ChiefCoach.train takes 2.826130 seconds ...
[Wall TIME] >>> ChiefCoach.valid takes 0.678120 seconds ...
[Coach] >>> TRAIN @Epoch: 265  >>>  || LOSS Avg: 0.08469
[Coach] >>> VALID @Epoch: 265  >>>  || RECALL@1 Avg: 0.0117 || RECALL@10 Avg: 0.0617 || RECALL@20 Avg: 0.0959 || NDCG@10 Avg: 0.0329 || NDCG@20 Avg: 0.0416
[Coach] >>> TEST  @Epoch: 265  >>> 
[Wall TIME] >>> ChiefCoach.train takes 2.823460 seconds ...
[Coach] >>> TRAIN @Epoch: 266  >>>  || LOSS Avg: 0.08513
[Coach] >>> VALID @Epoch: 266  >>> 
[Coach] >>> TEST  @Epoch: 266  >>> 
[Wall TIME] >>> ChiefCoach.train takes 2.835427 seconds ...
[Coach] >>> TRAIN @Epoch: 267  >>>  || LOSS Avg: 0.08448
[Coach] >>> VALID @Epoch: 267  >>> 
[Coach] >>> TEST  @Epoch: 267  >>> 
[Wall TIME] >>> ChiefCoach.train takes 2.814828 seconds ...
[Coach] >>> TRAIN @Epoch: 268  >>>  || LOSS Avg: 0.08435
[Coach] >>> VALID @Epoch: 268  >>> 
[Coach] >>> TEST  @Epoch: 268  >>> 
[Wall TIME] >>> ChiefCoach.train takes 2.818196 seconds ...
[Coach] >>> TRAIN @Epoch: 269  >>>  || LOSS Avg: 0.08485
[Coach] >>> VALID @Epoch: 269  >>> 
[Coach] >>> TEST  @Epoch: 269  >>> 
[Wall TIME] >>> ChiefCoach.train takes 2.816717 seconds ...
[Wall TIME] >>> ChiefCoach.valid takes 0.664434 seconds ...
[Coach] >>> TRAIN @Epoch: 270  >>>  || LOSS Avg: 0.08466
[Coach] >>> VALID @Epoch: 270  >>>  || RECALL@1 Avg: 0.0116 || RECALL@10 Avg: 0.0620 || RECALL@20 Avg: 0.0955 || NDCG@10 Avg: 0.0328 || NDCG@20 Avg: 0.0413
[Coach] >>> TEST  @Epoch: 270  >>> 
[Wall TIME] >>> ChiefCoach.train takes 2.892587 seconds ...
[Coach] >>> TRAIN @Epoch: 271  >>>  || LOSS Avg: 0.08430
[Coach] >>> VALID @Epoch: 271  >>> 
[Coach] >>> TEST  @Epoch: 271  >>> 
[Wall TIME] >>> ChiefCoach.train takes 2.828420 seconds ...
[Coach] >>> TRAIN @Epoch: 272  >>>  || LOSS Avg: 0.08468
[Coach] >>> VALID @Epoch: 272  >>> 
[Coach] >>> TEST  @Epoch: 272  >>> 
[Wall TIME] >>> ChiefCoach.train takes 2.854739 seconds ...
[Coach] >>> TRAIN @Epoch: 273  >>>  || LOSS Avg: 0.08475
[Coach] >>> VALID @Epoch: 273  >>> 
[Coach] >>> TEST  @Epoch: 273  >>> 
[Wall TIME] >>> ChiefCoach.train takes 3.304806 seconds ...
[Coach] >>> TRAIN @Epoch: 274  >>>  || LOSS Avg: 0.08501
[Coach] >>> VALID @Epoch: 274  >>> 
[Coach] >>> TEST  @Epoch: 274  >>> 
[Wall TIME] >>> ChiefCoach.train takes 2.829012 seconds ...
[Wall TIME] >>> ChiefCoach.valid takes 0.686157 seconds ...
[Coach] >>> TRAIN @Epoch: 275  >>>  || LOSS Avg: 0.08426
[Coach] >>> VALID @Epoch: 275  >>>  || RECALL@1 Avg: 0.0117 || RECALL@10 Avg: 0.0616 || RECALL@20 Avg: 0.0948 || NDCG@10 Avg: 0.0330 || NDCG@20 Avg: 0.0414
[Coach] >>> TEST  @Epoch: 275  >>> 
[Wall TIME] >>> ChiefCoach.train takes 2.830739 seconds ...
[Coach] >>> TRAIN @Epoch: 276  >>>  || LOSS Avg: 0.08403
[Coach] >>> VALID @Epoch: 276  >>> 
[Coach] >>> TEST  @Epoch: 276  >>> 
[Wall TIME] >>> ChiefCoach.train takes 2.839900 seconds ...
[Coach] >>> TRAIN @Epoch: 277  >>>  || LOSS Avg: 0.08375
[Coach] >>> VALID @Epoch: 277  >>> 
[Coach] >>> TEST  @Epoch: 277  >>> 
[Wall TIME] >>> ChiefCoach.train takes 2.804882 seconds ...
[Coach] >>> TRAIN @Epoch: 278  >>>  || LOSS Avg: 0.08434
[Coach] >>> VALID @Epoch: 278  >>> 
[Coach] >>> TEST  @Epoch: 278  >>> 
[Wall TIME] >>> ChiefCoach.train takes 2.861560 seconds ...
[Coach] >>> TRAIN @Epoch: 279  >>>  || LOSS Avg: 0.08418
[Coach] >>> VALID @Epoch: 279  >>> 
[Coach] >>> TEST  @Epoch: 279  >>> 
[Wall TIME] >>> ChiefCoach.train takes 2.843302 seconds ...
[Wall TIME] >>> ChiefCoach.valid takes 0.692215 seconds ...
[Coach] >>> TRAIN @Epoch: 280  >>>  || LOSS Avg: 0.08400
[Coach] >>> VALID @Epoch: 280  >>>  || RECALL@1 Avg: 0.0117 || RECALL@10 Avg: 0.0625 || RECALL@20 Avg: 0.0941 || NDCG@10 Avg: 0.0333 || NDCG@20 Avg: 0.0413
[Coach] >>> TEST  @Epoch: 280  >>> 
[Wall TIME] >>> ChiefCoach.train takes 2.820013 seconds ...
[Coach] >>> TRAIN @Epoch: 281  >>>  || LOSS Avg: 0.08431
[Coach] >>> VALID @Epoch: 281  >>> 
[Coach] >>> TEST  @Epoch: 281  >>> 
[Wall TIME] >>> ChiefCoach.train takes 2.817002 seconds ...
[Coach] >>> TRAIN @Epoch: 282  >>>  || LOSS Avg: 0.08365
[Coach] >>> VALID @Epoch: 282  >>> 
[Coach] >>> TEST  @Epoch: 282  >>> 
[Wall TIME] >>> ChiefCoach.train takes 2.830545 seconds ...
[Coach] >>> TRAIN @Epoch: 283  >>>  || LOSS Avg: 0.08407
[Coach] >>> VALID @Epoch: 283  >>> 
[Coach] >>> TEST  @Epoch: 283  >>> 
[Wall TIME] >>> ChiefCoach.train takes 2.874238 seconds ...
[Coach] >>> TRAIN @Epoch: 284  >>>  || LOSS Avg: 0.08371
[Coach] >>> VALID @Epoch: 284  >>> 
[Coach] >>> TEST  @Epoch: 284  >>> 
[Wall TIME] >>> ChiefCoach.train takes 2.853969 seconds ...
[Wall TIME] >>> ChiefCoach.valid takes 0.709169 seconds ...
[Coach] >>> TRAIN @Epoch: 285  >>>  || LOSS Avg: 0.08407
[Coach] >>> VALID @Epoch: 285  >>>  || RECALL@1 Avg: 0.0123 || RECALL@10 Avg: 0.0629 || RECALL@20 Avg: 0.0954 || NDCG@10 Avg: 0.0337 || NDCG@20 Avg: 0.0419
[Coach] >>> TEST  @Epoch: 285  >>> 
[Wall TIME] >>> ChiefCoach.train takes 2.829705 seconds ...
[Coach] >>> TRAIN @Epoch: 286  >>>  || LOSS Avg: 0.08390
[Coach] >>> VALID @Epoch: 286  >>> 
[Coach] >>> TEST  @Epoch: 286  >>> 
[Wall TIME] >>> ChiefCoach.train takes 2.827769 seconds ...
[Coach] >>> TRAIN @Epoch: 287  >>>  || LOSS Avg: 0.08361
[Coach] >>> VALID @Epoch: 287  >>> 
[Coach] >>> TEST  @Epoch: 287  >>> 
[Wall TIME] >>> ChiefCoach.train takes 2.836345 seconds ...
[Coach] >>> TRAIN @Epoch: 288  >>>  || LOSS Avg: 0.08366
[Coach] >>> VALID @Epoch: 288  >>> 
[Coach] >>> TEST  @Epoch: 288  >>> 
[Wall TIME] >>> ChiefCoach.train takes 2.845737 seconds ...
[Coach] >>> TRAIN @Epoch: 289  >>>  || LOSS Avg: 0.08425
[Coach] >>> VALID @Epoch: 289  >>> 
[Coach] >>> TEST  @Epoch: 289  >>> 
[Wall TIME] >>> ChiefCoach.train takes 2.821845 seconds ...
[Wall TIME] >>> ChiefCoach.valid takes 0.665952 seconds ...
[Coach] >>> TRAIN @Epoch: 290  >>>  || LOSS Avg: 0.08440
[Coach] >>> VALID @Epoch: 290  >>>  || RECALL@1 Avg: 0.0111 || RECALL@10 Avg: 0.0623 || RECALL@20 Avg: 0.0950 || NDCG@10 Avg: 0.0330 || NDCG@20 Avg: 0.0414
[Coach] >>> TEST  @Epoch: 290  >>> 
[Wall TIME] >>> ChiefCoach.train takes 2.866194 seconds ...
[Coach] >>> TRAIN @Epoch: 291  >>>  || LOSS Avg: 0.08346
[Coach] >>> VALID @Epoch: 291  >>> 
[Coach] >>> TEST  @Epoch: 291  >>> 
[Wall TIME] >>> ChiefCoach.train takes 2.835562 seconds ...
[Coach] >>> TRAIN @Epoch: 292  >>>  || LOSS Avg: 0.08329
[Coach] >>> VALID @Epoch: 292  >>> 
[Coach] >>> TEST  @Epoch: 292  >>> 
[Wall TIME] >>> ChiefCoach.train takes 2.832436 seconds ...
[Coach] >>> TRAIN @Epoch: 293  >>>  || LOSS Avg: 0.08338
[Coach] >>> VALID @Epoch: 293  >>> 
[Coach] >>> TEST  @Epoch: 293  >>> 
[Wall TIME] >>> ChiefCoach.train takes 3.352024 seconds ...
[Coach] >>> TRAIN @Epoch: 294  >>>  || LOSS Avg: 0.08363
[Coach] >>> VALID @Epoch: 294  >>> 
[Coach] >>> TEST  @Epoch: 294  >>> 
[Wall TIME] >>> ChiefCoach.train takes 2.806680 seconds ...
[Wall TIME] >>> ChiefCoach.valid takes 0.676321 seconds ...
[Coach] >>> TRAIN @Epoch: 295  >>>  || LOSS Avg: 0.08411
[Coach] >>> VALID @Epoch: 295  >>>  || RECALL@1 Avg: 0.0112 || RECALL@10 Avg: 0.0619 || RECALL@20 Avg: 0.0954 || NDCG@10 Avg: 0.0328 || NDCG@20 Avg: 0.0413
[Coach] >>> TEST  @Epoch: 295  >>> 
[Wall TIME] >>> ChiefCoach.train takes 2.792838 seconds ...
[Coach] >>> TRAIN @Epoch: 296  >>>  || LOSS Avg: 0.08326
[Coach] >>> VALID @Epoch: 296  >>> 
[Coach] >>> TEST  @Epoch: 296  >>> 
[Wall TIME] >>> ChiefCoach.train takes 2.895375 seconds ...
[Coach] >>> TRAIN @Epoch: 297  >>>  || LOSS Avg: 0.08387
[Coach] >>> VALID @Epoch: 297  >>> 
[Coach] >>> TEST  @Epoch: 297  >>> 
[Wall TIME] >>> ChiefCoach.train takes 2.837129 seconds ...
[Coach] >>> TRAIN @Epoch: 298  >>>  || LOSS Avg: 0.08328
[Coach] >>> VALID @Epoch: 298  >>> 
[Coach] >>> TEST  @Epoch: 298  >>> 
[Wall TIME] >>> ChiefCoach.train takes 2.871914 seconds ...
[Coach] >>> TRAIN @Epoch: 299  >>>  || LOSS Avg: 0.08344
[Coach] >>> VALID @Epoch: 299  >>> 
[Coach] >>> TEST  @Epoch: 299  >>> 
[Wall TIME] >>> ChiefCoach.train takes 2.880894 seconds ...
[Wall TIME] >>> ChiefCoach.valid takes 0.676689 seconds ...
[Coach] >>> TRAIN @Epoch: 300  >>>  || LOSS Avg: 0.08343
[Coach] >>> VALID @Epoch: 300  >>>  || RECALL@1 Avg: 0.0113 || RECALL@10 Avg: 0.0620 || RECALL@20 Avg: 0.0949 || NDCG@10 Avg: 0.0327 || NDCG@20 Avg: 0.0411
[Coach] >>> TEST  @Epoch: 300  >>> 
[Wall TIME] >>> ChiefCoach.train takes 2.855411 seconds ...
[Coach] >>> TRAIN @Epoch: 301  >>>  || LOSS Avg: 0.08318
[Coach] >>> VALID @Epoch: 301  >>> 
[Coach] >>> TEST  @Epoch: 301  >>> 
[Wall TIME] >>> ChiefCoach.train takes 2.800059 seconds ...
[Coach] >>> TRAIN @Epoch: 302  >>>  || LOSS Avg: 0.08365
[Coach] >>> VALID @Epoch: 302  >>> 
[Coach] >>> TEST  @Epoch: 302  >>> 
[Wall TIME] >>> ChiefCoach.train takes 2.861269 seconds ...
[Coach] >>> TRAIN @Epoch: 303  >>>  || LOSS Avg: 0.08344
[Coach] >>> VALID @Epoch: 303  >>> 
[Coach] >>> TEST  @Epoch: 303  >>> 
[Wall TIME] >>> ChiefCoach.train takes 2.887657 seconds ...
[Coach] >>> TRAIN @Epoch: 304  >>>  || LOSS Avg: 0.08323
[Coach] >>> VALID @Epoch: 304  >>> 
[Coach] >>> TEST  @Epoch: 304  >>> 
[Wall TIME] >>> ChiefCoach.train takes 2.836377 seconds ...
[Wall TIME] >>> ChiefCoach.valid takes 0.664349 seconds ...
[Coach] >>> TRAIN @Epoch: 305  >>>  || LOSS Avg: 0.08303
[Coach] >>> VALID @Epoch: 305  >>>  || RECALL@1 Avg: 0.0114 || RECALL@10 Avg: 0.0624 || RECALL@20 Avg: 0.0952 || NDCG@10 Avg: 0.0330 || NDCG@20 Avg: 0.0414
[Coach] >>> TEST  @Epoch: 305  >>> 
[Wall TIME] >>> ChiefCoach.train takes 2.822524 seconds ...
[Coach] >>> TRAIN @Epoch: 306  >>>  || LOSS Avg: 0.08303
[Coach] >>> VALID @Epoch: 306  >>> 
[Coach] >>> TEST  @Epoch: 306  >>> 
[Wall TIME] >>> ChiefCoach.train takes 2.894332 seconds ...
[Coach] >>> TRAIN @Epoch: 307  >>>  || LOSS Avg: 0.08291
[Coach] >>> VALID @Epoch: 307  >>> 
[Coach] >>> TEST  @Epoch: 307  >>> 
[Wall TIME] >>> ChiefCoach.train takes 2.844540 seconds ...
[Coach] >>> TRAIN @Epoch: 308  >>>  || LOSS Avg: 0.08377
[Coach] >>> VALID @Epoch: 308  >>> 
[Coach] >>> TEST  @Epoch: 308  >>> 
[Wall TIME] >>> ChiefCoach.train takes 2.849907 seconds ...
[Coach] >>> TRAIN @Epoch: 309  >>>  || LOSS Avg: 0.08326
[Coach] >>> VALID @Epoch: 309  >>> 
[Coach] >>> TEST  @Epoch: 309  >>> 
[Wall TIME] >>> ChiefCoach.train takes 2.929198 seconds ...
[Wall TIME] >>> ChiefCoach.valid takes 0.658658 seconds ...
[Coach] >>> TRAIN @Epoch: 310  >>>  || LOSS Avg: 0.08343
[Coach] >>> VALID @Epoch: 310  >>>  || RECALL@1 Avg: 0.0120 || RECALL@10 Avg: 0.0628 || RECALL@20 Avg: 0.0953 || NDCG@10 Avg: 0.0335 || NDCG@20 Avg: 0.0417
[Coach] >>> TEST  @Epoch: 310  >>> 
[Wall TIME] >>> ChiefCoach.train takes 2.883683 seconds ...
[Coach] >>> TRAIN @Epoch: 311  >>>  || LOSS Avg: 0.08301
[Coach] >>> VALID @Epoch: 311  >>> 
[Coach] >>> TEST  @Epoch: 311  >>> 
[Wall TIME] >>> ChiefCoach.train takes 2.846294 seconds ...
[Coach] >>> TRAIN @Epoch: 312  >>>  || LOSS Avg: 0.08276
[Coach] >>> VALID @Epoch: 312  >>> 
[Coach] >>> TEST  @Epoch: 312  >>> 
[Wall TIME] >>> ChiefCoach.train takes 2.819733 seconds ...
[Coach] >>> TRAIN @Epoch: 313  >>>  || LOSS Avg: 0.08311
[Coach] >>> VALID @Epoch: 313  >>> 
[Coach] >>> TEST  @Epoch: 313  >>> 
[Wall TIME] >>> ChiefCoach.train takes 2.853502 seconds ...
[Coach] >>> TRAIN @Epoch: 314  >>>  || LOSS Avg: 0.08290
[Coach] >>> VALID @Epoch: 314  >>> 
[Coach] >>> TEST  @Epoch: 314  >>> 
[Wall TIME] >>> ChiefCoach.train takes 3.477090 seconds ...
[Wall TIME] >>> ChiefCoach.valid takes 0.670124 seconds ...
[Coach] >>> TRAIN @Epoch: 315  >>>  || LOSS Avg: 0.08273
[Coach] >>> VALID @Epoch: 315  >>>  || RECALL@1 Avg: 0.0120 || RECALL@10 Avg: 0.0634 || RECALL@20 Avg: 0.0947 || NDCG@10 Avg: 0.0335 || NDCG@20 Avg: 0.0415
[Coach] >>> TEST  @Epoch: 315  >>> 
[Wall TIME] >>> ChiefCoach.train takes 2.815083 seconds ...
[Coach] >>> TRAIN @Epoch: 316  >>>  || LOSS Avg: 0.08317
[Coach] >>> VALID @Epoch: 316  >>> 
[Coach] >>> TEST  @Epoch: 316  >>> 
[Wall TIME] >>> ChiefCoach.train takes 2.849801 seconds ...
[Coach] >>> TRAIN @Epoch: 317  >>>  || LOSS Avg: 0.08298
[Coach] >>> VALID @Epoch: 317  >>> 
[Coach] >>> TEST  @Epoch: 317  >>> 
[Wall TIME] >>> ChiefCoach.train takes 2.825012 seconds ...
[Coach] >>> TRAIN @Epoch: 318  >>>  || LOSS Avg: 0.08300
[Coach] >>> VALID @Epoch: 318  >>> 
[Coach] >>> TEST  @Epoch: 318  >>> 
[Wall TIME] >>> ChiefCoach.train takes 2.854317 seconds ...
[Coach] >>> TRAIN @Epoch: 319  >>>  || LOSS Avg: 0.08270
[Coach] >>> VALID @Epoch: 319  >>> 
[Coach] >>> TEST  @Epoch: 319  >>> 
[Wall TIME] >>> ChiefCoach.train takes 2.903972 seconds ...
[Wall TIME] >>> ChiefCoach.valid takes 0.676042 seconds ...
[Coach] >>> TRAIN @Epoch: 320  >>>  || LOSS Avg: 0.08278
[Coach] >>> VALID @Epoch: 320  >>>  || RECALL@1 Avg: 0.0118 || RECALL@10 Avg: 0.0628 || RECALL@20 Avg: 0.0958 || NDCG@10 Avg: 0.0334 || NDCG@20 Avg: 0.0418
[Coach] >>> TEST  @Epoch: 320  >>> 
[Wall TIME] >>> ChiefCoach.train takes 2.813878 seconds ...
[Coach] >>> TRAIN @Epoch: 321  >>>  || LOSS Avg: 0.08278
[Coach] >>> VALID @Epoch: 321  >>> 
[Coach] >>> TEST  @Epoch: 321  >>> 
[Wall TIME] >>> ChiefCoach.train takes 2.810309 seconds ...
[Coach] >>> TRAIN @Epoch: 322  >>>  || LOSS Avg: 0.08273
[Coach] >>> VALID @Epoch: 322  >>> 
[Coach] >>> TEST  @Epoch: 322  >>> 
[Wall TIME] >>> ChiefCoach.train takes 2.883429 seconds ...
[Coach] >>> TRAIN @Epoch: 323  >>>  || LOSS Avg: 0.08268
[Coach] >>> VALID @Epoch: 323  >>> 
[Coach] >>> TEST  @Epoch: 323  >>> 
[Wall TIME] >>> ChiefCoach.train takes 2.817971 seconds ...
[Coach] >>> TRAIN @Epoch: 324  >>>  || LOSS Avg: 0.08256
[Coach] >>> VALID @Epoch: 324  >>> 
[Coach] >>> TEST  @Epoch: 324  >>> 
[Wall TIME] >>> ChiefCoach.train takes 2.794445 seconds ...
[Wall TIME] >>> ChiefCoach.valid takes 0.688608 seconds ...
[Coach] >>> TRAIN @Epoch: 325  >>>  || LOSS Avg: 0.08265
[Coach] >>> VALID @Epoch: 325  >>>  || RECALL@1 Avg: 0.0118 || RECALL@10 Avg: 0.0623 || RECALL@20 Avg: 0.0956 || NDCG@10 Avg: 0.0333 || NDCG@20 Avg: 0.0417
[Coach] >>> TEST  @Epoch: 325  >>> 
[Wall TIME] >>> ChiefCoach.train takes 2.816872 seconds ...
[Coach] >>> TRAIN @Epoch: 326  >>>  || LOSS Avg: 0.08317
[Coach] >>> VALID @Epoch: 326  >>> 
[Coach] >>> TEST  @Epoch: 326  >>> 
[Wall TIME] >>> ChiefCoach.train takes 2.833801 seconds ...
[Coach] >>> TRAIN @Epoch: 327  >>>  || LOSS Avg: 0.08259
[Coach] >>> VALID @Epoch: 327  >>> 
[Coach] >>> TEST  @Epoch: 327  >>> 
[Wall TIME] >>> ChiefCoach.train takes 2.775964 seconds ...
[Coach] >>> TRAIN @Epoch: 328  >>>  || LOSS Avg: 0.08235
[Coach] >>> VALID @Epoch: 328  >>> 
[Coach] >>> TEST  @Epoch: 328  >>> 
[Wall TIME] >>> ChiefCoach.train takes 2.858569 seconds ...
[Coach] >>> TRAIN @Epoch: 329  >>>  || LOSS Avg: 0.08266
[Coach] >>> VALID @Epoch: 329  >>> 
[Coach] >>> TEST  @Epoch: 329  >>> 
[Wall TIME] >>> ChiefCoach.train takes 2.855579 seconds ...
[Wall TIME] >>> ChiefCoach.valid takes 0.671080 seconds ...
[Coach] >>> TRAIN @Epoch: 330  >>>  || LOSS Avg: 0.08225
[Coach] >>> VALID @Epoch: 330  >>>  || RECALL@1 Avg: 0.0119 || RECALL@10 Avg: 0.0628 || RECALL@20 Avg: 0.0954 || NDCG@10 Avg: 0.0334 || NDCG@20 Avg: 0.0417
[Coach] >>> TEST  @Epoch: 330  >>> 
[Wall TIME] >>> ChiefCoach.train takes 2.853862 seconds ...
[Coach] >>> TRAIN @Epoch: 331  >>>  || LOSS Avg: 0.08219
[Coach] >>> VALID @Epoch: 331  >>> 
[Coach] >>> TEST  @Epoch: 331  >>> 
[Wall TIME] >>> ChiefCoach.train takes 2.803750 seconds ...
[Coach] >>> TRAIN @Epoch: 332  >>>  || LOSS Avg: 0.08285
[Coach] >>> VALID @Epoch: 332  >>> 
[Coach] >>> TEST  @Epoch: 332  >>> 
[Wall TIME] >>> ChiefCoach.train takes 2.823155 seconds ...
[Coach] >>> TRAIN @Epoch: 333  >>>  || LOSS Avg: 0.08243
[Coach] >>> VALID @Epoch: 333  >>> 
[Coach] >>> TEST  @Epoch: 333  >>> 
[Wall TIME] >>> ChiefCoach.train takes 2.762846 seconds ...
[Coach] >>> TRAIN @Epoch: 334  >>>  || LOSS Avg: 0.08271
[Coach] >>> VALID @Epoch: 334  >>> 
[Coach] >>> TEST  @Epoch: 334  >>> 
[Wall TIME] >>> ChiefCoach.train takes 3.224703 seconds ...
[Wall TIME] >>> ChiefCoach.valid takes 0.672910 seconds ...
[Coach] >>> TRAIN @Epoch: 335  >>>  || LOSS Avg: 0.08220
[Coach] >>> VALID @Epoch: 335  >>>  || RECALL@1 Avg: 0.0121 || RECALL@10 Avg: 0.0630 || RECALL@20 Avg: 0.0947 || NDCG@10 Avg: 0.0336 || NDCG@20 Avg: 0.0417
[Coach] >>> TEST  @Epoch: 335  >>> 
[Wall TIME] >>> ChiefCoach.train takes 2.859030 seconds ...
[Coach] >>> TRAIN @Epoch: 336  >>>  || LOSS Avg: 0.08251
[Coach] >>> VALID @Epoch: 336  >>> 
[Coach] >>> TEST  @Epoch: 336  >>> 
[Wall TIME] >>> ChiefCoach.train takes 2.836688 seconds ...
[Coach] >>> TRAIN @Epoch: 337  >>>  || LOSS Avg: 0.08231
[Coach] >>> VALID @Epoch: 337  >>> 
[Coach] >>> TEST  @Epoch: 337  >>> 
[Wall TIME] >>> ChiefCoach.train takes 2.851337 seconds ...
[Coach] >>> TRAIN @Epoch: 338  >>>  || LOSS Avg: 0.08259
[Coach] >>> VALID @Epoch: 338  >>> 
[Coach] >>> TEST  @Epoch: 338  >>> 
[Wall TIME] >>> ChiefCoach.train takes 2.859435 seconds ...
[Coach] >>> TRAIN @Epoch: 339  >>>  || LOSS Avg: 0.08245
[Coach] >>> VALID @Epoch: 339  >>> 
[Coach] >>> TEST  @Epoch: 339  >>> 
[Wall TIME] >>> ChiefCoach.train takes 2.868531 seconds ...
[Wall TIME] >>> ChiefCoach.valid takes 0.650916 seconds ...
[Coach] >>> TRAIN @Epoch: 340  >>>  || LOSS Avg: 0.08244
[Coach] >>> VALID @Epoch: 340  >>>  || RECALL@1 Avg: 0.0122 || RECALL@10 Avg: 0.0626 || RECALL@20 Avg: 0.0945 || NDCG@10 Avg: 0.0335 || NDCG@20 Avg: 0.0417
[Coach] >>> TEST  @Epoch: 340  >>> 
[Wall TIME] >>> ChiefCoach.train takes 2.861053 seconds ...
[Coach] >>> TRAIN @Epoch: 341  >>>  || LOSS Avg: 0.08222
[Coach] >>> VALID @Epoch: 341  >>> 
[Coach] >>> TEST  @Epoch: 341  >>> 
[Wall TIME] >>> ChiefCoach.train takes 2.876930 seconds ...
[Coach] >>> TRAIN @Epoch: 342  >>>  || LOSS Avg: 0.08208
[Coach] >>> VALID @Epoch: 342  >>> 
[Coach] >>> TEST  @Epoch: 342  >>> 
[Wall TIME] >>> ChiefCoach.train takes 2.832347 seconds ...
[Coach] >>> TRAIN @Epoch: 343  >>>  || LOSS Avg: 0.08282
[Coach] >>> VALID @Epoch: 343  >>> 
[Coach] >>> TEST  @Epoch: 343  >>> 
[Wall TIME] >>> ChiefCoach.train takes 2.842440 seconds ...
[Coach] >>> TRAIN @Epoch: 344  >>>  || LOSS Avg: 0.08237
[Coach] >>> VALID @Epoch: 344  >>> 
[Coach] >>> TEST  @Epoch: 344  >>> 
[Wall TIME] >>> ChiefCoach.train takes 2.800920 seconds ...
[Wall TIME] >>> ChiefCoach.valid takes 0.667334 seconds ...
[Coach] >>> TRAIN @Epoch: 345  >>>  || LOSS Avg: 0.08271
[Coach] >>> VALID @Epoch: 345  >>>  || RECALL@1 Avg: 0.0119 || RECALL@10 Avg: 0.0626 || RECALL@20 Avg: 0.0951 || NDCG@10 Avg: 0.0332 || NDCG@20 Avg: 0.0415
[Coach] >>> TEST  @Epoch: 345  >>> 
[Wall TIME] >>> ChiefCoach.train takes 2.893328 seconds ...
[Coach] >>> TRAIN @Epoch: 346  >>>  || LOSS Avg: 0.08206
[Coach] >>> VALID @Epoch: 346  >>> 
[Coach] >>> TEST  @Epoch: 346  >>> 
[Wall TIME] >>> ChiefCoach.train takes 2.829126 seconds ...
[Coach] >>> TRAIN @Epoch: 347  >>>  || LOSS Avg: 0.08263
[Coach] >>> VALID @Epoch: 347  >>> 
[Coach] >>> TEST  @Epoch: 347  >>> 
[Wall TIME] >>> ChiefCoach.train takes 2.813635 seconds ...
[Coach] >>> TRAIN @Epoch: 348  >>>  || LOSS Avg: 0.08210
[Coach] >>> VALID @Epoch: 348  >>> 
[Coach] >>> TEST  @Epoch: 348  >>> 
[Wall TIME] >>> ChiefCoach.train takes 2.836704 seconds ...
[Coach] >>> TRAIN @Epoch: 349  >>>  || LOSS Avg: 0.08207
[Coach] >>> VALID @Epoch: 349  >>> 
[Coach] >>> TEST  @Epoch: 349  >>> 
[Wall TIME] >>> ChiefCoach.train takes 2.833137 seconds ...
[Wall TIME] >>> ChiefCoach.valid takes 0.665379 seconds ...
[Coach] >>> TRAIN @Epoch: 350  >>>  || LOSS Avg: 0.08210
[Coach] >>> VALID @Epoch: 350  >>>  || RECALL@1 Avg: 0.0122 || RECALL@10 Avg: 0.0627 || RECALL@20 Avg: 0.0960 || NDCG@10 Avg: 0.0334 || NDCG@20 Avg: 0.0419
[Coach] >>> TEST  @Epoch: 350  >>> 
[Wall TIME] >>> ChiefCoach.train takes 2.885804 seconds ...
[Coach] >>> TRAIN @Epoch: 351  >>>  || LOSS Avg: 0.08223
[Coach] >>> VALID @Epoch: 351  >>> 
[Coach] >>> TEST  @Epoch: 351  >>> 
[Wall TIME] >>> ChiefCoach.train takes 2.818165 seconds ...
[Coach] >>> TRAIN @Epoch: 352  >>>  || LOSS Avg: 0.08193
[Coach] >>> VALID @Epoch: 352  >>> 
[Coach] >>> TEST  @Epoch: 352  >>> 
[Wall TIME] >>> ChiefCoach.train takes 2.877528 seconds ...
[Coach] >>> TRAIN @Epoch: 353  >>>  || LOSS Avg: 0.08215
[Coach] >>> VALID @Epoch: 353  >>> 
[Coach] >>> TEST  @Epoch: 353  >>> 
[Wall TIME] >>> ChiefCoach.train takes 2.828392 seconds ...
[Coach] >>> TRAIN @Epoch: 354  >>>  || LOSS Avg: 0.08177
[Coach] >>> VALID @Epoch: 354  >>> 
[Coach] >>> TEST  @Epoch: 354  >>> 
[Wall TIME] >>> ChiefCoach.train takes 3.229243 seconds ...
[Wall TIME] >>> ChiefCoach.valid takes 0.681161 seconds ...
[Coach] >>> TRAIN @Epoch: 355  >>>  || LOSS Avg: 0.08192
[Coach] >>> VALID @Epoch: 355  >>>  || RECALL@1 Avg: 0.0118 || RECALL@10 Avg: 0.0623 || RECALL@20 Avg: 0.0963 || NDCG@10 Avg: 0.0332 || NDCG@20 Avg: 0.0419
[Coach] >>> TEST  @Epoch: 355  >>> 
[Wall TIME] >>> ChiefCoach.train takes 2.825088 seconds ...
[Coach] >>> TRAIN @Epoch: 356  >>>  || LOSS Avg: 0.08229
[Coach] >>> VALID @Epoch: 356  >>> 
[Coach] >>> TEST  @Epoch: 356  >>> 
[Wall TIME] >>> ChiefCoach.train takes 2.839765 seconds ...
[Coach] >>> TRAIN @Epoch: 357  >>>  || LOSS Avg: 0.08208
[Coach] >>> VALID @Epoch: 357  >>> 
[Coach] >>> TEST  @Epoch: 357  >>> 
[Wall TIME] >>> ChiefCoach.train takes 2.799622 seconds ...
[Coach] >>> TRAIN @Epoch: 358  >>>  || LOSS Avg: 0.08197
[Coach] >>> VALID @Epoch: 358  >>> 
[Coach] >>> TEST  @Epoch: 358  >>> 
[Wall TIME] >>> ChiefCoach.train takes 2.833594 seconds ...
[Coach] >>> TRAIN @Epoch: 359  >>>  || LOSS Avg: 0.08180
[Coach] >>> VALID @Epoch: 359  >>> 
[Coach] >>> TEST  @Epoch: 359  >>> 
[Wall TIME] >>> ChiefCoach.train takes 2.802572 seconds ...
[Wall TIME] >>> ChiefCoach.valid takes 0.677445 seconds ...
[Coach] >>> TRAIN @Epoch: 360  >>>  || LOSS Avg: 0.08180
[Coach] >>> VALID @Epoch: 360  >>>  || RECALL@1 Avg: 0.0117 || RECALL@10 Avg: 0.0622 || RECALL@20 Avg: 0.0957 || NDCG@10 Avg: 0.0333 || NDCG@20 Avg: 0.0418
[Coach] >>> TEST  @Epoch: 360  >>> 
[Wall TIME] >>> ChiefCoach.train takes 2.847437 seconds ...
[Coach] >>> TRAIN @Epoch: 361  >>>  || LOSS Avg: 0.08189
[Coach] >>> VALID @Epoch: 361  >>> 
[Coach] >>> TEST  @Epoch: 361  >>> 
[Wall TIME] >>> ChiefCoach.train takes 2.862662 seconds ...
[Coach] >>> TRAIN @Epoch: 362  >>>  || LOSS Avg: 0.08154
[Coach] >>> VALID @Epoch: 362  >>> 
[Coach] >>> TEST  @Epoch: 362  >>> 
[Wall TIME] >>> ChiefCoach.train takes 2.914870 seconds ...
[Coach] >>> TRAIN @Epoch: 363  >>>  || LOSS Avg: 0.08148
[Coach] >>> VALID @Epoch: 363  >>> 
[Coach] >>> TEST  @Epoch: 363  >>> 
[Wall TIME] >>> ChiefCoach.train takes 2.838243 seconds ...
[Coach] >>> TRAIN @Epoch: 364  >>>  || LOSS Avg: 0.08224
[Coach] >>> VALID @Epoch: 364  >>> 
[Coach] >>> TEST  @Epoch: 364  >>> 
[Wall TIME] >>> ChiefCoach.train takes 2.812990 seconds ...
[Wall TIME] >>> ChiefCoach.valid takes 0.684761 seconds ...
[Coach] >>> Better ***NDCG@20*** of ***0.0421*** 
[Coach] >>> TRAIN @Epoch: 365  >>>  || LOSS Avg: 0.08167
[Coach] >>> VALID @Epoch: 365  >>>  || RECALL@1 Avg: 0.0117 || RECALL@10 Avg: 0.0614 || RECALL@20 Avg: 0.0970 || NDCG@10 Avg: 0.0330 || NDCG@20 Avg: 0.0421
[Coach] >>> TEST  @Epoch: 365  >>> 
[Wall TIME] >>> ChiefCoach.train takes 2.878032 seconds ...
[Coach] >>> TRAIN @Epoch: 366  >>>  || LOSS Avg: 0.08199
[Coach] >>> VALID @Epoch: 366  >>> 
[Coach] >>> TEST  @Epoch: 366  >>> 
[Wall TIME] >>> ChiefCoach.train takes 2.830503 seconds ...
[Coach] >>> TRAIN @Epoch: 367  >>>  || LOSS Avg: 0.08157
[Coach] >>> VALID @Epoch: 367  >>> 
[Coach] >>> TEST  @Epoch: 367  >>> 
[Wall TIME] >>> ChiefCoach.train takes 2.866723 seconds ...
[Coach] >>> TRAIN @Epoch: 368  >>>  || LOSS Avg: 0.08210
[Coach] >>> VALID @Epoch: 368  >>> 
[Coach] >>> TEST  @Epoch: 368  >>> 
[Wall TIME] >>> ChiefCoach.train takes 2.845740 seconds ...
[Coach] >>> TRAIN @Epoch: 369  >>>  || LOSS Avg: 0.08160
[Coach] >>> VALID @Epoch: 369  >>> 
[Coach] >>> TEST  @Epoch: 369  >>> 
[Wall TIME] >>> ChiefCoach.train takes 2.817058 seconds ...
[Wall TIME] >>> ChiefCoach.valid takes 0.668500 seconds ...
[Coach] >>> TRAIN @Epoch: 370  >>>  || LOSS Avg: 0.08163
[Coach] >>> VALID @Epoch: 370  >>>  || RECALL@1 Avg: 0.0119 || RECALL@10 Avg: 0.0626 || RECALL@20 Avg: 0.0962 || NDCG@10 Avg: 0.0334 || NDCG@20 Avg: 0.0419
[Coach] >>> TEST  @Epoch: 370  >>> 
[Wall TIME] >>> ChiefCoach.train takes 2.817124 seconds ...
[Coach] >>> TRAIN @Epoch: 371  >>>  || LOSS Avg: 0.08172
[Coach] >>> VALID @Epoch: 371  >>> 
[Coach] >>> TEST  @Epoch: 371  >>> 
[Wall TIME] >>> ChiefCoach.train takes 2.856980 seconds ...
[Coach] >>> TRAIN @Epoch: 372  >>>  || LOSS Avg: 0.08160
[Coach] >>> VALID @Epoch: 372  >>> 
[Coach] >>> TEST  @Epoch: 372  >>> 
[Wall TIME] >>> ChiefCoach.train takes 2.809919 seconds ...
[Coach] >>> TRAIN @Epoch: 373  >>>  || LOSS Avg: 0.08213
[Coach] >>> VALID @Epoch: 373  >>> 
[Coach] >>> TEST  @Epoch: 373  >>> 
[Wall TIME] >>> ChiefCoach.train takes 2.826963 seconds ...
[Coach] >>> TRAIN @Epoch: 374  >>>  || LOSS Avg: 0.08141
[Coach] >>> VALID @Epoch: 374  >>> 
[Coach] >>> TEST  @Epoch: 374  >>> 
[Wall TIME] >>> ChiefCoach.train takes 3.269587 seconds ...
[Wall TIME] >>> ChiefCoach.valid takes 0.711023 seconds ...
[Coach] >>> TRAIN @Epoch: 375  >>>  || LOSS Avg: 0.08181
[Coach] >>> VALID @Epoch: 375  >>>  || RECALL@1 Avg: 0.0121 || RECALL@10 Avg: 0.0622 || RECALL@20 Avg: 0.0967 || NDCG@10 Avg: 0.0333 || NDCG@20 Avg: 0.0421
[Coach] >>> TEST  @Epoch: 375  >>> 
[Wall TIME] >>> ChiefCoach.train takes 2.858402 seconds ...
[Coach] >>> TRAIN @Epoch: 376  >>>  || LOSS Avg: 0.08177
[Coach] >>> VALID @Epoch: 376  >>> 
[Coach] >>> TEST  @Epoch: 376  >>> 
[Wall TIME] >>> ChiefCoach.train takes 2.859073 seconds ...
[Coach] >>> TRAIN @Epoch: 377  >>>  || LOSS Avg: 0.08147
[Coach] >>> VALID @Epoch: 377  >>> 
[Coach] >>> TEST  @Epoch: 377  >>> 
[Wall TIME] >>> ChiefCoach.train takes 2.836781 seconds ...
[Coach] >>> TRAIN @Epoch: 378  >>>  || LOSS Avg: 0.08149
[Coach] >>> VALID @Epoch: 378  >>> 
[Coach] >>> TEST  @Epoch: 378  >>> 
[Wall TIME] >>> ChiefCoach.train takes 2.850531 seconds ...
[Coach] >>> TRAIN @Epoch: 379  >>>  || LOSS Avg: 0.08173
[Coach] >>> VALID @Epoch: 379  >>> 
[Coach] >>> TEST  @Epoch: 379  >>> 
[Wall TIME] >>> ChiefCoach.train takes 2.845792 seconds ...
[Wall TIME] >>> ChiefCoach.valid takes 0.661600 seconds ...
[Coach] >>> TRAIN @Epoch: 380  >>>  || LOSS Avg: 0.08166
[Coach] >>> VALID @Epoch: 380  >>>  || RECALL@1 Avg: 0.0116 || RECALL@10 Avg: 0.0624 || RECALL@20 Avg: 0.0963 || NDCG@10 Avg: 0.0332 || NDCG@20 Avg: 0.0418
[Coach] >>> TEST  @Epoch: 380  >>> 
[Wall TIME] >>> ChiefCoach.train takes 2.851177 seconds ...
[Coach] >>> TRAIN @Epoch: 381  >>>  || LOSS Avg: 0.08134
[Coach] >>> VALID @Epoch: 381  >>> 
[Coach] >>> TEST  @Epoch: 381  >>> 
[Wall TIME] >>> ChiefCoach.train takes 2.816191 seconds ...
[Coach] >>> TRAIN @Epoch: 382  >>>  || LOSS Avg: 0.08134
[Coach] >>> VALID @Epoch: 382  >>> 
[Coach] >>> TEST  @Epoch: 382  >>> 
[Wall TIME] >>> ChiefCoach.train takes 2.845342 seconds ...
[Coach] >>> TRAIN @Epoch: 383  >>>  || LOSS Avg: 0.08195
[Coach] >>> VALID @Epoch: 383  >>> 
[Coach] >>> TEST  @Epoch: 383  >>> 
[Wall TIME] >>> ChiefCoach.train takes 2.852330 seconds ...
[Coach] >>> TRAIN @Epoch: 384  >>>  || LOSS Avg: 0.08144
[Coach] >>> VALID @Epoch: 384  >>> 
[Coach] >>> TEST  @Epoch: 384  >>> 
[Wall TIME] >>> ChiefCoach.train takes 2.813506 seconds ...
[Wall TIME] >>> ChiefCoach.valid takes 0.698268 seconds ...
[Coach] >>> TRAIN @Epoch: 385  >>>  || LOSS Avg: 0.08134
[Coach] >>> VALID @Epoch: 385  >>>  || RECALL@1 Avg: 0.0113 || RECALL@10 Avg: 0.0621 || RECALL@20 Avg: 0.0961 || NDCG@10 Avg: 0.0328 || NDCG@20 Avg: 0.0415
[Coach] >>> TEST  @Epoch: 385  >>> 
[Wall TIME] >>> ChiefCoach.train takes 2.854345 seconds ...
[Coach] >>> TRAIN @Epoch: 386  >>>  || LOSS Avg: 0.08168
[Coach] >>> VALID @Epoch: 386  >>> 
[Coach] >>> TEST  @Epoch: 386  >>> 
[Wall TIME] >>> ChiefCoach.train takes 2.879688 seconds ...
[Coach] >>> TRAIN @Epoch: 387  >>>  || LOSS Avg: 0.08157
[Coach] >>> VALID @Epoch: 387  >>> 
[Coach] >>> TEST  @Epoch: 387  >>> 
[Wall TIME] >>> ChiefCoach.train takes 2.813499 seconds ...
[Coach] >>> TRAIN @Epoch: 388  >>>  || LOSS Avg: 0.08204
[Coach] >>> VALID @Epoch: 388  >>> 
[Coach] >>> TEST  @Epoch: 388  >>> 
[Wall TIME] >>> ChiefCoach.train takes 2.851642 seconds ...
[Coach] >>> TRAIN @Epoch: 389  >>>  || LOSS Avg: 0.08172
[Coach] >>> VALID @Epoch: 389  >>> 
[Coach] >>> TEST  @Epoch: 389  >>> 
[Wall TIME] >>> ChiefCoach.train takes 2.836655 seconds ...
[Wall TIME] >>> ChiefCoach.valid takes 0.674627 seconds ...
[Coach] >>> Better ***NDCG@20*** of ***0.0421*** 
[Coach] >>> TRAIN @Epoch: 390  >>>  || LOSS Avg: 0.08134
[Coach] >>> VALID @Epoch: 390  >>>  || RECALL@1 Avg: 0.0122 || RECALL@10 Avg: 0.0624 || RECALL@20 Avg: 0.0962 || NDCG@10 Avg: 0.0335 || NDCG@20 Avg: 0.0421
[Coach] >>> TEST  @Epoch: 390  >>> 
[Wall TIME] >>> ChiefCoach.train takes 2.801562 seconds ...
[Coach] >>> TRAIN @Epoch: 391  >>>  || LOSS Avg: 0.08172
[Coach] >>> VALID @Epoch: 391  >>> 
[Coach] >>> TEST  @Epoch: 391  >>> 
[Wall TIME] >>> ChiefCoach.train takes 2.837547 seconds ...
[Coach] >>> TRAIN @Epoch: 392  >>>  || LOSS Avg: 0.08173
[Coach] >>> VALID @Epoch: 392  >>> 
[Coach] >>> TEST  @Epoch: 392  >>> 
[Wall TIME] >>> ChiefCoach.train takes 2.822978 seconds ...
[Coach] >>> TRAIN @Epoch: 393  >>>  || LOSS Avg: 0.08161
[Coach] >>> VALID @Epoch: 393  >>> 
[Coach] >>> TEST  @Epoch: 393  >>> 
[Wall TIME] >>> ChiefCoach.train takes 2.884280 seconds ...
[Coach] >>> TRAIN @Epoch: 394  >>>  || LOSS Avg: 0.08133
[Coach] >>> VALID @Epoch: 394  >>> 
[Coach] >>> TEST  @Epoch: 394  >>> 
[Wall TIME] >>> ChiefCoach.train takes 2.813696 seconds ...
[Wall TIME] >>> ChiefCoach.valid takes 0.713009 seconds ...
[Coach] >>> TRAIN @Epoch: 395  >>>  || LOSS Avg: 0.08097
[Coach] >>> VALID @Epoch: 395  >>>  || RECALL@1 Avg: 0.0121 || RECALL@10 Avg: 0.0623 || RECALL@20 Avg: 0.0961 || NDCG@10 Avg: 0.0333 || NDCG@20 Avg: 0.0419
[Coach] >>> TEST  @Epoch: 395  >>> 
[Wall TIME] >>> ChiefCoach.train takes 3.415582 seconds ...
[Coach] >>> TRAIN @Epoch: 396  >>>  || LOSS Avg: 0.08130
[Coach] >>> VALID @Epoch: 396  >>> 
[Coach] >>> TEST  @Epoch: 396  >>> 
[Wall TIME] >>> ChiefCoach.train takes 2.815224 seconds ...
[Coach] >>> TRAIN @Epoch: 397  >>>  || LOSS Avg: 0.08151
[Coach] >>> VALID @Epoch: 397  >>> 
[Coach] >>> TEST  @Epoch: 397  >>> 
[Wall TIME] >>> ChiefCoach.train takes 2.883399 seconds ...
[Coach] >>> TRAIN @Epoch: 398  >>>  || LOSS Avg: 0.08119
[Coach] >>> VALID @Epoch: 398  >>> 
[Coach] >>> TEST  @Epoch: 398  >>> 
[Wall TIME] >>> ChiefCoach.train takes 2.890799 seconds ...
[Coach] >>> TRAIN @Epoch: 399  >>>  || LOSS Avg: 0.08123
[Coach] >>> VALID @Epoch: 399  >>> 
[Coach] >>> TEST  @Epoch: 399  >>> 
[Wall TIME] >>> ChiefCoach.train takes 2.831946 seconds ...
[Wall TIME] >>> ChiefCoach.valid takes 0.681771 seconds ...
[Coach] >>> Better ***NDCG@20*** of ***0.0421*** 
[Coach] >>> TRAIN @Epoch: 400  >>>  || LOSS Avg: 0.08128
[Coach] >>> VALID @Epoch: 400  >>>  || RECALL@1 Avg: 0.0119 || RECALL@10 Avg: 0.0626 || RECALL@20 Avg: 0.0970 || NDCG@10 Avg: 0.0334 || NDCG@20 Avg: 0.0421
[Coach] >>> TEST  @Epoch: 400  >>> 
[Wall TIME] >>> ChiefCoach.train takes 2.864263 seconds ...
[Coach] >>> TRAIN @Epoch: 401  >>>  || LOSS Avg: 0.08150
[Coach] >>> VALID @Epoch: 401  >>> 
[Coach] >>> TEST  @Epoch: 401  >>> 
[Wall TIME] >>> ChiefCoach.train takes 2.855141 seconds ...
[Coach] >>> TRAIN @Epoch: 402  >>>  || LOSS Avg: 0.08090
[Coach] >>> VALID @Epoch: 402  >>> 
[Coach] >>> TEST  @Epoch: 402  >>> 
[Wall TIME] >>> ChiefCoach.train takes 2.755693 seconds ...
[Coach] >>> TRAIN @Epoch: 403  >>>  || LOSS Avg: 0.08102
[Coach] >>> VALID @Epoch: 403  >>> 
[Coach] >>> TEST  @Epoch: 403  >>> 
[Wall TIME] >>> ChiefCoach.train takes 2.794479 seconds ...
[Coach] >>> TRAIN @Epoch: 404  >>>  || LOSS Avg: 0.08126
[Coach] >>> VALID @Epoch: 404  >>> 
[Coach] >>> TEST  @Epoch: 404  >>> 
[Wall TIME] >>> ChiefCoach.train takes 2.880409 seconds ...
[Wall TIME] >>> ChiefCoach.valid takes 0.672995 seconds ...
[Coach] >>> TRAIN @Epoch: 405  >>>  || LOSS Avg: 0.08115
[Coach] >>> VALID @Epoch: 405  >>>  || RECALL@1 Avg: 0.0120 || RECALL@10 Avg: 0.0618 || RECALL@20 Avg: 0.0968 || NDCG@10 Avg: 0.0330 || NDCG@20 Avg: 0.0419
[Coach] >>> TEST  @Epoch: 405  >>> 
[Wall TIME] >>> ChiefCoach.train takes 2.800528 seconds ...
[Coach] >>> TRAIN @Epoch: 406  >>>  || LOSS Avg: 0.08093
[Coach] >>> VALID @Epoch: 406  >>> 
[Coach] >>> TEST  @Epoch: 406  >>> 
[Wall TIME] >>> ChiefCoach.train takes 2.833475 seconds ...
[Coach] >>> TRAIN @Epoch: 407  >>>  || LOSS Avg: 0.08070
[Coach] >>> VALID @Epoch: 407  >>> 
[Coach] >>> TEST  @Epoch: 407  >>> 
[Wall TIME] >>> ChiefCoach.train takes 2.845116 seconds ...
[Coach] >>> TRAIN @Epoch: 408  >>>  || LOSS Avg: 0.08120
[Coach] >>> VALID @Epoch: 408  >>> 
[Coach] >>> TEST  @Epoch: 408  >>> 
[Wall TIME] >>> ChiefCoach.train takes 2.901382 seconds ...
[Coach] >>> TRAIN @Epoch: 409  >>>  || LOSS Avg: 0.08093
[Coach] >>> VALID @Epoch: 409  >>> 
[Coach] >>> TEST  @Epoch: 409  >>> 
[Wall TIME] >>> ChiefCoach.train takes 2.820274 seconds ...
[Wall TIME] >>> ChiefCoach.valid takes 0.683497 seconds ...
[Coach] >>> TRAIN @Epoch: 410  >>>  || LOSS Avg: 0.08166
[Coach] >>> VALID @Epoch: 410  >>>  || RECALL@1 Avg: 0.0118 || RECALL@10 Avg: 0.0618 || RECALL@20 Avg: 0.0962 || NDCG@10 Avg: 0.0330 || NDCG@20 Avg: 0.0418
[Coach] >>> TEST  @Epoch: 410  >>> 
[Wall TIME] >>> ChiefCoach.train takes 2.888043 seconds ...
[Coach] >>> TRAIN @Epoch: 411  >>>  || LOSS Avg: 0.08135
[Coach] >>> VALID @Epoch: 411  >>> 
[Coach] >>> TEST  @Epoch: 411  >>> 
[Wall TIME] >>> ChiefCoach.train takes 2.901981 seconds ...
[Coach] >>> TRAIN @Epoch: 412  >>>  || LOSS Avg: 0.08148
[Coach] >>> VALID @Epoch: 412  >>> 
[Coach] >>> TEST  @Epoch: 412  >>> 
[Wall TIME] >>> ChiefCoach.train takes 2.819941 seconds ...
[Coach] >>> TRAIN @Epoch: 413  >>>  || LOSS Avg: 0.08127
[Coach] >>> VALID @Epoch: 413  >>> 
[Coach] >>> TEST  @Epoch: 413  >>> 
[Wall TIME] >>> ChiefCoach.train takes 2.847135 seconds ...
[Coach] >>> TRAIN @Epoch: 414  >>>  || LOSS Avg: 0.08189
[Coach] >>> VALID @Epoch: 414  >>> 
[Coach] >>> TEST  @Epoch: 414  >>> 
[Wall TIME] >>> ChiefCoach.train takes 2.897000 seconds ...
[Wall TIME] >>> ChiefCoach.valid takes 0.666924 seconds ...
[Coach] >>> TRAIN @Epoch: 415  >>>  || LOSS Avg: 0.08099
[Coach] >>> VALID @Epoch: 415  >>>  || RECALL@1 Avg: 0.0118 || RECALL@10 Avg: 0.0609 || RECALL@20 Avg: 0.0961 || NDCG@10 Avg: 0.0328 || NDCG@20 Avg: 0.0417
[Coach] >>> TEST  @Epoch: 415  >>> 
[Wall TIME] >>> ChiefCoach.train takes 3.200529 seconds ...
[Coach] >>> TRAIN @Epoch: 416  >>>  || LOSS Avg: 0.08097
[Coach] >>> VALID @Epoch: 416  >>> 
[Coach] >>> TEST  @Epoch: 416  >>> 
[Wall TIME] >>> ChiefCoach.train takes 2.838382 seconds ...
[Coach] >>> TRAIN @Epoch: 417  >>>  || LOSS Avg: 0.08126
[Coach] >>> VALID @Epoch: 417  >>> 
[Coach] >>> TEST  @Epoch: 417  >>> 
[Wall TIME] >>> ChiefCoach.train takes 2.837100 seconds ...
[Coach] >>> TRAIN @Epoch: 418  >>>  || LOSS Avg: 0.08156
[Coach] >>> VALID @Epoch: 418  >>> 
[Coach] >>> TEST  @Epoch: 418  >>> 
[Wall TIME] >>> ChiefCoach.train takes 2.812181 seconds ...
[Coach] >>> TRAIN @Epoch: 419  >>>  || LOSS Avg: 0.08161
[Coach] >>> VALID @Epoch: 419  >>> 
[Coach] >>> TEST  @Epoch: 419  >>> 
[Wall TIME] >>> ChiefCoach.train takes 2.812975 seconds ...
[Wall TIME] >>> ChiefCoach.valid takes 0.669208 seconds ...
[Coach] >>> TRAIN @Epoch: 420  >>>  || LOSS Avg: 0.08133
[Coach] >>> VALID @Epoch: 420  >>>  || RECALL@1 Avg: 0.0117 || RECALL@10 Avg: 0.0605 || RECALL@20 Avg: 0.0959 || NDCG@10 Avg: 0.0326 || NDCG@20 Avg: 0.0416
[Coach] >>> TEST  @Epoch: 420  >>> 
[Wall TIME] >>> ChiefCoach.train takes 2.797403 seconds ...
[Coach] >>> TRAIN @Epoch: 421  >>>  || LOSS Avg: 0.08129
[Coach] >>> VALID @Epoch: 421  >>> 
[Coach] >>> TEST  @Epoch: 421  >>> 
[Wall TIME] >>> ChiefCoach.train takes 2.896171 seconds ...
[Coach] >>> TRAIN @Epoch: 422  >>>  || LOSS Avg: 0.08112
[Coach] >>> VALID @Epoch: 422  >>> 
[Coach] >>> TEST  @Epoch: 422  >>> 
[Wall TIME] >>> ChiefCoach.train takes 2.833053 seconds ...
[Coach] >>> TRAIN @Epoch: 423  >>>  || LOSS Avg: 0.08124
[Coach] >>> VALID @Epoch: 423  >>> 
[Coach] >>> TEST  @Epoch: 423  >>> 
[Wall TIME] >>> ChiefCoach.train takes 2.826866 seconds ...
[Coach] >>> TRAIN @Epoch: 424  >>>  || LOSS Avg: 0.08113
[Coach] >>> VALID @Epoch: 424  >>> 
[Coach] >>> TEST  @Epoch: 424  >>> 
[Wall TIME] >>> ChiefCoach.train takes 2.860500 seconds ...
[Wall TIME] >>> ChiefCoach.valid takes 0.685227 seconds ...
[Coach] >>> TRAIN @Epoch: 425  >>>  || LOSS Avg: 0.08121
[Coach] >>> VALID @Epoch: 425  >>>  || RECALL@1 Avg: 0.0117 || RECALL@10 Avg: 0.0610 || RECALL@20 Avg: 0.0960 || NDCG@10 Avg: 0.0327 || NDCG@20 Avg: 0.0416
[Coach] >>> TEST  @Epoch: 425  >>> 
[Wall TIME] >>> ChiefCoach.train takes 2.844721 seconds ...
[Coach] >>> TRAIN @Epoch: 426  >>>  || LOSS Avg: 0.08098
[Coach] >>> VALID @Epoch: 426  >>> 
[Coach] >>> TEST  @Epoch: 426  >>> 
[Wall TIME] >>> ChiefCoach.train takes 2.822414 seconds ...
[Coach] >>> TRAIN @Epoch: 427  >>>  || LOSS Avg: 0.08150
[Coach] >>> VALID @Epoch: 427  >>> 
[Coach] >>> TEST  @Epoch: 427  >>> 
[Wall TIME] >>> ChiefCoach.train takes 2.909073 seconds ...
[Coach] >>> TRAIN @Epoch: 428  >>>  || LOSS Avg: 0.08100
[Coach] >>> VALID @Epoch: 428  >>> 
[Coach] >>> TEST  @Epoch: 428  >>> 
[Wall TIME] >>> ChiefCoach.train takes 2.822563 seconds ...
[Coach] >>> TRAIN @Epoch: 429  >>>  || LOSS Avg: 0.08129
[Coach] >>> VALID @Epoch: 429  >>> 
[Coach] >>> TEST  @Epoch: 429  >>> 
[Wall TIME] >>> ChiefCoach.train takes 2.860570 seconds ...
[Wall TIME] >>> ChiefCoach.valid takes 0.665418 seconds ...
[Coach] >>> TRAIN @Epoch: 430  >>>  || LOSS Avg: 0.08108
[Coach] >>> VALID @Epoch: 430  >>>  || RECALL@1 Avg: 0.0119 || RECALL@10 Avg: 0.0611 || RECALL@20 Avg: 0.0957 || NDCG@10 Avg: 0.0328 || NDCG@20 Avg: 0.0416
[Coach] >>> TEST  @Epoch: 430  >>> 
[Wall TIME] >>> ChiefCoach.train takes 2.819619 seconds ...
[Coach] >>> TRAIN @Epoch: 431  >>>  || LOSS Avg: 0.08081
[Coach] >>> VALID @Epoch: 431  >>> 
[Coach] >>> TEST  @Epoch: 431  >>> 
[Wall TIME] >>> ChiefCoach.train takes 2.862746 seconds ...
[Coach] >>> TRAIN @Epoch: 432  >>>  || LOSS Avg: 0.08089
[Coach] >>> VALID @Epoch: 432  >>> 
[Coach] >>> TEST  @Epoch: 432  >>> 
[Wall TIME] >>> ChiefCoach.train takes 2.815693 seconds ...
[Coach] >>> TRAIN @Epoch: 433  >>>  || LOSS Avg: 0.08114
[Coach] >>> VALID @Epoch: 433  >>> 
[Coach] >>> TEST  @Epoch: 433  >>> 
[Wall TIME] >>> ChiefCoach.train takes 2.849354 seconds ...
[Coach] >>> TRAIN @Epoch: 434  >>>  || LOSS Avg: 0.08103
[Coach] >>> VALID @Epoch: 434  >>> 
[Coach] >>> TEST  @Epoch: 434  >>> 
[Wall TIME] >>> ChiefCoach.train takes 2.870924 seconds ...
[Wall TIME] >>> ChiefCoach.valid takes 0.673613 seconds ...
[Coach] >>> TRAIN @Epoch: 435  >>>  || LOSS Avg: 0.08102
[Coach] >>> VALID @Epoch: 435  >>>  || RECALL@1 Avg: 0.0117 || RECALL@10 Avg: 0.0612 || RECALL@20 Avg: 0.0964 || NDCG@10 Avg: 0.0326 || NDCG@20 Avg: 0.0416
[Coach] >>> TEST  @Epoch: 435  >>> 
[Wall TIME] >>> ChiefCoach.train takes 2.844568 seconds ...
[Coach] >>> TRAIN @Epoch: 436  >>>  || LOSS Avg: 0.08108
[Coach] >>> VALID @Epoch: 436  >>> 
[Coach] >>> TEST  @Epoch: 436  >>> 
[Wall TIME] >>> ChiefCoach.train takes 3.372275 seconds ...
[Coach] >>> TRAIN @Epoch: 437  >>>  || LOSS Avg: 0.08116
[Coach] >>> VALID @Epoch: 437  >>> 
[Coach] >>> TEST  @Epoch: 437  >>> 
[Wall TIME] >>> ChiefCoach.train takes 2.848946 seconds ...
[Coach] >>> TRAIN @Epoch: 438  >>>  || LOSS Avg: 0.08164
[Coach] >>> VALID @Epoch: 438  >>> 
[Coach] >>> TEST  @Epoch: 438  >>> 
[Wall TIME] >>> ChiefCoach.train takes 2.890943 seconds ...
[Coach] >>> TRAIN @Epoch: 439  >>>  || LOSS Avg: 0.08073
[Coach] >>> VALID @Epoch: 439  >>> 
[Coach] >>> TEST  @Epoch: 439  >>> 
[Wall TIME] >>> ChiefCoach.train takes 2.854830 seconds ...
[Wall TIME] >>> ChiefCoach.valid takes 0.682985 seconds ...
[Coach] >>> TRAIN @Epoch: 440  >>>  || LOSS Avg: 0.08083
[Coach] >>> VALID @Epoch: 440  >>>  || RECALL@1 Avg: 0.0116 || RECALL@10 Avg: 0.0613 || RECALL@20 Avg: 0.0963 || NDCG@10 Avg: 0.0326 || NDCG@20 Avg: 0.0415
[Coach] >>> TEST  @Epoch: 440  >>> 
[Wall TIME] >>> ChiefCoach.train takes 2.884359 seconds ...
[Coach] >>> TRAIN @Epoch: 441  >>>  || LOSS Avg: 0.08102
[Coach] >>> VALID @Epoch: 441  >>> 
[Coach] >>> TEST  @Epoch: 441  >>> 
[Wall TIME] >>> ChiefCoach.train takes 2.848060 seconds ...
[Coach] >>> TRAIN @Epoch: 442  >>>  || LOSS Avg: 0.08081
[Coach] >>> VALID @Epoch: 442  >>> 
[Coach] >>> TEST  @Epoch: 442  >>> 
[Wall TIME] >>> ChiefCoach.train takes 2.863821 seconds ...
[Coach] >>> TRAIN @Epoch: 443  >>>  || LOSS Avg: 0.08114
[Coach] >>> VALID @Epoch: 443  >>> 
[Coach] >>> TEST  @Epoch: 443  >>> 
[Wall TIME] >>> ChiefCoach.train takes 2.865450 seconds ...
[Coach] >>> TRAIN @Epoch: 444  >>>  || LOSS Avg: 0.08095
[Coach] >>> VALID @Epoch: 444  >>> 
[Coach] >>> TEST  @Epoch: 444  >>> 
[Wall TIME] >>> ChiefCoach.train takes 2.880129 seconds ...
[Wall TIME] >>> ChiefCoach.valid takes 0.675519 seconds ...
[Coach] >>> TRAIN @Epoch: 445  >>>  || LOSS Avg: 0.08064
[Coach] >>> VALID @Epoch: 445  >>>  || RECALL@1 Avg: 0.0115 || RECALL@10 Avg: 0.0617 || RECALL@20 Avg: 0.0954 || NDCG@10 Avg: 0.0326 || NDCG@20 Avg: 0.0412
[Coach] >>> TEST  @Epoch: 445  >>> 
[Wall TIME] >>> ChiefCoach.train takes 2.819586 seconds ...
[Coach] >>> TRAIN @Epoch: 446  >>>  || LOSS Avg: 0.08083
[Coach] >>> VALID @Epoch: 446  >>> 
[Coach] >>> TEST  @Epoch: 446  >>> 
[Wall TIME] >>> ChiefCoach.train takes 2.881345 seconds ...
[Coach] >>> TRAIN @Epoch: 447  >>>  || LOSS Avg: 0.08131
[Coach] >>> VALID @Epoch: 447  >>> 
[Coach] >>> TEST  @Epoch: 447  >>> 
[Wall TIME] >>> ChiefCoach.train takes 2.864309 seconds ...
[Coach] >>> TRAIN @Epoch: 448  >>>  || LOSS Avg: 0.08080
[Coach] >>> VALID @Epoch: 448  >>> 
[Coach] >>> TEST  @Epoch: 448  >>> 
[Wall TIME] >>> ChiefCoach.train takes 2.846443 seconds ...
[Coach] >>> TRAIN @Epoch: 449  >>>  || LOSS Avg: 0.08157
[Coach] >>> VALID @Epoch: 449  >>> 
[Coach] >>> TEST  @Epoch: 449  >>> 
[Wall TIME] >>> ChiefCoach.train takes 2.825760 seconds ...
[Wall TIME] >>> ChiefCoach.valid takes 0.670473 seconds ...
[Coach] >>> TRAIN @Epoch: 450  >>>  || LOSS Avg: 0.08078
[Coach] >>> VALID @Epoch: 450  >>>  || RECALL@1 Avg: 0.0116 || RECALL@10 Avg: 0.0615 || RECALL@20 Avg: 0.0961 || NDCG@10 Avg: 0.0327 || NDCG@20 Avg: 0.0415
[Coach] >>> TEST  @Epoch: 450  >>> 
[Wall TIME] >>> ChiefCoach.train takes 2.832764 seconds ...
[Coach] >>> TRAIN @Epoch: 451  >>>  || LOSS Avg: 0.08122
[Coach] >>> VALID @Epoch: 451  >>> 
[Coach] >>> TEST  @Epoch: 451  >>> 
[Wall TIME] >>> ChiefCoach.train takes 2.849259 seconds ...
[Coach] >>> TRAIN @Epoch: 452  >>>  || LOSS Avg: 0.08118
[Coach] >>> VALID @Epoch: 452  >>> 
[Coach] >>> TEST  @Epoch: 452  >>> 
[Wall TIME] >>> ChiefCoach.train takes 2.839966 seconds ...
[Coach] >>> TRAIN @Epoch: 453  >>>  || LOSS Avg: 0.08103
[Coach] >>> VALID @Epoch: 453  >>> 
[Coach] >>> TEST  @Epoch: 453  >>> 
[Wall TIME] >>> ChiefCoach.train takes 2.925926 seconds ...
[Coach] >>> TRAIN @Epoch: 454  >>>  || LOSS Avg: 0.08156
[Coach] >>> VALID @Epoch: 454  >>> 
[Coach] >>> TEST  @Epoch: 454  >>> 
[Wall TIME] >>> ChiefCoach.train takes 2.861219 seconds ...
[Wall TIME] >>> ChiefCoach.valid takes 0.673250 seconds ...
[Coach] >>> TRAIN @Epoch: 455  >>>  || LOSS Avg: 0.08077
[Coach] >>> VALID @Epoch: 455  >>>  || RECALL@1 Avg: 0.0116 || RECALL@10 Avg: 0.0612 || RECALL@20 Avg: 0.0953 || NDCG@10 Avg: 0.0327 || NDCG@20 Avg: 0.0413
[Coach] >>> TEST  @Epoch: 455  >>> 
[Wall TIME] >>> ChiefCoach.train takes 2.821419 seconds ...
[Coach] >>> TRAIN @Epoch: 456  >>>  || LOSS Avg: 0.08057
[Coach] >>> VALID @Epoch: 456  >>> 
[Coach] >>> TEST  @Epoch: 456  >>> 
[Wall TIME] >>> ChiefCoach.train takes 3.488796 seconds ...
[Coach] >>> TRAIN @Epoch: 457  >>>  || LOSS Avg: 0.08106
[Coach] >>> VALID @Epoch: 457  >>> 
[Coach] >>> TEST  @Epoch: 457  >>> 
[Wall TIME] >>> ChiefCoach.train takes 2.909216 seconds ...
[Coach] >>> TRAIN @Epoch: 458  >>>  || LOSS Avg: 0.08120
[Coach] >>> VALID @Epoch: 458  >>> 
[Coach] >>> TEST  @Epoch: 458  >>> 
[Wall TIME] >>> ChiefCoach.train takes 2.805865 seconds ...
[Coach] >>> TRAIN @Epoch: 459  >>>  || LOSS Avg: 0.08081
[Coach] >>> VALID @Epoch: 459  >>> 
[Coach] >>> TEST  @Epoch: 459  >>> 
[Wall TIME] >>> ChiefCoach.train takes 2.876663 seconds ...
[Wall TIME] >>> ChiefCoach.valid takes 0.693683 seconds ...
[Coach] >>> TRAIN @Epoch: 460  >>>  || LOSS Avg: 0.08083
[Coach] >>> VALID @Epoch: 460  >>>  || RECALL@1 Avg: 0.0124 || RECALL@10 Avg: 0.0605 || RECALL@20 Avg: 0.0959 || NDCG@10 Avg: 0.0328 || NDCG@20 Avg: 0.0418
[Coach] >>> TEST  @Epoch: 460  >>> 
[Wall TIME] >>> ChiefCoach.train takes 2.905233 seconds ...
[Coach] >>> TRAIN @Epoch: 461  >>>  || LOSS Avg: 0.08079
[Coach] >>> VALID @Epoch: 461  >>> 
[Coach] >>> TEST  @Epoch: 461  >>> 
[Wall TIME] >>> ChiefCoach.train takes 2.815911 seconds ...
[Coach] >>> TRAIN @Epoch: 462  >>>  || LOSS Avg: 0.08107
[Coach] >>> VALID @Epoch: 462  >>> 
[Coach] >>> TEST  @Epoch: 462  >>> 
[Wall TIME] >>> ChiefCoach.train takes 2.840375 seconds ...
[Coach] >>> TRAIN @Epoch: 463  >>>  || LOSS Avg: 0.08078
[Coach] >>> VALID @Epoch: 463  >>> 
[Coach] >>> TEST  @Epoch: 463  >>> 
[Wall TIME] >>> ChiefCoach.train takes 2.875252 seconds ...
[Coach] >>> TRAIN @Epoch: 464  >>>  || LOSS Avg: 0.08062
[Coach] >>> VALID @Epoch: 464  >>> 
[Coach] >>> TEST  @Epoch: 464  >>> 
[Wall TIME] >>> ChiefCoach.train takes 2.890677 seconds ...
[Wall TIME] >>> ChiefCoach.valid takes 0.677963 seconds ...
[Coach] >>> TRAIN @Epoch: 465  >>>  || LOSS Avg: 0.08059
[Coach] >>> VALID @Epoch: 465  >>>  || RECALL@1 Avg: 0.0117 || RECALL@10 Avg: 0.0612 || RECALL@20 Avg: 0.0966 || NDCG@10 Avg: 0.0328 || NDCG@20 Avg: 0.0418
[Coach] >>> TEST  @Epoch: 465  >>> 
[Wall TIME] >>> ChiefCoach.train takes 2.817495 seconds ...
[Coach] >>> TRAIN @Epoch: 466  >>>  || LOSS Avg: 0.08086
[Coach] >>> VALID @Epoch: 466  >>> 
[Coach] >>> TEST  @Epoch: 466  >>> 
[Wall TIME] >>> ChiefCoach.train takes 2.850447 seconds ...
[Coach] >>> TRAIN @Epoch: 467  >>>  || LOSS Avg: 0.08119
[Coach] >>> VALID @Epoch: 467  >>> 
[Coach] >>> TEST  @Epoch: 467  >>> 
[Wall TIME] >>> ChiefCoach.train takes 2.875895 seconds ...
[Coach] >>> TRAIN @Epoch: 468  >>>  || LOSS Avg: 0.08017
[Coach] >>> VALID @Epoch: 468  >>> 
[Coach] >>> TEST  @Epoch: 468  >>> 
[Wall TIME] >>> ChiefCoach.train takes 2.879407 seconds ...
[Coach] >>> TRAIN @Epoch: 469  >>>  || LOSS Avg: 0.08054
[Coach] >>> VALID @Epoch: 469  >>> 
[Coach] >>> TEST  @Epoch: 469  >>> 
[Wall TIME] >>> ChiefCoach.train takes 2.849196 seconds ...
[Wall TIME] >>> ChiefCoach.valid takes 0.680973 seconds ...
[Coach] >>> Better ***NDCG@20*** of ***0.0424*** 
[Coach] >>> TRAIN @Epoch: 470  >>>  || LOSS Avg: 0.08043
[Coach] >>> VALID @Epoch: 470  >>>  || RECALL@1 Avg: 0.0127 || RECALL@10 Avg: 0.0617 || RECALL@20 Avg: 0.0970 || NDCG@10 Avg: 0.0334 || NDCG@20 Avg: 0.0424
[Coach] >>> TEST  @Epoch: 470  >>> 
[Wall TIME] >>> ChiefCoach.train takes 2.827637 seconds ...
[Coach] >>> TRAIN @Epoch: 471  >>>  || LOSS Avg: 0.08094
[Coach] >>> VALID @Epoch: 471  >>> 
[Coach] >>> TEST  @Epoch: 471  >>> 
[Wall TIME] >>> ChiefCoach.train takes 2.817608 seconds ...
[Coach] >>> TRAIN @Epoch: 472  >>>  || LOSS Avg: 0.08084
[Coach] >>> VALID @Epoch: 472  >>> 
[Coach] >>> TEST  @Epoch: 472  >>> 
[Wall TIME] >>> ChiefCoach.train takes 2.800771 seconds ...
[Coach] >>> TRAIN @Epoch: 473  >>>  || LOSS Avg: 0.08078
[Coach] >>> VALID @Epoch: 473  >>> 
[Coach] >>> TEST  @Epoch: 473  >>> 
[Wall TIME] >>> ChiefCoach.train takes 2.876270 seconds ...
[Coach] >>> TRAIN @Epoch: 474  >>>  || LOSS Avg: 0.08057
[Coach] >>> VALID @Epoch: 474  >>> 
[Coach] >>> TEST  @Epoch: 474  >>> 
[Wall TIME] >>> ChiefCoach.train takes 2.878184 seconds ...
[Wall TIME] >>> ChiefCoach.valid takes 0.679394 seconds ...
[Coach] >>> TRAIN @Epoch: 475  >>>  || LOSS Avg: 0.08042
[Coach] >>> VALID @Epoch: 475  >>>  || RECALL@1 Avg: 0.0126 || RECALL@10 Avg: 0.0618 || RECALL@20 Avg: 0.0965 || NDCG@10 Avg: 0.0333 || NDCG@20 Avg: 0.0421
[Coach] >>> TEST  @Epoch: 475  >>> 
[Wall TIME] >>> ChiefCoach.train takes 2.828221 seconds ...
[Coach] >>> TRAIN @Epoch: 476  >>>  || LOSS Avg: 0.08073
[Coach] >>> VALID @Epoch: 476  >>> 
[Coach] >>> TEST  @Epoch: 476  >>> 
[Wall TIME] >>> ChiefCoach.train takes 3.426050 seconds ...
[Coach] >>> TRAIN @Epoch: 477  >>>  || LOSS Avg: 0.08036
[Coach] >>> VALID @Epoch: 477  >>> 
[Coach] >>> TEST  @Epoch: 477  >>> 
[Wall TIME] >>> ChiefCoach.train takes 2.823084 seconds ...
[Coach] >>> TRAIN @Epoch: 478  >>>  || LOSS Avg: 0.08065
[Coach] >>> VALID @Epoch: 478  >>> 
[Coach] >>> TEST  @Epoch: 478  >>> 
[Wall TIME] >>> ChiefCoach.train takes 2.839088 seconds ...
[Coach] >>> TRAIN @Epoch: 479  >>>  || LOSS Avg: 0.08035
[Coach] >>> VALID @Epoch: 479  >>> 
[Coach] >>> TEST  @Epoch: 479  >>> 
[Wall TIME] >>> ChiefCoach.train takes 2.892041 seconds ...
[Wall TIME] >>> ChiefCoach.valid takes 0.673903 seconds ...
[Coach] >>> TRAIN @Epoch: 480  >>>  || LOSS Avg: 0.08089
[Coach] >>> VALID @Epoch: 480  >>>  || RECALL@1 Avg: 0.0120 || RECALL@10 Avg: 0.0623 || RECALL@20 Avg: 0.0966 || NDCG@10 Avg: 0.0331 || NDCG@20 Avg: 0.0418
[Coach] >>> TEST  @Epoch: 480  >>> 
[Wall TIME] >>> ChiefCoach.train takes 2.829774 seconds ...
[Coach] >>> TRAIN @Epoch: 481  >>>  || LOSS Avg: 0.08074
[Coach] >>> VALID @Epoch: 481  >>> 
[Coach] >>> TEST  @Epoch: 481  >>> 
[Wall TIME] >>> ChiefCoach.train takes 2.781992 seconds ...
[Coach] >>> TRAIN @Epoch: 482  >>>  || LOSS Avg: 0.08062
[Coach] >>> VALID @Epoch: 482  >>> 
[Coach] >>> TEST  @Epoch: 482  >>> 
[Wall TIME] >>> ChiefCoach.train takes 2.875141 seconds ...
[Coach] >>> TRAIN @Epoch: 483  >>>  || LOSS Avg: 0.08114
[Coach] >>> VALID @Epoch: 483  >>> 
[Coach] >>> TEST  @Epoch: 483  >>> 
[Wall TIME] >>> ChiefCoach.train takes 2.892095 seconds ...
[Coach] >>> TRAIN @Epoch: 484  >>>  || LOSS Avg: 0.08067
[Coach] >>> VALID @Epoch: 484  >>> 
[Coach] >>> TEST  @Epoch: 484  >>> 
[Wall TIME] >>> ChiefCoach.train takes 2.827561 seconds ...
[Wall TIME] >>> ChiefCoach.valid takes 0.675246 seconds ...
[Coach] >>> TRAIN @Epoch: 485  >>>  || LOSS Avg: 0.08058
[Coach] >>> VALID @Epoch: 485  >>>  || RECALL@1 Avg: 0.0121 || RECALL@10 Avg: 0.0629 || RECALL@20 Avg: 0.0963 || NDCG@10 Avg: 0.0334 || NDCG@20 Avg: 0.0419
[Coach] >>> TEST  @Epoch: 485  >>> 
[Wall TIME] >>> ChiefCoach.train takes 2.806000 seconds ...
[Coach] >>> TRAIN @Epoch: 486  >>>  || LOSS Avg: 0.08046
[Coach] >>> VALID @Epoch: 486  >>> 
[Coach] >>> TEST  @Epoch: 486  >>> 
[Wall TIME] >>> ChiefCoach.train takes 2.902024 seconds ...
[Coach] >>> TRAIN @Epoch: 487  >>>  || LOSS Avg: 0.08054
[Coach] >>> VALID @Epoch: 487  >>> 
[Coach] >>> TEST  @Epoch: 487  >>> 
[Wall TIME] >>> ChiefCoach.train takes 2.962957 seconds ...
[Coach] >>> TRAIN @Epoch: 488  >>>  || LOSS Avg: 0.08079
[Coach] >>> VALID @Epoch: 488  >>> 
[Coach] >>> TEST  @Epoch: 488  >>> 
[Wall TIME] >>> ChiefCoach.train takes 2.804083 seconds ...
[Coach] >>> TRAIN @Epoch: 489  >>>  || LOSS Avg: 0.08059
[Coach] >>> VALID @Epoch: 489  >>> 
[Coach] >>> TEST  @Epoch: 489  >>> 
[Wall TIME] >>> ChiefCoach.train takes 2.842549 seconds ...
[Wall TIME] >>> ChiefCoach.valid takes 0.670168 seconds ...
[Coach] >>> TRAIN @Epoch: 490  >>>  || LOSS Avg: 0.08099
[Coach] >>> VALID @Epoch: 490  >>>  || RECALL@1 Avg: 0.0121 || RECALL@10 Avg: 0.0622 || RECALL@20 Avg: 0.0963 || NDCG@10 Avg: 0.0333 || NDCG@20 Avg: 0.0419
[Coach] >>> TEST  @Epoch: 490  >>> 
[Wall TIME] >>> ChiefCoach.train takes 2.851184 seconds ...
[Coach] >>> TRAIN @Epoch: 491  >>>  || LOSS Avg: 0.08052
[Coach] >>> VALID @Epoch: 491  >>> 
[Coach] >>> TEST  @Epoch: 491  >>> 
[Wall TIME] >>> ChiefCoach.train takes 2.833329 seconds ...
[Coach] >>> TRAIN @Epoch: 492  >>>  || LOSS Avg: 0.08035
[Coach] >>> VALID @Epoch: 492  >>> 
[Coach] >>> TEST  @Epoch: 492  >>> 
[Wall TIME] >>> ChiefCoach.train takes 2.820754 seconds ...
[Coach] >>> TRAIN @Epoch: 493  >>>  || LOSS Avg: 0.08052
[Coach] >>> VALID @Epoch: 493  >>> 
[Coach] >>> TEST  @Epoch: 493  >>> 
[Wall TIME] >>> ChiefCoach.train takes 2.915742 seconds ...
[Coach] >>> TRAIN @Epoch: 494  >>>  || LOSS Avg: 0.08044
[Coach] >>> VALID @Epoch: 494  >>> 
[Coach] >>> TEST  @Epoch: 494  >>> 
[Wall TIME] >>> ChiefCoach.train takes 2.840569 seconds ...
[Wall TIME] >>> ChiefCoach.valid takes 0.675936 seconds ...
[Coach] >>> TRAIN @Epoch: 495  >>>  || LOSS Avg: 0.08063
[Coach] >>> VALID @Epoch: 495  >>>  || RECALL@1 Avg: 0.0117 || RECALL@10 Avg: 0.0607 || RECALL@20 Avg: 0.0964 || NDCG@10 Avg: 0.0326 || NDCG@20 Avg: 0.0417
[Coach] >>> TEST  @Epoch: 495  >>> 
[Wall TIME] >>> ChiefCoach.train takes 2.839713 seconds ...
[Coach] >>> TRAIN @Epoch: 496  >>>  || LOSS Avg: 0.08050
[Coach] >>> VALID @Epoch: 496  >>> 
[Coach] >>> TEST  @Epoch: 496  >>> 
[Wall TIME] >>> ChiefCoach.train takes 3.349163 seconds ...
[Coach] >>> TRAIN @Epoch: 497  >>>  || LOSS Avg: 0.08070
[Coach] >>> VALID @Epoch: 497  >>> 
[Coach] >>> TEST  @Epoch: 497  >>> 
[Wall TIME] >>> ChiefCoach.train takes 2.814780 seconds ...
[Coach] >>> TRAIN @Epoch: 498  >>>  || LOSS Avg: 0.08049
[Coach] >>> VALID @Epoch: 498  >>> 
[Coach] >>> TEST  @Epoch: 498  >>> 
[Wall TIME] >>> ChiefCoach.train takes 2.816170 seconds ...
[Coach] >>> TRAIN @Epoch: 499  >>>  || LOSS Avg: 0.08066
[Coach] >>> VALID @Epoch: 499  >>> 
[Coach] >>> TEST  @Epoch: 499  >>> 
[Wall TIME] >>> ChiefCoach.train takes 2.863610 seconds ...
[Wall TIME] >>> ChiefCoach.valid takes 0.682923 seconds ...
  [HANS Epoch 001] gamma_h: 0.0500 | hn_ratio: 0.1000 | avg_cl_loss: 3.558437
  [HANS Epoch 010] gamma_h: 0.0500 | hn_ratio: 0.1000 | avg_cl_loss: 2.820206
  [HANS Epoch 020] gamma_h: 0.0500 | hn_ratio: 0.1000 | avg_cl_loss: 2.675418
  [HANS Epoch 030] gamma_h: 0.0500 | hn_ratio: 0.1000 | avg_cl_loss: 2.655233
  [HANS Epoch 040] gamma_h: 0.0500 | hn_ratio: 0.1000 | avg_cl_loss: 2.655175
  [HANS Epoch 050] gamma_h: 0.0500 | hn_ratio: 0.1000 | avg_cl_loss: 2.655084
  [HANS Epoch 060] gamma_h: 0.0500 | hn_ratio: 0.1000 | avg_cl_loss: 2.654810
  [HANS Epoch 070] gamma_h: 0.0700 | hn_ratio: 0.1200 | avg_cl_loss: 2.653024
  [HANS Epoch 080] gamma_h: 0.2700 | hn_ratio: 0.3200 | avg_cl_loss: 3.900600
  [HANS Epoch 090] gamma_h: 0.3500 | hn_ratio: 0.4000 | avg_cl_loss: 4.270419
  [HANS Epoch 100] gamma_h: 0.3500 | hn_ratio: 0.4000 | avg_cl_loss: 4.269395
  [HANS Epoch 110] gamma_h: 0.3500 | hn_ratio: 0.4000 | avg_cl_loss: 4.268580
  [HANS Epoch 120] gamma_h: 0.3500 | hn_ratio: 0.4000 | avg_cl_loss: 4.268058
  [HANS Epoch 130] gamma_h: 0.3500 | hn_ratio: 0.4000 | avg_cl_loss: 4.267532
  [HANS Epoch 140] gamma_h: 0.3500 | hn_ratio: 0.4000 | avg_cl_loss: 4.268168
  [HANS Epoch 150] gamma_h: 0.3500 | hn_ratio: 0.4000 | avg_cl_loss: 4.267869
  [HANS Epoch 160] gamma_h: 0.3500 | hn_ratio: 0.4000 | avg_cl_loss: 4.268261
  [HANS Epoch 170] gamma_h: 0.3500 | hn_ratio: 0.4000 | avg_cl_loss: 4.269025
  [HANS Epoch 180] gamma_h: 0.3500 | hn_ratio: 0.4000 | avg_cl_loss: 4.269540
  [HANS Epoch 190] gamma_h: 0.3500 | hn_ratio: 0.4000 | avg_cl_loss: 4.270689
  [HANS Epoch 200] gamma_h: 0.3500 | hn_ratio: 0.4000 | avg_cl_loss: 4.270999
  [HANS Epoch 210] gamma_h: 0.3500 | hn_ratio: 0.4000 | avg_cl_loss: 4.271831
  [HANS Epoch 220] gamma_h: 0.3500 | hn_ratio: 0.4000 | avg_cl_loss: 4.272334
  [HANS Epoch 230] gamma_h: 0.3500 | hn_ratio: 0.4000 | avg_cl_loss: 4.272925
  [HANS Epoch 240] gamma_h: 0.3500 | hn_ratio: 0.4000 | avg_cl_loss: 4.272784
  [HANS Epoch 250] gamma_h: 0.3500 | hn_ratio: 0.4000 | avg_cl_loss: 4.272995
  [HANS Epoch 260] gamma_h: 0.3500 | hn_ratio: 0.4000 | avg_cl_loss: 4.273730
  [HANS Epoch 270] gamma_h: 0.3500 | hn_ratio: 0.4000 | avg_cl_loss: 4.274366
  [HANS Epoch 280] gamma_h: 0.3500 | hn_ratio: 0.4000 | avg_cl_loss: 4.274755
  [HANS Epoch 290] gamma_h: 0.3500 | hn_ratio: 0.4000 | avg_cl_loss: 4.275243
  [HANS Epoch 300] gamma_h: 0.3500 | hn_ratio: 0.4000 | avg_cl_loss: 4.275680
  [HANS Epoch 310] gamma_h: 0.3500 | hn_ratio: 0.4000 | avg_cl_loss: 4.276385
  [HANS Epoch 320] gamma_h: 0.3500 | hn_ratio: 0.4000 | avg_cl_loss: 4.276366
  [HANS Epoch 330] gamma_h: 0.3500 | hn_ratio: 0.4000 | avg_cl_loss: 4.276666
  [HANS Epoch 340] gamma_h: 0.3500 | hn_ratio: 0.4000 | avg_cl_loss: 4.277882
  [HANS Epoch 350] gamma_h: 0.3500 | hn_ratio: 0.4000 | avg_cl_loss: 4.278486
  [HANS Epoch 360] gamma_h: 0.3500 | hn_ratio: 0.4000 | avg_cl_loss: 4.277868
  [HANS Epoch 370] gamma_h: 0.3500 | hn_ratio: 0.4000 | avg_cl_loss: 4.277992
  [HANS Epoch 380] gamma_h: 0.3500 | hn_ratio: 0.4000 | avg_cl_loss: 4.278211
  [HANS Epoch 390] gamma_h: 0.3500 | hn_ratio: 0.4000 | avg_cl_loss: 4.279249
  [HANS Epoch 400] gamma_h: 0.3500 | hn_ratio: 0.4000 | avg_cl_loss: 4.279357
  [HANS Epoch 410] gamma_h: 0.3500 | hn_ratio: 0.4000 | avg_cl_loss: 4.278869
  [HANS Epoch 420] gamma_h: 0.3500 | hn_ratio: 0.4000 | avg_cl_loss: 4.280297
  [HANS Epoch 430] gamma_h: 0.3500 | hn_ratio: 0.4000 | avg_cl_loss: 4.280612
  [HANS Epoch 440] gamma_h: 0.3500 | hn_ratio: 0.4000 | avg_cl_loss: 4.280470
  [HANS Epoch 450] gamma_h: 0.3500 | hn_ratio: 0.4000 | avg_cl_loss: 4.280800
  [HANS Epoch 460] gamma_h: 0.3500 | hn_ratio: 0.4000 | avg_cl_loss: 4.281241
  [HANS Epoch 470] gamma_h: 0.3500 | hn_ratio: 0.4000 | avg_cl_loss: 4.280794
  [HANS Epoch 480] gamma_h: 0.3500 | hn_ratio: 0.4000 | avg_cl_loss: 4.280502
  [HANS Epoch 490] gamma_h: 0.3500 | hn_ratio: 0.4000 | avg_cl_loss: 4.280946
  [HANS Epoch 500] gamma_h: 0.3500 | hn_ratio: 0.4000 | avg_cl_loss: 4.280903
[Wall TIME] >>> ChiefCoach.test takes 1.169722 seconds ...
[Coach] >>> TRAIN @Epoch: 500  >>>  || LOSS Avg: 0.08073
[Coach] >>> VALID @Epoch: 500  >>>  || RECALL@1 Avg: 0.0124 || RECALL@10 Avg: 0.0613 || RECALL@20 Avg: 0.0963 || NDCG@10 Avg: 0.0331 || NDCG@20 Avg: 0.0420
[Coach] >>> TEST  @Epoch: 500  >>>  || RECALL@1 Avg: 0.0118 || RECALL@10 Avg: 0.0640 || RECALL@20 Avg: 0.0987 || NDCG@10 Avg: 0.0346 || NDCG@20 Avg: 0.0436
     Mode     Metric      Best  @Epoch
0   train       LOSS  0.080166     467
1   valid   RECALL@1  0.012682     470
2   valid  RECALL@10  0.063390     315
3   valid  RECALL@20  0.097508     125
4   valid    NDCG@10  0.033651     285
5   valid    NDCG@20  0.042369     470
6    test   RECALL@1  0.011829       0
7    test  RECALL@10  0.063969       0
8    test  RECALL@20  0.098653       0
9    test    NDCG@10  0.034605       0
10   test    NDCG@20  0.043559       0
[LoG_PaTH] >>> ./logs/RecSys/Amazon2014Baby_550_MMRec/0908031830
[Wall TIME] >>> Coach.summary takes 2.194577 seconds ...
[Coach] >>> Load best model @Epoch 470  
[Wall TIME] >>> ChiefCoach.valid takes 0.744574 seconds ...
[Wall TIME] >>> ChiefCoach.test takes 0.682546 seconds ...
[Coach] >>> TRAIN @Epoch: 470  >>> 
[Coach] >>> VALID @Epoch: 470  >>>  || RECALL@1 Avg: 0.0127 || RECALL@10 Avg: 0.0617 || RECALL@20 Avg: 0.0970 || NDCG@10 Avg: 0.0334 || NDCG@20 Avg: 0.0424
[Coach] >>> TEST  @Epoch: 470  >>>  || RECALL@1 Avg: 0.0118 || RECALL@10 Avg: 0.0643 || RECALL@20 Avg: 0.1002 || NDCG@10 Avg: 0.0345 || NDCG@20 Avg: 0.0437
[Wall TIME] >>> Coach.fit takes 1526.647962 seconds ...
