=====================================================================================
🚀 KHỞI CHẠY HUẤN LUYỆN STAIR-SBN-BSC v4: Amazon2014Sports_550_MMRec
  * Config YAML   : /kaggle/working/STAIR-Enhanced/configs/Amazon2014Sports_550_MMRec.yaml
  * Data Root     : /kaggle/working/STAIR-Enhanced/data
  * Log File      : /kaggle/working/logs/STAIR-SBN-BSC-v4/Amazon2014Sports_550_MMRec.log
  * Hyperparams   : tau_t=0.15, tau_v=0.1, rho=0.6, lambda=0.5, tau_min=0.05
  * Ablation Mode : A6_full_sbn_bsc_v4
  * Training Specs: Epochs=500, BatchSize=1024, LR=0.001, Seed=1
=====================================================================================
[Benchmark] >>> cudnn.benchmark == False | cudnn.deterministic == True
[Seed] >>> Set seed: 1
[PARSER] >>>
[SAVED_FILENAME: model.pt] 
[BEST_FILENAME: best.pt] 
[CHECKPOINT_FREQ: 1] 
[CHECKPOINT_MODULES: ['model', 'optimizer', 'lr_scheduler']] 
[CHECKPOINT_FILENAME: checkpoint.tar] 
[SUMMARY_FILENAME: SUMMARY.md] 
[MONITOR_FILENAME: monitors.pkl] 
[MONITOR_BEST_FILENAME: best.pkl] 
[monitors: ['LOSS', 'Recall@1', 'Recall@10', 'Recall@20', 'NDCG@10', 'NDCG@20']] 
[which4best: NDCG@20] 
[root: /kaggle/working/STAIR-Enhanced/data] 
[dataset: Amazon2014Sports_550_MMRec] 
[tasktag: None] 
[config: /kaggle/working/STAIR-Enhanced/configs/Amazon2014Sports_550_MMRec.yaml] 
[ranking: full] 
[retain_seen: False] 
[device: cuda:0] 
[ddp_backend: nccl] 
[optimizer: adamwsevo] 
[nesterov: False] 
[momentum: 0.9] 
[beta1: 0.9] 
[beta2: 0.999] 
[weight_decay: 0.1] 
[lr: 0.001] 
[batch_size: 1024] 
[epochs: 500] 
[log2file: True] 
[log2console: True] 
[eval_valid: True] 
[eval_test: False] 
[eval_freq: 5] 
[num_workers: 4] 
[seed: 1] 
[benchmark: False] 
[resume: False] 
[id: 0910135253] 
[description: STAIR-SBN-BSC-v4] 
[embedding_dim: 64] 
[num_layers: 3] 
[mfiles: textual_modality.pkl,visual_modality.pkl] 
[num_neighbors: 5-1] 
[gamma: 0.2] 
[sbn_tau_text: 0.15] 
[sbn_tau_visual: 0.1] 
[sbn_modal_discount: 0.6] 
[sbn_prune_lambda: 0.5] 
[sbn_min_edge_threshold: 0.05] 
[sbn_ablation_config: A6_full_sbn_bsc_v4] 
[DATA_DIR: data] 
[SUMMARY_DIR: summary] 
[CHECKPOINT_PATH: ./infos/STAIR-SBN-BSC-v4/Amazon2014Sports_550_MMRec/cuda:0] 
[LOG_PATH: ./logs/STAIR-SBN-BSC-v4/Amazon2014Sports_550_MMRec/0910135253] 

[Wall TIME] >>> Parser.compile takes 0.210159 seconds ...
[DataSet] >>> Downloading /kaggle/working/STAIR-Enhanced/data/Amazon2014Sports_550_MMRec.zip from https://zenodo.org/records/11003225/files/Amazon2014Sports_550_MMRec.zip...
[Warning] FreeRec version of 1.0.1 is required but current version is 0.8.5 
[Wall TIME] >>> Parser.parse takes 0.044461 seconds ...
[Wall TIME] >>> Parser.load takes 0.001791 seconds ...
[Config] Nạp cấu hình siêu tham số từ YAML: /kaggle/working/STAIR-Enhanced/configs/Amazon2014Sports_550_MMRec.yaml
[Config] Giữ nguyên giá trị CLI cho 'root' (không bị YAML ghi đè)
[Config] Giữ nguyên giá trị CLI cho 'dataset' (không bị YAML ghi đè)
[Config] Override embedding_dim = 64 từ YAML
[Config] Override num_layers = 3 từ YAML
[Config] Giữ nguyên giá trị CLI cho 'epochs' (không bị YAML ghi đè)
[Config] Giữ nguyên giá trị CLI cho 'batch_size' (không bị YAML ghi đè)
[Config] Override optimizer = adamwsevo từ YAML
[Config] Giữ nguyên giá trị CLI cho 'lr' (không bị YAML ghi đè)
[Config] Giữ nguyên giá trị CLI cho 'weight_decay' (không bị YAML ghi đè)
[Config] Override gamma = 0.2 từ YAML
[Config] Override mfiles = textual_modality.pkl,visual_modality.pkl từ YAML
[Config] Override num_neighbors = 5-1 từ YAML
[Config] Override monitors = ['LOSS', 'Recall@1', 'Recall@10', 'Recall@20', 'NDCG@10', 'NDCG@20'] từ YAML
[Config] Override which4best = NDCG@20 từ YAML

վ'ᴗ' ի-:   0%|          | 0.00/96.9M [00:00<?, ?B/s]
վ'ᴗ' ի-:   1%|          | 1.05M/96.9M [00:02<03:29, 458kB/s]
վ'ᴗ' ի-:   2%|▏         | 2.10M/96.9M [00:04<03:48, 414kB/s]
վ'ᴗ' ի-:   3%|▎         | 3.15M/96.9M [00:07<03:45, 416kB/s]
վ'ᴗ' ի-:   4%|▍         | 4.19M/96.9M [00:09<03:36, 428kB/s]
վ'ᴗ' ի-:   5%|▌         | 5.24M/96.9M [00:12<03:35, 425kB/s]
վ'ᴗ' ի-:   6%|▋         | 6.29M/96.9M [00:14<03:28, 435kB/s]
վ'ᴗ' ի-:   8%|▊         | 7.34M/96.9M [00:17<03:36, 414kB/s]
վ'ᴗ' ի-:   9%|▊         | 8.39M/96.9M [00:19<03:27, 427kB/s]
վ'ᴗ' ի-:  10%|▉         | 9.44M/96.9M [00:22<03:21, 434kB/s]
վ'ᴗ' ի-:  11%|█         | 10.5M/96.9M [00:24<03:11, 451kB/s]
վ'ᴗ' ի-:  12%|█▏        | 11.5M/96.9M [00:26<03:19, 429kB/s]
վ'ᴗ' ի-:  13%|█▎        | 12.6M/96.9M [00:29<03:23, 414kB/s]
վ'ᴗ' ի-:  14%|█▍        | 13.6M/96.9M [00:31<03:10, 437kB/s]
վ'ᴗ' ի-:  15%|█▌        | 14.7M/96.9M [00:34<03:12, 427kB/s]
վ'ᴗ' ի-:  16%|█▌        | 15.7M/96.9M [00:36<03:02, 445kB/s]
վ'ᴗ' ի-:  17%|█▋        | 16.8M/96.9M [00:39<03:14, 412kB/s]
վ'ᴗ' ի-:  18%|█▊        | 17.8M/96.9M [00:42<03:22, 391kB/s]
վ'ᴗ' ի-:  19%|█▉        | 18.9M/96.9M [00:44<03:17, 395kB/s]
վ'ᴗ' ի-:  21%|██        | 19.9M/96.9M [00:47<03:02, 421kB/s]
վ'ᴗ' ի-:  22%|██▏       | 21.0M/96.9M [00:50<03:10, 399kB/s]
վ'ᴗ' ի-:  23%|██▎       | 22.0M/96.9M [00:52<03:10, 394kB/s]
վ'ᴗ' ի-:  24%|██▍       | 23.1M/96.9M [00:54<02:55, 419kB/s]
վ'ᴗ' ի-:  25%|██▍       | 24.1M/96.9M [00:56<02:42, 447kB/s]
վ'ᴗ' ի-:  26%|██▌       | 25.2M/96.9M [00:58<02:17, 523kB/s]
վ'ᴗ' ի-:  27%|██▋       | 26.2M/96.9M [00:59<01:57, 600kB/s]
վ'ᴗ' ի-:  28%|██▊       | 27.3M/96.9M [01:00<01:38, 706kB/s]
վ'ᴗ' ի-:  29%|██▉       | 28.3M/96.9M [01:01<01:29, 770kB/s]
վ'ᴗ' ի-:  30%|███       | 29.4M/96.9M [01:02<01:22, 822kB/s]
վ'ᴗ' ի-:  31%|███▏      | 30.4M/96.9M [01:03<01:17, 863kB/s]
վ'ᴗ' ի-:  32%|███▏      | 31.5M/96.9M [01:04<01:11, 917kB/s]
վ'ᴗ' ի-:  34%|███▎      | 32.5M/96.9M [01:05<01:09, 928kB/s]
վ'ᴗ' ի-:  35%|███▍      | 33.6M/96.9M [01:06<01:04, 977kB/s]
վ'ᴗ' ի-:  36%|███▌      | 34.6M/96.9M [01:07<01:02, 989kB/s]
վ'ᴗ' ի-:  37%|███▋      | 35.7M/96.9M [01:08<01:04, 949kB/s]
վ'ᴗ' ի-:  38%|███▊      | 36.7M/96.9M [01:09<01:04, 932kB/s]
վ'ᴗ' ի-:  39%|███▉      | 37.7M/96.9M [01:10<00:59, 994kB/s]
վ'ᴗ' ի-:  40%|████      | 38.8M/96.9M [01:11<00:56, 1.03MB/s]
վ'ᴗ' ի-:  41%|████      | 39.8M/96.9M [01:12<00:55, 1.02MB/s]
վ'ᴗ' ի-:  42%|████▏     | 40.9M/96.9M [01:13<00:51, 1.09MB/s]
վ'ᴗ' ի-:  43%|████▎     | 41.9M/96.9M [01:14<00:44, 1.22MB/s]
վ'ᴗ' ի-:  44%|████▍     | 43.0M/96.9M [01:14<00:43, 1.23MB/s]
վ'ᴗ' ի-:  45%|████▌     | 44.0M/96.9M [01:15<00:43, 1.22MB/s]
վ'ᴗ' ի-:  47%|████▋     | 45.1M/96.9M [01:16<00:44, 1.16MB/s]
վ'ᴗ' ի-:  48%|████▊     | 46.1M/96.9M [01:17<00:43, 1.18MB/s]
վ'ᴗ' ի-:  49%|████▊     | 47.2M/96.9M [01:18<00:45, 1.10MB/s]
վ'ᴗ' ի-:  50%|████▉     | 48.2M/96.9M [01:19<00:43, 1.11MB/s]
վ'ᴗ' ի-:  51%|█████     | 49.3M/96.9M [01:20<00:41, 1.14MB/s]
վ'ᴗ' ի-:  52%|█████▏    | 50.3M/96.9M [01:21<00:39, 1.17MB/s]
վ'ᴗ' ի-:  53%|█████▎    | 51.4M/96.9M [01:22<00:38, 1.19MB/s]
վ'ᴗ' ի-:  54%|█████▍    | 52.4M/96.9M [01:22<00:35, 1.26MB/s]
վ'ᴗ' ի-:  55%|█████▌    | 53.5M/96.9M [01:23<00:26, 1.64MB/s]
վ'ᴗ' ի-:  57%|█████▋    | 55.6M/96.9M [01:24<00:21, 1.92MB/s]
վ'ᴗ' ի-:  58%|█████▊    | 56.6M/96.9M [01:24<00:18, 2.14MB/s]
վ'ᴗ' ի-:  60%|█████▉    | 57.7M/96.9M [01:24<00:17, 2.24MB/s]
վ'ᴗ' ի-:  61%|██████    | 58.7M/96.9M [01:25<00:18, 2.06MB/s]
վ'ᴗ' ի-:  62%|██████▏   | 59.8M/96.9M [01:26<00:19, 1.92MB/s]
վ'ᴗ' ի-:  63%|██████▎   | 60.8M/96.9M [01:26<00:19, 1.85MB/s]
վ'ᴗ' ի-:  64%|██████▍   | 61.9M/96.9M [01:27<00:19, 1.80MB/s]
վ'ᴗ' ի-:  65%|██████▍   | 62.9M/96.9M [01:27<00:19, 1.74MB/s]
վ'ᴗ' ի-:  66%|██████▌   | 64.0M/96.9M [01:28<00:19, 1.72MB/s]
վ'ᴗ' ի-:  67%|██████▋   | 65.0M/96.9M [01:29<00:19, 1.62MB/s]
վ'ᴗ' ի-:  68%|██████▊   | 66.1M/96.9M [01:30<00:20, 1.53MB/s]
վ'ᴗ' ի-:  69%|██████▉   | 67.1M/96.9M [01:30<00:18, 1.58MB/s]
վ'ᴗ' ի-:  70%|███████   | 68.2M/96.9M [01:31<00:18, 1.55MB/s]
վ'ᴗ' ի-:  71%|███████▏  | 69.2M/96.9M [01:32<00:17, 1.57MB/s]
վ'ᴗ' ի-:  73%|███████▎  | 70.3M/96.9M [01:32<00:18, 1.46MB/s]
վ'ᴗ' ի-:  74%|███████▎  | 71.3M/96.9M [01:33<00:17, 1.50MB/s]
վ'ᴗ' ի-:  75%|███████▍  | 72.4M/96.9M [01:34<00:18, 1.36MB/s]
վ'ᴗ' ի-:  76%|███████▌  | 73.4M/96.9M [01:35<00:16, 1.43MB/s]
վ'ᴗ' ի-:  77%|███████▋  | 74.4M/96.9M [01:35<00:15, 1.45MB/s]
վ'ᴗ' ի-:  78%|███████▊  | 75.5M/96.9M [01:36<00:14, 1.50MB/s]
վ'ᴗ' ի-:  79%|███████▉  | 76.5M/96.9M [01:36<00:12, 1.63MB/s]
վ'ᴗ' ի-:  80%|████████  | 77.6M/96.9M [01:37<00:12, 1.50MB/s]
վ'ᴗ' ի-:  81%|████████  | 78.6M/96.9M [01:38<00:11, 1.55MB/s]
վ'ᴗ' ի-:  82%|████████▏ | 79.7M/96.9M [01:39<00:10, 1.58MB/s]
վ'ᴗ' ի-:  83%|████████▎ | 80.7M/96.9M [01:39<00:10, 1.60MB/s]
վ'ᴗ' ի-:  84%|████████▍ | 81.8M/96.9M [01:40<00:09, 1.62MB/s]
վ'ᴗ' ի-:  86%|████████▌ | 82.8M/96.9M [01:41<00:09, 1.49MB/s]
վ'ᴗ' ի-:  87%|████████▋ | 83.9M/96.9M [01:42<00:09, 1.32MB/s]
վ'ᴗ' ի-:  88%|████████▊ | 84.9M/96.9M [01:42<00:08, 1.41MB/s]
վ'ᴗ' ի-:  89%|████████▉ | 86.0M/96.9M [01:43<00:08, 1.25MB/s]
վ'ᴗ' ի-:  90%|████████▉ | 87.0M/96.9M [01:44<00:07, 1.25MB/s]
վ'ᴗ' ի-:  91%|█████████ | 88.1M/96.9M [01:45<00:07, 1.17MB/s]
վ'ᴗ' ի-:  92%|█████████▏| 89.1M/96.9M [01:46<00:07, 1.08MB/s]
վ'ᴗ' ի-:  93%|█████████▎| 90.2M/96.9M [01:47<00:06, 1.10MB/s]
վ'ᴗ' ի-:  94%|█████████▍| 91.2M/96.9M [01:48<00:05, 1.10MB/s]
վ'ᴗ' ի-:  95%|█████████▌| 92.3M/96.9M [01:49<00:04, 1.09MB/s]
վ'ᴗ' ի-:  96%|█████████▋| 93.3M/96.9M [01:50<00:03, 1.07MB/s]
վ'ᴗ' ի-:  97%|█████████▋| 94.4M/96.9M [01:51<00:02, 1.10MB/s]
վ'ᴗ' ի-:  98%|█████████▊| 95.4M/96.9M [01:52<00:01, 1.07MB/s]
վ'ᴗ' ի-: 100%|█████████▉| 96.5M/96.9M [01:53<00:00, 1.10MB/s]
վ'ᴗ' ի-: 100%|██████████| 96.9M/96.9M [01:53<00:00, 1.08MB/s]
վ'ᴗ' ի-: 100%|██████████| 96.9M/96.9M [01:53<00:00, 850kB/s] 
[DataSet] >>> Extracting file to /kaggle/working/STAIR-Enhanced/data/Processed/Amazon2014Sports_550_MMRec
[Amazon2014Sports_550_MMRec] >>> USER:ID,USER | ITEM:ID,ITEM | TIMESTAMP:TIMESTAMP
+--------+--------+-------------------+---------------+--------+--------+-------+------------------------+
| #Users | #Items |      Avg.Len      | #Interactions | #Train | #Valid | #Test |        Density         |
+--------+--------+-------------------+---------------+--------+--------+-------+------------------------+
| 35598  | 18357  | 8.324540704533963 |     296337    | 218409 | 37899  | 40029 | 0.00045348045456958995 |
+--------+--------+-------------------+---------------+--------+--------+-------+------------------------+
[Wall TIME] >>> BaseSet.compile takes 1.305180 seconds ...
[Wall TIME] >>> RecDataSet.to_heterograph takes 0.039808 seconds ...
/usr/local/lib/python3.12/dist-packages/freerec/graph.py:57: UserWarning: Sparse CSR tensor support is in beta state. If you miss a functionality in the sparse tensor support, please submit a feature request to https://github.com/pytorch/pytorch/issues. (Triggered internally at /pytorch/aten/src/ATen/SparseCsrTensorImpl.cpp:49.)
  ).to_sparse_csr()
[Wall TIME] >>> RecDataSet.to_heterograph takes 0.036343 seconds ...
[Wall TIME] >>> GenTrainPositiveSampler.prepare takes 0.085178 seconds ...
[Wall TIME] >>> ValidSampler.prepare takes 0.052582 seconds ...
[Wall TIME] >>> TestSampler.prepare takes 0.059911 seconds ...
[Coach] >>> Set best meter: NDCG@20 
[SBN-BSC v4] Kích hoạt cấu hình bóc tách 'A6_full_sbn_bsc_v4': use_modal=True, use_behavior=True, use_pruning=True
[SBN-BSC v4] ============================================================
[SBN-BSC v4] BẮT ĐẦU TIỀN XỬ LÝ LỌC NHIỄU ĐỒ THỊ SBN-BSC v4
[SBN-BSC v4] ============================================================
[SBN-BSC v4] Config: tau_t=0.150, tau_v=0.100, rho=0.600, lambda=0.500, tau_min=0.050, modal=True, beh=True, prune=True
[SBN-BSC v4] 1. Tiếp nhận 110,142 cạnh kNN thô ban đầu.
[SBN-BSC v4] 2. Modal Quality q_modal: mean=0.4223, max=0.8746, non-zero=107,100 (97.24%)
[SBN-BSC v4] 3. Behavioral Ochiai q_beh: mean=0.0145, co-occur count=13,086 (11.88%)
[SBN-BSC v4] 4. Joint Quality q_joint: mean=0.2548, active=107,256 (97.38%)
[SBN-BSC v4] Adaptive Pruning: mu_q=0.2617, sigma_q=0.1044 => Thresh=0.3139. Giữ lại 32,759/110,142 cạnh (29.74%).
[SBN-BSC v4] Laplacian Normalization: degree min=0.0000, max=14.8870, mean=0.8689. Final nnz=35,528
[SBN-BSC v4] ============================================================
[SBN-BSC v4] TIỀN XỬ LÝ HOÀN TẤT TRONG 3252.24 ms | Final nnz=35,528
[SBN-BSC v4] ============================================================
[STAIR-SBN-BSC v4] mAdj registered: nnz=35,528

[Graph Stats: Denoised mAdj]
  Nodes: 18,357
  Edges (nnz): 35,528
  Density: 0.000105
  Degree: min=0, max=23, mean=1.94
  Values: min=0.0461, max=1.0000, mean=0.2942
  Est. Memory: 0.34 MB
[Wall TIME] >>> ChiefCoach.valid takes 4.538363 seconds ...
[Coach] >>> Better ***NDCG@20*** of ***0.0223*** 
[Coach] >>> TRAIN @Epoch: 0    >>> 
[Coach] >>> VALID @Epoch: 0    >>>  || RECALL@1 Avg: 0.0058 || RECALL@10 Avg: 0.0343 || RECALL@20 Avg: 0.0511 || NDCG@10 Avg: 0.0180 || NDCG@20 Avg: 0.0223
[Coach] >>> TEST  @Epoch: 0    >>> 
[Wall TIME] >>> ChiefCoach.train takes 5.115228 seconds ...
[Coach] >>> TRAIN @Epoch: 1    >>>  || LOSS Avg: 0.60909
[Coach] >>> VALID @Epoch: 1    >>> 
[Coach] >>> TEST  @Epoch: 1    >>> 
[Wall TIME] >>> ChiefCoach.train takes 3.870444 seconds ...
[Coach] >>> TRAIN @Epoch: 2    >>>  || LOSS Avg: 0.56634
[Coach] >>> VALID @Epoch: 2    >>> 
[Coach] >>> TEST  @Epoch: 2    >>> 
[Wall TIME] >>> ChiefCoach.train takes 3.927670 seconds ...
[Coach] >>> TRAIN @Epoch: 3    >>>  || LOSS Avg: 0.51356
[Coach] >>> VALID @Epoch: 3    >>> 
[Coach] >>> TEST  @Epoch: 3    >>> 
[Wall TIME] >>> ChiefCoach.train takes 3.887092 seconds ...
[Coach] >>> TRAIN @Epoch: 4    >>>  || LOSS Avg: 0.45872
[Coach] >>> VALID @Epoch: 4    >>> 
[Coach] >>> TEST  @Epoch: 4    >>> 
[Wall TIME] >>> ChiefCoach.train takes 3.907764 seconds ...
[Wall TIME] >>> ChiefCoach.valid takes 1.705449 seconds ...
[Coach] >>> Better ***NDCG@20*** of ***0.0362*** 
[Coach] >>> TRAIN @Epoch: 5    >>>  || LOSS Avg: 0.40842
[Coach] >>> VALID @Epoch: 5    >>>  || RECALL@1 Avg: 0.0102 || RECALL@10 Avg: 0.0535 || RECALL@20 Avg: 0.0832 || NDCG@10 Avg: 0.0287 || NDCG@20 Avg: 0.0362
[Coach] >>> TEST  @Epoch: 5    >>> 
[Wall TIME] >>> ChiefCoach.train takes 3.850922 seconds ...
[Coach] >>> TRAIN @Epoch: 6    >>>  || LOSS Avg: 0.36529
[Coach] >>> VALID @Epoch: 6    >>> 
[Coach] >>> TEST  @Epoch: 6    >>> 
[Wall TIME] >>> ChiefCoach.train takes 3.845186 seconds ...
[Coach] >>> TRAIN @Epoch: 7    >>>  || LOSS Avg: 0.32954
[Coach] >>> VALID @Epoch: 7    >>> 
[Coach] >>> TEST  @Epoch: 7    >>> 
[Wall TIME] >>> ChiefCoach.train takes 3.883922 seconds ...
[Coach] >>> TRAIN @Epoch: 8    >>>  || LOSS Avg: 0.29962
[Coach] >>> VALID @Epoch: 8    >>> 
[Coach] >>> TEST  @Epoch: 8    >>> 
[Wall TIME] >>> ChiefCoach.train takes 3.875123 seconds ...
[Coach] >>> TRAIN @Epoch: 9    >>>  || LOSS Avg: 0.27504
[Coach] >>> VALID @Epoch: 9    >>> 
[Coach] >>> TEST  @Epoch: 9    >>> 
[Wall TIME] >>> ChiefCoach.train takes 3.925670 seconds ...
[Wall TIME] >>> ChiefCoach.valid takes 1.723463 seconds ...
[Coach] >>> Better ***NDCG@20*** of ***0.0369*** 
[Coach] >>> TRAIN @Epoch: 10   >>>  || LOSS Avg: 0.25424
[Coach] >>> VALID @Epoch: 10   >>>  || RECALL@1 Avg: 0.0105 || RECALL@10 Avg: 0.0543 || RECALL@20 Avg: 0.0843 || NDCG@10 Avg: 0.0293 || NDCG@20 Avg: 0.0369
[Coach] >>> TEST  @Epoch: 10   >>> 
[Wall TIME] >>> ChiefCoach.train takes 3.848026 seconds ...
[Coach] >>> TRAIN @Epoch: 11   >>>  || LOSS Avg: 0.23685
[Coach] >>> VALID @Epoch: 11   >>> 
[Coach] >>> TEST  @Epoch: 11   >>> 
[Wall TIME] >>> ChiefCoach.train takes 4.919581 seconds ...
[Coach] >>> TRAIN @Epoch: 12   >>>  || LOSS Avg: 0.22145
[Coach] >>> VALID @Epoch: 12   >>> 
[Coach] >>> TEST  @Epoch: 12   >>> 
[Wall TIME] >>> ChiefCoach.train takes 3.889448 seconds ...
[Coach] >>> TRAIN @Epoch: 13   >>>  || LOSS Avg: 0.20763
[Coach] >>> VALID @Epoch: 13   >>> 
[Coach] >>> TEST  @Epoch: 13   >>> 
[Wall TIME] >>> ChiefCoach.train takes 3.899846 seconds ...
[Coach] >>> TRAIN @Epoch: 14   >>>  || LOSS Avg: 0.19607
[Coach] >>> VALID @Epoch: 14   >>> 
[Coach] >>> TEST  @Epoch: 14   >>> 
[Wall TIME] >>> ChiefCoach.train takes 3.831557 seconds ...
[Wall TIME] >>> ChiefCoach.valid takes 1.711001 seconds ...
[Coach] >>> Better ***NDCG@20*** of ***0.0377*** 
[Coach] >>> TRAIN @Epoch: 15   >>>  || LOSS Avg: 0.18558
[Coach] >>> VALID @Epoch: 15   >>>  || RECALL@1 Avg: 0.0107 || RECALL@10 Avg: 0.0558 || RECALL@20 Avg: 0.0858 || NDCG@10 Avg: 0.0300 || NDCG@20 Avg: 0.0377
[Coach] >>> TEST  @Epoch: 15   >>> 
[Wall TIME] >>> ChiefCoach.train takes 3.837035 seconds ...
[Coach] >>> TRAIN @Epoch: 16   >>>  || LOSS Avg: 0.17630
[Coach] >>> VALID @Epoch: 16   >>> 
[Coach] >>> TEST  @Epoch: 16   >>> 
[Wall TIME] >>> ChiefCoach.train takes 3.874875 seconds ...
[Coach] >>> TRAIN @Epoch: 17   >>>  || LOSS Avg: 0.16779
[Coach] >>> VALID @Epoch: 17   >>> 
[Coach] >>> TEST  @Epoch: 17   >>> 
[Wall TIME] >>> ChiefCoach.train takes 3.845974 seconds ...
[Coach] >>> TRAIN @Epoch: 18   >>>  || LOSS Avg: 0.16005
[Coach] >>> VALID @Epoch: 18   >>> 
[Coach] >>> TEST  @Epoch: 18   >>> 
[Wall TIME] >>> ChiefCoach.train takes 3.851949 seconds ...
[Coach] >>> TRAIN @Epoch: 19   >>>  || LOSS Avg: 0.15332
[Coach] >>> VALID @Epoch: 19   >>> 
[Coach] >>> TEST  @Epoch: 19   >>> 
[Wall TIME] >>> ChiefCoach.train takes 3.823996 seconds ...
[Wall TIME] >>> ChiefCoach.valid takes 1.705121 seconds ...
[Coach] >>> Better ***NDCG@20*** of ***0.0387*** 
[Coach] >>> TRAIN @Epoch: 20   >>>  || LOSS Avg: 0.14697
[Coach] >>> VALID @Epoch: 20   >>>  || RECALL@1 Avg: 0.0112 || RECALL@10 Avg: 0.0566 || RECALL@20 Avg: 0.0888 || NDCG@10 Avg: 0.0305 || NDCG@20 Avg: 0.0387
[Coach] >>> TEST  @Epoch: 20   >>> 
[Wall TIME] >>> ChiefCoach.train takes 3.872540 seconds ...
[Coach] >>> TRAIN @Epoch: 21   >>>  || LOSS Avg: 0.14122
[Coach] >>> VALID @Epoch: 21   >>> 
[Coach] >>> TEST  @Epoch: 21   >>> 
[Wall TIME] >>> ChiefCoach.train takes 3.901255 seconds ...
[Coach] >>> TRAIN @Epoch: 22   >>>  || LOSS Avg: 0.13698
[Coach] >>> VALID @Epoch: 22   >>> 
[Coach] >>> TEST  @Epoch: 22   >>> 
[Wall TIME] >>> ChiefCoach.train takes 3.833638 seconds ...
[Coach] >>> TRAIN @Epoch: 23   >>>  || LOSS Avg: 0.13072
[Coach] >>> VALID @Epoch: 23   >>> 
[Coach] >>> TEST  @Epoch: 23   >>> 
[Wall TIME] >>> ChiefCoach.train takes 3.882028 seconds ...
[Coach] >>> TRAIN @Epoch: 24   >>>  || LOSS Avg: 0.12599
[Coach] >>> VALID @Epoch: 24   >>> 
[Coach] >>> TEST  @Epoch: 24   >>> 
[Wall TIME] >>> ChiefCoach.train takes 3.876236 seconds ...
[Wall TIME] >>> ChiefCoach.valid takes 1.722691 seconds ...
[Coach] >>> Better ***NDCG@20*** of ***0.0394*** 
[Coach] >>> TRAIN @Epoch: 25   >>>  || LOSS Avg: 0.12209
[Coach] >>> VALID @Epoch: 25   >>>  || RECALL@1 Avg: 0.0114 || RECALL@10 Avg: 0.0582 || RECALL@20 Avg: 0.0903 || NDCG@10 Avg: 0.0313 || NDCG@20 Avg: 0.0394
[Coach] >>> TEST  @Epoch: 25   >>> 
[Wall TIME] >>> ChiefCoach.train takes 4.417284 seconds ...
[Coach] >>> TRAIN @Epoch: 26   >>>  || LOSS Avg: 0.11735
[Coach] >>> VALID @Epoch: 26   >>> 
[Coach] >>> TEST  @Epoch: 26   >>> 
[Wall TIME] >>> ChiefCoach.train takes 3.835633 seconds ...
[Coach] >>> TRAIN @Epoch: 27   >>>  || LOSS Avg: 0.11410
[Coach] >>> VALID @Epoch: 27   >>> 
[Coach] >>> TEST  @Epoch: 27   >>> 
[Wall TIME] >>> ChiefCoach.train takes 3.878502 seconds ...
[Coach] >>> TRAIN @Epoch: 28   >>>  || LOSS Avg: 0.11041
[Coach] >>> VALID @Epoch: 28   >>> 
[Coach] >>> TEST  @Epoch: 28   >>> 
[Wall TIME] >>> ChiefCoach.train takes 3.884627 seconds ...
[Coach] >>> TRAIN @Epoch: 29   >>>  || LOSS Avg: 0.10723
[Coach] >>> VALID @Epoch: 29   >>> 
[Coach] >>> TEST  @Epoch: 29   >>> 
[Wall TIME] >>> ChiefCoach.train takes 3.941165 seconds ...
[Wall TIME] >>> ChiefCoach.valid takes 1.707325 seconds ...
[Coach] >>> Better ***NDCG@20*** of ***0.0400*** 
[Coach] >>> TRAIN @Epoch: 30   >>>  || LOSS Avg: 0.10417
[Coach] >>> VALID @Epoch: 30   >>>  || RECALL@1 Avg: 0.0119 || RECALL@10 Avg: 0.0583 || RECALL@20 Avg: 0.0912 || NDCG@10 Avg: 0.0316 || NDCG@20 Avg: 0.0400
[Coach] >>> TEST  @Epoch: 30   >>> 
[Wall TIME] >>> ChiefCoach.train takes 3.907552 seconds ...
[Coach] >>> TRAIN @Epoch: 31   >>>  || LOSS Avg: 0.10146
[Coach] >>> VALID @Epoch: 31   >>> 
[Coach] >>> TEST  @Epoch: 31   >>> 
[Wall TIME] >>> ChiefCoach.train takes 3.894214 seconds ...
[Coach] >>> TRAIN @Epoch: 32   >>>  || LOSS Avg: 0.09826
[Coach] >>> VALID @Epoch: 32   >>> 
[Coach] >>> TEST  @Epoch: 32   >>> 
[Wall TIME] >>> ChiefCoach.train takes 3.907999 seconds ...
[Coach] >>> TRAIN @Epoch: 33   >>>  || LOSS Avg: 0.09522
[Coach] >>> VALID @Epoch: 33   >>> 
[Coach] >>> TEST  @Epoch: 33   >>> 
[Wall TIME] >>> ChiefCoach.train takes 3.894528 seconds ...
[Coach] >>> TRAIN @Epoch: 34   >>>  || LOSS Avg: 0.09366
[Coach] >>> VALID @Epoch: 34   >>> 
[Coach] >>> TEST  @Epoch: 34   >>> 
[Wall TIME] >>> ChiefCoach.train takes 3.918094 seconds ...
[Wall TIME] >>> ChiefCoach.valid takes 1.726880 seconds ...
[Coach] >>> Better ***NDCG@20*** of ***0.0405*** 
[Coach] >>> TRAIN @Epoch: 35   >>>  || LOSS Avg: 0.09138
[Coach] >>> VALID @Epoch: 35   >>>  || RECALL@1 Avg: 0.0119 || RECALL@10 Avg: 0.0596 || RECALL@20 Avg: 0.0924 || NDCG@10 Avg: 0.0321 || NDCG@20 Avg: 0.0405
[Coach] >>> TEST  @Epoch: 35   >>> 
[Wall TIME] >>> ChiefCoach.train takes 3.878258 seconds ...
[Coach] >>> TRAIN @Epoch: 36   >>>  || LOSS Avg: 0.08889
[Coach] >>> VALID @Epoch: 36   >>> 
[Coach] >>> TEST  @Epoch: 36   >>> 
[Wall TIME] >>> ChiefCoach.train takes 3.926112 seconds ...
[Coach] >>> TRAIN @Epoch: 37   >>>  || LOSS Avg: 0.08688
[Coach] >>> VALID @Epoch: 37   >>> 
[Coach] >>> TEST  @Epoch: 37   >>> 
[Wall TIME] >>> ChiefCoach.train takes 3.876585 seconds ...
[Coach] >>> TRAIN @Epoch: 38   >>>  || LOSS Avg: 0.08473
[Coach] >>> VALID @Epoch: 38   >>> 
[Coach] >>> TEST  @Epoch: 38   >>> 
[Wall TIME] >>> ChiefCoach.train takes 3.829706 seconds ...
[Coach] >>> TRAIN @Epoch: 39   >>>  || LOSS Avg: 0.08282
[Coach] >>> VALID @Epoch: 39   >>> 
[Coach] >>> TEST  @Epoch: 39   >>> 
[Wall TIME] >>> ChiefCoach.train takes 4.446960 seconds ...
[Wall TIME] >>> ChiefCoach.valid takes 1.702477 seconds ...
[Coach] >>> Better ***NDCG@20*** of ***0.0411*** 
[Coach] >>> TRAIN @Epoch: 40   >>>  || LOSS Avg: 0.08146
[Coach] >>> VALID @Epoch: 40   >>>  || RECALL@1 Avg: 0.0121 || RECALL@10 Avg: 0.0602 || RECALL@20 Avg: 0.0939 || NDCG@10 Avg: 0.0326 || NDCG@20 Avg: 0.0411
[Coach] >>> TEST  @Epoch: 40   >>> 
[Wall TIME] >>> ChiefCoach.train takes 3.893003 seconds ...
[Coach] >>> TRAIN @Epoch: 41   >>>  || LOSS Avg: 0.07951
[Coach] >>> VALID @Epoch: 41   >>> 
[Coach] >>> TEST  @Epoch: 41   >>> 
[Wall TIME] >>> ChiefCoach.train takes 3.890416 seconds ...
[Coach] >>> TRAIN @Epoch: 42   >>>  || LOSS Avg: 0.07845
[Coach] >>> VALID @Epoch: 42   >>> 
[Coach] >>> TEST  @Epoch: 42   >>> 
[Wall TIME] >>> ChiefCoach.train takes 3.851782 seconds ...
[Coach] >>> TRAIN @Epoch: 43   >>>  || LOSS Avg: 0.07626
[Coach] >>> VALID @Epoch: 43   >>> 
[Coach] >>> TEST  @Epoch: 43   >>> 
[Wall TIME] >>> ChiefCoach.train takes 3.866690 seconds ...
[Coach] >>> TRAIN @Epoch: 44   >>>  || LOSS Avg: 0.07493
[Coach] >>> VALID @Epoch: 44   >>> 
[Coach] >>> TEST  @Epoch: 44   >>> 
[Wall TIME] >>> ChiefCoach.train takes 3.827026 seconds ...
[Wall TIME] >>> ChiefCoach.valid takes 1.713463 seconds ...
[Coach] >>> Better ***NDCG@20*** of ***0.0415*** 
[Coach] >>> TRAIN @Epoch: 45   >>>  || LOSS Avg: 0.07316
[Coach] >>> VALID @Epoch: 45   >>>  || RECALL@1 Avg: 0.0121 || RECALL@10 Avg: 0.0606 || RECALL@20 Avg: 0.0947 || NDCG@10 Avg: 0.0328 || NDCG@20 Avg: 0.0415
[Coach] >>> TEST  @Epoch: 45   >>> 
[Wall TIME] >>> ChiefCoach.train takes 3.920542 seconds ...
[Coach] >>> TRAIN @Epoch: 46   >>>  || LOSS Avg: 0.07261
[Coach] >>> VALID @Epoch: 46   >>> 
[Coach] >>> TEST  @Epoch: 46   >>> 
[Wall TIME] >>> ChiefCoach.train takes 3.852148 seconds ...
[Coach] >>> TRAIN @Epoch: 47   >>>  || LOSS Avg: 0.07082
[Coach] >>> VALID @Epoch: 47   >>> 
[Coach] >>> TEST  @Epoch: 47   >>> 
[Wall TIME] >>> ChiefCoach.train takes 3.867180 seconds ...
[Coach] >>> TRAIN @Epoch: 48   >>>  || LOSS Avg: 0.06987
[Coach] >>> VALID @Epoch: 48   >>> 
[Coach] >>> TEST  @Epoch: 48   >>> 
[Wall TIME] >>> ChiefCoach.train takes 3.926854 seconds ...
[Coach] >>> TRAIN @Epoch: 49   >>>  || LOSS Avg: 0.06825
[Coach] >>> VALID @Epoch: 49   >>> 
[Coach] >>> TEST  @Epoch: 49   >>> 
[Wall TIME] >>> ChiefCoach.train takes 3.856117 seconds ...
[Wall TIME] >>> ChiefCoach.valid takes 1.733326 seconds ...
[Coach] >>> Better ***NDCG@20*** of ***0.0416*** 
[Coach] >>> TRAIN @Epoch: 50   >>>  || LOSS Avg: 0.06736
[Coach] >>> VALID @Epoch: 50   >>>  || RECALL@1 Avg: 0.0122 || RECALL@10 Avg: 0.0612 || RECALL@20 Avg: 0.0953 || NDCG@10 Avg: 0.0330 || NDCG@20 Avg: 0.0416
[Coach] >>> TEST  @Epoch: 50   >>> 
[Wall TIME] >>> ChiefCoach.train takes 3.910682 seconds ...
[Coach] >>> TRAIN @Epoch: 51   >>>  || LOSS Avg: 0.06673
[Coach] >>> VALID @Epoch: 51   >>> 
[Coach] >>> TEST  @Epoch: 51   >>> 
[Wall TIME] >>> ChiefCoach.train takes 3.881240 seconds ...
[Coach] >>> TRAIN @Epoch: 52   >>>  || LOSS Avg: 0.06532
[Coach] >>> VALID @Epoch: 52   >>> 
[Coach] >>> TEST  @Epoch: 52   >>> 
[Wall TIME] >>> ChiefCoach.train takes 3.887491 seconds ...
[Coach] >>> TRAIN @Epoch: 53   >>>  || LOSS Avg: 0.06383
[Coach] >>> VALID @Epoch: 53   >>> 
[Coach] >>> TEST  @Epoch: 53   >>> 
[Wall TIME] >>> ChiefCoach.train takes 3.928447 seconds ...
[Coach] >>> TRAIN @Epoch: 54   >>>  || LOSS Avg: 0.06313
[Coach] >>> VALID @Epoch: 54   >>> 
[Coach] >>> TEST  @Epoch: 54   >>> 
[Wall TIME] >>> ChiefCoach.train takes 4.472355 seconds ...
[Wall TIME] >>> ChiefCoach.valid takes 1.793529 seconds ...
[Coach] >>> Better ***NDCG@20*** of ***0.0421*** 
[Coach] >>> TRAIN @Epoch: 55   >>>  || LOSS Avg: 0.06249
[Coach] >>> VALID @Epoch: 55   >>>  || RECALL@1 Avg: 0.0122 || RECALL@10 Avg: 0.0618 || RECALL@20 Avg: 0.0965 || NDCG@10 Avg: 0.0333 || NDCG@20 Avg: 0.0421
[Coach] >>> TEST  @Epoch: 55   >>> 
[Wall TIME] >>> ChiefCoach.train takes 3.835672 seconds ...
[Coach] >>> TRAIN @Epoch: 56   >>>  || LOSS Avg: 0.06153
[Coach] >>> VALID @Epoch: 56   >>> 
[Coach] >>> TEST  @Epoch: 56   >>> 
[Wall TIME] >>> ChiefCoach.train takes 3.809755 seconds ...
[Coach] >>> TRAIN @Epoch: 57   >>>  || LOSS Avg: 0.05968
[Coach] >>> VALID @Epoch: 57   >>> 
[Coach] >>> TEST  @Epoch: 57   >>> 
[Wall TIME] >>> ChiefCoach.train takes 3.901451 seconds ...
[Coach] >>> TRAIN @Epoch: 58   >>>  || LOSS Avg: 0.06011
[Coach] >>> VALID @Epoch: 58   >>> 
[Coach] >>> TEST  @Epoch: 58   >>> 
[Wall TIME] >>> ChiefCoach.train takes 3.854479 seconds ...
[Coach] >>> TRAIN @Epoch: 59   >>>  || LOSS Avg: 0.05864
[Coach] >>> VALID @Epoch: 59   >>> 
[Coach] >>> TEST  @Epoch: 59   >>> 
[Wall TIME] >>> ChiefCoach.train takes 3.890283 seconds ...
[Wall TIME] >>> ChiefCoach.valid takes 1.729203 seconds ...
[Coach] >>> Better ***NDCG@20*** of ***0.0422*** 
[Coach] >>> TRAIN @Epoch: 60   >>>  || LOSS Avg: 0.05844
[Coach] >>> VALID @Epoch: 60   >>>  || RECALL@1 Avg: 0.0123 || RECALL@10 Avg: 0.0619 || RECALL@20 Avg: 0.0965 || NDCG@10 Avg: 0.0334 || NDCG@20 Avg: 0.0422
[Coach] >>> TEST  @Epoch: 60   >>> 
[Wall TIME] >>> ChiefCoach.train takes 3.921068 seconds ...
[Coach] >>> TRAIN @Epoch: 61   >>>  || LOSS Avg: 0.05730
[Coach] >>> VALID @Epoch: 61   >>> 
[Coach] >>> TEST  @Epoch: 61   >>> 
[Wall TIME] >>> ChiefCoach.train takes 3.882701 seconds ...
[Coach] >>> TRAIN @Epoch: 62   >>>  || LOSS Avg: 0.05653
[Coach] >>> VALID @Epoch: 62   >>> 
[Coach] >>> TEST  @Epoch: 62   >>> 
[Wall TIME] >>> ChiefCoach.train takes 3.872388 seconds ...
[Coach] >>> TRAIN @Epoch: 63   >>>  || LOSS Avg: 0.05616
[Coach] >>> VALID @Epoch: 63   >>> 
[Coach] >>> TEST  @Epoch: 63   >>> 
[Wall TIME] >>> ChiefCoach.train takes 3.835333 seconds ...
[Coach] >>> TRAIN @Epoch: 64   >>>  || LOSS Avg: 0.05584
[Coach] >>> VALID @Epoch: 64   >>> 
[Coach] >>> TEST  @Epoch: 64   >>> 
[Wall TIME] >>> ChiefCoach.train takes 3.839546 seconds ...
[Wall TIME] >>> ChiefCoach.valid takes 1.716153 seconds ...
[Coach] >>> Better ***NDCG@20*** of ***0.0425*** 
[Coach] >>> TRAIN @Epoch: 65   >>>  || LOSS Avg: 0.05487
[Coach] >>> VALID @Epoch: 65   >>>  || RECALL@1 Avg: 0.0125 || RECALL@10 Avg: 0.0625 || RECALL@20 Avg: 0.0971 || NDCG@10 Avg: 0.0337 || NDCG@20 Avg: 0.0425
[Coach] >>> TEST  @Epoch: 65   >>> 
[Wall TIME] >>> ChiefCoach.train takes 3.851031 seconds ...
[Coach] >>> TRAIN @Epoch: 66   >>>  || LOSS Avg: 0.05373
[Coach] >>> VALID @Epoch: 66   >>> 
[Coach] >>> TEST  @Epoch: 66   >>> 
[Wall TIME] >>> ChiefCoach.train takes 3.859932 seconds ...
[Coach] >>> TRAIN @Epoch: 67   >>>  || LOSS Avg: 0.05376
[Coach] >>> VALID @Epoch: 67   >>> 
[Coach] >>> TEST  @Epoch: 67   >>> 
[Wall TIME] >>> ChiefCoach.train takes 3.848528 seconds ...
[Coach] >>> TRAIN @Epoch: 68   >>>  || LOSS Avg: 0.05279
[Coach] >>> VALID @Epoch: 68   >>> 
[Coach] >>> TEST  @Epoch: 68   >>> 
[Wall TIME] >>> ChiefCoach.train takes 4.493357 seconds ...
[Coach] >>> TRAIN @Epoch: 69   >>>  || LOSS Avg: 0.05250
[Coach] >>> VALID @Epoch: 69   >>> 
[Coach] >>> TEST  @Epoch: 69   >>> 
[Wall TIME] >>> ChiefCoach.train takes 3.865963 seconds ...
[Wall TIME] >>> ChiefCoach.valid takes 1.710179 seconds ...
[Coach] >>> Better ***NDCG@20*** of ***0.0427*** 
[Coach] >>> TRAIN @Epoch: 70   >>>  || LOSS Avg: 0.05172
[Coach] >>> VALID @Epoch: 70   >>>  || RECALL@1 Avg: 0.0128 || RECALL@10 Avg: 0.0628 || RECALL@20 Avg: 0.0967 || NDCG@10 Avg: 0.0341 || NDCG@20 Avg: 0.0427
[Coach] >>> TEST  @Epoch: 70   >>> 
[Wall TIME] >>> ChiefCoach.train takes 3.915824 seconds ...
[Coach] >>> TRAIN @Epoch: 71   >>>  || LOSS Avg: 0.05116
[Coach] >>> VALID @Epoch: 71   >>> 
[Coach] >>> TEST  @Epoch: 71   >>> 
[Wall TIME] >>> ChiefCoach.train takes 3.867300 seconds ...
[Coach] >>> TRAIN @Epoch: 72   >>>  || LOSS Avg: 0.05084
[Coach] >>> VALID @Epoch: 72   >>> 
[Coach] >>> TEST  @Epoch: 72   >>> 
[Wall TIME] >>> ChiefCoach.train takes 3.868598 seconds ...
[Coach] >>> TRAIN @Epoch: 73   >>>  || LOSS Avg: 0.05062
[Coach] >>> VALID @Epoch: 73   >>> 
[Coach] >>> TEST  @Epoch: 73   >>> 
[Wall TIME] >>> ChiefCoach.train takes 3.881823 seconds ...
[Coach] >>> TRAIN @Epoch: 74   >>>  || LOSS Avg: 0.04993
[Coach] >>> VALID @Epoch: 74   >>> 
[Coach] >>> TEST  @Epoch: 74   >>> 
[Wall TIME] >>> ChiefCoach.train takes 3.839473 seconds ...
[Wall TIME] >>> ChiefCoach.valid takes 1.706832 seconds ...
[Coach] >>> Better ***NDCG@20*** of ***0.0430*** 
[Coach] >>> TRAIN @Epoch: 75   >>>  || LOSS Avg: 0.04916
[Coach] >>> VALID @Epoch: 75   >>>  || RECALL@1 Avg: 0.0129 || RECALL@10 Avg: 0.0628 || RECALL@20 Avg: 0.0976 || NDCG@10 Avg: 0.0341 || NDCG@20 Avg: 0.0430
[Coach] >>> TEST  @Epoch: 75   >>> 
[Wall TIME] >>> ChiefCoach.train takes 3.893905 seconds ...
[Coach] >>> TRAIN @Epoch: 76   >>>  || LOSS Avg: 0.04883
[Coach] >>> VALID @Epoch: 76   >>> 
[Coach] >>> TEST  @Epoch: 76   >>> 
[Wall TIME] >>> ChiefCoach.train takes 3.852386 seconds ...
[Coach] >>> TRAIN @Epoch: 77   >>>  || LOSS Avg: 0.04830
[Coach] >>> VALID @Epoch: 77   >>> 
[Coach] >>> TEST  @Epoch: 77   >>> 
[Wall TIME] >>> ChiefCoach.train takes 3.898683 seconds ...
[Coach] >>> TRAIN @Epoch: 78   >>>  || LOSS Avg: 0.04783
[Coach] >>> VALID @Epoch: 78   >>> 
[Coach] >>> TEST  @Epoch: 78   >>> 
[Wall TIME] >>> ChiefCoach.train takes 3.930051 seconds ...
[Coach] >>> TRAIN @Epoch: 79   >>>  || LOSS Avg: 0.04733
[Coach] >>> VALID @Epoch: 79   >>> 
[Coach] >>> TEST  @Epoch: 79   >>> 
[Wall TIME] >>> ChiefCoach.train takes 3.885267 seconds ...
[Wall TIME] >>> ChiefCoach.valid takes 1.703654 seconds ...
[Coach] >>> TRAIN @Epoch: 80   >>>  || LOSS Avg: 0.04746
[Coach] >>> VALID @Epoch: 80   >>>  || RECALL@1 Avg: 0.0126 || RECALL@10 Avg: 0.0625 || RECALL@20 Avg: 0.0977 || NDCG@10 Avg: 0.0338 || NDCG@20 Avg: 0.0428
[Coach] >>> TEST  @Epoch: 80   >>> 
[Wall TIME] >>> ChiefCoach.train takes 3.859772 seconds ...
[Coach] >>> TRAIN @Epoch: 81   >>>  || LOSS Avg: 0.04713
[Coach] >>> VALID @Epoch: 81   >>> 
[Coach] >>> TEST  @Epoch: 81   >>> 
[Wall TIME] >>> ChiefCoach.train takes 3.885603 seconds ...
[Coach] >>> TRAIN @Epoch: 82   >>>  || LOSS Avg: 0.04610
[Coach] >>> VALID @Epoch: 82   >>> 
[Coach] >>> TEST  @Epoch: 82   >>> 
[Wall TIME] >>> ChiefCoach.train takes 4.424132 seconds ...
[Coach] >>> TRAIN @Epoch: 83   >>>  || LOSS Avg: 0.04601
[Coach] >>> VALID @Epoch: 83   >>> 
[Coach] >>> TEST  @Epoch: 83   >>> 
[Wall TIME] >>> ChiefCoach.train takes 3.881850 seconds ...
[Coach] >>> TRAIN @Epoch: 84   >>>  || LOSS Avg: 0.04565
[Coach] >>> VALID @Epoch: 84   >>> 
[Coach] >>> TEST  @Epoch: 84   >>> 
[Wall TIME] >>> ChiefCoach.train takes 3.872124 seconds ...
[Wall TIME] >>> ChiefCoach.valid takes 1.733787 seconds ...
[Coach] >>> TRAIN @Epoch: 85   >>>  || LOSS Avg: 0.04524
[Coach] >>> VALID @Epoch: 85   >>>  || RECALL@1 Avg: 0.0128 || RECALL@10 Avg: 0.0628 || RECALL@20 Avg: 0.0981 || NDCG@10 Avg: 0.0340 || NDCG@20 Avg: 0.0430
[Coach] >>> TEST  @Epoch: 85   >>> 
[Wall TIME] >>> ChiefCoach.train takes 3.842285 seconds ...
[Coach] >>> TRAIN @Epoch: 86   >>>  || LOSS Avg: 0.04462
[Coach] >>> VALID @Epoch: 86   >>> 
[Coach] >>> TEST  @Epoch: 86   >>> 
[Wall TIME] >>> ChiefCoach.train takes 3.864599 seconds ...
[Coach] >>> TRAIN @Epoch: 87   >>>  || LOSS Avg: 0.04503
[Coach] >>> VALID @Epoch: 87   >>> 
[Coach] >>> TEST  @Epoch: 87   >>> 
[Wall TIME] >>> ChiefCoach.train takes 3.933424 seconds ...
[Coach] >>> TRAIN @Epoch: 88   >>>  || LOSS Avg: 0.04391
[Coach] >>> VALID @Epoch: 88   >>> 
[Coach] >>> TEST  @Epoch: 88   >>> 
[Wall TIME] >>> ChiefCoach.train takes 3.867398 seconds ...
[Coach] >>> TRAIN @Epoch: 89   >>>  || LOSS Avg: 0.04380
[Coach] >>> VALID @Epoch: 89   >>> 
[Coach] >>> TEST  @Epoch: 89   >>> 
[Wall TIME] >>> ChiefCoach.train takes 3.873970 seconds ...
[Wall TIME] >>> ChiefCoach.valid takes 1.723272 seconds ...
[Coach] >>> Better ***NDCG@20*** of ***0.0431*** 
[Coach] >>> TRAIN @Epoch: 90   >>>  || LOSS Avg: 0.04389
[Coach] >>> VALID @Epoch: 90   >>>  || RECALL@1 Avg: 0.0128 || RECALL@10 Avg: 0.0628 || RECALL@20 Avg: 0.0982 || NDCG@10 Avg: 0.0341 || NDCG@20 Avg: 0.0431
[Coach] >>> TEST  @Epoch: 90   >>> 
[Wall TIME] >>> ChiefCoach.train takes 3.888314 seconds ...
[Coach] >>> TRAIN @Epoch: 91   >>>  || LOSS Avg: 0.04326
[Coach] >>> VALID @Epoch: 91   >>> 
[Coach] >>> TEST  @Epoch: 91   >>> 
[Wall TIME] >>> ChiefCoach.train takes 3.880355 seconds ...
[Coach] >>> TRAIN @Epoch: 92   >>>  || LOSS Avg: 0.04297
[Coach] >>> VALID @Epoch: 92   >>> 
[Coach] >>> TEST  @Epoch: 92   >>> 
[Wall TIME] >>> ChiefCoach.train takes 3.991469 seconds ...
[Coach] >>> TRAIN @Epoch: 93   >>>  || LOSS Avg: 0.04286
[Coach] >>> VALID @Epoch: 93   >>> 
[Coach] >>> TEST  @Epoch: 93   >>> 
[Wall TIME] >>> ChiefCoach.train takes 3.884195 seconds ...
[Coach] >>> TRAIN @Epoch: 94   >>>  || LOSS Avg: 0.04272
[Coach] >>> VALID @Epoch: 94   >>> 
[Coach] >>> TEST  @Epoch: 94   >>> 
[Wall TIME] >>> ChiefCoach.train takes 3.859598 seconds ...
[Wall TIME] >>> ChiefCoach.valid takes 1.692038 seconds ...
[Coach] >>> Better ***NDCG@20*** of ***0.0431*** 
[Coach] >>> TRAIN @Epoch: 95   >>>  || LOSS Avg: 0.04171
[Coach] >>> VALID @Epoch: 95   >>>  || RECALL@1 Avg: 0.0131 || RECALL@10 Avg: 0.0631 || RECALL@20 Avg: 0.0978 || NDCG@10 Avg: 0.0343 || NDCG@20 Avg: 0.0431
[Coach] >>> TEST  @Epoch: 95   >>> 
[Wall TIME] >>> ChiefCoach.train takes 3.868616 seconds ...
[Coach] >>> TRAIN @Epoch: 96   >>>  || LOSS Avg: 0.04209
[Coach] >>> VALID @Epoch: 96   >>> 
[Coach] >>> TEST  @Epoch: 96   >>> 
[Wall TIME] >>> ChiefCoach.train takes 4.421682 seconds ...
[Coach] >>> TRAIN @Epoch: 97   >>>  || LOSS Avg: 0.04184
[Coach] >>> VALID @Epoch: 97   >>> 
[Coach] >>> TEST  @Epoch: 97   >>> 
[Wall TIME] >>> ChiefCoach.train takes 3.855356 seconds ...
[Coach] >>> TRAIN @Epoch: 98   >>>  || LOSS Avg: 0.04138
[Coach] >>> VALID @Epoch: 98   >>> 
[Coach] >>> TEST  @Epoch: 98   >>> 
[Wall TIME] >>> ChiefCoach.train takes 3.910596 seconds ...
[Coach] >>> TRAIN @Epoch: 99   >>>  || LOSS Avg: 0.04124
[Coach] >>> VALID @Epoch: 99   >>> 
[Coach] >>> TEST  @Epoch: 99   >>> 
[Wall TIME] >>> ChiefCoach.train takes 3.870241 seconds ...
[Wall TIME] >>> ChiefCoach.valid takes 1.716060 seconds ...
[Coach] >>> TRAIN @Epoch: 100  >>>  || LOSS Avg: 0.04085
[Coach] >>> VALID @Epoch: 100  >>>  || RECALL@1 Avg: 0.0127 || RECALL@10 Avg: 0.0635 || RECALL@20 Avg: 0.0985 || NDCG@10 Avg: 0.0342 || NDCG@20 Avg: 0.0431
[Coach] >>> TEST  @Epoch: 100  >>> 
[Wall TIME] >>> ChiefCoach.train takes 3.953997 seconds ...
[Coach] >>> TRAIN @Epoch: 101  >>>  || LOSS Avg: 0.04068
[Coach] >>> VALID @Epoch: 101  >>> 
[Coach] >>> TEST  @Epoch: 101  >>> 
[Wall TIME] >>> ChiefCoach.train takes 3.862091 seconds ...
[Coach] >>> TRAIN @Epoch: 102  >>>  || LOSS Avg: 0.04067
[Coach] >>> VALID @Epoch: 102  >>> 
[Coach] >>> TEST  @Epoch: 102  >>> 
[Wall TIME] >>> ChiefCoach.train takes 3.843494 seconds ...
[Coach] >>> TRAIN @Epoch: 103  >>>  || LOSS Avg: 0.04033
[Coach] >>> VALID @Epoch: 103  >>> 
[Coach] >>> TEST  @Epoch: 103  >>> 
[Wall TIME] >>> ChiefCoach.train takes 3.905419 seconds ...
[Coach] >>> TRAIN @Epoch: 104  >>>  || LOSS Avg: 0.04021
[Coach] >>> VALID @Epoch: 104  >>> 
[Coach] >>> TEST  @Epoch: 104  >>> 
[Wall TIME] >>> ChiefCoach.train takes 3.888162 seconds ...
[Wall TIME] >>> ChiefCoach.valid takes 1.731935 seconds ...
[Coach] >>> Better ***NDCG@20*** of ***0.0433*** 
[Coach] >>> TRAIN @Epoch: 105  >>>  || LOSS Avg: 0.03977
[Coach] >>> VALID @Epoch: 105  >>>  || RECALL@1 Avg: 0.0127 || RECALL@10 Avg: 0.0630 || RECALL@20 Avg: 0.0988 || NDCG@10 Avg: 0.0342 || NDCG@20 Avg: 0.0433
[Coach] >>> TEST  @Epoch: 105  >>> 
[Wall TIME] >>> ChiefCoach.train takes 3.920146 seconds ...
[Coach] >>> TRAIN @Epoch: 106  >>>  || LOSS Avg: 0.03937
[Coach] >>> VALID @Epoch: 106  >>> 
[Coach] >>> TEST  @Epoch: 106  >>> 
[Wall TIME] >>> ChiefCoach.train takes 3.859332 seconds ...
[Coach] >>> TRAIN @Epoch: 107  >>>  || LOSS Avg: 0.03926
[Coach] >>> VALID @Epoch: 107  >>> 
[Coach] >>> TEST  @Epoch: 107  >>> 
[Wall TIME] >>> ChiefCoach.train takes 3.839827 seconds ...
[Coach] >>> TRAIN @Epoch: 108  >>>  || LOSS Avg: 0.03907
[Coach] >>> VALID @Epoch: 108  >>> 
[Coach] >>> TEST  @Epoch: 108  >>> 
[Wall TIME] >>> ChiefCoach.train takes 3.855595 seconds ...
[Coach] >>> TRAIN @Epoch: 109  >>>  || LOSS Avg: 0.03929
[Coach] >>> VALID @Epoch: 109  >>> 
[Coach] >>> TEST  @Epoch: 109  >>> 
[Wall TIME] >>> ChiefCoach.train takes 3.829872 seconds ...
[Wall TIME] >>> ChiefCoach.valid takes 1.704667 seconds ...
[Coach] >>> Better ***NDCG@20*** of ***0.0433*** 
[Coach] >>> TRAIN @Epoch: 110  >>>  || LOSS Avg: 0.03894
[Coach] >>> VALID @Epoch: 110  >>>  || RECALL@1 Avg: 0.0129 || RECALL@10 Avg: 0.0636 || RECALL@20 Avg: 0.0985 || NDCG@10 Avg: 0.0345 || NDCG@20 Avg: 0.0433
[Coach] >>> TEST  @Epoch: 110  >>> 
[Wall TIME] >>> ChiefCoach.train takes 3.911088 seconds ...
[Coach] >>> TRAIN @Epoch: 111  >>>  || LOSS Avg: 0.03854
[Coach] >>> VALID @Epoch: 111  >>> 
[Coach] >>> TEST  @Epoch: 111  >>> 
[Wall TIME] >>> ChiefCoach.train takes 4.537129 seconds ...
[Coach] >>> TRAIN @Epoch: 112  >>>  || LOSS Avg: 0.03865
[Coach] >>> VALID @Epoch: 112  >>> 
[Coach] >>> TEST  @Epoch: 112  >>> 
[Wall TIME] >>> ChiefCoach.train takes 3.924144 seconds ...
[Coach] >>> TRAIN @Epoch: 113  >>>  || LOSS Avg: 0.03829
[Coach] >>> VALID @Epoch: 113  >>> 
[Coach] >>> TEST  @Epoch: 113  >>> 
[Wall TIME] >>> ChiefCoach.train takes 3.944598 seconds ...
[Coach] >>> TRAIN @Epoch: 114  >>>  || LOSS Avg: 0.03809
[Coach] >>> VALID @Epoch: 114  >>> 
[Coach] >>> TEST  @Epoch: 114  >>> 
[Wall TIME] >>> ChiefCoach.train takes 3.893853 seconds ...
[Wall TIME] >>> ChiefCoach.valid takes 1.745592 seconds ...
[Coach] >>> Better ***NDCG@20*** of ***0.0434*** 
[Coach] >>> TRAIN @Epoch: 115  >>>  || LOSS Avg: 0.03797
[Coach] >>> VALID @Epoch: 115  >>>  || RECALL@1 Avg: 0.0129 || RECALL@10 Avg: 0.0637 || RECALL@20 Avg: 0.0985 || NDCG@10 Avg: 0.0346 || NDCG@20 Avg: 0.0434
[Coach] >>> TEST  @Epoch: 115  >>> 
[Wall TIME] >>> ChiefCoach.train takes 3.922351 seconds ...
[Coach] >>> TRAIN @Epoch: 116  >>>  || LOSS Avg: 0.03773
[Coach] >>> VALID @Epoch: 116  >>> 
[Coach] >>> TEST  @Epoch: 116  >>> 
[Wall TIME] >>> ChiefCoach.train takes 3.966893 seconds ...
[Coach] >>> TRAIN @Epoch: 117  >>>  || LOSS Avg: 0.03801
[Coach] >>> VALID @Epoch: 117  >>> 
[Coach] >>> TEST  @Epoch: 117  >>> 
[Wall TIME] >>> ChiefCoach.train takes 3.898526 seconds ...
[Coach] >>> TRAIN @Epoch: 118  >>>  || LOSS Avg: 0.03765
[Coach] >>> VALID @Epoch: 118  >>> 
[Coach] >>> TEST  @Epoch: 118  >>> 
[Wall TIME] >>> ChiefCoach.train takes 3.864003 seconds ...
[Coach] >>> TRAIN @Epoch: 119  >>>  || LOSS Avg: 0.03736
[Coach] >>> VALID @Epoch: 119  >>> 
[Coach] >>> TEST  @Epoch: 119  >>> 
[Wall TIME] >>> ChiefCoach.train takes 3.924799 seconds ...
[Wall TIME] >>> ChiefCoach.valid takes 1.752148 seconds ...
[Coach] >>> Better ***NDCG@20*** of ***0.0435*** 
[Coach] >>> TRAIN @Epoch: 120  >>>  || LOSS Avg: 0.03742
[Coach] >>> VALID @Epoch: 120  >>>  || RECALL@1 Avg: 0.0128 || RECALL@10 Avg: 0.0637 || RECALL@20 Avg: 0.0991 || NDCG@10 Avg: 0.0345 || NDCG@20 Avg: 0.0435
[Coach] >>> TEST  @Epoch: 120  >>> 
[Wall TIME] >>> ChiefCoach.train takes 3.914615 seconds ...
[Coach] >>> TRAIN @Epoch: 121  >>>  || LOSS Avg: 0.03704
[Coach] >>> VALID @Epoch: 121  >>> 
[Coach] >>> TEST  @Epoch: 121  >>> 
[Wall TIME] >>> ChiefCoach.train takes 3.910195 seconds ...
[Coach] >>> TRAIN @Epoch: 122  >>>  || LOSS Avg: 0.03683
[Coach] >>> VALID @Epoch: 122  >>> 
[Coach] >>> TEST  @Epoch: 122  >>> 
[Wall TIME] >>> ChiefCoach.train takes 3.863292 seconds ...
[Coach] >>> TRAIN @Epoch: 123  >>>  || LOSS Avg: 0.03673
[Coach] >>> VALID @Epoch: 123  >>> 
[Coach] >>> TEST  @Epoch: 123  >>> 
[Wall TIME] >>> ChiefCoach.train takes 3.921370 seconds ...
[Coach] >>> TRAIN @Epoch: 124  >>>  || LOSS Avg: 0.03653
[Coach] >>> VALID @Epoch: 124  >>> 
[Coach] >>> TEST  @Epoch: 124  >>> 
[Wall TIME] >>> ChiefCoach.train takes 3.874826 seconds ...
[Wall TIME] >>> ChiefCoach.valid takes 1.699672 seconds ...
[Coach] >>> TRAIN @Epoch: 125  >>>  || LOSS Avg: 0.03649
[Coach] >>> VALID @Epoch: 125  >>>  || RECALL@1 Avg: 0.0126 || RECALL@10 Avg: 0.0644 || RECALL@20 Avg: 0.0989 || NDCG@10 Avg: 0.0346 || NDCG@20 Avg: 0.0434
[Coach] >>> TEST  @Epoch: 125  >>> 
[Wall TIME] >>> ChiefCoach.train takes 4.494137 seconds ...
[Coach] >>> TRAIN @Epoch: 126  >>>  || LOSS Avg: 0.03633
[Coach] >>> VALID @Epoch: 126  >>> 
[Coach] >>> TEST  @Epoch: 126  >>> 
[Wall TIME] >>> ChiefCoach.train takes 3.881225 seconds ...
[Coach] >>> TRAIN @Epoch: 127  >>>  || LOSS Avg: 0.03615
[Coach] >>> VALID @Epoch: 127  >>> 
[Coach] >>> TEST  @Epoch: 127  >>> 
[Wall TIME] >>> ChiefCoach.train takes 3.882598 seconds ...
[Coach] >>> TRAIN @Epoch: 128  >>>  || LOSS Avg: 0.03571
[Coach] >>> VALID @Epoch: 128  >>> 
[Coach] >>> TEST  @Epoch: 128  >>> 
[Wall TIME] >>> ChiefCoach.train takes 3.907965 seconds ...
[Coach] >>> TRAIN @Epoch: 129  >>>  || LOSS Avg: 0.03594
[Coach] >>> VALID @Epoch: 129  >>> 
[Coach] >>> TEST  @Epoch: 129  >>> 
[Wall TIME] >>> ChiefCoach.train takes 3.889610 seconds ...
[Wall TIME] >>> ChiefCoach.valid takes 1.732273 seconds ...
[Coach] >>> TRAIN @Epoch: 130  >>>  || LOSS Avg: 0.03618
[Coach] >>> VALID @Epoch: 130  >>>  || RECALL@1 Avg: 0.0127 || RECALL@10 Avg: 0.0644 || RECALL@20 Avg: 0.0989 || NDCG@10 Avg: 0.0347 || NDCG@20 Avg: 0.0435
[Coach] >>> TEST  @Epoch: 130  >>> 
[Wall TIME] >>> ChiefCoach.train takes 3.896863 seconds ...
[Coach] >>> TRAIN @Epoch: 131  >>>  || LOSS Avg: 0.03542
[Coach] >>> VALID @Epoch: 131  >>> 
[Coach] >>> TEST  @Epoch: 131  >>> 
[Wall TIME] >>> ChiefCoach.train takes 3.863179 seconds ...
[Coach] >>> TRAIN @Epoch: 132  >>>  || LOSS Avg: 0.03523
[Coach] >>> VALID @Epoch: 132  >>> 
[Coach] >>> TEST  @Epoch: 132  >>> 
[Wall TIME] >>> ChiefCoach.train takes 3.856567 seconds ...
[Coach] >>> TRAIN @Epoch: 133  >>>  || LOSS Avg: 0.03536
[Coach] >>> VALID @Epoch: 133  >>> 
[Coach] >>> TEST  @Epoch: 133  >>> 
[Wall TIME] >>> ChiefCoach.train takes 3.969655 seconds ...
[Coach] >>> TRAIN @Epoch: 134  >>>  || LOSS Avg: 0.03514
[Coach] >>> VALID @Epoch: 134  >>> 
[Coach] >>> TEST  @Epoch: 134  >>> 
[Wall TIME] >>> ChiefCoach.train takes 3.878129 seconds ...
[Wall TIME] >>> ChiefCoach.valid takes 1.720443 seconds ...
[Coach] >>> TRAIN @Epoch: 135  >>>  || LOSS Avg: 0.03486
[Coach] >>> VALID @Epoch: 135  >>>  || RECALL@1 Avg: 0.0126 || RECALL@10 Avg: 0.0647 || RECALL@20 Avg: 0.0991 || NDCG@10 Avg: 0.0347 || NDCG@20 Avg: 0.0435
[Coach] >>> TEST  @Epoch: 135  >>> 
[Wall TIME] >>> ChiefCoach.train takes 3.936184 seconds ...
[Coach] >>> TRAIN @Epoch: 136  >>>  || LOSS Avg: 0.03505
[Coach] >>> VALID @Epoch: 136  >>> 
[Coach] >>> TEST  @Epoch: 136  >>> 
[Wall TIME] >>> ChiefCoach.train takes 3.850915 seconds ...
[Coach] >>> TRAIN @Epoch: 137  >>>  || LOSS Avg: 0.03493
[Coach] >>> VALID @Epoch: 137  >>> 
[Coach] >>> TEST  @Epoch: 137  >>> 
[Wall TIME] >>> ChiefCoach.train takes 3.902900 seconds ...
[Coach] >>> TRAIN @Epoch: 138  >>>  || LOSS Avg: 0.03474
[Coach] >>> VALID @Epoch: 138  >>> 
[Coach] >>> TEST  @Epoch: 138  >>> 
[Wall TIME] >>> ChiefCoach.train takes 3.862494 seconds ...
[Coach] >>> TRAIN @Epoch: 139  >>>  || LOSS Avg: 0.03462
[Coach] >>> VALID @Epoch: 139  >>> 
[Coach] >>> TEST  @Epoch: 139  >>> 
[Wall TIME] >>> ChiefCoach.train takes 4.437896 seconds ...
[Wall TIME] >>> ChiefCoach.valid takes 1.758660 seconds ...
[Coach] >>> TRAIN @Epoch: 140  >>>  || LOSS Avg: 0.03435
[Coach] >>> VALID @Epoch: 140  >>>  || RECALL@1 Avg: 0.0127 || RECALL@10 Avg: 0.0654 || RECALL@20 Avg: 0.0987 || NDCG@10 Avg: 0.0349 || NDCG@20 Avg: 0.0434
[Coach] >>> TEST  @Epoch: 140  >>> 
[Wall TIME] >>> ChiefCoach.train takes 3.903281 seconds ...
[Coach] >>> TRAIN @Epoch: 141  >>>  || LOSS Avg: 0.03440
[Coach] >>> VALID @Epoch: 141  >>> 
[Coach] >>> TEST  @Epoch: 141  >>> 
[Wall TIME] >>> ChiefCoach.train takes 3.862866 seconds ...
[Coach] >>> TRAIN @Epoch: 142  >>>  || LOSS Avg: 0.03437
[Coach] >>> VALID @Epoch: 142  >>> 
[Coach] >>> TEST  @Epoch: 142  >>> 
[Wall TIME] >>> ChiefCoach.train takes 3.909670 seconds ...
[Coach] >>> TRAIN @Epoch: 143  >>>  || LOSS Avg: 0.03417
[Coach] >>> VALID @Epoch: 143  >>> 
[Coach] >>> TEST  @Epoch: 143  >>> 
[Wall TIME] >>> ChiefCoach.train takes 3.889249 seconds ...
[Coach] >>> TRAIN @Epoch: 144  >>>  || LOSS Avg: 0.03402
[Coach] >>> VALID @Epoch: 144  >>> 
[Coach] >>> TEST  @Epoch: 144  >>> 
[Wall TIME] >>> ChiefCoach.train takes 3.909735 seconds ...
[Wall TIME] >>> ChiefCoach.valid takes 1.694089 seconds ...
[Coach] >>> TRAIN @Epoch: 145  >>>  || LOSS Avg: 0.03389
[Coach] >>> VALID @Epoch: 145  >>>  || RECALL@1 Avg: 0.0124 || RECALL@10 Avg: 0.0652 || RECALL@20 Avg: 0.0985 || NDCG@10 Avg: 0.0348 || NDCG@20 Avg: 0.0432
[Coach] >>> TEST  @Epoch: 145  >>> 
[Wall TIME] >>> ChiefCoach.train takes 3.858525 seconds ...
[Coach] >>> TRAIN @Epoch: 146  >>>  || LOSS Avg: 0.03407
[Coach] >>> VALID @Epoch: 146  >>> 
[Coach] >>> TEST  @Epoch: 146  >>> 
[Wall TIME] >>> ChiefCoach.train takes 3.905986 seconds ...
[Coach] >>> TRAIN @Epoch: 147  >>>  || LOSS Avg: 0.03367
[Coach] >>> VALID @Epoch: 147  >>> 
[Coach] >>> TEST  @Epoch: 147  >>> 
[Wall TIME] >>> ChiefCoach.train takes 3.856698 seconds ...
[Coach] >>> TRAIN @Epoch: 148  >>>  || LOSS Avg: 0.03367
[Coach] >>> VALID @Epoch: 148  >>> 
[Coach] >>> TEST  @Epoch: 148  >>> 
[Wall TIME] >>> ChiefCoach.train takes 3.944682 seconds ...
[Coach] >>> TRAIN @Epoch: 149  >>>  || LOSS Avg: 0.03396
[Coach] >>> VALID @Epoch: 149  >>> 
[Coach] >>> TEST  @Epoch: 149  >>> 
[Wall TIME] >>> ChiefCoach.train takes 3.903063 seconds ...
[Wall TIME] >>> ChiefCoach.valid takes 1.669441 seconds ...
[Coach] >>> TRAIN @Epoch: 150  >>>  || LOSS Avg: 0.03341
[Coach] >>> VALID @Epoch: 150  >>>  || RECALL@1 Avg: 0.0125 || RECALL@10 Avg: 0.0648 || RECALL@20 Avg: 0.0984 || NDCG@10 Avg: 0.0347 || NDCG@20 Avg: 0.0432
[Coach] >>> TEST  @Epoch: 150  >>> 
[Wall TIME] >>> ChiefCoach.train takes 3.846258 seconds ...
[Coach] >>> TRAIN @Epoch: 151  >>>  || LOSS Avg: 0.03358
[Coach] >>> VALID @Epoch: 151  >>> 
[Coach] >>> TEST  @Epoch: 151  >>> 
[Wall TIME] >>> ChiefCoach.train takes 3.915422 seconds ...
[Coach] >>> TRAIN @Epoch: 152  >>>  || LOSS Avg: 0.03344
[Coach] >>> VALID @Epoch: 152  >>> 
[Coach] >>> TEST  @Epoch: 152  >>> 
[Wall TIME] >>> ChiefCoach.train takes 3.866504 seconds ...
[Coach] >>> TRAIN @Epoch: 153  >>>  || LOSS Avg: 0.03320
[Coach] >>> VALID @Epoch: 153  >>> 
[Coach] >>> TEST  @Epoch: 153  >>> 
[Wall TIME] >>> ChiefCoach.train takes 3.868219 seconds ...
[Coach] >>> TRAIN @Epoch: 154  >>>  || LOSS Avg: 0.03344
[Coach] >>> VALID @Epoch: 154  >>> 
[Coach] >>> TEST  @Epoch: 154  >>> 
[Wall TIME] >>> ChiefCoach.train takes 4.580589 seconds ...
[Wall TIME] >>> ChiefCoach.valid takes 1.707743 seconds ...
[Coach] >>> TRAIN @Epoch: 155  >>>  || LOSS Avg: 0.03307
[Coach] >>> VALID @Epoch: 155  >>>  || RECALL@1 Avg: 0.0126 || RECALL@10 Avg: 0.0639 || RECALL@20 Avg: 0.0996 || NDCG@10 Avg: 0.0344 || NDCG@20 Avg: 0.0435
[Coach] >>> TEST  @Epoch: 155  >>> 
[Wall TIME] >>> ChiefCoach.train takes 3.881441 seconds ...
[Coach] >>> TRAIN @Epoch: 156  >>>  || LOSS Avg: 0.03311
[Coach] >>> VALID @Epoch: 156  >>> 
[Coach] >>> TEST  @Epoch: 156  >>> 
[Wall TIME] >>> ChiefCoach.train takes 3.889832 seconds ...
[Coach] >>> TRAIN @Epoch: 157  >>>  || LOSS Avg: 0.03299
[Coach] >>> VALID @Epoch: 157  >>> 
[Coach] >>> TEST  @Epoch: 157  >>> 
[Wall TIME] >>> ChiefCoach.train takes 3.855183 seconds ...
[Coach] >>> TRAIN @Epoch: 158  >>>  || LOSS Avg: 0.03257
[Coach] >>> VALID @Epoch: 158  >>> 
[Coach] >>> TEST  @Epoch: 158  >>> 
[Wall TIME] >>> ChiefCoach.train takes 3.950209 seconds ...
[Coach] >>> TRAIN @Epoch: 159  >>>  || LOSS Avg: 0.03313
[Coach] >>> VALID @Epoch: 159  >>> 
[Coach] >>> TEST  @Epoch: 159  >>> 
[Wall TIME] >>> ChiefCoach.train takes 3.918763 seconds ...
[Wall TIME] >>> ChiefCoach.valid takes 1.742177 seconds ...
[Coach] >>> TRAIN @Epoch: 160  >>>  || LOSS Avg: 0.03259
[Coach] >>> VALID @Epoch: 160  >>>  || RECALL@1 Avg: 0.0128 || RECALL@10 Avg: 0.0647 || RECALL@20 Avg: 0.0984 || NDCG@10 Avg: 0.0348 || NDCG@20 Avg: 0.0433
[Coach] >>> TEST  @Epoch: 160  >>> 
[Wall TIME] >>> ChiefCoach.train takes 3.889005 seconds ...
[Coach] >>> TRAIN @Epoch: 161  >>>  || LOSS Avg: 0.03278
[Coach] >>> VALID @Epoch: 161  >>> 
[Coach] >>> TEST  @Epoch: 161  >>> 
[Wall TIME] >>> ChiefCoach.train takes 3.896955 seconds ...
[Coach] >>> TRAIN @Epoch: 162  >>>  || LOSS Avg: 0.03264
[Coach] >>> VALID @Epoch: 162  >>> 
[Coach] >>> TEST  @Epoch: 162  >>> 
[Wall TIME] >>> ChiefCoach.train takes 3.881020 seconds ...
[Coach] >>> TRAIN @Epoch: 163  >>>  || LOSS Avg: 0.03259
[Coach] >>> VALID @Epoch: 163  >>> 
[Coach] >>> TEST  @Epoch: 163  >>> 
[Wall TIME] >>> ChiefCoach.train takes 3.872263 seconds ...
[Coach] >>> TRAIN @Epoch: 164  >>>  || LOSS Avg: 0.03247
[Coach] >>> VALID @Epoch: 164  >>> 
[Coach] >>> TEST  @Epoch: 164  >>> 
[Wall TIME] >>> ChiefCoach.train takes 3.867098 seconds ...
[Wall TIME] >>> ChiefCoach.valid takes 1.712526 seconds ...
[Coach] >>> TRAIN @Epoch: 165  >>>  || LOSS Avg: 0.03221
[Coach] >>> VALID @Epoch: 165  >>>  || RECALL@1 Avg: 0.0122 || RECALL@10 Avg: 0.0649 || RECALL@20 Avg: 0.0988 || NDCG@10 Avg: 0.0347 || NDCG@20 Avg: 0.0433
[Coach] >>> TEST  @Epoch: 165  >>> 
[Wall TIME] >>> ChiefCoach.train takes 3.864237 seconds ...
[Coach] >>> TRAIN @Epoch: 166  >>>  || LOSS Avg: 0.03232
[Coach] >>> VALID @Epoch: 166  >>> 
[Coach] >>> TEST  @Epoch: 166  >>> 
[Wall TIME] >>> ChiefCoach.train takes 3.848270 seconds ...
[Coach] >>> TRAIN @Epoch: 167  >>>  || LOSS Avg: 0.03207
[Coach] >>> VALID @Epoch: 167  >>> 
[Coach] >>> TEST  @Epoch: 167  >>> 
[Wall TIME] >>> ChiefCoach.train takes 3.892098 seconds ...
[Coach] >>> TRAIN @Epoch: 168  >>>  || LOSS Avg: 0.03213
[Coach] >>> VALID @Epoch: 168  >>> 
[Coach] >>> TEST  @Epoch: 168  >>> 
[Wall TIME] >>> ChiefCoach.train takes 4.488955 seconds ...
[Coach] >>> TRAIN @Epoch: 169  >>>  || LOSS Avg: 0.03208
[Coach] >>> VALID @Epoch: 169  >>> 
[Coach] >>> TEST  @Epoch: 169  >>> 
[Wall TIME] >>> ChiefCoach.train takes 3.878412 seconds ...
[Wall TIME] >>> ChiefCoach.valid takes 1.685712 seconds ...
[Coach] >>> TRAIN @Epoch: 170  >>>  || LOSS Avg: 0.03196
[Coach] >>> VALID @Epoch: 170  >>>  || RECALL@1 Avg: 0.0124 || RECALL@10 Avg: 0.0643 || RECALL@20 Avg: 0.0986 || NDCG@10 Avg: 0.0346 || NDCG@20 Avg: 0.0433
[Coach] >>> TEST  @Epoch: 170  >>> 
[Wall TIME] >>> ChiefCoach.train takes 3.924827 seconds ...
[Coach] >>> TRAIN @Epoch: 171  >>>  || LOSS Avg: 0.03180
[Coach] >>> VALID @Epoch: 171  >>> 
[Coach] >>> TEST  @Epoch: 171  >>> 
[Wall TIME] >>> ChiefCoach.train takes 3.886254 seconds ...
[Coach] >>> TRAIN @Epoch: 172  >>>  || LOSS Avg: 0.03172
[Coach] >>> VALID @Epoch: 172  >>> 
[Coach] >>> TEST  @Epoch: 172  >>> 
[Wall TIME] >>> ChiefCoach.train takes 3.871900 seconds ...
[Coach] >>> TRAIN @Epoch: 173  >>>  || LOSS Avg: 0.03195
[Coach] >>> VALID @Epoch: 173  >>> 
[Coach] >>> TEST  @Epoch: 173  >>> 
[Wall TIME] >>> ChiefCoach.train takes 3.828455 seconds ...
[Coach] >>> TRAIN @Epoch: 174  >>>  || LOSS Avg: 0.03166
[Coach] >>> VALID @Epoch: 174  >>> 
[Coach] >>> TEST  @Epoch: 174  >>> 
[Wall TIME] >>> ChiefCoach.train takes 3.985197 seconds ...
[Wall TIME] >>> ChiefCoach.valid takes 1.718519 seconds ...
[Coach] >>> TRAIN @Epoch: 175  >>>  || LOSS Avg: 0.03142
[Coach] >>> VALID @Epoch: 175  >>>  || RECALL@1 Avg: 0.0125 || RECALL@10 Avg: 0.0641 || RECALL@20 Avg: 0.0983 || NDCG@10 Avg: 0.0345 || NDCG@20 Avg: 0.0432
[Coach] >>> TEST  @Epoch: 175  >>> 
[Wall TIME] >>> ChiefCoach.train takes 3.935441 seconds ...
[Coach] >>> TRAIN @Epoch: 176  >>>  || LOSS Avg: 0.03151
[Coach] >>> VALID @Epoch: 176  >>> 
[Coach] >>> TEST  @Epoch: 176  >>> 
[Wall TIME] >>> ChiefCoach.train takes 3.876338 seconds ...
[Coach] >>> TRAIN @Epoch: 177  >>>  || LOSS Avg: 0.03172
[Coach] >>> VALID @Epoch: 177  >>> 
[Coach] >>> TEST  @Epoch: 177  >>> 
[Wall TIME] >>> ChiefCoach.train takes 3.892649 seconds ...
[Coach] >>> TRAIN @Epoch: 178  >>>  || LOSS Avg: 0.03126
[Coach] >>> VALID @Epoch: 178  >>> 
[Coach] >>> TEST  @Epoch: 178  >>> 
[Wall TIME] >>> ChiefCoach.train takes 3.884333 seconds ...
[Coach] >>> TRAIN @Epoch: 179  >>>  || LOSS Avg: 0.03148
[Coach] >>> VALID @Epoch: 179  >>> 
[Coach] >>> TEST  @Epoch: 179  >>> 
[Wall TIME] >>> ChiefCoach.train takes 3.941232 seconds ...
[Wall TIME] >>> ChiefCoach.valid takes 1.728923 seconds ...
[Coach] >>> TRAIN @Epoch: 180  >>>  || LOSS Avg: 0.03131
[Coach] >>> VALID @Epoch: 180  >>>  || RECALL@1 Avg: 0.0127 || RECALL@10 Avg: 0.0650 || RECALL@20 Avg: 0.0989 || NDCG@10 Avg: 0.0349 || NDCG@20 Avg: 0.0435
[Coach] >>> TEST  @Epoch: 180  >>> 
[Wall TIME] >>> ChiefCoach.train takes 3.888029 seconds ...
[Coach] >>> TRAIN @Epoch: 181  >>>  || LOSS Avg: 0.03107
[Coach] >>> VALID @Epoch: 181  >>> 
[Coach] >>> TEST  @Epoch: 181  >>> 
[Wall TIME] >>> ChiefCoach.train takes 3.924260 seconds ...
[Coach] >>> TRAIN @Epoch: 182  >>>  || LOSS Avg: 0.03115
[Coach] >>> VALID @Epoch: 182  >>> 
[Coach] >>> TEST  @Epoch: 182  >>> 
[Wall TIME] >>> ChiefCoach.train takes 4.465113 seconds ...
[Coach] >>> TRAIN @Epoch: 183  >>>  || LOSS Avg: 0.03114
[Coach] >>> VALID @Epoch: 183  >>> 
[Coach] >>> TEST  @Epoch: 183  >>> 
[Wall TIME] >>> ChiefCoach.train takes 3.931404 seconds ...
[Coach] >>> TRAIN @Epoch: 184  >>>  || LOSS Avg: 0.03123
[Coach] >>> VALID @Epoch: 184  >>> 
[Coach] >>> TEST  @Epoch: 184  >>> 
[Wall TIME] >>> ChiefCoach.train takes 3.922949 seconds ...
[Wall TIME] >>> ChiefCoach.valid takes 1.735306 seconds ...
[Coach] >>> Better ***NDCG@20*** of ***0.0437*** 
[Coach] >>> TRAIN @Epoch: 185  >>>  || LOSS Avg: 0.03110
[Coach] >>> VALID @Epoch: 185  >>>  || RECALL@1 Avg: 0.0126 || RECALL@10 Avg: 0.0647 || RECALL@20 Avg: 0.0997 || NDCG@10 Avg: 0.0348 || NDCG@20 Avg: 0.0437
[Coach] >>> TEST  @Epoch: 185  >>> 
[Wall TIME] >>> ChiefCoach.train takes 3.937468 seconds ...
[Coach] >>> TRAIN @Epoch: 186  >>>  || LOSS Avg: 0.03105
[Coach] >>> VALID @Epoch: 186  >>> 
[Coach] >>> TEST  @Epoch: 186  >>> 
[Wall TIME] >>> ChiefCoach.train takes 3.906910 seconds ...
[Coach] >>> TRAIN @Epoch: 187  >>>  || LOSS Avg: 0.03119
[Coach] >>> VALID @Epoch: 187  >>> 
[Coach] >>> TEST  @Epoch: 187  >>> 
[Wall TIME] >>> ChiefCoach.train takes 3.844094 seconds ...
[Coach] >>> TRAIN @Epoch: 188  >>>  || LOSS Avg: 0.03090
[Coach] >>> VALID @Epoch: 188  >>> 
[Coach] >>> TEST  @Epoch: 188  >>> 
[Wall TIME] >>> ChiefCoach.train takes 3.879989 seconds ...
[Coach] >>> TRAIN @Epoch: 189  >>>  || LOSS Avg: 0.03098
[Coach] >>> VALID @Epoch: 189  >>> 
[Coach] >>> TEST  @Epoch: 189  >>> 
[Wall TIME] >>> ChiefCoach.train takes 3.915032 seconds ...
[Wall TIME] >>> ChiefCoach.valid takes 1.710956 seconds ...
[Coach] >>> TRAIN @Epoch: 190  >>>  || LOSS Avg: 0.03080
[Coach] >>> VALID @Epoch: 190  >>>  || RECALL@1 Avg: 0.0125 || RECALL@10 Avg: 0.0650 || RECALL@20 Avg: 0.0998 || NDCG@10 Avg: 0.0349 || NDCG@20 Avg: 0.0437
[Coach] >>> TEST  @Epoch: 190  >>> 
[Wall TIME] >>> ChiefCoach.train takes 3.917294 seconds ...
[Coach] >>> TRAIN @Epoch: 191  >>>  || LOSS Avg: 0.03095
[Coach] >>> VALID @Epoch: 191  >>> 
[Coach] >>> TEST  @Epoch: 191  >>> 
[Wall TIME] >>> ChiefCoach.train takes 3.898353 seconds ...
[Coach] >>> TRAIN @Epoch: 192  >>>  || LOSS Avg: 0.03095
[Coach] >>> VALID @Epoch: 192  >>> 
[Coach] >>> TEST  @Epoch: 192  >>> 
[Wall TIME] >>> ChiefCoach.train takes 3.840997 seconds ...
[Coach] >>> TRAIN @Epoch: 193  >>>  || LOSS Avg: 0.03089
[Coach] >>> VALID @Epoch: 193  >>> 
[Coach] >>> TEST  @Epoch: 193  >>> 
[Wall TIME] >>> ChiefCoach.train takes 3.860001 seconds ...
[Coach] >>> TRAIN @Epoch: 194  >>>  || LOSS Avg: 0.03062
[Coach] >>> VALID @Epoch: 194  >>> 
[Coach] >>> TEST  @Epoch: 194  >>> 
[Wall TIME] >>> ChiefCoach.train takes 3.859411 seconds ...
[Wall TIME] >>> ChiefCoach.valid takes 1.772954 seconds ...
[Coach] >>> TRAIN @Epoch: 195  >>>  || LOSS Avg: 0.03067
[Coach] >>> VALID @Epoch: 195  >>>  || RECALL@1 Avg: 0.0124 || RECALL@10 Avg: 0.0652 || RECALL@20 Avg: 0.0997 || NDCG@10 Avg: 0.0349 || NDCG@20 Avg: 0.0437
[Coach] >>> TEST  @Epoch: 195  >>> 
[Wall TIME] >>> ChiefCoach.train takes 3.892937 seconds ...
[Coach] >>> TRAIN @Epoch: 196  >>>  || LOSS Avg: 0.03032
[Coach] >>> VALID @Epoch: 196  >>> 
[Coach] >>> TEST  @Epoch: 196  >>> 
[Wall TIME] >>> ChiefCoach.train takes 4.495293 seconds ...
[Coach] >>> TRAIN @Epoch: 197  >>>  || LOSS Avg: 0.03050
[Coach] >>> VALID @Epoch: 197  >>> 
[Coach] >>> TEST  @Epoch: 197  >>> 
[Wall TIME] >>> ChiefCoach.train takes 3.935089 seconds ...
[Coach] >>> TRAIN @Epoch: 198  >>>  || LOSS Avg: 0.03047
[Coach] >>> VALID @Epoch: 198  >>> 
[Coach] >>> TEST  @Epoch: 198  >>> 
[Wall TIME] >>> ChiefCoach.train takes 3.893091 seconds ...
[Coach] >>> TRAIN @Epoch: 199  >>>  || LOSS Avg: 0.03026
[Coach] >>> VALID @Epoch: 199  >>> 
[Coach] >>> TEST  @Epoch: 199  >>> 
[Wall TIME] >>> ChiefCoach.train takes 3.897537 seconds ...
[Wall TIME] >>> ChiefCoach.valid takes 1.708106 seconds ...
[Coach] >>> Better ***NDCG@20*** of ***0.0439*** 
[Coach] >>> TRAIN @Epoch: 200  >>>  || LOSS Avg: 0.03039
[Coach] >>> VALID @Epoch: 200  >>>  || RECALL@1 Avg: 0.0126 || RECALL@10 Avg: 0.0656 || RECALL@20 Avg: 0.0998 || NDCG@10 Avg: 0.0352 || NDCG@20 Avg: 0.0439
[Coach] >>> TEST  @Epoch: 200  >>> 
[Wall TIME] >>> ChiefCoach.train takes 3.892845 seconds ...
[Coach] >>> TRAIN @Epoch: 201  >>>  || LOSS Avg: 0.03042
[Coach] >>> VALID @Epoch: 201  >>> 
[Coach] >>> TEST  @Epoch: 201  >>> 
[Wall TIME] >>> ChiefCoach.train takes 3.881328 seconds ...
[Coach] >>> TRAIN @Epoch: 202  >>>  || LOSS Avg: 0.03006
[Coach] >>> VALID @Epoch: 202  >>> 
[Coach] >>> TEST  @Epoch: 202  >>> 
[Wall TIME] >>> ChiefCoach.train takes 3.903497 seconds ...
[Coach] >>> TRAIN @Epoch: 203  >>>  || LOSS Avg: 0.02992
[Coach] >>> VALID @Epoch: 203  >>> 
[Coach] >>> TEST  @Epoch: 203  >>> 
[Wall TIME] >>> ChiefCoach.train takes 3.928689 seconds ...
[Coach] >>> TRAIN @Epoch: 204  >>>  || LOSS Avg: 0.03013
[Coach] >>> VALID @Epoch: 204  >>> 
[Coach] >>> TEST  @Epoch: 204  >>> 
[Wall TIME] >>> ChiefCoach.train takes 3.925513 seconds ...
[Wall TIME] >>> ChiefCoach.valid takes 1.695354 seconds ...
[Coach] >>> TRAIN @Epoch: 205  >>>  || LOSS Avg: 0.03009
[Coach] >>> VALID @Epoch: 205  >>>  || RECALL@1 Avg: 0.0125 || RECALL@10 Avg: 0.0658 || RECALL@20 Avg: 0.0992 || NDCG@10 Avg: 0.0351 || NDCG@20 Avg: 0.0436
[Coach] >>> TEST  @Epoch: 205  >>> 
[Wall TIME] >>> ChiefCoach.train takes 3.907252 seconds ...
[Coach] >>> TRAIN @Epoch: 206  >>>  || LOSS Avg: 0.02988
[Coach] >>> VALID @Epoch: 206  >>> 
[Coach] >>> TEST  @Epoch: 206  >>> 
[Wall TIME] >>> ChiefCoach.train takes 3.906421 seconds ...
[Coach] >>> TRAIN @Epoch: 207  >>>  || LOSS Avg: 0.03013
[Coach] >>> VALID @Epoch: 207  >>> 
[Coach] >>> TEST  @Epoch: 207  >>> 
[Wall TIME] >>> ChiefCoach.train takes 3.848271 seconds ...
[Coach] >>> TRAIN @Epoch: 208  >>>  || LOSS Avg: 0.02982
[Coach] >>> VALID @Epoch: 208  >>> 
[Coach] >>> TEST  @Epoch: 208  >>> 
[Wall TIME] >>> ChiefCoach.train takes 3.888395 seconds ...
[Coach] >>> TRAIN @Epoch: 209  >>>  || LOSS Avg: 0.02987
[Coach] >>> VALID @Epoch: 209  >>> 
[Coach] >>> TEST  @Epoch: 209  >>> 
[Wall TIME] >>> ChiefCoach.train takes 3.867404 seconds ...
[Wall TIME] >>> ChiefCoach.valid takes 1.713130 seconds ...
[Coach] >>> TRAIN @Epoch: 210  >>>  || LOSS Avg: 0.03017
[Coach] >>> VALID @Epoch: 210  >>>  || RECALL@1 Avg: 0.0122 || RECALL@10 Avg: 0.0653 || RECALL@20 Avg: 0.1000 || NDCG@10 Avg: 0.0348 || NDCG@20 Avg: 0.0437
[Coach] >>> TEST  @Epoch: 210  >>> 
[Wall TIME] >>> ChiefCoach.train takes 3.916821 seconds ...
[Coach] >>> TRAIN @Epoch: 211  >>>  || LOSS Avg: 0.02968
[Coach] >>> VALID @Epoch: 211  >>> 
[Coach] >>> TEST  @Epoch: 211  >>> 
[Wall TIME] >>> ChiefCoach.train takes 4.512427 seconds ...
[Coach] >>> TRAIN @Epoch: 212  >>>  || LOSS Avg: 0.02980
[Coach] >>> VALID @Epoch: 212  >>> 
[Coach] >>> TEST  @Epoch: 212  >>> 
[Wall TIME] >>> ChiefCoach.train takes 3.907505 seconds ...
[Coach] >>> TRAIN @Epoch: 213  >>>  || LOSS Avg: 0.02952
[Coach] >>> VALID @Epoch: 213  >>> 
[Coach] >>> TEST  @Epoch: 213  >>> 
[Wall TIME] >>> ChiefCoach.train takes 3.917210 seconds ...
[Coach] >>> TRAIN @Epoch: 214  >>>  || LOSS Avg: 0.02966
[Coach] >>> VALID @Epoch: 214  >>> 
[Coach] >>> TEST  @Epoch: 214  >>> 
[Wall TIME] >>> ChiefCoach.train takes 3.913304 seconds ...
[Wall TIME] >>> ChiefCoach.valid takes 1.732958 seconds ...
[Coach] >>> TRAIN @Epoch: 215  >>>  || LOSS Avg: 0.02955
[Coach] >>> VALID @Epoch: 215  >>>  || RECALL@1 Avg: 0.0124 || RECALL@10 Avg: 0.0655 || RECALL@20 Avg: 0.0993 || NDCG@10 Avg: 0.0349 || NDCG@20 Avg: 0.0435
[Coach] >>> TEST  @Epoch: 215  >>> 
[Wall TIME] >>> ChiefCoach.train takes 3.960390 seconds ...
[Coach] >>> TRAIN @Epoch: 216  >>>  || LOSS Avg: 0.02962
[Coach] >>> VALID @Epoch: 216  >>> 
[Coach] >>> TEST  @Epoch: 216  >>> 
[Wall TIME] >>> ChiefCoach.train takes 3.904494 seconds ...
[Coach] >>> TRAIN @Epoch: 217  >>>  || LOSS Avg: 0.02969
[Coach] >>> VALID @Epoch: 217  >>> 
[Coach] >>> TEST  @Epoch: 217  >>> 
[Wall TIME] >>> ChiefCoach.train takes 3.908355 seconds ...
[Coach] >>> TRAIN @Epoch: 218  >>>  || LOSS Avg: 0.02937
[Coach] >>> VALID @Epoch: 218  >>> 
[Coach] >>> TEST  @Epoch: 218  >>> 
[Wall TIME] >>> ChiefCoach.train takes 3.884524 seconds ...
[Coach] >>> TRAIN @Epoch: 219  >>>  || LOSS Avg: 0.02940
[Coach] >>> VALID @Epoch: 219  >>> 
[Coach] >>> TEST  @Epoch: 219  >>> 
[Wall TIME] >>> ChiefCoach.train takes 3.867357 seconds ...
[Wall TIME] >>> ChiefCoach.valid takes 1.696009 seconds ...
[Coach] >>> TRAIN @Epoch: 220  >>>  || LOSS Avg: 0.02935
[Coach] >>> VALID @Epoch: 220  >>>  || RECALL@1 Avg: 0.0122 || RECALL@10 Avg: 0.0655 || RECALL@20 Avg: 0.0983 || NDCG@10 Avg: 0.0348 || NDCG@20 Avg: 0.0431
[Coach] >>> TEST  @Epoch: 220  >>> 
[Wall TIME] >>> ChiefCoach.train takes 3.870576 seconds ...
[Coach] >>> TRAIN @Epoch: 221  >>>  || LOSS Avg: 0.02953
[Coach] >>> VALID @Epoch: 221  >>> 
[Coach] >>> TEST  @Epoch: 221  >>> 
[Wall TIME] >>> ChiefCoach.train takes 3.879595 seconds ...
[Coach] >>> TRAIN @Epoch: 222  >>>  || LOSS Avg: 0.02946
[Coach] >>> VALID @Epoch: 222  >>> 
[Coach] >>> TEST  @Epoch: 222  >>> 
[Wall TIME] >>> ChiefCoach.train takes 3.915700 seconds ...
[Coach] >>> TRAIN @Epoch: 223  >>>  || LOSS Avg: 0.02892
[Coach] >>> VALID @Epoch: 223  >>> 
[Coach] >>> TEST  @Epoch: 223  >>> 
[Wall TIME] >>> ChiefCoach.train takes 3.857687 seconds ...
[Coach] >>> TRAIN @Epoch: 224  >>>  || LOSS Avg: 0.02922
[Coach] >>> VALID @Epoch: 224  >>> 
[Coach] >>> TEST  @Epoch: 224  >>> 
[Wall TIME] >>> ChiefCoach.train takes 3.894034 seconds ...
[Wall TIME] >>> ChiefCoach.valid takes 1.721834 seconds ...
[Coach] >>> TRAIN @Epoch: 225  >>>  || LOSS Avg: 0.02923
[Coach] >>> VALID @Epoch: 225  >>>  || RECALL@1 Avg: 0.0125 || RECALL@10 Avg: 0.0649 || RECALL@20 Avg: 0.0989 || NDCG@10 Avg: 0.0348 || NDCG@20 Avg: 0.0435
[Coach] >>> TEST  @Epoch: 225  >>> 
[Wall TIME] >>> ChiefCoach.train takes 4.424737 seconds ...
[Coach] >>> TRAIN @Epoch: 226  >>>  || LOSS Avg: 0.02926
[Coach] >>> VALID @Epoch: 226  >>> 
[Coach] >>> TEST  @Epoch: 226  >>> 
[Wall TIME] >>> ChiefCoach.train takes 3.905960 seconds ...
[Coach] >>> TRAIN @Epoch: 227  >>>  || LOSS Avg: 0.02912
[Coach] >>> VALID @Epoch: 227  >>> 
[Coach] >>> TEST  @Epoch: 227  >>> 
[Wall TIME] >>> ChiefCoach.train takes 3.875551 seconds ...
[Coach] >>> TRAIN @Epoch: 228  >>>  || LOSS Avg: 0.02921
[Coach] >>> VALID @Epoch: 228  >>> 
[Coach] >>> TEST  @Epoch: 228  >>> 
[Wall TIME] >>> ChiefCoach.train takes 3.876303 seconds ...
[Coach] >>> TRAIN @Epoch: 229  >>>  || LOSS Avg: 0.02875
[Coach] >>> VALID @Epoch: 229  >>> 
[Coach] >>> TEST  @Epoch: 229  >>> 
[Wall TIME] >>> ChiefCoach.train takes 3.949838 seconds ...
[Wall TIME] >>> ChiefCoach.valid takes 1.701059 seconds ...
[Coach] >>> TRAIN @Epoch: 230  >>>  || LOSS Avg: 0.02927
[Coach] >>> VALID @Epoch: 230  >>>  || RECALL@1 Avg: 0.0123 || RECALL@10 Avg: 0.0645 || RECALL@20 Avg: 0.0989 || NDCG@10 Avg: 0.0346 || NDCG@20 Avg: 0.0433
[Coach] >>> TEST  @Epoch: 230  >>> 
[Wall TIME] >>> ChiefCoach.train takes 3.855154 seconds ...
[Coach] >>> TRAIN @Epoch: 231  >>>  || LOSS Avg: 0.02912
[Coach] >>> VALID @Epoch: 231  >>> 
[Coach] >>> TEST  @Epoch: 231  >>> 
[Wall TIME] >>> ChiefCoach.train takes 3.887105 seconds ...
[Coach] >>> TRAIN @Epoch: 232  >>>  || LOSS Avg: 0.02892
[Coach] >>> VALID @Epoch: 232  >>> 
[Coach] >>> TEST  @Epoch: 232  >>> 
[Wall TIME] >>> ChiefCoach.train takes 3.871542 seconds ...
[Coach] >>> TRAIN @Epoch: 233  >>>  || LOSS Avg: 0.02915
[Coach] >>> VALID @Epoch: 233  >>> 
[Coach] >>> TEST  @Epoch: 233  >>> 
[Wall TIME] >>> ChiefCoach.train takes 3.857357 seconds ...
[Coach] >>> TRAIN @Epoch: 234  >>>  || LOSS Avg: 0.02914
[Coach] >>> VALID @Epoch: 234  >>> 
[Coach] >>> TEST  @Epoch: 234  >>> 
[Wall TIME] >>> ChiefCoach.train takes 3.875640 seconds ...
[Wall TIME] >>> ChiefCoach.valid takes 1.727362 seconds ...
[Coach] >>> TRAIN @Epoch: 235  >>>  || LOSS Avg: 0.02899
[Coach] >>> VALID @Epoch: 235  >>>  || RECALL@1 Avg: 0.0123 || RECALL@10 Avg: 0.0648 || RECALL@20 Avg: 0.0993 || NDCG@10 Avg: 0.0348 || NDCG@20 Avg: 0.0436
[Coach] >>> TEST  @Epoch: 235  >>> 
[Wall TIME] >>> ChiefCoach.train takes 3.881347 seconds ...
[Coach] >>> TRAIN @Epoch: 236  >>>  || LOSS Avg: 0.02906
[Coach] >>> VALID @Epoch: 236  >>> 
[Coach] >>> TEST  @Epoch: 236  >>> 
[Wall TIME] >>> ChiefCoach.train takes 3.920657 seconds ...
[Coach] >>> TRAIN @Epoch: 237  >>>  || LOSS Avg: 0.02892
[Coach] >>> VALID @Epoch: 237  >>> 
[Coach] >>> TEST  @Epoch: 237  >>> 
[Wall TIME] >>> ChiefCoach.train takes 3.872491 seconds ...
[Coach] >>> TRAIN @Epoch: 238  >>>  || LOSS Avg: 0.02878
[Coach] >>> VALID @Epoch: 238  >>> 
[Coach] >>> TEST  @Epoch: 238  >>> 
[Wall TIME] >>> ChiefCoach.train takes 3.970888 seconds ...
[Coach] >>> TRAIN @Epoch: 239  >>>  || LOSS Avg: 0.02861
[Coach] >>> VALID @Epoch: 239  >>> 
[Coach] >>> TEST  @Epoch: 239  >>> 
[Wall TIME] >>> ChiefCoach.train takes 4.469531 seconds ...
[Wall TIME] >>> ChiefCoach.valid takes 1.728096 seconds ...
[Coach] >>> TRAIN @Epoch: 240  >>>  || LOSS Avg: 0.02858
[Coach] >>> VALID @Epoch: 240  >>>  || RECALL@1 Avg: 0.0126 || RECALL@10 Avg: 0.0646 || RECALL@20 Avg: 0.0996 || NDCG@10 Avg: 0.0349 || NDCG@20 Avg: 0.0438
[Coach] >>> TEST  @Epoch: 240  >>> 
[Wall TIME] >>> ChiefCoach.train takes 3.898156 seconds ...
[Coach] >>> TRAIN @Epoch: 241  >>>  || LOSS Avg: 0.02872
[Coach] >>> VALID @Epoch: 241  >>> 
[Coach] >>> TEST  @Epoch: 241  >>> 
[Wall TIME] >>> ChiefCoach.train takes 3.929618 seconds ...
[Coach] >>> TRAIN @Epoch: 242  >>>  || LOSS Avg: 0.02897
[Coach] >>> VALID @Epoch: 242  >>> 
[Coach] >>> TEST  @Epoch: 242  >>> 
[Wall TIME] >>> ChiefCoach.train takes 3.882267 seconds ...
[Coach] >>> TRAIN @Epoch: 243  >>>  || LOSS Avg: 0.02846
[Coach] >>> VALID @Epoch: 243  >>> 
[Coach] >>> TEST  @Epoch: 243  >>> 
[Wall TIME] >>> ChiefCoach.train takes 3.878726 seconds ...
[Coach] >>> TRAIN @Epoch: 244  >>>  || LOSS Avg: 0.02854
[Coach] >>> VALID @Epoch: 244  >>> 
[Coach] >>> TEST  @Epoch: 244  >>> 
[Wall TIME] >>> ChiefCoach.train takes 3.876073 seconds ...
[Wall TIME] >>> ChiefCoach.valid takes 1.717265 seconds ...
[Coach] >>> TRAIN @Epoch: 245  >>>  || LOSS Avg: 0.02831
[Coach] >>> VALID @Epoch: 245  >>>  || RECALL@1 Avg: 0.0125 || RECALL@10 Avg: 0.0644 || RECALL@20 Avg: 0.0995 || NDCG@10 Avg: 0.0347 || NDCG@20 Avg: 0.0437
[Coach] >>> TEST  @Epoch: 245  >>> 
[Wall TIME] >>> ChiefCoach.train takes 3.911326 seconds ...
[Coach] >>> TRAIN @Epoch: 246  >>>  || LOSS Avg: 0.02875
[Coach] >>> VALID @Epoch: 246  >>> 
[Coach] >>> TEST  @Epoch: 246  >>> 
[Wall TIME] >>> ChiefCoach.train takes 3.887626 seconds ...
[Coach] >>> TRAIN @Epoch: 247  >>>  || LOSS Avg: 0.02843
[Coach] >>> VALID @Epoch: 247  >>> 
[Coach] >>> TEST  @Epoch: 247  >>> 
[Wall TIME] >>> ChiefCoach.train takes 3.867412 seconds ...
[Coach] >>> TRAIN @Epoch: 248  >>>  || LOSS Avg: 0.02884
[Coach] >>> VALID @Epoch: 248  >>> 
[Coach] >>> TEST  @Epoch: 248  >>> 
[Wall TIME] >>> ChiefCoach.train takes 3.852144 seconds ...
[Coach] >>> TRAIN @Epoch: 249  >>>  || LOSS Avg: 0.02839
[Coach] >>> VALID @Epoch: 249  >>> 
[Coach] >>> TEST  @Epoch: 249  >>> 
[Wall TIME] >>> ChiefCoach.train takes 3.869733 seconds ...
[Wall TIME] >>> ChiefCoach.valid takes 1.753429 seconds ...
[Coach] >>> TRAIN @Epoch: 250  >>>  || LOSS Avg: 0.02852
[Coach] >>> VALID @Epoch: 250  >>>  || RECALL@1 Avg: 0.0125 || RECALL@10 Avg: 0.0652 || RECALL@20 Avg: 0.0997 || NDCG@10 Avg: 0.0350 || NDCG@20 Avg: 0.0438
[Coach] >>> TEST  @Epoch: 250  >>> 
[Wall TIME] >>> ChiefCoach.train takes 3.827995 seconds ...
[Coach] >>> TRAIN @Epoch: 251  >>>  || LOSS Avg: 0.02842
[Coach] >>> VALID @Epoch: 251  >>> 
[Coach] >>> TEST  @Epoch: 251  >>> 
[Wall TIME] >>> ChiefCoach.train takes 3.857518 seconds ...
[Coach] >>> TRAIN @Epoch: 252  >>>  || LOSS Avg: 0.02838
[Coach] >>> VALID @Epoch: 252  >>> 
[Coach] >>> TEST  @Epoch: 252  >>> 
[Wall TIME] >>> ChiefCoach.train takes 3.928164 seconds ...
[Coach] >>> TRAIN @Epoch: 253  >>>  || LOSS Avg: 0.02799
[Coach] >>> VALID @Epoch: 253  >>> 
[Coach] >>> TEST  @Epoch: 253  >>> 
[Wall TIME] >>> ChiefCoach.train takes 3.862913 seconds ...
[Coach] >>> TRAIN @Epoch: 254  >>>  || LOSS Avg: 0.02818
[Coach] >>> VALID @Epoch: 254  >>> 
[Coach] >>> TEST  @Epoch: 254  >>> 
[Wall TIME] >>> ChiefCoach.train takes 4.540489 seconds ...
[Wall TIME] >>> ChiefCoach.valid takes 1.682581 seconds ...
[Coach] >>> TRAIN @Epoch: 255  >>>  || LOSS Avg: 0.02813
[Coach] >>> VALID @Epoch: 255  >>>  || RECALL@1 Avg: 0.0128 || RECALL@10 Avg: 0.0653 || RECALL@20 Avg: 0.0993 || NDCG@10 Avg: 0.0351 || NDCG@20 Avg: 0.0438
[Coach] >>> TEST  @Epoch: 255  >>> 
[Wall TIME] >>> ChiefCoach.train takes 3.896597 seconds ...
[Coach] >>> TRAIN @Epoch: 256  >>>  || LOSS Avg: 0.02820
[Coach] >>> VALID @Epoch: 256  >>> 
[Coach] >>> TEST  @Epoch: 256  >>> 
[Wall TIME] >>> ChiefCoach.train takes 3.908247 seconds ...
[Coach] >>> TRAIN @Epoch: 257  >>>  || LOSS Avg: 0.02778
[Coach] >>> VALID @Epoch: 257  >>> 
[Coach] >>> TEST  @Epoch: 257  >>> 
[Wall TIME] >>> ChiefCoach.train takes 3.851233 seconds ...
[Coach] >>> TRAIN @Epoch: 258  >>>  || LOSS Avg: 0.02807
[Coach] >>> VALID @Epoch: 258  >>> 
[Coach] >>> TEST  @Epoch: 258  >>> 
[Wall TIME] >>> ChiefCoach.train takes 3.859553 seconds ...
[Coach] >>> TRAIN @Epoch: 259  >>>  || LOSS Avg: 0.02832
[Coach] >>> VALID @Epoch: 259  >>> 
[Coach] >>> TEST  @Epoch: 259  >>> 
[Wall TIME] >>> ChiefCoach.train takes 3.951910 seconds ...
[Wall TIME] >>> ChiefCoach.valid takes 1.722930 seconds ...
[Coach] >>> TRAIN @Epoch: 260  >>>  || LOSS Avg: 0.02796
[Coach] >>> VALID @Epoch: 260  >>>  || RECALL@1 Avg: 0.0126 || RECALL@10 Avg: 0.0656 || RECALL@20 Avg: 0.0989 || NDCG@10 Avg: 0.0351 || NDCG@20 Avg: 0.0436
[Coach] >>> TEST  @Epoch: 260  >>> 
[Wall TIME] >>> ChiefCoach.train takes 3.858599 seconds ...
[Coach] >>> TRAIN @Epoch: 261  >>>  || LOSS Avg: 0.02804
[Coach] >>> VALID @Epoch: 261  >>> 
[Coach] >>> TEST  @Epoch: 261  >>> 
[Wall TIME] >>> ChiefCoach.train takes 3.880079 seconds ...
[Coach] >>> TRAIN @Epoch: 262  >>>  || LOSS Avg: 0.02811
[Coach] >>> VALID @Epoch: 262  >>> 
[Coach] >>> TEST  @Epoch: 262  >>> 
[Wall TIME] >>> ChiefCoach.train takes 3.849581 seconds ...
[Coach] >>> TRAIN @Epoch: 263  >>>  || LOSS Avg: 0.02797
[Coach] >>> VALID @Epoch: 263  >>> 
[Coach] >>> TEST  @Epoch: 263  >>> 
[Wall TIME] >>> ChiefCoach.train takes 3.898463 seconds ...
[Coach] >>> TRAIN @Epoch: 264  >>>  || LOSS Avg: 0.02826
[Coach] >>> VALID @Epoch: 264  >>> 
[Coach] >>> TEST  @Epoch: 264  >>> 
[Wall TIME] >>> ChiefCoach.train takes 3.901912 seconds ...
[Wall TIME] >>> ChiefCoach.valid takes 1.754151 seconds ...
[Coach] >>> TRAIN @Epoch: 265  >>>  || LOSS Avg: 0.02825
[Coach] >>> VALID @Epoch: 265  >>>  || RECALL@1 Avg: 0.0127 || RECALL@10 Avg: 0.0653 || RECALL@20 Avg: 0.0995 || NDCG@10 Avg: 0.0351 || NDCG@20 Avg: 0.0438
[Coach] >>> TEST  @Epoch: 265  >>> 
[Wall TIME] >>> ChiefCoach.train takes 3.941324 seconds ...
[Coach] >>> TRAIN @Epoch: 266  >>>  || LOSS Avg: 0.02795
[Coach] >>> VALID @Epoch: 266  >>> 
[Coach] >>> TEST  @Epoch: 266  >>> 
[Wall TIME] >>> ChiefCoach.train takes 3.893773 seconds ...
[Coach] >>> TRAIN @Epoch: 267  >>>  || LOSS Avg: 0.02791
[Coach] >>> VALID @Epoch: 267  >>> 
[Coach] >>> TEST  @Epoch: 267  >>> 
[Wall TIME] >>> ChiefCoach.train takes 3.897925 seconds ...
[Coach] >>> TRAIN @Epoch: 268  >>>  || LOSS Avg: 0.02766
[Coach] >>> VALID @Epoch: 268  >>> 
[Coach] >>> TEST  @Epoch: 268  >>> 
[Wall TIME] >>> ChiefCoach.train takes 4.496439 seconds ...
[Coach] >>> TRAIN @Epoch: 269  >>>  || LOSS Avg: 0.02801
[Coach] >>> VALID @Epoch: 269  >>> 
[Coach] >>> TEST  @Epoch: 269  >>> 
[Wall TIME] >>> ChiefCoach.train takes 3.838266 seconds ...
[Wall TIME] >>> ChiefCoach.valid takes 1.708702 seconds ...
[Coach] >>> Better ***NDCG@20*** of ***0.0439*** 
[Coach] >>> TRAIN @Epoch: 270  >>>  || LOSS Avg: 0.02811
[Coach] >>> VALID @Epoch: 270  >>>  || RECALL@1 Avg: 0.0127 || RECALL@10 Avg: 0.0655 || RECALL@20 Avg: 0.0999 || NDCG@10 Avg: 0.0351 || NDCG@20 Avg: 0.0439
[Coach] >>> TEST  @Epoch: 270  >>> 
[Wall TIME] >>> ChiefCoach.train takes 3.962941 seconds ...
[Coach] >>> TRAIN @Epoch: 271  >>>  || LOSS Avg: 0.02757
[Coach] >>> VALID @Epoch: 271  >>> 
[Coach] >>> TEST  @Epoch: 271  >>> 
[Wall TIME] >>> ChiefCoach.train takes 3.905093 seconds ...
[Coach] >>> TRAIN @Epoch: 272  >>>  || LOSS Avg: 0.02797
[Coach] >>> VALID @Epoch: 272  >>> 
[Coach] >>> TEST  @Epoch: 272  >>> 
[Wall TIME] >>> ChiefCoach.train takes 3.948210 seconds ...
[Coach] >>> TRAIN @Epoch: 273  >>>  || LOSS Avg: 0.02757
[Coach] >>> VALID @Epoch: 273  >>> 
[Coach] >>> TEST  @Epoch: 273  >>> 
[Wall TIME] >>> ChiefCoach.train takes 3.881647 seconds ...
[Coach] >>> TRAIN @Epoch: 274  >>>  || LOSS Avg: 0.02782
[Coach] >>> VALID @Epoch: 274  >>> 
[Coach] >>> TEST  @Epoch: 274  >>> 
[Wall TIME] >>> ChiefCoach.train takes 3.843591 seconds ...
[Wall TIME] >>> ChiefCoach.valid takes 1.739016 seconds ...
[Coach] >>> Better ***NDCG@20*** of ***0.0441*** 
[Coach] >>> TRAIN @Epoch: 275  >>>  || LOSS Avg: 0.02785
[Coach] >>> VALID @Epoch: 275  >>>  || RECALL@1 Avg: 0.0127 || RECALL@10 Avg: 0.0651 || RECALL@20 Avg: 0.1009 || NDCG@10 Avg: 0.0350 || NDCG@20 Avg: 0.0441
[Coach] >>> TEST  @Epoch: 275  >>> 
[Wall TIME] >>> ChiefCoach.train takes 3.870660 seconds ...
[Coach] >>> TRAIN @Epoch: 276  >>>  || LOSS Avg: 0.02785
[Coach] >>> VALID @Epoch: 276  >>> 
[Coach] >>> TEST  @Epoch: 276  >>> 
[Wall TIME] >>> ChiefCoach.train takes 3.884197 seconds ...
[Coach] >>> TRAIN @Epoch: 277  >>>  || LOSS Avg: 0.02790
[Coach] >>> VALID @Epoch: 277  >>> 
[Coach] >>> TEST  @Epoch: 277  >>> 
[Wall TIME] >>> ChiefCoach.train takes 3.875465 seconds ...
[Coach] >>> TRAIN @Epoch: 278  >>>  || LOSS Avg: 0.02748
[Coach] >>> VALID @Epoch: 278  >>> 
[Coach] >>> TEST  @Epoch: 278  >>> 
[Wall TIME] >>> ChiefCoach.train takes 3.875794 seconds ...
[Coach] >>> TRAIN @Epoch: 279  >>>  || LOSS Avg: 0.02771
[Coach] >>> VALID @Epoch: 279  >>> 
[Coach] >>> TEST  @Epoch: 279  >>> 
[Wall TIME] >>> ChiefCoach.train takes 3.939239 seconds ...
[Wall TIME] >>> ChiefCoach.valid takes 1.703687 seconds ...
[Coach] >>> TRAIN @Epoch: 280  >>>  || LOSS Avg: 0.02767
[Coach] >>> VALID @Epoch: 280  >>>  || RECALL@1 Avg: 0.0125 || RECALL@10 Avg: 0.0653 || RECALL@20 Avg: 0.1001 || NDCG@10 Avg: 0.0351 || NDCG@20 Avg: 0.0439
[Coach] >>> TEST  @Epoch: 280  >>> 
[Wall TIME] >>> ChiefCoach.train takes 3.878414 seconds ...
[Coach] >>> TRAIN @Epoch: 281  >>>  || LOSS Avg: 0.02757
[Coach] >>> VALID @Epoch: 281  >>> 
[Coach] >>> TEST  @Epoch: 281  >>> 
[Wall TIME] >>> ChiefCoach.train takes 3.877948 seconds ...
[Coach] >>> TRAIN @Epoch: 282  >>>  || LOSS Avg: 0.02756
[Coach] >>> VALID @Epoch: 282  >>> 
[Coach] >>> TEST  @Epoch: 282  >>> 
[Wall TIME] >>> ChiefCoach.train takes 4.425946 seconds ...
[Coach] >>> TRAIN @Epoch: 283  >>>  || LOSS Avg: 0.02787
[Coach] >>> VALID @Epoch: 283  >>> 
[Coach] >>> TEST  @Epoch: 283  >>> 
[Wall TIME] >>> ChiefCoach.train takes 3.890274 seconds ...
[Coach] >>> TRAIN @Epoch: 284  >>>  || LOSS Avg: 0.02725
[Coach] >>> VALID @Epoch: 284  >>> 
[Coach] >>> TEST  @Epoch: 284  >>> 
[Wall TIME] >>> ChiefCoach.train takes 3.941082 seconds ...
[Wall TIME] >>> ChiefCoach.valid takes 1.733064 seconds ...
[Coach] >>> TRAIN @Epoch: 285  >>>  || LOSS Avg: 0.02770
[Coach] >>> VALID @Epoch: 285  >>>  || RECALL@1 Avg: 0.0126 || RECALL@10 Avg: 0.0655 || RECALL@20 Avg: 0.0996 || NDCG@10 Avg: 0.0351 || NDCG@20 Avg: 0.0437
[Coach] >>> TEST  @Epoch: 285  >>> 
[Wall TIME] >>> ChiefCoach.train takes 3.946025 seconds ...
[Coach] >>> TRAIN @Epoch: 286  >>>  || LOSS Avg: 0.02723
[Coach] >>> VALID @Epoch: 286  >>> 
[Coach] >>> TEST  @Epoch: 286  >>> 
[Wall TIME] >>> ChiefCoach.train takes 3.925357 seconds ...
[Coach] >>> TRAIN @Epoch: 287  >>>  || LOSS Avg: 0.02722
[Coach] >>> VALID @Epoch: 287  >>> 
[Coach] >>> TEST  @Epoch: 287  >>> 
[Wall TIME] >>> ChiefCoach.train takes 3.885525 seconds ...
[Coach] >>> TRAIN @Epoch: 288  >>>  || LOSS Avg: 0.02750
[Coach] >>> VALID @Epoch: 288  >>> 
[Coach] >>> TEST  @Epoch: 288  >>> 
[Wall TIME] >>> ChiefCoach.train takes 3.910367 seconds ...
[Coach] >>> TRAIN @Epoch: 289  >>>  || LOSS Avg: 0.02721
[Coach] >>> VALID @Epoch: 289  >>> 
[Coach] >>> TEST  @Epoch: 289  >>> 
[Wall TIME] >>> ChiefCoach.train takes 3.831176 seconds ...
[Wall TIME] >>> ChiefCoach.valid takes 1.715238 seconds ...
[Coach] >>> TRAIN @Epoch: 290  >>>  || LOSS Avg: 0.02744
[Coach] >>> VALID @Epoch: 290  >>>  || RECALL@1 Avg: 0.0122 || RECALL@10 Avg: 0.0657 || RECALL@20 Avg: 0.0993 || NDCG@10 Avg: 0.0350 || NDCG@20 Avg: 0.0436
[Coach] >>> TEST  @Epoch: 290  >>> 
[Wall TIME] >>> ChiefCoach.train takes 3.884130 seconds ...
[Coach] >>> TRAIN @Epoch: 291  >>>  || LOSS Avg: 0.02725
[Coach] >>> VALID @Epoch: 291  >>> 
[Coach] >>> TEST  @Epoch: 291  >>> 
[Wall TIME] >>> ChiefCoach.train takes 3.866913 seconds ...
[Coach] >>> TRAIN @Epoch: 292  >>>  || LOSS Avg: 0.02742
[Coach] >>> VALID @Epoch: 292  >>> 
[Coach] >>> TEST  @Epoch: 292  >>> 
[Wall TIME] >>> ChiefCoach.train takes 3.885883 seconds ...
[Coach] >>> TRAIN @Epoch: 293  >>>  || LOSS Avg: 0.02741
[Coach] >>> VALID @Epoch: 293  >>> 
[Coach] >>> TEST  @Epoch: 293  >>> 
[Wall TIME] >>> ChiefCoach.train takes 3.913979 seconds ...
[Coach] >>> TRAIN @Epoch: 294  >>>  || LOSS Avg: 0.02735
[Coach] >>> VALID @Epoch: 294  >>> 
[Coach] >>> TEST  @Epoch: 294  >>> 
[Wall TIME] >>> ChiefCoach.train takes 3.870549 seconds ...
[Wall TIME] >>> ChiefCoach.valid takes 1.706732 seconds ...
[Coach] >>> TRAIN @Epoch: 295  >>>  || LOSS Avg: 0.02733
[Coach] >>> VALID @Epoch: 295  >>>  || RECALL@1 Avg: 0.0122 || RECALL@10 Avg: 0.0666 || RECALL@20 Avg: 0.0994 || NDCG@10 Avg: 0.0352 || NDCG@20 Avg: 0.0436
[Coach] >>> TEST  @Epoch: 295  >>> 
[Wall TIME] >>> ChiefCoach.train takes 3.901670 seconds ...
[Coach] >>> TRAIN @Epoch: 296  >>>  || LOSS Avg: 0.02723
[Coach] >>> VALID @Epoch: 296  >>> 
[Coach] >>> TEST  @Epoch: 296  >>> 
[Wall TIME] >>> ChiefCoach.train takes 4.502369 seconds ...
[Coach] >>> TRAIN @Epoch: 297  >>>  || LOSS Avg: 0.02739
[Coach] >>> VALID @Epoch: 297  >>> 
[Coach] >>> TEST  @Epoch: 297  >>> 
[Wall TIME] >>> ChiefCoach.train takes 3.879028 seconds ...
[Coach] >>> TRAIN @Epoch: 298  >>>  || LOSS Avg: 0.02721
[Coach] >>> VALID @Epoch: 298  >>> 
[Coach] >>> TEST  @Epoch: 298  >>> 
[Wall TIME] >>> ChiefCoach.train takes 3.905943 seconds ...
[Coach] >>> TRAIN @Epoch: 299  >>>  || LOSS Avg: 0.02747
[Coach] >>> VALID @Epoch: 299  >>> 
[Coach] >>> TEST  @Epoch: 299  >>> 
[Wall TIME] >>> ChiefCoach.train takes 3.874890 seconds ...
[Wall TIME] >>> ChiefCoach.valid takes 1.712401 seconds ...
[Coach] >>> TRAIN @Epoch: 300  >>>  || LOSS Avg: 0.02708
[Coach] >>> VALID @Epoch: 300  >>>  || RECALL@1 Avg: 0.0124 || RECALL@10 Avg: 0.0665 || RECALL@20 Avg: 0.0987 || NDCG@10 Avg: 0.0353 || NDCG@20 Avg: 0.0435
[Coach] >>> TEST  @Epoch: 300  >>> 
[Wall TIME] >>> ChiefCoach.train takes 3.972371 seconds ...
[Coach] >>> TRAIN @Epoch: 301  >>>  || LOSS Avg: 0.02739
[Coach] >>> VALID @Epoch: 301  >>> 
[Coach] >>> TEST  @Epoch: 301  >>> 
[Wall TIME] >>> ChiefCoach.train takes 3.883535 seconds ...
[Coach] >>> TRAIN @Epoch: 302  >>>  || LOSS Avg: 0.02696
[Coach] >>> VALID @Epoch: 302  >>> 
[Coach] >>> TEST  @Epoch: 302  >>> 
[Wall TIME] >>> ChiefCoach.train takes 3.908817 seconds ...
[Coach] >>> TRAIN @Epoch: 303  >>>  || LOSS Avg: 0.02713
[Coach] >>> VALID @Epoch: 303  >>> 
[Coach] >>> TEST  @Epoch: 303  >>> 
[Wall TIME] >>> ChiefCoach.train takes 3.885178 seconds ...
[Coach] >>> TRAIN @Epoch: 304  >>>  || LOSS Avg: 0.02707
[Coach] >>> VALID @Epoch: 304  >>> 
[Coach] >>> TEST  @Epoch: 304  >>> 
[Wall TIME] >>> ChiefCoach.train takes 3.873883 seconds ...
[Wall TIME] >>> ChiefCoach.valid takes 1.729578 seconds ...
[Coach] >>> TRAIN @Epoch: 305  >>>  || LOSS Avg: 0.02736
[Coach] >>> VALID @Epoch: 305  >>>  || RECALL@1 Avg: 0.0127 || RECALL@10 Avg: 0.0663 || RECALL@20 Avg: 0.0987 || NDCG@10 Avg: 0.0354 || NDCG@20 Avg: 0.0437
[Coach] >>> TEST  @Epoch: 305  >>> 
[Wall TIME] >>> ChiefCoach.train takes 3.875631 seconds ...
[Coach] >>> TRAIN @Epoch: 306  >>>  || LOSS Avg: 0.02719
[Coach] >>> VALID @Epoch: 306  >>> 
[Coach] >>> TEST  @Epoch: 306  >>> 
[Wall TIME] >>> ChiefCoach.train takes 3.906722 seconds ...
[Coach] >>> TRAIN @Epoch: 307  >>>  || LOSS Avg: 0.02679
[Coach] >>> VALID @Epoch: 307  >>> 
[Coach] >>> TEST  @Epoch: 307  >>> 
[Wall TIME] >>> ChiefCoach.train takes 3.909388 seconds ...
[Coach] >>> TRAIN @Epoch: 308  >>>  || LOSS Avg: 0.02696
[Coach] >>> VALID @Epoch: 308  >>> 
[Coach] >>> TEST  @Epoch: 308  >>> 
[Wall TIME] >>> ChiefCoach.train takes 3.903626 seconds ...
[Coach] >>> TRAIN @Epoch: 309  >>>  || LOSS Avg: 0.02707
[Coach] >>> VALID @Epoch: 309  >>> 
[Coach] >>> TEST  @Epoch: 309  >>> 
[Wall TIME] >>> ChiefCoach.train takes 3.877355 seconds ...
[Wall TIME] >>> ChiefCoach.valid takes 1.739547 seconds ...
[Coach] >>> TRAIN @Epoch: 310  >>>  || LOSS Avg: 0.02685
[Coach] >>> VALID @Epoch: 310  >>>  || RECALL@1 Avg: 0.0126 || RECALL@10 Avg: 0.0659 || RECALL@20 Avg: 0.0988 || NDCG@10 Avg: 0.0353 || NDCG@20 Avg: 0.0437
[Coach] >>> TEST  @Epoch: 310  >>> 
[Wall TIME] >>> ChiefCoach.train takes 3.851263 seconds ...
[Coach] >>> TRAIN @Epoch: 311  >>>  || LOSS Avg: 0.02680
[Coach] >>> VALID @Epoch: 311  >>> 
[Coach] >>> TEST  @Epoch: 311  >>> 
[Wall TIME] >>> ChiefCoach.train takes 4.601853 seconds ...
[Coach] >>> TRAIN @Epoch: 312  >>>  || LOSS Avg: 0.02703
[Coach] >>> VALID @Epoch: 312  >>> 
[Coach] >>> TEST  @Epoch: 312  >>> 
[Wall TIME] >>> ChiefCoach.train takes 3.885584 seconds ...
[Coach] >>> TRAIN @Epoch: 313  >>>  || LOSS Avg: 0.02692
[Coach] >>> VALID @Epoch: 313  >>> 
[Coach] >>> TEST  @Epoch: 313  >>> 
[Wall TIME] >>> ChiefCoach.train takes 3.868609 seconds ...
[Coach] >>> TRAIN @Epoch: 314  >>>  || LOSS Avg: 0.02702
[Coach] >>> VALID @Epoch: 314  >>> 
[Coach] >>> TEST  @Epoch: 314  >>> 
[Wall TIME] >>> ChiefCoach.train takes 3.872611 seconds ...
[Wall TIME] >>> ChiefCoach.valid takes 1.736201 seconds ...
[Coach] >>> TRAIN @Epoch: 315  >>>  || LOSS Avg: 0.02670
[Coach] >>> VALID @Epoch: 315  >>>  || RECALL@1 Avg: 0.0126 || RECALL@10 Avg: 0.0660 || RECALL@20 Avg: 0.0993 || NDCG@10 Avg: 0.0352 || NDCG@20 Avg: 0.0437
[Coach] >>> TEST  @Epoch: 315  >>> 
[Wall TIME] >>> ChiefCoach.train takes 3.888386 seconds ...
[Coach] >>> TRAIN @Epoch: 316  >>>  || LOSS Avg: 0.02670
[Coach] >>> VALID @Epoch: 316  >>> 
[Coach] >>> TEST  @Epoch: 316  >>> 
[Wall TIME] >>> ChiefCoach.train takes 3.913419 seconds ...
[Coach] >>> TRAIN @Epoch: 317  >>>  || LOSS Avg: 0.02685
[Coach] >>> VALID @Epoch: 317  >>> 
[Coach] >>> TEST  @Epoch: 317  >>> 
[Wall TIME] >>> ChiefCoach.train takes 3.826569 seconds ...
[Coach] >>> TRAIN @Epoch: 318  >>>  || LOSS Avg: 0.02685
[Coach] >>> VALID @Epoch: 318  >>> 
[Coach] >>> TEST  @Epoch: 318  >>> 
[Wall TIME] >>> ChiefCoach.train takes 3.895084 seconds ...
[Coach] >>> TRAIN @Epoch: 319  >>>  || LOSS Avg: 0.02679
[Coach] >>> VALID @Epoch: 319  >>> 
[Coach] >>> TEST  @Epoch: 319  >>> 
[Wall TIME] >>> ChiefCoach.train takes 3.829085 seconds ...
[Wall TIME] >>> ChiefCoach.valid takes 1.716980 seconds ...
[Coach] >>> TRAIN @Epoch: 320  >>>  || LOSS Avg: 0.02654
[Coach] >>> VALID @Epoch: 320  >>>  || RECALL@1 Avg: 0.0128 || RECALL@10 Avg: 0.0660 || RECALL@20 Avg: 0.0992 || NDCG@10 Avg: 0.0353 || NDCG@20 Avg: 0.0438
[Coach] >>> TEST  @Epoch: 320  >>> 
[Wall TIME] >>> ChiefCoach.train takes 3.912209 seconds ...
[Coach] >>> TRAIN @Epoch: 321  >>>  || LOSS Avg: 0.02658
[Coach] >>> VALID @Epoch: 321  >>> 
[Coach] >>> TEST  @Epoch: 321  >>> 
[Wall TIME] >>> ChiefCoach.train takes 3.941500 seconds ...
[Coach] >>> TRAIN @Epoch: 322  >>>  || LOSS Avg: 0.02669
[Coach] >>> VALID @Epoch: 322  >>> 
[Coach] >>> TEST  @Epoch: 322  >>> 
[Wall TIME] >>> ChiefCoach.train takes 3.867239 seconds ...
[Coach] >>> TRAIN @Epoch: 323  >>>  || LOSS Avg: 0.02662
[Coach] >>> VALID @Epoch: 323  >>> 
[Coach] >>> TEST  @Epoch: 323  >>> 
[Wall TIME] >>> ChiefCoach.train takes 3.939469 seconds ...
[Coach] >>> TRAIN @Epoch: 324  >>>  || LOSS Avg: 0.02643
[Coach] >>> VALID @Epoch: 324  >>> 
[Coach] >>> TEST  @Epoch: 324  >>> 
[Wall TIME] >>> ChiefCoach.train takes 3.871865 seconds ...
[Wall TIME] >>> ChiefCoach.valid takes 1.716738 seconds ...
[Coach] >>> TRAIN @Epoch: 325  >>>  || LOSS Avg: 0.02651
[Coach] >>> VALID @Epoch: 325  >>>  || RECALL@1 Avg: 0.0129 || RECALL@10 Avg: 0.0659 || RECALL@20 Avg: 0.0993 || NDCG@10 Avg: 0.0353 || NDCG@20 Avg: 0.0439
[Coach] >>> TEST  @Epoch: 325  >>> 
[Wall TIME] >>> ChiefCoach.train takes 4.497408 seconds ...
[Coach] >>> TRAIN @Epoch: 326  >>>  || LOSS Avg: 0.02678
[Coach] >>> VALID @Epoch: 326  >>> 
[Coach] >>> TEST  @Epoch: 326  >>> 
[Wall TIME] >>> ChiefCoach.train takes 3.939816 seconds ...
[Coach] >>> TRAIN @Epoch: 327  >>>  || LOSS Avg: 0.02643
[Coach] >>> VALID @Epoch: 327  >>> 
[Coach] >>> TEST  @Epoch: 327  >>> 
[Wall TIME] >>> ChiefCoach.train takes 3.929522 seconds ...
[Coach] >>> TRAIN @Epoch: 328  >>>  || LOSS Avg: 0.02655
[Coach] >>> VALID @Epoch: 328  >>> 
[Coach] >>> TEST  @Epoch: 328  >>> 
[Wall TIME] >>> ChiefCoach.train takes 3.902251 seconds ...
[Coach] >>> TRAIN @Epoch: 329  >>>  || LOSS Avg: 0.02667
[Coach] >>> VALID @Epoch: 329  >>> 
[Coach] >>> TEST  @Epoch: 329  >>> 
[Wall TIME] >>> ChiefCoach.train takes 3.878136 seconds ...
[Wall TIME] >>> ChiefCoach.valid takes 1.715727 seconds ...
[Coach] >>> TRAIN @Epoch: 330  >>>  || LOSS Avg: 0.02664
[Coach] >>> VALID @Epoch: 330  >>>  || RECALL@1 Avg: 0.0127 || RECALL@10 Avg: 0.0650 || RECALL@20 Avg: 0.0989 || NDCG@10 Avg: 0.0350 || NDCG@20 Avg: 0.0436
[Coach] >>> TEST  @Epoch: 330  >>> 
[Wall TIME] >>> ChiefCoach.train takes 3.907683 seconds ...
[Coach] >>> TRAIN @Epoch: 331  >>>  || LOSS Avg: 0.02677
[Coach] >>> VALID @Epoch: 331  >>> 
[Coach] >>> TEST  @Epoch: 331  >>> 
[Wall TIME] >>> ChiefCoach.train takes 3.911731 seconds ...
[Coach] >>> TRAIN @Epoch: 332  >>>  || LOSS Avg: 0.02653
[Coach] >>> VALID @Epoch: 332  >>> 
[Coach] >>> TEST  @Epoch: 332  >>> 
[Wall TIME] >>> ChiefCoach.train takes 3.891470 seconds ...
[Coach] >>> TRAIN @Epoch: 333  >>>  || LOSS Avg: 0.02636
[Coach] >>> VALID @Epoch: 333  >>> 
[Coach] >>> TEST  @Epoch: 333  >>> 
[Wall TIME] >>> ChiefCoach.train takes 3.887812 seconds ...
[Coach] >>> TRAIN @Epoch: 334  >>>  || LOSS Avg: 0.02651
[Coach] >>> VALID @Epoch: 334  >>> 
[Coach] >>> TEST  @Epoch: 334  >>> 
[Wall TIME] >>> ChiefCoach.train takes 3.938331 seconds ...
[Wall TIME] >>> ChiefCoach.valid takes 1.706452 seconds ...
[Coach] >>> TRAIN @Epoch: 335  >>>  || LOSS Avg: 0.02662
[Coach] >>> VALID @Epoch: 335  >>>  || RECALL@1 Avg: 0.0124 || RECALL@10 Avg: 0.0652 || RECALL@20 Avg: 0.0988 || NDCG@10 Avg: 0.0350 || NDCG@20 Avg: 0.0435
[Coach] >>> TEST  @Epoch: 335  >>> 
[Wall TIME] >>> ChiefCoach.train takes 3.875384 seconds ...
[Coach] >>> TRAIN @Epoch: 336  >>>  || LOSS Avg: 0.02620
[Coach] >>> VALID @Epoch: 336  >>> 
[Coach] >>> TEST  @Epoch: 336  >>> 
[Wall TIME] >>> ChiefCoach.train takes 3.906863 seconds ...
[Coach] >>> TRAIN @Epoch: 337  >>>  || LOSS Avg: 0.02635
[Coach] >>> VALID @Epoch: 337  >>> 
[Coach] >>> TEST  @Epoch: 337  >>> 
[Wall TIME] >>> ChiefCoach.train takes 3.889024 seconds ...
[Coach] >>> TRAIN @Epoch: 338  >>>  || LOSS Avg: 0.02646
[Coach] >>> VALID @Epoch: 338  >>> 
[Coach] >>> TEST  @Epoch: 338  >>> 
[Wall TIME] >>> ChiefCoach.train takes 3.983545 seconds ...
[Coach] >>> TRAIN @Epoch: 339  >>>  || LOSS Avg: 0.02651
[Coach] >>> VALID @Epoch: 339  >>> 
[Coach] >>> TEST  @Epoch: 339  >>> 
[Wall TIME] >>> ChiefCoach.train takes 4.473361 seconds ...
[Wall TIME] >>> ChiefCoach.valid takes 1.734325 seconds ...
[Coach] >>> TRAIN @Epoch: 340  >>>  || LOSS Avg: 0.02625
[Coach] >>> VALID @Epoch: 340  >>>  || RECALL@1 Avg: 0.0120 || RECALL@10 Avg: 0.0657 || RECALL@20 Avg: 0.0989 || NDCG@10 Avg: 0.0349 || NDCG@20 Avg: 0.0433
[Coach] >>> TEST  @Epoch: 340  >>> 
[Wall TIME] >>> ChiefCoach.train takes 3.876720 seconds ...
[Coach] >>> TRAIN @Epoch: 341  >>>  || LOSS Avg: 0.02638
[Coach] >>> VALID @Epoch: 341  >>> 
[Coach] >>> TEST  @Epoch: 341  >>> 
[Wall TIME] >>> ChiefCoach.train takes 3.879743 seconds ...
[Coach] >>> TRAIN @Epoch: 342  >>>  || LOSS Avg: 0.02639
[Coach] >>> VALID @Epoch: 342  >>> 
[Coach] >>> TEST  @Epoch: 342  >>> 
[Wall TIME] >>> ChiefCoach.train takes 3.921439 seconds ...
[Coach] >>> TRAIN @Epoch: 343  >>>  || LOSS Avg: 0.02663
[Coach] >>> VALID @Epoch: 343  >>> 
[Coach] >>> TEST  @Epoch: 343  >>> 
[Wall TIME] >>> ChiefCoach.train takes 3.919904 seconds ...
[Coach] >>> TRAIN @Epoch: 344  >>>  || LOSS Avg: 0.02608
[Coach] >>> VALID @Epoch: 344  >>> 
[Coach] >>> TEST  @Epoch: 344  >>> 
[Wall TIME] >>> ChiefCoach.train takes 3.821200 seconds ...
[Wall TIME] >>> ChiefCoach.valid takes 1.727819 seconds ...
[Coach] >>> TRAIN @Epoch: 345  >>>  || LOSS Avg: 0.02616
[Coach] >>> VALID @Epoch: 345  >>>  || RECALL@1 Avg: 0.0122 || RECALL@10 Avg: 0.0656 || RECALL@20 Avg: 0.0985 || NDCG@10 Avg: 0.0349 || NDCG@20 Avg: 0.0433
[Coach] >>> TEST  @Epoch: 345  >>> 
[Wall TIME] >>> ChiefCoach.train takes 3.851046 seconds ...
[Coach] >>> TRAIN @Epoch: 346  >>>  || LOSS Avg: 0.02631
[Coach] >>> VALID @Epoch: 346  >>> 
[Coach] >>> TEST  @Epoch: 346  >>> 
[Wall TIME] >>> ChiefCoach.train takes 3.900422 seconds ...
[Coach] >>> TRAIN @Epoch: 347  >>>  || LOSS Avg: 0.02618
[Coach] >>> VALID @Epoch: 347  >>> 
[Coach] >>> TEST  @Epoch: 347  >>> 
[Wall TIME] >>> ChiefCoach.train takes 3.837998 seconds ...
[Coach] >>> TRAIN @Epoch: 348  >>>  || LOSS Avg: 0.02642
[Coach] >>> VALID @Epoch: 348  >>> 
[Coach] >>> TEST  @Epoch: 348  >>> 
[Wall TIME] >>> ChiefCoach.train takes 3.895194 seconds ...
[Coach] >>> TRAIN @Epoch: 349  >>>  || LOSS Avg: 0.02642
[Coach] >>> VALID @Epoch: 349  >>> 
[Coach] >>> TEST  @Epoch: 349  >>> 
[Wall TIME] >>> ChiefCoach.train takes 3.906817 seconds ...
[Wall TIME] >>> ChiefCoach.valid takes 1.679454 seconds ...
[Coach] >>> TRAIN @Epoch: 350  >>>  || LOSS Avg: 0.02641
[Coach] >>> VALID @Epoch: 350  >>>  || RECALL@1 Avg: 0.0124 || RECALL@10 Avg: 0.0658 || RECALL@20 Avg: 0.0995 || NDCG@10 Avg: 0.0352 || NDCG@20 Avg: 0.0437
[Coach] >>> TEST  @Epoch: 350  >>> 
[Wall TIME] >>> ChiefCoach.train takes 3.900239 seconds ...
[Coach] >>> TRAIN @Epoch: 351  >>>  || LOSS Avg: 0.02619
[Coach] >>> VALID @Epoch: 351  >>> 
[Coach] >>> TEST  @Epoch: 351  >>> 
[Wall TIME] >>> ChiefCoach.train takes 3.883119 seconds ...
[Coach] >>> TRAIN @Epoch: 352  >>>  || LOSS Avg: 0.02606
[Coach] >>> VALID @Epoch: 352  >>> 
[Coach] >>> TEST  @Epoch: 352  >>> 
[Wall TIME] >>> ChiefCoach.train takes 3.842793 seconds ...
[Coach] >>> TRAIN @Epoch: 353  >>>  || LOSS Avg: 0.02626
[Coach] >>> VALID @Epoch: 353  >>> 
[Coach] >>> TEST  @Epoch: 353  >>> 
[Wall TIME] >>> ChiefCoach.train takes 3.897748 seconds ...
[Coach] >>> TRAIN @Epoch: 354  >>>  || LOSS Avg: 0.02634
[Coach] >>> VALID @Epoch: 354  >>> 
[Coach] >>> TEST  @Epoch: 354  >>> 
[Wall TIME] >>> ChiefCoach.train takes 4.512189 seconds ...
[Wall TIME] >>> ChiefCoach.valid takes 1.717817 seconds ...
[Coach] >>> TRAIN @Epoch: 355  >>>  || LOSS Avg: 0.02603
[Coach] >>> VALID @Epoch: 355  >>>  || RECALL@1 Avg: 0.0124 || RECALL@10 Avg: 0.0664 || RECALL@20 Avg: 0.0991 || NDCG@10 Avg: 0.0353 || NDCG@20 Avg: 0.0436
[Coach] >>> TEST  @Epoch: 355  >>> 
[Wall TIME] >>> ChiefCoach.train takes 3.853575 seconds ...
[Coach] >>> TRAIN @Epoch: 356  >>>  || LOSS Avg: 0.02615
[Coach] >>> VALID @Epoch: 356  >>> 
[Coach] >>> TEST  @Epoch: 356  >>> 
[Wall TIME] >>> ChiefCoach.train takes 3.892154 seconds ...
[Coach] >>> TRAIN @Epoch: 357  >>>  || LOSS Avg: 0.02598
[Coach] >>> VALID @Epoch: 357  >>> 
[Coach] >>> TEST  @Epoch: 357  >>> 
[Wall TIME] >>> ChiefCoach.train takes 3.905495 seconds ...
[Coach] >>> TRAIN @Epoch: 358  >>>  || LOSS Avg: 0.02611
[Coach] >>> VALID @Epoch: 358  >>> 
[Coach] >>> TEST  @Epoch: 358  >>> 
[Wall TIME] >>> ChiefCoach.train takes 3.888403 seconds ...
[Coach] >>> TRAIN @Epoch: 359  >>>  || LOSS Avg: 0.02637
[Coach] >>> VALID @Epoch: 359  >>> 
[Coach] >>> TEST  @Epoch: 359  >>> 
[Wall TIME] >>> ChiefCoach.train takes 3.863692 seconds ...
[Wall TIME] >>> ChiefCoach.valid takes 1.706119 seconds ...
[Coach] >>> TRAIN @Epoch: 360  >>>  || LOSS Avg: 0.02606
[Coach] >>> VALID @Epoch: 360  >>>  || RECALL@1 Avg: 0.0122 || RECALL@10 Avg: 0.0656 || RECALL@20 Avg: 0.1001 || NDCG@10 Avg: 0.0350 || NDCG@20 Avg: 0.0438
[Coach] >>> TEST  @Epoch: 360  >>> 
[Wall TIME] >>> ChiefCoach.train takes 3.877353 seconds ...
[Coach] >>> TRAIN @Epoch: 361  >>>  || LOSS Avg: 0.02613
[Coach] >>> VALID @Epoch: 361  >>> 
[Coach] >>> TEST  @Epoch: 361  >>> 
[Wall TIME] >>> ChiefCoach.train takes 3.906236 seconds ...
[Coach] >>> TRAIN @Epoch: 362  >>>  || LOSS Avg: 0.02602
[Coach] >>> VALID @Epoch: 362  >>> 
[Coach] >>> TEST  @Epoch: 362  >>> 
[Wall TIME] >>> ChiefCoach.train takes 3.913761 seconds ...
[Coach] >>> TRAIN @Epoch: 363  >>>  || LOSS Avg: 0.02633
[Coach] >>> VALID @Epoch: 363  >>> 
[Coach] >>> TEST  @Epoch: 363  >>> 
[Wall TIME] >>> ChiefCoach.train takes 3.952858 seconds ...
[Coach] >>> TRAIN @Epoch: 364  >>>  || LOSS Avg: 0.02615
[Coach] >>> VALID @Epoch: 364  >>> 
[Coach] >>> TEST  @Epoch: 364  >>> 
[Wall TIME] >>> ChiefCoach.train takes 3.941710 seconds ...
[Wall TIME] >>> ChiefCoach.valid takes 1.704602 seconds ...
[Coach] >>> TRAIN @Epoch: 365  >>>  || LOSS Avg: 0.02584
[Coach] >>> VALID @Epoch: 365  >>>  || RECALL@1 Avg: 0.0122 || RECALL@10 Avg: 0.0664 || RECALL@20 Avg: 0.0996 || NDCG@10 Avg: 0.0353 || NDCG@20 Avg: 0.0437
[Coach] >>> TEST  @Epoch: 365  >>> 
[Wall TIME] >>> ChiefCoach.train takes 3.859438 seconds ...
[Coach] >>> TRAIN @Epoch: 366  >>>  || LOSS Avg: 0.02593
[Coach] >>> VALID @Epoch: 366  >>> 
[Coach] >>> TEST  @Epoch: 366  >>> 
[Wall TIME] >>> ChiefCoach.train takes 3.898657 seconds ...
[Coach] >>> TRAIN @Epoch: 367  >>>  || LOSS Avg: 0.02601
[Coach] >>> VALID @Epoch: 367  >>> 
[Coach] >>> TEST  @Epoch: 367  >>> 
[Wall TIME] >>> ChiefCoach.train takes 3.875833 seconds ...
[Coach] >>> TRAIN @Epoch: 368  >>>  || LOSS Avg: 0.02606
[Coach] >>> VALID @Epoch: 368  >>> 
[Coach] >>> TEST  @Epoch: 368  >>> 
[Wall TIME] >>> ChiefCoach.train takes 4.764492 seconds ...
[Coach] >>> TRAIN @Epoch: 369  >>>  || LOSS Avg: 0.02604
[Coach] >>> VALID @Epoch: 369  >>> 
[Coach] >>> TEST  @Epoch: 369  >>> 
[Wall TIME] >>> ChiefCoach.train takes 3.916548 seconds ...
[Wall TIME] >>> ChiefCoach.valid takes 1.715307 seconds ...
[Coach] >>> TRAIN @Epoch: 370  >>>  || LOSS Avg: 0.02603
[Coach] >>> VALID @Epoch: 370  >>>  || RECALL@1 Avg: 0.0127 || RECALL@10 Avg: 0.0661 || RECALL@20 Avg: 0.0997 || NDCG@10 Avg: 0.0355 || NDCG@20 Avg: 0.0440
[Coach] >>> TEST  @Epoch: 370  >>> 
[Wall TIME] >>> ChiefCoach.train takes 3.878031 seconds ...
[Coach] >>> TRAIN @Epoch: 371  >>>  || LOSS Avg: 0.02571
[Coach] >>> VALID @Epoch: 371  >>> 
[Coach] >>> TEST  @Epoch: 371  >>> 
[Wall TIME] >>> ChiefCoach.train takes 3.956235 seconds ...
[Coach] >>> TRAIN @Epoch: 372  >>>  || LOSS Avg: 0.02607
[Coach] >>> VALID @Epoch: 372  >>> 
[Coach] >>> TEST  @Epoch: 372  >>> 
[Wall TIME] >>> ChiefCoach.train takes 3.876081 seconds ...
[Coach] >>> TRAIN @Epoch: 373  >>>  || LOSS Avg: 0.02582
[Coach] >>> VALID @Epoch: 373  >>> 
[Coach] >>> TEST  @Epoch: 373  >>> 
[Wall TIME] >>> ChiefCoach.train takes 3.884884 seconds ...
[Coach] >>> TRAIN @Epoch: 374  >>>  || LOSS Avg: 0.02602
[Coach] >>> VALID @Epoch: 374  >>> 
[Coach] >>> TEST  @Epoch: 374  >>> 
[Wall TIME] >>> ChiefCoach.train takes 3.863708 seconds ...
[Wall TIME] >>> ChiefCoach.valid takes 1.704312 seconds ...
[Coach] >>> TRAIN @Epoch: 375  >>>  || LOSS Avg: 0.02576
[Coach] >>> VALID @Epoch: 375  >>>  || RECALL@1 Avg: 0.0130 || RECALL@10 Avg: 0.0662 || RECALL@20 Avg: 0.0990 || NDCG@10 Avg: 0.0355 || NDCG@20 Avg: 0.0439
[Coach] >>> TEST  @Epoch: 375  >>> 
[Wall TIME] >>> ChiefCoach.train takes 3.891417 seconds ...
[Coach] >>> TRAIN @Epoch: 376  >>>  || LOSS Avg: 0.02565
[Coach] >>> VALID @Epoch: 376  >>> 
[Coach] >>> TEST  @Epoch: 376  >>> 
[Wall TIME] >>> ChiefCoach.train takes 3.885387 seconds ...
[Coach] >>> TRAIN @Epoch: 377  >>>  || LOSS Avg: 0.02580
[Coach] >>> VALID @Epoch: 377  >>> 
[Coach] >>> TEST  @Epoch: 377  >>> 
[Wall TIME] >>> ChiefCoach.train takes 3.837153 seconds ...
[Coach] >>> TRAIN @Epoch: 378  >>>  || LOSS Avg: 0.02590
[Coach] >>> VALID @Epoch: 378  >>> 
[Coach] >>> TEST  @Epoch: 378  >>> 
[Wall TIME] >>> ChiefCoach.train takes 3.927702 seconds ...
[Coach] >>> TRAIN @Epoch: 379  >>>  || LOSS Avg: 0.02577
[Coach] >>> VALID @Epoch: 379  >>> 
[Coach] >>> TEST  @Epoch: 379  >>> 
[Wall TIME] >>> ChiefCoach.train takes 3.876590 seconds ...
[Wall TIME] >>> ChiefCoach.valid takes 1.704159 seconds ...
[Coach] >>> TRAIN @Epoch: 380  >>>  || LOSS Avg: 0.02579
[Coach] >>> VALID @Epoch: 380  >>>  || RECALL@1 Avg: 0.0126 || RECALL@10 Avg: 0.0667 || RECALL@20 Avg: 0.0994 || NDCG@10 Avg: 0.0356 || NDCG@20 Avg: 0.0439
[Coach] >>> TEST  @Epoch: 380  >>> 
[Wall TIME] >>> ChiefCoach.train takes 3.872297 seconds ...
[Coach] >>> TRAIN @Epoch: 381  >>>  || LOSS Avg: 0.02582
[Coach] >>> VALID @Epoch: 381  >>> 
[Coach] >>> TEST  @Epoch: 381  >>> 
[Wall TIME] >>> ChiefCoach.train takes 3.894647 seconds ...
[Coach] >>> TRAIN @Epoch: 382  >>>  || LOSS Avg: 0.02583
[Coach] >>> VALID @Epoch: 382  >>> 
[Coach] >>> TEST  @Epoch: 382  >>> 
[Wall TIME] >>> ChiefCoach.train takes 4.749104 seconds ...
[Coach] >>> TRAIN @Epoch: 383  >>>  || LOSS Avg: 0.02567
[Coach] >>> VALID @Epoch: 383  >>> 
[Coach] >>> TEST  @Epoch: 383  >>> 
[Wall TIME] >>> ChiefCoach.train takes 3.905881 seconds ...
[Coach] >>> TRAIN @Epoch: 384  >>>  || LOSS Avg: 0.02570
[Coach] >>> VALID @Epoch: 384  >>> 
[Coach] >>> TEST  @Epoch: 384  >>> 
[Wall TIME] >>> ChiefCoach.train takes 3.810268 seconds ...
[Wall TIME] >>> ChiefCoach.valid takes 1.740381 seconds ...
[Coach] >>> TRAIN @Epoch: 385  >>>  || LOSS Avg: 0.02562
[Coach] >>> VALID @Epoch: 385  >>>  || RECALL@1 Avg: 0.0125 || RECALL@10 Avg: 0.0665 || RECALL@20 Avg: 0.0993 || NDCG@10 Avg: 0.0355 || NDCG@20 Avg: 0.0438
[Coach] >>> TEST  @Epoch: 385  >>> 
[Wall TIME] >>> ChiefCoach.train takes 3.893563 seconds ...
[Coach] >>> TRAIN @Epoch: 386  >>>  || LOSS Avg: 0.02575
[Coach] >>> VALID @Epoch: 386  >>> 
[Coach] >>> TEST  @Epoch: 386  >>> 
[Wall TIME] >>> ChiefCoach.train takes 3.872143 seconds ...
[Coach] >>> TRAIN @Epoch: 387  >>>  || LOSS Avg: 0.02565
[Coach] >>> VALID @Epoch: 387  >>> 
[Coach] >>> TEST  @Epoch: 387  >>> 
[Wall TIME] >>> ChiefCoach.train takes 3.918946 seconds ...
[Coach] >>> TRAIN @Epoch: 388  >>>  || LOSS Avg: 0.02583
[Coach] >>> VALID @Epoch: 388  >>> 
[Coach] >>> TEST  @Epoch: 388  >>> 
[Wall TIME] >>> ChiefCoach.train takes 3.882083 seconds ...
[Coach] >>> TRAIN @Epoch: 389  >>>  || LOSS Avg: 0.02586
[Coach] >>> VALID @Epoch: 389  >>> 
[Coach] >>> TEST  @Epoch: 389  >>> 
[Wall TIME] >>> ChiefCoach.train takes 3.886521 seconds ...
[Wall TIME] >>> ChiefCoach.valid takes 1.704013 seconds ...
[Coach] >>> TRAIN @Epoch: 390  >>>  || LOSS Avg: 0.02565
[Coach] >>> VALID @Epoch: 390  >>>  || RECALL@1 Avg: 0.0125 || RECALL@10 Avg: 0.0654 || RECALL@20 Avg: 0.0997 || NDCG@10 Avg: 0.0351 || NDCG@20 Avg: 0.0439
[Coach] >>> TEST  @Epoch: 390  >>> 
[Wall TIME] >>> ChiefCoach.train takes 3.859313 seconds ...
[Coach] >>> TRAIN @Epoch: 391  >>>  || LOSS Avg: 0.02588
[Coach] >>> VALID @Epoch: 391  >>> 
[Coach] >>> TEST  @Epoch: 391  >>> 
[Wall TIME] >>> ChiefCoach.train takes 3.886412 seconds ...
[Coach] >>> TRAIN @Epoch: 392  >>>  || LOSS Avg: 0.02575
[Coach] >>> VALID @Epoch: 392  >>> 
[Coach] >>> TEST  @Epoch: 392  >>> 
[Wall TIME] >>> ChiefCoach.train takes 3.838171 seconds ...
[Coach] >>> TRAIN @Epoch: 393  >>>  || LOSS Avg: 0.02570
[Coach] >>> VALID @Epoch: 393  >>> 
[Coach] >>> TEST  @Epoch: 393  >>> 
[Wall TIME] >>> ChiefCoach.train takes 3.873655 seconds ...
[Coach] >>> TRAIN @Epoch: 394  >>>  || LOSS Avg: 0.02552
[Coach] >>> VALID @Epoch: 394  >>> 
[Coach] >>> TEST  @Epoch: 394  >>> 
[Wall TIME] >>> ChiefCoach.train takes 3.977276 seconds ...
[Wall TIME] >>> ChiefCoach.valid takes 1.709586 seconds ...
[Coach] >>> TRAIN @Epoch: 395  >>>  || LOSS Avg: 0.02563
[Coach] >>> VALID @Epoch: 395  >>>  || RECALL@1 Avg: 0.0127 || RECALL@10 Avg: 0.0661 || RECALL@20 Avg: 0.0999 || NDCG@10 Avg: 0.0353 || NDCG@20 Avg: 0.0439
[Coach] >>> TEST  @Epoch: 395  >>> 
[Wall TIME] >>> ChiefCoach.train takes 3.812448 seconds ...
[Coach] >>> TRAIN @Epoch: 396  >>>  || LOSS Avg: 0.02525
[Coach] >>> VALID @Epoch: 396  >>> 
[Coach] >>> TEST  @Epoch: 396  >>> 
[Wall TIME] >>> ChiefCoach.train takes 4.727166 seconds ...
[Coach] >>> TRAIN @Epoch: 397  >>>  || LOSS Avg: 0.02537
[Coach] >>> VALID @Epoch: 397  >>> 
[Coach] >>> TEST  @Epoch: 397  >>> 
[Wall TIME] >>> ChiefCoach.train takes 3.899394 seconds ...
[Coach] >>> TRAIN @Epoch: 398  >>>  || LOSS Avg: 0.02533
[Coach] >>> VALID @Epoch: 398  >>> 
[Coach] >>> TEST  @Epoch: 398  >>> 
[Wall TIME] >>> ChiefCoach.train takes 3.913181 seconds ...
[Coach] >>> TRAIN @Epoch: 399  >>>  || LOSS Avg: 0.02564
[Coach] >>> VALID @Epoch: 399  >>> 
[Coach] >>> TEST  @Epoch: 399  >>> 
[Wall TIME] >>> ChiefCoach.train takes 3.889459 seconds ...
[Wall TIME] >>> ChiefCoach.valid takes 1.708204 seconds ...
[Coach] >>> TRAIN @Epoch: 400  >>>  || LOSS Avg: 0.02534
[Coach] >>> VALID @Epoch: 400  >>>  || RECALL@1 Avg: 0.0124 || RECALL@10 Avg: 0.0661 || RECALL@20 Avg: 0.0995 || NDCG@10 Avg: 0.0352 || NDCG@20 Avg: 0.0437
[Coach] >>> TEST  @Epoch: 400  >>> 
[Wall TIME] >>> ChiefCoach.train takes 3.923425 seconds ...
[Coach] >>> TRAIN @Epoch: 401  >>>  || LOSS Avg: 0.02546
[Coach] >>> VALID @Epoch: 401  >>> 
[Coach] >>> TEST  @Epoch: 401  >>> 
[Wall TIME] >>> ChiefCoach.train takes 3.908445 seconds ...
[Coach] >>> TRAIN @Epoch: 402  >>>  || LOSS Avg: 0.02535
[Coach] >>> VALID @Epoch: 402  >>> 
[Coach] >>> TEST  @Epoch: 402  >>> 
[Wall TIME] >>> ChiefCoach.train takes 3.889497 seconds ...
[Coach] >>> TRAIN @Epoch: 403  >>>  || LOSS Avg: 0.02558
[Coach] >>> VALID @Epoch: 403  >>> 
[Coach] >>> TEST  @Epoch: 403  >>> 
[Wall TIME] >>> ChiefCoach.train takes 3.905809 seconds ...
[Coach] >>> TRAIN @Epoch: 404  >>>  || LOSS Avg: 0.02561
[Coach] >>> VALID @Epoch: 404  >>> 
[Coach] >>> TEST  @Epoch: 404  >>> 
[Wall TIME] >>> ChiefCoach.train takes 3.848932 seconds ...
[Wall TIME] >>> ChiefCoach.valid takes 1.720983 seconds ...
[Coach] >>> TRAIN @Epoch: 405  >>>  || LOSS Avg: 0.02564
[Coach] >>> VALID @Epoch: 405  >>>  || RECALL@1 Avg: 0.0127 || RECALL@10 Avg: 0.0659 || RECALL@20 Avg: 0.0999 || NDCG@10 Avg: 0.0353 || NDCG@20 Avg: 0.0440
[Coach] >>> TEST  @Epoch: 405  >>> 
[Wall TIME] >>> ChiefCoach.train takes 3.900507 seconds ...
[Coach] >>> TRAIN @Epoch: 406  >>>  || LOSS Avg: 0.02531
[Coach] >>> VALID @Epoch: 406  >>> 
[Coach] >>> TEST  @Epoch: 406  >>> 
[Wall TIME] >>> ChiefCoach.train takes 3.910226 seconds ...
[Coach] >>> TRAIN @Epoch: 407  >>>  || LOSS Avg: 0.02549
[Coach] >>> VALID @Epoch: 407  >>> 
[Coach] >>> TEST  @Epoch: 407  >>> 
[Wall TIME] >>> ChiefCoach.train takes 3.939679 seconds ...
[Coach] >>> TRAIN @Epoch: 408  >>>  || LOSS Avg: 0.02535
[Coach] >>> VALID @Epoch: 408  >>> 
[Coach] >>> TEST  @Epoch: 408  >>> 
[Wall TIME] >>> ChiefCoach.train takes 3.910949 seconds ...
[Coach] >>> TRAIN @Epoch: 409  >>>  || LOSS Avg: 0.02525
[Coach] >>> VALID @Epoch: 409  >>> 
[Coach] >>> TEST  @Epoch: 409  >>> 
[Wall TIME] >>> ChiefCoach.train takes 3.928325 seconds ...
[Wall TIME] >>> ChiefCoach.valid takes 1.729908 seconds ...
[Coach] >>> TRAIN @Epoch: 410  >>>  || LOSS Avg: 0.02520
[Coach] >>> VALID @Epoch: 410  >>>  || RECALL@1 Avg: 0.0128 || RECALL@10 Avg: 0.0660 || RECALL@20 Avg: 0.0987 || NDCG@10 Avg: 0.0354 || NDCG@20 Avg: 0.0438
[Coach] >>> TEST  @Epoch: 410  >>> 
[Wall TIME] >>> ChiefCoach.train takes 3.915968 seconds ...
[Coach] >>> TRAIN @Epoch: 411  >>>  || LOSS Avg: 0.02528
[Coach] >>> VALID @Epoch: 411  >>> 
[Coach] >>> TEST  @Epoch: 411  >>> 
[Wall TIME] >>> ChiefCoach.train takes 4.887152 seconds ...
[Coach] >>> TRAIN @Epoch: 412  >>>  || LOSS Avg: 0.02546
[Coach] >>> VALID @Epoch: 412  >>> 
[Coach] >>> TEST  @Epoch: 412  >>> 
[Wall TIME] >>> ChiefCoach.train takes 3.897561 seconds ...
[Coach] >>> TRAIN @Epoch: 413  >>>  || LOSS Avg: 0.02536
[Coach] >>> VALID @Epoch: 413  >>> 
[Coach] >>> TEST  @Epoch: 413  >>> 
[Wall TIME] >>> ChiefCoach.train takes 3.883840 seconds ...
[Coach] >>> TRAIN @Epoch: 414  >>>  || LOSS Avg: 0.02527
[Coach] >>> VALID @Epoch: 414  >>> 
[Coach] >>> TEST  @Epoch: 414  >>> 
[Wall TIME] >>> ChiefCoach.train takes 3.888349 seconds ...
[Wall TIME] >>> ChiefCoach.valid takes 1.722646 seconds ...
[Coach] >>> TRAIN @Epoch: 415  >>>  || LOSS Avg: 0.02526
[Coach] >>> VALID @Epoch: 415  >>>  || RECALL@1 Avg: 0.0128 || RECALL@10 Avg: 0.0666 || RECALL@20 Avg: 0.1000 || NDCG@10 Avg: 0.0356 || NDCG@20 Avg: 0.0441
[Coach] >>> TEST  @Epoch: 415  >>> 
[Wall TIME] >>> ChiefCoach.train takes 3.898013 seconds ...
[Coach] >>> TRAIN @Epoch: 416  >>>  || LOSS Avg: 0.02529
[Coach] >>> VALID @Epoch: 416  >>> 
[Coach] >>> TEST  @Epoch: 416  >>> 
[Wall TIME] >>> ChiefCoach.train takes 3.873044 seconds ...
[Coach] >>> TRAIN @Epoch: 417  >>>  || LOSS Avg: 0.02514
[Coach] >>> VALID @Epoch: 417  >>> 
[Coach] >>> TEST  @Epoch: 417  >>> 
[Wall TIME] >>> ChiefCoach.train takes 3.864957 seconds ...
[Coach] >>> TRAIN @Epoch: 418  >>>  || LOSS Avg: 0.02541
[Coach] >>> VALID @Epoch: 418  >>> 
[Coach] >>> TEST  @Epoch: 418  >>> 
[Wall TIME] >>> ChiefCoach.train takes 3.897921 seconds ...
[Coach] >>> TRAIN @Epoch: 419  >>>  || LOSS Avg: 0.02538
[Coach] >>> VALID @Epoch: 419  >>> 
[Coach] >>> TEST  @Epoch: 419  >>> 
[Wall TIME] >>> ChiefCoach.train takes 3.890628 seconds ...
[Wall TIME] >>> ChiefCoach.valid takes 1.728516 seconds ...
[Coach] >>> TRAIN @Epoch: 420  >>>  || LOSS Avg: 0.02524
[Coach] >>> VALID @Epoch: 420  >>>  || RECALL@1 Avg: 0.0126 || RECALL@10 Avg: 0.0664 || RECALL@20 Avg: 0.0996 || NDCG@10 Avg: 0.0354 || NDCG@20 Avg: 0.0439
[Coach] >>> TEST  @Epoch: 420  >>> 
[Wall TIME] >>> ChiefCoach.train takes 3.861853 seconds ...
[Coach] >>> TRAIN @Epoch: 421  >>>  || LOSS Avg: 0.02521
[Coach] >>> VALID @Epoch: 421  >>> 
[Coach] >>> TEST  @Epoch: 421  >>> 
[Wall TIME] >>> ChiefCoach.train takes 3.915256 seconds ...
[Coach] >>> TRAIN @Epoch: 422  >>>  || LOSS Avg: 0.02523
[Coach] >>> VALID @Epoch: 422  >>> 
[Coach] >>> TEST  @Epoch: 422  >>> 
[Wall TIME] >>> ChiefCoach.train takes 3.867495 seconds ...
[Coach] >>> TRAIN @Epoch: 423  >>>  || LOSS Avg: 0.02533
[Coach] >>> VALID @Epoch: 423  >>> 
[Coach] >>> TEST  @Epoch: 423  >>> 
[Wall TIME] >>> ChiefCoach.train takes 3.905750 seconds ...
[Coach] >>> TRAIN @Epoch: 424  >>>  || LOSS Avg: 0.02538
[Coach] >>> VALID @Epoch: 424  >>> 
[Coach] >>> TEST  @Epoch: 424  >>> 
[Wall TIME] >>> ChiefCoach.train takes 3.906848 seconds ...
[Wall TIME] >>> ChiefCoach.valid takes 1.700743 seconds ...
[Coach] >>> TRAIN @Epoch: 425  >>>  || LOSS Avg: 0.02515
[Coach] >>> VALID @Epoch: 425  >>>  || RECALL@1 Avg: 0.0126 || RECALL@10 Avg: 0.0660 || RECALL@20 Avg: 0.0995 || NDCG@10 Avg: 0.0354 || NDCG@20 Avg: 0.0439
[Coach] >>> TEST  @Epoch: 425  >>> 
[Wall TIME] >>> ChiefCoach.train takes 4.837545 seconds ...
[Coach] >>> TRAIN @Epoch: 426  >>>  || LOSS Avg: 0.02521
[Coach] >>> VALID @Epoch: 426  >>> 
[Coach] >>> TEST  @Epoch: 426  >>> 
[Wall TIME] >>> ChiefCoach.train takes 3.870328 seconds ...
[Coach] >>> TRAIN @Epoch: 427  >>>  || LOSS Avg: 0.02536
[Coach] >>> VALID @Epoch: 427  >>> 
[Coach] >>> TEST  @Epoch: 427  >>> 
[Wall TIME] >>> ChiefCoach.train takes 3.861309 seconds ...
[Coach] >>> TRAIN @Epoch: 428  >>>  || LOSS Avg: 0.02525
[Coach] >>> VALID @Epoch: 428  >>> 
[Coach] >>> TEST  @Epoch: 428  >>> 
[Wall TIME] >>> ChiefCoach.train takes 3.906500 seconds ...
[Coach] >>> TRAIN @Epoch: 429  >>>  || LOSS Avg: 0.02510
[Coach] >>> VALID @Epoch: 429  >>> 
[Coach] >>> TEST  @Epoch: 429  >>> 
[Wall TIME] >>> ChiefCoach.train takes 3.873698 seconds ...
[Wall TIME] >>> ChiefCoach.valid takes 1.741892 seconds ...
[Coach] >>> TRAIN @Epoch: 430  >>>  || LOSS Avg: 0.02522
[Coach] >>> VALID @Epoch: 430  >>>  || RECALL@1 Avg: 0.0126 || RECALL@10 Avg: 0.0666 || RECALL@20 Avg: 0.0998 || NDCG@10 Avg: 0.0355 || NDCG@20 Avg: 0.0439
[Coach] >>> TEST  @Epoch: 430  >>> 
[Wall TIME] >>> ChiefCoach.train takes 3.934400 seconds ...
[Coach] >>> TRAIN @Epoch: 431  >>>  || LOSS Avg: 0.02510
[Coach] >>> VALID @Epoch: 431  >>> 
[Coach] >>> TEST  @Epoch: 431  >>> 
[Wall TIME] >>> ChiefCoach.train takes 3.895501 seconds ...
[Coach] >>> TRAIN @Epoch: 432  >>>  || LOSS Avg: 0.02525
[Coach] >>> VALID @Epoch: 432  >>> 
[Coach] >>> TEST  @Epoch: 432  >>> 
[Wall TIME] >>> ChiefCoach.train takes 3.930622 seconds ...
[Coach] >>> TRAIN @Epoch: 433  >>>  || LOSS Avg: 0.02527
[Coach] >>> VALID @Epoch: 433  >>> 
[Coach] >>> TEST  @Epoch: 433  >>> 
[Wall TIME] >>> ChiefCoach.train takes 3.888359 seconds ...
[Coach] >>> TRAIN @Epoch: 434  >>>  || LOSS Avg: 0.02511
[Coach] >>> VALID @Epoch: 434  >>> 
[Coach] >>> TEST  @Epoch: 434  >>> 
[Wall TIME] >>> ChiefCoach.train takes 3.852978 seconds ...
[Wall TIME] >>> ChiefCoach.valid takes 1.708473 seconds ...
[Coach] >>> TRAIN @Epoch: 435  >>>  || LOSS Avg: 0.02505
[Coach] >>> VALID @Epoch: 435  >>>  || RECALL@1 Avg: 0.0129 || RECALL@10 Avg: 0.0657 || RECALL@20 Avg: 0.0989 || NDCG@10 Avg: 0.0354 || NDCG@20 Avg: 0.0438
[Coach] >>> TEST  @Epoch: 435  >>> 
[Wall TIME] >>> ChiefCoach.train takes 3.887973 seconds ...
[Coach] >>> TRAIN @Epoch: 436  >>>  || LOSS Avg: 0.02535
[Coach] >>> VALID @Epoch: 436  >>> 
[Coach] >>> TEST  @Epoch: 436  >>> 
[Wall TIME] >>> ChiefCoach.train takes 3.919431 seconds ...
[Coach] >>> TRAIN @Epoch: 437  >>>  || LOSS Avg: 0.02486
[Coach] >>> VALID @Epoch: 437  >>> 
[Coach] >>> TEST  @Epoch: 437  >>> 
[Wall TIME] >>> ChiefCoach.train takes 3.857976 seconds ...
[Coach] >>> TRAIN @Epoch: 438  >>>  || LOSS Avg: 0.02538
[Coach] >>> VALID @Epoch: 438  >>> 
[Coach] >>> TEST  @Epoch: 438  >>> 
[Wall TIME] >>> ChiefCoach.train takes 3.879193 seconds ...
[Coach] >>> TRAIN @Epoch: 439  >>>  || LOSS Avg: 0.02509
[Coach] >>> VALID @Epoch: 439  >>> 
[Coach] >>> TEST  @Epoch: 439  >>> 
[Wall TIME] >>> ChiefCoach.train takes 4.783781 seconds ...
[Wall TIME] >>> ChiefCoach.valid takes 1.699175 seconds ...
[Coach] >>> TRAIN @Epoch: 440  >>>  || LOSS Avg: 0.02509
[Coach] >>> VALID @Epoch: 440  >>>  || RECALL@1 Avg: 0.0127 || RECALL@10 Avg: 0.0660 || RECALL@20 Avg: 0.0992 || NDCG@10 Avg: 0.0354 || NDCG@20 Avg: 0.0438
[Coach] >>> TEST  @Epoch: 440  >>> 
[Wall TIME] >>> ChiefCoach.train takes 3.872045 seconds ...
[Coach] >>> TRAIN @Epoch: 441  >>>  || LOSS Avg: 0.02528
[Coach] >>> VALID @Epoch: 441  >>> 
[Coach] >>> TEST  @Epoch: 441  >>> 
[Wall TIME] >>> ChiefCoach.train takes 3.898555 seconds ...
[Coach] >>> TRAIN @Epoch: 442  >>>  || LOSS Avg: 0.02477
[Coach] >>> VALID @Epoch: 442  >>> 
[Coach] >>> TEST  @Epoch: 442  >>> 
[Wall TIME] >>> ChiefCoach.train takes 3.914612 seconds ...
[Coach] >>> TRAIN @Epoch: 443  >>>  || LOSS Avg: 0.02511
[Coach] >>> VALID @Epoch: 443  >>> 
[Coach] >>> TEST  @Epoch: 443  >>> 
[Wall TIME] >>> ChiefCoach.train takes 3.930785 seconds ...
[Coach] >>> TRAIN @Epoch: 444  >>>  || LOSS Avg: 0.02527
[Coach] >>> VALID @Epoch: 444  >>> 
[Coach] >>> TEST  @Epoch: 444  >>> 
[Wall TIME] >>> ChiefCoach.train takes 3.950638 seconds ...
[Wall TIME] >>> ChiefCoach.valid takes 1.730436 seconds ...
[Coach] >>> TRAIN @Epoch: 445  >>>  || LOSS Avg: 0.02528
[Coach] >>> VALID @Epoch: 445  >>>  || RECALL@1 Avg: 0.0128 || RECALL@10 Avg: 0.0659 || RECALL@20 Avg: 0.0988 || NDCG@10 Avg: 0.0353 || NDCG@20 Avg: 0.0437
[Coach] >>> TEST  @Epoch: 445  >>> 
[Wall TIME] >>> ChiefCoach.train takes 3.917981 seconds ...
[Coach] >>> TRAIN @Epoch: 446  >>>  || LOSS Avg: 0.02499
[Coach] >>> VALID @Epoch: 446  >>> 
[Coach] >>> TEST  @Epoch: 446  >>> 
[Wall TIME] >>> ChiefCoach.train takes 3.929320 seconds ...
[Coach] >>> TRAIN @Epoch: 447  >>>  || LOSS Avg: 0.02515
[Coach] >>> VALID @Epoch: 447  >>> 
[Coach] >>> TEST  @Epoch: 447  >>> 
[Wall TIME] >>> ChiefCoach.train takes 3.838982 seconds ...
[Coach] >>> TRAIN @Epoch: 448  >>>  || LOSS Avg: 0.02494
[Coach] >>> VALID @Epoch: 448  >>> 
[Coach] >>> TEST  @Epoch: 448  >>> 
[Wall TIME] >>> ChiefCoach.train takes 3.864888 seconds ...
[Coach] >>> TRAIN @Epoch: 449  >>>  || LOSS Avg: 0.02490
[Coach] >>> VALID @Epoch: 449  >>> 
[Coach] >>> TEST  @Epoch: 449  >>> 
[Wall TIME] >>> ChiefCoach.train takes 3.892099 seconds ...
[Wall TIME] >>> ChiefCoach.valid takes 1.745263 seconds ...
[Coach] >>> TRAIN @Epoch: 450  >>>  || LOSS Avg: 0.02506
[Coach] >>> VALID @Epoch: 450  >>>  || RECALL@1 Avg: 0.0124 || RECALL@10 Avg: 0.0661 || RECALL@20 Avg: 0.0991 || NDCG@10 Avg: 0.0352 || NDCG@20 Avg: 0.0436
[Coach] >>> TEST  @Epoch: 450  >>> 
[Wall TIME] >>> ChiefCoach.train takes 3.905639 seconds ...
[Coach] >>> TRAIN @Epoch: 451  >>>  || LOSS Avg: 0.02504
[Coach] >>> VALID @Epoch: 451  >>> 
[Coach] >>> TEST  @Epoch: 451  >>> 
[Wall TIME] >>> ChiefCoach.train takes 3.900913 seconds ...
[Coach] >>> TRAIN @Epoch: 452  >>>  || LOSS Avg: 0.02496
[Coach] >>> VALID @Epoch: 452  >>> 
[Coach] >>> TEST  @Epoch: 452  >>> 
[Wall TIME] >>> ChiefCoach.train takes 3.861838 seconds ...
[Coach] >>> TRAIN @Epoch: 453  >>>  || LOSS Avg: 0.02494
[Coach] >>> VALID @Epoch: 453  >>> 
[Coach] >>> TEST  @Epoch: 453  >>> 
[Wall TIME] >>> ChiefCoach.train takes 3.890612 seconds ...
[Coach] >>> TRAIN @Epoch: 454  >>>  || LOSS Avg: 0.02493
[Coach] >>> VALID @Epoch: 454  >>> 
[Coach] >>> TEST  @Epoch: 454  >>> 
[Wall TIME] >>> ChiefCoach.train takes 4.536163 seconds ...
[Wall TIME] >>> ChiefCoach.valid takes 1.700032 seconds ...
[Coach] >>> TRAIN @Epoch: 455  >>>  || LOSS Avg: 0.02486
[Coach] >>> VALID @Epoch: 455  >>>  || RECALL@1 Avg: 0.0123 || RECALL@10 Avg: 0.0664 || RECALL@20 Avg: 0.0991 || NDCG@10 Avg: 0.0352 || NDCG@20 Avg: 0.0435
[Coach] >>> TEST  @Epoch: 455  >>> 
[Wall TIME] >>> ChiefCoach.train takes 3.901590 seconds ...
[Coach] >>> TRAIN @Epoch: 456  >>>  || LOSS Avg: 0.02494
[Coach] >>> VALID @Epoch: 456  >>> 
[Coach] >>> TEST  @Epoch: 456  >>> 
[Wall TIME] >>> ChiefCoach.train takes 3.861550 seconds ...
[Coach] >>> TRAIN @Epoch: 457  >>>  || LOSS Avg: 0.02492
[Coach] >>> VALID @Epoch: 457  >>> 
[Coach] >>> TEST  @Epoch: 457  >>> 
[Wall TIME] >>> ChiefCoach.train takes 3.867571 seconds ...
[Coach] >>> TRAIN @Epoch: 458  >>>  || LOSS Avg: 0.02495
[Coach] >>> VALID @Epoch: 458  >>> 
[Coach] >>> TEST  @Epoch: 458  >>> 
[Wall TIME] >>> ChiefCoach.train takes 3.942104 seconds ...
[Coach] >>> TRAIN @Epoch: 459  >>>  || LOSS Avg: 0.02512
[Coach] >>> VALID @Epoch: 459  >>> 
[Coach] >>> TEST  @Epoch: 459  >>> 
[Wall TIME] >>> ChiefCoach.train takes 3.862925 seconds ...
[Wall TIME] >>> ChiefCoach.valid takes 1.744143 seconds ...
[Coach] >>> TRAIN @Epoch: 460  >>>  || LOSS Avg: 0.02499
[Coach] >>> VALID @Epoch: 460  >>>  || RECALL@1 Avg: 0.0124 || RECALL@10 Avg: 0.0657 || RECALL@20 Avg: 0.0990 || NDCG@10 Avg: 0.0352 || NDCG@20 Avg: 0.0437
[Coach] >>> TEST  @Epoch: 460  >>> 
[Wall TIME] >>> ChiefCoach.train takes 3.913236 seconds ...
[Coach] >>> TRAIN @Epoch: 461  >>>  || LOSS Avg: 0.02513
[Coach] >>> VALID @Epoch: 461  >>> 
[Coach] >>> TEST  @Epoch: 461  >>> 
[Wall TIME] >>> ChiefCoach.train takes 3.871708 seconds ...
[Coach] >>> TRAIN @Epoch: 462  >>>  || LOSS Avg: 0.02510
[Coach] >>> VALID @Epoch: 462  >>> 
[Coach] >>> TEST  @Epoch: 462  >>> 
[Wall TIME] >>> ChiefCoach.train takes 3.955954 seconds ...
[Coach] >>> TRAIN @Epoch: 463  >>>  || LOSS Avg: 0.02500
[Coach] >>> VALID @Epoch: 463  >>> 
[Coach] >>> TEST  @Epoch: 463  >>> 
[Wall TIME] >>> ChiefCoach.train takes 3.870350 seconds ...
[Coach] >>> TRAIN @Epoch: 464  >>>  || LOSS Avg: 0.02494
[Coach] >>> VALID @Epoch: 464  >>> 
[Coach] >>> TEST  @Epoch: 464  >>> 
[Wall TIME] >>> ChiefCoach.train takes 3.876884 seconds ...
[Wall TIME] >>> ChiefCoach.valid takes 1.723301 seconds ...
[Coach] >>> TRAIN @Epoch: 465  >>>  || LOSS Avg: 0.02478
[Coach] >>> VALID @Epoch: 465  >>>  || RECALL@1 Avg: 0.0125 || RECALL@10 Avg: 0.0664 || RECALL@20 Avg: 0.0986 || NDCG@10 Avg: 0.0354 || NDCG@20 Avg: 0.0436
[Coach] >>> TEST  @Epoch: 465  >>> 
[Wall TIME] >>> ChiefCoach.train takes 3.891507 seconds ...
[Coach] >>> TRAIN @Epoch: 466  >>>  || LOSS Avg: 0.02484
[Coach] >>> VALID @Epoch: 466  >>> 
[Coach] >>> TEST  @Epoch: 466  >>> 
[Wall TIME] >>> ChiefCoach.train takes 3.899015 seconds ...
[Coach] >>> TRAIN @Epoch: 467  >>>  || LOSS Avg: 0.02473
[Coach] >>> VALID @Epoch: 467  >>> 
[Coach] >>> TEST  @Epoch: 467  >>> 
[Wall TIME] >>> ChiefCoach.train takes 3.879831 seconds ...
[Coach] >>> TRAIN @Epoch: 468  >>>  || LOSS Avg: 0.02492
[Coach] >>> VALID @Epoch: 468  >>> 
[Coach] >>> TEST  @Epoch: 468  >>> 
[Wall TIME] >>> ChiefCoach.train takes 4.806734 seconds ...
[Coach] >>> TRAIN @Epoch: 469  >>>  || LOSS Avg: 0.02484
[Coach] >>> VALID @Epoch: 469  >>> 
[Coach] >>> TEST  @Epoch: 469  >>> 
[Wall TIME] >>> ChiefCoach.train takes 3.934344 seconds ...
[Wall TIME] >>> ChiefCoach.valid takes 1.723300 seconds ...
[Coach] >>> TRAIN @Epoch: 470  >>>  || LOSS Avg: 0.02489
[Coach] >>> VALID @Epoch: 470  >>>  || RECALL@1 Avg: 0.0124 || RECALL@10 Avg: 0.0660 || RECALL@20 Avg: 0.0993 || NDCG@10 Avg: 0.0352 || NDCG@20 Avg: 0.0437
[Coach] >>> TEST  @Epoch: 470  >>> 
[Wall TIME] >>> ChiefCoach.train takes 3.875196 seconds ...
[Coach] >>> TRAIN @Epoch: 471  >>>  || LOSS Avg: 0.02475
[Coach] >>> VALID @Epoch: 471  >>> 
[Coach] >>> TEST  @Epoch: 471  >>> 
[Wall TIME] >>> ChiefCoach.train takes 3.911241 seconds ...
[Coach] >>> TRAIN @Epoch: 472  >>>  || LOSS Avg: 0.02482
[Coach] >>> VALID @Epoch: 472  >>> 
[Coach] >>> TEST  @Epoch: 472  >>> 
[Wall TIME] >>> ChiefCoach.train takes 3.860494 seconds ...
[Coach] >>> TRAIN @Epoch: 473  >>>  || LOSS Avg: 0.02482
[Coach] >>> VALID @Epoch: 473  >>> 
[Coach] >>> TEST  @Epoch: 473  >>> 
[Wall TIME] >>> ChiefCoach.train takes 3.906208 seconds ...
[Coach] >>> TRAIN @Epoch: 474  >>>  || LOSS Avg: 0.02495
[Coach] >>> VALID @Epoch: 474  >>> 
[Coach] >>> TEST  @Epoch: 474  >>> 
[Wall TIME] >>> ChiefCoach.train takes 3.920953 seconds ...
[Wall TIME] >>> ChiefCoach.valid takes 1.727909 seconds ...
[Coach] >>> TRAIN @Epoch: 475  >>>  || LOSS Avg: 0.02481
[Coach] >>> VALID @Epoch: 475  >>>  || RECALL@1 Avg: 0.0127 || RECALL@10 Avg: 0.0661 || RECALL@20 Avg: 0.0992 || NDCG@10 Avg: 0.0354 || NDCG@20 Avg: 0.0438
[Coach] >>> TEST  @Epoch: 475  >>> 
[Wall TIME] >>> ChiefCoach.train takes 3.855464 seconds ...
[Coach] >>> TRAIN @Epoch: 476  >>>  || LOSS Avg: 0.02487
[Coach] >>> VALID @Epoch: 476  >>> 
[Coach] >>> TEST  @Epoch: 476  >>> 
[Wall TIME] >>> ChiefCoach.train takes 3.914665 seconds ...
[Coach] >>> TRAIN @Epoch: 477  >>>  || LOSS Avg: 0.02474
[Coach] >>> VALID @Epoch: 477  >>> 
[Coach] >>> TEST  @Epoch: 477  >>> 
[Wall TIME] >>> ChiefCoach.train takes 3.908574 seconds ...
[Coach] >>> TRAIN @Epoch: 478  >>>  || LOSS Avg: 0.02486
[Coach] >>> VALID @Epoch: 478  >>> 
[Coach] >>> TEST  @Epoch: 478  >>> 
[Wall TIME] >>> ChiefCoach.train takes 3.936430 seconds ...
[Coach] >>> TRAIN @Epoch: 479  >>>  || LOSS Avg: 0.02491
[Coach] >>> VALID @Epoch: 479  >>> 
[Coach] >>> TEST  @Epoch: 479  >>> 
[Wall TIME] >>> ChiefCoach.train takes 3.878447 seconds ...
[Wall TIME] >>> ChiefCoach.valid takes 1.701354 seconds ...
[Coach] >>> TRAIN @Epoch: 480  >>>  || LOSS Avg: 0.02479
[Coach] >>> VALID @Epoch: 480  >>>  || RECALL@1 Avg: 0.0127 || RECALL@10 Avg: 0.0658 || RECALL@20 Avg: 0.0995 || NDCG@10 Avg: 0.0354 || NDCG@20 Avg: 0.0440
[Coach] >>> TEST  @Epoch: 480  >>> 
[Wall TIME] >>> ChiefCoach.train takes 3.871632 seconds ...
[Coach] >>> TRAIN @Epoch: 481  >>>  || LOSS Avg: 0.02474
[Coach] >>> VALID @Epoch: 481  >>> 
[Coach] >>> TEST  @Epoch: 481  >>> 
[Wall TIME] >>> ChiefCoach.train takes 3.939479 seconds ...
[Coach] >>> TRAIN @Epoch: 482  >>>  || LOSS Avg: 0.02487
[Coach] >>> VALID @Epoch: 482  >>> 
[Coach] >>> TEST  @Epoch: 482  >>> 
[Wall TIME] >>> ChiefCoach.train takes 4.725807 seconds ...
[Coach] >>> TRAIN @Epoch: 483  >>>  || LOSS Avg: 0.02475
[Coach] >>> VALID @Epoch: 483  >>> 
[Coach] >>> TEST  @Epoch: 483  >>> 
[Wall TIME] >>> ChiefCoach.train takes 3.955718 seconds ...
[Coach] >>> TRAIN @Epoch: 484  >>>  || LOSS Avg: 0.02455
[Coach] >>> VALID @Epoch: 484  >>> 
[Coach] >>> TEST  @Epoch: 484  >>> 
[Wall TIME] >>> ChiefCoach.train takes 3.921940 seconds ...
[Wall TIME] >>> ChiefCoach.valid takes 1.705461 seconds ...
[Coach] >>> TRAIN @Epoch: 485  >>>  || LOSS Avg: 0.02476
[Coach] >>> VALID @Epoch: 485  >>>  || RECALL@1 Avg: 0.0125 || RECALL@10 Avg: 0.0661 || RECALL@20 Avg: 0.0994 || NDCG@10 Avg: 0.0355 || NDCG@20 Avg: 0.0439
[Coach] >>> TEST  @Epoch: 485  >>> 
[Wall TIME] >>> ChiefCoach.train takes 3.932774 seconds ...
[Coach] >>> TRAIN @Epoch: 486  >>>  || LOSS Avg: 0.02493
[Coach] >>> VALID @Epoch: 486  >>> 
[Coach] >>> TEST  @Epoch: 486  >>> 
[Wall TIME] >>> ChiefCoach.train takes 3.897905 seconds ...
[Coach] >>> TRAIN @Epoch: 487  >>>  || LOSS Avg: 0.02469
[Coach] >>> VALID @Epoch: 487  >>> 
[Coach] >>> TEST  @Epoch: 487  >>> 
[Wall TIME] >>> ChiefCoach.train takes 3.928167 seconds ...
[Coach] >>> TRAIN @Epoch: 488  >>>  || LOSS Avg: 0.02489
[Coach] >>> VALID @Epoch: 488  >>> 
[Coach] >>> TEST  @Epoch: 488  >>> 
[Wall TIME] >>> ChiefCoach.train takes 3.882051 seconds ...
[Coach] >>> TRAIN @Epoch: 489  >>>  || LOSS Avg: 0.02459
[Coach] >>> VALID @Epoch: 489  >>> 
[Coach] >>> TEST  @Epoch: 489  >>> 
[Wall TIME] >>> ChiefCoach.train takes 3.889525 seconds ...
[Wall TIME] >>> ChiefCoach.valid takes 1.784399 seconds ...
[Coach] >>> TRAIN @Epoch: 490  >>>  || LOSS Avg: 0.02472
[Coach] >>> VALID @Epoch: 490  >>>  || RECALL@1 Avg: 0.0127 || RECALL@10 Avg: 0.0657 || RECALL@20 Avg: 0.0989 || NDCG@10 Avg: 0.0353 || NDCG@20 Avg: 0.0438
[Coach] >>> TEST  @Epoch: 490  >>> 
[Wall TIME] >>> ChiefCoach.train takes 3.868269 seconds ...
[Coach] >>> TRAIN @Epoch: 491  >>>  || LOSS Avg: 0.02480
[Coach] >>> VALID @Epoch: 491  >>> 
[Coach] >>> TEST  @Epoch: 491  >>> 
[Wall TIME] >>> ChiefCoach.train takes 3.898561 seconds ...
[Coach] >>> TRAIN @Epoch: 492  >>>  || LOSS Avg: 0.02479
[Coach] >>> VALID @Epoch: 492  >>> 
[Coach] >>> TEST  @Epoch: 492  >>> 
[Wall TIME] >>> ChiefCoach.train takes 3.967136 seconds ...
[Coach] >>> TRAIN @Epoch: 493  >>>  || LOSS Avg: 0.02501
[Coach] >>> VALID @Epoch: 493  >>> 
[Coach] >>> TEST  @Epoch: 493  >>> 
[Wall TIME] >>> ChiefCoach.train takes 3.862729 seconds ...
[Coach] >>> TRAIN @Epoch: 494  >>>  || LOSS Avg: 0.02467
[Coach] >>> VALID @Epoch: 494  >>> 
[Coach] >>> TEST  @Epoch: 494  >>> 
[Wall TIME] >>> ChiefCoach.train takes 3.904940 seconds ...
[Wall TIME] >>> ChiefCoach.valid takes 1.707097 seconds ...
[Coach] >>> TRAIN @Epoch: 495  >>>  || LOSS Avg: 0.02461
[Coach] >>> VALID @Epoch: 495  >>>  || RECALL@1 Avg: 0.0125 || RECALL@10 Avg: 0.0665 || RECALL@20 Avg: 0.0995 || NDCG@10 Avg: 0.0354 || NDCG@20 Avg: 0.0438
[Coach] >>> TEST  @Epoch: 495  >>> 
[Wall TIME] >>> ChiefCoach.train takes 3.838652 seconds ...
[Coach] >>> TRAIN @Epoch: 496  >>>  || LOSS Avg: 0.02466
[Coach] >>> VALID @Epoch: 496  >>> 
[Coach] >>> TEST  @Epoch: 496  >>> 
[Wall TIME] >>> ChiefCoach.train takes 4.746217 seconds ...
[Coach] >>> TRAIN @Epoch: 497  >>>  || LOSS Avg: 0.02465
[Coach] >>> VALID @Epoch: 497  >>> 
[Coach] >>> TEST  @Epoch: 497  >>> 
[Wall TIME] >>> ChiefCoach.train takes 3.922682 seconds ...
[Coach] >>> TRAIN @Epoch: 498  >>>  || LOSS Avg: 0.02481
[Coach] >>> VALID @Epoch: 498  >>> 
[Coach] >>> TEST  @Epoch: 498  >>> 
[Wall TIME] >>> ChiefCoach.train takes 3.871121 seconds ...
[Coach] >>> TRAIN @Epoch: 499  >>>  || LOSS Avg: 0.02440
[Coach] >>> VALID @Epoch: 499  >>> 
[Coach] >>> TEST  @Epoch: 499  >>> 
[Wall TIME] >>> ChiefCoach.train takes 3.940435 seconds ...
[Wall TIME] >>> ChiefCoach.valid takes 1.718083 seconds ...
[Wall TIME] >>> ChiefCoach.test takes 2.476130 seconds ...
[Coach] >>> TRAIN @Epoch: 500  >>>  || LOSS Avg: 0.02464
[Coach] >>> VALID @Epoch: 500  >>>  || RECALL@1 Avg: 0.0125 || RECALL@10 Avg: 0.0658 || RECALL@20 Avg: 0.0996 || NDCG@10 Avg: 0.0353 || NDCG@20 Avg: 0.0439
[Coach] >>> TEST  @Epoch: 500  >>>  || RECALL@1 Avg: 0.0129 || RECALL@10 Avg: 0.0681 || RECALL@20 Avg: 0.1026 || NDCG@10 Avg: 0.0370 || NDCG@20 Avg: 0.0458
     Mode     Metric      Best  @Epoch
0   train       LOSS  0.024402     498
1   valid   RECALL@1  0.013095      95
2   valid  RECALL@10  0.066679     380
3   valid  RECALL@20  0.100904     275
4   valid    NDCG@10  0.035621     415
5   valid    NDCG@20  0.044142     275
6    test   RECALL@1  0.012916       0
7    test  RECALL@10  0.068121       0
8    test  RECALL@20  0.102605       0
9    test    NDCG@10  0.036962       0
10   test    NDCG@20  0.045847       0
[LoG_PaTH] >>> ./logs/STAIR-SBN-BSC-v4/Amazon2014Sports_550_MMRec/0910135253
[Wall TIME] >>> Coach.summary takes 2.096192 seconds ...
[Coach] >>> Load best model @Epoch 275  
[Wall TIME] >>> ChiefCoach.valid takes 1.860965 seconds ...
[Wall TIME] >>> ChiefCoach.test takes 1.736449 seconds ...
[Coach] >>> TRAIN @Epoch: 275  >>> 
[Coach] >>> VALID @Epoch: 275  >>>  || RECALL@1 Avg: 0.0127 || RECALL@10 Avg: 0.0651 || RECALL@20 Avg: 0.1009 || NDCG@10 Avg: 0.0350 || NDCG@20 Avg: 0.0441
[Coach] >>> TEST  @Epoch: 275  >>>  || RECALL@1 Avg: 0.0127 || RECALL@10 Avg: 0.0684 || RECALL@20 Avg: 0.1035 || NDCG@10 Avg: 0.0370 || NDCG@20 Avg: 0.0460
[Wall TIME] >>> Coach.fit takes 2198.766287 seconds ...

=====================================================================================
✅ [HOÀN TẤT] Huấn luyện Amazon2014Sports_550_MMRec thành công trong 39.7 phút (2383s)!
  * Checkpoint tối ưu : Epoch 275
  * NDCG@10    : 0.0370 (vs Baseline: -8.64% | vs v5 SOTA: -10.84%)
  * NDCG@20    : 0.0460 (vs Baseline: -8.00% | vs v5 SOTA: -9.45%)
  * VRAM Tiêu thụ : Đỉnh = 969.2 MB (0.95 GB) | TB = 936.2 MB
=====================================================================================