[Benchmark] >>> cudnn.benchmark == False | cudnn.deterministic == True
[Seed] >>> Set seed: 1
[PARSER] >>>
[SAVED_FILENAME: model.pt] 
[BEST_FILENAME: best.pt] 
[CHECKPOINT_FREQ: 1] 
[CHECKPOINT_MODULES: ['model', 'optimizer', 'lr_scheduler']] 
[CHECKPOINT_FILENAME: checkpoint.tar] 
[SUMMARY_FILENAME: SUMMARY.md] 
[MONITOR_FILENAME: monitors.pkl] 
[MONITOR_BEST_FILENAME: best.pkl] 
[monitors: ['LOSS', 'Recall@1', 'Recall@10', 'Recall@20', 'NDCG@10', 'NDCG@20']] 
[which4best: NDCG@20] 
[root: /kaggle/data] 
[dataset: Amazon2014Sports_550_MMRec] 
[tasktag: None] 
[config: /kaggle/working/STAIR-Enhanced/configs/Amazon2014Sports_550_MMRec.yaml] 
[ranking: full] 
[retain_seen: False] 
[device: cuda:0] 
[ddp_backend: nccl] 
[optimizer: adamwsevo] 
[nesterov: False] 
[momentum: 0.9] 
[beta1: 0.9] 
[beta2: 0.999] 
[weight_decay: 0.1] 
[lr: 0.001] 
[batch_size: 1024] 
[epochs: 500] 
[log2file: True] 
[log2console: True] 
[eval_valid: True] 
[eval_test: False] 
[eval_freq: 5] 
[num_workers: 4] 
[seed: 1] 
[benchmark: False] 
[resume: False] 
[id: 0909014528] 
[description: STAIR-NE-NLGCL-v5-Plus] 
[embedding_dim: 64] 
[num_layers: 3] 
[mfiles: textual_modality.pkl,visual_modality.pkl] 
[num_neighbors: 5-1] 
[gamma: 0.2] 
[tau: 0.2] 
[alpha_dir: 0.5] 
[eps: 0.08] 
[tau_thresh: 0.85] 
[lambda_cl: 0.01] 
[gamma_h: 0.15] 
[warmup_epochs: 50] 
[DATA_DIR: data] 
[SUMMARY_DIR: summary] 
[CHECKPOINT_PATH: ./infos/STAIR-NE-NLGCL-v5-Plus/Amazon2014Sports_550_MMRec/0] 
[LOG_PATH: ./logs/STAIR-NE-NLGCL-v5-Plus/Amazon2014Sports_550_MMRec/0909014528] 

[Wall TIME] >>> Parser.compile takes 0.218440 seconds ...
[Amazon2014Sports_550_MMRec] >>> USER:ID,USER | ITEM:ID,ITEM | TIMESTAMP:TIMESTAMP
+--------+--------+-------------------+---------------+--------+--------+-------+------------------------+
| #Users | #Items |      Avg.Len      | #Interactions | #Train | #Valid | #Test |        Density         |
+--------+--------+-------------------+---------------+--------+--------+-------+------------------------+
| 35598  | 18357  | 8.324540704533963 |     296337    | 218409 | 37899  | 40029 | 0.00045348045456958995 |
+--------+--------+-------------------+---------------+--------+--------+-------+------------------------+
[Wall TIME] >>> BaseSet.compile takes 1.344305 seconds ...
[Wall TIME] >>> RecDataSet.to_heterograph takes 0.042214 seconds ...
/usr/local/lib/python3.12/dist-packages/freerec/graph.py:57: UserWarning: Sparse CSR tensor support is in beta state. If you miss a functionality in the sparse tensor support, please submit a feature request to https://github.com/pytorch/pytorch/issues. (Triggered internally at /pytorch/aten/src/ATen/SparseCsrTensorImpl.cpp:49.)
  ).to_sparse_csr()
[Wall TIME] >>> RecDataSet.to_heterograph takes 0.037146 seconds ...
[Wall TIME] >>> GenTrainPositiveSampler.prepare takes 0.079804 seconds ...
[Wall TIME] >>> ValidSampler.prepare takes 0.054408 seconds ...
[Wall TIME] >>> TestSampler.prepare takes 0.059415 seconds ...
[Coach] >>> Set best meter: NDCG@20 
[Wall TIME] >>> Parser.parse takes 0.041619 seconds ...
[Wall TIME] >>> Parser.load takes 0.001888 seconds ...
[Wall TIME] >>> ChiefCoach.valid takes 4.728453 seconds ...
[Coach] >>> Better ***NDCG@20*** of ***0.0223*** 
[Coach] >>> TRAIN @Epoch: 0    >>> 
[Coach] >>> VALID @Epoch: 0    >>>  || RECALL@1 Avg: 0.0058 || RECALL@10 Avg: 0.0343 || RECALL@20 Avg: 0.0511 || NDCG@10 Avg: 0.0180 || NDCG@20 Avg: 0.0223
[Coach] >>> TEST  @Epoch: 0    >>> 
[Wall TIME] >>> ChiefCoach.train takes 7.166998 seconds ...
[Coach] >>> TRAIN @Epoch: 1    >>>  || LOSS Avg: 0.61024
[Coach] >>> VALID @Epoch: 1    >>> 
[Coach] >>> TEST  @Epoch: 1    >>> 
[Wall TIME] >>> ChiefCoach.train takes 5.724305 seconds ...
[Coach] >>> TRAIN @Epoch: 2    >>>  || LOSS Avg: 0.56869
[Coach] >>> VALID @Epoch: 2    >>> 
[Coach] >>> TEST  @Epoch: 2    >>> 
[Wall TIME] >>> ChiefCoach.train takes 5.767968 seconds ...
[Coach] >>> TRAIN @Epoch: 3    >>>  || LOSS Avg: 0.51679
[Coach] >>> VALID @Epoch: 3    >>> 
[Coach] >>> TEST  @Epoch: 3    >>> 
[Wall TIME] >>> ChiefCoach.train takes 5.700418 seconds ...
[Coach] >>> TRAIN @Epoch: 4    >>>  || LOSS Avg: 0.46234
[Coach] >>> VALID @Epoch: 4    >>> 
[Coach] >>> TEST  @Epoch: 4    >>> 
[Wall TIME] >>> ChiefCoach.train takes 5.838513 seconds ...
[Wall TIME] >>> ChiefCoach.valid takes 1.780298 seconds ...
[Coach] >>> Better ***NDCG@20*** of ***0.0378*** 
[Coach] >>> TRAIN @Epoch: 5    >>>  || LOSS Avg: 0.41213
[Coach] >>> VALID @Epoch: 5    >>>  || RECALL@1 Avg: 0.0104 || RECALL@10 Avg: 0.0564 || RECALL@20 Avg: 0.0871 || NDCG@10 Avg: 0.0299 || NDCG@20 Avg: 0.0378
[Coach] >>> TEST  @Epoch: 5    >>> 
[Wall TIME] >>> ChiefCoach.train takes 5.881271 seconds ...
[Coach] >>> TRAIN @Epoch: 6    >>>  || LOSS Avg: 0.36901
[Coach] >>> VALID @Epoch: 6    >>> 
[Coach] >>> TEST  @Epoch: 6    >>> 
[Wall TIME] >>> ChiefCoach.train takes 5.920406 seconds ...
[Coach] >>> TRAIN @Epoch: 7    >>>  || LOSS Avg: 0.33344
[Coach] >>> VALID @Epoch: 7    >>> 
[Coach] >>> TEST  @Epoch: 7    >>> 
[Wall TIME] >>> ChiefCoach.train takes 5.753796 seconds ...
[Coach] >>> TRAIN @Epoch: 8    >>>  || LOSS Avg: 0.30385
[Coach] >>> VALID @Epoch: 8    >>> 
[Coach] >>> TEST  @Epoch: 8    >>> 
[Wall TIME] >>> ChiefCoach.train takes 5.715660 seconds ...
[Coach] >>> TRAIN @Epoch: 9    >>>  || LOSS Avg: 0.27970
[Coach] >>> VALID @Epoch: 9    >>> 
[Coach] >>> TEST  @Epoch: 9    >>> 
[Wall TIME] >>> ChiefCoach.train takes 5.700431 seconds ...
[Wall TIME] >>> ChiefCoach.valid takes 1.730341 seconds ...
[Coach] >>> Better ***NDCG@20*** of ***0.0387*** 
[Coach] >>> TRAIN @Epoch: 10   >>>  || LOSS Avg: 0.25947
[Coach] >>> VALID @Epoch: 10   >>>  || RECALL@1 Avg: 0.0106 || RECALL@10 Avg: 0.0582 || RECALL@20 Avg: 0.0887 || NDCG@10 Avg: 0.0309 || NDCG@20 Avg: 0.0387
[Coach] >>> TEST  @Epoch: 10   >>> 
[Wall TIME] >>> ChiefCoach.train takes 5.753692 seconds ...
[Coach] >>> TRAIN @Epoch: 11   >>>  || LOSS Avg: 0.24281
[Coach] >>> VALID @Epoch: 11   >>> 
[Coach] >>> TEST  @Epoch: 11   >>> 
[Wall TIME] >>> ChiefCoach.train takes 6.943431 seconds ...
[Coach] >>> TRAIN @Epoch: 12   >>>  || LOSS Avg: 0.22819
[Coach] >>> VALID @Epoch: 12   >>> 
[Coach] >>> TEST  @Epoch: 12   >>> 
[Wall TIME] >>> ChiefCoach.train takes 5.729376 seconds ...
[Coach] >>> TRAIN @Epoch: 13   >>>  || LOSS Avg: 0.21514
[Coach] >>> VALID @Epoch: 13   >>> 
[Coach] >>> TEST  @Epoch: 13   >>> 
[Wall TIME] >>> ChiefCoach.train takes 5.762273 seconds ...
[Coach] >>> TRAIN @Epoch: 14   >>>  || LOSS Avg: 0.20467
[Coach] >>> VALID @Epoch: 14   >>> 
[Coach] >>> TEST  @Epoch: 14   >>> 
[Wall TIME] >>> ChiefCoach.train takes 5.660963 seconds ...
[Wall TIME] >>> ChiefCoach.valid takes 1.743582 seconds ...
[Coach] >>> Better ***NDCG@20*** of ***0.0397*** 
[Coach] >>> TRAIN @Epoch: 15   >>>  || LOSS Avg: 0.19507
[Coach] >>> VALID @Epoch: 15   >>>  || RECALL@1 Avg: 0.0113 || RECALL@10 Avg: 0.0596 || RECALL@20 Avg: 0.0906 || NDCG@10 Avg: 0.0317 || NDCG@20 Avg: 0.0397
[Coach] >>> TEST  @Epoch: 15   >>> 
[Wall TIME] >>> ChiefCoach.train takes 5.747714 seconds ...
[Coach] >>> TRAIN @Epoch: 16   >>>  || LOSS Avg: 0.18690
[Coach] >>> VALID @Epoch: 16   >>> 
[Coach] >>> TEST  @Epoch: 16   >>> 
[Wall TIME] >>> ChiefCoach.train takes 5.729646 seconds ...
[Coach] >>> TRAIN @Epoch: 17   >>>  || LOSS Avg: 0.17917
[Coach] >>> VALID @Epoch: 17   >>> 
[Coach] >>> TEST  @Epoch: 17   >>> 
[Wall TIME] >>> ChiefCoach.train takes 5.787379 seconds ...
[Coach] >>> TRAIN @Epoch: 18   >>>  || LOSS Avg: 0.17272
[Coach] >>> VALID @Epoch: 18   >>> 
[Coach] >>> TEST  @Epoch: 18   >>> 
[Wall TIME] >>> ChiefCoach.train takes 5.787276 seconds ...
[Coach] >>> TRAIN @Epoch: 19   >>>  || LOSS Avg: 0.16680
[Coach] >>> VALID @Epoch: 19   >>> 
[Coach] >>> TEST  @Epoch: 19   >>> 
[Wall TIME] >>> ChiefCoach.train takes 5.868449 seconds ...
[Wall TIME] >>> ChiefCoach.valid takes 1.781266 seconds ...
[Coach] >>> Better ***NDCG@20*** of ***0.0406*** 
[Coach] >>> TRAIN @Epoch: 20   >>>  || LOSS Avg: 0.16167
[Coach] >>> VALID @Epoch: 20   >>>  || RECALL@1 Avg: 0.0113 || RECALL@10 Avg: 0.0605 || RECALL@20 Avg: 0.0931 || NDCG@10 Avg: 0.0323 || NDCG@20 Avg: 0.0406
[Coach] >>> TEST  @Epoch: 20   >>> 
[Wall TIME] >>> ChiefCoach.train takes 5.830268 seconds ...
[Coach] >>> TRAIN @Epoch: 21   >>>  || LOSS Avg: 0.15686
[Coach] >>> VALID @Epoch: 21   >>> 
[Coach] >>> TEST  @Epoch: 21   >>> 
[Wall TIME] >>> ChiefCoach.train takes 5.905745 seconds ...
[Coach] >>> TRAIN @Epoch: 22   >>>  || LOSS Avg: 0.15368
[Coach] >>> VALID @Epoch: 22   >>> 
[Coach] >>> TEST  @Epoch: 22   >>> 
[Wall TIME] >>> ChiefCoach.train takes 5.749316 seconds ...
[Coach] >>> TRAIN @Epoch: 23   >>>  || LOSS Avg: 0.14875
[Coach] >>> VALID @Epoch: 23   >>> 
[Coach] >>> TEST  @Epoch: 23   >>> 
[Wall TIME] >>> ChiefCoach.train takes 5.749349 seconds ...
[Coach] >>> TRAIN @Epoch: 24   >>>  || LOSS Avg: 0.14515
[Coach] >>> VALID @Epoch: 24   >>> 
[Coach] >>> TEST  @Epoch: 24   >>> 
[Wall TIME] >>> ChiefCoach.train takes 5.803106 seconds ...
[Wall TIME] >>> ChiefCoach.valid takes 1.717862 seconds ...
[Coach] >>> Better ***NDCG@20*** of ***0.0414*** 
[Coach] >>> TRAIN @Epoch: 25   >>>  || LOSS Avg: 0.14216
[Coach] >>> VALID @Epoch: 25   >>>  || RECALL@1 Avg: 0.0118 || RECALL@10 Avg: 0.0613 || RECALL@20 Avg: 0.0949 || NDCG@10 Avg: 0.0329 || NDCG@20 Avg: 0.0414
[Coach] >>> TEST  @Epoch: 25   >>> 
[Wall TIME] >>> ChiefCoach.train takes 6.505734 seconds ...
[Coach] >>> TRAIN @Epoch: 26   >>>  || LOSS Avg: 0.13849
[Coach] >>> VALID @Epoch: 26   >>> 
[Coach] >>> TEST  @Epoch: 26   >>> 
[Wall TIME] >>> ChiefCoach.train takes 5.703301 seconds ...
[Coach] >>> TRAIN @Epoch: 27   >>>  || LOSS Avg: 0.13648
[Coach] >>> VALID @Epoch: 27   >>> 
[Coach] >>> TEST  @Epoch: 27   >>> 
[Wall TIME] >>> ChiefCoach.train takes 5.806834 seconds ...
[Coach] >>> TRAIN @Epoch: 28   >>>  || LOSS Avg: 0.13410
[Coach] >>> VALID @Epoch: 28   >>> 
[Coach] >>> TEST  @Epoch: 28   >>> 
[Wall TIME] >>> ChiefCoach.train takes 5.780994 seconds ...
[Coach] >>> TRAIN @Epoch: 29   >>>  || LOSS Avg: 0.13199
[Coach] >>> VALID @Epoch: 29   >>> 
[Coach] >>> TEST  @Epoch: 29   >>> 
[Wall TIME] >>> ChiefCoach.train takes 5.826495 seconds ...
[Wall TIME] >>> ChiefCoach.valid takes 1.737152 seconds ...
[Coach] >>> Better ***NDCG@20*** of ***0.0420*** 
[Coach] >>> TRAIN @Epoch: 30   >>>  || LOSS Avg: 0.13011
[Coach] >>> VALID @Epoch: 30   >>>  || RECALL@1 Avg: 0.0119 || RECALL@10 Avg: 0.0628 || RECALL@20 Avg: 0.0961 || NDCG@10 Avg: 0.0335 || NDCG@20 Avg: 0.0420
[Coach] >>> TEST  @Epoch: 30   >>> 
[Wall TIME] >>> ChiefCoach.train takes 5.825330 seconds ...
[Coach] >>> TRAIN @Epoch: 31   >>>  || LOSS Avg: 0.12855
[Coach] >>> VALID @Epoch: 31   >>> 
[Coach] >>> TEST  @Epoch: 31   >>> 
[Wall TIME] >>> ChiefCoach.train takes 5.858006 seconds ...
[Coach] >>> TRAIN @Epoch: 32   >>>  || LOSS Avg: 0.12634
[Coach] >>> VALID @Epoch: 32   >>> 
[Coach] >>> TEST  @Epoch: 32   >>> 
[Wall TIME] >>> ChiefCoach.train takes 5.881760 seconds ...
[Coach] >>> TRAIN @Epoch: 33   >>>  || LOSS Avg: 0.12449
[Coach] >>> VALID @Epoch: 33   >>> 
[Coach] >>> TEST  @Epoch: 33   >>> 
[Wall TIME] >>> ChiefCoach.train takes 5.788872 seconds ...
[Coach] >>> TRAIN @Epoch: 34   >>>  || LOSS Avg: 0.12416
[Coach] >>> VALID @Epoch: 34   >>> 
[Coach] >>> TEST  @Epoch: 34   >>> 
[Wall TIME] >>> ChiefCoach.train takes 5.808503 seconds ...
[Wall TIME] >>> ChiefCoach.valid takes 1.751442 seconds ...
[Coach] >>> Better ***NDCG@20*** of ***0.0427*** 
[Coach] >>> TRAIN @Epoch: 35   >>>  || LOSS Avg: 0.12287
[Coach] >>> VALID @Epoch: 35   >>>  || RECALL@1 Avg: 0.0122 || RECALL@10 Avg: 0.0634 || RECALL@20 Avg: 0.0978 || NDCG@10 Avg: 0.0339 || NDCG@20 Avg: 0.0427
[Coach] >>> TEST  @Epoch: 35   >>> 
[Wall TIME] >>> ChiefCoach.train takes 5.873881 seconds ...
[Coach] >>> TRAIN @Epoch: 36   >>>  || LOSS Avg: 0.12160
[Coach] >>> VALID @Epoch: 36   >>> 
[Coach] >>> TEST  @Epoch: 36   >>> 
[Wall TIME] >>> ChiefCoach.train takes 5.771905 seconds ...
[Coach] >>> TRAIN @Epoch: 37   >>>  || LOSS Avg: 0.12069
[Coach] >>> VALID @Epoch: 37   >>> 
[Coach] >>> TEST  @Epoch: 37   >>> 
[Wall TIME] >>> ChiefCoach.train takes 5.742107 seconds ...
[Coach] >>> TRAIN @Epoch: 38   >>>  || LOSS Avg: 0.11984
[Coach] >>> VALID @Epoch: 38   >>> 
[Coach] >>> TEST  @Epoch: 38   >>> 
[Wall TIME] >>> ChiefCoach.train takes 5.722005 seconds ...
[Coach] >>> TRAIN @Epoch: 39   >>>  || LOSS Avg: 0.11907
[Coach] >>> VALID @Epoch: 39   >>> 
[Coach] >>> TEST  @Epoch: 39   >>> 
[Wall TIME] >>> ChiefCoach.train takes 6.521785 seconds ...
[Wall TIME] >>> ChiefCoach.valid takes 1.736431 seconds ...
[Coach] >>> Better ***NDCG@20*** of ***0.0430*** 
[Coach] >>> TRAIN @Epoch: 40   >>>  || LOSS Avg: 0.11855
[Coach] >>> VALID @Epoch: 40   >>>  || RECALL@1 Avg: 0.0121 || RECALL@10 Avg: 0.0635 || RECALL@20 Avg: 0.0985 || NDCG@10 Avg: 0.0341 || NDCG@20 Avg: 0.0430
[Coach] >>> TEST  @Epoch: 40   >>> 
[Wall TIME] >>> ChiefCoach.train takes 5.839827 seconds ...
[Coach] >>> TRAIN @Epoch: 41   >>>  || LOSS Avg: 0.11800
[Coach] >>> VALID @Epoch: 41   >>> 
[Coach] >>> TEST  @Epoch: 41   >>> 
[Wall TIME] >>> ChiefCoach.train takes 5.838021 seconds ...
[Coach] >>> TRAIN @Epoch: 42   >>>  || LOSS Avg: 0.11788
[Coach] >>> VALID @Epoch: 42   >>> 
[Coach] >>> TEST  @Epoch: 42   >>> 
[Wall TIME] >>> ChiefCoach.train takes 5.792533 seconds ...
[Coach] >>> TRAIN @Epoch: 43   >>>  || LOSS Avg: 0.11687
[Coach] >>> VALID @Epoch: 43   >>> 
[Coach] >>> TEST  @Epoch: 43   >>> 
[Wall TIME] >>> ChiefCoach.train takes 5.758390 seconds ...
[Coach] >>> TRAIN @Epoch: 44   >>>  || LOSS Avg: 0.11680
[Coach] >>> VALID @Epoch: 44   >>> 
[Coach] >>> TEST  @Epoch: 44   >>> 
[Wall TIME] >>> ChiefCoach.train takes 5.811084 seconds ...
[Wall TIME] >>> ChiefCoach.valid takes 1.812089 seconds ...
[Coach] >>> Better ***NDCG@20*** of ***0.0434*** 
[Coach] >>> TRAIN @Epoch: 45   >>>  || LOSS Avg: 0.11593
[Coach] >>> VALID @Epoch: 45   >>>  || RECALL@1 Avg: 0.0124 || RECALL@10 Avg: 0.0644 || RECALL@20 Avg: 0.0994 || NDCG@10 Avg: 0.0345 || NDCG@20 Avg: 0.0434
[Coach] >>> TEST  @Epoch: 45   >>> 
[Wall TIME] >>> ChiefCoach.train takes 5.786194 seconds ...
[Coach] >>> TRAIN @Epoch: 46   >>>  || LOSS Avg: 0.11651
[Coach] >>> VALID @Epoch: 46   >>> 
[Coach] >>> TEST  @Epoch: 46   >>> 
[Wall TIME] >>> ChiefCoach.train takes 5.756834 seconds ...
[Coach] >>> TRAIN @Epoch: 47   >>>  || LOSS Avg: 0.11594
[Coach] >>> VALID @Epoch: 47   >>> 
[Coach] >>> TEST  @Epoch: 47   >>> 
[Wall TIME] >>> ChiefCoach.train takes 5.755801 seconds ...
[Coach] >>> TRAIN @Epoch: 48   >>>  || LOSS Avg: 0.11618
[Coach] >>> VALID @Epoch: 48   >>> 
[Coach] >>> TEST  @Epoch: 48   >>> 
[Wall TIME] >>> ChiefCoach.train takes 5.736845 seconds ...
[Coach] >>> TRAIN @Epoch: 49   >>>  || LOSS Avg: 0.11558
[Coach] >>> VALID @Epoch: 49   >>> 
[Coach] >>> TEST  @Epoch: 49   >>> 
[Wall TIME] >>> ChiefCoach.train takes 5.772086 seconds ...
[Wall TIME] >>> ChiefCoach.valid takes 1.744138 seconds ...
[Coach] >>> Better ***NDCG@20*** of ***0.0435*** 
[Coach] >>> TRAIN @Epoch: 50   >>>  || LOSS Avg: 0.11573
[Coach] >>> VALID @Epoch: 50   >>>  || RECALL@1 Avg: 0.0120 || RECALL@10 Avg: 0.0645 || RECALL@20 Avg: 0.0997 || NDCG@10 Avg: 0.0345 || NDCG@20 Avg: 0.0435
[Coach] >>> TEST  @Epoch: 50   >>> 
[Wall TIME] >>> ChiefCoach.train takes 5.772428 seconds ...
[Coach] >>> TRAIN @Epoch: 51   >>>  || LOSS Avg: 0.11512
[Coach] >>> VALID @Epoch: 51   >>> 
[Coach] >>> TEST  @Epoch: 51   >>> 
[Wall TIME] >>> ChiefCoach.train takes 5.787024 seconds ...
[Coach] >>> TRAIN @Epoch: 52   >>>  || LOSS Avg: 0.11381
[Coach] >>> VALID @Epoch: 52   >>> 
[Coach] >>> TEST  @Epoch: 52   >>> 
[Wall TIME] >>> ChiefCoach.train takes 5.746638 seconds ...
[Coach] >>> TRAIN @Epoch: 53   >>>  || LOSS Avg: 0.11236
[Coach] >>> VALID @Epoch: 53   >>> 
[Coach] >>> TEST  @Epoch: 53   >>> 
[Wall TIME] >>> ChiefCoach.train takes 6.472274 seconds ...
[Coach] >>> TRAIN @Epoch: 54   >>>  || LOSS Avg: 0.11159
[Coach] >>> VALID @Epoch: 54   >>> 
[Coach] >>> TEST  @Epoch: 54   >>> 
[Wall TIME] >>> ChiefCoach.train takes 6.127856 seconds ...
[Wall TIME] >>> ChiefCoach.valid takes 1.828300 seconds ...
[Coach] >>> Better ***NDCG@20*** of ***0.0438*** 
[Coach] >>> TRAIN @Epoch: 55   >>>  || LOSS Avg: 0.11090
[Coach] >>> VALID @Epoch: 55   >>>  || RECALL@1 Avg: 0.0125 || RECALL@10 Avg: 0.0653 || RECALL@20 Avg: 0.0997 || NDCG@10 Avg: 0.0351 || NDCG@20 Avg: 0.0438
[Coach] >>> TEST  @Epoch: 55   >>> 
[Wall TIME] >>> ChiefCoach.train takes 6.287686 seconds ...
[Coach] >>> TRAIN @Epoch: 56   >>>  || LOSS Avg: 0.11013
[Coach] >>> VALID @Epoch: 56   >>> 
[Coach] >>> TEST  @Epoch: 56   >>> 
[Wall TIME] >>> ChiefCoach.train takes 6.156306 seconds ...
[Coach] >>> TRAIN @Epoch: 57   >>>  || LOSS Avg: 0.10831
[Coach] >>> VALID @Epoch: 57   >>> 
[Coach] >>> TEST  @Epoch: 57   >>> 
[Wall TIME] >>> ChiefCoach.train takes 6.107121 seconds ...
[Coach] >>> TRAIN @Epoch: 58   >>>  || LOSS Avg: 0.10856
[Coach] >>> VALID @Epoch: 58   >>> 
[Coach] >>> TEST  @Epoch: 58   >>> 
[Wall TIME] >>> ChiefCoach.train takes 6.112548 seconds ...
[Coach] >>> TRAIN @Epoch: 59   >>>  || LOSS Avg: 0.10712
[Coach] >>> VALID @Epoch: 59   >>> 
[Coach] >>> TEST  @Epoch: 59   >>> 
[Wall TIME] >>> ChiefCoach.train takes 6.058939 seconds ...
[Wall TIME] >>> ChiefCoach.valid takes 1.783736 seconds ...
[Coach] >>> Better ***NDCG@20*** of ***0.0438*** 
[Coach] >>> TRAIN @Epoch: 60   >>>  || LOSS Avg: 0.10703
[Coach] >>> VALID @Epoch: 60   >>>  || RECALL@1 Avg: 0.0125 || RECALL@10 Avg: 0.0659 || RECALL@20 Avg: 0.0994 || NDCG@10 Avg: 0.0353 || NDCG@20 Avg: 0.0438
[Coach] >>> TEST  @Epoch: 60   >>> 
[Wall TIME] >>> ChiefCoach.train takes 6.125584 seconds ...
[Coach] >>> TRAIN @Epoch: 61   >>>  || LOSS Avg: 0.10587
[Coach] >>> VALID @Epoch: 61   >>> 
[Coach] >>> TEST  @Epoch: 61   >>> 
[Wall TIME] >>> ChiefCoach.train takes 6.122734 seconds ...
[Coach] >>> TRAIN @Epoch: 62   >>>  || LOSS Avg: 0.10513
[Coach] >>> VALID @Epoch: 62   >>> 
[Coach] >>> TEST  @Epoch: 62   >>> 
[Wall TIME] >>> ChiefCoach.train takes 5.975619 seconds ...
[Coach] >>> TRAIN @Epoch: 63   >>>  || LOSS Avg: 0.10478
[Coach] >>> VALID @Epoch: 63   >>> 
[Coach] >>> TEST  @Epoch: 63   >>> 
[Wall TIME] >>> ChiefCoach.train takes 5.942410 seconds ...
[Coach] >>> TRAIN @Epoch: 64   >>>  || LOSS Avg: 0.10457
[Coach] >>> VALID @Epoch: 64   >>> 
[Coach] >>> TEST  @Epoch: 64   >>> 
[Wall TIME] >>> ChiefCoach.train takes 5.904989 seconds ...
[Wall TIME] >>> ChiefCoach.valid takes 1.752409 seconds ...
[Coach] >>> Better ***NDCG@20*** of ***0.0445*** 
[Coach] >>> TRAIN @Epoch: 65   >>>  || LOSS Avg: 0.10347
[Coach] >>> VALID @Epoch: 65   >>>  || RECALL@1 Avg: 0.0124 || RECALL@10 Avg: 0.0668 || RECALL@20 Avg: 0.1014 || NDCG@10 Avg: 0.0357 || NDCG@20 Avg: 0.0445
[Coach] >>> TEST  @Epoch: 65   >>> 
[Wall TIME] >>> ChiefCoach.train takes 5.886779 seconds ...
[Coach] >>> TRAIN @Epoch: 66   >>>  || LOSS Avg: 0.10236
[Coach] >>> VALID @Epoch: 66   >>> 
[Coach] >>> TEST  @Epoch: 66   >>> 
[Wall TIME] >>> ChiefCoach.train takes 5.841706 seconds ...
[Coach] >>> TRAIN @Epoch: 67   >>>  || LOSS Avg: 0.10234
[Coach] >>> VALID @Epoch: 67   >>> 
[Coach] >>> TEST  @Epoch: 67   >>> 
[Wall TIME] >>> ChiefCoach.train takes 5.839780 seconds ...
[Coach] >>> TRAIN @Epoch: 68   >>>  || LOSS Avg: 0.10151
[Coach] >>> VALID @Epoch: 68   >>> 
[Coach] >>> TEST  @Epoch: 68   >>> 
[Wall TIME] >>> ChiefCoach.train takes 6.535882 seconds ...
[Coach] >>> TRAIN @Epoch: 69   >>>  || LOSS Avg: 0.10120
[Coach] >>> VALID @Epoch: 69   >>> 
[Coach] >>> TEST  @Epoch: 69   >>> 
[Wall TIME] >>> ChiefCoach.train takes 5.844837 seconds ...
[Wall TIME] >>> ChiefCoach.valid takes 1.766424 seconds ...
[Coach] >>> Better ***NDCG@20*** of ***0.0448*** 
[Coach] >>> TRAIN @Epoch: 70   >>>  || LOSS Avg: 0.10040
[Coach] >>> VALID @Epoch: 70   >>>  || RECALL@1 Avg: 0.0126 || RECALL@10 Avg: 0.0671 || RECALL@20 Avg: 0.1019 || NDCG@10 Avg: 0.0359 || NDCG@20 Avg: 0.0448
[Coach] >>> TEST  @Epoch: 70   >>> 
[Wall TIME] >>> ChiefCoach.train takes 5.795481 seconds ...
[Coach] >>> TRAIN @Epoch: 71   >>>  || LOSS Avg: 0.09992
[Coach] >>> VALID @Epoch: 71   >>> 
[Coach] >>> TEST  @Epoch: 71   >>> 
[Wall TIME] >>> ChiefCoach.train takes 5.854730 seconds ...
[Coach] >>> TRAIN @Epoch: 72   >>>  || LOSS Avg: 0.09955
[Coach] >>> VALID @Epoch: 72   >>> 
[Coach] >>> TEST  @Epoch: 72   >>> 
[Wall TIME] >>> ChiefCoach.train takes 5.814226 seconds ...
[Coach] >>> TRAIN @Epoch: 73   >>>  || LOSS Avg: 0.09936
[Coach] >>> VALID @Epoch: 73   >>> 
[Coach] >>> TEST  @Epoch: 73   >>> 
[Wall TIME] >>> ChiefCoach.train takes 5.751341 seconds ...
[Coach] >>> TRAIN @Epoch: 74   >>>  || LOSS Avg: 0.09866
[Coach] >>> VALID @Epoch: 74   >>> 
[Coach] >>> TEST  @Epoch: 74   >>> 
[Wall TIME] >>> ChiefCoach.train takes 5.926070 seconds ...
[Wall TIME] >>> ChiefCoach.valid takes 1.782485 seconds ...
[Coach] >>> Better ***NDCG@20*** of ***0.0450*** 
[Coach] >>> TRAIN @Epoch: 75   >>>  || LOSS Avg: 0.09799
[Coach] >>> VALID @Epoch: 75   >>>  || RECALL@1 Avg: 0.0126 || RECALL@10 Avg: 0.0679 || RECALL@20 Avg: 0.1023 || NDCG@10 Avg: 0.0363 || NDCG@20 Avg: 0.0450
[Coach] >>> TEST  @Epoch: 75   >>> 
[Wall TIME] >>> ChiefCoach.train takes 5.917800 seconds ...
[Coach] >>> TRAIN @Epoch: 76   >>>  || LOSS Avg: 0.09758
[Coach] >>> VALID @Epoch: 76   >>> 
[Coach] >>> TEST  @Epoch: 76   >>> 
[Wall TIME] >>> ChiefCoach.train takes 5.816574 seconds ...
[Coach] >>> TRAIN @Epoch: 77   >>>  || LOSS Avg: 0.09716
[Coach] >>> VALID @Epoch: 77   >>> 
[Coach] >>> TEST  @Epoch: 77   >>> 
[Wall TIME] >>> ChiefCoach.train takes 6.107656 seconds ...
[Coach] >>> TRAIN @Epoch: 78   >>>  || LOSS Avg: 0.09658
[Coach] >>> VALID @Epoch: 78   >>> 
[Coach] >>> TEST  @Epoch: 78   >>> 
[Wall TIME] >>> ChiefCoach.train takes 6.169430 seconds ...
[Coach] >>> TRAIN @Epoch: 79   >>>  || LOSS Avg: 0.09623
[Coach] >>> VALID @Epoch: 79   >>> 
[Coach] >>> TEST  @Epoch: 79   >>> 
[Wall TIME] >>> ChiefCoach.train takes 5.823602 seconds ...
[Wall TIME] >>> ChiefCoach.valid takes 1.721063 seconds ...
[Coach] >>> Better ***NDCG@20*** of ***0.0451*** 
[Coach] >>> TRAIN @Epoch: 80   >>>  || LOSS Avg: 0.09616
[Coach] >>> VALID @Epoch: 80   >>>  || RECALL@1 Avg: 0.0126 || RECALL@10 Avg: 0.0676 || RECALL@20 Avg: 0.1029 || NDCG@10 Avg: 0.0362 || NDCG@20 Avg: 0.0451
[Coach] >>> TEST  @Epoch: 80   >>> 
[Wall TIME] >>> ChiefCoach.train takes 5.881885 seconds ...
[Coach] >>> TRAIN @Epoch: 81   >>>  || LOSS Avg: 0.09604
[Coach] >>> VALID @Epoch: 81   >>> 
[Coach] >>> TEST  @Epoch: 81   >>> 
[Wall TIME] >>> ChiefCoach.train takes 5.833744 seconds ...
[Coach] >>> TRAIN @Epoch: 82   >>>  || LOSS Avg: 0.09494
[Coach] >>> VALID @Epoch: 82   >>> 
[Coach] >>> TEST  @Epoch: 82   >>> 
[Wall TIME] >>> ChiefCoach.train takes 6.637851 seconds ...
[Coach] >>> TRAIN @Epoch: 83   >>>  || LOSS Avg: 0.09488
[Coach] >>> VALID @Epoch: 83   >>> 
[Coach] >>> TEST  @Epoch: 83   >>> 
[Wall TIME] >>> ChiefCoach.train takes 5.856704 seconds ...
[Coach] >>> TRAIN @Epoch: 84   >>>  || LOSS Avg: 0.09442
[Coach] >>> VALID @Epoch: 84   >>> 
[Coach] >>> TEST  @Epoch: 84   >>> 
[Wall TIME] >>> ChiefCoach.train takes 5.866442 seconds ...
[Wall TIME] >>> ChiefCoach.valid takes 1.767228 seconds ...
[Coach] >>> Better ***NDCG@20*** of ***0.0452*** 
[Coach] >>> TRAIN @Epoch: 85   >>>  || LOSS Avg: 0.09407
[Coach] >>> VALID @Epoch: 85   >>>  || RECALL@1 Avg: 0.0129 || RECALL@10 Avg: 0.0682 || RECALL@20 Avg: 0.1026 || NDCG@10 Avg: 0.0365 || NDCG@20 Avg: 0.0452
[Coach] >>> TEST  @Epoch: 85   >>> 
[Wall TIME] >>> ChiefCoach.train takes 5.821647 seconds ...
[Coach] >>> TRAIN @Epoch: 86   >>>  || LOSS Avg: 0.09340
[Coach] >>> VALID @Epoch: 86   >>> 
[Coach] >>> TEST  @Epoch: 86   >>> 
[Wall TIME] >>> ChiefCoach.train takes 5.853476 seconds ...
[Coach] >>> TRAIN @Epoch: 87   >>>  || LOSS Avg: 0.09386
[Coach] >>> VALID @Epoch: 87   >>> 
[Coach] >>> TEST  @Epoch: 87   >>> 
[Wall TIME] >>> ChiefCoach.train takes 5.873712 seconds ...
[Coach] >>> TRAIN @Epoch: 88   >>>  || LOSS Avg: 0.09270
[Coach] >>> VALID @Epoch: 88   >>> 
[Coach] >>> TEST  @Epoch: 88   >>> 
[Wall TIME] >>> ChiefCoach.train takes 5.826223 seconds ...
[Coach] >>> TRAIN @Epoch: 89   >>>  || LOSS Avg: 0.09258
[Coach] >>> VALID @Epoch: 89   >>> 
[Coach] >>> TEST  @Epoch: 89   >>> 
[Wall TIME] >>> ChiefCoach.train takes 5.793199 seconds ...
[Wall TIME] >>> ChiefCoach.valid takes 1.750752 seconds ...
[Coach] >>> Better ***NDCG@20*** of ***0.0456*** 
[Coach] >>> TRAIN @Epoch: 90   >>>  || LOSS Avg: 0.09267
[Coach] >>> VALID @Epoch: 90   >>>  || RECALL@1 Avg: 0.0131 || RECALL@10 Avg: 0.0684 || RECALL@20 Avg: 0.1032 || NDCG@10 Avg: 0.0367 || NDCG@20 Avg: 0.0456
[Coach] >>> TEST  @Epoch: 90   >>> 
[Wall TIME] >>> ChiefCoach.train takes 5.758636 seconds ...
[Coach] >>> TRAIN @Epoch: 91   >>>  || LOSS Avg: 0.09199
[Coach] >>> VALID @Epoch: 91   >>> 
[Coach] >>> TEST  @Epoch: 91   >>> 
[Wall TIME] >>> ChiefCoach.train takes 5.833506 seconds ...
[Coach] >>> TRAIN @Epoch: 92   >>>  || LOSS Avg: 0.09180
[Coach] >>> VALID @Epoch: 92   >>> 
[Coach] >>> TEST  @Epoch: 92   >>> 
[Wall TIME] >>> ChiefCoach.train takes 5.815060 seconds ...
[Coach] >>> TRAIN @Epoch: 93   >>>  || LOSS Avg: 0.09164
[Coach] >>> VALID @Epoch: 93   >>> 
[Coach] >>> TEST  @Epoch: 93   >>> 
[Wall TIME] >>> ChiefCoach.train takes 5.831028 seconds ...
[Coach] >>> TRAIN @Epoch: 94   >>>  || LOSS Avg: 0.09150
[Coach] >>> VALID @Epoch: 94   >>> 
[Coach] >>> TEST  @Epoch: 94   >>> 
[Wall TIME] >>> ChiefCoach.train takes 5.747977 seconds ...
[Wall TIME] >>> ChiefCoach.valid takes 1.765594 seconds ...
[Coach] >>> Better ***NDCG@20*** of ***0.0457*** 
[Coach] >>> TRAIN @Epoch: 95   >>>  || LOSS Avg: 0.09051
[Coach] >>> VALID @Epoch: 95   >>>  || RECALL@1 Avg: 0.0129 || RECALL@10 Avg: 0.0689 || RECALL@20 Avg: 0.1036 || NDCG@10 Avg: 0.0368 || NDCG@20 Avg: 0.0457
[Coach] >>> TEST  @Epoch: 95   >>> 
[Wall TIME] >>> ChiefCoach.train takes 5.699213 seconds ...
[Coach] >>> TRAIN @Epoch: 96   >>>  || LOSS Avg: 0.09085
[Coach] >>> VALID @Epoch: 96   >>> 
[Coach] >>> TEST  @Epoch: 96   >>> 
[Wall TIME] >>> ChiefCoach.train takes 6.327544 seconds ...
[Coach] >>> TRAIN @Epoch: 97   >>>  || LOSS Avg: 0.09063
[Coach] >>> VALID @Epoch: 97   >>> 
[Coach] >>> TEST  @Epoch: 97   >>> 
[Wall TIME] >>> ChiefCoach.train takes 5.780725 seconds ...
[Coach] >>> TRAIN @Epoch: 98   >>>  || LOSS Avg: 0.09015
[Coach] >>> VALID @Epoch: 98   >>> 
[Coach] >>> TEST  @Epoch: 98   >>> 
[Wall TIME] >>> ChiefCoach.train takes 5.739831 seconds ...
[Coach] >>> TRAIN @Epoch: 99   >>>  || LOSS Avg: 0.09006
[Coach] >>> VALID @Epoch: 99   >>> 
[Coach] >>> TEST  @Epoch: 99   >>> 
[Wall TIME] >>> ChiefCoach.train takes 5.761133 seconds ...
[Wall TIME] >>> ChiefCoach.valid takes 1.748565 seconds ...
[Coach] >>> Better ***NDCG@20*** of ***0.0457*** 
[Coach] >>> TRAIN @Epoch: 100  >>>  || LOSS Avg: 0.08970
[Coach] >>> VALID @Epoch: 100  >>>  || RECALL@1 Avg: 0.0129 || RECALL@10 Avg: 0.0692 || RECALL@20 Avg: 0.1034 || NDCG@10 Avg: 0.0370 || NDCG@20 Avg: 0.0457
[Coach] >>> TEST  @Epoch: 100  >>> 
[Wall TIME] >>> ChiefCoach.train takes 5.681261 seconds ...
[Coach] >>> TRAIN @Epoch: 101  >>>  || LOSS Avg: 0.08932
[Coach] >>> VALID @Epoch: 101  >>> 
[Coach] >>> TEST  @Epoch: 101  >>> 
[Wall TIME] >>> ChiefCoach.train takes 5.734172 seconds ...
[Coach] >>> TRAIN @Epoch: 102  >>>  || LOSS Avg: 0.08944
[Coach] >>> VALID @Epoch: 102  >>> 
[Coach] >>> TEST  @Epoch: 102  >>> 
[Wall TIME] >>> ChiefCoach.train takes 5.769429 seconds ...
[Coach] >>> TRAIN @Epoch: 103  >>>  || LOSS Avg: 0.08910
[Coach] >>> VALID @Epoch: 103  >>> 
[Coach] >>> TEST  @Epoch: 103  >>> 
[Wall TIME] >>> ChiefCoach.train takes 5.845404 seconds ...
[Coach] >>> TRAIN @Epoch: 104  >>>  || LOSS Avg: 0.08898
[Coach] >>> VALID @Epoch: 104  >>> 
[Coach] >>> TEST  @Epoch: 104  >>> 
[Wall TIME] >>> ChiefCoach.train takes 5.740573 seconds ...
[Wall TIME] >>> ChiefCoach.valid takes 1.726878 seconds ...
[Coach] >>> Better ***NDCG@20*** of ***0.0460*** 
[Coach] >>> TRAIN @Epoch: 105  >>>  || LOSS Avg: 0.08852
[Coach] >>> VALID @Epoch: 105  >>>  || RECALL@1 Avg: 0.0132 || RECALL@10 Avg: 0.0692 || RECALL@20 Avg: 0.1041 || NDCG@10 Avg: 0.0371 || NDCG@20 Avg: 0.0460
[Coach] >>> TEST  @Epoch: 105  >>> 
[Wall TIME] >>> ChiefCoach.train takes 5.733027 seconds ...
[Coach] >>> TRAIN @Epoch: 106  >>>  || LOSS Avg: 0.08824
[Coach] >>> VALID @Epoch: 106  >>> 
[Coach] >>> TEST  @Epoch: 106  >>> 
[Wall TIME] >>> ChiefCoach.train takes 5.785745 seconds ...
[Coach] >>> TRAIN @Epoch: 107  >>>  || LOSS Avg: 0.08799
[Coach] >>> VALID @Epoch: 107  >>> 
[Coach] >>> TEST  @Epoch: 107  >>> 
[Wall TIME] >>> ChiefCoach.train takes 5.944510 seconds ...
[Coach] >>> TRAIN @Epoch: 108  >>>  || LOSS Avg: 0.08774
[Coach] >>> VALID @Epoch: 108  >>> 
[Coach] >>> TEST  @Epoch: 108  >>> 
[Wall TIME] >>> ChiefCoach.train takes 5.810560 seconds ...
[Coach] >>> TRAIN @Epoch: 109  >>>  || LOSS Avg: 0.08803
[Coach] >>> VALID @Epoch: 109  >>> 
[Coach] >>> TEST  @Epoch: 109  >>> 
[Wall TIME] >>> ChiefCoach.train takes 5.730455 seconds ...
[Wall TIME] >>> ChiefCoach.valid takes 1.730815 seconds ...
[Coach] >>> Better ***NDCG@20*** of ***0.0462*** 
[Coach] >>> TRAIN @Epoch: 110  >>>  || LOSS Avg: 0.08772
[Coach] >>> VALID @Epoch: 110  >>>  || RECALL@1 Avg: 0.0131 || RECALL@10 Avg: 0.0698 || RECALL@20 Avg: 0.1049 || NDCG@10 Avg: 0.0373 || NDCG@20 Avg: 0.0462
[Coach] >>> TEST  @Epoch: 110  >>> 
[Wall TIME] >>> ChiefCoach.train takes 6.266931 seconds ...
[Coach] >>> TRAIN @Epoch: 111  >>>  || LOSS Avg: 0.08727
[Coach] >>> VALID @Epoch: 111  >>> 
[Coach] >>> TEST  @Epoch: 111  >>> 
[Wall TIME] >>> ChiefCoach.train takes 6.424390 seconds ...
[Coach] >>> TRAIN @Epoch: 112  >>>  || LOSS Avg: 0.08745
[Coach] >>> VALID @Epoch: 112  >>> 
[Coach] >>> TEST  @Epoch: 112  >>> 
[Wall TIME] >>> ChiefCoach.train takes 5.936524 seconds ...
[Coach] >>> TRAIN @Epoch: 113  >>>  || LOSS Avg: 0.08699
[Coach] >>> VALID @Epoch: 113  >>> 
[Coach] >>> TEST  @Epoch: 113  >>> 
[Wall TIME] >>> ChiefCoach.train takes 5.885252 seconds ...
[Coach] >>> TRAIN @Epoch: 114  >>>  || LOSS Avg: 0.08688
[Coach] >>> VALID @Epoch: 114  >>> 
[Coach] >>> TEST  @Epoch: 114  >>> 
[Wall TIME] >>> ChiefCoach.train takes 5.807731 seconds ...
[Wall TIME] >>> ChiefCoach.valid takes 1.722874 seconds ...
[Coach] >>> Better ***NDCG@20*** of ***0.0463*** 
[Coach] >>> TRAIN @Epoch: 115  >>>  || LOSS Avg: 0.08666
[Coach] >>> VALID @Epoch: 115  >>>  || RECALL@1 Avg: 0.0130 || RECALL@10 Avg: 0.0695 || RECALL@20 Avg: 0.1054 || NDCG@10 Avg: 0.0372 || NDCG@20 Avg: 0.0463
[Coach] >>> TEST  @Epoch: 115  >>> 
[Wall TIME] >>> ChiefCoach.train takes 5.861016 seconds ...
[Coach] >>> TRAIN @Epoch: 116  >>>  || LOSS Avg: 0.08647
[Coach] >>> VALID @Epoch: 116  >>> 
[Coach] >>> TEST  @Epoch: 116  >>> 
[Wall TIME] >>> ChiefCoach.train takes 5.764292 seconds ...
[Coach] >>> TRAIN @Epoch: 117  >>>  || LOSS Avg: 0.08665
[Coach] >>> VALID @Epoch: 117  >>> 
[Coach] >>> TEST  @Epoch: 117  >>> 
[Wall TIME] >>> ChiefCoach.train takes 5.768009 seconds ...
[Coach] >>> TRAIN @Epoch: 118  >>>  || LOSS Avg: 0.08635
[Coach] >>> VALID @Epoch: 118  >>> 
[Coach] >>> TEST  @Epoch: 118  >>> 
[Wall TIME] >>> ChiefCoach.train takes 5.761103 seconds ...
[Coach] >>> TRAIN @Epoch: 119  >>>  || LOSS Avg: 0.08606
[Coach] >>> VALID @Epoch: 119  >>> 
[Coach] >>> TEST  @Epoch: 119  >>> 
[Wall TIME] >>> ChiefCoach.train takes 5.800700 seconds ...
[Wall TIME] >>> ChiefCoach.valid takes 1.725839 seconds ...
[Coach] >>> Better ***NDCG@20*** of ***0.0465*** 
[Coach] >>> TRAIN @Epoch: 120  >>>  || LOSS Avg: 0.08595
[Coach] >>> VALID @Epoch: 120  >>>  || RECALL@1 Avg: 0.0128 || RECALL@10 Avg: 0.0701 || RECALL@20 Avg: 0.1063 || NDCG@10 Avg: 0.0373 || NDCG@20 Avg: 0.0465
[Coach] >>> TEST  @Epoch: 120  >>> 
[Wall TIME] >>> ChiefCoach.train takes 5.761783 seconds ...
[Coach] >>> TRAIN @Epoch: 121  >>>  || LOSS Avg: 0.08568
[Coach] >>> VALID @Epoch: 121  >>> 
[Coach] >>> TEST  @Epoch: 121  >>> 
[Wall TIME] >>> ChiefCoach.train takes 5.719929 seconds ...
[Coach] >>> TRAIN @Epoch: 122  >>>  || LOSS Avg: 0.08542
[Coach] >>> VALID @Epoch: 122  >>> 
[Coach] >>> TEST  @Epoch: 122  >>> 
[Wall TIME] >>> ChiefCoach.train takes 5.671311 seconds ...
[Coach] >>> TRAIN @Epoch: 123  >>>  || LOSS Avg: 0.08528
[Coach] >>> VALID @Epoch: 123  >>> 
[Coach] >>> TEST  @Epoch: 123  >>> 
[Wall TIME] >>> ChiefCoach.train takes 5.797270 seconds ...
[Coach] >>> TRAIN @Epoch: 124  >>>  || LOSS Avg: 0.08523
[Coach] >>> VALID @Epoch: 124  >>> 
[Coach] >>> TEST  @Epoch: 124  >>> 
[Wall TIME] >>> ChiefCoach.train takes 5.700209 seconds ...
[Wall TIME] >>> ChiefCoach.valid takes 1.721873 seconds ...
[Coach] >>> Better ***NDCG@20*** of ***0.0467*** 
[Coach] >>> TRAIN @Epoch: 125  >>>  || LOSS Avg: 0.08517
[Coach] >>> VALID @Epoch: 125  >>>  || RECALL@1 Avg: 0.0132 || RECALL@10 Avg: 0.0699 || RECALL@20 Avg: 0.1061 || NDCG@10 Avg: 0.0374 || NDCG@20 Avg: 0.0467
[Coach] >>> TEST  @Epoch: 125  >>> 
[Wall TIME] >>> ChiefCoach.train takes 6.588503 seconds ...
[Coach] >>> TRAIN @Epoch: 126  >>>  || LOSS Avg: 0.08484
[Coach] >>> VALID @Epoch: 126  >>> 
[Coach] >>> TEST  @Epoch: 126  >>> 
[Wall TIME] >>> ChiefCoach.train takes 5.776087 seconds ...
[Coach] >>> TRAIN @Epoch: 127  >>>  || LOSS Avg: 0.08483
[Coach] >>> VALID @Epoch: 127  >>> 
[Coach] >>> TEST  @Epoch: 127  >>> 
[Wall TIME] >>> ChiefCoach.train takes 5.719156 seconds ...
[Coach] >>> TRAIN @Epoch: 128  >>>  || LOSS Avg: 0.08435
[Coach] >>> VALID @Epoch: 128  >>> 
[Coach] >>> TEST  @Epoch: 128  >>> 
[Wall TIME] >>> ChiefCoach.train takes 5.687391 seconds ...
[Coach] >>> TRAIN @Epoch: 129  >>>  || LOSS Avg: 0.08447
[Coach] >>> VALID @Epoch: 129  >>> 
[Coach] >>> TEST  @Epoch: 129  >>> 
[Wall TIME] >>> ChiefCoach.train takes 5.773898 seconds ...
[Wall TIME] >>> ChiefCoach.valid takes 1.703920 seconds ...
[Coach] >>> Better ***NDCG@20*** of ***0.0467*** 
[Coach] >>> TRAIN @Epoch: 130  >>>  || LOSS Avg: 0.08465
[Coach] >>> VALID @Epoch: 130  >>>  || RECALL@1 Avg: 0.0133 || RECALL@10 Avg: 0.0701 || RECALL@20 Avg: 0.1062 || NDCG@10 Avg: 0.0376 || NDCG@20 Avg: 0.0467
[Coach] >>> TEST  @Epoch: 130  >>> 
[Wall TIME] >>> ChiefCoach.train takes 5.746198 seconds ...
[Coach] >>> TRAIN @Epoch: 131  >>>  || LOSS Avg: 0.08403
[Coach] >>> VALID @Epoch: 131  >>> 
[Coach] >>> TEST  @Epoch: 131  >>> 
[Wall TIME] >>> ChiefCoach.train takes 5.707742 seconds ...
[Coach] >>> TRAIN @Epoch: 132  >>>  || LOSS Avg: 0.08380
[Coach] >>> VALID @Epoch: 132  >>> 
[Coach] >>> TEST  @Epoch: 132  >>> 
[Wall TIME] >>> ChiefCoach.train takes 5.703533 seconds ...
[Coach] >>> TRAIN @Epoch: 133  >>>  || LOSS Avg: 0.08384
[Coach] >>> VALID @Epoch: 133  >>> 
[Coach] >>> TEST  @Epoch: 133  >>> 
[Wall TIME] >>> ChiefCoach.train takes 5.748617 seconds ...
[Coach] >>> TRAIN @Epoch: 134  >>>  || LOSS Avg: 0.08367
[Coach] >>> VALID @Epoch: 134  >>> 
[Coach] >>> TEST  @Epoch: 134  >>> 
[Wall TIME] >>> ChiefCoach.train takes 5.683959 seconds ...
[Wall TIME] >>> ChiefCoach.valid takes 1.692578 seconds ...
[Coach] >>> Better ***NDCG@20*** of ***0.0468*** 
[Coach] >>> TRAIN @Epoch: 135  >>>  || LOSS Avg: 0.08330
[Coach] >>> VALID @Epoch: 135  >>>  || RECALL@1 Avg: 0.0133 || RECALL@10 Avg: 0.0696 || RECALL@20 Avg: 0.1061 || NDCG@10 Avg: 0.0375 || NDCG@20 Avg: 0.0468
[Coach] >>> TEST  @Epoch: 135  >>> 
[Wall TIME] >>> ChiefCoach.train takes 5.916349 seconds ...
[Coach] >>> TRAIN @Epoch: 136  >>>  || LOSS Avg: 0.08352
[Coach] >>> VALID @Epoch: 136  >>> 
[Coach] >>> TEST  @Epoch: 136  >>> 
[Wall TIME] >>> ChiefCoach.train takes 5.880462 seconds ...
[Coach] >>> TRAIN @Epoch: 137  >>>  || LOSS Avg: 0.08342
[Coach] >>> VALID @Epoch: 137  >>> 
[Coach] >>> TEST  @Epoch: 137  >>> 
[Wall TIME] >>> ChiefCoach.train takes 5.777212 seconds ...
[Coach] >>> TRAIN @Epoch: 138  >>>  || LOSS Avg: 0.08319
[Coach] >>> VALID @Epoch: 138  >>> 
[Coach] >>> TEST  @Epoch: 138  >>> 
[Wall TIME] >>> ChiefCoach.train takes 5.717782 seconds ...
[Coach] >>> TRAIN @Epoch: 139  >>>  || LOSS Avg: 0.08305
[Coach] >>> VALID @Epoch: 139  >>> 
[Coach] >>> TEST  @Epoch: 139  >>> 
[Wall TIME] >>> ChiefCoach.train takes 6.469285 seconds ...
[Wall TIME] >>> ChiefCoach.valid takes 1.773010 seconds ...
[Coach] >>> Better ***NDCG@20*** of ***0.0469*** 
[Coach] >>> TRAIN @Epoch: 140  >>>  || LOSS Avg: 0.08288
[Coach] >>> VALID @Epoch: 140  >>>  || RECALL@1 Avg: 0.0130 || RECALL@10 Avg: 0.0706 || RECALL@20 Avg: 0.1070 || NDCG@10 Avg: 0.0376 || NDCG@20 Avg: 0.0469
[Coach] >>> TEST  @Epoch: 140  >>> 
[Wall TIME] >>> ChiefCoach.train takes 5.798485 seconds ...
[Coach] >>> TRAIN @Epoch: 141  >>>  || LOSS Avg: 0.08288
[Coach] >>> VALID @Epoch: 141  >>> 
[Coach] >>> TEST  @Epoch: 141  >>> 
[Wall TIME] >>> ChiefCoach.train takes 5.892068 seconds ...
[Coach] >>> TRAIN @Epoch: 142  >>>  || LOSS Avg: 0.08273
[Coach] >>> VALID @Epoch: 142  >>> 
[Coach] >>> TEST  @Epoch: 142  >>> 
[Wall TIME] >>> ChiefCoach.train takes 5.812301 seconds ...
[Coach] >>> TRAIN @Epoch: 143  >>>  || LOSS Avg: 0.08258
[Coach] >>> VALID @Epoch: 143  >>> 
[Coach] >>> TEST  @Epoch: 143  >>> 
[Wall TIME] >>> ChiefCoach.train takes 5.798964 seconds ...
[Coach] >>> TRAIN @Epoch: 144  >>>  || LOSS Avg: 0.08250
[Coach] >>> VALID @Epoch: 144  >>> 
[Coach] >>> TEST  @Epoch: 144  >>> 
[Wall TIME] >>> ChiefCoach.train takes 5.849714 seconds ...
[Wall TIME] >>> ChiefCoach.valid takes 1.740717 seconds ...
[Coach] >>> TRAIN @Epoch: 145  >>>  || LOSS Avg: 0.08235
[Coach] >>> VALID @Epoch: 145  >>>  || RECALL@1 Avg: 0.0131 || RECALL@10 Avg: 0.0705 || RECALL@20 Avg: 0.1063 || NDCG@10 Avg: 0.0377 || NDCG@20 Avg: 0.0468
[Coach] >>> TEST  @Epoch: 145  >>> 
[Wall TIME] >>> ChiefCoach.train takes 5.816354 seconds ...
[Coach] >>> TRAIN @Epoch: 146  >>>  || LOSS Avg: 0.08240
[Coach] >>> VALID @Epoch: 146  >>> 
[Coach] >>> TEST  @Epoch: 146  >>> 
[Wall TIME] >>> ChiefCoach.train takes 5.778576 seconds ...
[Coach] >>> TRAIN @Epoch: 147  >>>  || LOSS Avg: 0.08210
[Coach] >>> VALID @Epoch: 147  >>> 
[Coach] >>> TEST  @Epoch: 147  >>> 
[Wall TIME] >>> ChiefCoach.train takes 5.765996 seconds ...
[Coach] >>> TRAIN @Epoch: 148  >>>  || LOSS Avg: 0.08206
[Coach] >>> VALID @Epoch: 148  >>> 
[Coach] >>> TEST  @Epoch: 148  >>> 
[Wall TIME] >>> ChiefCoach.train takes 5.762695 seconds ...
[Coach] >>> TRAIN @Epoch: 149  >>>  || LOSS Avg: 0.08230
[Coach] >>> VALID @Epoch: 149  >>> 
[Coach] >>> TEST  @Epoch: 149  >>> 
[Wall TIME] >>> ChiefCoach.train takes 5.741586 seconds ...
[Wall TIME] >>> ChiefCoach.valid takes 1.733204 seconds ...
[Coach] >>> Better ***NDCG@20*** of ***0.0469*** 
[Coach] >>> TRAIN @Epoch: 150  >>>  || LOSS Avg: 0.08171
[Coach] >>> VALID @Epoch: 150  >>>  || RECALL@1 Avg: 0.0132 || RECALL@10 Avg: 0.0708 || RECALL@20 Avg: 0.1065 || NDCG@10 Avg: 0.0378 || NDCG@20 Avg: 0.0469
[Coach] >>> TEST  @Epoch: 150  >>> 
[Wall TIME] >>> ChiefCoach.train takes 5.784313 seconds ...
[Coach] >>> TRAIN @Epoch: 151  >>>  || LOSS Avg: 0.08190
[Coach] >>> VALID @Epoch: 151  >>> 
[Coach] >>> TEST  @Epoch: 151  >>> 
[Wall TIME] >>> ChiefCoach.train takes 5.770620 seconds ...
[Coach] >>> TRAIN @Epoch: 152  >>>  || LOSS Avg: 0.08176
[Coach] >>> VALID @Epoch: 152  >>> 
[Coach] >>> TEST  @Epoch: 152  >>> 
[Wall TIME] >>> ChiefCoach.train takes 5.863792 seconds ...
[Coach] >>> TRAIN @Epoch: 153  >>>  || LOSS Avg: 0.08158
[Coach] >>> VALID @Epoch: 153  >>> 
[Coach] >>> TEST  @Epoch: 153  >>> 
[Wall TIME] >>> ChiefCoach.train takes 6.729773 seconds ...
[Coach] >>> TRAIN @Epoch: 154  >>>  || LOSS Avg: 0.08180
[Coach] >>> VALID @Epoch: 154  >>> 
[Coach] >>> TEST  @Epoch: 154  >>> 
[Wall TIME] >>> ChiefCoach.train takes 5.795960 seconds ...
[Wall TIME] >>> ChiefCoach.valid takes 1.736679 seconds ...
[Coach] >>> TRAIN @Epoch: 155  >>>  || LOSS Avg: 0.08138
[Coach] >>> VALID @Epoch: 155  >>>  || RECALL@1 Avg: 0.0134 || RECALL@10 Avg: 0.0714 || RECALL@20 Avg: 0.1060 || NDCG@10 Avg: 0.0381 || NDCG@20 Avg: 0.0469
[Coach] >>> TEST  @Epoch: 155  >>> 
[Wall TIME] >>> ChiefCoach.train takes 5.835249 seconds ...
[Coach] >>> TRAIN @Epoch: 156  >>>  || LOSS Avg: 0.08144
[Coach] >>> VALID @Epoch: 156  >>> 
[Coach] >>> TEST  @Epoch: 156  >>> 
[Wall TIME] >>> ChiefCoach.train takes 5.746163 seconds ...
[Coach] >>> TRAIN @Epoch: 157  >>>  || LOSS Avg: 0.08119
[Coach] >>> VALID @Epoch: 157  >>> 
[Coach] >>> TEST  @Epoch: 157  >>> 
[Wall TIME] >>> ChiefCoach.train takes 5.714929 seconds ...
[Coach] >>> TRAIN @Epoch: 158  >>>  || LOSS Avg: 0.08085
[Coach] >>> VALID @Epoch: 158  >>> 
[Coach] >>> TEST  @Epoch: 158  >>> 
[Wall TIME] >>> ChiefCoach.train takes 5.782098 seconds ...
[Coach] >>> TRAIN @Epoch: 159  >>>  || LOSS Avg: 0.08136
[Coach] >>> VALID @Epoch: 159  >>> 
[Coach] >>> TEST  @Epoch: 159  >>> 
[Wall TIME] >>> ChiefCoach.train takes 5.729466 seconds ...
[Wall TIME] >>> ChiefCoach.valid takes 1.738296 seconds ...
[Coach] >>> Better ***NDCG@20*** of ***0.0472*** 
[Coach] >>> TRAIN @Epoch: 160  >>>  || LOSS Avg: 0.08097
[Coach] >>> VALID @Epoch: 160  >>>  || RECALL@1 Avg: 0.0137 || RECALL@10 Avg: 0.0710 || RECALL@20 Avg: 0.1066 || NDCG@10 Avg: 0.0382 || NDCG@20 Avg: 0.0472
[Coach] >>> TEST  @Epoch: 160  >>> 
[Wall TIME] >>> ChiefCoach.train takes 5.743435 seconds ...
[Coach] >>> TRAIN @Epoch: 161  >>>  || LOSS Avg: 0.08099
[Coach] >>> VALID @Epoch: 161  >>> 
[Coach] >>> TEST  @Epoch: 161  >>> 
[Wall TIME] >>> ChiefCoach.train takes 5.702085 seconds ...
[Coach] >>> TRAIN @Epoch: 162  >>>  || LOSS Avg: 0.08093
[Coach] >>> VALID @Epoch: 162  >>> 
[Coach] >>> TEST  @Epoch: 162  >>> 
[Wall TIME] >>> ChiefCoach.train takes 5.753727 seconds ...
[Coach] >>> TRAIN @Epoch: 163  >>>  || LOSS Avg: 0.08071
[Coach] >>> VALID @Epoch: 163  >>> 
[Coach] >>> TEST  @Epoch: 163  >>> 
[Wall TIME] >>> ChiefCoach.train takes 5.682306 seconds ...
[Coach] >>> TRAIN @Epoch: 164  >>>  || LOSS Avg: 0.08078
[Coach] >>> VALID @Epoch: 164  >>> 
[Coach] >>> TEST  @Epoch: 164  >>> 
[Wall TIME] >>> ChiefCoach.train takes 5.785507 seconds ...
[Wall TIME] >>> ChiefCoach.valid takes 1.728550 seconds ...
[Coach] >>> Better ***NDCG@20*** of ***0.0474*** 
[Coach] >>> TRAIN @Epoch: 165  >>>  || LOSS Avg: 0.08035
[Coach] >>> VALID @Epoch: 165  >>>  || RECALL@1 Avg: 0.0135 || RECALL@10 Avg: 0.0720 || RECALL@20 Avg: 0.1070 || NDCG@10 Avg: 0.0385 || NDCG@20 Avg: 0.0474
[Coach] >>> TEST  @Epoch: 165  >>> 
[Wall TIME] >>> ChiefCoach.train takes 5.747514 seconds ...
[Coach] >>> TRAIN @Epoch: 166  >>>  || LOSS Avg: 0.08050
[Coach] >>> VALID @Epoch: 166  >>> 
[Coach] >>> TEST  @Epoch: 166  >>> 
[Wall TIME] >>> ChiefCoach.train takes 5.719816 seconds ...
[Coach] >>> TRAIN @Epoch: 167  >>>  || LOSS Avg: 0.08033
[Coach] >>> VALID @Epoch: 167  >>> 
[Coach] >>> TEST  @Epoch: 167  >>> 
[Wall TIME] >>> ChiefCoach.train takes 6.053512 seconds ...
[Coach] >>> TRAIN @Epoch: 168  >>>  || LOSS Avg: 0.08030
[Coach] >>> VALID @Epoch: 168  >>> 
[Coach] >>> TEST  @Epoch: 168  >>> 
[Wall TIME] >>> ChiefCoach.train takes 6.393391 seconds ...
[Coach] >>> TRAIN @Epoch: 169  >>>  || LOSS Avg: 0.08024
[Coach] >>> VALID @Epoch: 169  >>> 
[Coach] >>> TEST  @Epoch: 169  >>> 
[Wall TIME] >>> ChiefCoach.train takes 5.826192 seconds ...
[Wall TIME] >>> ChiefCoach.valid takes 1.741328 seconds ...
[Coach] >>> TRAIN @Epoch: 170  >>>  || LOSS Avg: 0.08008
[Coach] >>> VALID @Epoch: 170  >>>  || RECALL@1 Avg: 0.0136 || RECALL@10 Avg: 0.0718 || RECALL@20 Avg: 0.1070 || NDCG@10 Avg: 0.0383 || NDCG@20 Avg: 0.0473
[Coach] >>> TEST  @Epoch: 170  >>> 
[Wall TIME] >>> ChiefCoach.train takes 5.802855 seconds ...
[Coach] >>> TRAIN @Epoch: 171  >>>  || LOSS Avg: 0.07996
[Coach] >>> VALID @Epoch: 171  >>> 
[Coach] >>> TEST  @Epoch: 171  >>> 
[Wall TIME] >>> ChiefCoach.train takes 5.888565 seconds ...
[Coach] >>> TRAIN @Epoch: 172  >>>  || LOSS Avg: 0.07983
[Coach] >>> VALID @Epoch: 172  >>> 
[Coach] >>> TEST  @Epoch: 172  >>> 
[Wall TIME] >>> ChiefCoach.train takes 5.782486 seconds ...
[Coach] >>> TRAIN @Epoch: 173  >>>  || LOSS Avg: 0.07996
[Coach] >>> VALID @Epoch: 173  >>> 
[Coach] >>> TEST  @Epoch: 173  >>> 
[Wall TIME] >>> ChiefCoach.train takes 5.774778 seconds ...
[Coach] >>> TRAIN @Epoch: 174  >>>  || LOSS Avg: 0.07987
[Coach] >>> VALID @Epoch: 174  >>> 
[Coach] >>> TEST  @Epoch: 174  >>> 
[Wall TIME] >>> ChiefCoach.train takes 5.794196 seconds ...
[Wall TIME] >>> ChiefCoach.valid takes 1.743912 seconds ...
[Coach] >>> Better ***NDCG@20*** of ***0.0475*** 
[Coach] >>> TRAIN @Epoch: 175  >>>  || LOSS Avg: 0.07945
[Coach] >>> VALID @Epoch: 175  >>>  || RECALL@1 Avg: 0.0138 || RECALL@10 Avg: 0.0714 || RECALL@20 Avg: 0.1073 || NDCG@10 Avg: 0.0384 || NDCG@20 Avg: 0.0475
[Coach] >>> TEST  @Epoch: 175  >>> 
[Wall TIME] >>> ChiefCoach.train takes 5.938925 seconds ...
[Coach] >>> TRAIN @Epoch: 176  >>>  || LOSS Avg: 0.07965
[Coach] >>> VALID @Epoch: 176  >>> 
[Coach] >>> TEST  @Epoch: 176  >>> 
[Wall TIME] >>> ChiefCoach.train takes 5.993069 seconds ...
[Coach] >>> TRAIN @Epoch: 177  >>>  || LOSS Avg: 0.07974
[Coach] >>> VALID @Epoch: 177  >>> 
[Coach] >>> TEST  @Epoch: 177  >>> 
[Wall TIME] >>> ChiefCoach.train takes 5.882492 seconds ...
[Coach] >>> TRAIN @Epoch: 178  >>>  || LOSS Avg: 0.07937
[Coach] >>> VALID @Epoch: 178  >>> 
[Coach] >>> TEST  @Epoch: 178  >>> 
[Wall TIME] >>> ChiefCoach.train takes 5.833385 seconds ...
[Coach] >>> TRAIN @Epoch: 179  >>>  || LOSS Avg: 0.07956
[Coach] >>> VALID @Epoch: 179  >>> 
[Coach] >>> TEST  @Epoch: 179  >>> 
[Wall TIME] >>> ChiefCoach.train takes 6.049185 seconds ...
[Wall TIME] >>> ChiefCoach.valid takes 1.739461 seconds ...
[Coach] >>> Better ***NDCG@20*** of ***0.0476*** 
[Coach] >>> TRAIN @Epoch: 180  >>>  || LOSS Avg: 0.07938
[Coach] >>> VALID @Epoch: 180  >>>  || RECALL@1 Avg: 0.0135 || RECALL@10 Avg: 0.0712 || RECALL@20 Avg: 0.1082 || NDCG@10 Avg: 0.0382 || NDCG@20 Avg: 0.0476
[Coach] >>> TEST  @Epoch: 180  >>> 
[Wall TIME] >>> ChiefCoach.train takes 5.726403 seconds ...
[Coach] >>> TRAIN @Epoch: 181  >>>  || LOSS Avg: 0.07914
[Coach] >>> VALID @Epoch: 181  >>> 
[Coach] >>> TEST  @Epoch: 181  >>> 
[Wall TIME] >>> ChiefCoach.train takes 6.005984 seconds ...
[Coach] >>> TRAIN @Epoch: 182  >>>  || LOSS Avg: 0.07914
[Coach] >>> VALID @Epoch: 182  >>> 
[Coach] >>> TEST  @Epoch: 182  >>> 
[Wall TIME] >>> ChiefCoach.train takes 7.022693 seconds ...
[Coach] >>> TRAIN @Epoch: 183  >>>  || LOSS Avg: 0.07913
[Coach] >>> VALID @Epoch: 183  >>> 
[Coach] >>> TEST  @Epoch: 183  >>> 
[Wall TIME] >>> ChiefCoach.train takes 5.864979 seconds ...
[Coach] >>> TRAIN @Epoch: 184  >>>  || LOSS Avg: 0.07924
[Coach] >>> VALID @Epoch: 184  >>> 
[Coach] >>> TEST  @Epoch: 184  >>> 
[Wall TIME] >>> ChiefCoach.train takes 6.018541 seconds ...
[Wall TIME] >>> ChiefCoach.valid takes 1.751546 seconds ...
[Coach] >>> TRAIN @Epoch: 185  >>>  || LOSS Avg: 0.07909
[Coach] >>> VALID @Epoch: 185  >>>  || RECALL@1 Avg: 0.0136 || RECALL@10 Avg: 0.0717 || RECALL@20 Avg: 0.1076 || NDCG@10 Avg: 0.0383 || NDCG@20 Avg: 0.0475
[Coach] >>> TEST  @Epoch: 185  >>> 
[Wall TIME] >>> ChiefCoach.train takes 5.847404 seconds ...
[Coach] >>> TRAIN @Epoch: 186  >>>  || LOSS Avg: 0.07905
[Coach] >>> VALID @Epoch: 186  >>> 
[Coach] >>> TEST  @Epoch: 186  >>> 
[Wall TIME] >>> ChiefCoach.train takes 6.115411 seconds ...
[Coach] >>> TRAIN @Epoch: 187  >>>  || LOSS Avg: 0.07907
[Coach] >>> VALID @Epoch: 187  >>> 
[Coach] >>> TEST  @Epoch: 187  >>> 
[Wall TIME] >>> ChiefCoach.train takes 5.967155 seconds ...
[Coach] >>> TRAIN @Epoch: 188  >>>  || LOSS Avg: 0.07867
[Coach] >>> VALID @Epoch: 188  >>> 
[Coach] >>> TEST  @Epoch: 188  >>> 
[Wall TIME] >>> ChiefCoach.train takes 5.958570 seconds ...
[Coach] >>> TRAIN @Epoch: 189  >>>  || LOSS Avg: 0.07895
[Coach] >>> VALID @Epoch: 189  >>> 
[Coach] >>> TEST  @Epoch: 189  >>> 
[Wall TIME] >>> ChiefCoach.train takes 6.016185 seconds ...
[Wall TIME] >>> ChiefCoach.valid takes 1.736007 seconds ...
[Coach] >>> Better ***NDCG@20*** of ***0.0477*** 
[Coach] >>> TRAIN @Epoch: 190  >>>  || LOSS Avg: 0.07880
[Coach] >>> VALID @Epoch: 190  >>>  || RECALL@1 Avg: 0.0140 || RECALL@10 Avg: 0.0716 || RECALL@20 Avg: 0.1075 || NDCG@10 Avg: 0.0385 || NDCG@20 Avg: 0.0477
[Coach] >>> TEST  @Epoch: 190  >>> 
[Wall TIME] >>> ChiefCoach.train takes 5.783453 seconds ...
[Coach] >>> TRAIN @Epoch: 191  >>>  || LOSS Avg: 0.07884
[Coach] >>> VALID @Epoch: 191  >>> 
[Coach] >>> TEST  @Epoch: 191  >>> 
[Wall TIME] >>> ChiefCoach.train takes 5.795910 seconds ...
[Coach] >>> TRAIN @Epoch: 192  >>>  || LOSS Avg: 0.07887
[Coach] >>> VALID @Epoch: 192  >>> 
[Coach] >>> TEST  @Epoch: 192  >>> 
[Wall TIME] >>> ChiefCoach.train takes 5.770221 seconds ...
[Coach] >>> TRAIN @Epoch: 193  >>>  || LOSS Avg: 0.07874
[Coach] >>> VALID @Epoch: 193  >>> 
[Coach] >>> TEST  @Epoch: 193  >>> 
[Wall TIME] >>> ChiefCoach.train takes 5.916844 seconds ...
[Coach] >>> TRAIN @Epoch: 194  >>>  || LOSS Avg: 0.07854
[Coach] >>> VALID @Epoch: 194  >>> 
[Coach] >>> TEST  @Epoch: 194  >>> 
[Wall TIME] >>> ChiefCoach.train takes 5.755516 seconds ...
[Wall TIME] >>> ChiefCoach.valid takes 1.748817 seconds ...
[Coach] >>> TRAIN @Epoch: 195  >>>  || LOSS Avg: 0.07858
[Coach] >>> VALID @Epoch: 195  >>>  || RECALL@1 Avg: 0.0137 || RECALL@10 Avg: 0.0715 || RECALL@20 Avg: 0.1076 || NDCG@10 Avg: 0.0384 || NDCG@20 Avg: 0.0476
[Coach] >>> TEST  @Epoch: 195  >>> 
[Wall TIME] >>> ChiefCoach.train takes 5.708394 seconds ...
[Coach] >>> TRAIN @Epoch: 196  >>>  || LOSS Avg: 0.07821
[Coach] >>> VALID @Epoch: 196  >>> 
[Coach] >>> TEST  @Epoch: 196  >>> 
[Wall TIME] >>> ChiefCoach.train takes 7.013368 seconds ...
[Coach] >>> TRAIN @Epoch: 197  >>>  || LOSS Avg: 0.07848
[Coach] >>> VALID @Epoch: 197  >>> 
[Coach] >>> TEST  @Epoch: 197  >>> 
[Wall TIME] >>> ChiefCoach.train takes 5.963413 seconds ...
[Coach] >>> TRAIN @Epoch: 198  >>>  || LOSS Avg: 0.07840
[Coach] >>> VALID @Epoch: 198  >>> 
[Coach] >>> TEST  @Epoch: 198  >>> 
[Wall TIME] >>> ChiefCoach.train takes 5.840105 seconds ...
[Coach] >>> TRAIN @Epoch: 199  >>>  || LOSS Avg: 0.07821
[Coach] >>> VALID @Epoch: 199  >>> 
[Coach] >>> TEST  @Epoch: 199  >>> 
[Wall TIME] >>> ChiefCoach.train takes 5.686516 seconds ...
[Wall TIME] >>> ChiefCoach.valid takes 1.738267 seconds ...
[Coach] >>> Better ***NDCG@20*** of ***0.0479*** 
[Coach] >>> TRAIN @Epoch: 200  >>>  || LOSS Avg: 0.07827
[Coach] >>> VALID @Epoch: 200  >>>  || RECALL@1 Avg: 0.0138 || RECALL@10 Avg: 0.0728 || RECALL@20 Avg: 0.1081 || NDCG@10 Avg: 0.0389 || NDCG@20 Avg: 0.0479
[Coach] >>> TEST  @Epoch: 200  >>> 
[Wall TIME] >>> ChiefCoach.train takes 5.899003 seconds ...
[Coach] >>> TRAIN @Epoch: 201  >>>  || LOSS Avg: 0.07839
[Coach] >>> VALID @Epoch: 201  >>> 
[Coach] >>> TEST  @Epoch: 201  >>> 
[Wall TIME] >>> ChiefCoach.train takes 5.896426 seconds ...
[Coach] >>> TRAIN @Epoch: 202  >>>  || LOSS Avg: 0.07785
[Coach] >>> VALID @Epoch: 202  >>> 
[Coach] >>> TEST  @Epoch: 202  >>> 
[Wall TIME] >>> ChiefCoach.train takes 5.814612 seconds ...
[Coach] >>> TRAIN @Epoch: 203  >>>  || LOSS Avg: 0.07778
[Coach] >>> VALID @Epoch: 203  >>> 
[Coach] >>> TEST  @Epoch: 203  >>> 
[Wall TIME] >>> ChiefCoach.train takes 5.740499 seconds ...
[Coach] >>> TRAIN @Epoch: 204  >>>  || LOSS Avg: 0.07804
[Coach] >>> VALID @Epoch: 204  >>> 
[Coach] >>> TEST  @Epoch: 204  >>> 
[Wall TIME] >>> ChiefCoach.train takes 5.827332 seconds ...
[Wall TIME] >>> ChiefCoach.valid takes 1.703249 seconds ...
[Coach] >>> TRAIN @Epoch: 205  >>>  || LOSS Avg: 0.07805
[Coach] >>> VALID @Epoch: 205  >>>  || RECALL@1 Avg: 0.0133 || RECALL@10 Avg: 0.0722 || RECALL@20 Avg: 0.1086 || NDCG@10 Avg: 0.0386 || NDCG@20 Avg: 0.0478
[Coach] >>> TEST  @Epoch: 205  >>> 
[Wall TIME] >>> ChiefCoach.train takes 5.800573 seconds ...
[Coach] >>> TRAIN @Epoch: 206  >>>  || LOSS Avg: 0.07777
[Coach] >>> VALID @Epoch: 206  >>> 
[Coach] >>> TEST  @Epoch: 206  >>> 
[Wall TIME] >>> ChiefCoach.train takes 5.666628 seconds ...
[Coach] >>> TRAIN @Epoch: 207  >>>  || LOSS Avg: 0.07792
[Coach] >>> VALID @Epoch: 207  >>> 
[Coach] >>> TEST  @Epoch: 207  >>> 
[Wall TIME] >>> ChiefCoach.train takes 5.864905 seconds ...
[Coach] >>> TRAIN @Epoch: 208  >>>  || LOSS Avg: 0.07777
[Coach] >>> VALID @Epoch: 208  >>> 
[Coach] >>> TEST  @Epoch: 208  >>> 
[Wall TIME] >>> ChiefCoach.train takes 5.726336 seconds ...
[Coach] >>> TRAIN @Epoch: 209  >>>  || LOSS Avg: 0.07778
[Coach] >>> VALID @Epoch: 209  >>> 
[Coach] >>> TEST  @Epoch: 209  >>> 
[Wall TIME] >>> ChiefCoach.train takes 5.696909 seconds ...
[Wall TIME] >>> ChiefCoach.valid takes 1.703983 seconds ...
[Coach] >>> TRAIN @Epoch: 210  >>>  || LOSS Avg: 0.07795
[Coach] >>> VALID @Epoch: 210  >>>  || RECALL@1 Avg: 0.0138 || RECALL@10 Avg: 0.0720 || RECALL@20 Avg: 0.1078 || NDCG@10 Avg: 0.0387 || NDCG@20 Avg: 0.0478
[Coach] >>> TEST  @Epoch: 210  >>> 
[Wall TIME] >>> ChiefCoach.train takes 6.662340 seconds ...
[Coach] >>> TRAIN @Epoch: 211  >>>  || LOSS Avg: 0.07760
[Coach] >>> VALID @Epoch: 211  >>> 
[Coach] >>> TEST  @Epoch: 211  >>> 
[Wall TIME] >>> ChiefCoach.train takes 6.181950 seconds ...
[Coach] >>> TRAIN @Epoch: 212  >>>  || LOSS Avg: 0.07763
[Coach] >>> VALID @Epoch: 212  >>> 
[Coach] >>> TEST  @Epoch: 212  >>> 
[Wall TIME] >>> ChiefCoach.train takes 5.741816 seconds ...
[Coach] >>> TRAIN @Epoch: 213  >>>  || LOSS Avg: 0.07736
[Coach] >>> VALID @Epoch: 213  >>> 
[Coach] >>> TEST  @Epoch: 213  >>> 
[Wall TIME] >>> ChiefCoach.train takes 5.780594 seconds ...
[Coach] >>> TRAIN @Epoch: 214  >>>  || LOSS Avg: 0.07744
[Coach] >>> VALID @Epoch: 214  >>> 
[Coach] >>> TEST  @Epoch: 214  >>> 
[Wall TIME] >>> ChiefCoach.train takes 5.758094 seconds ...
[Wall TIME] >>> ChiefCoach.valid takes 1.774242 seconds ...
[Coach] >>> Better ***NDCG@20*** of ***0.0479*** 
[Coach] >>> TRAIN @Epoch: 215  >>>  || LOSS Avg: 0.07748
[Coach] >>> VALID @Epoch: 215  >>>  || RECALL@1 Avg: 0.0138 || RECALL@10 Avg: 0.0726 || RECALL@20 Avg: 0.1081 || NDCG@10 Avg: 0.0389 || NDCG@20 Avg: 0.0479
[Coach] >>> TEST  @Epoch: 215  >>> 
[Wall TIME] >>> ChiefCoach.train takes 5.831178 seconds ...
[Coach] >>> TRAIN @Epoch: 216  >>>  || LOSS Avg: 0.07749
[Coach] >>> VALID @Epoch: 216  >>> 
[Coach] >>> TEST  @Epoch: 216  >>> 
[Wall TIME] >>> ChiefCoach.train takes 5.711862 seconds ...
[Coach] >>> TRAIN @Epoch: 217  >>>  || LOSS Avg: 0.07753
[Coach] >>> VALID @Epoch: 217  >>> 
[Coach] >>> TEST  @Epoch: 217  >>> 
[Wall TIME] >>> ChiefCoach.train takes 5.690890 seconds ...
[Coach] >>> TRAIN @Epoch: 218  >>>  || LOSS Avg: 0.07730
[Coach] >>> VALID @Epoch: 218  >>> 
[Coach] >>> TEST  @Epoch: 218  >>> 
[Wall TIME] >>> ChiefCoach.train takes 5.729443 seconds ...
[Coach] >>> TRAIN @Epoch: 219  >>>  || LOSS Avg: 0.07716
[Coach] >>> VALID @Epoch: 219  >>> 
[Coach] >>> TEST  @Epoch: 219  >>> 
[Wall TIME] >>> ChiefCoach.train takes 5.773983 seconds ...
[Wall TIME] >>> ChiefCoach.valid takes 1.761927 seconds ...
[Coach] >>> TRAIN @Epoch: 220  >>>  || LOSS Avg: 0.07714
[Coach] >>> VALID @Epoch: 220  >>>  || RECALL@1 Avg: 0.0138 || RECALL@10 Avg: 0.0726 || RECALL@20 Avg: 0.1077 || NDCG@10 Avg: 0.0389 || NDCG@20 Avg: 0.0478
[Coach] >>> TEST  @Epoch: 220  >>> 
[Wall TIME] >>> ChiefCoach.train takes 5.690292 seconds ...
[Coach] >>> TRAIN @Epoch: 221  >>>  || LOSS Avg: 0.07733
[Coach] >>> VALID @Epoch: 221  >>> 
[Coach] >>> TEST  @Epoch: 221  >>> 
[Wall TIME] >>> ChiefCoach.train takes 5.773326 seconds ...
[Coach] >>> TRAIN @Epoch: 222  >>>  || LOSS Avg: 0.07724
[Coach] >>> VALID @Epoch: 222  >>> 
[Coach] >>> TEST  @Epoch: 222  >>> 
[Wall TIME] >>> ChiefCoach.train takes 5.701595 seconds ...
[Coach] >>> TRAIN @Epoch: 223  >>>  || LOSS Avg: 0.07687
[Coach] >>> VALID @Epoch: 223  >>> 
[Coach] >>> TEST  @Epoch: 223  >>> 
[Wall TIME] >>> ChiefCoach.train takes 5.811193 seconds ...
[Coach] >>> TRAIN @Epoch: 224  >>>  || LOSS Avg: 0.07695
[Coach] >>> VALID @Epoch: 224  >>> 
[Coach] >>> TEST  @Epoch: 224  >>> 
[Wall TIME] >>> ChiefCoach.train takes 6.003479 seconds ...
[Wall TIME] >>> ChiefCoach.valid takes 1.703228 seconds ...
[Coach] >>> TRAIN @Epoch: 225  >>>  || LOSS Avg: 0.07700
[Coach] >>> VALID @Epoch: 225  >>>  || RECALL@1 Avg: 0.0137 || RECALL@10 Avg: 0.0718 || RECALL@20 Avg: 0.1071 || NDCG@10 Avg: 0.0387 || NDCG@20 Avg: 0.0477
[Coach] >>> TEST  @Epoch: 225  >>> 
[Wall TIME] >>> ChiefCoach.train takes 6.603775 seconds ...
[Coach] >>> TRAIN @Epoch: 226  >>>  || LOSS Avg: 0.07710
[Coach] >>> VALID @Epoch: 226  >>> 
[Coach] >>> TEST  @Epoch: 226  >>> 
[Wall TIME] >>> ChiefCoach.train takes 5.733587 seconds ...
[Coach] >>> TRAIN @Epoch: 227  >>>  || LOSS Avg: 0.07703
[Coach] >>> VALID @Epoch: 227  >>> 
[Coach] >>> TEST  @Epoch: 227  >>> 
[Wall TIME] >>> ChiefCoach.train takes 5.801999 seconds ...
[Coach] >>> TRAIN @Epoch: 228  >>>  || LOSS Avg: 0.07707
[Coach] >>> VALID @Epoch: 228  >>> 
[Coach] >>> TEST  @Epoch: 228  >>> 
[Wall TIME] >>> ChiefCoach.train takes 5.724207 seconds ...
[Coach] >>> TRAIN @Epoch: 229  >>>  || LOSS Avg: 0.07652
[Coach] >>> VALID @Epoch: 229  >>> 
[Coach] >>> TEST  @Epoch: 229  >>> 
[Wall TIME] >>> ChiefCoach.train takes 5.755607 seconds ...
[Wall TIME] >>> ChiefCoach.valid takes 1.737411 seconds ...
[Coach] >>> TRAIN @Epoch: 230  >>>  || LOSS Avg: 0.07703
[Coach] >>> VALID @Epoch: 230  >>>  || RECALL@1 Avg: 0.0139 || RECALL@10 Avg: 0.0723 || RECALL@20 Avg: 0.1074 || NDCG@10 Avg: 0.0388 || NDCG@20 Avg: 0.0477
[Coach] >>> TEST  @Epoch: 230  >>> 
[Wall TIME] >>> ChiefCoach.train takes 5.673744 seconds ...
[Coach] >>> TRAIN @Epoch: 231  >>>  || LOSS Avg: 0.07673
[Coach] >>> VALID @Epoch: 231  >>> 
[Coach] >>> TEST  @Epoch: 231  >>> 
[Wall TIME] >>> ChiefCoach.train takes 5.688624 seconds ...
[Coach] >>> TRAIN @Epoch: 232  >>>  || LOSS Avg: 0.07676
[Coach] >>> VALID @Epoch: 232  >>> 
[Coach] >>> TEST  @Epoch: 232  >>> 
[Wall TIME] >>> ChiefCoach.train takes 5.731113 seconds ...
[Coach] >>> TRAIN @Epoch: 233  >>>  || LOSS Avg: 0.07688
[Coach] >>> VALID @Epoch: 233  >>> 
[Coach] >>> TEST  @Epoch: 233  >>> 
[Wall TIME] >>> ChiefCoach.train takes 5.734523 seconds ...
[Coach] >>> TRAIN @Epoch: 234  >>>  || LOSS Avg: 0.07673
[Coach] >>> VALID @Epoch: 234  >>> 
[Coach] >>> TEST  @Epoch: 234  >>> 
[Wall TIME] >>> ChiefCoach.train takes 5.688362 seconds ...
[Wall TIME] >>> ChiefCoach.valid takes 1.721142 seconds ...
[Coach] >>> Better ***NDCG@20*** of ***0.0480*** 
[Coach] >>> TRAIN @Epoch: 235  >>>  || LOSS Avg: 0.07678
[Coach] >>> VALID @Epoch: 235  >>>  || RECALL@1 Avg: 0.0137 || RECALL@10 Avg: 0.0723 || RECALL@20 Avg: 0.1082 || NDCG@10 Avg: 0.0389 || NDCG@20 Avg: 0.0480
[Coach] >>> TEST  @Epoch: 235  >>> 
[Wall TIME] >>> ChiefCoach.train takes 5.804846 seconds ...
[Coach] >>> TRAIN @Epoch: 236  >>>  || LOSS Avg: 0.07687
[Coach] >>> VALID @Epoch: 236  >>> 
[Coach] >>> TEST  @Epoch: 236  >>> 
[Wall TIME] >>> ChiefCoach.train takes 5.726527 seconds ...
[Coach] >>> TRAIN @Epoch: 237  >>>  || LOSS Avg: 0.07661
[Coach] >>> VALID @Epoch: 237  >>> 
[Coach] >>> TEST  @Epoch: 237  >>> 
[Wall TIME] >>> ChiefCoach.train takes 5.716739 seconds ...
[Coach] >>> TRAIN @Epoch: 238  >>>  || LOSS Avg: 0.07648
[Coach] >>> VALID @Epoch: 238  >>> 
[Coach] >>> TEST  @Epoch: 238  >>> 
[Wall TIME] >>> ChiefCoach.train takes 5.693118 seconds ...
[Coach] >>> TRAIN @Epoch: 239  >>>  || LOSS Avg: 0.07626
[Coach] >>> VALID @Epoch: 239  >>> 
[Coach] >>> TEST  @Epoch: 239  >>> 
[Wall TIME] >>> ChiefCoach.train takes 7.087379 seconds ...
[Wall TIME] >>> ChiefCoach.valid takes 1.737630 seconds ...
[Coach] >>> Better ***NDCG@20*** of ***0.0481*** 
[Coach] >>> TRAIN @Epoch: 240  >>>  || LOSS Avg: 0.07622
[Coach] >>> VALID @Epoch: 240  >>>  || RECALL@1 Avg: 0.0139 || RECALL@10 Avg: 0.0732 || RECALL@20 Avg: 0.1086 || NDCG@10 Avg: 0.0391 || NDCG@20 Avg: 0.0481
[Coach] >>> TEST  @Epoch: 240  >>> 
[Wall TIME] >>> ChiefCoach.train takes 5.764528 seconds ...
[Coach] >>> TRAIN @Epoch: 241  >>>  || LOSS Avg: 0.07643
[Coach] >>> VALID @Epoch: 241  >>> 
[Coach] >>> TEST  @Epoch: 241  >>> 
[Wall TIME] >>> ChiefCoach.train takes 5.702247 seconds ...
[Coach] >>> TRAIN @Epoch: 242  >>>  || LOSS Avg: 0.07649
[Coach] >>> VALID @Epoch: 242  >>> 
[Coach] >>> TEST  @Epoch: 242  >>> 
[Wall TIME] >>> ChiefCoach.train takes 5.836066 seconds ...
[Coach] >>> TRAIN @Epoch: 243  >>>  || LOSS Avg: 0.07622
[Coach] >>> VALID @Epoch: 243  >>> 
[Coach] >>> TEST  @Epoch: 243  >>> 
[Wall TIME] >>> ChiefCoach.train takes 5.775861 seconds ...
[Coach] >>> TRAIN @Epoch: 244  >>>  || LOSS Avg: 0.07618
[Coach] >>> VALID @Epoch: 244  >>> 
[Coach] >>> TEST  @Epoch: 244  >>> 
[Wall TIME] >>> ChiefCoach.train takes 5.746894 seconds ...
[Wall TIME] >>> ChiefCoach.valid takes 1.743201 seconds ...
[Coach] >>> TRAIN @Epoch: 245  >>>  || LOSS Avg: 0.07610
[Coach] >>> VALID @Epoch: 245  >>>  || RECALL@1 Avg: 0.0135 || RECALL@10 Avg: 0.0725 || RECALL@20 Avg: 0.1085 || NDCG@10 Avg: 0.0387 || NDCG@20 Avg: 0.0479
[Coach] >>> TEST  @Epoch: 245  >>> 
[Wall TIME] >>> ChiefCoach.train takes 5.677412 seconds ...
[Coach] >>> TRAIN @Epoch: 246  >>>  || LOSS Avg: 0.07650
[Coach] >>> VALID @Epoch: 246  >>> 
[Coach] >>> TEST  @Epoch: 246  >>> 
[Wall TIME] >>> ChiefCoach.train takes 5.786025 seconds ...
[Coach] >>> TRAIN @Epoch: 247  >>>  || LOSS Avg: 0.07610
[Coach] >>> VALID @Epoch: 247  >>> 
[Coach] >>> TEST  @Epoch: 247  >>> 
[Wall TIME] >>> ChiefCoach.train takes 5.747300 seconds ...
[Coach] >>> TRAIN @Epoch: 248  >>>  || LOSS Avg: 0.07652
[Coach] >>> VALID @Epoch: 248  >>> 
[Coach] >>> TEST  @Epoch: 248  >>> 
[Wall TIME] >>> ChiefCoach.train takes 5.749969 seconds ...
[Coach] >>> TRAIN @Epoch: 249  >>>  || LOSS Avg: 0.07608
[Coach] >>> VALID @Epoch: 249  >>> 
[Coach] >>> TEST  @Epoch: 249  >>> 
[Wall TIME] >>> ChiefCoach.train takes 6.202813 seconds ...
[Wall TIME] >>> ChiefCoach.valid takes 1.820597 seconds ...
[Coach] >>> TRAIN @Epoch: 250  >>>  || LOSS Avg: 0.07622
[Coach] >>> VALID @Epoch: 250  >>>  || RECALL@1 Avg: 0.0137 || RECALL@10 Avg: 0.0727 || RECALL@20 Avg: 0.1089 || NDCG@10 Avg: 0.0389 || NDCG@20 Avg: 0.0481
[Coach] >>> TEST  @Epoch: 250  >>> 
[Wall TIME] >>> ChiefCoach.train takes 6.278019 seconds ...
[Coach] >>> TRAIN @Epoch: 251  >>>  || LOSS Avg: 0.07601
[Coach] >>> VALID @Epoch: 251  >>> 
[Coach] >>> TEST  @Epoch: 251  >>> 
[Wall TIME] >>> ChiefCoach.train takes 6.153161 seconds ...
[Coach] >>> TRAIN @Epoch: 252  >>>  || LOSS Avg: 0.07595
[Coach] >>> VALID @Epoch: 252  >>> 
[Coach] >>> TEST  @Epoch: 252  >>> 
[Wall TIME] >>> ChiefCoach.train takes 5.982080 seconds ...
[Coach] >>> TRAIN @Epoch: 253  >>>  || LOSS Avg: 0.07575
[Coach] >>> VALID @Epoch: 253  >>> 
[Coach] >>> TEST  @Epoch: 253  >>> 
[Wall TIME] >>> ChiefCoach.train takes 7.427708 seconds ...
[Coach] >>> TRAIN @Epoch: 254  >>>  || LOSS Avg: 0.07591
[Coach] >>> VALID @Epoch: 254  >>> 
[Coach] >>> TEST  @Epoch: 254  >>> 
[Wall TIME] >>> ChiefCoach.train takes 6.201124 seconds ...
[Wall TIME] >>> ChiefCoach.valid takes 1.791662 seconds ...
[Coach] >>> TRAIN @Epoch: 255  >>>  || LOSS Avg: 0.07577
[Coach] >>> VALID @Epoch: 255  >>>  || RECALL@1 Avg: 0.0137 || RECALL@10 Avg: 0.0726 || RECALL@20 Avg: 0.1084 || NDCG@10 Avg: 0.0389 || NDCG@20 Avg: 0.0480
[Coach] >>> TEST  @Epoch: 255  >>> 
[Wall TIME] >>> ChiefCoach.train takes 5.856808 seconds ...
[Coach] >>> TRAIN @Epoch: 256  >>>  || LOSS Avg: 0.07585
[Coach] >>> VALID @Epoch: 256  >>> 
[Coach] >>> TEST  @Epoch: 256  >>> 
[Wall TIME] >>> ChiefCoach.train takes 5.892571 seconds ...
[Coach] >>> TRAIN @Epoch: 257  >>>  || LOSS Avg: 0.07548
[Coach] >>> VALID @Epoch: 257  >>> 
[Coach] >>> TEST  @Epoch: 257  >>> 
[Wall TIME] >>> ChiefCoach.train takes 5.827463 seconds ...
[Coach] >>> TRAIN @Epoch: 258  >>>  || LOSS Avg: 0.07577
[Coach] >>> VALID @Epoch: 258  >>> 
[Coach] >>> TEST  @Epoch: 258  >>> 
[Wall TIME] >>> ChiefCoach.train takes 5.783585 seconds ...
[Coach] >>> TRAIN @Epoch: 259  >>>  || LOSS Avg: 0.07580
[Coach] >>> VALID @Epoch: 259  >>> 
[Coach] >>> TEST  @Epoch: 259  >>> 
[Wall TIME] >>> ChiefCoach.train takes 5.863997 seconds ...
[Wall TIME] >>> ChiefCoach.valid takes 1.743613 seconds ...
[Coach] >>> TRAIN @Epoch: 260  >>>  || LOSS Avg: 0.07564
[Coach] >>> VALID @Epoch: 260  >>>  || RECALL@1 Avg: 0.0139 || RECALL@10 Avg: 0.0714 || RECALL@20 Avg: 0.1085 || NDCG@10 Avg: 0.0386 || NDCG@20 Avg: 0.0480
[Coach] >>> TEST  @Epoch: 260  >>> 
[Wall TIME] >>> ChiefCoach.train takes 5.916655 seconds ...
[Coach] >>> TRAIN @Epoch: 261  >>>  || LOSS Avg: 0.07547
[Coach] >>> VALID @Epoch: 261  >>> 
[Coach] >>> TEST  @Epoch: 261  >>> 
[Wall TIME] >>> ChiefCoach.train takes 5.784467 seconds ...
[Coach] >>> TRAIN @Epoch: 262  >>>  || LOSS Avg: 0.07557
[Coach] >>> VALID @Epoch: 262  >>> 
[Coach] >>> TEST  @Epoch: 262  >>> 
[Wall TIME] >>> ChiefCoach.train takes 5.797772 seconds ...
[Coach] >>> TRAIN @Epoch: 263  >>>  || LOSS Avg: 0.07559
[Coach] >>> VALID @Epoch: 263  >>> 
[Coach] >>> TEST  @Epoch: 263  >>> 
[Wall TIME] >>> ChiefCoach.train takes 5.665534 seconds ...
[Coach] >>> TRAIN @Epoch: 264  >>>  || LOSS Avg: 0.07579
[Coach] >>> VALID @Epoch: 264  >>> 
[Coach] >>> TEST  @Epoch: 264  >>> 
[Wall TIME] >>> ChiefCoach.train takes 5.800286 seconds ...
[Wall TIME] >>> ChiefCoach.valid takes 1.815782 seconds ...
[Coach] >>> TRAIN @Epoch: 265  >>>  || LOSS Avg: 0.07575
[Coach] >>> VALID @Epoch: 265  >>>  || RECALL@1 Avg: 0.0143 || RECALL@10 Avg: 0.0722 || RECALL@20 Avg: 0.1079 || NDCG@10 Avg: 0.0389 || NDCG@20 Avg: 0.0480
[Coach] >>> TEST  @Epoch: 265  >>> 
[Wall TIME] >>> ChiefCoach.train takes 5.726079 seconds ...
[Coach] >>> TRAIN @Epoch: 266  >>>  || LOSS Avg: 0.07544
[Coach] >>> VALID @Epoch: 266  >>> 
[Coach] >>> TEST  @Epoch: 266  >>> 
[Wall TIME] >>> ChiefCoach.train takes 5.757926 seconds ...
[Coach] >>> TRAIN @Epoch: 267  >>>  || LOSS Avg: 0.07540
[Coach] >>> VALID @Epoch: 267  >>> 
[Coach] >>> TEST  @Epoch: 267  >>> 
[Wall TIME] >>> ChiefCoach.train takes 6.347197 seconds ...
[Coach] >>> TRAIN @Epoch: 268  >>>  || LOSS Avg: 0.07521
[Coach] >>> VALID @Epoch: 268  >>> 
[Coach] >>> TEST  @Epoch: 268  >>> 
[Wall TIME] >>> ChiefCoach.train takes 6.355884 seconds ...
[Coach] >>> TRAIN @Epoch: 269  >>>  || LOSS Avg: 0.07556
[Coach] >>> VALID @Epoch: 269  >>> 
[Coach] >>> TEST  @Epoch: 269  >>> 
[Wall TIME] >>> ChiefCoach.train takes 5.829611 seconds ...
[Wall TIME] >>> ChiefCoach.valid takes 1.753976 seconds ...
[Coach] >>> Better ***NDCG@20*** of ***0.0484*** 
[Coach] >>> TRAIN @Epoch: 270  >>>  || LOSS Avg: 0.07566
[Coach] >>> VALID @Epoch: 270  >>>  || RECALL@1 Avg: 0.0145 || RECALL@10 Avg: 0.0726 || RECALL@20 Avg: 0.1088 || NDCG@10 Avg: 0.0392 || NDCG@20 Avg: 0.0484
[Coach] >>> TEST  @Epoch: 270  >>> 
[Wall TIME] >>> ChiefCoach.train takes 5.816604 seconds ...
[Coach] >>> TRAIN @Epoch: 271  >>>  || LOSS Avg: 0.07515
[Coach] >>> VALID @Epoch: 271  >>> 
[Coach] >>> TEST  @Epoch: 271  >>> 
[Wall TIME] >>> ChiefCoach.train takes 5.731201 seconds ...
[Coach] >>> TRAIN @Epoch: 272  >>>  || LOSS Avg: 0.07542
[Coach] >>> VALID @Epoch: 272  >>> 
[Coach] >>> TEST  @Epoch: 272  >>> 
[Wall TIME] >>> ChiefCoach.train takes 5.710457 seconds ...
[Coach] >>> TRAIN @Epoch: 273  >>>  || LOSS Avg: 0.07510
[Coach] >>> VALID @Epoch: 273  >>> 
[Coach] >>> TEST  @Epoch: 273  >>> 
[Wall TIME] >>> ChiefCoach.train takes 5.650783 seconds ...
[Coach] >>> TRAIN @Epoch: 274  >>>  || LOSS Avg: 0.07529
[Coach] >>> VALID @Epoch: 274  >>> 
[Coach] >>> TEST  @Epoch: 274  >>> 
[Wall TIME] >>> ChiefCoach.train takes 5.661291 seconds ...
[Wall TIME] >>> ChiefCoach.valid takes 1.717809 seconds ...
[Coach] >>> TRAIN @Epoch: 275  >>>  || LOSS Avg: 0.07533
[Coach] >>> VALID @Epoch: 275  >>>  || RECALL@1 Avg: 0.0144 || RECALL@10 Avg: 0.0729 || RECALL@20 Avg: 0.1083 || NDCG@10 Avg: 0.0393 || NDCG@20 Avg: 0.0483
[Coach] >>> TEST  @Epoch: 275  >>> 
[Wall TIME] >>> ChiefCoach.train takes 5.669788 seconds ...
[Coach] >>> TRAIN @Epoch: 276  >>>  || LOSS Avg: 0.07535
[Coach] >>> VALID @Epoch: 276  >>> 
[Coach] >>> TEST  @Epoch: 276  >>> 
[Wall TIME] >>> ChiefCoach.train takes 5.647568 seconds ...
[Coach] >>> TRAIN @Epoch: 277  >>>  || LOSS Avg: 0.07533
[Coach] >>> VALID @Epoch: 277  >>> 
[Coach] >>> TEST  @Epoch: 277  >>> 
[Wall TIME] >>> ChiefCoach.train takes 5.704254 seconds ...
[Coach] >>> TRAIN @Epoch: 278  >>>  || LOSS Avg: 0.07503
[Coach] >>> VALID @Epoch: 278  >>> 
[Coach] >>> TEST  @Epoch: 278  >>> 
[Wall TIME] >>> ChiefCoach.train takes 5.766979 seconds ...
[Coach] >>> TRAIN @Epoch: 279  >>>  || LOSS Avg: 0.07522
[Coach] >>> VALID @Epoch: 279  >>> 
[Coach] >>> TEST  @Epoch: 279  >>> 
[Wall TIME] >>> ChiefCoach.train takes 5.768296 seconds ...
[Wall TIME] >>> ChiefCoach.valid takes 1.771638 seconds ...
[Coach] >>> TRAIN @Epoch: 280  >>>  || LOSS Avg: 0.07517
[Coach] >>> VALID @Epoch: 280  >>>  || RECALL@1 Avg: 0.0142 || RECALL@10 Avg: 0.0727 || RECALL@20 Avg: 0.1087 || NDCG@10 Avg: 0.0392 || NDCG@20 Avg: 0.0483
[Coach] >>> TEST  @Epoch: 280  >>> 
[Wall TIME] >>> ChiefCoach.train takes 5.642300 seconds ...
[Coach] >>> TRAIN @Epoch: 281  >>>  || LOSS Avg: 0.07511
[Coach] >>> VALID @Epoch: 281  >>> 
[Coach] >>> TEST  @Epoch: 281  >>> 
[Wall TIME] >>> ChiefCoach.train takes 5.745619 seconds ...
[Coach] >>> TRAIN @Epoch: 282  >>>  || LOSS Avg: 0.07509
[Coach] >>> VALID @Epoch: 282  >>> 
[Coach] >>> TEST  @Epoch: 282  >>> 
[Wall TIME] >>> ChiefCoach.train takes 6.789780 seconds ...
[Coach] >>> TRAIN @Epoch: 283  >>>  || LOSS Avg: 0.07529
[Coach] >>> VALID @Epoch: 283  >>> 
[Coach] >>> TEST  @Epoch: 283  >>> 
[Wall TIME] >>> ChiefCoach.train takes 5.661331 seconds ...
[Coach] >>> TRAIN @Epoch: 284  >>>  || LOSS Avg: 0.07478
[Coach] >>> VALID @Epoch: 284  >>> 
[Coach] >>> TEST  @Epoch: 284  >>> 
[Wall TIME] >>> ChiefCoach.train takes 5.726755 seconds ...
[Wall TIME] >>> ChiefCoach.valid takes 1.748996 seconds ...
[Coach] >>> Better ***NDCG@20*** of ***0.0484*** 
[Coach] >>> TRAIN @Epoch: 285  >>>  || LOSS Avg: 0.07523
[Coach] >>> VALID @Epoch: 285  >>>  || RECALL@1 Avg: 0.0142 || RECALL@10 Avg: 0.0727 || RECALL@20 Avg: 0.1088 || NDCG@10 Avg: 0.0392 || NDCG@20 Avg: 0.0484
[Coach] >>> TEST  @Epoch: 285  >>> 
[Wall TIME] >>> ChiefCoach.train takes 5.769845 seconds ...
[Coach] >>> TRAIN @Epoch: 286  >>>  || LOSS Avg: 0.07476
[Coach] >>> VALID @Epoch: 286  >>> 
[Coach] >>> TEST  @Epoch: 286  >>> 
[Wall TIME] >>> ChiefCoach.train takes 5.730333 seconds ...
[Coach] >>> TRAIN @Epoch: 287  >>>  || LOSS Avg: 0.07475
[Coach] >>> VALID @Epoch: 287  >>> 
[Coach] >>> TEST  @Epoch: 287  >>> 
[Wall TIME] >>> ChiefCoach.train takes 5.728826 seconds ...
[Coach] >>> TRAIN @Epoch: 288  >>>  || LOSS Avg: 0.07504
[Coach] >>> VALID @Epoch: 288  >>> 
[Coach] >>> TEST  @Epoch: 288  >>> 
[Wall TIME] >>> ChiefCoach.train takes 5.765069 seconds ...
[Coach] >>> TRAIN @Epoch: 289  >>>  || LOSS Avg: 0.07470
[Coach] >>> VALID @Epoch: 289  >>> 
[Coach] >>> TEST  @Epoch: 289  >>> 
[Wall TIME] >>> ChiefCoach.train takes 5.705183 seconds ...
[Wall TIME] >>> ChiefCoach.valid takes 1.751568 seconds ...
[Coach] >>> TRAIN @Epoch: 290  >>>  || LOSS Avg: 0.07488
[Coach] >>> VALID @Epoch: 290  >>>  || RECALL@1 Avg: 0.0138 || RECALL@10 Avg: 0.0729 || RECALL@20 Avg: 0.1084 || NDCG@10 Avg: 0.0391 || NDCG@20 Avg: 0.0481
[Coach] >>> TEST  @Epoch: 290  >>> 
[Wall TIME] >>> ChiefCoach.train takes 5.753086 seconds ...
[Coach] >>> TRAIN @Epoch: 291  >>>  || LOSS Avg: 0.07481
[Coach] >>> VALID @Epoch: 291  >>> 
[Coach] >>> TEST  @Epoch: 291  >>> 
[Wall TIME] >>> ChiefCoach.train takes 5.715813 seconds ...
[Coach] >>> TRAIN @Epoch: 292  >>>  || LOSS Avg: 0.07494
[Coach] >>> VALID @Epoch: 292  >>> 
[Coach] >>> TEST  @Epoch: 292  >>> 
[Wall TIME] >>> ChiefCoach.train takes 5.694135 seconds ...
[Coach] >>> TRAIN @Epoch: 293  >>>  || LOSS Avg: 0.07494
[Coach] >>> VALID @Epoch: 293  >>> 
[Coach] >>> TEST  @Epoch: 293  >>> 
[Wall TIME] >>> ChiefCoach.train takes 5.706005 seconds ...
[Coach] >>> TRAIN @Epoch: 294  >>>  || LOSS Avg: 0.07474
[Coach] >>> VALID @Epoch: 294  >>> 
[Coach] >>> TEST  @Epoch: 294  >>> 
[Wall TIME] >>> ChiefCoach.train takes 5.788749 seconds ...
[Wall TIME] >>> ChiefCoach.valid takes 1.733933 seconds ...
[Coach] >>> Better ***NDCG@20*** of ***0.0484*** 
[Coach] >>> TRAIN @Epoch: 295  >>>  || LOSS Avg: 0.07479
[Coach] >>> VALID @Epoch: 295  >>>  || RECALL@1 Avg: 0.0142 || RECALL@10 Avg: 0.0727 || RECALL@20 Avg: 0.1088 || NDCG@10 Avg: 0.0392 || NDCG@20 Avg: 0.0484
[Coach] >>> TEST  @Epoch: 295  >>> 
[Wall TIME] >>> ChiefCoach.train takes 5.736410 seconds ...
[Coach] >>> TRAIN @Epoch: 296  >>>  || LOSS Avg: 0.07478
[Coach] >>> VALID @Epoch: 296  >>> 
[Coach] >>> TEST  @Epoch: 296  >>> 
[Wall TIME] >>> ChiefCoach.train takes 6.858394 seconds ...
[Coach] >>> TRAIN @Epoch: 297  >>>  || LOSS Avg: 0.07481
[Coach] >>> VALID @Epoch: 297  >>> 
[Coach] >>> TEST  @Epoch: 297  >>> 
[Wall TIME] >>> ChiefCoach.train takes 5.754520 seconds ...
[Coach] >>> TRAIN @Epoch: 298  >>>  || LOSS Avg: 0.07470
[Coach] >>> VALID @Epoch: 298  >>> 
[Coach] >>> TEST  @Epoch: 298  >>> 
[Wall TIME] >>> ChiefCoach.train takes 5.689184 seconds ...
[Coach] >>> TRAIN @Epoch: 299  >>>  || LOSS Avg: 0.07492
[Coach] >>> VALID @Epoch: 299  >>> 
[Coach] >>> TEST  @Epoch: 299  >>> 
[Wall TIME] >>> ChiefCoach.train takes 5.869521 seconds ...
[Wall TIME] >>> ChiefCoach.valid takes 1.793665 seconds ...
[Coach] >>> TRAIN @Epoch: 300  >>>  || LOSS Avg: 0.07449
[Coach] >>> VALID @Epoch: 300  >>>  || RECALL@1 Avg: 0.0139 || RECALL@10 Avg: 0.0729 || RECALL@20 Avg: 0.1088 || NDCG@10 Avg: 0.0392 || NDCG@20 Avg: 0.0483
[Coach] >>> TEST  @Epoch: 300  >>> 
[Wall TIME] >>> ChiefCoach.train takes 5.863159 seconds ...
[Coach] >>> TRAIN @Epoch: 301  >>>  || LOSS Avg: 0.07473
[Coach] >>> VALID @Epoch: 301  >>> 
[Coach] >>> TEST  @Epoch: 301  >>> 
[Wall TIME] >>> ChiefCoach.train takes 5.751087 seconds ...
[Coach] >>> TRAIN @Epoch: 302  >>>  || LOSS Avg: 0.07458
[Coach] >>> VALID @Epoch: 302  >>> 
[Coach] >>> TEST  @Epoch: 302  >>> 
[Wall TIME] >>> ChiefCoach.train takes 5.768976 seconds ...
[Coach] >>> TRAIN @Epoch: 303  >>>  || LOSS Avg: 0.07476
[Coach] >>> VALID @Epoch: 303  >>> 
[Coach] >>> TEST  @Epoch: 303  >>> 
[Wall TIME] >>> ChiefCoach.train takes 5.752806 seconds ...
[Coach] >>> TRAIN @Epoch: 304  >>>  || LOSS Avg: 0.07456
[Coach] >>> VALID @Epoch: 304  >>> 
[Coach] >>> TEST  @Epoch: 304  >>> 
[Wall TIME] >>> ChiefCoach.train takes 5.716137 seconds ...
[Wall TIME] >>> ChiefCoach.valid takes 1.726239 seconds ...
[Coach] >>> TRAIN @Epoch: 305  >>>  || LOSS Avg: 0.07481
[Coach] >>> VALID @Epoch: 305  >>>  || RECALL@1 Avg: 0.0138 || RECALL@10 Avg: 0.0729 || RECALL@20 Avg: 0.1085 || NDCG@10 Avg: 0.0392 || NDCG@20 Avg: 0.0483
[Coach] >>> TEST  @Epoch: 305  >>> 
[Wall TIME] >>> ChiefCoach.train takes 5.763872 seconds ...
[Coach] >>> TRAIN @Epoch: 306  >>>  || LOSS Avg: 0.07464
[Coach] >>> VALID @Epoch: 306  >>> 
[Coach] >>> TEST  @Epoch: 306  >>> 
[Wall TIME] >>> ChiefCoach.train takes 5.750167 seconds ...
[Coach] >>> TRAIN @Epoch: 307  >>>  || LOSS Avg: 0.07429
[Coach] >>> VALID @Epoch: 307  >>> 
[Coach] >>> TEST  @Epoch: 307  >>> 
[Wall TIME] >>> ChiefCoach.train takes 5.715042 seconds ...
[Coach] >>> TRAIN @Epoch: 308  >>>  || LOSS Avg: 0.07445
[Coach] >>> VALID @Epoch: 308  >>> 
[Coach] >>> TEST  @Epoch: 308  >>> 
[Wall TIME] >>> ChiefCoach.train takes 5.781130 seconds ...
[Coach] >>> TRAIN @Epoch: 309  >>>  || LOSS Avg: 0.07445
[Coach] >>> VALID @Epoch: 309  >>> 
[Coach] >>> TEST  @Epoch: 309  >>> 
[Wall TIME] >>> ChiefCoach.train takes 5.714606 seconds ...
[Wall TIME] >>> ChiefCoach.valid takes 1.762868 seconds ...
[Coach] >>> TRAIN @Epoch: 310  >>>  || LOSS Avg: 0.07434
[Coach] >>> VALID @Epoch: 310  >>>  || RECALL@1 Avg: 0.0140 || RECALL@10 Avg: 0.0730 || RECALL@20 Avg: 0.1085 || NDCG@10 Avg: 0.0393 || NDCG@20 Avg: 0.0484
[Coach] >>> TEST  @Epoch: 310  >>> 
[Wall TIME] >>> ChiefCoach.train takes 6.596169 seconds ...
[Coach] >>> TRAIN @Epoch: 311  >>>  || LOSS Avg: 0.07434
[Coach] >>> VALID @Epoch: 311  >>> 
[Coach] >>> TEST  @Epoch: 311  >>> 
[Wall TIME] >>> ChiefCoach.train takes 6.205205 seconds ...
[Coach] >>> TRAIN @Epoch: 312  >>>  || LOSS Avg: 0.07445
[Coach] >>> VALID @Epoch: 312  >>> 
[Coach] >>> TEST  @Epoch: 312  >>> 
[Wall TIME] >>> ChiefCoach.train takes 5.670522 seconds ...
[Coach] >>> TRAIN @Epoch: 313  >>>  || LOSS Avg: 0.07445
[Coach] >>> VALID @Epoch: 313  >>> 
[Coach] >>> TEST  @Epoch: 313  >>> 
[Wall TIME] >>> ChiefCoach.train takes 5.772234 seconds ...
[Coach] >>> TRAIN @Epoch: 314  >>>  || LOSS Avg: 0.07447
[Coach] >>> VALID @Epoch: 314  >>> 
[Coach] >>> TEST  @Epoch: 314  >>> 
[Wall TIME] >>> ChiefCoach.train takes 5.753126 seconds ...
[Wall TIME] >>> ChiefCoach.valid takes 1.701964 seconds ...
[Coach] >>> TRAIN @Epoch: 315  >>>  || LOSS Avg: 0.07418
[Coach] >>> VALID @Epoch: 315  >>>  || RECALL@1 Avg: 0.0140 || RECALL@10 Avg: 0.0722 || RECALL@20 Avg: 0.1084 || NDCG@10 Avg: 0.0392 || NDCG@20 Avg: 0.0484
[Coach] >>> TEST  @Epoch: 315  >>> 
[Wall TIME] >>> ChiefCoach.train takes 5.699920 seconds ...
[Coach] >>> TRAIN @Epoch: 316  >>>  || LOSS Avg: 0.07418
[Coach] >>> VALID @Epoch: 316  >>> 
[Coach] >>> TEST  @Epoch: 316  >>> 
[Wall TIME] >>> ChiefCoach.train takes 5.765607 seconds ...
[Coach] >>> TRAIN @Epoch: 317  >>>  || LOSS Avg: 0.07433
[Coach] >>> VALID @Epoch: 317  >>> 
[Coach] >>> TEST  @Epoch: 317  >>> 
[Wall TIME] >>> ChiefCoach.train takes 5.676428 seconds ...
[Coach] >>> TRAIN @Epoch: 318  >>>  || LOSS Avg: 0.07429
[Coach] >>> VALID @Epoch: 318  >>> 
[Coach] >>> TEST  @Epoch: 318  >>> 
[Wall TIME] >>> ChiefCoach.train takes 5.766819 seconds ...
[Coach] >>> TRAIN @Epoch: 319  >>>  || LOSS Avg: 0.07423
[Coach] >>> VALID @Epoch: 319  >>> 
[Coach] >>> TEST  @Epoch: 319  >>> 
[Wall TIME] >>> ChiefCoach.train takes 5.745505 seconds ...
[Wall TIME] >>> ChiefCoach.valid takes 1.736026 seconds ...
[Coach] >>> Better ***NDCG@20*** of ***0.0485*** 
[Coach] >>> TRAIN @Epoch: 320  >>>  || LOSS Avg: 0.07405
[Coach] >>> VALID @Epoch: 320  >>>  || RECALL@1 Avg: 0.0141 || RECALL@10 Avg: 0.0737 || RECALL@20 Avg: 0.1088 || NDCG@10 Avg: 0.0396 || NDCG@20 Avg: 0.0485
[Coach] >>> TEST  @Epoch: 320  >>> 
[Wall TIME] >>> ChiefCoach.train takes 5.675198 seconds ...
[Coach] >>> TRAIN @Epoch: 321  >>>  || LOSS Avg: 0.07406
[Coach] >>> VALID @Epoch: 321  >>> 
[Coach] >>> TEST  @Epoch: 321  >>> 
[Wall TIME] >>> ChiefCoach.train takes 5.750264 seconds ...
[Coach] >>> TRAIN @Epoch: 322  >>>  || LOSS Avg: 0.07409
[Coach] >>> VALID @Epoch: 322  >>> 
[Coach] >>> TEST  @Epoch: 322  >>> 
[Wall TIME] >>> ChiefCoach.train takes 5.701606 seconds ...
[Coach] >>> TRAIN @Epoch: 323  >>>  || LOSS Avg: 0.07414
[Coach] >>> VALID @Epoch: 323  >>> 
[Coach] >>> TEST  @Epoch: 323  >>> 
[Wall TIME] >>> ChiefCoach.train takes 5.822343 seconds ...
[Coach] >>> TRAIN @Epoch: 324  >>>  || LOSS Avg: 0.07399
[Coach] >>> VALID @Epoch: 324  >>> 
[Coach] >>> TEST  @Epoch: 324  >>> 
[Wall TIME] >>> ChiefCoach.train takes 6.043465 seconds ...
[Wall TIME] >>> ChiefCoach.valid takes 1.707118 seconds ...
[Coach] >>> Better ***NDCG@20*** of ***0.0485*** 
[Coach] >>> TRAIN @Epoch: 325  >>>  || LOSS Avg: 0.07400
[Coach] >>> VALID @Epoch: 325  >>>  || RECALL@1 Avg: 0.0138 || RECALL@10 Avg: 0.0733 || RECALL@20 Avg: 0.1091 || NDCG@10 Avg: 0.0394 || NDCG@20 Avg: 0.0485
[Coach] >>> TEST  @Epoch: 325  >>> 
[Wall TIME] >>> ChiefCoach.train takes 6.618535 seconds ...
[Coach] >>> TRAIN @Epoch: 326  >>>  || LOSS Avg: 0.07431
[Coach] >>> VALID @Epoch: 326  >>> 
[Coach] >>> TEST  @Epoch: 326  >>> 
[Wall TIME] >>> ChiefCoach.train takes 5.675434 seconds ...
[Coach] >>> TRAIN @Epoch: 327  >>>  || LOSS Avg: 0.07397
[Coach] >>> VALID @Epoch: 327  >>> 
[Coach] >>> TEST  @Epoch: 327  >>> 
[Wall TIME] >>> ChiefCoach.train takes 5.778579 seconds ...
[Coach] >>> TRAIN @Epoch: 328  >>>  || LOSS Avg: 0.07409
[Coach] >>> VALID @Epoch: 328  >>> 
[Coach] >>> TEST  @Epoch: 328  >>> 
[Wall TIME] >>> ChiefCoach.train takes 5.700312 seconds ...
[Coach] >>> TRAIN @Epoch: 329  >>>  || LOSS Avg: 0.07414
[Coach] >>> VALID @Epoch: 329  >>> 
[Coach] >>> TEST  @Epoch: 329  >>> 
[Wall TIME] >>> ChiefCoach.train takes 5.726725 seconds ...
[Wall TIME] >>> ChiefCoach.valid takes 1.744203 seconds ...
[Coach] >>> TRAIN @Epoch: 330  >>>  || LOSS Avg: 0.07394
[Coach] >>> VALID @Epoch: 330  >>>  || RECALL@1 Avg: 0.0139 || RECALL@10 Avg: 0.0725 || RECALL@20 Avg: 0.1081 || NDCG@10 Avg: 0.0392 || NDCG@20 Avg: 0.0483
[Coach] >>> TEST  @Epoch: 330  >>> 
[Wall TIME] >>> ChiefCoach.train takes 5.750056 seconds ...
[Coach] >>> TRAIN @Epoch: 331  >>>  || LOSS Avg: 0.07425
[Coach] >>> VALID @Epoch: 331  >>> 
[Coach] >>> TEST  @Epoch: 331  >>> 
[Wall TIME] >>> ChiefCoach.train takes 5.649757 seconds ...
[Coach] >>> TRAIN @Epoch: 332  >>>  || LOSS Avg: 0.07397
[Coach] >>> VALID @Epoch: 332  >>> 
[Coach] >>> TEST  @Epoch: 332  >>> 
[Wall TIME] >>> ChiefCoach.train takes 5.760082 seconds ...
[Coach] >>> TRAIN @Epoch: 333  >>>  || LOSS Avg: 0.07378
[Coach] >>> VALID @Epoch: 333  >>> 
[Coach] >>> TEST  @Epoch: 333  >>> 
[Wall TIME] >>> ChiefCoach.train takes 5.744537 seconds ...
[Coach] >>> TRAIN @Epoch: 334  >>>  || LOSS Avg: 0.07401
[Coach] >>> VALID @Epoch: 334  >>> 
[Coach] >>> TEST  @Epoch: 334  >>> 
[Wall TIME] >>> ChiefCoach.train takes 5.779855 seconds ...
[Wall TIME] >>> ChiefCoach.valid takes 1.753161 seconds ...
[Coach] >>> TRAIN @Epoch: 335  >>>  || LOSS Avg: 0.07402
[Coach] >>> VALID @Epoch: 335  >>>  || RECALL@1 Avg: 0.0138 || RECALL@10 Avg: 0.0726 || RECALL@20 Avg: 0.1073 || NDCG@10 Avg: 0.0392 || NDCG@20 Avg: 0.0480
[Coach] >>> TEST  @Epoch: 335  >>> 
[Wall TIME] >>> ChiefCoach.train takes 5.714613 seconds ...
[Coach] >>> TRAIN @Epoch: 336  >>>  || LOSS Avg: 0.07368
[Coach] >>> VALID @Epoch: 336  >>> 
[Coach] >>> TEST  @Epoch: 336  >>> 
[Wall TIME] >>> ChiefCoach.train takes 5.679535 seconds ...
[Coach] >>> TRAIN @Epoch: 337  >>>  || LOSS Avg: 0.07390
[Coach] >>> VALID @Epoch: 337  >>> 
[Coach] >>> TEST  @Epoch: 337  >>> 
[Wall TIME] >>> ChiefCoach.train takes 5.723406 seconds ...
[Coach] >>> TRAIN @Epoch: 338  >>>  || LOSS Avg: 0.07394
[Coach] >>> VALID @Epoch: 338  >>> 
[Coach] >>> TEST  @Epoch: 338  >>> 
[Wall TIME] >>> ChiefCoach.train takes 5.751750 seconds ...
[Coach] >>> TRAIN @Epoch: 339  >>>  || LOSS Avg: 0.07405
[Coach] >>> VALID @Epoch: 339  >>> 
[Coach] >>> TEST  @Epoch: 339  >>> 
[Wall TIME] >>> ChiefCoach.train takes 7.183760 seconds ...
[Wall TIME] >>> ChiefCoach.valid takes 1.719639 seconds ...
[Coach] >>> TRAIN @Epoch: 340  >>>  || LOSS Avg: 0.07366
[Coach] >>> VALID @Epoch: 340  >>>  || RECALL@1 Avg: 0.0140 || RECALL@10 Avg: 0.0730 || RECALL@20 Avg: 0.1079 || NDCG@10 Avg: 0.0394 || NDCG@20 Avg: 0.0483
[Coach] >>> TEST  @Epoch: 340  >>> 
[Wall TIME] >>> ChiefCoach.train takes 5.843312 seconds ...
[Coach] >>> TRAIN @Epoch: 341  >>>  || LOSS Avg: 0.07373
[Coach] >>> VALID @Epoch: 341  >>> 
[Coach] >>> TEST  @Epoch: 341  >>> 
[Wall TIME] >>> ChiefCoach.train takes 5.736142 seconds ...
[Coach] >>> TRAIN @Epoch: 342  >>>  || LOSS Avg: 0.07392
[Coach] >>> VALID @Epoch: 342  >>> 
[Coach] >>> TEST  @Epoch: 342  >>> 
[Wall TIME] >>> ChiefCoach.train takes 5.755577 seconds ...
[Coach] >>> TRAIN @Epoch: 343  >>>  || LOSS Avg: 0.07401
[Coach] >>> VALID @Epoch: 343  >>> 
[Coach] >>> TEST  @Epoch: 343  >>> 
[Wall TIME] >>> ChiefCoach.train takes 5.678761 seconds ...
[Coach] >>> TRAIN @Epoch: 344  >>>  || LOSS Avg: 0.07350
[Coach] >>> VALID @Epoch: 344  >>> 
[Coach] >>> TEST  @Epoch: 344  >>> 
[Wall TIME] >>> ChiefCoach.train takes 5.693476 seconds ...
[Wall TIME] >>> ChiefCoach.valid takes 1.727139 seconds ...
[Coach] >>> Better ***NDCG@20*** of ***0.0486*** 
[Coach] >>> TRAIN @Epoch: 345  >>>  || LOSS Avg: 0.07368
[Coach] >>> VALID @Epoch: 345  >>>  || RECALL@1 Avg: 0.0142 || RECALL@10 Avg: 0.0732 || RECALL@20 Avg: 0.1084 || NDCG@10 Avg: 0.0396 || NDCG@20 Avg: 0.0486
[Coach] >>> TEST  @Epoch: 345  >>> 
[Wall TIME] >>> ChiefCoach.train takes 5.729868 seconds ...
[Coach] >>> TRAIN @Epoch: 346  >>>  || LOSS Avg: 0.07382
[Coach] >>> VALID @Epoch: 346  >>> 
[Coach] >>> TEST  @Epoch: 346  >>> 
[Wall TIME] >>> ChiefCoach.train takes 5.690684 seconds ...
[Coach] >>> TRAIN @Epoch: 347  >>>  || LOSS Avg: 0.07362
[Coach] >>> VALID @Epoch: 347  >>> 
[Coach] >>> TEST  @Epoch: 347  >>> 
[Wall TIME] >>> ChiefCoach.train takes 5.742061 seconds ...
[Coach] >>> TRAIN @Epoch: 348  >>>  || LOSS Avg: 0.07396
[Coach] >>> VALID @Epoch: 348  >>> 
[Coach] >>> TEST  @Epoch: 348  >>> 
[Wall TIME] >>> ChiefCoach.train takes 5.856833 seconds ...
[Coach] >>> TRAIN @Epoch: 349  >>>  || LOSS Avg: 0.07393
[Coach] >>> VALID @Epoch: 349  >>> 
[Coach] >>> TEST  @Epoch: 349  >>> 
[Wall TIME] >>> ChiefCoach.train takes 5.797383 seconds ...
[Wall TIME] >>> ChiefCoach.valid takes 1.808759 seconds ...
[Coach] >>> TRAIN @Epoch: 350  >>>  || LOSS Avg: 0.07383
[Coach] >>> VALID @Epoch: 350  >>>  || RECALL@1 Avg: 0.0140 || RECALL@10 Avg: 0.0734 || RECALL@20 Avg: 0.1083 || NDCG@10 Avg: 0.0396 || NDCG@20 Avg: 0.0486
[Coach] >>> TEST  @Epoch: 350  >>> 
[Wall TIME] >>> ChiefCoach.train takes 5.752943 seconds ...
[Coach] >>> TRAIN @Epoch: 351  >>>  || LOSS Avg: 0.07370
[Coach] >>> VALID @Epoch: 351  >>> 
[Coach] >>> TEST  @Epoch: 351  >>> 
[Wall TIME] >>> ChiefCoach.train takes 5.773823 seconds ...
[Coach] >>> TRAIN @Epoch: 352  >>>  || LOSS Avg: 0.07350
[Coach] >>> VALID @Epoch: 352  >>> 
[Coach] >>> TEST  @Epoch: 352  >>> 
[Wall TIME] >>> ChiefCoach.train takes 5.732419 seconds ...
[Coach] >>> TRAIN @Epoch: 353  >>>  || LOSS Avg: 0.07367
[Coach] >>> VALID @Epoch: 353  >>> 
[Coach] >>> TEST  @Epoch: 353  >>> 
[Wall TIME] >>> ChiefCoach.train takes 6.964501 seconds ...
[Coach] >>> TRAIN @Epoch: 354  >>>  || LOSS Avg: 0.07387
[Coach] >>> VALID @Epoch: 354  >>> 
[Coach] >>> TEST  @Epoch: 354  >>> 
[Wall TIME] >>> ChiefCoach.train takes 5.724575 seconds ...
[Wall TIME] >>> ChiefCoach.valid takes 1.740170 seconds ...
[Coach] >>> Better ***NDCG@20*** of ***0.0488*** 
[Coach] >>> TRAIN @Epoch: 355  >>>  || LOSS Avg: 0.07346
[Coach] >>> VALID @Epoch: 355  >>>  || RECALL@1 Avg: 0.0140 || RECALL@10 Avg: 0.0741 || RECALL@20 Avg: 0.1092 || NDCG@10 Avg: 0.0399 || NDCG@20 Avg: 0.0488
[Coach] >>> TEST  @Epoch: 355  >>> 
[Wall TIME] >>> ChiefCoach.train takes 5.707388 seconds ...
[Coach] >>> TRAIN @Epoch: 356  >>>  || LOSS Avg: 0.07353
[Coach] >>> VALID @Epoch: 356  >>> 
[Coach] >>> TEST  @Epoch: 356  >>> 
[Wall TIME] >>> ChiefCoach.train takes 5.777279 seconds ...
[Coach] >>> TRAIN @Epoch: 357  >>>  || LOSS Avg: 0.07342
[Coach] >>> VALID @Epoch: 357  >>> 
[Coach] >>> TEST  @Epoch: 357  >>> 
[Wall TIME] >>> ChiefCoach.train takes 5.740853 seconds ...
[Coach] >>> TRAIN @Epoch: 358  >>>  || LOSS Avg: 0.07365
[Coach] >>> VALID @Epoch: 358  >>> 
[Coach] >>> TEST  @Epoch: 358  >>> 
[Wall TIME] >>> ChiefCoach.train takes 5.824589 seconds ...
[Coach] >>> TRAIN @Epoch: 359  >>>  || LOSS Avg: 0.07382
[Coach] >>> VALID @Epoch: 359  >>> 
[Coach] >>> TEST  @Epoch: 359  >>> 
[Wall TIME] >>> ChiefCoach.train takes 5.785998 seconds ...
[Wall TIME] >>> ChiefCoach.valid takes 1.728119 seconds ...
[Coach] >>> TRAIN @Epoch: 360  >>>  || LOSS Avg: 0.07349
[Coach] >>> VALID @Epoch: 360  >>>  || RECALL@1 Avg: 0.0140 || RECALL@10 Avg: 0.0739 || RECALL@20 Avg: 0.1088 || NDCG@10 Avg: 0.0397 || NDCG@20 Avg: 0.0486
[Coach] >>> TEST  @Epoch: 360  >>> 
[Wall TIME] >>> ChiefCoach.train takes 5.801290 seconds ...
[Coach] >>> TRAIN @Epoch: 361  >>>  || LOSS Avg: 0.07354
[Coach] >>> VALID @Epoch: 361  >>> 
[Coach] >>> TEST  @Epoch: 361  >>> 
[Wall TIME] >>> ChiefCoach.train takes 5.755267 seconds ...
[Coach] >>> TRAIN @Epoch: 362  >>>  || LOSS Avg: 0.07349
[Coach] >>> VALID @Epoch: 362  >>> 
[Coach] >>> TEST  @Epoch: 362  >>> 
[Wall TIME] >>> ChiefCoach.train takes 5.791591 seconds ...
[Coach] >>> TRAIN @Epoch: 363  >>>  || LOSS Avg: 0.07370
[Coach] >>> VALID @Epoch: 363  >>> 
[Coach] >>> TEST  @Epoch: 363  >>> 
[Wall TIME] >>> ChiefCoach.train takes 5.807930 seconds ...
[Coach] >>> TRAIN @Epoch: 364  >>>  || LOSS Avg: 0.07360
[Coach] >>> VALID @Epoch: 364  >>> 
[Coach] >>> TEST  @Epoch: 364  >>> 
[Wall TIME] >>> ChiefCoach.train takes 5.909885 seconds ...
[Wall TIME] >>> ChiefCoach.valid takes 1.731188 seconds ...
[Coach] >>> TRAIN @Epoch: 365  >>>  || LOSS Avg: 0.07327
[Coach] >>> VALID @Epoch: 365  >>>  || RECALL@1 Avg: 0.0140 || RECALL@10 Avg: 0.0735 || RECALL@20 Avg: 0.1089 || NDCG@10 Avg: 0.0395 || NDCG@20 Avg: 0.0485
[Coach] >>> TEST  @Epoch: 365  >>> 
[Wall TIME] >>> ChiefCoach.train takes 5.752187 seconds ...
[Coach] >>> TRAIN @Epoch: 366  >>>  || LOSS Avg: 0.07353
[Coach] >>> VALID @Epoch: 366  >>> 
[Coach] >>> TEST  @Epoch: 366  >>> 
[Wall TIME] >>> ChiefCoach.train takes 5.871833 seconds ...
[Coach] >>> TRAIN @Epoch: 367  >>>  || LOSS Avg: 0.07343
[Coach] >>> VALID @Epoch: 367  >>> 
[Coach] >>> TEST  @Epoch: 367  >>> 
[Wall TIME] >>> ChiefCoach.train takes 6.430988 seconds ...
[Coach] >>> TRAIN @Epoch: 368  >>>  || LOSS Avg: 0.07350
[Coach] >>> VALID @Epoch: 368  >>> 
[Coach] >>> TEST  @Epoch: 368  >>> 
[Wall TIME] >>> ChiefCoach.train takes 6.166765 seconds ...
[Coach] >>> TRAIN @Epoch: 369  >>>  || LOSS Avg: 0.07350
[Coach] >>> VALID @Epoch: 369  >>> 
[Coach] >>> TEST  @Epoch: 369  >>> 
[Wall TIME] >>> ChiefCoach.train takes 5.764760 seconds ...
[Wall TIME] >>> ChiefCoach.valid takes 1.737554 seconds ...
[Coach] >>> TRAIN @Epoch: 370  >>>  || LOSS Avg: 0.07349
[Coach] >>> VALID @Epoch: 370  >>>  || RECALL@1 Avg: 0.0137 || RECALL@10 Avg: 0.0731 || RECALL@20 Avg: 0.1086 || NDCG@10 Avg: 0.0394 || NDCG@20 Avg: 0.0484
[Coach] >>> TEST  @Epoch: 370  >>> 
[Wall TIME] >>> ChiefCoach.train takes 5.746335 seconds ...
[Coach] >>> TRAIN @Epoch: 371  >>>  || LOSS Avg: 0.07329
[Coach] >>> VALID @Epoch: 371  >>> 
[Coach] >>> TEST  @Epoch: 371  >>> 
[Wall TIME] >>> ChiefCoach.train takes 5.707223 seconds ...
[Coach] >>> TRAIN @Epoch: 372  >>>  || LOSS Avg: 0.07350
[Coach] >>> VALID @Epoch: 372  >>> 
[Coach] >>> TEST  @Epoch: 372  >>> 
[Wall TIME] >>> ChiefCoach.train takes 5.804037 seconds ...
[Coach] >>> TRAIN @Epoch: 373  >>>  || LOSS Avg: 0.07340
[Coach] >>> VALID @Epoch: 373  >>> 
[Coach] >>> TEST  @Epoch: 373  >>> 
[Wall TIME] >>> ChiefCoach.train takes 5.794298 seconds ...
[Coach] >>> TRAIN @Epoch: 374  >>>  || LOSS Avg: 0.07350
[Coach] >>> VALID @Epoch: 374  >>> 
[Coach] >>> TEST  @Epoch: 374  >>> 
[Wall TIME] >>> ChiefCoach.train takes 5.731907 seconds ...
[Wall TIME] >>> ChiefCoach.valid takes 1.756324 seconds ...
[Coach] >>> TRAIN @Epoch: 375  >>>  || LOSS Avg: 0.07327
[Coach] >>> VALID @Epoch: 375  >>>  || RECALL@1 Avg: 0.0143 || RECALL@10 Avg: 0.0726 || RECALL@20 Avg: 0.1081 || NDCG@10 Avg: 0.0394 || NDCG@20 Avg: 0.0485
[Coach] >>> TEST  @Epoch: 375  >>> 
[Wall TIME] >>> ChiefCoach.train takes 5.721719 seconds ...
[Coach] >>> TRAIN @Epoch: 376  >>>  || LOSS Avg: 0.07320
[Coach] >>> VALID @Epoch: 376  >>> 
[Coach] >>> TEST  @Epoch: 376  >>> 
[Wall TIME] >>> ChiefCoach.train takes 5.740230 seconds ...
[Coach] >>> TRAIN @Epoch: 377  >>>  || LOSS Avg: 0.07325
[Coach] >>> VALID @Epoch: 377  >>> 
[Coach] >>> TEST  @Epoch: 377  >>> 
[Wall TIME] >>> ChiefCoach.train takes 5.700502 seconds ...
[Coach] >>> TRAIN @Epoch: 378  >>>  || LOSS Avg: 0.07333
[Coach] >>> VALID @Epoch: 378  >>> 
[Coach] >>> TEST  @Epoch: 378  >>> 
[Wall TIME] >>> ChiefCoach.train takes 5.829989 seconds ...
[Coach] >>> TRAIN @Epoch: 379  >>>  || LOSS Avg: 0.07327
[Coach] >>> VALID @Epoch: 379  >>> 
[Coach] >>> TEST  @Epoch: 379  >>> 
[Wall TIME] >>> ChiefCoach.train takes 5.680915 seconds ...
[Wall TIME] >>> ChiefCoach.valid takes 1.770668 seconds ...
[Coach] >>> TRAIN @Epoch: 380  >>>  || LOSS Avg: 0.07327
[Coach] >>> VALID @Epoch: 380  >>>  || RECALL@1 Avg: 0.0139 || RECALL@10 Avg: 0.0728 || RECALL@20 Avg: 0.1087 || NDCG@10 Avg: 0.0395 || NDCG@20 Avg: 0.0486
[Coach] >>> TEST  @Epoch: 380  >>> 
[Wall TIME] >>> ChiefCoach.train takes 5.821688 seconds ...
[Coach] >>> TRAIN @Epoch: 381  >>>  || LOSS Avg: 0.07315
[Coach] >>> VALID @Epoch: 381  >>> 
[Coach] >>> TEST  @Epoch: 381  >>> 
[Wall TIME] >>> ChiefCoach.train takes 5.683818 seconds ...
[Coach] >>> TRAIN @Epoch: 382  >>>  || LOSS Avg: 0.07330
[Coach] >>> VALID @Epoch: 382  >>> 
[Coach] >>> TEST  @Epoch: 382  >>> 
[Wall TIME] >>> ChiefCoach.train takes 6.754269 seconds ...
[Coach] >>> TRAIN @Epoch: 383  >>>  || LOSS Avg: 0.07313
[Coach] >>> VALID @Epoch: 383  >>> 
[Coach] >>> TEST  @Epoch: 383  >>> 
[Wall TIME] >>> ChiefCoach.train takes 5.667021 seconds ...
[Coach] >>> TRAIN @Epoch: 384  >>>  || LOSS Avg: 0.07320
[Coach] >>> VALID @Epoch: 384  >>> 
[Coach] >>> TEST  @Epoch: 384  >>> 
[Wall TIME] >>> ChiefCoach.train takes 5.672879 seconds ...
[Wall TIME] >>> ChiefCoach.valid takes 1.791052 seconds ...
[Coach] >>> TRAIN @Epoch: 385  >>>  || LOSS Avg: 0.07318
[Coach] >>> VALID @Epoch: 385  >>>  || RECALL@1 Avg: 0.0140 || RECALL@10 Avg: 0.0723 || RECALL@20 Avg: 0.1090 || NDCG@10 Avg: 0.0393 || NDCG@20 Avg: 0.0486
[Coach] >>> TEST  @Epoch: 385  >>> 
[Wall TIME] >>> ChiefCoach.train takes 5.782202 seconds ...
[Coach] >>> TRAIN @Epoch: 386  >>>  || LOSS Avg: 0.07319
[Coach] >>> VALID @Epoch: 386  >>> 
[Coach] >>> TEST  @Epoch: 386  >>> 
[Wall TIME] >>> ChiefCoach.train takes 5.727413 seconds ...
[Coach] >>> TRAIN @Epoch: 387  >>>  || LOSS Avg: 0.07308
[Coach] >>> VALID @Epoch: 387  >>> 
[Coach] >>> TEST  @Epoch: 387  >>> 
[Wall TIME] >>> ChiefCoach.train takes 5.649577 seconds ...
[Coach] >>> TRAIN @Epoch: 388  >>>  || LOSS Avg: 0.07322
[Coach] >>> VALID @Epoch: 388  >>> 
[Coach] >>> TEST  @Epoch: 388  >>> 
[Wall TIME] >>> ChiefCoach.train takes 5.739463 seconds ...
[Coach] >>> TRAIN @Epoch: 389  >>>  || LOSS Avg: 0.07323
[Coach] >>> VALID @Epoch: 389  >>> 
[Coach] >>> TEST  @Epoch: 389  >>> 
[Wall TIME] >>> ChiefCoach.train takes 5.742613 seconds ...
[Wall TIME] >>> ChiefCoach.valid takes 1.751563 seconds ...
[Coach] >>> TRAIN @Epoch: 390  >>>  || LOSS Avg: 0.07311
[Coach] >>> VALID @Epoch: 390  >>>  || RECALL@1 Avg: 0.0139 || RECALL@10 Avg: 0.0732 || RECALL@20 Avg: 0.1090 || NDCG@10 Avg: 0.0395 || NDCG@20 Avg: 0.0486
[Coach] >>> TEST  @Epoch: 390  >>> 
[Wall TIME] >>> ChiefCoach.train takes 5.693575 seconds ...
[Coach] >>> TRAIN @Epoch: 391  >>>  || LOSS Avg: 0.07332
[Coach] >>> VALID @Epoch: 391  >>> 
[Coach] >>> TEST  @Epoch: 391  >>> 
[Wall TIME] >>> ChiefCoach.train takes 5.727650 seconds ...
[Coach] >>> TRAIN @Epoch: 392  >>>  || LOSS Avg: 0.07314
[Coach] >>> VALID @Epoch: 392  >>> 
[Coach] >>> TEST  @Epoch: 392  >>> 
[Wall TIME] >>> ChiefCoach.train takes 5.664818 seconds ...
[Coach] >>> TRAIN @Epoch: 393  >>>  || LOSS Avg: 0.07311
[Coach] >>> VALID @Epoch: 393  >>> 
[Coach] >>> TEST  @Epoch: 393  >>> 
[Wall TIME] >>> ChiefCoach.train takes 5.732987 seconds ...
[Coach] >>> TRAIN @Epoch: 394  >>>  || LOSS Avg: 0.07292
[Coach] >>> VALID @Epoch: 394  >>> 
[Coach] >>> TEST  @Epoch: 394  >>> 
[Wall TIME] >>> ChiefCoach.train takes 5.662785 seconds ...
[Wall TIME] >>> ChiefCoach.valid takes 1.726199 seconds ...
[Coach] >>> Better ***NDCG@20*** of ***0.0490*** 
[Coach] >>> TRAIN @Epoch: 395  >>>  || LOSS Avg: 0.07312
[Coach] >>> VALID @Epoch: 395  >>>  || RECALL@1 Avg: 0.0144 || RECALL@10 Avg: 0.0728 || RECALL@20 Avg: 0.1097 || NDCG@10 Avg: 0.0396 || NDCG@20 Avg: 0.0490
[Coach] >>> TEST  @Epoch: 395  >>> 
[Wall TIME] >>> ChiefCoach.train takes 5.815571 seconds ...
[Coach] >>> TRAIN @Epoch: 396  >>>  || LOSS Avg: 0.07286
[Coach] >>> VALID @Epoch: 396  >>> 
[Coach] >>> TEST  @Epoch: 396  >>> 
[Wall TIME] >>> ChiefCoach.train takes 6.726901 seconds ...
[Coach] >>> TRAIN @Epoch: 397  >>>  || LOSS Avg: 0.07278
[Coach] >>> VALID @Epoch: 397  >>> 
[Coach] >>> TEST  @Epoch: 397  >>> 
[Wall TIME] >>> ChiefCoach.train takes 5.724740 seconds ...
[Coach] >>> TRAIN @Epoch: 398  >>>  || LOSS Avg: 0.07280
[Coach] >>> VALID @Epoch: 398  >>> 
[Coach] >>> TEST  @Epoch: 398  >>> 
[Wall TIME] >>> ChiefCoach.train takes 5.782436 seconds ...
[Coach] >>> TRAIN @Epoch: 399  >>>  || LOSS Avg: 0.07300
[Coach] >>> VALID @Epoch: 399  >>> 
[Coach] >>> TEST  @Epoch: 399  >>> 
[Wall TIME] >>> ChiefCoach.train takes 5.750921 seconds ...
[Wall TIME] >>> ChiefCoach.valid takes 1.766058 seconds ...
[Coach] >>> TRAIN @Epoch: 400  >>>  || LOSS Avg: 0.07279
[Coach] >>> VALID @Epoch: 400  >>>  || RECALL@1 Avg: 0.0147 || RECALL@10 Avg: 0.0725 || RECALL@20 Avg: 0.1095 || NDCG@10 Avg: 0.0395 || NDCG@20 Avg: 0.0489
[Coach] >>> TEST  @Epoch: 400  >>> 
[Wall TIME] >>> ChiefCoach.train takes 5.763618 seconds ...
[Coach] >>> TRAIN @Epoch: 401  >>>  || LOSS Avg: 0.07282
[Coach] >>> VALID @Epoch: 401  >>> 
[Coach] >>> TEST  @Epoch: 401  >>> 
[Wall TIME] >>> ChiefCoach.train takes 5.662163 seconds ...
[Coach] >>> TRAIN @Epoch: 402  >>>  || LOSS Avg: 0.07275
[Coach] >>> VALID @Epoch: 402  >>> 
[Coach] >>> TEST  @Epoch: 402  >>> 
[Wall TIME] >>> ChiefCoach.train takes 5.681674 seconds ...
[Coach] >>> TRAIN @Epoch: 403  >>>  || LOSS Avg: 0.07298
[Coach] >>> VALID @Epoch: 403  >>> 
[Coach] >>> TEST  @Epoch: 403  >>> 
[Wall TIME] >>> ChiefCoach.train takes 5.712776 seconds ...
[Coach] >>> TRAIN @Epoch: 404  >>>  || LOSS Avg: 0.07303
[Coach] >>> VALID @Epoch: 404  >>> 
[Coach] >>> TEST  @Epoch: 404  >>> 
[Wall TIME] >>> ChiefCoach.train takes 5.734331 seconds ...
[Wall TIME] >>> ChiefCoach.valid takes 1.744740 seconds ...
[Coach] >>> TRAIN @Epoch: 405  >>>  || LOSS Avg: 0.07301
[Coach] >>> VALID @Epoch: 405  >>>  || RECALL@1 Avg: 0.0145 || RECALL@10 Avg: 0.0729 || RECALL@20 Avg: 0.1090 || NDCG@10 Avg: 0.0396 || NDCG@20 Avg: 0.0488
[Coach] >>> TEST  @Epoch: 405  >>> 
[Wall TIME] >>> ChiefCoach.train takes 5.709050 seconds ...
[Coach] >>> TRAIN @Epoch: 406  >>>  || LOSS Avg: 0.07271
[Coach] >>> VALID @Epoch: 406  >>> 
[Coach] >>> TEST  @Epoch: 406  >>> 
[Wall TIME] >>> ChiefCoach.train takes 5.698543 seconds ...
[Coach] >>> TRAIN @Epoch: 407  >>>  || LOSS Avg: 0.07293
[Coach] >>> VALID @Epoch: 407  >>> 
[Coach] >>> TEST  @Epoch: 407  >>> 
[Wall TIME] >>> ChiefCoach.train takes 5.744337 seconds ...
[Coach] >>> TRAIN @Epoch: 408  >>>  || LOSS Avg: 0.07274
[Coach] >>> VALID @Epoch: 408  >>> 
[Coach] >>> TEST  @Epoch: 408  >>> 
[Wall TIME] >>> ChiefCoach.train takes 5.767796 seconds ...
[Coach] >>> TRAIN @Epoch: 409  >>>  || LOSS Avg: 0.07269
[Coach] >>> VALID @Epoch: 409  >>> 
[Coach] >>> TEST  @Epoch: 409  >>> 
[Wall TIME] >>> ChiefCoach.train takes 5.790708 seconds ...
[Wall TIME] >>> ChiefCoach.valid takes 1.720419 seconds ...
[Coach] >>> TRAIN @Epoch: 410  >>>  || LOSS Avg: 0.07254
[Coach] >>> VALID @Epoch: 410  >>>  || RECALL@1 Avg: 0.0144 || RECALL@10 Avg: 0.0730 || RECALL@20 Avg: 0.1089 || NDCG@10 Avg: 0.0396 || NDCG@20 Avg: 0.0488
[Coach] >>> TEST  @Epoch: 410  >>> 
[Wall TIME] >>> ChiefCoach.train takes 6.714115 seconds ...
[Coach] >>> TRAIN @Epoch: 411  >>>  || LOSS Avg: 0.07270
[Coach] >>> VALID @Epoch: 411  >>> 
[Coach] >>> TEST  @Epoch: 411  >>> 
[Wall TIME] >>> ChiefCoach.train takes 5.774014 seconds ...
[Coach] >>> TRAIN @Epoch: 412  >>>  || LOSS Avg: 0.07288
[Coach] >>> VALID @Epoch: 412  >>> 
[Coach] >>> TEST  @Epoch: 412  >>> 
[Wall TIME] >>> ChiefCoach.train takes 5.680671 seconds ...
[Coach] >>> TRAIN @Epoch: 413  >>>  || LOSS Avg: 0.07268
[Coach] >>> VALID @Epoch: 413  >>> 
[Coach] >>> TEST  @Epoch: 413  >>> 
[Wall TIME] >>> ChiefCoach.train takes 5.692871 seconds ...
[Coach] >>> TRAIN @Epoch: 414  >>>  || LOSS Avg: 0.07272
[Coach] >>> VALID @Epoch: 414  >>> 
[Coach] >>> TEST  @Epoch: 414  >>> 
[Wall TIME] >>> ChiefCoach.train takes 5.657623 seconds ...
[Wall TIME] >>> ChiefCoach.valid takes 1.742386 seconds ...
[Coach] >>> Better ***NDCG@20*** of ***0.0490*** 
[Coach] >>> TRAIN @Epoch: 415  >>>  || LOSS Avg: 0.07270
[Coach] >>> VALID @Epoch: 415  >>>  || RECALL@1 Avg: 0.0145 || RECALL@10 Avg: 0.0730 || RECALL@20 Avg: 0.1093 || NDCG@10 Avg: 0.0398 || NDCG@20 Avg: 0.0490
[Coach] >>> TEST  @Epoch: 415  >>> 
[Wall TIME] >>> ChiefCoach.train takes 5.774012 seconds ...
[Coach] >>> TRAIN @Epoch: 416  >>>  || LOSS Avg: 0.07267
[Coach] >>> VALID @Epoch: 416  >>> 
[Coach] >>> TEST  @Epoch: 416  >>> 
[Wall TIME] >>> ChiefCoach.train takes 5.710785 seconds ...
[Coach] >>> TRAIN @Epoch: 417  >>>  || LOSS Avg: 0.07248
[Coach] >>> VALID @Epoch: 417  >>> 
[Coach] >>> TEST  @Epoch: 417  >>> 
[Wall TIME] >>> ChiefCoach.train takes 5.709537 seconds ...
[Coach] >>> TRAIN @Epoch: 418  >>>  || LOSS Avg: 0.07277
[Coach] >>> VALID @Epoch: 418  >>> 
[Coach] >>> TEST  @Epoch: 418  >>> 
[Wall TIME] >>> ChiefCoach.train takes 5.704434 seconds ...
[Coach] >>> TRAIN @Epoch: 419  >>>  || LOSS Avg: 0.07289
[Coach] >>> VALID @Epoch: 419  >>> 
[Coach] >>> TEST  @Epoch: 419  >>> 
[Wall TIME] >>> ChiefCoach.train takes 5.661683 seconds ...
[Wall TIME] >>> ChiefCoach.valid takes 1.721954 seconds ...
[Coach] >>> TRAIN @Epoch: 420  >>>  || LOSS Avg: 0.07262
[Coach] >>> VALID @Epoch: 420  >>>  || RECALL@1 Avg: 0.0139 || RECALL@10 Avg: 0.0728 || RECALL@20 Avg: 0.1090 || NDCG@10 Avg: 0.0394 || NDCG@20 Avg: 0.0486
[Coach] >>> TEST  @Epoch: 420  >>> 
[Wall TIME] >>> ChiefCoach.train takes 5.698294 seconds ...
[Coach] >>> TRAIN @Epoch: 421  >>>  || LOSS Avg: 0.07270
[Coach] >>> VALID @Epoch: 421  >>> 
[Coach] >>> TEST  @Epoch: 421  >>> 
[Wall TIME] >>> ChiefCoach.train takes 5.741221 seconds ...
[Coach] >>> TRAIN @Epoch: 422  >>>  || LOSS Avg: 0.07259
[Coach] >>> VALID @Epoch: 422  >>> 
[Coach] >>> TEST  @Epoch: 422  >>> 
[Wall TIME] >>> ChiefCoach.train takes 5.739068 seconds ...
[Coach] >>> TRAIN @Epoch: 423  >>>  || LOSS Avg: 0.07272
[Coach] >>> VALID @Epoch: 423  >>> 
[Coach] >>> TEST  @Epoch: 423  >>> 
[Wall TIME] >>> ChiefCoach.train takes 5.689053 seconds ...
[Coach] >>> TRAIN @Epoch: 424  >>>  || LOSS Avg: 0.07277
[Coach] >>> VALID @Epoch: 424  >>> 
[Coach] >>> TEST  @Epoch: 424  >>> 
[Wall TIME] >>> ChiefCoach.train takes 6.135620 seconds ...
[Wall TIME] >>> ChiefCoach.valid takes 1.759995 seconds ...
[Coach] >>> TRAIN @Epoch: 425  >>>  || LOSS Avg: 0.07253
[Coach] >>> VALID @Epoch: 425  >>>  || RECALL@1 Avg: 0.0143 || RECALL@10 Avg: 0.0730 || RECALL@20 Avg: 0.1088 || NDCG@10 Avg: 0.0397 || NDCG@20 Avg: 0.0488
[Coach] >>> TEST  @Epoch: 425  >>> 
[Wall TIME] >>> ChiefCoach.train takes 6.262412 seconds ...
[Coach] >>> TRAIN @Epoch: 426  >>>  || LOSS Avg: 0.07259
[Coach] >>> VALID @Epoch: 426  >>> 
[Coach] >>> TEST  @Epoch: 426  >>> 
[Wall TIME] >>> ChiefCoach.train takes 5.658436 seconds ...
[Coach] >>> TRAIN @Epoch: 427  >>>  || LOSS Avg: 0.07270
[Coach] >>> VALID @Epoch: 427  >>> 
[Coach] >>> TEST  @Epoch: 427  >>> 
[Wall TIME] >>> ChiefCoach.train takes 5.643323 seconds ...
[Coach] >>> TRAIN @Epoch: 428  >>>  || LOSS Avg: 0.07263
[Coach] >>> VALID @Epoch: 428  >>> 
[Coach] >>> TEST  @Epoch: 428  >>> 
[Wall TIME] >>> ChiefCoach.train takes 5.715880 seconds ...
[Coach] >>> TRAIN @Epoch: 429  >>>  || LOSS Avg: 0.07252
[Coach] >>> VALID @Epoch: 429  >>> 
[Coach] >>> TEST  @Epoch: 429  >>> 
[Wall TIME] >>> ChiefCoach.train takes 5.686136 seconds ...
[Wall TIME] >>> ChiefCoach.valid takes 1.730536 seconds ...
[Coach] >>> TRAIN @Epoch: 430  >>>  || LOSS Avg: 0.07256
[Coach] >>> VALID @Epoch: 430  >>>  || RECALL@1 Avg: 0.0143 || RECALL@10 Avg: 0.0728 || RECALL@20 Avg: 0.1094 || NDCG@10 Avg: 0.0396 || NDCG@20 Avg: 0.0489
[Coach] >>> TEST  @Epoch: 430  >>> 
[Wall TIME] >>> ChiefCoach.train takes 5.722050 seconds ...
[Coach] >>> TRAIN @Epoch: 431  >>>  || LOSS Avg: 0.07254
[Coach] >>> VALID @Epoch: 431  >>> 
[Coach] >>> TEST  @Epoch: 431  >>> 
[Wall TIME] >>> ChiefCoach.train takes 5.721964 seconds ...
[Coach] >>> TRAIN @Epoch: 432  >>>  || LOSS Avg: 0.07260
[Coach] >>> VALID @Epoch: 432  >>> 
[Coach] >>> TEST  @Epoch: 432  >>> 
[Wall TIME] >>> ChiefCoach.train takes 5.659799 seconds ...
[Coach] >>> TRAIN @Epoch: 433  >>>  || LOSS Avg: 0.07278
[Coach] >>> VALID @Epoch: 433  >>> 
[Coach] >>> TEST  @Epoch: 433  >>> 
[Wall TIME] >>> ChiefCoach.train takes 5.803414 seconds ...
[Coach] >>> TRAIN @Epoch: 434  >>>  || LOSS Avg: 0.07246
[Coach] >>> VALID @Epoch: 434  >>> 
[Coach] >>> TEST  @Epoch: 434  >>> 
[Wall TIME] >>> ChiefCoach.train takes 5.700355 seconds ...
[Wall TIME] >>> ChiefCoach.valid takes 1.760472 seconds ...
[Coach] >>> TRAIN @Epoch: 435  >>>  || LOSS Avg: 0.07245
[Coach] >>> VALID @Epoch: 435  >>>  || RECALL@1 Avg: 0.0146 || RECALL@10 Avg: 0.0730 || RECALL@20 Avg: 0.1083 || NDCG@10 Avg: 0.0396 || NDCG@20 Avg: 0.0486
[Coach] >>> TEST  @Epoch: 435  >>> 
[Wall TIME] >>> ChiefCoach.train takes 5.659393 seconds ...
[Coach] >>> TRAIN @Epoch: 436  >>>  || LOSS Avg: 0.07276
[Coach] >>> VALID @Epoch: 436  >>> 
[Coach] >>> TEST  @Epoch: 436  >>> 
[Wall TIME] >>> ChiefCoach.train takes 5.688113 seconds ...
[Coach] >>> TRAIN @Epoch: 437  >>>  || LOSS Avg: 0.07234
[Coach] >>> VALID @Epoch: 437  >>> 
[Coach] >>> TEST  @Epoch: 437  >>> 
[Wall TIME] >>> ChiefCoach.train takes 5.667924 seconds ...
[Coach] >>> TRAIN @Epoch: 438  >>>  || LOSS Avg: 0.07279
[Coach] >>> VALID @Epoch: 438  >>> 
[Coach] >>> TEST  @Epoch: 438  >>> 
[Wall TIME] >>> ChiefCoach.train takes 5.693556 seconds ...
[Coach] >>> TRAIN @Epoch: 439  >>>  || LOSS Avg: 0.07259
[Coach] >>> VALID @Epoch: 439  >>> 
[Coach] >>> TEST  @Epoch: 439  >>> 
[Wall TIME] >>> ChiefCoach.train takes 6.914506 seconds ...
[Wall TIME] >>> ChiefCoach.valid takes 1.721136 seconds ...
[Coach] >>> TRAIN @Epoch: 440  >>>  || LOSS Avg: 0.07256
[Coach] >>> VALID @Epoch: 440  >>>  || RECALL@1 Avg: 0.0142 || RECALL@10 Avg: 0.0733 || RECALL@20 Avg: 0.1087 || NDCG@10 Avg: 0.0396 || NDCG@20 Avg: 0.0486
[Coach] >>> TEST  @Epoch: 440  >>> 
[Wall TIME] >>> ChiefCoach.train takes 5.727028 seconds ...
[Coach] >>> TRAIN @Epoch: 441  >>>  || LOSS Avg: 0.07272
[Coach] >>> VALID @Epoch: 441  >>> 
[Coach] >>> TEST  @Epoch: 441  >>> 
[Wall TIME] >>> ChiefCoach.train takes 5.679984 seconds ...
[Coach] >>> TRAIN @Epoch: 442  >>>  || LOSS Avg: 0.07228
[Coach] >>> VALID @Epoch: 442  >>> 
[Coach] >>> TEST  @Epoch: 442  >>> 
[Wall TIME] >>> ChiefCoach.train takes 5.715795 seconds ...
[Coach] >>> TRAIN @Epoch: 443  >>>  || LOSS Avg: 0.07245
[Coach] >>> VALID @Epoch: 443  >>> 
[Coach] >>> TEST  @Epoch: 443  >>> 
[Wall TIME] >>> ChiefCoach.train takes 5.739905 seconds ...
[Coach] >>> TRAIN @Epoch: 444  >>>  || LOSS Avg: 0.07258
[Coach] >>> VALID @Epoch: 444  >>> 
[Coach] >>> TEST  @Epoch: 444  >>> 
[Wall TIME] >>> ChiefCoach.train takes 5.713942 seconds ...
[Wall TIME] >>> ChiefCoach.valid takes 1.736916 seconds ...
[Coach] >>> TRAIN @Epoch: 445  >>>  || LOSS Avg: 0.07277
[Coach] >>> VALID @Epoch: 445  >>>  || RECALL@1 Avg: 0.0143 || RECALL@10 Avg: 0.0735 || RECALL@20 Avg: 0.1092 || NDCG@10 Avg: 0.0397 || NDCG@20 Avg: 0.0488
[Coach] >>> TEST  @Epoch: 445  >>> 
[Wall TIME] >>> ChiefCoach.train takes 5.700004 seconds ...
[Coach] >>> TRAIN @Epoch: 446  >>>  || LOSS Avg: 0.07239
[Coach] >>> VALID @Epoch: 446  >>> 
[Coach] >>> TEST  @Epoch: 446  >>> 
[Wall TIME] >>> ChiefCoach.train takes 5.634002 seconds ...
[Coach] >>> TRAIN @Epoch: 447  >>>  || LOSS Avg: 0.07258
[Coach] >>> VALID @Epoch: 447  >>> 
[Coach] >>> TEST  @Epoch: 447  >>> 
[Wall TIME] >>> ChiefCoach.train takes 5.676852 seconds ...
[Coach] >>> TRAIN @Epoch: 448  >>>  || LOSS Avg: 0.07225
[Coach] >>> VALID @Epoch: 448  >>> 
[Coach] >>> TEST  @Epoch: 448  >>> 
[Wall TIME] >>> ChiefCoach.train takes 5.755397 seconds ...
[Coach] >>> TRAIN @Epoch: 449  >>>  || LOSS Avg: 0.07230
[Coach] >>> VALID @Epoch: 449  >>> 
[Coach] >>> TEST  @Epoch: 449  >>> 
[Wall TIME] >>> ChiefCoach.train takes 5.803975 seconds ...
[Wall TIME] >>> ChiefCoach.valid takes 1.730116 seconds ...
[Coach] >>> TRAIN @Epoch: 450  >>>  || LOSS Avg: 0.07257
[Coach] >>> VALID @Epoch: 450  >>>  || RECALL@1 Avg: 0.0146 || RECALL@10 Avg: 0.0731 || RECALL@20 Avg: 0.1088 || NDCG@10 Avg: 0.0397 || NDCG@20 Avg: 0.0488
[Coach] >>> TEST  @Epoch: 450  >>> 
[Wall TIME] >>> ChiefCoach.train takes 5.662715 seconds ...
[Coach] >>> TRAIN @Epoch: 451  >>>  || LOSS Avg: 0.07249
[Coach] >>> VALID @Epoch: 451  >>> 
[Coach] >>> TEST  @Epoch: 451  >>> 
[Wall TIME] >>> ChiefCoach.train takes 5.690724 seconds ...
[Coach] >>> TRAIN @Epoch: 452  >>>  || LOSS Avg: 0.07239
[Coach] >>> VALID @Epoch: 452  >>> 
[Coach] >>> TEST  @Epoch: 452  >>> 
[Wall TIME] >>> ChiefCoach.train takes 5.772617 seconds ...
[Coach] >>> TRAIN @Epoch: 453  >>>  || LOSS Avg: 0.07238
[Coach] >>> VALID @Epoch: 453  >>> 
[Coach] >>> TEST  @Epoch: 453  >>> 
[Wall TIME] >>> ChiefCoach.train takes 6.712528 seconds ...
[Coach] >>> TRAIN @Epoch: 454  >>>  || LOSS Avg: 0.07238
[Coach] >>> VALID @Epoch: 454  >>> 
[Coach] >>> TEST  @Epoch: 454  >>> 
[Wall TIME] >>> ChiefCoach.train takes 5.807033 seconds ...
[Wall TIME] >>> ChiefCoach.valid takes 1.749174 seconds ...
[Coach] >>> TRAIN @Epoch: 455  >>>  || LOSS Avg: 0.07222
[Coach] >>> VALID @Epoch: 455  >>>  || RECALL@1 Avg: 0.0142 || RECALL@10 Avg: 0.0733 || RECALL@20 Avg: 0.1085 || NDCG@10 Avg: 0.0396 || NDCG@20 Avg: 0.0486
[Coach] >>> TEST  @Epoch: 455  >>> 
[Wall TIME] >>> ChiefCoach.train takes 5.693162 seconds ...
[Coach] >>> TRAIN @Epoch: 456  >>>  || LOSS Avg: 0.07237
[Coach] >>> VALID @Epoch: 456  >>> 
[Coach] >>> TEST  @Epoch: 456  >>> 
[Wall TIME] >>> ChiefCoach.train takes 5.644438 seconds ...
[Coach] >>> TRAIN @Epoch: 457  >>>  || LOSS Avg: 0.07234
[Coach] >>> VALID @Epoch: 457  >>> 
[Coach] >>> TEST  @Epoch: 457  >>> 
[Wall TIME] >>> ChiefCoach.train takes 5.712882 seconds ...
[Coach] >>> TRAIN @Epoch: 458  >>>  || LOSS Avg: 0.07240
[Coach] >>> VALID @Epoch: 458  >>> 
[Coach] >>> TEST  @Epoch: 458  >>> 
[Wall TIME] >>> ChiefCoach.train takes 5.669104 seconds ...
[Coach] >>> TRAIN @Epoch: 459  >>>  || LOSS Avg: 0.07251
[Coach] >>> VALID @Epoch: 459  >>> 
[Coach] >>> TEST  @Epoch: 459  >>> 
[Wall TIME] >>> ChiefCoach.train takes 5.667181 seconds ...
[Wall TIME] >>> ChiefCoach.valid takes 1.722787 seconds ...
[Coach] >>> TRAIN @Epoch: 460  >>>  || LOSS Avg: 0.07240
[Coach] >>> VALID @Epoch: 460  >>>  || RECALL@1 Avg: 0.0144 || RECALL@10 Avg: 0.0734 || RECALL@20 Avg: 0.1092 || NDCG@10 Avg: 0.0398 || NDCG@20 Avg: 0.0489
[Coach] >>> TEST  @Epoch: 460  >>> 
[Wall TIME] >>> ChiefCoach.train takes 5.783621 seconds ...
[Coach] >>> TRAIN @Epoch: 461  >>>  || LOSS Avg: 0.07255
[Coach] >>> VALID @Epoch: 461  >>> 
[Coach] >>> TEST  @Epoch: 461  >>> 
[Wall TIME] >>> ChiefCoach.train takes 5.679972 seconds ...
[Coach] >>> TRAIN @Epoch: 462  >>>  || LOSS Avg: 0.07260
[Coach] >>> VALID @Epoch: 462  >>> 
[Coach] >>> TEST  @Epoch: 462  >>> 
[Wall TIME] >>> ChiefCoach.train takes 5.648380 seconds ...
[Coach] >>> TRAIN @Epoch: 463  >>>  || LOSS Avg: 0.07244
[Coach] >>> VALID @Epoch: 463  >>> 
[Coach] >>> TEST  @Epoch: 463  >>> 
[Wall TIME] >>> ChiefCoach.train takes 5.690998 seconds ...
[Coach] >>> TRAIN @Epoch: 464  >>>  || LOSS Avg: 0.07229
[Coach] >>> VALID @Epoch: 464  >>> 
[Coach] >>> TEST  @Epoch: 464  >>> 
[Wall TIME] >>> ChiefCoach.train takes 5.631186 seconds ...
[Wall TIME] >>> ChiefCoach.valid takes 1.714219 seconds ...
[Coach] >>> TRAIN @Epoch: 465  >>>  || LOSS Avg: 0.07223
[Coach] >>> VALID @Epoch: 465  >>>  || RECALL@1 Avg: 0.0142 || RECALL@10 Avg: 0.0731 || RECALL@20 Avg: 0.1091 || NDCG@10 Avg: 0.0396 || NDCG@20 Avg: 0.0488
[Coach] >>> TEST  @Epoch: 465  >>> 
[Wall TIME] >>> ChiefCoach.train takes 5.720541 seconds ...
[Coach] >>> TRAIN @Epoch: 466  >>>  || LOSS Avg: 0.07232
[Coach] >>> VALID @Epoch: 466  >>> 
[Coach] >>> TEST  @Epoch: 466  >>> 
[Wall TIME] >>> ChiefCoach.train takes 5.664809 seconds ...
[Coach] >>> TRAIN @Epoch: 467  >>>  || LOSS Avg: 0.07214
[Coach] >>> VALID @Epoch: 467  >>> 
[Coach] >>> TEST  @Epoch: 467  >>> 
[Wall TIME] >>> ChiefCoach.train takes 6.261725 seconds ...
[Coach] >>> TRAIN @Epoch: 468  >>>  || LOSS Avg: 0.07238
[Coach] >>> VALID @Epoch: 468  >>> 
[Coach] >>> TEST  @Epoch: 468  >>> 
[Wall TIME] >>> ChiefCoach.train takes 6.185301 seconds ...
[Coach] >>> TRAIN @Epoch: 469  >>>  || LOSS Avg: 0.07224
[Coach] >>> VALID @Epoch: 469  >>> 
[Coach] >>> TEST  @Epoch: 469  >>> 
[Wall TIME] >>> ChiefCoach.train takes 5.694283 seconds ...
[Wall TIME] >>> ChiefCoach.valid takes 1.744058 seconds ...
[Coach] >>> Better ***NDCG@20*** of ***0.0490*** 
[Coach] >>> TRAIN @Epoch: 470  >>>  || LOSS Avg: 0.07233
[Coach] >>> VALID @Epoch: 470  >>>  || RECALL@1 Avg: 0.0149 || RECALL@10 Avg: 0.0736 || RECALL@20 Avg: 0.1089 || NDCG@10 Avg: 0.0400 || NDCG@20 Avg: 0.0490
[Coach] >>> TEST  @Epoch: 470  >>> 
[Wall TIME] >>> ChiefCoach.train takes 5.624200 seconds ...
[Coach] >>> TRAIN @Epoch: 471  >>>  || LOSS Avg: 0.07222
[Coach] >>> VALID @Epoch: 471  >>> 
[Coach] >>> TEST  @Epoch: 471  >>> 
[Wall TIME] >>> ChiefCoach.train takes 5.674731 seconds ...
[Coach] >>> TRAIN @Epoch: 472  >>>  || LOSS Avg: 0.07227
[Coach] >>> VALID @Epoch: 472  >>> 
[Coach] >>> TEST  @Epoch: 472  >>> 
[Wall TIME] >>> ChiefCoach.train takes 5.644138 seconds ...
[Coach] >>> TRAIN @Epoch: 473  >>>  || LOSS Avg: 0.07228
[Coach] >>> VALID @Epoch: 473  >>> 
[Coach] >>> TEST  @Epoch: 473  >>> 
[Wall TIME] >>> ChiefCoach.train takes 5.689448 seconds ...
[Coach] >>> TRAIN @Epoch: 474  >>>  || LOSS Avg: 0.07232
[Coach] >>> VALID @Epoch: 474  >>> 
[Coach] >>> TEST  @Epoch: 474  >>> 
[Wall TIME] >>> ChiefCoach.train takes 5.736539 seconds ...
[Wall TIME] >>> ChiefCoach.valid takes 1.697312 seconds ...
[Coach] >>> Better ***NDCG@20*** of ***0.0492*** 
[Coach] >>> TRAIN @Epoch: 475  >>>  || LOSS Avg: 0.07228
[Coach] >>> VALID @Epoch: 475  >>>  || RECALL@1 Avg: 0.0148 || RECALL@10 Avg: 0.0734 || RECALL@20 Avg: 0.1095 || NDCG@10 Avg: 0.0400 || NDCG@20 Avg: 0.0492
[Coach] >>> TEST  @Epoch: 475  >>> 
[Wall TIME] >>> ChiefCoach.train takes 5.706668 seconds ...
[Coach] >>> TRAIN @Epoch: 476  >>>  || LOSS Avg: 0.07225
[Coach] >>> VALID @Epoch: 476  >>> 
[Coach] >>> TEST  @Epoch: 476  >>> 
[Wall TIME] >>> ChiefCoach.train takes 5.710805 seconds ...
[Coach] >>> TRAIN @Epoch: 477  >>>  || LOSS Avg: 0.07208
[Coach] >>> VALID @Epoch: 477  >>> 
[Coach] >>> TEST  @Epoch: 477  >>> 
[Wall TIME] >>> ChiefCoach.train takes 5.662461 seconds ...
[Coach] >>> TRAIN @Epoch: 478  >>>  || LOSS Avg: 0.07237
[Coach] >>> VALID @Epoch: 478  >>> 
[Coach] >>> TEST  @Epoch: 478  >>> 
[Wall TIME] >>> ChiefCoach.train takes 5.723722 seconds ...
[Coach] >>> TRAIN @Epoch: 479  >>>  || LOSS Avg: 0.07231
[Coach] >>> VALID @Epoch: 479  >>> 
[Coach] >>> TEST  @Epoch: 479  >>> 
[Wall TIME] >>> ChiefCoach.train takes 5.696616 seconds ...
[Wall TIME] >>> ChiefCoach.valid takes 1.736264 seconds ...
[Coach] >>> Better ***NDCG@20*** of ***0.0492*** 
[Coach] >>> TRAIN @Epoch: 480  >>>  || LOSS Avg: 0.07216
[Coach] >>> VALID @Epoch: 480  >>>  || RECALL@1 Avg: 0.0148 || RECALL@10 Avg: 0.0734 || RECALL@20 Avg: 0.1092 || NDCG@10 Avg: 0.0401 || NDCG@20 Avg: 0.0492
[Coach] >>> TEST  @Epoch: 480  >>> 
[Wall TIME] >>> ChiefCoach.train takes 5.683663 seconds ...
[Coach] >>> TRAIN @Epoch: 481  >>>  || LOSS Avg: 0.07220
[Coach] >>> VALID @Epoch: 481  >>> 
[Coach] >>> TEST  @Epoch: 481  >>> 
[Wall TIME] >>> ChiefCoach.train takes 5.730342 seconds ...
[Coach] >>> TRAIN @Epoch: 482  >>>  || LOSS Avg: 0.07223
[Coach] >>> VALID @Epoch: 482  >>> 
[Coach] >>> TEST  @Epoch: 482  >>> 
[Wall TIME] >>> ChiefCoach.train takes 6.637003 seconds ...
[Coach] >>> TRAIN @Epoch: 483  >>>  || LOSS Avg: 0.07229
[Coach] >>> VALID @Epoch: 483  >>> 
[Coach] >>> TEST  @Epoch: 483  >>> 
[Wall TIME] >>> ChiefCoach.train takes 5.743650 seconds ...
[Coach] >>> TRAIN @Epoch: 484  >>>  || LOSS Avg: 0.07208
[Coach] >>> VALID @Epoch: 484  >>> 
[Coach] >>> TEST  @Epoch: 484  >>> 
[Wall TIME] >>> ChiefCoach.train takes 5.681013 seconds ...
[Wall TIME] >>> ChiefCoach.valid takes 1.708426 seconds ...
[Coach] >>> TRAIN @Epoch: 485  >>>  || LOSS Avg: 0.07222
[Coach] >>> VALID @Epoch: 485  >>>  || RECALL@1 Avg: 0.0148 || RECALL@10 Avg: 0.0737 || RECALL@20 Avg: 0.1091 || NDCG@10 Avg: 0.0401 || NDCG@20 Avg: 0.0492
[Coach] >>> TEST  @Epoch: 485  >>> 
[Wall TIME] >>> ChiefCoach.train takes 5.650663 seconds ...
[Coach] >>> TRAIN @Epoch: 486  >>>  || LOSS Avg: 0.07232
[Coach] >>> VALID @Epoch: 486  >>> 
[Coach] >>> TEST  @Epoch: 486  >>> 
[Wall TIME] >>> ChiefCoach.train takes 5.666022 seconds ...
[Coach] >>> TRAIN @Epoch: 487  >>>  || LOSS Avg: 0.07206
[Coach] >>> VALID @Epoch: 487  >>> 
[Coach] >>> TEST  @Epoch: 487  >>> 
[Wall TIME] >>> ChiefCoach.train takes 5.689266 seconds ...
[Coach] >>> TRAIN @Epoch: 488  >>>  || LOSS Avg: 0.07222
[Coach] >>> VALID @Epoch: 488  >>> 
[Coach] >>> TEST  @Epoch: 488  >>> 
[Wall TIME] >>> ChiefCoach.train takes 5.742205 seconds ...
[Coach] >>> TRAIN @Epoch: 489  >>>  || LOSS Avg: 0.07200
[Coach] >>> VALID @Epoch: 489  >>> 
[Coach] >>> TEST  @Epoch: 489  >>> 
[Wall TIME] >>> ChiefCoach.train takes 5.776587 seconds ...
[Wall TIME] >>> ChiefCoach.valid takes 1.719451 seconds ...
[Coach] >>> TRAIN @Epoch: 490  >>>  || LOSS Avg: 0.07213
[Coach] >>> VALID @Epoch: 490  >>>  || RECALL@1 Avg: 0.0145 || RECALL@10 Avg: 0.0736 || RECALL@20 Avg: 0.1094 || NDCG@10 Avg: 0.0400 || NDCG@20 Avg: 0.0491
[Coach] >>> TEST  @Epoch: 490  >>> 
[Wall TIME] >>> ChiefCoach.train takes 5.725006 seconds ...
[Coach] >>> TRAIN @Epoch: 491  >>>  || LOSS Avg: 0.07228
[Coach] >>> VALID @Epoch: 491  >>> 
[Coach] >>> TEST  @Epoch: 491  >>> 
[Wall TIME] >>> ChiefCoach.train takes 5.682560 seconds ...
[Coach] >>> TRAIN @Epoch: 492  >>>  || LOSS Avg: 0.07216
[Coach] >>> VALID @Epoch: 492  >>> 
[Coach] >>> TEST  @Epoch: 492  >>> 
[Wall TIME] >>> ChiefCoach.train takes 5.719552 seconds ...
[Coach] >>> TRAIN @Epoch: 493  >>>  || LOSS Avg: 0.07230
[Coach] >>> VALID @Epoch: 493  >>> 
[Coach] >>> TEST  @Epoch: 493  >>> 
[Wall TIME] >>> ChiefCoach.train takes 5.694912 seconds ...
[Coach] >>> TRAIN @Epoch: 494  >>>  || LOSS Avg: 0.07205
[Coach] >>> VALID @Epoch: 494  >>> 
[Coach] >>> TEST  @Epoch: 494  >>> 
[Wall TIME] >>> ChiefCoach.train takes 5.713537 seconds ...
[Wall TIME] >>> ChiefCoach.valid takes 1.742663 seconds ...
[Coach] >>> Better ***NDCG@20*** of ***0.0494*** 
[Coach] >>> TRAIN @Epoch: 495  >>>  || LOSS Avg: 0.07197
[Coach] >>> VALID @Epoch: 495  >>>  || RECALL@1 Avg: 0.0149 || RECALL@10 Avg: 0.0742 || RECALL@20 Avg: 0.1094 || NDCG@10 Avg: 0.0405 || NDCG@20 Avg: 0.0494
[Coach] >>> TEST  @Epoch: 495  >>> 
[Wall TIME] >>> ChiefCoach.train takes 5.728038 seconds ...
[Coach] >>> TRAIN @Epoch: 496  >>>  || LOSS Avg: 0.07204
[Coach] >>> VALID @Epoch: 496  >>> 
[Coach] >>> TEST  @Epoch: 496  >>> 
[Wall TIME] >>> ChiefCoach.train takes 6.624130 seconds ...
[Coach] >>> TRAIN @Epoch: 497  >>>  || LOSS Avg: 0.07213
[Coach] >>> VALID @Epoch: 497  >>> 
[Coach] >>> TEST  @Epoch: 497  >>> 
[Wall TIME] >>> ChiefCoach.train takes 5.762942 seconds ...
[Coach] >>> TRAIN @Epoch: 498  >>>  || LOSS Avg: 0.07213
[Coach] >>> VALID @Epoch: 498  >>> 
[Coach] >>> TEST  @Epoch: 498  >>> 
[Wall TIME] >>> ChiefCoach.train takes 5.746608 seconds ...
[Coach] >>> TRAIN @Epoch: 499  >>>  || LOSS Avg: 0.07177
[Coach] >>> VALID @Epoch: 499  >>> 
[Coach] >>> TEST  @Epoch: 499  >>> 
[Wall TIME] >>> ChiefCoach.train takes 5.790481 seconds ...
[Wall TIME] >>> ChiefCoach.valid takes 1.734083 seconds ...
  [v5+ Epoch 001] gamma_h: 0.1500 | lambda: 0.00020 | avg_cl_loss: 5.507184
  [v5+ Epoch 010] gamma_h: 0.1500 | lambda: 0.00200 | avg_cl_loss: 5.696061
  [v5+ Epoch 020] gamma_h: 0.1500 | lambda: 0.00400 | avg_cl_loss: 5.573173
  [v5+ Epoch 030] gamma_h: 0.1500 | lambda: 0.00600 | avg_cl_loss: 5.474688
  [v5+ Epoch 040] gamma_h: 0.1500 | lambda: 0.00800 | avg_cl_loss: 5.393839
  [v5+ Epoch 050] gamma_h: 0.1500 | lambda: 0.01000 | avg_cl_loss: 5.320354
  [v5+ Epoch 060] gamma_h: 0.1500 | lambda: 0.01000 | avg_cl_loss: 5.255057
  [v5+ Epoch 070] gamma_h: 0.1500 | lambda: 0.01000 | avg_cl_loss: 5.200293
  [v5+ Epoch 080] gamma_h: 0.1500 | lambda: 0.01000 | avg_cl_loss: 5.153144
  [v5+ Epoch 090] gamma_h: 0.1500 | lambda: 0.01000 | avg_cl_loss: 5.112052
  [v5+ Epoch 100] gamma_h: 0.1500 | lambda: 0.01000 | avg_cl_loss: 5.075114
  [v5+ Epoch 110] gamma_h: 0.1500 | lambda: 0.01000 | avg_cl_loss: 5.042619
  [v5+ Epoch 120] gamma_h: 0.1500 | lambda: 0.01000 | avg_cl_loss: 5.013389
  [v5+ Epoch 130] gamma_h: 0.1500 | lambda: 0.01000 | avg_cl_loss: 4.987832
  [v5+ Epoch 140] gamma_h: 0.1500 | lambda: 0.01000 | avg_cl_loss: 4.966110
  [v5+ Epoch 150] gamma_h: 0.1500 | lambda: 0.01000 | avg_cl_loss: 4.945258
  [v5+ Epoch 160] gamma_h: 0.1500 | lambda: 0.01000 | avg_cl_loss: 4.925937
  [v5+ Epoch 170] gamma_h: 0.1500 | lambda: 0.01000 | avg_cl_loss: 4.909694
  [v5+ Epoch 180] gamma_h: 0.1500 | lambda: 0.01000 | avg_cl_loss: 4.894775
  [v5+ Epoch 190] gamma_h: 0.1500 | lambda: 0.01000 | avg_cl_loss: 4.880527
  [v5+ Epoch 200] gamma_h: 0.1500 | lambda: 0.01000 | avg_cl_loss: 4.868894
  [v5+ Epoch 210] gamma_h: 0.1500 | lambda: 0.01000 | avg_cl_loss: 4.857945
  [v5+ Epoch 220] gamma_h: 0.1500 | lambda: 0.01000 | avg_cl_loss: 4.847662
  [v5+ Epoch 230] gamma_h: 0.1500 | lambda: 0.01000 | avg_cl_loss: 4.837485
  [v5+ Epoch 240] gamma_h: 0.1500 | lambda: 0.01000 | avg_cl_loss: 4.828718
  [v5+ Epoch 250] gamma_h: 0.1500 | lambda: 0.01000 | avg_cl_loss: 4.820398
  [v5+ Epoch 260] gamma_h: 0.1500 | lambda: 0.01000 | avg_cl_loss: 4.812905
  [v5+ Epoch 270] gamma_h: 0.1500 | lambda: 0.01000 | avg_cl_loss: 4.806320
  [v5+ Epoch 280] gamma_h: 0.1500 | lambda: 0.01000 | avg_cl_loss: 4.800145
  [v5+ Epoch 290] gamma_h: 0.1500 | lambda: 0.01000 | avg_cl_loss: 4.794668
  [v5+ Epoch 300] gamma_h: 0.1500 | lambda: 0.01000 | avg_cl_loss: 4.789926
  [v5+ Epoch 310] gamma_h: 0.1500 | lambda: 0.01000 | avg_cl_loss: 4.784295
  [v5+ Epoch 320] gamma_h: 0.1500 | lambda: 0.01000 | avg_cl_loss: 4.780121
  [v5+ Epoch 330] gamma_h: 0.1500 | lambda: 0.01000 | avg_cl_loss: 4.775382
  [v5+ Epoch 340] gamma_h: 0.1500 | lambda: 0.01000 | avg_cl_loss: 4.771515
  [v5+ Epoch 350] gamma_h: 0.1500 | lambda: 0.01000 | avg_cl_loss: 4.767809
  [v5+ Epoch 360] gamma_h: 0.1500 | lambda: 0.01000 | avg_cl_loss: 4.764486
  [v5+ Epoch 370] gamma_h: 0.1500 | lambda: 0.01000 | avg_cl_loss: 4.760894
  [v5+ Epoch 380] gamma_h: 0.1500 | lambda: 0.01000 | avg_cl_loss: 4.757911
  [v5+ Epoch 390] gamma_h: 0.1500 | lambda: 0.01000 | avg_cl_loss: 4.754589
  [v5+ Epoch 400] gamma_h: 0.1500 | lambda: 0.01000 | avg_cl_loss: 4.752128
  [v5+ Epoch 410] gamma_h: 0.1500 | lambda: 0.01000 | avg_cl_loss: 4.749035
  [v5+ Epoch 420] gamma_h: 0.1500 | lambda: 0.01000 | avg_cl_loss: 4.746621
  [v5+ Epoch 430] gamma_h: 0.1500 | lambda: 0.01000 | avg_cl_loss: 4.744386
  [v5+ Epoch 440] gamma_h: 0.1500 | lambda: 0.01000 | avg_cl_loss: 4.742090
  [v5+ Epoch 450] gamma_h: 0.1500 | lambda: 0.01000 | avg_cl_loss: 4.739370
  [v5+ Epoch 460] gamma_h: 0.1500 | lambda: 0.01000 | avg_cl_loss: 4.737062
  [v5+ Epoch 470] gamma_h: 0.1500 | lambda: 0.01000 | avg_cl_loss: 4.734782
  [v5+ Epoch 480] gamma_h: 0.1500 | lambda: 0.01000 | avg_cl_loss: 4.732925
  [v5+ Epoch 490] gamma_h: 0.1500 | lambda: 0.01000 | avg_cl_loss: 4.730688
  [v5+ Epoch 500] gamma_h: 0.1500 | lambda: 0.01000 | avg_cl_loss: 4.729291
[Wall TIME] >>> ChiefCoach.test takes 2.550081 seconds ...
[Coach] >>> Better ***NDCG@20*** of ***0.0495*** 
[Coach] >>> TRAIN @Epoch: 500  >>>  || LOSS Avg: 0.07217
[Coach] >>> VALID @Epoch: 500  >>>  || RECALL@1 Avg: 0.0151 || RECALL@10 Avg: 0.0738 || RECALL@20 Avg: 0.1095 || NDCG@10 Avg: 0.0404 || NDCG@20 Avg: 0.0495
[Coach] >>> TEST  @Epoch: 500  >>>  || RECALL@1 Avg: 0.0152 || RECALL@10 Avg: 0.0753 || RECALL@20 Avg: 0.1118 || NDCG@10 Avg: 0.0414 || NDCG@20 Avg: 0.0508
     Mode     Metric      Best  @Epoch
0   train       LOSS  0.071771     498
1   valid   RECALL@1  0.015063     500
2   valid  RECALL@10  0.074199     495
3   valid  RECALL@20  0.109667     395
4   valid    NDCG@10  0.040460     495
5   valid    NDCG@20  0.049518     500
6    test   RECALL@1  0.015172       0
7    test  RECALL@10  0.075272       0
8    test  RECALL@20  0.111783       0
9    test    NDCG@10  0.041391       0
10   test    NDCG@20  0.050833       0
[LoG_PaTH] >>> ./logs/STAIR-NE-NLGCL-v5-Plus/Amazon2014Sports_550_MMRec/0909014528
[Wall TIME] >>> Coach.summary takes 2.103592 seconds ...
[Coach] >>> Load best model @Epoch 500  
[Wall TIME] >>> ChiefCoach.valid takes 1.776207 seconds ...
[Wall TIME] >>> ChiefCoach.test takes 1.747907 seconds ...
[Coach] >>> TRAIN @Epoch: 500  >>> 
[Coach] >>> VALID @Epoch: 500  >>>  || RECALL@1 Avg: 0.0151 || RECALL@10 Avg: 0.0738 || RECALL@20 Avg: 0.1095 || NDCG@10 Avg: 0.0404 || NDCG@20 Avg: 0.0495
[Coach] >>> TEST  @Epoch: 500  >>>  || RECALL@1 Avg: 0.0152 || RECALL@10 Avg: 0.0753 || RECALL@20 Avg: 0.1118 || NDCG@10 Avg: 0.0414 || NDCG@20 Avg: 0.0508
[Wall TIME] >>> Coach.fit takes 3165.232526 seconds ...
