[Benchmark] >>> cudnn.benchmark == False | cudnn.deterministic == True
[Seed] >>> Set seed: 1
[PARSER] >>>
[SAVED_FILENAME: model.pt] 
[BEST_FILENAME: best.pt] 
[CHECKPOINT_FREQ: 1] 
[CHECKPOINT_MODULES: ['model', 'optimizer', 'lr_scheduler']] 
[CHECKPOINT_FILENAME: checkpoint.tar] 
[SUMMARY_FILENAME: SUMMARY.md] 
[MONITOR_FILENAME: monitors.pkl] 
[MONITOR_BEST_FILENAME: best.pkl] 
[monitors: ['LOSS', 'Recall@1', 'Recall@10', 'Recall@20', 'NDCG@10', 'NDCG@20']] 
[which4best: NDCG@20] 
[root: /kaggle/data] 
[dataset: Amazon2014Baby_550_MMRec] 
[tasktag: None] 
[config: /kaggle/working/STAIR-Enhanced/configs/Amazon2014Baby_550_MMRec.yaml] 
[ranking: full] 
[retain_seen: False] 
[device: cuda:0] 
[ddp_backend: nccl] 
[optimizer: adamwsevo] 
[nesterov: False] 
[momentum: 0.9] 
[beta1: 0.9] 
[beta2: 0.999] 
[weight_decay: 0.3] 
[lr: 0.001] 
[batch_size: 1024] 
[epochs: 500] 
[log2file: True] 
[log2console: True] 
[eval_valid: True] 
[eval_test: False] 
[eval_freq: 5] 
[num_workers: 4] 
[seed: 1] 
[benchmark: False] 
[resume: False] 
[id: 0915133731] 
[description: STAIR-NE-NLGCL-v3.1] 
[embedding_dim: 64] 
[num_layers: 3] 
[mfiles: textual_modality.pkl,visual_modality.pkl] 
[num_neighbors: 5-1] 
[gamma: 0.1] 
[tau: 0.2] 
[alpha_dir: 0.5] 
[eps: 0.08] 
[tau_thresh: 0.85] 
[lambda_cl: 0.01] 
[gamma_h: 0.15] 
[warmup_epochs: 50] 
[margin_coef: 0.05] 
[margin_max: 0.02] 
[DATA_DIR: data] 
[SUMMARY_DIR: summary] 
[CHECKPOINT_PATH: ./infos/STAIR-NE-NLGCL-v3.1/Amazon2014Baby_550_MMRec/0] 
[LOG_PATH: ./logs/STAIR-NE-NLGCL-v3.1/Amazon2014Baby_550_MMRec/0915133731] 

[Wall TIME] >>> Parser.compile takes 0.243294 seconds ...
[Amazon2014Baby_550_MMRec] >>> USER:ID,USER | ITEM:ID,ITEM | TIMESTAMP:TIMESTAMP
+--------+--------+-------------------+---------------+--------+--------+-------+-----------------------+
| #Users | #Items |      Avg.Len      | #Interactions | #Train | #Valid | #Test |        Density        |
+--------+--------+-------------------+---------------+--------+--------+-------+-----------------------+
| 19445  |  7050  | 8.269066598097197 |     160792    | 118551 | 20559  | 21682 | 0.0011729172479570493 |
+--------+--------+-------------------+---------------+--------+--------+-------+-----------------------+
[Wall TIME] >>> BaseSet.compile takes 0.927160 seconds ...
[Wall TIME] >>> RecDataSet.to_heterograph takes 0.053813 seconds ...
/usr/local/lib/python3.12/dist-packages/freerec/graph.py:57: UserWarning: Sparse CSR tensor support is in beta state. If you miss a functionality in the sparse tensor support, please submit a feature request to https://github.com/pytorch/pytorch/issues. (Triggered internally at /pytorch/aten/src/ATen/SparseCsrTensorImpl.cpp:49.)
  ).to_sparse_csr()
[Wall TIME] >>> RecDataSet.to_heterograph takes 0.025367 seconds ...
[Wall TIME] >>> GenTrainPositiveSampler.prepare takes 0.055500 seconds ...
[Wall TIME] >>> ValidSampler.prepare takes 0.034762 seconds ...
[Wall TIME] >>> TestSampler.prepare takes 0.039653 seconds ...
[Coach] >>> Set best meter: NDCG@20 
[Wall TIME] >>> Parser.parse takes 0.044325 seconds ...
[Wall TIME] >>> Parser.load takes 0.002463 seconds ...
  [v3.1] Modal consistency stats: mean=-0.0172, std=0.1255, min=-0.4405, max=0.4415
[Wall TIME] >>> ChiefCoach.valid takes 2.530413 seconds ...
[Coach] >>> Better ***NDCG@20*** of ***0.0152*** 
[Coach] >>> TRAIN @Epoch: 0    >>> 
[Coach] >>> VALID @Epoch: 0    >>>  || RECALL@1 Avg: 0.0043 || RECALL@10 Avg: 0.0229 || RECALL@20 Avg: 0.0344 || NDCG@10 Avg: 0.0123 || NDCG@20 Avg: 0.0152
[Coach] >>> TEST  @Epoch: 0    >>> 
[Wall TIME] >>> ChiefCoach.train takes 4.187836 seconds ...
[Coach] >>> TRAIN @Epoch: 1    >>>  || LOSS Avg: 0.62946
[Coach] >>> VALID @Epoch: 1    >>> 
[Coach] >>> TEST  @Epoch: 1    >>> 
[Wall TIME] >>> ChiefCoach.train takes 3.248067 seconds ...
[Coach] >>> TRAIN @Epoch: 2    >>>  || LOSS Avg: 0.61719
[Coach] >>> VALID @Epoch: 2    >>> 
[Coach] >>> TEST  @Epoch: 2    >>> 
[Wall TIME] >>> ChiefCoach.train takes 4.351693 seconds ...
[Coach] >>> TRAIN @Epoch: 3    >>>  || LOSS Avg: 0.60215
[Coach] >>> VALID @Epoch: 3    >>> 
[Coach] >>> TEST  @Epoch: 3    >>> 
[Wall TIME] >>> ChiefCoach.train takes 3.066787 seconds ...
[Coach] >>> TRAIN @Epoch: 4    >>>  || LOSS Avg: 0.58418
[Coach] >>> VALID @Epoch: 4    >>> 
[Coach] >>> TEST  @Epoch: 4    >>> 
[Wall TIME] >>> ChiefCoach.train takes 3.082042 seconds ...
[Wall TIME] >>> ChiefCoach.valid takes 0.832842 seconds ...
[Coach] >>> Better ***NDCG@20*** of ***0.0305*** 
[Coach] >>> TRAIN @Epoch: 5    >>>  || LOSS Avg: 0.56257
[Coach] >>> VALID @Epoch: 5    >>>  || RECALL@1 Avg: 0.0096 || RECALL@10 Avg: 0.0444 || RECALL@20 Avg: 0.0686 || NDCG@10 Avg: 0.0243 || NDCG@20 Avg: 0.0305
[Coach] >>> TEST  @Epoch: 5    >>> 
[Wall TIME] >>> ChiefCoach.train takes 3.010513 seconds ...
[Coach] >>> TRAIN @Epoch: 6    >>>  || LOSS Avg: 0.53810
[Coach] >>> VALID @Epoch: 6    >>> 
[Coach] >>> TEST  @Epoch: 6    >>> 
[Wall TIME] >>> ChiefCoach.train takes 3.169759 seconds ...
[Coach] >>> TRAIN @Epoch: 7    >>>  || LOSS Avg: 0.51249
[Coach] >>> VALID @Epoch: 7    >>> 
[Coach] >>> TEST  @Epoch: 7    >>> 
[Wall TIME] >>> ChiefCoach.train takes 3.020408 seconds ...
[Coach] >>> TRAIN @Epoch: 8    >>>  || LOSS Avg: 0.48697
[Coach] >>> VALID @Epoch: 8    >>> 
[Coach] >>> TEST  @Epoch: 8    >>> 
[Wall TIME] >>> ChiefCoach.train takes 3.047727 seconds ...
[Coach] >>> TRAIN @Epoch: 9    >>>  || LOSS Avg: 0.46323
[Coach] >>> VALID @Epoch: 9    >>> 
[Coach] >>> TEST  @Epoch: 9    >>> 
[Wall TIME] >>> ChiefCoach.train takes 3.078320 seconds ...
[Wall TIME] >>> ChiefCoach.valid takes 0.872656 seconds ...
[Coach] >>> Better ***NDCG@20*** of ***0.0356*** 
[Coach] >>> TRAIN @Epoch: 10   >>>  || LOSS Avg: 0.44123
[Coach] >>> VALID @Epoch: 10   >>>  || RECALL@1 Avg: 0.0101 || RECALL@10 Avg: 0.0539 || RECALL@20 Avg: 0.0811 || NDCG@10 Avg: 0.0286 || NDCG@20 Avg: 0.0356
[Coach] >>> TEST  @Epoch: 10   >>> 
[Wall TIME] >>> ChiefCoach.train takes 3.035364 seconds ...
[Coach] >>> TRAIN @Epoch: 11   >>>  || LOSS Avg: 0.42174
[Coach] >>> VALID @Epoch: 11   >>> 
[Coach] >>> TEST  @Epoch: 11   >>> 
[Wall TIME] >>> ChiefCoach.train takes 3.143591 seconds ...
[Coach] >>> TRAIN @Epoch: 12   >>>  || LOSS Avg: 0.40426
[Coach] >>> VALID @Epoch: 12   >>> 
[Coach] >>> TEST  @Epoch: 12   >>> 
[Wall TIME] >>> ChiefCoach.train takes 3.139470 seconds ...
[Coach] >>> TRAIN @Epoch: 13   >>>  || LOSS Avg: 0.38853
[Coach] >>> VALID @Epoch: 13   >>> 
[Coach] >>> TEST  @Epoch: 13   >>> 
[Wall TIME] >>> ChiefCoach.train takes 3.234058 seconds ...
[Coach] >>> TRAIN @Epoch: 14   >>>  || LOSS Avg: 0.37537
[Coach] >>> VALID @Epoch: 14   >>> 
[Coach] >>> TEST  @Epoch: 14   >>> 
[Wall TIME] >>> ChiefCoach.train takes 3.076081 seconds ...
[Wall TIME] >>> ChiefCoach.valid takes 0.833071 seconds ...
[Coach] >>> Better ***NDCG@20*** of ***0.0370*** 
[Coach] >>> TRAIN @Epoch: 15   >>>  || LOSS Avg: 0.36344
[Coach] >>> VALID @Epoch: 15   >>>  || RECALL@1 Avg: 0.0100 || RECALL@10 Avg: 0.0555 || RECALL@20 Avg: 0.0859 || NDCG@10 Avg: 0.0293 || NDCG@20 Avg: 0.0370
[Coach] >>> TEST  @Epoch: 15   >>> 
[Wall TIME] >>> ChiefCoach.train takes 3.225978 seconds ...
[Coach] >>> TRAIN @Epoch: 16   >>>  || LOSS Avg: 0.35269
[Coach] >>> VALID @Epoch: 16   >>> 
[Coach] >>> TEST  @Epoch: 16   >>> 
[Wall TIME] >>> ChiefCoach.train takes 3.173045 seconds ...
[Coach] >>> TRAIN @Epoch: 17   >>>  || LOSS Avg: 0.34286
[Coach] >>> VALID @Epoch: 17   >>> 
[Coach] >>> TEST  @Epoch: 17   >>> 
[Wall TIME] >>> ChiefCoach.train takes 3.031214 seconds ...
[Coach] >>> TRAIN @Epoch: 18   >>>  || LOSS Avg: 0.33499
[Coach] >>> VALID @Epoch: 18   >>> 
[Coach] >>> TEST  @Epoch: 18   >>> 
[Wall TIME] >>> ChiefCoach.train takes 3.075300 seconds ...
[Coach] >>> TRAIN @Epoch: 19   >>>  || LOSS Avg: 0.32730
[Coach] >>> VALID @Epoch: 19   >>> 
[Coach] >>> TEST  @Epoch: 19   >>> 
[Wall TIME] >>> ChiefCoach.train takes 3.139143 seconds ...
[Wall TIME] >>> ChiefCoach.valid takes 0.836288 seconds ...
[Coach] >>> Better ***NDCG@20*** of ***0.0377*** 
[Coach] >>> TRAIN @Epoch: 20   >>>  || LOSS Avg: 0.32000
[Coach] >>> VALID @Epoch: 20   >>>  || RECALL@1 Avg: 0.0101 || RECALL@10 Avg: 0.0567 || RECALL@20 Avg: 0.0875 || NDCG@10 Avg: 0.0299 || NDCG@20 Avg: 0.0377
[Coach] >>> TEST  @Epoch: 20   >>> 
[Wall TIME] >>> ChiefCoach.train takes 3.256533 seconds ...
[Coach] >>> TRAIN @Epoch: 21   >>>  || LOSS Avg: 0.31449
[Coach] >>> VALID @Epoch: 21   >>> 
[Coach] >>> TEST  @Epoch: 21   >>> 
[Wall TIME] >>> ChiefCoach.train takes 3.108469 seconds ...
[Coach] >>> TRAIN @Epoch: 22   >>>  || LOSS Avg: 0.30887
[Coach] >>> VALID @Epoch: 22   >>> 
[Coach] >>> TEST  @Epoch: 22   >>> 
[Wall TIME] >>> ChiefCoach.train takes 3.741793 seconds ...
[Coach] >>> TRAIN @Epoch: 23   >>>  || LOSS Avg: 0.30434
[Coach] >>> VALID @Epoch: 23   >>> 
[Coach] >>> TEST  @Epoch: 23   >>> 
[Wall TIME] >>> ChiefCoach.train takes 3.068910 seconds ...
[Coach] >>> TRAIN @Epoch: 24   >>>  || LOSS Avg: 0.30016
[Coach] >>> VALID @Epoch: 24   >>> 
[Coach] >>> TEST  @Epoch: 24   >>> 
[Wall TIME] >>> ChiefCoach.train takes 3.141505 seconds ...
[Wall TIME] >>> ChiefCoach.valid takes 0.829226 seconds ...
[Coach] >>> Better ***NDCG@20*** of ***0.0383*** 
[Coach] >>> TRAIN @Epoch: 25   >>>  || LOSS Avg: 0.29595
[Coach] >>> VALID @Epoch: 25   >>>  || RECALL@1 Avg: 0.0104 || RECALL@10 Avg: 0.0588 || RECALL@20 Avg: 0.0882 || NDCG@10 Avg: 0.0308 || NDCG@20 Avg: 0.0383
[Coach] >>> TEST  @Epoch: 25   >>> 
[Wall TIME] >>> ChiefCoach.train takes 3.074250 seconds ...
[Coach] >>> TRAIN @Epoch: 26   >>>  || LOSS Avg: 0.29262
[Coach] >>> VALID @Epoch: 26   >>> 
[Coach] >>> TEST  @Epoch: 26   >>> 
[Wall TIME] >>> ChiefCoach.train takes 3.123805 seconds ...
[Coach] >>> TRAIN @Epoch: 27   >>>  || LOSS Avg: 0.28901
[Coach] >>> VALID @Epoch: 27   >>> 
[Coach] >>> TEST  @Epoch: 27   >>> 
[Wall TIME] >>> ChiefCoach.train takes 2.918215 seconds ...
[Coach] >>> TRAIN @Epoch: 28   >>>  || LOSS Avg: 0.28553
[Coach] >>> VALID @Epoch: 28   >>> 
[Coach] >>> TEST  @Epoch: 28   >>> 
[Wall TIME] >>> ChiefCoach.train takes 3.038655 seconds ...
[Coach] >>> TRAIN @Epoch: 29   >>>  || LOSS Avg: 0.28293
[Coach] >>> VALID @Epoch: 29   >>> 
[Coach] >>> TEST  @Epoch: 29   >>> 
[Wall TIME] >>> ChiefCoach.train takes 3.037125 seconds ...
[Wall TIME] >>> ChiefCoach.valid takes 0.829105 seconds ...
[Coach] >>> Better ***NDCG@20*** of ***0.0394*** 
[Coach] >>> TRAIN @Epoch: 30   >>>  || LOSS Avg: 0.28089
[Coach] >>> VALID @Epoch: 30   >>>  || RECALL@1 Avg: 0.0108 || RECALL@10 Avg: 0.0590 || RECALL@20 Avg: 0.0910 || NDCG@10 Avg: 0.0312 || NDCG@20 Avg: 0.0394
[Coach] >>> TEST  @Epoch: 30   >>> 
[Wall TIME] >>> ChiefCoach.train takes 3.167627 seconds ...
[Coach] >>> TRAIN @Epoch: 31   >>>  || LOSS Avg: 0.27825
[Coach] >>> VALID @Epoch: 31   >>> 
[Coach] >>> TEST  @Epoch: 31   >>> 
[Wall TIME] >>> ChiefCoach.train takes 2.971039 seconds ...
[Coach] >>> TRAIN @Epoch: 32   >>>  || LOSS Avg: 0.27572
[Coach] >>> VALID @Epoch: 32   >>> 
[Coach] >>> TEST  @Epoch: 32   >>> 
[Wall TIME] >>> ChiefCoach.train takes 3.002128 seconds ...
[Coach] >>> TRAIN @Epoch: 33   >>>  || LOSS Avg: 0.27444
[Coach] >>> VALID @Epoch: 33   >>> 
[Coach] >>> TEST  @Epoch: 33   >>> 
[Wall TIME] >>> ChiefCoach.train takes 3.060683 seconds ...
[Coach] >>> TRAIN @Epoch: 34   >>>  || LOSS Avg: 0.27294
[Coach] >>> VALID @Epoch: 34   >>> 
[Coach] >>> TEST  @Epoch: 34   >>> 
[Wall TIME] >>> ChiefCoach.train takes 3.039844 seconds ...
[Wall TIME] >>> ChiefCoach.valid takes 0.814539 seconds ...
[Coach] >>> Better ***NDCG@20*** of ***0.0398*** 
[Coach] >>> TRAIN @Epoch: 35   >>>  || LOSS Avg: 0.27117
[Coach] >>> VALID @Epoch: 35   >>>  || RECALL@1 Avg: 0.0111 || RECALL@10 Avg: 0.0593 || RECALL@20 Avg: 0.0917 || NDCG@10 Avg: 0.0316 || NDCG@20 Avg: 0.0398
[Coach] >>> TEST  @Epoch: 35   >>> 
[Wall TIME] >>> ChiefCoach.train takes 3.028079 seconds ...
[Coach] >>> TRAIN @Epoch: 36   >>>  || LOSS Avg: 0.26923
[Coach] >>> VALID @Epoch: 36   >>> 
[Coach] >>> TEST  @Epoch: 36   >>> 
[Wall TIME] >>> ChiefCoach.train takes 3.031333 seconds ...
[Coach] >>> TRAIN @Epoch: 37   >>>  || LOSS Avg: 0.26784
[Coach] >>> VALID @Epoch: 37   >>> 
[Coach] >>> TEST  @Epoch: 37   >>> 
[Wall TIME] >>> ChiefCoach.train takes 3.007978 seconds ...
[Coach] >>> TRAIN @Epoch: 38   >>>  || LOSS Avg: 0.26656
[Coach] >>> VALID @Epoch: 38   >>> 
[Coach] >>> TEST  @Epoch: 38   >>> 
[Wall TIME] >>> ChiefCoach.train takes 3.060025 seconds ...
[Coach] >>> TRAIN @Epoch: 39   >>>  || LOSS Avg: 0.26579
[Coach] >>> VALID @Epoch: 39   >>> 
[Coach] >>> TEST  @Epoch: 39   >>> 
[Wall TIME] >>> ChiefCoach.train takes 2.963806 seconds ...
[Wall TIME] >>> ChiefCoach.valid takes 0.837524 seconds ...
[Coach] >>> Better ***NDCG@20*** of ***0.0403*** 
[Coach] >>> TRAIN @Epoch: 40   >>>  || LOSS Avg: 0.26425
[Coach] >>> VALID @Epoch: 40   >>>  || RECALL@1 Avg: 0.0112 || RECALL@10 Avg: 0.0603 || RECALL@20 Avg: 0.0933 || NDCG@10 Avg: 0.0319 || NDCG@20 Avg: 0.0403
[Coach] >>> TEST  @Epoch: 40   >>> 
[Wall TIME] >>> ChiefCoach.train takes 2.919296 seconds ...
[Coach] >>> TRAIN @Epoch: 41   >>>  || LOSS Avg: 0.26349
[Coach] >>> VALID @Epoch: 41   >>> 
[Coach] >>> TEST  @Epoch: 41   >>> 
[Wall TIME] >>> ChiefCoach.train takes 3.040423 seconds ...
[Coach] >>> TRAIN @Epoch: 42   >>>  || LOSS Avg: 0.26314
[Coach] >>> VALID @Epoch: 42   >>> 
[Coach] >>> TEST  @Epoch: 42   >>> 
[Wall TIME] >>> ChiefCoach.train takes 3.625671 seconds ...
[Coach] >>> TRAIN @Epoch: 43   >>>  || LOSS Avg: 0.26196
[Coach] >>> VALID @Epoch: 43   >>> 
[Coach] >>> TEST  @Epoch: 43   >>> 
[Wall TIME] >>> ChiefCoach.train takes 3.111858 seconds ...
[Coach] >>> TRAIN @Epoch: 44   >>>  || LOSS Avg: 0.26070
[Coach] >>> VALID @Epoch: 44   >>> 
[Coach] >>> TEST  @Epoch: 44   >>> 
[Wall TIME] >>> ChiefCoach.train takes 3.025770 seconds ...
[Wall TIME] >>> ChiefCoach.valid takes 0.818669 seconds ...
[Coach] >>> Better ***NDCG@20*** of ***0.0404*** 
[Coach] >>> TRAIN @Epoch: 45   >>>  || LOSS Avg: 0.25942
[Coach] >>> VALID @Epoch: 45   >>>  || RECALL@1 Avg: 0.0111 || RECALL@10 Avg: 0.0601 || RECALL@20 Avg: 0.0935 || NDCG@10 Avg: 0.0319 || NDCG@20 Avg: 0.0404
[Coach] >>> TEST  @Epoch: 45   >>> 
[Wall TIME] >>> ChiefCoach.train takes 3.017718 seconds ...
[Coach] >>> TRAIN @Epoch: 46   >>>  || LOSS Avg: 0.26017
[Coach] >>> VALID @Epoch: 46   >>> 
[Coach] >>> TEST  @Epoch: 46   >>> 
[Wall TIME] >>> ChiefCoach.train takes 3.088713 seconds ...
[Coach] >>> TRAIN @Epoch: 47   >>>  || LOSS Avg: 0.25879
[Coach] >>> VALID @Epoch: 47   >>> 
[Coach] >>> TEST  @Epoch: 47   >>> 
[Wall TIME] >>> ChiefCoach.train takes 3.048784 seconds ...
[Coach] >>> TRAIN @Epoch: 48   >>>  || LOSS Avg: 0.25907
[Coach] >>> VALID @Epoch: 48   >>> 
[Coach] >>> TEST  @Epoch: 48   >>> 
[Wall TIME] >>> ChiefCoach.train takes 3.113108 seconds ...
[Coach] >>> TRAIN @Epoch: 49   >>>  || LOSS Avg: 0.25785
[Coach] >>> VALID @Epoch: 49   >>> 
[Coach] >>> TEST  @Epoch: 49   >>> 
[Wall TIME] >>> ChiefCoach.train takes 3.028399 seconds ...
[Wall TIME] >>> ChiefCoach.valid takes 0.810807 seconds ...
[Coach] >>> Better ***NDCG@20*** of ***0.0410*** 
[Coach] >>> TRAIN @Epoch: 50   >>>  || LOSS Avg: 0.25856
[Coach] >>> VALID @Epoch: 50   >>>  || RECALL@1 Avg: 0.0114 || RECALL@10 Avg: 0.0600 || RECALL@20 Avg: 0.0946 || NDCG@10 Avg: 0.0322 || NDCG@20 Avg: 0.0410
[Coach] >>> TEST  @Epoch: 50   >>> 
[Wall TIME] >>> ChiefCoach.train takes 3.005450 seconds ...
[Coach] >>> TRAIN @Epoch: 51   >>>  || LOSS Avg: 0.25629
[Coach] >>> VALID @Epoch: 51   >>> 
[Coach] >>> TEST  @Epoch: 51   >>> 
[Wall TIME] >>> ChiefCoach.train takes 3.060305 seconds ...
[Coach] >>> TRAIN @Epoch: 52   >>>  || LOSS Avg: 0.25647
[Coach] >>> VALID @Epoch: 52   >>> 
[Coach] >>> TEST  @Epoch: 52   >>> 
[Wall TIME] >>> ChiefCoach.train takes 3.078322 seconds ...
[Coach] >>> TRAIN @Epoch: 53   >>>  || LOSS Avg: 0.25420
[Coach] >>> VALID @Epoch: 53   >>> 
[Coach] >>> TEST  @Epoch: 53   >>> 
[Wall TIME] >>> ChiefCoach.train takes 3.119883 seconds ...
[Coach] >>> TRAIN @Epoch: 54   >>>  || LOSS Avg: 0.25225
[Coach] >>> VALID @Epoch: 54   >>> 
[Coach] >>> TEST  @Epoch: 54   >>> 
[Wall TIME] >>> ChiefCoach.train takes 3.064151 seconds ...
[Wall TIME] >>> ChiefCoach.valid takes 0.833086 seconds ...
[Coach] >>> Better ***NDCG@20*** of ***0.0411*** 
[Coach] >>> TRAIN @Epoch: 55   >>>  || LOSS Avg: 0.25130
[Coach] >>> VALID @Epoch: 55   >>>  || RECALL@1 Avg: 0.0112 || RECALL@10 Avg: 0.0607 || RECALL@20 Avg: 0.0950 || NDCG@10 Avg: 0.0323 || NDCG@20 Avg: 0.0411
[Coach] >>> TEST  @Epoch: 55   >>> 
[Wall TIME] >>> ChiefCoach.train takes 3.086785 seconds ...
[Coach] >>> TRAIN @Epoch: 56   >>>  || LOSS Avg: 0.25006
[Coach] >>> VALID @Epoch: 56   >>> 
[Coach] >>> TEST  @Epoch: 56   >>> 
[Wall TIME] >>> ChiefCoach.train takes 3.112242 seconds ...
[Coach] >>> TRAIN @Epoch: 57   >>>  || LOSS Avg: 0.24923
[Coach] >>> VALID @Epoch: 57   >>> 
[Coach] >>> TEST  @Epoch: 57   >>> 
[Wall TIME] >>> ChiefCoach.train takes 3.052837 seconds ...
[Coach] >>> TRAIN @Epoch: 58   >>>  || LOSS Avg: 0.24817
[Coach] >>> VALID @Epoch: 58   >>> 
[Coach] >>> TEST  @Epoch: 58   >>> 
[Wall TIME] >>> ChiefCoach.train takes 3.016537 seconds ...
[Coach] >>> TRAIN @Epoch: 59   >>>  || LOSS Avg: 0.24663
[Coach] >>> VALID @Epoch: 59   >>> 
[Coach] >>> TEST  @Epoch: 59   >>> 
[Wall TIME] >>> ChiefCoach.train takes 2.973392 seconds ...
[Wall TIME] >>> ChiefCoach.valid takes 0.816334 seconds ...
[Coach] >>> Better ***NDCG@20*** of ***0.0413*** 
[Coach] >>> TRAIN @Epoch: 60   >>>  || LOSS Avg: 0.24501
[Coach] >>> VALID @Epoch: 60   >>>  || RECALL@1 Avg: 0.0112 || RECALL@10 Avg: 0.0617 || RECALL@20 Avg: 0.0958 || NDCG@10 Avg: 0.0326 || NDCG@20 Avg: 0.0413
[Coach] >>> TEST  @Epoch: 60   >>> 
[Wall TIME] >>> ChiefCoach.train takes 2.938867 seconds ...
[Coach] >>> TRAIN @Epoch: 61   >>>  || LOSS Avg: 0.24459
[Coach] >>> VALID @Epoch: 61   >>> 
[Coach] >>> TEST  @Epoch: 61   >>> 
[Wall TIME] >>> ChiefCoach.train takes 3.065574 seconds ...
[Coach] >>> TRAIN @Epoch: 62   >>>  || LOSS Avg: 0.24298
[Coach] >>> VALID @Epoch: 62   >>> 
[Coach] >>> TEST  @Epoch: 62   >>> 
[Wall TIME] >>> ChiefCoach.train takes 3.489143 seconds ...
[Coach] >>> TRAIN @Epoch: 63   >>>  || LOSS Avg: 0.24244
[Coach] >>> VALID @Epoch: 63   >>> 
[Coach] >>> TEST  @Epoch: 63   >>> 
[Wall TIME] >>> ChiefCoach.train takes 3.056557 seconds ...
[Coach] >>> TRAIN @Epoch: 64   >>>  || LOSS Avg: 0.24088
[Coach] >>> VALID @Epoch: 64   >>> 
[Coach] >>> TEST  @Epoch: 64   >>> 
[Wall TIME] >>> ChiefCoach.train takes 3.020666 seconds ...
[Wall TIME] >>> ChiefCoach.valid takes 0.797523 seconds ...
[Coach] >>> Better ***NDCG@20*** of ***0.0414*** 
[Coach] >>> TRAIN @Epoch: 65   >>>  || LOSS Avg: 0.24075
[Coach] >>> VALID @Epoch: 65   >>>  || RECALL@1 Avg: 0.0118 || RECALL@10 Avg: 0.0618 || RECALL@20 Avg: 0.0952 || NDCG@10 Avg: 0.0329 || NDCG@20 Avg: 0.0414
[Coach] >>> TEST  @Epoch: 65   >>> 
[Wall TIME] >>> ChiefCoach.train takes 3.040022 seconds ...
[Coach] >>> TRAIN @Epoch: 66   >>>  || LOSS Avg: 0.23953
[Coach] >>> VALID @Epoch: 66   >>> 
[Coach] >>> TEST  @Epoch: 66   >>> 
[Wall TIME] >>> ChiefCoach.train takes 2.971254 seconds ...
[Coach] >>> TRAIN @Epoch: 67   >>>  || LOSS Avg: 0.23786
[Coach] >>> VALID @Epoch: 67   >>> 
[Coach] >>> TEST  @Epoch: 67   >>> 
[Wall TIME] >>> ChiefCoach.train takes 3.071200 seconds ...
[Coach] >>> TRAIN @Epoch: 68   >>>  || LOSS Avg: 0.23749
[Coach] >>> VALID @Epoch: 68   >>> 
[Coach] >>> TEST  @Epoch: 68   >>> 
[Wall TIME] >>> ChiefCoach.train takes 3.027916 seconds ...
[Coach] >>> TRAIN @Epoch: 69   >>>  || LOSS Avg: 0.23749
[Coach] >>> VALID @Epoch: 69   >>> 
[Coach] >>> TEST  @Epoch: 69   >>> 
[Wall TIME] >>> ChiefCoach.train takes 3.059320 seconds ...
[Wall TIME] >>> ChiefCoach.valid takes 0.808454 seconds ...
[Coach] >>> Better ***NDCG@20*** of ***0.0418*** 
[Coach] >>> TRAIN @Epoch: 70   >>>  || LOSS Avg: 0.23582
[Coach] >>> VALID @Epoch: 70   >>>  || RECALL@1 Avg: 0.0118 || RECALL@10 Avg: 0.0627 || RECALL@20 Avg: 0.0968 || NDCG@10 Avg: 0.0331 || NDCG@20 Avg: 0.0418
[Coach] >>> TEST  @Epoch: 70   >>> 
[Wall TIME] >>> ChiefCoach.train takes 3.068655 seconds ...
[Coach] >>> TRAIN @Epoch: 71   >>>  || LOSS Avg: 0.23541
[Coach] >>> VALID @Epoch: 71   >>> 
[Coach] >>> TEST  @Epoch: 71   >>> 
[Wall TIME] >>> ChiefCoach.train takes 3.035671 seconds ...
[Coach] >>> TRAIN @Epoch: 72   >>>  || LOSS Avg: 0.23425
[Coach] >>> VALID @Epoch: 72   >>> 
[Coach] >>> TEST  @Epoch: 72   >>> 
[Wall TIME] >>> ChiefCoach.train takes 3.039460 seconds ...
[Coach] >>> TRAIN @Epoch: 73   >>>  || LOSS Avg: 0.23389
[Coach] >>> VALID @Epoch: 73   >>> 
[Coach] >>> TEST  @Epoch: 73   >>> 
[Wall TIME] >>> ChiefCoach.train takes 2.931913 seconds ...
[Coach] >>> TRAIN @Epoch: 74   >>>  || LOSS Avg: 0.23262
[Coach] >>> VALID @Epoch: 74   >>> 
[Coach] >>> TEST  @Epoch: 74   >>> 
[Wall TIME] >>> ChiefCoach.train takes 3.025472 seconds ...
[Wall TIME] >>> ChiefCoach.valid takes 0.801267 seconds ...
[Coach] >>> TRAIN @Epoch: 75   >>>  || LOSS Avg: 0.23248
[Coach] >>> VALID @Epoch: 75   >>>  || RECALL@1 Avg: 0.0115 || RECALL@10 Avg: 0.0628 || RECALL@20 Avg: 0.0968 || NDCG@10 Avg: 0.0331 || NDCG@20 Avg: 0.0418
[Coach] >>> TEST  @Epoch: 75   >>> 
[Wall TIME] >>> ChiefCoach.train takes 3.042817 seconds ...
[Coach] >>> TRAIN @Epoch: 76   >>>  || LOSS Avg: 0.23208
[Coach] >>> VALID @Epoch: 76   >>> 
[Coach] >>> TEST  @Epoch: 76   >>> 
[Wall TIME] >>> ChiefCoach.train takes 3.069547 seconds ...
[Coach] >>> TRAIN @Epoch: 77   >>>  || LOSS Avg: 0.23020
[Coach] >>> VALID @Epoch: 77   >>> 
[Coach] >>> TEST  @Epoch: 77   >>> 
[Wall TIME] >>> ChiefCoach.train takes 3.016333 seconds ...
[Coach] >>> TRAIN @Epoch: 78   >>>  || LOSS Avg: 0.22981
[Coach] >>> VALID @Epoch: 78   >>> 
[Coach] >>> TEST  @Epoch: 78   >>> 
[Wall TIME] >>> ChiefCoach.train takes 2.987822 seconds ...
[Coach] >>> TRAIN @Epoch: 79   >>>  || LOSS Avg: 0.22972
[Coach] >>> VALID @Epoch: 79   >>> 
[Coach] >>> TEST  @Epoch: 79   >>> 
[Wall TIME] >>> ChiefCoach.train takes 2.996552 seconds ...
[Wall TIME] >>> ChiefCoach.valid takes 0.786995 seconds ...
[Coach] >>> TRAIN @Epoch: 80   >>>  || LOSS Avg: 0.22873
[Coach] >>> VALID @Epoch: 80   >>>  || RECALL@1 Avg: 0.0113 || RECALL@10 Avg: 0.0628 || RECALL@20 Avg: 0.0965 || NDCG@10 Avg: 0.0331 || NDCG@20 Avg: 0.0416
[Coach] >>> TEST  @Epoch: 80   >>> 
[Wall TIME] >>> ChiefCoach.train takes 2.987009 seconds ...
[Coach] >>> TRAIN @Epoch: 81   >>>  || LOSS Avg: 0.22903
[Coach] >>> VALID @Epoch: 81   >>> 
[Coach] >>> TEST  @Epoch: 81   >>> 
[Wall TIME] >>> ChiefCoach.train takes 3.025485 seconds ...
[Coach] >>> TRAIN @Epoch: 82   >>>  || LOSS Avg: 0.22852
[Coach] >>> VALID @Epoch: 82   >>> 
[Coach] >>> TEST  @Epoch: 82   >>> 
[Wall TIME] >>> ChiefCoach.train takes 3.030247 seconds ...
[Coach] >>> TRAIN @Epoch: 83   >>>  || LOSS Avg: 0.22743
[Coach] >>> VALID @Epoch: 83   >>> 
[Coach] >>> TEST  @Epoch: 83   >>> 
[Wall TIME] >>> ChiefCoach.train takes 3.852672 seconds ...
[Coach] >>> TRAIN @Epoch: 84   >>>  || LOSS Avg: 0.22621
[Coach] >>> VALID @Epoch: 84   >>> 
[Coach] >>> TEST  @Epoch: 84   >>> 
[Wall TIME] >>> ChiefCoach.train takes 3.028906 seconds ...
[Wall TIME] >>> ChiefCoach.valid takes 0.798322 seconds ...
[Coach] >>> TRAIN @Epoch: 85   >>>  || LOSS Avg: 0.22618
[Coach] >>> VALID @Epoch: 85   >>>  || RECALL@1 Avg: 0.0114 || RECALL@10 Avg: 0.0629 || RECALL@20 Avg: 0.0973 || NDCG@10 Avg: 0.0330 || NDCG@20 Avg: 0.0417
[Coach] >>> TEST  @Epoch: 85   >>> 
[Wall TIME] >>> ChiefCoach.train takes 3.039445 seconds ...
[Coach] >>> TRAIN @Epoch: 86   >>>  || LOSS Avg: 0.22534
[Coach] >>> VALID @Epoch: 86   >>> 
[Coach] >>> TEST  @Epoch: 86   >>> 
[Wall TIME] >>> ChiefCoach.train takes 3.011887 seconds ...
[Coach] >>> TRAIN @Epoch: 87   >>>  || LOSS Avg: 0.22582
[Coach] >>> VALID @Epoch: 87   >>> 
[Coach] >>> TEST  @Epoch: 87   >>> 
[Wall TIME] >>> ChiefCoach.train takes 2.979913 seconds ...
[Coach] >>> TRAIN @Epoch: 88   >>>  || LOSS Avg: 0.22473
[Coach] >>> VALID @Epoch: 88   >>> 
[Coach] >>> TEST  @Epoch: 88   >>> 
[Wall TIME] >>> ChiefCoach.train takes 3.043715 seconds ...
[Coach] >>> TRAIN @Epoch: 89   >>>  || LOSS Avg: 0.22455
[Coach] >>> VALID @Epoch: 89   >>> 
[Coach] >>> TEST  @Epoch: 89   >>> 
[Wall TIME] >>> ChiefCoach.train takes 2.939405 seconds ...
[Wall TIME] >>> ChiefCoach.valid takes 0.794672 seconds ...
[Coach] >>> Better ***NDCG@20*** of ***0.0419*** 
[Coach] >>> TRAIN @Epoch: 90   >>>  || LOSS Avg: 0.22383
[Coach] >>> VALID @Epoch: 90   >>>  || RECALL@1 Avg: 0.0115 || RECALL@10 Avg: 0.0625 || RECALL@20 Avg: 0.0976 || NDCG@10 Avg: 0.0330 || NDCG@20 Avg: 0.0419
[Coach] >>> TEST  @Epoch: 90   >>> 
[Wall TIME] >>> ChiefCoach.train takes 3.025676 seconds ...
[Coach] >>> TRAIN @Epoch: 91   >>>  || LOSS Avg: 0.22334
[Coach] >>> VALID @Epoch: 91   >>> 
[Coach] >>> TEST  @Epoch: 91   >>> 
[Wall TIME] >>> ChiefCoach.train takes 3.007704 seconds ...
[Coach] >>> TRAIN @Epoch: 92   >>>  || LOSS Avg: 0.22257
[Coach] >>> VALID @Epoch: 92   >>> 
[Coach] >>> TEST  @Epoch: 92   >>> 
[Wall TIME] >>> ChiefCoach.train takes 3.041730 seconds ...
[Coach] >>> TRAIN @Epoch: 93   >>>  || LOSS Avg: 0.22263
[Coach] >>> VALID @Epoch: 93   >>> 
[Coach] >>> TEST  @Epoch: 93   >>> 
[Wall TIME] >>> ChiefCoach.train takes 2.990263 seconds ...
[Coach] >>> TRAIN @Epoch: 94   >>>  || LOSS Avg: 0.22230
[Coach] >>> VALID @Epoch: 94   >>> 
[Coach] >>> TEST  @Epoch: 94   >>> 
[Wall TIME] >>> ChiefCoach.train takes 3.023578 seconds ...
[Wall TIME] >>> ChiefCoach.valid takes 0.818452 seconds ...
[Coach] >>> Better ***NDCG@20*** of ***0.0421*** 
[Coach] >>> TRAIN @Epoch: 95   >>>  || LOSS Avg: 0.22137
[Coach] >>> VALID @Epoch: 95   >>>  || RECALL@1 Avg: 0.0120 || RECALL@10 Avg: 0.0622 || RECALL@20 Avg: 0.0976 || NDCG@10 Avg: 0.0331 || NDCG@20 Avg: 0.0421
[Coach] >>> TEST  @Epoch: 95   >>> 
[Wall TIME] >>> ChiefCoach.train takes 3.014902 seconds ...
[Coach] >>> TRAIN @Epoch: 96   >>>  || LOSS Avg: 0.22096
[Coach] >>> VALID @Epoch: 96   >>> 
[Coach] >>> TEST  @Epoch: 96   >>> 
[Wall TIME] >>> ChiefCoach.train takes 3.047010 seconds ...
[Coach] >>> TRAIN @Epoch: 97   >>>  || LOSS Avg: 0.22048
[Coach] >>> VALID @Epoch: 97   >>> 
[Coach] >>> TEST  @Epoch: 97   >>> 
[Wall TIME] >>> ChiefCoach.train takes 3.052672 seconds ...
[Coach] >>> TRAIN @Epoch: 98   >>>  || LOSS Avg: 0.22061
[Coach] >>> VALID @Epoch: 98   >>> 
[Coach] >>> TEST  @Epoch: 98   >>> 
[Wall TIME] >>> ChiefCoach.train takes 3.008543 seconds ...
[Coach] >>> TRAIN @Epoch: 99   >>>  || LOSS Avg: 0.22015
[Coach] >>> VALID @Epoch: 99   >>> 
[Coach] >>> TEST  @Epoch: 99   >>> 
[Wall TIME] >>> ChiefCoach.train takes 3.042854 seconds ...
[Wall TIME] >>> ChiefCoach.valid takes 0.809442 seconds ...
[Coach] >>> TRAIN @Epoch: 100  >>>  || LOSS Avg: 0.21977
[Coach] >>> VALID @Epoch: 100  >>>  || RECALL@1 Avg: 0.0118 || RECALL@10 Avg: 0.0620 || RECALL@20 Avg: 0.0981 || NDCG@10 Avg: 0.0328 || NDCG@20 Avg: 0.0420
[Coach] >>> TEST  @Epoch: 100  >>> 
[Wall TIME] >>> ChiefCoach.train takes 3.001327 seconds ...
[Coach] >>> TRAIN @Epoch: 101  >>>  || LOSS Avg: 0.21906
[Coach] >>> VALID @Epoch: 101  >>> 
[Coach] >>> TEST  @Epoch: 101  >>> 
[Wall TIME] >>> ChiefCoach.train takes 3.096223 seconds ...
[Coach] >>> TRAIN @Epoch: 102  >>>  || LOSS Avg: 0.21850
[Coach] >>> VALID @Epoch: 102  >>> 
[Coach] >>> TEST  @Epoch: 102  >>> 
[Wall TIME] >>> ChiefCoach.train takes 2.975865 seconds ...
[Coach] >>> TRAIN @Epoch: 103  >>>  || LOSS Avg: 0.21816
[Coach] >>> VALID @Epoch: 103  >>> 
[Coach] >>> TEST  @Epoch: 103  >>> 
[Wall TIME] >>> ChiefCoach.train takes 3.758340 seconds ...
[Coach] >>> TRAIN @Epoch: 104  >>>  || LOSS Avg: 0.21755
[Coach] >>> VALID @Epoch: 104  >>> 
[Coach] >>> TEST  @Epoch: 104  >>> 
[Wall TIME] >>> ChiefCoach.train takes 3.050138 seconds ...
[Wall TIME] >>> ChiefCoach.valid takes 0.796574 seconds ...
[Coach] >>> Better ***NDCG@20*** of ***0.0422*** 
[Coach] >>> TRAIN @Epoch: 105  >>>  || LOSS Avg: 0.21805
[Coach] >>> VALID @Epoch: 105  >>>  || RECALL@1 Avg: 0.0117 || RECALL@10 Avg: 0.0623 || RECALL@20 Avg: 0.0979 || NDCG@10 Avg: 0.0331 || NDCG@20 Avg: 0.0422
[Coach] >>> TEST  @Epoch: 105  >>> 
[Wall TIME] >>> ChiefCoach.train takes 3.013553 seconds ...
[Coach] >>> TRAIN @Epoch: 106  >>>  || LOSS Avg: 0.21726
[Coach] >>> VALID @Epoch: 106  >>> 
[Coach] >>> TEST  @Epoch: 106  >>> 
[Wall TIME] >>> ChiefCoach.train takes 3.016943 seconds ...
[Coach] >>> TRAIN @Epoch: 107  >>>  || LOSS Avg: 0.21677
[Coach] >>> VALID @Epoch: 107  >>> 
[Coach] >>> TEST  @Epoch: 107  >>> 
[Wall TIME] >>> ChiefCoach.train takes 2.945341 seconds ...
[Coach] >>> TRAIN @Epoch: 108  >>>  || LOSS Avg: 0.21615
[Coach] >>> VALID @Epoch: 108  >>> 
[Coach] >>> TEST  @Epoch: 108  >>> 
[Wall TIME] >>> ChiefCoach.train takes 2.987763 seconds ...
[Coach] >>> TRAIN @Epoch: 109  >>>  || LOSS Avg: 0.21603
[Coach] >>> VALID @Epoch: 109  >>> 
[Coach] >>> TEST  @Epoch: 109  >>> 
[Wall TIME] >>> ChiefCoach.train takes 3.012737 seconds ...
[Wall TIME] >>> ChiefCoach.valid takes 0.830809 seconds ...
[Coach] >>> TRAIN @Epoch: 110  >>>  || LOSS Avg: 0.21604
[Coach] >>> VALID @Epoch: 110  >>>  || RECALL@1 Avg: 0.0112 || RECALL@10 Avg: 0.0628 || RECALL@20 Avg: 0.0982 || NDCG@10 Avg: 0.0331 || NDCG@20 Avg: 0.0421
[Coach] >>> TEST  @Epoch: 110  >>> 
[Wall TIME] >>> ChiefCoach.train takes 2.939138 seconds ...
[Coach] >>> TRAIN @Epoch: 111  >>>  || LOSS Avg: 0.21536
[Coach] >>> VALID @Epoch: 111  >>> 
[Coach] >>> TEST  @Epoch: 111  >>> 
[Wall TIME] >>> ChiefCoach.train takes 3.059103 seconds ...
[Coach] >>> TRAIN @Epoch: 112  >>>  || LOSS Avg: 0.21596
[Coach] >>> VALID @Epoch: 112  >>> 
[Coach] >>> TEST  @Epoch: 112  >>> 
[Wall TIME] >>> ChiefCoach.train takes 2.960702 seconds ...
[Coach] >>> TRAIN @Epoch: 113  >>>  || LOSS Avg: 0.21546
[Coach] >>> VALID @Epoch: 113  >>> 
[Coach] >>> TEST  @Epoch: 113  >>> 
[Wall TIME] >>> ChiefCoach.train takes 3.063834 seconds ...
[Coach] >>> TRAIN @Epoch: 114  >>>  || LOSS Avg: 0.21488
[Coach] >>> VALID @Epoch: 114  >>> 
[Coach] >>> TEST  @Epoch: 114  >>> 
[Wall TIME] >>> ChiefCoach.train takes 3.017377 seconds ...
[Wall TIME] >>> ChiefCoach.valid takes 0.787849 seconds ...
[Coach] >>> Better ***NDCG@20*** of ***0.0424*** 
[Coach] >>> TRAIN @Epoch: 115  >>>  || LOSS Avg: 0.21487
[Coach] >>> VALID @Epoch: 115  >>>  || RECALL@1 Avg: 0.0120 || RECALL@10 Avg: 0.0625 || RECALL@20 Avg: 0.0981 || NDCG@10 Avg: 0.0334 || NDCG@20 Avg: 0.0424
[Coach] >>> TEST  @Epoch: 115  >>> 
[Wall TIME] >>> ChiefCoach.train takes 2.947447 seconds ...
[Coach] >>> TRAIN @Epoch: 116  >>>  || LOSS Avg: 0.21463
[Coach] >>> VALID @Epoch: 116  >>> 
[Coach] >>> TEST  @Epoch: 116  >>> 
[Wall TIME] >>> ChiefCoach.train takes 3.052866 seconds ...
[Coach] >>> TRAIN @Epoch: 117  >>>  || LOSS Avg: 0.21418
[Coach] >>> VALID @Epoch: 117  >>> 
[Coach] >>> TEST  @Epoch: 117  >>> 
[Wall TIME] >>> ChiefCoach.train takes 3.006802 seconds ...
[Coach] >>> TRAIN @Epoch: 118  >>>  || LOSS Avg: 0.21346
[Coach] >>> VALID @Epoch: 118  >>> 
[Coach] >>> TEST  @Epoch: 118  >>> 
[Wall TIME] >>> ChiefCoach.train takes 2.958380 seconds ...
[Coach] >>> TRAIN @Epoch: 119  >>>  || LOSS Avg: 0.21358
[Coach] >>> VALID @Epoch: 119  >>> 
[Coach] >>> TEST  @Epoch: 119  >>> 
[Wall TIME] >>> ChiefCoach.train takes 3.027156 seconds ...
[Wall TIME] >>> ChiefCoach.valid takes 0.816814 seconds ...
[Coach] >>> TRAIN @Epoch: 120  >>>  || LOSS Avg: 0.21295
[Coach] >>> VALID @Epoch: 120  >>>  || RECALL@1 Avg: 0.0112 || RECALL@10 Avg: 0.0634 || RECALL@20 Avg: 0.0977 || NDCG@10 Avg: 0.0333 || NDCG@20 Avg: 0.0420
[Coach] >>> TEST  @Epoch: 120  >>> 
[Wall TIME] >>> ChiefCoach.train takes 3.041919 seconds ...
[Coach] >>> TRAIN @Epoch: 121  >>>  || LOSS Avg: 0.21320
[Coach] >>> VALID @Epoch: 121  >>> 
[Coach] >>> TEST  @Epoch: 121  >>> 
[Wall TIME] >>> ChiefCoach.train takes 2.888469 seconds ...
[Coach] >>> TRAIN @Epoch: 122  >>>  || LOSS Avg: 0.21254
[Coach] >>> VALID @Epoch: 122  >>> 
[Coach] >>> TEST  @Epoch: 122  >>> 
[Wall TIME] >>> ChiefCoach.train takes 2.961265 seconds ...
[Coach] >>> TRAIN @Epoch: 123  >>>  || LOSS Avg: 0.21248
[Coach] >>> VALID @Epoch: 123  >>> 
[Coach] >>> TEST  @Epoch: 123  >>> 
[Wall TIME] >>> ChiefCoach.train takes 3.455610 seconds ...
[Coach] >>> TRAIN @Epoch: 124  >>>  || LOSS Avg: 0.21265
[Coach] >>> VALID @Epoch: 124  >>> 
[Coach] >>> TEST  @Epoch: 124  >>> 
[Wall TIME] >>> ChiefCoach.train takes 3.084173 seconds ...
[Wall TIME] >>> ChiefCoach.valid takes 0.823449 seconds ...
[Coach] >>> TRAIN @Epoch: 125  >>>  || LOSS Avg: 0.21199
[Coach] >>> VALID @Epoch: 125  >>>  || RECALL@1 Avg: 0.0115 || RECALL@10 Avg: 0.0633 || RECALL@20 Avg: 0.0986 || NDCG@10 Avg: 0.0332 || NDCG@20 Avg: 0.0422
[Coach] >>> TEST  @Epoch: 125  >>> 
[Wall TIME] >>> ChiefCoach.train takes 2.986802 seconds ...
[Coach] >>> TRAIN @Epoch: 126  >>>  || LOSS Avg: 0.21181
[Coach] >>> VALID @Epoch: 126  >>> 
[Coach] >>> TEST  @Epoch: 126  >>> 
[Wall TIME] >>> ChiefCoach.train takes 3.021720 seconds ...
[Coach] >>> TRAIN @Epoch: 127  >>>  || LOSS Avg: 0.21144
[Coach] >>> VALID @Epoch: 127  >>> 
[Coach] >>> TEST  @Epoch: 127  >>> 
[Wall TIME] >>> ChiefCoach.train takes 3.031967 seconds ...
[Coach] >>> TRAIN @Epoch: 128  >>>  || LOSS Avg: 0.21139
[Coach] >>> VALID @Epoch: 128  >>> 
[Coach] >>> TEST  @Epoch: 128  >>> 
[Wall TIME] >>> ChiefCoach.train takes 3.046906 seconds ...
[Coach] >>> TRAIN @Epoch: 129  >>>  || LOSS Avg: 0.21108
[Coach] >>> VALID @Epoch: 129  >>> 
[Coach] >>> TEST  @Epoch: 129  >>> 
[Wall TIME] >>> ChiefCoach.train takes 3.006874 seconds ...
[Wall TIME] >>> ChiefCoach.valid takes 0.788306 seconds ...
[Coach] >>> TRAIN @Epoch: 130  >>>  || LOSS Avg: 0.21135
[Coach] >>> VALID @Epoch: 130  >>>  || RECALL@1 Avg: 0.0115 || RECALL@10 Avg: 0.0628 || RECALL@20 Avg: 0.0988 || NDCG@10 Avg: 0.0331 || NDCG@20 Avg: 0.0422
[Coach] >>> TEST  @Epoch: 130  >>> 
[Wall TIME] >>> ChiefCoach.train takes 2.966586 seconds ...
[Coach] >>> TRAIN @Epoch: 131  >>>  || LOSS Avg: 0.21118
[Coach] >>> VALID @Epoch: 131  >>> 
[Coach] >>> TEST  @Epoch: 131  >>> 
[Wall TIME] >>> ChiefCoach.train takes 3.097601 seconds ...
[Coach] >>> TRAIN @Epoch: 132  >>>  || LOSS Avg: 0.21000
[Coach] >>> VALID @Epoch: 132  >>> 
[Coach] >>> TEST  @Epoch: 132  >>> 
[Wall TIME] >>> ChiefCoach.train takes 3.032288 seconds ...
[Coach] >>> TRAIN @Epoch: 133  >>>  || LOSS Avg: 0.21059
[Coach] >>> VALID @Epoch: 133  >>> 
[Coach] >>> TEST  @Epoch: 133  >>> 
[Wall TIME] >>> ChiefCoach.train takes 2.988492 seconds ...
[Coach] >>> TRAIN @Epoch: 134  >>>  || LOSS Avg: 0.20992
[Coach] >>> VALID @Epoch: 134  >>> 
[Coach] >>> TEST  @Epoch: 134  >>> 
[Wall TIME] >>> ChiefCoach.train takes 3.048628 seconds ...
[Wall TIME] >>> ChiefCoach.valid takes 0.827594 seconds ...
[Coach] >>> TRAIN @Epoch: 135  >>>  || LOSS Avg: 0.21003
[Coach] >>> VALID @Epoch: 135  >>>  || RECALL@1 Avg: 0.0115 || RECALL@10 Avg: 0.0624 || RECALL@20 Avg: 0.0989 || NDCG@10 Avg: 0.0331 || NDCG@20 Avg: 0.0423
[Coach] >>> TEST  @Epoch: 135  >>> 
[Wall TIME] >>> ChiefCoach.train takes 2.935827 seconds ...
[Coach] >>> TRAIN @Epoch: 136  >>>  || LOSS Avg: 0.20970
[Coach] >>> VALID @Epoch: 136  >>> 
[Coach] >>> TEST  @Epoch: 136  >>> 
[Wall TIME] >>> ChiefCoach.train takes 3.039056 seconds ...
[Coach] >>> TRAIN @Epoch: 137  >>>  || LOSS Avg: 0.21035
[Coach] >>> VALID @Epoch: 137  >>> 
[Coach] >>> TEST  @Epoch: 137  >>> 
[Wall TIME] >>> ChiefCoach.train takes 2.981136 seconds ...
[Coach] >>> TRAIN @Epoch: 138  >>>  || LOSS Avg: 0.20960
[Coach] >>> VALID @Epoch: 138  >>> 
[Coach] >>> TEST  @Epoch: 138  >>> 
[Wall TIME] >>> ChiefCoach.train takes 2.974301 seconds ...
[Coach] >>> TRAIN @Epoch: 139  >>>  || LOSS Avg: 0.20884
[Coach] >>> VALID @Epoch: 139  >>> 
[Coach] >>> TEST  @Epoch: 139  >>> 
[Wall TIME] >>> ChiefCoach.train takes 2.937295 seconds ...
[Wall TIME] >>> ChiefCoach.valid takes 0.800280 seconds ...
[Coach] >>> TRAIN @Epoch: 140  >>>  || LOSS Avg: 0.20900
[Coach] >>> VALID @Epoch: 140  >>>  || RECALL@1 Avg: 0.0114 || RECALL@10 Avg: 0.0632 || RECALL@20 Avg: 0.0981 || NDCG@10 Avg: 0.0333 || NDCG@20 Avg: 0.0422
[Coach] >>> TEST  @Epoch: 140  >>> 
[Wall TIME] >>> ChiefCoach.train takes 2.906024 seconds ...
[Coach] >>> TRAIN @Epoch: 141  >>>  || LOSS Avg: 0.20907
[Coach] >>> VALID @Epoch: 141  >>> 
[Coach] >>> TEST  @Epoch: 141  >>> 
[Wall TIME] >>> ChiefCoach.train takes 2.897146 seconds ...
[Coach] >>> TRAIN @Epoch: 142  >>>  || LOSS Avg: 0.20900
[Coach] >>> VALID @Epoch: 142  >>> 
[Coach] >>> TEST  @Epoch: 142  >>> 
[Wall TIME] >>> ChiefCoach.train takes 2.900518 seconds ...
[Coach] >>> TRAIN @Epoch: 143  >>>  || LOSS Avg: 0.20841
[Coach] >>> VALID @Epoch: 143  >>> 
[Coach] >>> TEST  @Epoch: 143  >>> 
[Wall TIME] >>> ChiefCoach.train takes 2.920794 seconds ...
[Coach] >>> TRAIN @Epoch: 144  >>>  || LOSS Avg: 0.20843
[Coach] >>> VALID @Epoch: 144  >>> 
[Coach] >>> TEST  @Epoch: 144  >>> 
[Wall TIME] >>> ChiefCoach.train takes 3.693790 seconds ...
[Wall TIME] >>> ChiefCoach.valid takes 0.775884 seconds ...
[Coach] >>> TRAIN @Epoch: 145  >>>  || LOSS Avg: 0.20834
[Coach] >>> VALID @Epoch: 145  >>>  || RECALL@1 Avg: 0.0113 || RECALL@10 Avg: 0.0632 || RECALL@20 Avg: 0.0983 || NDCG@10 Avg: 0.0332 || NDCG@20 Avg: 0.0421
[Coach] >>> TEST  @Epoch: 145  >>> 
[Wall TIME] >>> ChiefCoach.train takes 2.999184 seconds ...
[Coach] >>> TRAIN @Epoch: 146  >>>  || LOSS Avg: 0.20787
[Coach] >>> VALID @Epoch: 146  >>> 
[Coach] >>> TEST  @Epoch: 146  >>> 
[Wall TIME] >>> ChiefCoach.train takes 3.054555 seconds ...
[Coach] >>> TRAIN @Epoch: 147  >>>  || LOSS Avg: 0.20875
[Coach] >>> VALID @Epoch: 147  >>> 
[Coach] >>> TEST  @Epoch: 147  >>> 
[Wall TIME] >>> ChiefCoach.train takes 3.030399 seconds ...
[Coach] >>> TRAIN @Epoch: 148  >>>  || LOSS Avg: 0.20761
[Coach] >>> VALID @Epoch: 148  >>> 
[Coach] >>> TEST  @Epoch: 148  >>> 
[Wall TIME] >>> ChiefCoach.train takes 3.029932 seconds ...
[Coach] >>> TRAIN @Epoch: 149  >>>  || LOSS Avg: 0.20715
[Coach] >>> VALID @Epoch: 149  >>> 
[Coach] >>> TEST  @Epoch: 149  >>> 
[Wall TIME] >>> ChiefCoach.train takes 2.979789 seconds ...
[Wall TIME] >>> ChiefCoach.valid takes 0.818263 seconds ...
[Coach] >>> Better ***NDCG@20*** of ***0.0424*** 
[Coach] >>> TRAIN @Epoch: 150  >>>  || LOSS Avg: 0.20754
[Coach] >>> VALID @Epoch: 150  >>>  || RECALL@1 Avg: 0.0115 || RECALL@10 Avg: 0.0623 || RECALL@20 Avg: 0.0989 || NDCG@10 Avg: 0.0331 || NDCG@20 Avg: 0.0424
[Coach] >>> TEST  @Epoch: 150  >>> 
[Wall TIME] >>> ChiefCoach.train takes 3.027476 seconds ...
[Coach] >>> TRAIN @Epoch: 151  >>>  || LOSS Avg: 0.20774
[Coach] >>> VALID @Epoch: 151  >>> 
[Coach] >>> TEST  @Epoch: 151  >>> 
[Wall TIME] >>> ChiefCoach.train takes 2.986058 seconds ...
[Coach] >>> TRAIN @Epoch: 152  >>>  || LOSS Avg: 0.20676
[Coach] >>> VALID @Epoch: 152  >>> 
[Coach] >>> TEST  @Epoch: 152  >>> 
[Wall TIME] >>> ChiefCoach.train takes 3.011095 seconds ...
[Coach] >>> TRAIN @Epoch: 153  >>>  || LOSS Avg: 0.20721
[Coach] >>> VALID @Epoch: 153  >>> 
[Coach] >>> TEST  @Epoch: 153  >>> 
[Wall TIME] >>> ChiefCoach.train takes 2.997694 seconds ...
[Coach] >>> TRAIN @Epoch: 154  >>>  || LOSS Avg: 0.20650
[Coach] >>> VALID @Epoch: 154  >>> 
[Coach] >>> TEST  @Epoch: 154  >>> 
[Wall TIME] >>> ChiefCoach.train takes 3.031734 seconds ...
[Wall TIME] >>> ChiefCoach.valid takes 0.790964 seconds ...
[Coach] >>> Better ***NDCG@20*** of ***0.0427*** 
[Coach] >>> TRAIN @Epoch: 155  >>>  || LOSS Avg: 0.20664
[Coach] >>> VALID @Epoch: 155  >>>  || RECALL@1 Avg: 0.0117 || RECALL@10 Avg: 0.0635 || RECALL@20 Avg: 0.0996 || NDCG@10 Avg: 0.0336 || NDCG@20 Avg: 0.0427
[Coach] >>> TEST  @Epoch: 155  >>> 
[Wall TIME] >>> ChiefCoach.train takes 3.012342 seconds ...
[Coach] >>> TRAIN @Epoch: 156  >>>  || LOSS Avg: 0.20636
[Coach] >>> VALID @Epoch: 156  >>> 
[Coach] >>> TEST  @Epoch: 156  >>> 
[Wall TIME] >>> ChiefCoach.train takes 3.039337 seconds ...
[Coach] >>> TRAIN @Epoch: 157  >>>  || LOSS Avg: 0.20608
[Coach] >>> VALID @Epoch: 157  >>> 
[Coach] >>> TEST  @Epoch: 157  >>> 
[Wall TIME] >>> ChiefCoach.train takes 2.919651 seconds ...
[Coach] >>> TRAIN @Epoch: 158  >>>  || LOSS Avg: 0.20601
[Coach] >>> VALID @Epoch: 158  >>> 
[Coach] >>> TEST  @Epoch: 158  >>> 
[Wall TIME] >>> ChiefCoach.train takes 2.899857 seconds ...
[Coach] >>> TRAIN @Epoch: 159  >>>  || LOSS Avg: 0.20623
[Coach] >>> VALID @Epoch: 159  >>> 
[Coach] >>> TEST  @Epoch: 159  >>> 
[Wall TIME] >>> ChiefCoach.train takes 2.954397 seconds ...
[Wall TIME] >>> ChiefCoach.valid takes 0.818243 seconds ...
[Coach] >>> TRAIN @Epoch: 160  >>>  || LOSS Avg: 0.20545
[Coach] >>> VALID @Epoch: 160  >>>  || RECALL@1 Avg: 0.0118 || RECALL@10 Avg: 0.0638 || RECALL@20 Avg: 0.0997 || NDCG@10 Avg: 0.0336 || NDCG@20 Avg: 0.0427
[Coach] >>> TEST  @Epoch: 160  >>> 
[Wall TIME] >>> ChiefCoach.train takes 2.844535 seconds ...
[Coach] >>> TRAIN @Epoch: 161  >>>  || LOSS Avg: 0.20533
[Coach] >>> VALID @Epoch: 161  >>> 
[Coach] >>> TEST  @Epoch: 161  >>> 
[Wall TIME] >>> ChiefCoach.train takes 3.014824 seconds ...
[Coach] >>> TRAIN @Epoch: 162  >>>  || LOSS Avg: 0.20527
[Coach] >>> VALID @Epoch: 162  >>> 
[Coach] >>> TEST  @Epoch: 162  >>> 
[Wall TIME] >>> ChiefCoach.train takes 2.974600 seconds ...
[Coach] >>> TRAIN @Epoch: 163  >>>  || LOSS Avg: 0.20572
[Coach] >>> VALID @Epoch: 163  >>> 
[Coach] >>> TEST  @Epoch: 163  >>> 
[Wall TIME] >>> ChiefCoach.train takes 2.995061 seconds ...
[Coach] >>> TRAIN @Epoch: 164  >>>  || LOSS Avg: 0.20561
[Coach] >>> VALID @Epoch: 164  >>> 
[Coach] >>> TEST  @Epoch: 164  >>> 
[Wall TIME] >>> ChiefCoach.train takes 3.584818 seconds ...
[Wall TIME] >>> ChiefCoach.valid takes 0.807689 seconds ...
[Coach] >>> TRAIN @Epoch: 165  >>>  || LOSS Avg: 0.20461
[Coach] >>> VALID @Epoch: 165  >>>  || RECALL@1 Avg: 0.0116 || RECALL@10 Avg: 0.0637 || RECALL@20 Avg: 0.0995 || NDCG@10 Avg: 0.0336 || NDCG@20 Avg: 0.0427
[Coach] >>> TEST  @Epoch: 165  >>> 
[Wall TIME] >>> ChiefCoach.train takes 2.959560 seconds ...
[Coach] >>> TRAIN @Epoch: 166  >>>  || LOSS Avg: 0.20462
[Coach] >>> VALID @Epoch: 166  >>> 
[Coach] >>> TEST  @Epoch: 166  >>> 
[Wall TIME] >>> ChiefCoach.train takes 2.952173 seconds ...
[Coach] >>> TRAIN @Epoch: 167  >>>  || LOSS Avg: 0.20442
[Coach] >>> VALID @Epoch: 167  >>> 
[Coach] >>> TEST  @Epoch: 167  >>> 
[Wall TIME] >>> ChiefCoach.train takes 2.887707 seconds ...
[Coach] >>> TRAIN @Epoch: 168  >>>  || LOSS Avg: 0.20460
[Coach] >>> VALID @Epoch: 168  >>> 
[Coach] >>> TEST  @Epoch: 168  >>> 
[Wall TIME] >>> ChiefCoach.train takes 3.000114 seconds ...
[Coach] >>> TRAIN @Epoch: 169  >>>  || LOSS Avg: 0.20402
[Coach] >>> VALID @Epoch: 169  >>> 
[Coach] >>> TEST  @Epoch: 169  >>> 
[Wall TIME] >>> ChiefCoach.train takes 2.995140 seconds ...
[Wall TIME] >>> ChiefCoach.valid takes 0.817249 seconds ...
[Coach] >>> TRAIN @Epoch: 170  >>>  || LOSS Avg: 0.20440
[Coach] >>> VALID @Epoch: 170  >>>  || RECALL@1 Avg: 0.0113 || RECALL@10 Avg: 0.0631 || RECALL@20 Avg: 0.0993 || NDCG@10 Avg: 0.0334 || NDCG@20 Avg: 0.0425
[Coach] >>> TEST  @Epoch: 170  >>> 
[Wall TIME] >>> ChiefCoach.train takes 2.977616 seconds ...
[Coach] >>> TRAIN @Epoch: 171  >>>  || LOSS Avg: 0.20488
[Coach] >>> VALID @Epoch: 171  >>> 
[Coach] >>> TEST  @Epoch: 171  >>> 
[Wall TIME] >>> ChiefCoach.train takes 3.036201 seconds ...
[Coach] >>> TRAIN @Epoch: 172  >>>  || LOSS Avg: 0.20464
[Coach] >>> VALID @Epoch: 172  >>> 
[Coach] >>> TEST  @Epoch: 172  >>> 
[Wall TIME] >>> ChiefCoach.train takes 2.959420 seconds ...
[Coach] >>> TRAIN @Epoch: 173  >>>  || LOSS Avg: 0.20366
[Coach] >>> VALID @Epoch: 173  >>> 
[Coach] >>> TEST  @Epoch: 173  >>> 
[Wall TIME] >>> ChiefCoach.train takes 2.979763 seconds ...
[Coach] >>> TRAIN @Epoch: 174  >>>  || LOSS Avg: 0.20432
[Coach] >>> VALID @Epoch: 174  >>> 
[Coach] >>> TEST  @Epoch: 174  >>> 
[Wall TIME] >>> ChiefCoach.train takes 2.874671 seconds ...
[Wall TIME] >>> ChiefCoach.valid takes 0.830543 seconds ...
[Coach] >>> Better ***NDCG@20*** of ***0.0428*** 
[Coach] >>> TRAIN @Epoch: 175  >>>  || LOSS Avg: 0.20428
[Coach] >>> VALID @Epoch: 175  >>>  || RECALL@1 Avg: 0.0118 || RECALL@10 Avg: 0.0628 || RECALL@20 Avg: 0.1000 || NDCG@10 Avg: 0.0334 || NDCG@20 Avg: 0.0428
[Coach] >>> TEST  @Epoch: 175  >>> 
[Wall TIME] >>> ChiefCoach.train takes 3.011097 seconds ...
[Coach] >>> TRAIN @Epoch: 176  >>>  || LOSS Avg: 0.20358
[Coach] >>> VALID @Epoch: 176  >>> 
[Coach] >>> TEST  @Epoch: 176  >>> 
[Wall TIME] >>> ChiefCoach.train takes 3.001309 seconds ...
[Coach] >>> TRAIN @Epoch: 177  >>>  || LOSS Avg: 0.20327
[Coach] >>> VALID @Epoch: 177  >>> 
[Coach] >>> TEST  @Epoch: 177  >>> 
[Wall TIME] >>> ChiefCoach.train takes 2.950711 seconds ...
[Coach] >>> TRAIN @Epoch: 178  >>>  || LOSS Avg: 0.20383
[Coach] >>> VALID @Epoch: 178  >>> 
[Coach] >>> TEST  @Epoch: 178  >>> 
[Wall TIME] >>> ChiefCoach.train takes 3.039874 seconds ...
[Coach] >>> TRAIN @Epoch: 179  >>>  || LOSS Avg: 0.20345
[Coach] >>> VALID @Epoch: 179  >>> 
[Coach] >>> TEST  @Epoch: 179  >>> 
[Wall TIME] >>> ChiefCoach.train takes 2.994695 seconds ...
[Wall TIME] >>> ChiefCoach.valid takes 0.815415 seconds ...
[Coach] >>> Better ***NDCG@20*** of ***0.0430*** 
[Coach] >>> TRAIN @Epoch: 180  >>>  || LOSS Avg: 0.20355
[Coach] >>> VALID @Epoch: 180  >>>  || RECALL@1 Avg: 0.0119 || RECALL@10 Avg: 0.0628 || RECALL@20 Avg: 0.1000 || NDCG@10 Avg: 0.0336 || NDCG@20 Avg: 0.0430
[Coach] >>> TEST  @Epoch: 180  >>> 
[Wall TIME] >>> ChiefCoach.train takes 3.030521 seconds ...
[Coach] >>> TRAIN @Epoch: 181  >>>  || LOSS Avg: 0.20358
[Coach] >>> VALID @Epoch: 181  >>> 
[Coach] >>> TEST  @Epoch: 181  >>> 
[Wall TIME] >>> ChiefCoach.train takes 3.042191 seconds ...
[Coach] >>> TRAIN @Epoch: 182  >>>  || LOSS Avg: 0.20344
[Coach] >>> VALID @Epoch: 182  >>> 
[Coach] >>> TEST  @Epoch: 182  >>> 
[Wall TIME] >>> ChiefCoach.train takes 3.028401 seconds ...
[Coach] >>> TRAIN @Epoch: 183  >>>  || LOSS Avg: 0.20327
[Coach] >>> VALID @Epoch: 183  >>> 
[Coach] >>> TEST  @Epoch: 183  >>> 
[Wall TIME] >>> ChiefCoach.train takes 2.982990 seconds ...
[Coach] >>> TRAIN @Epoch: 184  >>>  || LOSS Avg: 0.20250
[Coach] >>> VALID @Epoch: 184  >>> 
[Coach] >>> TEST  @Epoch: 184  >>> 
[Wall TIME] >>> ChiefCoach.train takes 3.651350 seconds ...
[Wall TIME] >>> ChiefCoach.valid takes 0.836142 seconds ...
[Coach] >>> TRAIN @Epoch: 185  >>>  || LOSS Avg: 0.20295
[Coach] >>> VALID @Epoch: 185  >>>  || RECALL@1 Avg: 0.0117 || RECALL@10 Avg: 0.0639 || RECALL@20 Avg: 0.1001 || NDCG@10 Avg: 0.0338 || NDCG@20 Avg: 0.0430
[Coach] >>> TEST  @Epoch: 185  >>> 
[Wall TIME] >>> ChiefCoach.train takes 2.940786 seconds ...
[Coach] >>> TRAIN @Epoch: 186  >>>  || LOSS Avg: 0.20284
[Coach] >>> VALID @Epoch: 186  >>> 
[Coach] >>> TEST  @Epoch: 186  >>> 
[Wall TIME] >>> ChiefCoach.train takes 2.932925 seconds ...
[Coach] >>> TRAIN @Epoch: 187  >>>  || LOSS Avg: 0.20227
[Coach] >>> VALID @Epoch: 187  >>> 
[Coach] >>> TEST  @Epoch: 187  >>> 
[Wall TIME] >>> ChiefCoach.train takes 2.978122 seconds ...
[Coach] >>> TRAIN @Epoch: 188  >>>  || LOSS Avg: 0.20241
[Coach] >>> VALID @Epoch: 188  >>> 
[Coach] >>> TEST  @Epoch: 188  >>> 
[Wall TIME] >>> ChiefCoach.train takes 2.974257 seconds ...
[Coach] >>> TRAIN @Epoch: 189  >>>  || LOSS Avg: 0.20279
[Coach] >>> VALID @Epoch: 189  >>> 
[Coach] >>> TEST  @Epoch: 189  >>> 
[Wall TIME] >>> ChiefCoach.train takes 3.040171 seconds ...
[Wall TIME] >>> ChiefCoach.valid takes 0.811630 seconds ...
[Coach] >>> TRAIN @Epoch: 190  >>>  || LOSS Avg: 0.20260
[Coach] >>> VALID @Epoch: 190  >>>  || RECALL@1 Avg: 0.0117 || RECALL@10 Avg: 0.0633 || RECALL@20 Avg: 0.0995 || NDCG@10 Avg: 0.0336 || NDCG@20 Avg: 0.0428
[Coach] >>> TEST  @Epoch: 190  >>> 
[Wall TIME] >>> ChiefCoach.train takes 3.080181 seconds ...
[Coach] >>> TRAIN @Epoch: 191  >>>  || LOSS Avg: 0.20238
[Coach] >>> VALID @Epoch: 191  >>> 
[Coach] >>> TEST  @Epoch: 191  >>> 
[Wall TIME] >>> ChiefCoach.train takes 2.989958 seconds ...
[Coach] >>> TRAIN @Epoch: 192  >>>  || LOSS Avg: 0.20238
[Coach] >>> VALID @Epoch: 192  >>> 
[Coach] >>> TEST  @Epoch: 192  >>> 
[Wall TIME] >>> ChiefCoach.train takes 2.918759 seconds ...
[Coach] >>> TRAIN @Epoch: 193  >>>  || LOSS Avg: 0.20244
[Coach] >>> VALID @Epoch: 193  >>> 
[Coach] >>> TEST  @Epoch: 193  >>> 
[Wall TIME] >>> ChiefCoach.train takes 3.002843 seconds ...
[Coach] >>> TRAIN @Epoch: 194  >>>  || LOSS Avg: 0.20246
[Coach] >>> VALID @Epoch: 194  >>> 
[Coach] >>> TEST  @Epoch: 194  >>> 
[Wall TIME] >>> ChiefCoach.train takes 2.968802 seconds ...
[Wall TIME] >>> ChiefCoach.valid takes 0.820314 seconds ...
[Coach] >>> TRAIN @Epoch: 195  >>>  || LOSS Avg: 0.20219
[Coach] >>> VALID @Epoch: 195  >>>  || RECALL@1 Avg: 0.0120 || RECALL@10 Avg: 0.0634 || RECALL@20 Avg: 0.0997 || NDCG@10 Avg: 0.0336 || NDCG@20 Avg: 0.0429
[Coach] >>> TEST  @Epoch: 195  >>> 
[Wall TIME] >>> ChiefCoach.train takes 2.984686 seconds ...
[Coach] >>> TRAIN @Epoch: 196  >>>  || LOSS Avg: 0.20219
[Coach] >>> VALID @Epoch: 196  >>> 
[Coach] >>> TEST  @Epoch: 196  >>> 
[Wall TIME] >>> ChiefCoach.train takes 2.959445 seconds ...
[Coach] >>> TRAIN @Epoch: 197  >>>  || LOSS Avg: 0.20199
[Coach] >>> VALID @Epoch: 197  >>> 
[Coach] >>> TEST  @Epoch: 197  >>> 
[Wall TIME] >>> ChiefCoach.train takes 2.936525 seconds ...
[Coach] >>> TRAIN @Epoch: 198  >>>  || LOSS Avg: 0.20220
[Coach] >>> VALID @Epoch: 198  >>> 
[Coach] >>> TEST  @Epoch: 198  >>> 
[Wall TIME] >>> ChiefCoach.train takes 2.910608 seconds ...
[Coach] >>> TRAIN @Epoch: 199  >>>  || LOSS Avg: 0.20200
[Coach] >>> VALID @Epoch: 199  >>> 
[Coach] >>> TEST  @Epoch: 199  >>> 
[Wall TIME] >>> ChiefCoach.train takes 2.927217 seconds ...
[Wall TIME] >>> ChiefCoach.valid takes 0.853895 seconds ...
[Coach] >>> TRAIN @Epoch: 200  >>>  || LOSS Avg: 0.20187
[Coach] >>> VALID @Epoch: 200  >>>  || RECALL@1 Avg: 0.0115 || RECALL@10 Avg: 0.0634 || RECALL@20 Avg: 0.1002 || NDCG@10 Avg: 0.0335 || NDCG@20 Avg: 0.0428
[Coach] >>> TEST  @Epoch: 200  >>> 
[Wall TIME] >>> ChiefCoach.train takes 2.913791 seconds ...
[Coach] >>> TRAIN @Epoch: 201  >>>  || LOSS Avg: 0.20174
[Coach] >>> VALID @Epoch: 201  >>> 
[Coach] >>> TEST  @Epoch: 201  >>> 
[Wall TIME] >>> ChiefCoach.train takes 3.011295 seconds ...
[Coach] >>> TRAIN @Epoch: 202  >>>  || LOSS Avg: 0.20132
[Coach] >>> VALID @Epoch: 202  >>> 
[Coach] >>> TEST  @Epoch: 202  >>> 
[Wall TIME] >>> ChiefCoach.train takes 3.008161 seconds ...
[Coach] >>> TRAIN @Epoch: 203  >>>  || LOSS Avg: 0.20145
[Coach] >>> VALID @Epoch: 203  >>> 
[Coach] >>> TEST  @Epoch: 203  >>> 
[Wall TIME] >>> ChiefCoach.train takes 2.897014 seconds ...
[Coach] >>> TRAIN @Epoch: 204  >>>  || LOSS Avg: 0.20163
[Coach] >>> VALID @Epoch: 204  >>> 
[Coach] >>> TEST  @Epoch: 204  >>> 
[Wall TIME] >>> ChiefCoach.train takes 3.464455 seconds ...
[Wall TIME] >>> ChiefCoach.valid takes 0.780390 seconds ...
[Coach] >>> TRAIN @Epoch: 205  >>>  || LOSS Avg: 0.20143
[Coach] >>> VALID @Epoch: 205  >>>  || RECALL@1 Avg: 0.0119 || RECALL@10 Avg: 0.0637 || RECALL@20 Avg: 0.0999 || NDCG@10 Avg: 0.0337 || NDCG@20 Avg: 0.0429
[Coach] >>> TEST  @Epoch: 205  >>> 
[Wall TIME] >>> ChiefCoach.train takes 3.016277 seconds ...
[Coach] >>> TRAIN @Epoch: 206  >>>  || LOSS Avg: 0.20135
[Coach] >>> VALID @Epoch: 206  >>> 
[Coach] >>> TEST  @Epoch: 206  >>> 
[Wall TIME] >>> ChiefCoach.train takes 2.910483 seconds ...
[Coach] >>> TRAIN @Epoch: 207  >>>  || LOSS Avg: 0.20151
[Coach] >>> VALID @Epoch: 207  >>> 
[Coach] >>> TEST  @Epoch: 207  >>> 
[Wall TIME] >>> ChiefCoach.train takes 2.940762 seconds ...
[Coach] >>> TRAIN @Epoch: 208  >>>  || LOSS Avg: 0.20074
[Coach] >>> VALID @Epoch: 208  >>> 
[Coach] >>> TEST  @Epoch: 208  >>> 
[Wall TIME] >>> ChiefCoach.train takes 2.984931 seconds ...
[Coach] >>> TRAIN @Epoch: 209  >>>  || LOSS Avg: 0.20089
[Coach] >>> VALID @Epoch: 209  >>> 
[Coach] >>> TEST  @Epoch: 209  >>> 
[Wall TIME] >>> ChiefCoach.train takes 2.982604 seconds ...
[Wall TIME] >>> ChiefCoach.valid takes 0.797934 seconds ...
[Coach] >>> TRAIN @Epoch: 210  >>>  || LOSS Avg: 0.20112
[Coach] >>> VALID @Epoch: 210  >>>  || RECALL@1 Avg: 0.0115 || RECALL@10 Avg: 0.0631 || RECALL@20 Avg: 0.1007 || NDCG@10 Avg: 0.0334 || NDCG@20 Avg: 0.0429
[Coach] >>> TEST  @Epoch: 210  >>> 
[Wall TIME] >>> ChiefCoach.train takes 2.960147 seconds ...
[Coach] >>> TRAIN @Epoch: 211  >>>  || LOSS Avg: 0.20061
[Coach] >>> VALID @Epoch: 211  >>> 
[Coach] >>> TEST  @Epoch: 211  >>> 
[Wall TIME] >>> ChiefCoach.train takes 2.939778 seconds ...
[Coach] >>> TRAIN @Epoch: 212  >>>  || LOSS Avg: 0.20063
[Coach] >>> VALID @Epoch: 212  >>> 
[Coach] >>> TEST  @Epoch: 212  >>> 
[Wall TIME] >>> ChiefCoach.train takes 2.963884 seconds ...
[Coach] >>> TRAIN @Epoch: 213  >>>  || LOSS Avg: 0.20100
[Coach] >>> VALID @Epoch: 213  >>> 
[Coach] >>> TEST  @Epoch: 213  >>> 
[Wall TIME] >>> ChiefCoach.train takes 2.948025 seconds ...
[Coach] >>> TRAIN @Epoch: 214  >>>  || LOSS Avg: 0.20061
[Coach] >>> VALID @Epoch: 214  >>> 
[Coach] >>> TEST  @Epoch: 214  >>> 
[Wall TIME] >>> ChiefCoach.train takes 2.962939 seconds ...
[Wall TIME] >>> ChiefCoach.valid takes 0.814573 seconds ...
[Coach] >>> TRAIN @Epoch: 215  >>>  || LOSS Avg: 0.20038
[Coach] >>> VALID @Epoch: 215  >>>  || RECALL@1 Avg: 0.0119 || RECALL@10 Avg: 0.0628 || RECALL@20 Avg: 0.0993 || NDCG@10 Avg: 0.0335 || NDCG@20 Avg: 0.0428
[Coach] >>> TEST  @Epoch: 215  >>> 
[Wall TIME] >>> ChiefCoach.train takes 3.050658 seconds ...
[Coach] >>> TRAIN @Epoch: 216  >>>  || LOSS Avg: 0.20056
[Coach] >>> VALID @Epoch: 216  >>> 
[Coach] >>> TEST  @Epoch: 216  >>> 
[Wall TIME] >>> ChiefCoach.train takes 2.961842 seconds ...
[Coach] >>> TRAIN @Epoch: 217  >>>  || LOSS Avg: 0.20033
[Coach] >>> VALID @Epoch: 217  >>> 
[Coach] >>> TEST  @Epoch: 217  >>> 
[Wall TIME] >>> ChiefCoach.train takes 2.940829 seconds ...
[Coach] >>> TRAIN @Epoch: 218  >>>  || LOSS Avg: 0.20080
[Coach] >>> VALID @Epoch: 218  >>> 
[Coach] >>> TEST  @Epoch: 218  >>> 
[Wall TIME] >>> ChiefCoach.train takes 2.934526 seconds ...
[Coach] >>> TRAIN @Epoch: 219  >>>  || LOSS Avg: 0.20045
[Coach] >>> VALID @Epoch: 219  >>> 
[Coach] >>> TEST  @Epoch: 219  >>> 
[Wall TIME] >>> ChiefCoach.train takes 2.974945 seconds ...
[Wall TIME] >>> ChiefCoach.valid takes 0.813853 seconds ...
[Coach] >>> TRAIN @Epoch: 220  >>>  || LOSS Avg: 0.20023
[Coach] >>> VALID @Epoch: 220  >>>  || RECALL@1 Avg: 0.0120 || RECALL@10 Avg: 0.0628 || RECALL@20 Avg: 0.0985 || NDCG@10 Avg: 0.0334 || NDCG@20 Avg: 0.0425
[Coach] >>> TEST  @Epoch: 220  >>> 
[Wall TIME] >>> ChiefCoach.train takes 2.889593 seconds ...
[Coach] >>> TRAIN @Epoch: 221  >>>  || LOSS Avg: 0.19992
[Coach] >>> VALID @Epoch: 221  >>> 
[Coach] >>> TEST  @Epoch: 221  >>> 
[Wall TIME] >>> ChiefCoach.train takes 2.966322 seconds ...
[Coach] >>> TRAIN @Epoch: 222  >>>  || LOSS Avg: 0.19977
[Coach] >>> VALID @Epoch: 222  >>> 
[Coach] >>> TEST  @Epoch: 222  >>> 
[Wall TIME] >>> ChiefCoach.train takes 2.966433 seconds ...
[Coach] >>> TRAIN @Epoch: 223  >>>  || LOSS Avg: 0.19975
[Coach] >>> VALID @Epoch: 223  >>> 
[Coach] >>> TEST  @Epoch: 223  >>> 
[Wall TIME] >>> ChiefCoach.train takes 3.014013 seconds ...
[Coach] >>> TRAIN @Epoch: 224  >>>  || LOSS Avg: 0.20037
[Coach] >>> VALID @Epoch: 224  >>> 
[Coach] >>> TEST  @Epoch: 224  >>> 
[Wall TIME] >>> ChiefCoach.train takes 3.588767 seconds ...
[Wall TIME] >>> ChiefCoach.valid takes 0.803225 seconds ...
[Coach] >>> TRAIN @Epoch: 225  >>>  || LOSS Avg: 0.19997
[Coach] >>> VALID @Epoch: 225  >>>  || RECALL@1 Avg: 0.0119 || RECALL@10 Avg: 0.0619 || RECALL@20 Avg: 0.0997 || NDCG@10 Avg: 0.0332 || NDCG@20 Avg: 0.0427
[Coach] >>> TEST  @Epoch: 225  >>> 
[Wall TIME] >>> ChiefCoach.train takes 2.996152 seconds ...
[Coach] >>> TRAIN @Epoch: 226  >>>  || LOSS Avg: 0.19988
[Coach] >>> VALID @Epoch: 226  >>> 
[Coach] >>> TEST  @Epoch: 226  >>> 
[Wall TIME] >>> ChiefCoach.train takes 2.979769 seconds ...
[Coach] >>> TRAIN @Epoch: 227  >>>  || LOSS Avg: 0.20021
[Coach] >>> VALID @Epoch: 227  >>> 
[Coach] >>> TEST  @Epoch: 227  >>> 
[Wall TIME] >>> ChiefCoach.train takes 2.908422 seconds ...
[Coach] >>> TRAIN @Epoch: 228  >>>  || LOSS Avg: 0.19988
[Coach] >>> VALID @Epoch: 228  >>> 
[Coach] >>> TEST  @Epoch: 228  >>> 
[Wall TIME] >>> ChiefCoach.train takes 2.887671 seconds ...
[Coach] >>> TRAIN @Epoch: 229  >>>  || LOSS Avg: 0.19984
[Coach] >>> VALID @Epoch: 229  >>> 
[Coach] >>> TEST  @Epoch: 229  >>> 
[Wall TIME] >>> ChiefCoach.train takes 2.886913 seconds ...
[Wall TIME] >>> ChiefCoach.valid takes 0.792625 seconds ...
[Coach] >>> TRAIN @Epoch: 230  >>>  || LOSS Avg: 0.19971
[Coach] >>> VALID @Epoch: 230  >>>  || RECALL@1 Avg: 0.0119 || RECALL@10 Avg: 0.0628 || RECALL@20 Avg: 0.0993 || NDCG@10 Avg: 0.0336 || NDCG@20 Avg: 0.0428
[Coach] >>> TEST  @Epoch: 230  >>> 
[Wall TIME] >>> ChiefCoach.train takes 3.037243 seconds ...
[Coach] >>> TRAIN @Epoch: 231  >>>  || LOSS Avg: 0.19999
[Coach] >>> VALID @Epoch: 231  >>> 
[Coach] >>> TEST  @Epoch: 231  >>> 
[Wall TIME] >>> ChiefCoach.train takes 2.921493 seconds ...
[Coach] >>> TRAIN @Epoch: 232  >>>  || LOSS Avg: 0.19910
[Coach] >>> VALID @Epoch: 232  >>> 
[Coach] >>> TEST  @Epoch: 232  >>> 
[Wall TIME] >>> ChiefCoach.train takes 2.948219 seconds ...
[Coach] >>> TRAIN @Epoch: 233  >>>  || LOSS Avg: 0.19899
[Coach] >>> VALID @Epoch: 233  >>> 
[Coach] >>> TEST  @Epoch: 233  >>> 
[Wall TIME] >>> ChiefCoach.train takes 2.970478 seconds ...
[Coach] >>> TRAIN @Epoch: 234  >>>  || LOSS Avg: 0.19933
[Coach] >>> VALID @Epoch: 234  >>> 
[Coach] >>> TEST  @Epoch: 234  >>> 
[Wall TIME] >>> ChiefCoach.train takes 2.967574 seconds ...
[Wall TIME] >>> ChiefCoach.valid takes 0.773707 seconds ...
[Coach] >>> TRAIN @Epoch: 235  >>>  || LOSS Avg: 0.19899
[Coach] >>> VALID @Epoch: 235  >>>  || RECALL@1 Avg: 0.0116 || RECALL@10 Avg: 0.0629 || RECALL@20 Avg: 0.0989 || NDCG@10 Avg: 0.0334 || NDCG@20 Avg: 0.0426
[Coach] >>> TEST  @Epoch: 235  >>> 
[Wall TIME] >>> ChiefCoach.train takes 2.885129 seconds ...
[Coach] >>> TRAIN @Epoch: 236  >>>  || LOSS Avg: 0.19918
[Coach] >>> VALID @Epoch: 236  >>> 
[Coach] >>> TEST  @Epoch: 236  >>> 
[Wall TIME] >>> ChiefCoach.train takes 2.897843 seconds ...
[Coach] >>> TRAIN @Epoch: 237  >>>  || LOSS Avg: 0.20004
[Coach] >>> VALID @Epoch: 237  >>> 
[Coach] >>> TEST  @Epoch: 237  >>> 
[Wall TIME] >>> ChiefCoach.train takes 2.979485 seconds ...
[Coach] >>> TRAIN @Epoch: 238  >>>  || LOSS Avg: 0.19916
[Coach] >>> VALID @Epoch: 238  >>> 
[Coach] >>> TEST  @Epoch: 238  >>> 
[Wall TIME] >>> ChiefCoach.train takes 2.898698 seconds ...
[Coach] >>> TRAIN @Epoch: 239  >>>  || LOSS Avg: 0.19917
[Coach] >>> VALID @Epoch: 239  >>> 
[Coach] >>> TEST  @Epoch: 239  >>> 
[Wall TIME] >>> ChiefCoach.train takes 2.966648 seconds ...
[Wall TIME] >>> ChiefCoach.valid takes 0.797530 seconds ...
[Coach] >>> Better ***NDCG@20*** of ***0.0430*** 
[Coach] >>> TRAIN @Epoch: 240  >>>  || LOSS Avg: 0.19864
[Coach] >>> VALID @Epoch: 240  >>>  || RECALL@1 Avg: 0.0117 || RECALL@10 Avg: 0.0621 || RECALL@20 Avg: 0.1007 || NDCG@10 Avg: 0.0333 || NDCG@20 Avg: 0.0430
[Coach] >>> TEST  @Epoch: 240  >>> 
[Wall TIME] >>> ChiefCoach.train takes 3.041367 seconds ...
[Coach] >>> TRAIN @Epoch: 241  >>>  || LOSS Avg: 0.19868
[Coach] >>> VALID @Epoch: 241  >>> 
[Coach] >>> TEST  @Epoch: 241  >>> 
[Wall TIME] >>> ChiefCoach.train takes 2.995143 seconds ...
[Coach] >>> TRAIN @Epoch: 242  >>>  || LOSS Avg: 0.19869
[Coach] >>> VALID @Epoch: 242  >>> 
[Coach] >>> TEST  @Epoch: 242  >>> 
[Wall TIME] >>> ChiefCoach.train takes 2.960720 seconds ...
[Coach] >>> TRAIN @Epoch: 243  >>>  || LOSS Avg: 0.19830
[Coach] >>> VALID @Epoch: 243  >>> 
[Coach] >>> TEST  @Epoch: 243  >>> 
[Wall TIME] >>> ChiefCoach.train takes 3.001244 seconds ...
[Coach] >>> TRAIN @Epoch: 244  >>>  || LOSS Avg: 0.19878
[Coach] >>> VALID @Epoch: 244  >>> 
[Coach] >>> TEST  @Epoch: 244  >>> 
[Wall TIME] >>> ChiefCoach.train takes 2.959814 seconds ...
[Wall TIME] >>> ChiefCoach.valid takes 0.800698 seconds ...
[Coach] >>> TRAIN @Epoch: 245  >>>  || LOSS Avg: 0.19913
[Coach] >>> VALID @Epoch: 245  >>>  || RECALL@1 Avg: 0.0118 || RECALL@10 Avg: 0.0634 || RECALL@20 Avg: 0.0999 || NDCG@10 Avg: 0.0336 || NDCG@20 Avg: 0.0428
[Coach] >>> TEST  @Epoch: 245  >>> 
[Wall TIME] >>> ChiefCoach.train takes 3.687896 seconds ...
[Coach] >>> TRAIN @Epoch: 246  >>>  || LOSS Avg: 0.19811
[Coach] >>> VALID @Epoch: 246  >>> 
[Coach] >>> TEST  @Epoch: 246  >>> 
[Wall TIME] >>> ChiefCoach.train takes 3.029418 seconds ...
[Coach] >>> TRAIN @Epoch: 247  >>>  || LOSS Avg: 0.19897
[Coach] >>> VALID @Epoch: 247  >>> 
[Coach] >>> TEST  @Epoch: 247  >>> 
[Wall TIME] >>> ChiefCoach.train takes 2.950632 seconds ...
[Coach] >>> TRAIN @Epoch: 248  >>>  || LOSS Avg: 0.19841
[Coach] >>> VALID @Epoch: 248  >>> 
[Coach] >>> TEST  @Epoch: 248  >>> 
[Wall TIME] >>> ChiefCoach.train takes 2.927880 seconds ...
[Coach] >>> TRAIN @Epoch: 249  >>>  || LOSS Avg: 0.19862
[Coach] >>> VALID @Epoch: 249  >>> 
[Coach] >>> TEST  @Epoch: 249  >>> 
[Wall TIME] >>> ChiefCoach.train takes 2.895703 seconds ...
[Wall TIME] >>> ChiefCoach.valid takes 0.785472 seconds ...
[Coach] >>> Better ***NDCG@20*** of ***0.0431*** 
[Coach] >>> TRAIN @Epoch: 250  >>>  || LOSS Avg: 0.19874
[Coach] >>> VALID @Epoch: 250  >>>  || RECALL@1 Avg: 0.0118 || RECALL@10 Avg: 0.0633 || RECALL@20 Avg: 0.1004 || NDCG@10 Avg: 0.0338 || NDCG@20 Avg: 0.0431
[Coach] >>> TEST  @Epoch: 250  >>> 
[Wall TIME] >>> ChiefCoach.train takes 2.959034 seconds ...
[Coach] >>> TRAIN @Epoch: 251  >>>  || LOSS Avg: 0.19883
[Coach] >>> VALID @Epoch: 251  >>> 
[Coach] >>> TEST  @Epoch: 251  >>> 
[Wall TIME] >>> ChiefCoach.train takes 2.841467 seconds ...
[Coach] >>> TRAIN @Epoch: 252  >>>  || LOSS Avg: 0.19806
[Coach] >>> VALID @Epoch: 252  >>> 
[Coach] >>> TEST  @Epoch: 252  >>> 
[Wall TIME] >>> ChiefCoach.train takes 2.971371 seconds ...
[Coach] >>> TRAIN @Epoch: 253  >>>  || LOSS Avg: 0.19804
[Coach] >>> VALID @Epoch: 253  >>> 
[Coach] >>> TEST  @Epoch: 253  >>> 
[Wall TIME] >>> ChiefCoach.train takes 2.807139 seconds ...
[Coach] >>> TRAIN @Epoch: 254  >>>  || LOSS Avg: 0.19858
[Coach] >>> VALID @Epoch: 254  >>> 
[Coach] >>> TEST  @Epoch: 254  >>> 
[Wall TIME] >>> ChiefCoach.train takes 2.899651 seconds ...
[Wall TIME] >>> ChiefCoach.valid takes 0.778095 seconds ...
[Coach] >>> TRAIN @Epoch: 255  >>>  || LOSS Avg: 0.19843
[Coach] >>> VALID @Epoch: 255  >>>  || RECALL@1 Avg: 0.0119 || RECALL@10 Avg: 0.0641 || RECALL@20 Avg: 0.0993 || NDCG@10 Avg: 0.0341 || NDCG@20 Avg: 0.0430
[Coach] >>> TEST  @Epoch: 255  >>> 
[Wall TIME] >>> ChiefCoach.train takes 2.893332 seconds ...
[Coach] >>> TRAIN @Epoch: 256  >>>  || LOSS Avg: 0.19829
[Coach] >>> VALID @Epoch: 256  >>> 
[Coach] >>> TEST  @Epoch: 256  >>> 
[Wall TIME] >>> ChiefCoach.train takes 2.844814 seconds ...
[Coach] >>> TRAIN @Epoch: 257  >>>  || LOSS Avg: 0.19782
[Coach] >>> VALID @Epoch: 257  >>> 
[Coach] >>> TEST  @Epoch: 257  >>> 
[Wall TIME] >>> ChiefCoach.train takes 2.906104 seconds ...
[Coach] >>> TRAIN @Epoch: 258  >>>  || LOSS Avg: 0.19769
[Coach] >>> VALID @Epoch: 258  >>> 
[Coach] >>> TEST  @Epoch: 258  >>> 
[Wall TIME] >>> ChiefCoach.train takes 2.929213 seconds ...
[Coach] >>> TRAIN @Epoch: 259  >>>  || LOSS Avg: 0.19781
[Coach] >>> VALID @Epoch: 259  >>> 
[Coach] >>> TEST  @Epoch: 259  >>> 
[Wall TIME] >>> ChiefCoach.train takes 2.975005 seconds ...
[Wall TIME] >>> ChiefCoach.valid takes 0.764283 seconds ...
[Coach] >>> Better ***NDCG@20*** of ***0.0434*** 
[Coach] >>> TRAIN @Epoch: 260  >>>  || LOSS Avg: 0.19824
[Coach] >>> VALID @Epoch: 260  >>>  || RECALL@1 Avg: 0.0123 || RECALL@10 Avg: 0.0635 || RECALL@20 Avg: 0.1004 || NDCG@10 Avg: 0.0341 || NDCG@20 Avg: 0.0434
[Coach] >>> TEST  @Epoch: 260  >>> 
[Wall TIME] >>> ChiefCoach.train takes 2.881999 seconds ...
[Coach] >>> TRAIN @Epoch: 261  >>>  || LOSS Avg: 0.19762
[Coach] >>> VALID @Epoch: 261  >>> 
[Coach] >>> TEST  @Epoch: 261  >>> 
[Wall TIME] >>> ChiefCoach.train takes 2.918692 seconds ...
[Coach] >>> TRAIN @Epoch: 262  >>>  || LOSS Avg: 0.19830
[Coach] >>> VALID @Epoch: 262  >>> 
[Coach] >>> TEST  @Epoch: 262  >>> 
[Wall TIME] >>> ChiefCoach.train takes 2.859841 seconds ...
[Coach] >>> TRAIN @Epoch: 263  >>>  || LOSS Avg: 0.19730
[Coach] >>> VALID @Epoch: 263  >>> 
[Coach] >>> TEST  @Epoch: 263  >>> 
[Wall TIME] >>> ChiefCoach.train takes 2.921364 seconds ...
[Coach] >>> TRAIN @Epoch: 264  >>>  || LOSS Avg: 0.19734
[Coach] >>> VALID @Epoch: 264  >>> 
[Coach] >>> TEST  @Epoch: 264  >>> 
[Wall TIME] >>> ChiefCoach.train takes 2.865146 seconds ...
[Wall TIME] >>> ChiefCoach.valid takes 0.797494 seconds ...
[Coach] >>> TRAIN @Epoch: 265  >>>  || LOSS Avg: 0.19810
[Coach] >>> VALID @Epoch: 265  >>>  || RECALL@1 Avg: 0.0118 || RECALL@10 Avg: 0.0636 || RECALL@20 Avg: 0.0992 || NDCG@10 Avg: 0.0338 || NDCG@20 Avg: 0.0429
[Coach] >>> TEST  @Epoch: 265  >>> 
[Wall TIME] >>> ChiefCoach.train takes 3.534696 seconds ...
[Coach] >>> TRAIN @Epoch: 266  >>>  || LOSS Avg: 0.19820
[Coach] >>> VALID @Epoch: 266  >>> 
[Coach] >>> TEST  @Epoch: 266  >>> 
[Wall TIME] >>> ChiefCoach.train takes 2.989700 seconds ...
[Coach] >>> TRAIN @Epoch: 267  >>>  || LOSS Avg: 0.19774
[Coach] >>> VALID @Epoch: 267  >>> 
[Coach] >>> TEST  @Epoch: 267  >>> 
[Wall TIME] >>> ChiefCoach.train takes 2.899509 seconds ...
[Coach] >>> TRAIN @Epoch: 268  >>>  || LOSS Avg: 0.19725
[Coach] >>> VALID @Epoch: 268  >>> 
[Coach] >>> TEST  @Epoch: 268  >>> 
[Wall TIME] >>> ChiefCoach.train takes 3.007182 seconds ...
[Coach] >>> TRAIN @Epoch: 269  >>>  || LOSS Avg: 0.19733
[Coach] >>> VALID @Epoch: 269  >>> 
[Coach] >>> TEST  @Epoch: 269  >>> 
[Wall TIME] >>> ChiefCoach.train takes 2.789185 seconds ...
[Wall TIME] >>> ChiefCoach.valid takes 0.766980 seconds ...
[Coach] >>> TRAIN @Epoch: 270  >>>  || LOSS Avg: 0.19800
[Coach] >>> VALID @Epoch: 270  >>>  || RECALL@1 Avg: 0.0118 || RECALL@10 Avg: 0.0644 || RECALL@20 Avg: 0.0994 || NDCG@10 Avg: 0.0341 || NDCG@20 Avg: 0.0429
[Coach] >>> TEST  @Epoch: 270  >>> 
[Wall TIME] >>> ChiefCoach.train takes 2.944751 seconds ...
[Coach] >>> TRAIN @Epoch: 271  >>>  || LOSS Avg: 0.19723
[Coach] >>> VALID @Epoch: 271  >>> 
[Coach] >>> TEST  @Epoch: 271  >>> 
[Wall TIME] >>> ChiefCoach.train takes 2.911270 seconds ...
[Coach] >>> TRAIN @Epoch: 272  >>>  || LOSS Avg: 0.19683
[Coach] >>> VALID @Epoch: 272  >>> 
[Coach] >>> TEST  @Epoch: 272  >>> 
[Wall TIME] >>> ChiefCoach.train takes 2.900707 seconds ...
[Coach] >>> TRAIN @Epoch: 273  >>>  || LOSS Avg: 0.19692
[Coach] >>> VALID @Epoch: 273  >>> 
[Coach] >>> TEST  @Epoch: 273  >>> 
[Wall TIME] >>> ChiefCoach.train takes 2.924878 seconds ...
[Coach] >>> TRAIN @Epoch: 274  >>>  || LOSS Avg: 0.19746
[Coach] >>> VALID @Epoch: 274  >>> 
[Coach] >>> TEST  @Epoch: 274  >>> 
[Wall TIME] >>> ChiefCoach.train takes 3.017943 seconds ...
[Wall TIME] >>> ChiefCoach.valid takes 0.836374 seconds ...
[Coach] >>> TRAIN @Epoch: 275  >>>  || LOSS Avg: 0.19742
[Coach] >>> VALID @Epoch: 275  >>>  || RECALL@1 Avg: 0.0118 || RECALL@10 Avg: 0.0644 || RECALL@20 Avg: 0.0994 || NDCG@10 Avg: 0.0340 || NDCG@20 Avg: 0.0429
[Coach] >>> TEST  @Epoch: 275  >>> 
[Wall TIME] >>> ChiefCoach.train takes 3.020995 seconds ...
[Coach] >>> TRAIN @Epoch: 276  >>>  || LOSS Avg: 0.19709
[Coach] >>> VALID @Epoch: 276  >>> 
[Coach] >>> TEST  @Epoch: 276  >>> 
[Wall TIME] >>> ChiefCoach.train takes 2.908591 seconds ...
[Coach] >>> TRAIN @Epoch: 277  >>>  || LOSS Avg: 0.19704
[Coach] >>> VALID @Epoch: 277  >>> 
[Coach] >>> TEST  @Epoch: 277  >>> 
[Wall TIME] >>> ChiefCoach.train takes 2.902699 seconds ...
[Coach] >>> TRAIN @Epoch: 278  >>>  || LOSS Avg: 0.19664
[Coach] >>> VALID @Epoch: 278  >>> 
[Coach] >>> TEST  @Epoch: 278  >>> 
[Wall TIME] >>> ChiefCoach.train takes 2.934177 seconds ...
[Coach] >>> TRAIN @Epoch: 279  >>>  || LOSS Avg: 0.19706
[Coach] >>> VALID @Epoch: 279  >>> 
[Coach] >>> TEST  @Epoch: 279  >>> 
[Wall TIME] >>> ChiefCoach.train takes 2.883674 seconds ...
[Wall TIME] >>> ChiefCoach.valid takes 0.794198 seconds ...
[Coach] >>> TRAIN @Epoch: 280  >>>  || LOSS Avg: 0.19702
[Coach] >>> VALID @Epoch: 280  >>>  || RECALL@1 Avg: 0.0118 || RECALL@10 Avg: 0.0643 || RECALL@20 Avg: 0.0998 || NDCG@10 Avg: 0.0339 || NDCG@20 Avg: 0.0429
[Coach] >>> TEST  @Epoch: 280  >>> 
[Wall TIME] >>> ChiefCoach.train takes 2.887495 seconds ...
[Coach] >>> TRAIN @Epoch: 281  >>>  || LOSS Avg: 0.19781
[Coach] >>> VALID @Epoch: 281  >>> 
[Coach] >>> TEST  @Epoch: 281  >>> 
[Wall TIME] >>> ChiefCoach.train takes 3.004993 seconds ...
[Coach] >>> TRAIN @Epoch: 282  >>>  || LOSS Avg: 0.19700
[Coach] >>> VALID @Epoch: 282  >>> 
[Coach] >>> TEST  @Epoch: 282  >>> 
[Wall TIME] >>> ChiefCoach.train takes 2.948611 seconds ...
[Coach] >>> TRAIN @Epoch: 283  >>>  || LOSS Avg: 0.19749
[Coach] >>> VALID @Epoch: 283  >>> 
[Coach] >>> TEST  @Epoch: 283  >>> 
[Wall TIME] >>> ChiefCoach.train takes 2.968190 seconds ...
[Coach] >>> TRAIN @Epoch: 284  >>>  || LOSS Avg: 0.19704
[Coach] >>> VALID @Epoch: 284  >>> 
[Coach] >>> TEST  @Epoch: 284  >>> 
[Wall TIME] >>> ChiefCoach.train takes 2.984005 seconds ...
[Wall TIME] >>> ChiefCoach.valid takes 0.777836 seconds ...
[Coach] >>> TRAIN @Epoch: 285  >>>  || LOSS Avg: 0.19708
[Coach] >>> VALID @Epoch: 285  >>>  || RECALL@1 Avg: 0.0118 || RECALL@10 Avg: 0.0637 || RECALL@20 Avg: 0.0984 || NDCG@10 Avg: 0.0337 || NDCG@20 Avg: 0.0426
[Coach] >>> TEST  @Epoch: 285  >>> 
[Wall TIME] >>> ChiefCoach.train takes 3.371172 seconds ...
[Coach] >>> TRAIN @Epoch: 286  >>>  || LOSS Avg: 0.19723
[Coach] >>> VALID @Epoch: 286  >>> 
[Coach] >>> TEST  @Epoch: 286  >>> 
[Wall TIME] >>> ChiefCoach.train takes 2.834952 seconds ...
[Coach] >>> TRAIN @Epoch: 287  >>>  || LOSS Avg: 0.19666
[Coach] >>> VALID @Epoch: 287  >>> 
[Coach] >>> TEST  @Epoch: 287  >>> 
[Wall TIME] >>> ChiefCoach.train takes 3.032790 seconds ...
[Coach] >>> TRAIN @Epoch: 288  >>>  || LOSS Avg: 0.19659
[Coach] >>> VALID @Epoch: 288  >>> 
[Coach] >>> TEST  @Epoch: 288  >>> 
[Wall TIME] >>> ChiefCoach.train takes 2.882086 seconds ...
[Coach] >>> TRAIN @Epoch: 289  >>>  || LOSS Avg: 0.19667
[Coach] >>> VALID @Epoch: 289  >>> 
[Coach] >>> TEST  @Epoch: 289  >>> 
[Wall TIME] >>> ChiefCoach.train takes 2.906046 seconds ...
[Wall TIME] >>> ChiefCoach.valid takes 0.790089 seconds ...
[Coach] >>> TRAIN @Epoch: 290  >>>  || LOSS Avg: 0.19677
[Coach] >>> VALID @Epoch: 290  >>>  || RECALL@1 Avg: 0.0114 || RECALL@10 Avg: 0.0643 || RECALL@20 Avg: 0.0992 || NDCG@10 Avg: 0.0338 || NDCG@20 Avg: 0.0427
[Coach] >>> TEST  @Epoch: 290  >>> 
[Wall TIME] >>> ChiefCoach.train takes 2.938951 seconds ...
[Coach] >>> TRAIN @Epoch: 291  >>>  || LOSS Avg: 0.19670
[Coach] >>> VALID @Epoch: 291  >>> 
[Coach] >>> TEST  @Epoch: 291  >>> 
[Wall TIME] >>> ChiefCoach.train takes 2.900885 seconds ...
[Coach] >>> TRAIN @Epoch: 292  >>>  || LOSS Avg: 0.19682
[Coach] >>> VALID @Epoch: 292  >>> 
[Coach] >>> TEST  @Epoch: 292  >>> 
[Wall TIME] >>> ChiefCoach.train takes 2.832258 seconds ...
[Coach] >>> TRAIN @Epoch: 293  >>>  || LOSS Avg: 0.19647
[Coach] >>> VALID @Epoch: 293  >>> 
[Coach] >>> TEST  @Epoch: 293  >>> 
[Wall TIME] >>> ChiefCoach.train takes 2.992543 seconds ...
[Coach] >>> TRAIN @Epoch: 294  >>>  || LOSS Avg: 0.19670
[Coach] >>> VALID @Epoch: 294  >>> 
[Coach] >>> TEST  @Epoch: 294  >>> 
[Wall TIME] >>> ChiefCoach.train takes 3.009615 seconds ...
[Wall TIME] >>> ChiefCoach.valid takes 0.782624 seconds ...
[Coach] >>> TRAIN @Epoch: 295  >>>  || LOSS Avg: 0.19603
[Coach] >>> VALID @Epoch: 295  >>>  || RECALL@1 Avg: 0.0120 || RECALL@10 Avg: 0.0639 || RECALL@20 Avg: 0.0986 || NDCG@10 Avg: 0.0340 || NDCG@20 Avg: 0.0428
[Coach] >>> TEST  @Epoch: 295  >>> 
[Wall TIME] >>> ChiefCoach.train takes 2.956532 seconds ...
[Coach] >>> TRAIN @Epoch: 296  >>>  || LOSS Avg: 0.19601
[Coach] >>> VALID @Epoch: 296  >>> 
[Coach] >>> TEST  @Epoch: 296  >>> 
[Wall TIME] >>> ChiefCoach.train takes 2.918532 seconds ...
[Coach] >>> TRAIN @Epoch: 297  >>>  || LOSS Avg: 0.19673
[Coach] >>> VALID @Epoch: 297  >>> 
[Coach] >>> TEST  @Epoch: 297  >>> 
[Wall TIME] >>> ChiefCoach.train takes 2.889470 seconds ...
[Coach] >>> TRAIN @Epoch: 298  >>>  || LOSS Avg: 0.19625
[Coach] >>> VALID @Epoch: 298  >>> 
[Coach] >>> TEST  @Epoch: 298  >>> 
[Wall TIME] >>> ChiefCoach.train takes 2.980448 seconds ...
[Coach] >>> TRAIN @Epoch: 299  >>>  || LOSS Avg: 0.19604
[Coach] >>> VALID @Epoch: 299  >>> 
[Coach] >>> TEST  @Epoch: 299  >>> 
[Wall TIME] >>> ChiefCoach.train takes 2.986566 seconds ...
[Wall TIME] >>> ChiefCoach.valid takes 0.813791 seconds ...
[Coach] >>> TRAIN @Epoch: 300  >>>  || LOSS Avg: 0.19630
[Coach] >>> VALID @Epoch: 300  >>>  || RECALL@1 Avg: 0.0120 || RECALL@10 Avg: 0.0636 || RECALL@20 Avg: 0.0999 || NDCG@10 Avg: 0.0340 || NDCG@20 Avg: 0.0432
[Coach] >>> TEST  @Epoch: 300  >>> 
[Wall TIME] >>> ChiefCoach.train takes 2.930774 seconds ...
[Coach] >>> TRAIN @Epoch: 301  >>>  || LOSS Avg: 0.19641
[Coach] >>> VALID @Epoch: 301  >>> 
[Coach] >>> TEST  @Epoch: 301  >>> 
[Wall TIME] >>> ChiefCoach.train takes 2.973629 seconds ...
[Coach] >>> TRAIN @Epoch: 302  >>>  || LOSS Avg: 0.19620
[Coach] >>> VALID @Epoch: 302  >>> 
[Coach] >>> TEST  @Epoch: 302  >>> 
[Wall TIME] >>> ChiefCoach.train takes 2.882179 seconds ...
[Coach] >>> TRAIN @Epoch: 303  >>>  || LOSS Avg: 0.19608
[Coach] >>> VALID @Epoch: 303  >>> 
[Coach] >>> TEST  @Epoch: 303  >>> 
[Wall TIME] >>> ChiefCoach.train takes 3.087655 seconds ...
[Coach] >>> TRAIN @Epoch: 304  >>>  || LOSS Avg: 0.19652
[Coach] >>> VALID @Epoch: 304  >>> 
[Coach] >>> TEST  @Epoch: 304  >>> 
[Wall TIME] >>> ChiefCoach.train takes 2.937973 seconds ...
[Wall TIME] >>> ChiefCoach.valid takes 0.795703 seconds ...
[Coach] >>> TRAIN @Epoch: 305  >>>  || LOSS Avg: 0.19572
[Coach] >>> VALID @Epoch: 305  >>>  || RECALL@1 Avg: 0.0121 || RECALL@10 Avg: 0.0632 || RECALL@20 Avg: 0.0992 || NDCG@10 Avg: 0.0338 || NDCG@20 Avg: 0.0430
[Coach] >>> TEST  @Epoch: 305  >>> 
[Wall TIME] >>> ChiefCoach.train takes 3.456973 seconds ...
[Coach] >>> TRAIN @Epoch: 306  >>>  || LOSS Avg: 0.19643
[Coach] >>> VALID @Epoch: 306  >>> 
[Coach] >>> TEST  @Epoch: 306  >>> 
[Wall TIME] >>> ChiefCoach.train takes 2.973827 seconds ...
[Coach] >>> TRAIN @Epoch: 307  >>>  || LOSS Avg: 0.19596
[Coach] >>> VALID @Epoch: 307  >>> 
[Coach] >>> TEST  @Epoch: 307  >>> 
[Wall TIME] >>> ChiefCoach.train takes 2.886396 seconds ...
[Coach] >>> TRAIN @Epoch: 308  >>>  || LOSS Avg: 0.19628
[Coach] >>> VALID @Epoch: 308  >>> 
[Coach] >>> TEST  @Epoch: 308  >>> 
[Wall TIME] >>> ChiefCoach.train takes 2.886535 seconds ...
[Coach] >>> TRAIN @Epoch: 309  >>>  || LOSS Avg: 0.19591
[Coach] >>> VALID @Epoch: 309  >>> 
[Coach] >>> TEST  @Epoch: 309  >>> 
[Wall TIME] >>> ChiefCoach.train takes 2.922908 seconds ...
[Wall TIME] >>> ChiefCoach.valid takes 0.794487 seconds ...
[Coach] >>> TRAIN @Epoch: 310  >>>  || LOSS Avg: 0.19594
[Coach] >>> VALID @Epoch: 310  >>>  || RECALL@1 Avg: 0.0117 || RECALL@10 Avg: 0.0625 || RECALL@20 Avg: 0.0987 || NDCG@10 Avg: 0.0334 || NDCG@20 Avg: 0.0426
[Coach] >>> TEST  @Epoch: 310  >>> 
[Wall TIME] >>> ChiefCoach.train takes 2.906222 seconds ...
[Coach] >>> TRAIN @Epoch: 311  >>>  || LOSS Avg: 0.19626
[Coach] >>> VALID @Epoch: 311  >>> 
[Coach] >>> TEST  @Epoch: 311  >>> 
[Wall TIME] >>> ChiefCoach.train takes 2.852779 seconds ...
[Coach] >>> TRAIN @Epoch: 312  >>>  || LOSS Avg: 0.19592
[Coach] >>> VALID @Epoch: 312  >>> 
[Coach] >>> TEST  @Epoch: 312  >>> 
[Wall TIME] >>> ChiefCoach.train takes 2.898609 seconds ...
[Coach] >>> TRAIN @Epoch: 313  >>>  || LOSS Avg: 0.19615
[Coach] >>> VALID @Epoch: 313  >>> 
[Coach] >>> TEST  @Epoch: 313  >>> 
[Wall TIME] >>> ChiefCoach.train takes 2.794603 seconds ...
[Coach] >>> TRAIN @Epoch: 314  >>>  || LOSS Avg: 0.19645
[Coach] >>> VALID @Epoch: 314  >>> 
[Coach] >>> TEST  @Epoch: 314  >>> 
[Wall TIME] >>> ChiefCoach.train takes 2.952515 seconds ...
[Wall TIME] >>> ChiefCoach.valid takes 0.790326 seconds ...
[Coach] >>> TRAIN @Epoch: 315  >>>  || LOSS Avg: 0.19594
[Coach] >>> VALID @Epoch: 315  >>>  || RECALL@1 Avg: 0.0119 || RECALL@10 Avg: 0.0632 || RECALL@20 Avg: 0.0996 || NDCG@10 Avg: 0.0336 || NDCG@20 Avg: 0.0428
[Coach] >>> TEST  @Epoch: 315  >>> 
[Wall TIME] >>> ChiefCoach.train takes 2.886271 seconds ...
[Coach] >>> TRAIN @Epoch: 316  >>>  || LOSS Avg: 0.19612
[Coach] >>> VALID @Epoch: 316  >>> 
[Coach] >>> TEST  @Epoch: 316  >>> 
[Wall TIME] >>> ChiefCoach.train takes 2.899975 seconds ...
[Coach] >>> TRAIN @Epoch: 317  >>>  || LOSS Avg: 0.19589
[Coach] >>> VALID @Epoch: 317  >>> 
[Coach] >>> TEST  @Epoch: 317  >>> 
[Wall TIME] >>> ChiefCoach.train takes 2.956837 seconds ...
[Coach] >>> TRAIN @Epoch: 318  >>>  || LOSS Avg: 0.19563
[Coach] >>> VALID @Epoch: 318  >>> 
[Coach] >>> TEST  @Epoch: 318  >>> 
[Wall TIME] >>> ChiefCoach.train takes 2.949212 seconds ...
[Coach] >>> TRAIN @Epoch: 319  >>>  || LOSS Avg: 0.19582
[Coach] >>> VALID @Epoch: 319  >>> 
[Coach] >>> TEST  @Epoch: 319  >>> 
[Wall TIME] >>> ChiefCoach.train takes 2.909235 seconds ...
[Wall TIME] >>> ChiefCoach.valid takes 0.789645 seconds ...
[Coach] >>> TRAIN @Epoch: 320  >>>  || LOSS Avg: 0.19590
[Coach] >>> VALID @Epoch: 320  >>>  || RECALL@1 Avg: 0.0118 || RECALL@10 Avg: 0.0638 || RECALL@20 Avg: 0.0992 || NDCG@10 Avg: 0.0339 || NDCG@20 Avg: 0.0428
[Coach] >>> TEST  @Epoch: 320  >>> 
[Wall TIME] >>> ChiefCoach.train takes 2.947804 seconds ...
[Coach] >>> TRAIN @Epoch: 321  >>>  || LOSS Avg: 0.19578
[Coach] >>> VALID @Epoch: 321  >>> 
[Coach] >>> TEST  @Epoch: 321  >>> 
[Wall TIME] >>> ChiefCoach.train takes 2.977415 seconds ...
[Coach] >>> TRAIN @Epoch: 322  >>>  || LOSS Avg: 0.19629
[Coach] >>> VALID @Epoch: 322  >>> 
[Coach] >>> TEST  @Epoch: 322  >>> 
[Wall TIME] >>> ChiefCoach.train takes 3.046664 seconds ...
[Coach] >>> TRAIN @Epoch: 323  >>>  || LOSS Avg: 0.19558
[Coach] >>> VALID @Epoch: 323  >>> 
[Coach] >>> TEST  @Epoch: 323  >>> 
[Wall TIME] >>> ChiefCoach.train takes 2.825164 seconds ...
[Coach] >>> TRAIN @Epoch: 324  >>>  || LOSS Avg: 0.19571
[Coach] >>> VALID @Epoch: 324  >>> 
[Coach] >>> TEST  @Epoch: 324  >>> 
[Wall TIME] >>> ChiefCoach.train takes 2.841365 seconds ...
[Wall TIME] >>> ChiefCoach.valid takes 0.814048 seconds ...
[Coach] >>> TRAIN @Epoch: 325  >>>  || LOSS Avg: 0.19530
[Coach] >>> VALID @Epoch: 325  >>>  || RECALL@1 Avg: 0.0120 || RECALL@10 Avg: 0.0624 || RECALL@20 Avg: 0.1000 || NDCG@10 Avg: 0.0336 || NDCG@20 Avg: 0.0431
[Coach] >>> TEST  @Epoch: 325  >>> 
[Wall TIME] >>> ChiefCoach.train takes 2.935355 seconds ...
[Coach] >>> TRAIN @Epoch: 326  >>>  || LOSS Avg: 0.19550
[Coach] >>> VALID @Epoch: 326  >>> 
[Coach] >>> TEST  @Epoch: 326  >>> 
[Wall TIME] >>> ChiefCoach.train takes 3.571812 seconds ...
[Coach] >>> TRAIN @Epoch: 327  >>>  || LOSS Avg: 0.19558
[Coach] >>> VALID @Epoch: 327  >>> 
[Coach] >>> TEST  @Epoch: 327  >>> 
[Wall TIME] >>> ChiefCoach.train takes 2.946825 seconds ...
[Coach] >>> TRAIN @Epoch: 328  >>>  || LOSS Avg: 0.19589
[Coach] >>> VALID @Epoch: 328  >>> 
[Coach] >>> TEST  @Epoch: 328  >>> 
[Wall TIME] >>> ChiefCoach.train takes 2.932841 seconds ...
[Coach] >>> TRAIN @Epoch: 329  >>>  || LOSS Avg: 0.19534
[Coach] >>> VALID @Epoch: 329  >>> 
[Coach] >>> TEST  @Epoch: 329  >>> 
[Wall TIME] >>> ChiefCoach.train takes 2.908235 seconds ...
[Wall TIME] >>> ChiefCoach.valid takes 0.771116 seconds ...
[Coach] >>> TRAIN @Epoch: 330  >>>  || LOSS Avg: 0.19560
[Coach] >>> VALID @Epoch: 330  >>>  || RECALL@1 Avg: 0.0120 || RECALL@10 Avg: 0.0636 || RECALL@20 Avg: 0.0990 || NDCG@10 Avg: 0.0340 || NDCG@20 Avg: 0.0429
[Coach] >>> TEST  @Epoch: 330  >>> 
[Wall TIME] >>> ChiefCoach.train takes 2.931209 seconds ...
[Coach] >>> TRAIN @Epoch: 331  >>>  || LOSS Avg: 0.19529
[Coach] >>> VALID @Epoch: 331  >>> 
[Coach] >>> TEST  @Epoch: 331  >>> 
[Wall TIME] >>> ChiefCoach.train takes 2.916926 seconds ...
[Coach] >>> TRAIN @Epoch: 332  >>>  || LOSS Avg: 0.19563
[Coach] >>> VALID @Epoch: 332  >>> 
[Coach] >>> TEST  @Epoch: 332  >>> 
[Wall TIME] >>> ChiefCoach.train takes 2.862711 seconds ...
[Coach] >>> TRAIN @Epoch: 333  >>>  || LOSS Avg: 0.19520
[Coach] >>> VALID @Epoch: 333  >>> 
[Coach] >>> TEST  @Epoch: 333  >>> 
[Wall TIME] >>> ChiefCoach.train takes 2.870517 seconds ...
[Coach] >>> TRAIN @Epoch: 334  >>>  || LOSS Avg: 0.19538
[Coach] >>> VALID @Epoch: 334  >>> 
[Coach] >>> TEST  @Epoch: 334  >>> 
[Wall TIME] >>> ChiefCoach.train takes 2.881529 seconds ...
[Wall TIME] >>> ChiefCoach.valid takes 0.793417 seconds ...
[Coach] >>> TRAIN @Epoch: 335  >>>  || LOSS Avg: 0.19587
[Coach] >>> VALID @Epoch: 335  >>>  || RECALL@1 Avg: 0.0122 || RECALL@10 Avg: 0.0629 || RECALL@20 Avg: 0.0995 || NDCG@10 Avg: 0.0339 || NDCG@20 Avg: 0.0432
[Coach] >>> TEST  @Epoch: 335  >>> 
[Wall TIME] >>> ChiefCoach.train takes 2.929680 seconds ...
[Coach] >>> TRAIN @Epoch: 336  >>>  || LOSS Avg: 0.19538
[Coach] >>> VALID @Epoch: 336  >>> 
[Coach] >>> TEST  @Epoch: 336  >>> 
[Wall TIME] >>> ChiefCoach.train takes 2.898844 seconds ...
[Coach] >>> TRAIN @Epoch: 337  >>>  || LOSS Avg: 0.19490
[Coach] >>> VALID @Epoch: 337  >>> 
[Coach] >>> TEST  @Epoch: 337  >>> 
[Wall TIME] >>> ChiefCoach.train takes 3.009808 seconds ...
[Coach] >>> TRAIN @Epoch: 338  >>>  || LOSS Avg: 0.19550
[Coach] >>> VALID @Epoch: 338  >>> 
[Coach] >>> TEST  @Epoch: 338  >>> 
[Wall TIME] >>> ChiefCoach.train takes 2.985576 seconds ...
[Coach] >>> TRAIN @Epoch: 339  >>>  || LOSS Avg: 0.19499
[Coach] >>> VALID @Epoch: 339  >>> 
[Coach] >>> TEST  @Epoch: 339  >>> 
[Wall TIME] >>> ChiefCoach.train takes 2.981239 seconds ...
[Wall TIME] >>> ChiefCoach.valid takes 0.799373 seconds ...
[Coach] >>> TRAIN @Epoch: 340  >>>  || LOSS Avg: 0.19478
[Coach] >>> VALID @Epoch: 340  >>>  || RECALL@1 Avg: 0.0121 || RECALL@10 Avg: 0.0629 || RECALL@20 Avg: 0.0988 || NDCG@10 Avg: 0.0337 || NDCG@20 Avg: 0.0428
[Coach] >>> TEST  @Epoch: 340  >>> 
[Wall TIME] >>> ChiefCoach.train takes 2.880678 seconds ...
[Coach] >>> TRAIN @Epoch: 341  >>>  || LOSS Avg: 0.19465
[Coach] >>> VALID @Epoch: 341  >>> 
[Coach] >>> TEST  @Epoch: 341  >>> 
[Wall TIME] >>> ChiefCoach.train takes 3.048486 seconds ...
[Coach] >>> TRAIN @Epoch: 342  >>>  || LOSS Avg: 0.19502
[Coach] >>> VALID @Epoch: 342  >>> 
[Coach] >>> TEST  @Epoch: 342  >>> 
[Wall TIME] >>> ChiefCoach.train takes 2.964556 seconds ...
[Coach] >>> TRAIN @Epoch: 343  >>>  || LOSS Avg: 0.19554
[Coach] >>> VALID @Epoch: 343  >>> 
[Coach] >>> TEST  @Epoch: 343  >>> 
[Wall TIME] >>> ChiefCoach.train takes 2.875629 seconds ...
[Coach] >>> TRAIN @Epoch: 344  >>>  || LOSS Avg: 0.19481
[Coach] >>> VALID @Epoch: 344  >>> 
[Coach] >>> TEST  @Epoch: 344  >>> 
[Wall TIME] >>> ChiefCoach.train takes 3.064094 seconds ...
[Wall TIME] >>> ChiefCoach.valid takes 0.806970 seconds ...
[Coach] >>> TRAIN @Epoch: 345  >>>  || LOSS Avg: 0.19460
[Coach] >>> VALID @Epoch: 345  >>>  || RECALL@1 Avg: 0.0121 || RECALL@10 Avg: 0.0630 || RECALL@20 Avg: 0.1000 || NDCG@10 Avg: 0.0337 || NDCG@20 Avg: 0.0432
[Coach] >>> TEST  @Epoch: 345  >>> 
[Wall TIME] >>> ChiefCoach.train takes 2.872023 seconds ...
[Coach] >>> TRAIN @Epoch: 346  >>>  || LOSS Avg: 0.19446
[Coach] >>> VALID @Epoch: 346  >>> 
[Coach] >>> TEST  @Epoch: 346  >>> 
[Wall TIME] >>> ChiefCoach.train takes 3.434834 seconds ...
[Coach] >>> TRAIN @Epoch: 347  >>>  || LOSS Avg: 0.19469
[Coach] >>> VALID @Epoch: 347  >>> 
[Coach] >>> TEST  @Epoch: 347  >>> 
[Wall TIME] >>> ChiefCoach.train takes 3.013941 seconds ...
[Coach] >>> TRAIN @Epoch: 348  >>>  || LOSS Avg: 0.19523
[Coach] >>> VALID @Epoch: 348  >>> 
[Coach] >>> TEST  @Epoch: 348  >>> 
[Wall TIME] >>> ChiefCoach.train takes 2.845135 seconds ...
[Coach] >>> TRAIN @Epoch: 349  >>>  || LOSS Avg: 0.19499
[Coach] >>> VALID @Epoch: 349  >>> 
[Coach] >>> TEST  @Epoch: 349  >>> 
[Wall TIME] >>> ChiefCoach.train takes 2.850304 seconds ...
[Wall TIME] >>> ChiefCoach.valid takes 0.781057 seconds ...
[Coach] >>> TRAIN @Epoch: 350  >>>  || LOSS Avg: 0.19495
[Coach] >>> VALID @Epoch: 350  >>>  || RECALL@1 Avg: 0.0123 || RECALL@10 Avg: 0.0632 || RECALL@20 Avg: 0.1000 || NDCG@10 Avg: 0.0339 || NDCG@20 Avg: 0.0433
[Coach] >>> TEST  @Epoch: 350  >>> 
[Wall TIME] >>> ChiefCoach.train takes 2.879625 seconds ...
[Coach] >>> TRAIN @Epoch: 351  >>>  || LOSS Avg: 0.19460
[Coach] >>> VALID @Epoch: 351  >>> 
[Coach] >>> TEST  @Epoch: 351  >>> 
[Wall TIME] >>> ChiefCoach.train takes 2.825464 seconds ...
[Coach] >>> TRAIN @Epoch: 352  >>>  || LOSS Avg: 0.19499
[Coach] >>> VALID @Epoch: 352  >>> 
[Coach] >>> TEST  @Epoch: 352  >>> 
[Wall TIME] >>> ChiefCoach.train takes 2.997018 seconds ...
[Coach] >>> TRAIN @Epoch: 353  >>>  || LOSS Avg: 0.19531
[Coach] >>> VALID @Epoch: 353  >>> 
[Coach] >>> TEST  @Epoch: 353  >>> 
[Wall TIME] >>> ChiefCoach.train takes 2.893937 seconds ...
[Coach] >>> TRAIN @Epoch: 354  >>>  || LOSS Avg: 0.19460
[Coach] >>> VALID @Epoch: 354  >>> 
[Coach] >>> TEST  @Epoch: 354  >>> 
[Wall TIME] >>> ChiefCoach.train takes 2.879407 seconds ...
[Wall TIME] >>> ChiefCoach.valid takes 0.803661 seconds ...
[Coach] >>> TRAIN @Epoch: 355  >>>  || LOSS Avg: 0.19429
[Coach] >>> VALID @Epoch: 355  >>>  || RECALL@1 Avg: 0.0125 || RECALL@10 Avg: 0.0634 || RECALL@20 Avg: 0.0994 || NDCG@10 Avg: 0.0340 || NDCG@20 Avg: 0.0431
[Coach] >>> TEST  @Epoch: 355  >>> 
[Wall TIME] >>> ChiefCoach.train takes 2.877738 seconds ...
[Coach] >>> TRAIN @Epoch: 356  >>>  || LOSS Avg: 0.19491
[Coach] >>> VALID @Epoch: 356  >>> 
[Coach] >>> TEST  @Epoch: 356  >>> 
[Wall TIME] >>> ChiefCoach.train takes 2.931411 seconds ...
[Coach] >>> TRAIN @Epoch: 357  >>>  || LOSS Avg: 0.19438
[Coach] >>> VALID @Epoch: 357  >>> 
[Coach] >>> TEST  @Epoch: 357  >>> 
[Wall TIME] >>> ChiefCoach.train takes 2.862301 seconds ...
[Coach] >>> TRAIN @Epoch: 358  >>>  || LOSS Avg: 0.19488
[Coach] >>> VALID @Epoch: 358  >>> 
[Coach] >>> TEST  @Epoch: 358  >>> 
[Wall TIME] >>> ChiefCoach.train takes 2.872923 seconds ...
[Coach] >>> TRAIN @Epoch: 359  >>>  || LOSS Avg: 0.19512
[Coach] >>> VALID @Epoch: 359  >>> 
[Coach] >>> TEST  @Epoch: 359  >>> 
[Wall TIME] >>> ChiefCoach.train takes 2.894984 seconds ...
[Wall TIME] >>> ChiefCoach.valid takes 0.813962 seconds ...
[Coach] >>> TRAIN @Epoch: 360  >>>  || LOSS Avg: 0.19436
[Coach] >>> VALID @Epoch: 360  >>>  || RECALL@1 Avg: 0.0122 || RECALL@10 Avg: 0.0629 || RECALL@20 Avg: 0.0992 || NDCG@10 Avg: 0.0338 || NDCG@20 Avg: 0.0430
[Coach] >>> TEST  @Epoch: 360  >>> 
[Wall TIME] >>> ChiefCoach.train takes 2.951153 seconds ...
[Coach] >>> TRAIN @Epoch: 361  >>>  || LOSS Avg: 0.19439
[Coach] >>> VALID @Epoch: 361  >>> 
[Coach] >>> TEST  @Epoch: 361  >>> 
[Wall TIME] >>> ChiefCoach.train takes 2.893556 seconds ...
[Coach] >>> TRAIN @Epoch: 362  >>>  || LOSS Avg: 0.19484
[Coach] >>> VALID @Epoch: 362  >>> 
[Coach] >>> TEST  @Epoch: 362  >>> 
[Wall TIME] >>> ChiefCoach.train takes 2.891550 seconds ...
[Coach] >>> TRAIN @Epoch: 363  >>>  || LOSS Avg: 0.19440
[Coach] >>> VALID @Epoch: 363  >>> 
[Coach] >>> TEST  @Epoch: 363  >>> 
[Wall TIME] >>> ChiefCoach.train takes 2.943429 seconds ...
[Coach] >>> TRAIN @Epoch: 364  >>>  || LOSS Avg: 0.19482
[Coach] >>> VALID @Epoch: 364  >>> 
[Coach] >>> TEST  @Epoch: 364  >>> 
[Wall TIME] >>> ChiefCoach.train takes 2.961244 seconds ...
[Wall TIME] >>> ChiefCoach.valid takes 0.796350 seconds ...
[Coach] >>> TRAIN @Epoch: 365  >>>  || LOSS Avg: 0.19486
[Coach] >>> VALID @Epoch: 365  >>>  || RECALL@1 Avg: 0.0122 || RECALL@10 Avg: 0.0624 || RECALL@20 Avg: 0.0998 || NDCG@10 Avg: 0.0336 || NDCG@20 Avg: 0.0431
[Coach] >>> TEST  @Epoch: 365  >>> 
[Wall TIME] >>> ChiefCoach.train takes 2.922532 seconds ...
[Coach] >>> TRAIN @Epoch: 366  >>>  || LOSS Avg: 0.19416
[Coach] >>> VALID @Epoch: 366  >>> 
[Coach] >>> TEST  @Epoch: 366  >>> 
[Wall TIME] >>> ChiefCoach.train takes 3.452882 seconds ...
[Coach] >>> TRAIN @Epoch: 367  >>>  || LOSS Avg: 0.19457
[Coach] >>> VALID @Epoch: 367  >>> 
[Coach] >>> TEST  @Epoch: 367  >>> 
[Wall TIME] >>> ChiefCoach.train takes 2.893067 seconds ...
[Coach] >>> TRAIN @Epoch: 368  >>>  || LOSS Avg: 0.19446
[Coach] >>> VALID @Epoch: 368  >>> 
[Coach] >>> TEST  @Epoch: 368  >>> 
[Wall TIME] >>> ChiefCoach.train takes 2.927737 seconds ...
[Coach] >>> TRAIN @Epoch: 369  >>>  || LOSS Avg: 0.19447
[Coach] >>> VALID @Epoch: 369  >>> 
[Coach] >>> TEST  @Epoch: 369  >>> 
[Wall TIME] >>> ChiefCoach.train takes 2.902721 seconds ...
[Wall TIME] >>> ChiefCoach.valid takes 0.788016 seconds ...
[Coach] >>> TRAIN @Epoch: 370  >>>  || LOSS Avg: 0.19363
[Coach] >>> VALID @Epoch: 370  >>>  || RECALL@1 Avg: 0.0124 || RECALL@10 Avg: 0.0623 || RECALL@20 Avg: 0.0984 || NDCG@10 Avg: 0.0337 || NDCG@20 Avg: 0.0428
[Coach] >>> TEST  @Epoch: 370  >>> 
[Wall TIME] >>> ChiefCoach.train takes 2.895588 seconds ...
[Coach] >>> TRAIN @Epoch: 371  >>>  || LOSS Avg: 0.19450
[Coach] >>> VALID @Epoch: 371  >>> 
[Coach] >>> TEST  @Epoch: 371  >>> 
[Wall TIME] >>> ChiefCoach.train takes 2.855302 seconds ...
[Coach] >>> TRAIN @Epoch: 372  >>>  || LOSS Avg: 0.19422
[Coach] >>> VALID @Epoch: 372  >>> 
[Coach] >>> TEST  @Epoch: 372  >>> 
[Wall TIME] >>> ChiefCoach.train takes 2.976772 seconds ...
[Coach] >>> TRAIN @Epoch: 373  >>>  || LOSS Avg: 0.19537
[Coach] >>> VALID @Epoch: 373  >>> 
[Coach] >>> TEST  @Epoch: 373  >>> 
[Wall TIME] >>> ChiefCoach.train takes 2.922445 seconds ...
[Coach] >>> TRAIN @Epoch: 374  >>>  || LOSS Avg: 0.19435
[Coach] >>> VALID @Epoch: 374  >>> 
[Coach] >>> TEST  @Epoch: 374  >>> 
[Wall TIME] >>> ChiefCoach.train takes 2.956433 seconds ...
[Wall TIME] >>> ChiefCoach.valid takes 0.815248 seconds ...
[Coach] >>> TRAIN @Epoch: 375  >>>  || LOSS Avg: 0.19425
[Coach] >>> VALID @Epoch: 375  >>>  || RECALL@1 Avg: 0.0125 || RECALL@10 Avg: 0.0632 || RECALL@20 Avg: 0.0987 || NDCG@10 Avg: 0.0339 || NDCG@20 Avg: 0.0429
[Coach] >>> TEST  @Epoch: 375  >>> 
[Wall TIME] >>> ChiefCoach.train takes 2.979426 seconds ...
[Coach] >>> TRAIN @Epoch: 376  >>>  || LOSS Avg: 0.19448
[Coach] >>> VALID @Epoch: 376  >>> 
[Coach] >>> TEST  @Epoch: 376  >>> 
[Wall TIME] >>> ChiefCoach.train takes 2.889085 seconds ...
[Coach] >>> TRAIN @Epoch: 377  >>>  || LOSS Avg: 0.19395
[Coach] >>> VALID @Epoch: 377  >>> 
[Coach] >>> TEST  @Epoch: 377  >>> 
[Wall TIME] >>> ChiefCoach.train takes 2.906964 seconds ...
[Coach] >>> TRAIN @Epoch: 378  >>>  || LOSS Avg: 0.19445
[Coach] >>> VALID @Epoch: 378  >>> 
[Coach] >>> TEST  @Epoch: 378  >>> 
[Wall TIME] >>> ChiefCoach.train takes 2.959639 seconds ...
[Coach] >>> TRAIN @Epoch: 379  >>>  || LOSS Avg: 0.19456
[Coach] >>> VALID @Epoch: 379  >>> 
[Coach] >>> TEST  @Epoch: 379  >>> 
[Wall TIME] >>> ChiefCoach.train takes 2.985009 seconds ...
[Wall TIME] >>> ChiefCoach.valid takes 0.772824 seconds ...
[Coach] >>> TRAIN @Epoch: 380  >>>  || LOSS Avg: 0.19411
[Coach] >>> VALID @Epoch: 380  >>>  || RECALL@1 Avg: 0.0126 || RECALL@10 Avg: 0.0638 || RECALL@20 Avg: 0.0988 || NDCG@10 Avg: 0.0343 || NDCG@20 Avg: 0.0432
[Coach] >>> TEST  @Epoch: 380  >>> 
[Wall TIME] >>> ChiefCoach.train takes 2.877924 seconds ...
[Coach] >>> TRAIN @Epoch: 381  >>>  || LOSS Avg: 0.19446
[Coach] >>> VALID @Epoch: 381  >>> 
[Coach] >>> TEST  @Epoch: 381  >>> 
[Wall TIME] >>> ChiefCoach.train takes 2.843746 seconds ...
[Coach] >>> TRAIN @Epoch: 382  >>>  || LOSS Avg: 0.19390
[Coach] >>> VALID @Epoch: 382  >>> 
[Coach] >>> TEST  @Epoch: 382  >>> 
[Wall TIME] >>> ChiefCoach.train takes 3.063138 seconds ...
[Coach] >>> TRAIN @Epoch: 383  >>>  || LOSS Avg: 0.19398
[Coach] >>> VALID @Epoch: 383  >>> 
[Coach] >>> TEST  @Epoch: 383  >>> 
[Wall TIME] >>> ChiefCoach.train takes 2.855706 seconds ...
[Coach] >>> TRAIN @Epoch: 384  >>>  || LOSS Avg: 0.19412
[Coach] >>> VALID @Epoch: 384  >>> 
[Coach] >>> TEST  @Epoch: 384  >>> 
[Wall TIME] >>> ChiefCoach.train takes 2.895871 seconds ...
[Wall TIME] >>> ChiefCoach.valid takes 0.786057 seconds ...
[Coach] >>> TRAIN @Epoch: 385  >>>  || LOSS Avg: 0.19435
[Coach] >>> VALID @Epoch: 385  >>>  || RECALL@1 Avg: 0.0124 || RECALL@10 Avg: 0.0637 || RECALL@20 Avg: 0.0979 || NDCG@10 Avg: 0.0341 || NDCG@20 Avg: 0.0428
[Coach] >>> TEST  @Epoch: 385  >>> 
[Wall TIME] >>> ChiefCoach.train takes 2.924254 seconds ...
[Coach] >>> TRAIN @Epoch: 386  >>>  || LOSS Avg: 0.19447
[Coach] >>> VALID @Epoch: 386  >>> 
[Coach] >>> TEST  @Epoch: 386  >>> 
[Wall TIME] >>> ChiefCoach.train takes 2.862125 seconds ...
[Coach] >>> TRAIN @Epoch: 387  >>>  || LOSS Avg: 0.19373
[Coach] >>> VALID @Epoch: 387  >>> 
[Coach] >>> TEST  @Epoch: 387  >>> 
[Wall TIME] >>> ChiefCoach.train takes 3.473369 seconds ...
[Coach] >>> TRAIN @Epoch: 388  >>>  || LOSS Avg: 0.19338
[Coach] >>> VALID @Epoch: 388  >>> 
[Coach] >>> TEST  @Epoch: 388  >>> 
[Wall TIME] >>> ChiefCoach.train takes 2.957520 seconds ...
[Coach] >>> TRAIN @Epoch: 389  >>>  || LOSS Avg: 0.19415
[Coach] >>> VALID @Epoch: 389  >>> 
[Coach] >>> TEST  @Epoch: 389  >>> 
[Wall TIME] >>> ChiefCoach.train takes 2.876873 seconds ...
[Wall TIME] >>> ChiefCoach.valid takes 0.762175 seconds ...
[Coach] >>> TRAIN @Epoch: 390  >>>  || LOSS Avg: 0.19404
[Coach] >>> VALID @Epoch: 390  >>>  || RECALL@1 Avg: 0.0123 || RECALL@10 Avg: 0.0630 || RECALL@20 Avg: 0.0975 || NDCG@10 Avg: 0.0339 || NDCG@20 Avg: 0.0427
[Coach] >>> TEST  @Epoch: 390  >>> 
[Wall TIME] >>> ChiefCoach.train takes 2.872588 seconds ...
[Coach] >>> TRAIN @Epoch: 391  >>>  || LOSS Avg: 0.19369
[Coach] >>> VALID @Epoch: 391  >>> 
[Coach] >>> TEST  @Epoch: 391  >>> 
[Wall TIME] >>> ChiefCoach.train takes 2.979921 seconds ...
[Coach] >>> TRAIN @Epoch: 392  >>>  || LOSS Avg: 0.19388
[Coach] >>> VALID @Epoch: 392  >>> 
[Coach] >>> TEST  @Epoch: 392  >>> 
[Wall TIME] >>> ChiefCoach.train takes 3.004414 seconds ...
[Coach] >>> TRAIN @Epoch: 393  >>>  || LOSS Avg: 0.19375
[Coach] >>> VALID @Epoch: 393  >>> 
[Coach] >>> TEST  @Epoch: 393  >>> 
[Wall TIME] >>> ChiefCoach.train takes 2.884403 seconds ...
[Coach] >>> TRAIN @Epoch: 394  >>>  || LOSS Avg: 0.19402
[Coach] >>> VALID @Epoch: 394  >>> 
[Coach] >>> TEST  @Epoch: 394  >>> 
[Wall TIME] >>> ChiefCoach.train takes 2.891444 seconds ...
[Wall TIME] >>> ChiefCoach.valid takes 0.805868 seconds ...
[Coach] >>> TRAIN @Epoch: 395  >>>  || LOSS Avg: 0.19297
[Coach] >>> VALID @Epoch: 395  >>>  || RECALL@1 Avg: 0.0125 || RECALL@10 Avg: 0.0628 || RECALL@20 Avg: 0.0979 || NDCG@10 Avg: 0.0339 || NDCG@20 Avg: 0.0428
[Coach] >>> TEST  @Epoch: 395  >>> 
[Wall TIME] >>> ChiefCoach.train takes 2.900488 seconds ...
[Coach] >>> TRAIN @Epoch: 396  >>>  || LOSS Avg: 0.19345
[Coach] >>> VALID @Epoch: 396  >>> 
[Coach] >>> TEST  @Epoch: 396  >>> 
[Wall TIME] >>> ChiefCoach.train takes 2.942300 seconds ...
[Coach] >>> TRAIN @Epoch: 397  >>>  || LOSS Avg: 0.19341
[Coach] >>> VALID @Epoch: 397  >>> 
[Coach] >>> TEST  @Epoch: 397  >>> 
[Wall TIME] >>> ChiefCoach.train takes 2.892091 seconds ...
[Coach] >>> TRAIN @Epoch: 398  >>>  || LOSS Avg: 0.19354
[Coach] >>> VALID @Epoch: 398  >>> 
[Coach] >>> TEST  @Epoch: 398  >>> 
[Wall TIME] >>> ChiefCoach.train takes 2.998581 seconds ...
[Coach] >>> TRAIN @Epoch: 399  >>>  || LOSS Avg: 0.19369
[Coach] >>> VALID @Epoch: 399  >>> 
[Coach] >>> TEST  @Epoch: 399  >>> 
[Wall TIME] >>> ChiefCoach.train takes 2.913980 seconds ...
[Wall TIME] >>> ChiefCoach.valid takes 0.777722 seconds ...
[Coach] >>> TRAIN @Epoch: 400  >>>  || LOSS Avg: 0.19335
[Coach] >>> VALID @Epoch: 400  >>>  || RECALL@1 Avg: 0.0123 || RECALL@10 Avg: 0.0628 || RECALL@20 Avg: 0.0982 || NDCG@10 Avg: 0.0337 || NDCG@20 Avg: 0.0427
[Coach] >>> TEST  @Epoch: 400  >>> 
[Wall TIME] >>> ChiefCoach.train takes 2.842190 seconds ...
[Coach] >>> TRAIN @Epoch: 401  >>>  || LOSS Avg: 0.19371
[Coach] >>> VALID @Epoch: 401  >>> 
[Coach] >>> TEST  @Epoch: 401  >>> 
[Wall TIME] >>> ChiefCoach.train takes 2.993530 seconds ...
[Coach] >>> TRAIN @Epoch: 402  >>>  || LOSS Avg: 0.19336
[Coach] >>> VALID @Epoch: 402  >>> 
[Coach] >>> TEST  @Epoch: 402  >>> 
[Wall TIME] >>> ChiefCoach.train takes 2.875530 seconds ...
[Coach] >>> TRAIN @Epoch: 403  >>>  || LOSS Avg: 0.19379
[Coach] >>> VALID @Epoch: 403  >>> 
[Coach] >>> TEST  @Epoch: 403  >>> 
[Wall TIME] >>> ChiefCoach.train takes 2.895807 seconds ...
[Coach] >>> TRAIN @Epoch: 404  >>>  || LOSS Avg: 0.19329
[Coach] >>> VALID @Epoch: 404  >>> 
[Coach] >>> TEST  @Epoch: 404  >>> 
[Wall TIME] >>> ChiefCoach.train takes 2.931897 seconds ...
[Wall TIME] >>> ChiefCoach.valid takes 0.771763 seconds ...
[Coach] >>> TRAIN @Epoch: 405  >>>  || LOSS Avg: 0.19412
[Coach] >>> VALID @Epoch: 405  >>>  || RECALL@1 Avg: 0.0125 || RECALL@10 Avg: 0.0624 || RECALL@20 Avg: 0.0964 || NDCG@10 Avg: 0.0338 || NDCG@20 Avg: 0.0424
[Coach] >>> TEST  @Epoch: 405  >>> 
[Wall TIME] >>> ChiefCoach.train takes 2.858875 seconds ...
[Coach] >>> TRAIN @Epoch: 406  >>>  || LOSS Avg: 0.19318
[Coach] >>> VALID @Epoch: 406  >>> 
[Coach] >>> TEST  @Epoch: 406  >>> 
[Wall TIME] >>> ChiefCoach.train takes 2.993809 seconds ...
[Coach] >>> TRAIN @Epoch: 407  >>>  || LOSS Avg: 0.19388
[Coach] >>> VALID @Epoch: 407  >>> 
[Coach] >>> TEST  @Epoch: 407  >>> 
[Wall TIME] >>> ChiefCoach.train takes 3.559955 seconds ...
[Coach] >>> TRAIN @Epoch: 408  >>>  || LOSS Avg: 0.19345
[Coach] >>> VALID @Epoch: 408  >>> 
[Coach] >>> TEST  @Epoch: 408  >>> 
[Wall TIME] >>> ChiefCoach.train takes 2.979379 seconds ...
[Coach] >>> TRAIN @Epoch: 409  >>>  || LOSS Avg: 0.19316
[Coach] >>> VALID @Epoch: 409  >>> 
[Coach] >>> TEST  @Epoch: 409  >>> 
[Wall TIME] >>> ChiefCoach.train takes 2.973361 seconds ...
[Wall TIME] >>> ChiefCoach.valid takes 0.777056 seconds ...
[Coach] >>> TRAIN @Epoch: 410  >>>  || LOSS Avg: 0.19301
[Coach] >>> VALID @Epoch: 410  >>>  || RECALL@1 Avg: 0.0125 || RECALL@10 Avg: 0.0623 || RECALL@20 Avg: 0.0975 || NDCG@10 Avg: 0.0337 || NDCG@20 Avg: 0.0427
[Coach] >>> TEST  @Epoch: 410  >>> 
[Wall TIME] >>> ChiefCoach.train takes 2.997033 seconds ...
[Coach] >>> TRAIN @Epoch: 411  >>>  || LOSS Avg: 0.19367
[Coach] >>> VALID @Epoch: 411  >>> 
[Coach] >>> TEST  @Epoch: 411  >>> 
[Wall TIME] >>> ChiefCoach.train takes 2.875172 seconds ...
[Coach] >>> TRAIN @Epoch: 412  >>>  || LOSS Avg: 0.19375
[Coach] >>> VALID @Epoch: 412  >>> 
[Coach] >>> TEST  @Epoch: 412  >>> 
[Wall TIME] >>> ChiefCoach.train takes 2.913203 seconds ...
[Coach] >>> TRAIN @Epoch: 413  >>>  || LOSS Avg: 0.19344
[Coach] >>> VALID @Epoch: 413  >>> 
[Coach] >>> TEST  @Epoch: 413  >>> 
[Wall TIME] >>> ChiefCoach.train takes 2.933818 seconds ...
[Coach] >>> TRAIN @Epoch: 414  >>>  || LOSS Avg: 0.19312
[Coach] >>> VALID @Epoch: 414  >>> 
[Coach] >>> TEST  @Epoch: 414  >>> 
[Wall TIME] >>> ChiefCoach.train takes 2.881531 seconds ...
[Wall TIME] >>> ChiefCoach.valid takes 0.821618 seconds ...
[Coach] >>> TRAIN @Epoch: 415  >>>  || LOSS Avg: 0.19321
[Coach] >>> VALID @Epoch: 415  >>>  || RECALL@1 Avg: 0.0122 || RECALL@10 Avg: 0.0623 || RECALL@20 Avg: 0.0975 || NDCG@10 Avg: 0.0336 || NDCG@20 Avg: 0.0425
[Coach] >>> TEST  @Epoch: 415  >>> 
[Wall TIME] >>> ChiefCoach.train takes 2.903471 seconds ...
[Coach] >>> TRAIN @Epoch: 416  >>>  || LOSS Avg: 0.19373
[Coach] >>> VALID @Epoch: 416  >>> 
[Coach] >>> TEST  @Epoch: 416  >>> 
[Wall TIME] >>> ChiefCoach.train takes 2.944209 seconds ...
[Coach] >>> TRAIN @Epoch: 417  >>>  || LOSS Avg: 0.19339
[Coach] >>> VALID @Epoch: 417  >>> 
[Coach] >>> TEST  @Epoch: 417  >>> 
[Wall TIME] >>> ChiefCoach.train takes 2.958213 seconds ...
[Coach] >>> TRAIN @Epoch: 418  >>>  || LOSS Avg: 0.19320
[Coach] >>> VALID @Epoch: 418  >>> 
[Coach] >>> TEST  @Epoch: 418  >>> 
[Wall TIME] >>> ChiefCoach.train takes 2.934106 seconds ...
[Coach] >>> TRAIN @Epoch: 419  >>>  || LOSS Avg: 0.19331
[Coach] >>> VALID @Epoch: 419  >>> 
[Coach] >>> TEST  @Epoch: 419  >>> 
[Wall TIME] >>> ChiefCoach.train takes 2.957968 seconds ...
[Wall TIME] >>> ChiefCoach.valid takes 0.841339 seconds ...
[Coach] >>> TRAIN @Epoch: 420  >>>  || LOSS Avg: 0.19355
[Coach] >>> VALID @Epoch: 420  >>>  || RECALL@1 Avg: 0.0122 || RECALL@10 Avg: 0.0627 || RECALL@20 Avg: 0.0981 || NDCG@10 Avg: 0.0337 || NDCG@20 Avg: 0.0427
[Coach] >>> TEST  @Epoch: 420  >>> 
[Wall TIME] >>> ChiefCoach.train takes 2.921292 seconds ...
[Coach] >>> TRAIN @Epoch: 421  >>>  || LOSS Avg: 0.19329
[Coach] >>> VALID @Epoch: 421  >>> 
[Coach] >>> TEST  @Epoch: 421  >>> 
[Wall TIME] >>> ChiefCoach.train takes 2.866040 seconds ...
[Coach] >>> TRAIN @Epoch: 422  >>>  || LOSS Avg: 0.19324
[Coach] >>> VALID @Epoch: 422  >>> 
[Coach] >>> TEST  @Epoch: 422  >>> 
[Wall TIME] >>> ChiefCoach.train takes 2.821182 seconds ...
[Coach] >>> TRAIN @Epoch: 423  >>>  || LOSS Avg: 0.19337
[Coach] >>> VALID @Epoch: 423  >>> 
[Coach] >>> TEST  @Epoch: 423  >>> 
[Wall TIME] >>> ChiefCoach.train takes 2.918092 seconds ...
[Coach] >>> TRAIN @Epoch: 424  >>>  || LOSS Avg: 0.19325
[Coach] >>> VALID @Epoch: 424  >>> 
[Coach] >>> TEST  @Epoch: 424  >>> 
[Wall TIME] >>> ChiefCoach.train takes 2.820522 seconds ...
[Wall TIME] >>> ChiefCoach.valid takes 0.783106 seconds ...
[Coach] >>> TRAIN @Epoch: 425  >>>  || LOSS Avg: 0.19239
[Coach] >>> VALID @Epoch: 425  >>>  || RECALL@1 Avg: 0.0122 || RECALL@10 Avg: 0.0621 || RECALL@20 Avg: 0.0989 || NDCG@10 Avg: 0.0336 || NDCG@20 Avg: 0.0429
[Coach] >>> TEST  @Epoch: 425  >>> 
[Wall TIME] >>> ChiefCoach.train takes 2.878845 seconds ...
[Coach] >>> TRAIN @Epoch: 426  >>>  || LOSS Avg: 0.19291
[Coach] >>> VALID @Epoch: 426  >>> 
[Coach] >>> TEST  @Epoch: 426  >>> 
[Wall TIME] >>> ChiefCoach.train takes 2.961729 seconds ...
[Coach] >>> TRAIN @Epoch: 427  >>>  || LOSS Avg: 0.19324
[Coach] >>> VALID @Epoch: 427  >>> 
[Coach] >>> TEST  @Epoch: 427  >>> 
[Wall TIME] >>> ChiefCoach.train takes 3.430633 seconds ...
[Coach] >>> TRAIN @Epoch: 428  >>>  || LOSS Avg: 0.19316
[Coach] >>> VALID @Epoch: 428  >>> 
[Coach] >>> TEST  @Epoch: 428  >>> 
[Wall TIME] >>> ChiefCoach.train takes 2.910226 seconds ...
[Coach] >>> TRAIN @Epoch: 429  >>>  || LOSS Avg: 0.19329
[Coach] >>> VALID @Epoch: 429  >>> 
[Coach] >>> TEST  @Epoch: 429  >>> 
[Wall TIME] >>> ChiefCoach.train takes 3.018673 seconds ...
[Wall TIME] >>> ChiefCoach.valid takes 0.797776 seconds ...
[Coach] >>> TRAIN @Epoch: 430  >>>  || LOSS Avg: 0.19298
[Coach] >>> VALID @Epoch: 430  >>>  || RECALL@1 Avg: 0.0123 || RECALL@10 Avg: 0.0623 || RECALL@20 Avg: 0.0994 || NDCG@10 Avg: 0.0337 || NDCG@20 Avg: 0.0431
[Coach] >>> TEST  @Epoch: 430  >>> 
[Wall TIME] >>> ChiefCoach.train takes 2.869797 seconds ...
[Coach] >>> TRAIN @Epoch: 431  >>>  || LOSS Avg: 0.19360
[Coach] >>> VALID @Epoch: 431  >>> 
[Coach] >>> TEST  @Epoch: 431  >>> 
[Wall TIME] >>> ChiefCoach.train takes 2.861921 seconds ...
[Coach] >>> TRAIN @Epoch: 432  >>>  || LOSS Avg: 0.19306
[Coach] >>> VALID @Epoch: 432  >>> 
[Coach] >>> TEST  @Epoch: 432  >>> 
[Wall TIME] >>> ChiefCoach.train takes 2.949375 seconds ...
[Coach] >>> TRAIN @Epoch: 433  >>>  || LOSS Avg: 0.19298
[Coach] >>> VALID @Epoch: 433  >>> 
[Coach] >>> TEST  @Epoch: 433  >>> 
[Wall TIME] >>> ChiefCoach.train takes 2.822899 seconds ...
[Coach] >>> TRAIN @Epoch: 434  >>>  || LOSS Avg: 0.19282
[Coach] >>> VALID @Epoch: 434  >>> 
[Coach] >>> TEST  @Epoch: 434  >>> 
[Wall TIME] >>> ChiefCoach.train takes 2.931578 seconds ...
[Wall TIME] >>> ChiefCoach.valid takes 0.785857 seconds ...
[Coach] >>> TRAIN @Epoch: 435  >>>  || LOSS Avg: 0.19308
[Coach] >>> VALID @Epoch: 435  >>>  || RECALL@1 Avg: 0.0122 || RECALL@10 Avg: 0.0617 || RECALL@20 Avg: 0.0990 || NDCG@10 Avg: 0.0335 || NDCG@20 Avg: 0.0429
[Coach] >>> TEST  @Epoch: 435  >>> 
[Wall TIME] >>> ChiefCoach.train takes 2.903547 seconds ...
[Coach] >>> TRAIN @Epoch: 436  >>>  || LOSS Avg: 0.19292
[Coach] >>> VALID @Epoch: 436  >>> 
[Coach] >>> TEST  @Epoch: 436  >>> 
[Wall TIME] >>> ChiefCoach.train takes 3.005558 seconds ...
[Coach] >>> TRAIN @Epoch: 437  >>>  || LOSS Avg: 0.19267
[Coach] >>> VALID @Epoch: 437  >>> 
[Coach] >>> TEST  @Epoch: 437  >>> 
[Wall TIME] >>> ChiefCoach.train takes 2.916314 seconds ...
[Coach] >>> TRAIN @Epoch: 438  >>>  || LOSS Avg: 0.19283
[Coach] >>> VALID @Epoch: 438  >>> 
[Coach] >>> TEST  @Epoch: 438  >>> 
[Wall TIME] >>> ChiefCoach.train takes 3.007018 seconds ...
[Coach] >>> TRAIN @Epoch: 439  >>>  || LOSS Avg: 0.19316
[Coach] >>> VALID @Epoch: 439  >>> 
[Coach] >>> TEST  @Epoch: 439  >>> 
[Wall TIME] >>> ChiefCoach.train takes 3.032722 seconds ...
[Wall TIME] >>> ChiefCoach.valid takes 0.790999 seconds ...
[Coach] >>> TRAIN @Epoch: 440  >>>  || LOSS Avg: 0.19299
[Coach] >>> VALID @Epoch: 440  >>>  || RECALL@1 Avg: 0.0122 || RECALL@10 Avg: 0.0623 || RECALL@20 Avg: 0.0986 || NDCG@10 Avg: 0.0336 || NDCG@20 Avg: 0.0428
[Coach] >>> TEST  @Epoch: 440  >>> 
[Wall TIME] >>> ChiefCoach.train takes 2.926679 seconds ...
[Coach] >>> TRAIN @Epoch: 441  >>>  || LOSS Avg: 0.19278
[Coach] >>> VALID @Epoch: 441  >>> 
[Coach] >>> TEST  @Epoch: 441  >>> 
[Wall TIME] >>> ChiefCoach.train takes 2.970621 seconds ...
[Coach] >>> TRAIN @Epoch: 442  >>>  || LOSS Avg: 0.19263
[Coach] >>> VALID @Epoch: 442  >>> 
[Coach] >>> TEST  @Epoch: 442  >>> 
[Wall TIME] >>> ChiefCoach.train takes 3.003381 seconds ...
[Coach] >>> TRAIN @Epoch: 443  >>>  || LOSS Avg: 0.19250
[Coach] >>> VALID @Epoch: 443  >>> 
[Coach] >>> TEST  @Epoch: 443  >>> 
[Wall TIME] >>> ChiefCoach.train takes 2.935972 seconds ...
[Coach] >>> TRAIN @Epoch: 444  >>>  || LOSS Avg: 0.19291
[Coach] >>> VALID @Epoch: 444  >>> 
[Coach] >>> TEST  @Epoch: 444  >>> 
[Wall TIME] >>> ChiefCoach.train takes 2.936736 seconds ...
[Wall TIME] >>> ChiefCoach.valid takes 0.795684 seconds ...
[Coach] >>> TRAIN @Epoch: 445  >>>  || LOSS Avg: 0.19317
[Coach] >>> VALID @Epoch: 445  >>>  || RECALL@1 Avg: 0.0126 || RECALL@10 Avg: 0.0634 || RECALL@20 Avg: 0.0983 || NDCG@10 Avg: 0.0341 || NDCG@20 Avg: 0.0429
[Coach] >>> TEST  @Epoch: 445  >>> 
[Wall TIME] >>> ChiefCoach.train takes 3.013292 seconds ...
[Coach] >>> TRAIN @Epoch: 446  >>>  || LOSS Avg: 0.19276
[Coach] >>> VALID @Epoch: 446  >>> 
[Coach] >>> TEST  @Epoch: 446  >>> 
[Wall TIME] >>> ChiefCoach.train takes 2.894823 seconds ...
[Coach] >>> TRAIN @Epoch: 447  >>>  || LOSS Avg: 0.19240
[Coach] >>> VALID @Epoch: 447  >>> 
[Coach] >>> TEST  @Epoch: 447  >>> 
[Wall TIME] >>> ChiefCoach.train takes 3.353990 seconds ...
[Coach] >>> TRAIN @Epoch: 448  >>>  || LOSS Avg: 0.19324
[Coach] >>> VALID @Epoch: 448  >>> 
[Coach] >>> TEST  @Epoch: 448  >>> 
[Wall TIME] >>> ChiefCoach.train takes 2.971505 seconds ...
[Coach] >>> TRAIN @Epoch: 449  >>>  || LOSS Avg: 0.19249
[Coach] >>> VALID @Epoch: 449  >>> 
[Coach] >>> TEST  @Epoch: 449  >>> 
[Wall TIME] >>> ChiefCoach.train takes 2.861115 seconds ...
[Wall TIME] >>> ChiefCoach.valid takes 0.791864 seconds ...
[Coach] >>> TRAIN @Epoch: 450  >>>  || LOSS Avg: 0.19325
[Coach] >>> VALID @Epoch: 450  >>>  || RECALL@1 Avg: 0.0122 || RECALL@10 Avg: 0.0628 || RECALL@20 Avg: 0.0989 || NDCG@10 Avg: 0.0337 || NDCG@20 Avg: 0.0429
[Coach] >>> TEST  @Epoch: 450  >>> 
[Wall TIME] >>> ChiefCoach.train takes 2.943254 seconds ...
[Coach] >>> TRAIN @Epoch: 451  >>>  || LOSS Avg: 0.19230
[Coach] >>> VALID @Epoch: 451  >>> 
[Coach] >>> TEST  @Epoch: 451  >>> 
[Wall TIME] >>> ChiefCoach.train takes 2.914726 seconds ...
[Coach] >>> TRAIN @Epoch: 452  >>>  || LOSS Avg: 0.19276
[Coach] >>> VALID @Epoch: 452  >>> 
[Coach] >>> TEST  @Epoch: 452  >>> 
[Wall TIME] >>> ChiefCoach.train takes 3.034773 seconds ...
[Coach] >>> TRAIN @Epoch: 453  >>>  || LOSS Avg: 0.19251
[Coach] >>> VALID @Epoch: 453  >>> 
[Coach] >>> TEST  @Epoch: 453  >>> 
[Wall TIME] >>> ChiefCoach.train takes 3.001700 seconds ...
[Coach] >>> TRAIN @Epoch: 454  >>>  || LOSS Avg: 0.19274
[Coach] >>> VALID @Epoch: 454  >>> 
[Coach] >>> TEST  @Epoch: 454  >>> 
[Wall TIME] >>> ChiefCoach.train takes 3.040246 seconds ...
[Wall TIME] >>> ChiefCoach.valid takes 0.826560 seconds ...
[Coach] >>> TRAIN @Epoch: 455  >>>  || LOSS Avg: 0.19266
[Coach] >>> VALID @Epoch: 455  >>>  || RECALL@1 Avg: 0.0126 || RECALL@10 Avg: 0.0627 || RECALL@20 Avg: 0.0989 || NDCG@10 Avg: 0.0338 || NDCG@20 Avg: 0.0430
[Coach] >>> TEST  @Epoch: 455  >>> 
[Wall TIME] >>> ChiefCoach.train takes 2.846247 seconds ...
[Coach] >>> TRAIN @Epoch: 456  >>>  || LOSS Avg: 0.19289
[Coach] >>> VALID @Epoch: 456  >>> 
[Coach] >>> TEST  @Epoch: 456  >>> 
[Wall TIME] >>> ChiefCoach.train takes 2.945822 seconds ...
[Coach] >>> TRAIN @Epoch: 457  >>>  || LOSS Avg: 0.19246
[Coach] >>> VALID @Epoch: 457  >>> 
[Coach] >>> TEST  @Epoch: 457  >>> 
[Wall TIME] >>> ChiefCoach.train takes 2.938709 seconds ...
[Coach] >>> TRAIN @Epoch: 458  >>>  || LOSS Avg: 0.19262
[Coach] >>> VALID @Epoch: 458  >>> 
[Coach] >>> TEST  @Epoch: 458  >>> 
[Wall TIME] >>> ChiefCoach.train takes 2.863867 seconds ...
[Coach] >>> TRAIN @Epoch: 459  >>>  || LOSS Avg: 0.19301
[Coach] >>> VALID @Epoch: 459  >>> 
[Coach] >>> TEST  @Epoch: 459  >>> 
[Wall TIME] >>> ChiefCoach.train takes 2.850420 seconds ...
[Wall TIME] >>> ChiefCoach.valid takes 0.773963 seconds ...
[Coach] >>> TRAIN @Epoch: 460  >>>  || LOSS Avg: 0.19232
[Coach] >>> VALID @Epoch: 460  >>>  || RECALL@1 Avg: 0.0121 || RECALL@10 Avg: 0.0629 || RECALL@20 Avg: 0.0986 || NDCG@10 Avg: 0.0337 || NDCG@20 Avg: 0.0427
[Coach] >>> TEST  @Epoch: 460  >>> 
[Wall TIME] >>> ChiefCoach.train takes 2.923270 seconds ...
[Coach] >>> TRAIN @Epoch: 461  >>>  || LOSS Avg: 0.19276
[Coach] >>> VALID @Epoch: 461  >>> 
[Coach] >>> TEST  @Epoch: 461  >>> 
[Wall TIME] >>> ChiefCoach.train takes 2.915292 seconds ...
[Coach] >>> TRAIN @Epoch: 462  >>>  || LOSS Avg: 0.19239
[Coach] >>> VALID @Epoch: 462  >>> 
[Coach] >>> TEST  @Epoch: 462  >>> 
[Wall TIME] >>> ChiefCoach.train takes 2.996587 seconds ...
[Coach] >>> TRAIN @Epoch: 463  >>>  || LOSS Avg: 0.19265
[Coach] >>> VALID @Epoch: 463  >>> 
[Coach] >>> TEST  @Epoch: 463  >>> 
[Wall TIME] >>> ChiefCoach.train takes 3.026343 seconds ...
[Coach] >>> TRAIN @Epoch: 464  >>>  || LOSS Avg: 0.19279
[Coach] >>> VALID @Epoch: 464  >>> 
[Coach] >>> TEST  @Epoch: 464  >>> 
[Wall TIME] >>> ChiefCoach.train takes 3.015865 seconds ...
[Wall TIME] >>> ChiefCoach.valid takes 0.820034 seconds ...
[Coach] >>> TRAIN @Epoch: 465  >>>  || LOSS Avg: 0.19234
[Coach] >>> VALID @Epoch: 465  >>>  || RECALL@1 Avg: 0.0121 || RECALL@10 Avg: 0.0631 || RECALL@20 Avg: 0.0980 || NDCG@10 Avg: 0.0338 || NDCG@20 Avg: 0.0426
[Coach] >>> TEST  @Epoch: 465  >>> 
[Wall TIME] >>> ChiefCoach.train takes 2.863054 seconds ...
[Coach] >>> TRAIN @Epoch: 466  >>>  || LOSS Avg: 0.19232
[Coach] >>> VALID @Epoch: 466  >>> 
[Coach] >>> TEST  @Epoch: 466  >>> 
[Wall TIME] >>> ChiefCoach.train takes 2.948187 seconds ...
[Coach] >>> TRAIN @Epoch: 467  >>>  || LOSS Avg: 0.19264
[Coach] >>> VALID @Epoch: 467  >>> 
[Coach] >>> TEST  @Epoch: 467  >>> 
[Wall TIME] >>> ChiefCoach.train takes 3.423791 seconds ...
[Coach] >>> TRAIN @Epoch: 468  >>>  || LOSS Avg: 0.19258
[Coach] >>> VALID @Epoch: 468  >>> 
[Coach] >>> TEST  @Epoch: 468  >>> 
[Wall TIME] >>> ChiefCoach.train takes 2.938558 seconds ...
[Coach] >>> TRAIN @Epoch: 469  >>>  || LOSS Avg: 0.19287
[Coach] >>> VALID @Epoch: 469  >>> 
[Coach] >>> TEST  @Epoch: 469  >>> 
[Wall TIME] >>> ChiefCoach.train takes 2.897260 seconds ...
[Wall TIME] >>> ChiefCoach.valid takes 0.770651 seconds ...
[Coach] >>> TRAIN @Epoch: 470  >>>  || LOSS Avg: 0.19249
[Coach] >>> VALID @Epoch: 470  >>>  || RECALL@1 Avg: 0.0119 || RECALL@10 Avg: 0.0630 || RECALL@20 Avg: 0.0978 || NDCG@10 Avg: 0.0337 || NDCG@20 Avg: 0.0425
[Coach] >>> TEST  @Epoch: 470  >>> 
[Wall TIME] >>> ChiefCoach.train takes 2.925922 seconds ...
[Coach] >>> TRAIN @Epoch: 471  >>>  || LOSS Avg: 0.19288
[Coach] >>> VALID @Epoch: 471  >>> 
[Coach] >>> TEST  @Epoch: 471  >>> 
[Wall TIME] >>> ChiefCoach.train takes 2.875442 seconds ...
[Coach] >>> TRAIN @Epoch: 472  >>>  || LOSS Avg: 0.19293
[Coach] >>> VALID @Epoch: 472  >>> 
[Coach] >>> TEST  @Epoch: 472  >>> 
[Wall TIME] >>> ChiefCoach.train takes 2.857980 seconds ...
[Coach] >>> TRAIN @Epoch: 473  >>>  || LOSS Avg: 0.19262
[Coach] >>> VALID @Epoch: 473  >>> 
[Coach] >>> TEST  @Epoch: 473  >>> 
[Wall TIME] >>> ChiefCoach.train takes 2.986098 seconds ...
[Coach] >>> TRAIN @Epoch: 474  >>>  || LOSS Avg: 0.19243
[Coach] >>> VALID @Epoch: 474  >>> 
[Coach] >>> TEST  @Epoch: 474  >>> 
[Wall TIME] >>> ChiefCoach.train takes 2.941340 seconds ...
[Wall TIME] >>> ChiefCoach.valid takes 0.849398 seconds ...
[Coach] >>> TRAIN @Epoch: 475  >>>  || LOSS Avg: 0.19181
[Coach] >>> VALID @Epoch: 475  >>>  || RECALL@1 Avg: 0.0122 || RECALL@10 Avg: 0.0628 || RECALL@20 Avg: 0.0979 || NDCG@10 Avg: 0.0337 || NDCG@20 Avg: 0.0426
[Coach] >>> TEST  @Epoch: 475  >>> 
[Wall TIME] >>> ChiefCoach.train takes 2.849773 seconds ...
[Coach] >>> TRAIN @Epoch: 476  >>>  || LOSS Avg: 0.19250
[Coach] >>> VALID @Epoch: 476  >>> 
[Coach] >>> TEST  @Epoch: 476  >>> 
[Wall TIME] >>> ChiefCoach.train takes 2.903545 seconds ...
[Coach] >>> TRAIN @Epoch: 477  >>>  || LOSS Avg: 0.19263
[Coach] >>> VALID @Epoch: 477  >>> 
[Coach] >>> TEST  @Epoch: 477  >>> 
[Wall TIME] >>> ChiefCoach.train takes 2.912723 seconds ...
[Coach] >>> TRAIN @Epoch: 478  >>>  || LOSS Avg: 0.19261
[Coach] >>> VALID @Epoch: 478  >>> 
[Coach] >>> TEST  @Epoch: 478  >>> 
[Wall TIME] >>> ChiefCoach.train takes 2.893595 seconds ...
[Coach] >>> TRAIN @Epoch: 479  >>>  || LOSS Avg: 0.19224
[Coach] >>> VALID @Epoch: 479  >>> 
[Coach] >>> TEST  @Epoch: 479  >>> 
[Wall TIME] >>> ChiefCoach.train takes 2.878860 seconds ...
[Wall TIME] >>> ChiefCoach.valid takes 0.790649 seconds ...
[Coach] >>> TRAIN @Epoch: 480  >>>  || LOSS Avg: 0.19259
[Coach] >>> VALID @Epoch: 480  >>>  || RECALL@1 Avg: 0.0123 || RECALL@10 Avg: 0.0628 || RECALL@20 Avg: 0.0976 || NDCG@10 Avg: 0.0336 || NDCG@20 Avg: 0.0425
[Coach] >>> TEST  @Epoch: 480  >>> 
[Wall TIME] >>> ChiefCoach.train takes 2.941257 seconds ...
[Coach] >>> TRAIN @Epoch: 481  >>>  || LOSS Avg: 0.19259
[Coach] >>> VALID @Epoch: 481  >>> 
[Coach] >>> TEST  @Epoch: 481  >>> 
[Wall TIME] >>> ChiefCoach.train takes 2.972011 seconds ...
[Coach] >>> TRAIN @Epoch: 482  >>>  || LOSS Avg: 0.19202
[Coach] >>> VALID @Epoch: 482  >>> 
[Coach] >>> TEST  @Epoch: 482  >>> 
[Wall TIME] >>> ChiefCoach.train takes 2.900285 seconds ...
[Coach] >>> TRAIN @Epoch: 483  >>>  || LOSS Avg: 0.19170
[Coach] >>> VALID @Epoch: 483  >>> 
[Coach] >>> TEST  @Epoch: 483  >>> 
[Wall TIME] >>> ChiefCoach.train takes 3.074562 seconds ...
[Coach] >>> TRAIN @Epoch: 484  >>>  || LOSS Avg: 0.19248
[Coach] >>> VALID @Epoch: 484  >>> 
[Coach] >>> TEST  @Epoch: 484  >>> 
[Wall TIME] >>> ChiefCoach.train takes 2.916516 seconds ...
[Wall TIME] >>> ChiefCoach.valid takes 0.830281 seconds ...
[Coach] >>> TRAIN @Epoch: 485  >>>  || LOSS Avg: 0.19210
[Coach] >>> VALID @Epoch: 485  >>>  || RECALL@1 Avg: 0.0125 || RECALL@10 Avg: 0.0624 || RECALL@20 Avg: 0.0974 || NDCG@10 Avg: 0.0337 || NDCG@20 Avg: 0.0426
[Coach] >>> TEST  @Epoch: 485  >>> 
[Wall TIME] >>> ChiefCoach.train takes 2.888073 seconds ...
[Coach] >>> TRAIN @Epoch: 486  >>>  || LOSS Avg: 0.19283
[Coach] >>> VALID @Epoch: 486  >>> 
[Coach] >>> TEST  @Epoch: 486  >>> 
[Wall TIME] >>> ChiefCoach.train takes 2.924817 seconds ...
[Coach] >>> TRAIN @Epoch: 487  >>>  || LOSS Avg: 0.19239
[Coach] >>> VALID @Epoch: 487  >>> 
[Coach] >>> TEST  @Epoch: 487  >>> 
[Wall TIME] >>> ChiefCoach.train takes 2.913746 seconds ...
[Coach] >>> TRAIN @Epoch: 488  >>>  || LOSS Avg: 0.19230
[Coach] >>> VALID @Epoch: 488  >>> 
[Coach] >>> TEST  @Epoch: 488  >>> 
[Wall TIME] >>> ChiefCoach.train takes 3.555140 seconds ...
[Coach] >>> TRAIN @Epoch: 489  >>>  || LOSS Avg: 0.19217
[Coach] >>> VALID @Epoch: 489  >>> 
[Coach] >>> TEST  @Epoch: 489  >>> 
[Wall TIME] >>> ChiefCoach.train takes 2.895555 seconds ...
[Wall TIME] >>> ChiefCoach.valid takes 0.790763 seconds ...
[Coach] >>> TRAIN @Epoch: 490  >>>  || LOSS Avg: 0.19203
[Coach] >>> VALID @Epoch: 490  >>>  || RECALL@1 Avg: 0.0123 || RECALL@10 Avg: 0.0627 || RECALL@20 Avg: 0.0977 || NDCG@10 Avg: 0.0337 || NDCG@20 Avg: 0.0426
[Coach] >>> TEST  @Epoch: 490  >>> 
[Wall TIME] >>> ChiefCoach.train takes 2.905432 seconds ...
[Coach] >>> TRAIN @Epoch: 491  >>>  || LOSS Avg: 0.19226
[Coach] >>> VALID @Epoch: 491  >>> 
[Coach] >>> TEST  @Epoch: 491  >>> 
[Wall TIME] >>> ChiefCoach.train takes 2.919793 seconds ...
[Coach] >>> TRAIN @Epoch: 492  >>>  || LOSS Avg: 0.19175
[Coach] >>> VALID @Epoch: 492  >>> 
[Coach] >>> TEST  @Epoch: 492  >>> 
[Wall TIME] >>> ChiefCoach.train takes 2.985875 seconds ...
[Coach] >>> TRAIN @Epoch: 493  >>>  || LOSS Avg: 0.19227
[Coach] >>> VALID @Epoch: 493  >>> 
[Coach] >>> TEST  @Epoch: 493  >>> 
[Wall TIME] >>> ChiefCoach.train takes 2.889875 seconds ...
[Coach] >>> TRAIN @Epoch: 494  >>>  || LOSS Avg: 0.19160
[Coach] >>> VALID @Epoch: 494  >>> 
[Coach] >>> TEST  @Epoch: 494  >>> 
[Wall TIME] >>> ChiefCoach.train takes 2.808552 seconds ...
[Wall TIME] >>> ChiefCoach.valid takes 0.771051 seconds ...
[Coach] >>> TRAIN @Epoch: 495  >>>  || LOSS Avg: 0.19247
[Coach] >>> VALID @Epoch: 495  >>>  || RECALL@1 Avg: 0.0126 || RECALL@10 Avg: 0.0632 || RECALL@20 Avg: 0.0980 || NDCG@10 Avg: 0.0340 || NDCG@20 Avg: 0.0428
[Coach] >>> TEST  @Epoch: 495  >>> 
[Wall TIME] >>> ChiefCoach.train takes 2.951320 seconds ...
[Coach] >>> TRAIN @Epoch: 496  >>>  || LOSS Avg: 0.19226
[Coach] >>> VALID @Epoch: 496  >>> 
[Coach] >>> TEST  @Epoch: 496  >>> 
[Wall TIME] >>> ChiefCoach.train takes 2.843429 seconds ...
[Coach] >>> TRAIN @Epoch: 497  >>>  || LOSS Avg: 0.19238
[Coach] >>> VALID @Epoch: 497  >>> 
[Coach] >>> TEST  @Epoch: 497  >>> 
[Wall TIME] >>> ChiefCoach.train takes 2.888889 seconds ...
[Coach] >>> TRAIN @Epoch: 498  >>>  || LOSS Avg: 0.19213
[Coach] >>> VALID @Epoch: 498  >>> 
[Coach] >>> TEST  @Epoch: 498  >>> 
[Wall TIME] >>> ChiefCoach.train takes 2.877885 seconds ...
[Coach] >>> TRAIN @Epoch: 499  >>>  || LOSS Avg: 0.19229
[Coach] >>> VALID @Epoch: 499  >>> 
[Coach] >>> TEST  @Epoch: 499  >>> 
[Wall TIME] >>> ChiefCoach.train takes 3.021335 seconds ...
[Wall TIME] >>> ChiefCoach.valid takes 0.820125 seconds ...
  [v3.1 Epoch 001] gamma_h: 0.1500 | lambda: 0.00020 | avg_cl_loss: 5.884769 | margin_coef: 0.0500
  [v3.1 Epoch 010] gamma_h: 0.1500 | lambda: 0.00200 | avg_cl_loss: 6.463754 | margin_coef: 0.0500
  [v3.1 Epoch 020] gamma_h: 0.1500 | lambda: 0.00400 | avg_cl_loss: 6.485573 | margin_coef: 0.0500
  [v3.1 Epoch 030] gamma_h: 0.1500 | lambda: 0.00600 | avg_cl_loss: 6.430083 | margin_coef: 0.0500
  [v3.1 Epoch 040] gamma_h: 0.1500 | lambda: 0.00800 | avg_cl_loss: 6.373863 | margin_coef: 0.0500
  [v3.1 Epoch 050] gamma_h: 0.1500 | lambda: 0.01000 | avg_cl_loss: 6.323827 | margin_coef: 0.0500
  [v3.1 Epoch 060] gamma_h: 0.1500 | lambda: 0.01000 | avg_cl_loss: 6.280462 | margin_coef: 0.0500
  [v3.1 Epoch 070] gamma_h: 0.1500 | lambda: 0.01000 | avg_cl_loss: 6.248142 | margin_coef: 0.0500
  [v3.1 Epoch 080] gamma_h: 0.1500 | lambda: 0.01000 | avg_cl_loss: 6.221138 | margin_coef: 0.0500
  [v3.1 Epoch 090] gamma_h: 0.1500 | lambda: 0.01000 | avg_cl_loss: 6.198242 | margin_coef: 0.0500
  [v3.1 Epoch 100] gamma_h: 0.1500 | lambda: 0.01000 | avg_cl_loss: 6.178632 | margin_coef: 0.0500
  [v3.1 Epoch 110] gamma_h: 0.1500 | lambda: 0.01000 | avg_cl_loss: 6.162339 | margin_coef: 0.0500
  [v3.1 Epoch 120] gamma_h: 0.1500 | lambda: 0.01000 | avg_cl_loss: 6.147118 | margin_coef: 0.0500
  [v3.1 Epoch 130] gamma_h: 0.1500 | lambda: 0.01000 | avg_cl_loss: 6.133831 | margin_coef: 0.0500
  [v3.1 Epoch 140] gamma_h: 0.1500 | lambda: 0.01000 | avg_cl_loss: 6.122862 | margin_coef: 0.0500
  [v3.1 Epoch 150] gamma_h: 0.1500 | lambda: 0.01000 | avg_cl_loss: 6.110761 | margin_coef: 0.0500
  [v3.1 Epoch 160] gamma_h: 0.1500 | lambda: 0.01000 | avg_cl_loss: 6.100866 | margin_coef: 0.0500
  [v3.1 Epoch 170] gamma_h: 0.1500 | lambda: 0.01000 | avg_cl_loss: 6.091501 | margin_coef: 0.0500
  [v3.1 Epoch 180] gamma_h: 0.1500 | lambda: 0.01000 | avg_cl_loss: 6.081876 | margin_coef: 0.0500
  [v3.1 Epoch 190] gamma_h: 0.1500 | lambda: 0.01000 | avg_cl_loss: 6.073102 | margin_coef: 0.0500
  [v3.1 Epoch 200] gamma_h: 0.1500 | lambda: 0.01000 | avg_cl_loss: 6.065011 | margin_coef: 0.0500
  [v3.1 Epoch 210] gamma_h: 0.1500 | lambda: 0.01000 | avg_cl_loss: 6.057573 | margin_coef: 0.0500
  [v3.1 Epoch 220] gamma_h: 0.1500 | lambda: 0.01000 | avg_cl_loss: 6.050713 | margin_coef: 0.0500
  [v3.1 Epoch 230] gamma_h: 0.1500 | lambda: 0.01000 | avg_cl_loss: 6.043681 | margin_coef: 0.0500
  [v3.1 Epoch 240] gamma_h: 0.1500 | lambda: 0.01000 | avg_cl_loss: 6.035902 | margin_coef: 0.0500
  [v3.1 Epoch 250] gamma_h: 0.1500 | lambda: 0.01000 | avg_cl_loss: 6.030140 | margin_coef: 0.0500
  [v3.1 Epoch 260] gamma_h: 0.1500 | lambda: 0.01000 | avg_cl_loss: 6.024042 | margin_coef: 0.0500
  [v3.1 Epoch 270] gamma_h: 0.1500 | lambda: 0.01000 | avg_cl_loss: 6.017067 | margin_coef: 0.0500
  [v3.1 Epoch 280] gamma_h: 0.1500 | lambda: 0.01000 | avg_cl_loss: 6.011947 | margin_coef: 0.0500
  [v3.1 Epoch 290] gamma_h: 0.1500 | lambda: 0.01000 | avg_cl_loss: 6.005776 | margin_coef: 0.0500
  [v3.1 Epoch 300] gamma_h: 0.1500 | lambda: 0.01000 | avg_cl_loss: 5.999233 | margin_coef: 0.0500
  [v3.1 Epoch 310] gamma_h: 0.1500 | lambda: 0.01000 | avg_cl_loss: 5.993786 | margin_coef: 0.0500
  [v3.1 Epoch 320] gamma_h: 0.1500 | lambda: 0.01000 | avg_cl_loss: 5.987631 | margin_coef: 0.0500
  [v3.1 Epoch 330] gamma_h: 0.1500 | lambda: 0.01000 | avg_cl_loss: 5.982424 | margin_coef: 0.0500
  [v3.1 Epoch 340] gamma_h: 0.1500 | lambda: 0.01000 | avg_cl_loss: 5.977437 | margin_coef: 0.0500
  [v3.1 Epoch 350] gamma_h: 0.1500 | lambda: 0.01000 | avg_cl_loss: 5.972156 | margin_coef: 0.0500
  [v3.1 Epoch 360] gamma_h: 0.1500 | lambda: 0.01000 | avg_cl_loss: 5.966433 | margin_coef: 0.0500
  [v3.1 Epoch 370] gamma_h: 0.1500 | lambda: 0.01000 | avg_cl_loss: 5.961567 | margin_coef: 0.0500
  [v3.1 Epoch 380] gamma_h: 0.1500 | lambda: 0.01000 | avg_cl_loss: 5.957178 | margin_coef: 0.0500
  [v3.1 Epoch 390] gamma_h: 0.1500 | lambda: 0.01000 | avg_cl_loss: 5.953187 | margin_coef: 0.0500
  [v3.1 Epoch 400] gamma_h: 0.1500 | lambda: 0.01000 | avg_cl_loss: 5.948582 | margin_coef: 0.0500
  [v3.1 Epoch 410] gamma_h: 0.1500 | lambda: 0.01000 | avg_cl_loss: 5.943530 | margin_coef: 0.0500
  [v3.1 Epoch 420] gamma_h: 0.1500 | lambda: 0.01000 | avg_cl_loss: 5.939940 | margin_coef: 0.0500
  [v3.1 Epoch 430] gamma_h: 0.1500 | lambda: 0.01000 | avg_cl_loss: 5.935036 | margin_coef: 0.0500
  [v3.1 Epoch 440] gamma_h: 0.1500 | lambda: 0.01000 | avg_cl_loss: 5.930588 | margin_coef: 0.0500
  [v3.1 Epoch 450] gamma_h: 0.1500 | lambda: 0.01000 | avg_cl_loss: 5.925657 | margin_coef: 0.0500
  [v3.1 Epoch 460] gamma_h: 0.1500 | lambda: 0.01000 | avg_cl_loss: 5.922190 | margin_coef: 0.0500
  [v3.1 Epoch 470] gamma_h: 0.1500 | lambda: 0.01000 | avg_cl_loss: 5.917504 | margin_coef: 0.0500
  [v3.1 Epoch 480] gamma_h: 0.1500 | lambda: 0.01000 | avg_cl_loss: 5.914772 | margin_coef: 0.0500
  [v3.1 Epoch 490] gamma_h: 0.1500 | lambda: 0.01000 | avg_cl_loss: 5.910638 | margin_coef: 0.0500
  [v3.1 Epoch 500] gamma_h: 0.1500 | lambda: 0.01000 | avg_cl_loss: 5.906204 | margin_coef: 0.0500
[Wall TIME] >>> ChiefCoach.test takes 1.321400 seconds ...
[Coach] >>> TRAIN @Epoch: 500  >>>  || LOSS Avg: 0.19238
[Coach] >>> VALID @Epoch: 500  >>>  || RECALL@1 Avg: 0.0125 || RECALL@10 Avg: 0.0620 || RECALL@20 Avg: 0.0980 || NDCG@10 Avg: 0.0335 || NDCG@20 Avg: 0.0427
[Coach] >>> TEST  @Epoch: 500  >>>  || RECALL@1 Avg: 0.0125 || RECALL@10 Avg: 0.0674 || RECALL@20 Avg: 0.1037 || NDCG@10 Avg: 0.0361 || NDCG@20 Avg: 0.0455
     Mode     Metric      Best  @Epoch
0   train       LOSS  0.191599     493
1   valid   RECALL@1  0.012620     445
2   valid  RECALL@10  0.064399     270
3   valid  RECALL@20  0.100717     210
4   valid    NDCG@10  0.034303     380
5   valid    NDCG@20  0.043438     260
6    test   RECALL@1  0.012484       0
7    test  RECALL@10  0.067439       0
8    test  RECALL@20  0.103696       0
9    test    NDCG@10  0.036134       0
10   test    NDCG@20  0.045453       0
[LoG_PaTH] >>> ./logs/STAIR-NE-NLGCL-v3.1/Amazon2014Baby_550_MMRec/0915133731
[Wall TIME] >>> Coach.summary takes 3.318168 seconds ...
[Coach] >>> Load best model @Epoch 260  
[Wall TIME] >>> ChiefCoach.valid takes 0.873449 seconds ...
[Wall TIME] >>> ChiefCoach.test takes 0.801900 seconds ...
[Coach] >>> TRAIN @Epoch: 260  >>> 
[Coach] >>> VALID @Epoch: 260  >>>  || RECALL@1 Avg: 0.0123 || RECALL@10 Avg: 0.0635 || RECALL@20 Avg: 0.1004 || NDCG@10 Avg: 0.0341 || NDCG@20 Avg: 0.0434
[Coach] >>> TEST  @Epoch: 260  >>>  || RECALL@1 Avg: 0.0123 || RECALL@10 Avg: 0.0674 || RECALL@20 Avg: 0.1024 || NDCG@10 Avg: 0.0359 || NDCG@20 Avg: 0.0448
[Wall TIME] >>> Coach.fit takes 1618.089828 seconds ...
================================================================================
[VRAM TELEMETRY — PYTORCH ALLOCATOR (AUTHOR PAPER METHOD)]
  * Pure Tensor Peak (max_memory_allocated) : 162.13 MB
  * Peak Reserved Memory (max_memory_reserved): 180.00 MB
================================================================================
