/usr/local/lib/python3.12/dist-packages/torchdata/datapipes/__init__.py:18: UserWarning: 
################################################################################
WARNING!
The 'datapipes', 'dataloader2' modules are deprecated and will be removed in a
future torchdata release! Please see https://github.com/pytorch/data/issues/1196
to learn more and leave feedback.
################################################################################

  deprecation_warning()
[Wall TIME] >>> Parser.parse takes 0.048236 seconds ...
[Wall TIME] >>> Parser.load takes 0.005033 seconds ...
[Benchmark] >>> cudnn.benchmark == False | cudnn.deterministic == True
[Seed] >>> Set seed: 1
[PARSER] >>>
[SAVED_FILENAME: model.pt] 
[BEST_FILENAME: best.pt] 
[CHECKPOINT_FREQ: 10] 
[CHECKPOINT_MODULES: ['model', 'optimizer', 'lr_scheduler']] 
[CHECKPOINT_FILENAME: checkpoint.tar] 
[SUMMARY_FILENAME: SUMMARY.md] 
[MONITOR_FILENAME: monitors.pkl] 
[MONITOR_BEST_FILENAME: best.pkl] 
[CONFIG_FILENAME: config.json] 
[RESULTS_FILENAME: results.json] 
[monitors: ['LOSS', 'Recall@1', 'Recall@10', 'Recall@20', 'NDCG@10', 'NDCG@20']] 
[which4best: NDCG@20] 
[config: /kaggle/working/STAIR-Enhanced/configs/Amazon2014Baby_STAIR5_v51.yaml] 
[id: 1005130042] 
[description: STAIR5-v5.1-NLGCL-KPE] 
[root: /kaggle/data] 
[dataset: Amazon2014Baby_550_MMRec] 
[tasktag: None] 
[ranking: full] 
[retain_seen: False] 
[device: cuda:0] 
[ddp_backend: nccl] 
[num_workers: 4] 
[optimizer: adamwsevo] 
[optim_first_moment_decay: 0.9] 
[optim_second_moment_decay: 0.999] 
[weight_decay: 0.3] 
[lr: 0.001] 
[batch_size: 1024] 
[gradient_accumulation_steps: 1] 
[epochs: 500] 
[eval_valid: True] 
[eval_test: False] 
[eval_freq: 5] 
[early_stop_patience: 1e+23] 
[seed: 1] 
[benchmark: False] 
[resume: False] 
[log2file: True] 
[log2console: True] 
[embedding_dim: 64] 
[num_layers: 3] 
[mfiles: textual_modality.pkl,visual_modality.pkl] 
[num_neighbors: 5-1] 
[gamma: 0.1] 
[beta1: 0.9] 
[beta2: 0.999] 
[eta: 0.1] 
[k_cf: 5] 
[c_min: 2] 
[t_shrinkage: 5.0] 
[cam_delta: 0.05] 
[placebo_seed: 1] 
[lambda_nlgcl: 0.01] 
[nlgcl_tau: 0.2] 
[nlgcl_G: 1] 
[nlgcl_alpha: 0.5] 
[nlgcl_rho: 1.0] 
[cl_chunk_size: 1024] 
[knn_chunk_size: 1024] 
[cf_block_size: 64] 
[cf_memory_budget_mib: 128.0] 
[graph_cache_dir: /kaggle/working/runs/stair5_v51/graph_cache] 
[artifact_dir: /kaggle/working/runs/stair5_v51/20261005_120729_bd0bfc/baby_V51-KPE_seed1] 
[resume_from: ] 
[v51_arm: V51-KPE] 
[knn_device: auto] 
[DATA_DIR: data] 
[SUMMARY_DIR: summary] 
[CHECKPOINT_PATH: ./infos/STAIR5-v5.1-NLGCL-KPE/Amazon2014Baby_550_MMRec/0] 
[LOG_PATH: ./logs/STAIR5-v5.1-NLGCL-KPE/Amazon2014Baby_550_MMRec/1005130042] 

[Wall TIME] >>> Parser.compile takes 0.223220 seconds ...
[DataSet] >>> Fitting fields over `train` set ...
[DataSet] >>> Fitting fields over `valid` set ...
[DataSet] >>> Fitting fields over `test` set ...
[DataSet] >>> Normalizing fields over `train` set ...
[DataSet] >>> Normalizing fields over `valid` set ...
[DataSet] >>> Normalizing fields over `test` set ...
[MatchingRecDataSet] >>> USER:19445:ID,USER | ITEM:7050:ID,ITEM | TIMESTAMP:3711:TIMESTAMP
+--------+--------+---------------+--------+--------+-------+-----------------------+
| #Users | #Items | #Interactions | #Train | #Valid | #Test |        Density        |
+--------+--------+---------------+--------+--------+-------+-----------------------+
| 19445  |  7050  |     160792    | 118551 | 20559  | 21682 | 0.0011729172479570493 |
+--------+--------+---------------+--------+--------+-------+-----------------------+
[Wall TIME] >>> BaseSet.compile takes 0.692909 seconds ...
/usr/local/lib/python3.12/dist-packages/freerec/graph.py:68: UserWarning: Sparse CSR tensor support is in beta state. If you miss a functionality in the sparse tensor support, please submit a feature request to https://github.com/pytorch/pytorch/issues. (Triggered internally at /pytorch/aten/src/ATen/SparseCsrTensorImpl.cpp:49.)
  ).to_sparse_csr()
[Wall TIME] >>> RecDataSet.to_heterograph takes 0.044266 seconds ...
[STAIR5-v5.1 graph] {"version": 51, "arm": "V51-KPE", "eta": 0.1, "k_cf": 5, "c_min": 2, "t_shrinkage": 5.0, "cam_delta": 0.05, "num_users": 19445, "num_items": 7050, "cache_hit": false, "train_fingerprint": "458ed35b5156a5a593bbc95e0292fe7bb0273f48ee5bdcd5c7748ac9ec89c3ab", "cf_cache_key": "cce42e37fcb62bd7f01c07d32fbafc7458d8b73afe52cc4c54e4fbe1529c6222", "cf_preprocessing_seconds": 0.30108555700007855, "is_cam": false, "effective_eta": 0.1, "active": true, "s0_nnz": 59848, "cf_nnz": 23054, "operator_nnz": 84134, "cf_isolated_nodes": 2448, "cf_isolated_fraction": 0.3472340425531915, "jaccard_semantic_cf": 0.014886271821364738, "new_cf_edges_count": 21838, "relative_operator_delta": 0.21913192829702324, "graph_fingerprint": "1e32b0f0149b3930c2d7385f417fa8dac3bb31f7a6281e972eeb5e963757d8f4"}
[Wall TIME] >>> GenTrainNegativeSampler.prepare takes 0.574878 seconds ...
[Wall TIME] >>> ValidSampler.prepare takes 0.602126 seconds ...
[Wall TIME] >>> TestSampler.prepare takes 0.658077 seconds ...
[Coach] >>> Set best meter: NDCG@20 
[Coach] >>> Better ***NDCG@20*** of ***0.0152*** 
[Coach] >>> VALID @Epoch: 0 >>>  || RECALL@1 Avg: 0.0043 || RECALL@10 Avg: 0.0229 || RECALL@20 Avg: 0.0344 || NDCG@10 Avg: 0.0123 || NDCG@20 Avg: 0.0152
[Wall TIME] >>> Coach.valid takes 1.547153 seconds ...
[Diagnostics Warning] Could not record batch diagnostics: expand(CUDABoolType{[1024, 1, 861]}, size=[1024, 861]): the number of sizes provided (2) must be greater or equal to the number of dimensions in the tensor (3)
[Epoch 001 Telemetry] Loss: 0.685599 | BPR: 0.629750 | CL: 5.584874 | VRAM: 169.22 MiB | 43299.3 samples/s | 2.74s
[Coach] >>> TRAIN @Epoch: 1 >>>  || LOSS Avg: 0.68560
[Wall TIME] >>> Coach.train takes 2.738838 seconds ...
[Epoch 002 Telemetry] Loss: 0.672558 | BPR: 0.617840 | CL: 5.471843 | VRAM: 168.86 MiB | 46256.4 samples/s | 2.56s
[Coach] >>> TRAIN @Epoch: 2 >>>  || LOSS Avg: 0.67256
[Wall TIME] >>> Coach.train takes 2.563827 seconds ...
[Epoch 003 Telemetry] Loss: 0.658434 | BPR: 0.604363 | CL: 5.407175 | VRAM: 169.15 MiB | 41088.5 samples/s | 2.89s
[Coach] >>> TRAIN @Epoch: 3 >>>  || LOSS Avg: 0.65843
[Wall TIME] >>> Coach.train takes 2.886151 seconds ...
[Epoch 004 Telemetry] Loss: 0.643227 | BPR: 0.589598 | CL: 5.362890 | VRAM: 169.25 MiB | 45508.1 samples/s | 2.61s
[Coach] >>> TRAIN @Epoch: 4 >>>  || LOSS Avg: 0.64323
[Wall TIME] >>> Coach.train takes 2.606148 seconds ...
[Epoch 005 Telemetry] Loss: 0.626576 | BPR: 0.573254 | CL: 5.332251 | VRAM: 169.19 MiB | 46468.6 samples/s | 2.55s
[Coach] >>> TRAIN @Epoch: 5 >>>  || LOSS Avg: 0.62658
[Wall TIME] >>> Coach.train takes 2.552125 seconds ...
[Coach] >>> Better ***NDCG@20*** of ***0.0259*** 
[Coach] >>> VALID @Epoch: 5 >>>  || RECALL@1 Avg: 0.0083 || RECALL@10 Avg: 0.0380 || RECALL@20 Avg: 0.0570 || NDCG@10 Avg: 0.0210 || NDCG@20 Avg: 0.0259
[Wall TIME] >>> Coach.valid takes 0.545360 seconds ...
[Epoch 006 Telemetry] Loss: 0.608723 | BPR: 0.555637 | CL: 5.308519 | VRAM: 168.20 MiB | 46410.8 samples/s | 2.55s
[Coach] >>> TRAIN @Epoch: 6 >>>  || LOSS Avg: 0.60872
[Wall TIME] >>> Coach.train takes 2.555363 seconds ...
[Epoch 007 Telemetry] Loss: 0.590533 | BPR: 0.537604 | CL: 5.292904 | VRAM: 168.31 MiB | 40844.8 samples/s | 2.90s
[Coach] >>> TRAIN @Epoch: 7 >>>  || LOSS Avg: 0.59053
[Wall TIME] >>> Coach.train takes 2.903396 seconds ...
[Epoch 008 Telemetry] Loss: 0.571903 | BPR: 0.519108 | CL: 5.279494 | VRAM: 168.62 MiB | 46430.5 samples/s | 2.55s
[Coach] >>> TRAIN @Epoch: 8 >>>  || LOSS Avg: 0.57190
[Wall TIME] >>> Coach.train takes 2.554366 seconds ...
[Epoch 009 Telemetry] Loss: 0.552847 | BPR: 0.500154 | CL: 5.269330 | VRAM: 168.19 MiB | 45727.6 samples/s | 2.59s
[Coach] >>> TRAIN @Epoch: 9 >>>  || LOSS Avg: 0.55285
[Wall TIME] >>> Coach.train takes 2.593497 seconds ...
[Epoch 010 Telemetry] Loss: 0.534240 | BPR: 0.481634 | CL: 5.260581 | VRAM: 168.14 MiB | 45496.9 samples/s | 2.61s
[Coach] >>> TRAIN @Epoch: 10 >>>  || LOSS Avg: 0.53424
[Wall TIME] >>> Coach.train takes 2.606771 seconds ...
[Coach] >>> Better ***NDCG@20*** of ***0.0314*** 
[Coach] >>> VALID @Epoch: 10 >>>  || RECALL@1 Avg: 0.0097 || RECALL@10 Avg: 0.0471 || RECALL@20 Avg: 0.0702 || NDCG@10 Avg: 0.0256 || NDCG@20 Avg: 0.0314
[Wall TIME] >>> Coach.valid takes 0.541687 seconds ...
[Epoch 011 Telemetry] Loss: 0.515740 | BPR: 0.463191 | CL: 5.254880 | VRAM: 168.92 MiB | 46353.4 samples/s | 2.56s
[Coach] >>> TRAIN @Epoch: 11 >>>  || LOSS Avg: 0.51574
[Wall TIME] >>> Coach.train takes 2.558420 seconds ...
[Epoch 012 Telemetry] Loss: 0.498244 | BPR: 0.445758 | CL: 5.248604 | VRAM: 168.86 MiB | 40424.3 samples/s | 2.93s
[Coach] >>> TRAIN @Epoch: 12 >>>  || LOSS Avg: 0.49824
[Wall TIME] >>> Coach.train takes 2.933613 seconds ...
[Epoch 013 Telemetry] Loss: 0.481616 | BPR: 0.429167 | CL: 5.244893 | VRAM: 168.56 MiB | 45663.5 samples/s | 2.60s
[Coach] >>> TRAIN @Epoch: 13 >>>  || LOSS Avg: 0.48162
[Wall TIME] >>> Coach.train takes 2.597158 seconds ...
[Epoch 014 Telemetry] Loss: 0.465810 | BPR: 0.413399 | CL: 5.241084 | VRAM: 168.64 MiB | 46254.4 samples/s | 2.56s
[Coach] >>> TRAIN @Epoch: 14 >>>  || LOSS Avg: 0.46581
[Wall TIME] >>> Coach.train takes 2.564126 seconds ...
[Epoch 015 Telemetry] Loss: 0.450999 | BPR: 0.398611 | CL: 5.238762 | VRAM: 168.61 MiB | 46239.7 samples/s | 2.56s
[Coach] >>> TRAIN @Epoch: 15 >>>  || LOSS Avg: 0.45100
[Wall TIME] >>> Coach.train takes 2.564748 seconds ...
[Coach] >>> Better ***NDCG@20*** of ***0.0343*** 
[Coach] >>> VALID @Epoch: 15 >>>  || RECALL@1 Avg: 0.0101 || RECALL@10 Avg: 0.0513 || RECALL@20 Avg: 0.0779 || NDCG@10 Avg: 0.0276 || NDCG@20 Avg: 0.0343
[Wall TIME] >>> Coach.valid takes 0.531268 seconds ...
[Epoch 016 Telemetry] Loss: 0.437338 | BPR: 0.384986 | CL: 5.235215 | VRAM: 168.18 MiB | 41511.9 samples/s | 2.86s
[Coach] >>> TRAIN @Epoch: 16 >>>  || LOSS Avg: 0.43734
[Wall TIME] >>> Coach.train takes 2.856733 seconds ...
[Epoch 017 Telemetry] Loss: 0.424320 | BPR: 0.371992 | CL: 5.232762 | VRAM: 168.49 MiB | 46552.4 samples/s | 2.55s
[Coach] >>> TRAIN @Epoch: 17 >>>  || LOSS Avg: 0.42432
[Wall TIME] >>> Coach.train takes 2.547535 seconds ...
[Epoch 018 Telemetry] Loss: 0.412286 | BPR: 0.359981 | CL: 5.230531 | VRAM: 168.08 MiB | 47602.4 samples/s | 2.49s
[Coach] >>> TRAIN @Epoch: 18 >>>  || LOSS Avg: 0.41229
[Wall TIME] >>> Coach.train takes 2.491635 seconds ...
[Epoch 019 Telemetry] Loss: 0.401079 | BPR: 0.348786 | CL: 5.229346 | VRAM: 167.92 MiB | 47477.8 samples/s | 2.50s
[Coach] >>> TRAIN @Epoch: 19 >>>  || LOSS Avg: 0.40108
[Wall TIME] >>> Coach.train takes 2.497817 seconds ...
[Epoch 020 Telemetry] Loss: 0.390419 | BPR: 0.338149 | CL: 5.227014 | VRAM: 168.00 MiB | 41169.3 samples/s | 2.88s
[Coach] >>> TRAIN @Epoch: 20 >>>  || LOSS Avg: 0.39042
[Wall TIME] >>> Coach.train takes 2.880554 seconds ...
[Coach] >>> Better ***NDCG@20*** of ***0.0359*** 
[Coach] >>> VALID @Epoch: 20 >>>  || RECALL@1 Avg: 0.0106 || RECALL@10 Avg: 0.0542 || RECALL@20 Avg: 0.0809 || NDCG@10 Avg: 0.0290 || NDCG@20 Avg: 0.0359
[Wall TIME] >>> Coach.valid takes 0.529758 seconds ...
[Epoch 021 Telemetry] Loss: 0.381232 | BPR: 0.328969 | CL: 5.226280 | VRAM: 168.90 MiB | 47374.1 samples/s | 2.50s
[Coach] >>> TRAIN @Epoch: 21 >>>  || LOSS Avg: 0.38123
[Wall TIME] >>> Coach.train takes 2.503426 seconds ...
[Epoch 022 Telemetry] Loss: 0.371805 | BPR: 0.319573 | CL: 5.223207 | VRAM: 169.16 MiB | 47621.8 samples/s | 2.49s
[Coach] >>> TRAIN @Epoch: 22 >>>  || LOSS Avg: 0.37180
[Wall TIME] >>> Coach.train takes 2.490434 seconds ...
[Epoch 023 Telemetry] Loss: 0.363852 | BPR: 0.311621 | CL: 5.223039 | VRAM: 168.82 MiB | 47387.3 samples/s | 2.50s
[Coach] >>> TRAIN @Epoch: 23 >>>  || LOSS Avg: 0.36385
[Wall TIME] >>> Coach.train takes 2.502548 seconds ...
[Epoch 024 Telemetry] Loss: 0.355962 | BPR: 0.303724 | CL: 5.223779 | VRAM: 169.22 MiB | 40883.6 samples/s | 2.90s
[Coach] >>> TRAIN @Epoch: 24 >>>  || LOSS Avg: 0.35596
[Wall TIME] >>> Coach.train takes 2.900669 seconds ...
[Epoch 025 Telemetry] Loss: 0.348661 | BPR: 0.296454 | CL: 5.220677 | VRAM: 168.89 MiB | 47658.7 samples/s | 2.49s
[Coach] >>> TRAIN @Epoch: 25 >>>  || LOSS Avg: 0.34866
[Wall TIME] >>> Coach.train takes 2.488352 seconds ...
[Coach] >>> Better ***NDCG@20*** of ***0.0373*** 
[Coach] >>> VALID @Epoch: 25 >>>  || RECALL@1 Avg: 0.0106 || RECALL@10 Avg: 0.0557 || RECALL@20 Avg: 0.0847 || NDCG@10 Avg: 0.0299 || NDCG@20 Avg: 0.0373
[Wall TIME] >>> Coach.valid takes 0.533221 seconds ...
[Epoch 026 Telemetry] Loss: 0.342082 | BPR: 0.289889 | CL: 5.219373 | VRAM: 168.07 MiB | 47083.9 samples/s | 2.52s
[Coach] >>> TRAIN @Epoch: 26 >>>  || LOSS Avg: 0.34208
[Wall TIME] >>> Coach.train takes 2.518615 seconds ...
[Epoch 027 Telemetry] Loss: 0.336262 | BPR: 0.284064 | CL: 5.219790 | VRAM: 168.25 MiB | 47838.6 samples/s | 2.48s
[Coach] >>> TRAIN @Epoch: 27 >>>  || LOSS Avg: 0.33626
[Wall TIME] >>> Coach.train takes 2.478989 seconds ...
[Epoch 028 Telemetry] Loss: 0.329802 | BPR: 0.277618 | CL: 5.218380 | VRAM: 168.49 MiB | 41154.6 samples/s | 2.88s
[Coach] >>> TRAIN @Epoch: 28 >>>  || LOSS Avg: 0.32980
[Wall TIME] >>> Coach.train takes 2.881574 seconds ...
[Epoch 029 Telemetry] Loss: 0.324436 | BPR: 0.272257 | CL: 5.217841 | VRAM: 168.12 MiB | 47742.9 samples/s | 2.48s
[Coach] >>> TRAIN @Epoch: 29 >>>  || LOSS Avg: 0.32444
[Wall TIME] >>> Coach.train takes 2.484000 seconds ...
[Epoch 030 Telemetry] Loss: 0.319719 | BPR: 0.267546 | CL: 5.217264 | VRAM: 168.24 MiB | 47247.2 samples/s | 2.51s
[Coach] >>> TRAIN @Epoch: 30 >>>  || LOSS Avg: 0.31972
[Wall TIME] >>> Coach.train takes 2.510100 seconds ...
[Coach] >>> Better ***NDCG@20*** of ***0.0383*** 
[Coach] >>> VALID @Epoch: 30 >>>  || RECALL@1 Avg: 0.0110 || RECALL@10 Avg: 0.0562 || RECALL@20 Avg: 0.0872 || NDCG@10 Avg: 0.0305 || NDCG@20 Avg: 0.0383
[Wall TIME] >>> Coach.valid takes 0.524312 seconds ...
[Epoch 031 Telemetry] Loss: 0.314889 | BPR: 0.262714 | CL: 5.217422 | VRAM: 168.90 MiB | 47226.6 samples/s | 2.51s
[Coach] >>> TRAIN @Epoch: 31 >>>  || LOSS Avg: 0.31489
[Wall TIME] >>> Coach.train takes 2.511220 seconds ...
[Epoch 032 Telemetry] Loss: 0.310465 | BPR: 0.258294 | CL: 5.217141 | VRAM: 168.86 MiB | 41192.5 samples/s | 2.88s
[Coach] >>> TRAIN @Epoch: 32 >>>  || LOSS Avg: 0.31047
[Wall TIME] >>> Coach.train takes 2.878851 seconds ...
[Epoch 033 Telemetry] Loss: 0.306328 | BPR: 0.254167 | CL: 5.216082 | VRAM: 168.96 MiB | 46958.4 samples/s | 2.52s
[Coach] >>> TRAIN @Epoch: 33 >>>  || LOSS Avg: 0.30633
[Wall TIME] >>> Coach.train takes 2.525500 seconds ...
[Epoch 034 Telemetry] Loss: 0.302383 | BPR: 0.250230 | CL: 5.215309 | VRAM: 169.15 MiB | 47203.4 samples/s | 2.51s
[Coach] >>> TRAIN @Epoch: 34 >>>  || LOSS Avg: 0.30238
[Wall TIME] >>> Coach.train takes 2.512395 seconds ...
[Epoch 035 Telemetry] Loss: 0.298394 | BPR: 0.246253 | CL: 5.214126 | VRAM: 168.82 MiB | 46883.1 samples/s | 2.53s
[Coach] >>> TRAIN @Epoch: 35 >>>  || LOSS Avg: 0.29839
[Wall TIME] >>> Coach.train takes 2.529593 seconds ...
[Coach] >>> Better ***NDCG@20*** of ***0.0391*** 
[Coach] >>> VALID @Epoch: 35 >>>  || RECALL@1 Avg: 0.0115 || RECALL@10 Avg: 0.0578 || RECALL@20 Avg: 0.0893 || NDCG@10 Avg: 0.0311 || NDCG@20 Avg: 0.0391
[Wall TIME] >>> Coach.valid takes 0.530156 seconds ...
[Epoch 036 Telemetry] Loss: 0.294564 | BPR: 0.242417 | CL: 5.214764 | VRAM: 168.41 MiB | 41812.2 samples/s | 2.84s
[Coach] >>> TRAIN @Epoch: 36 >>>  || LOSS Avg: 0.29456
[Wall TIME] >>> Coach.train takes 2.836183 seconds ...
[Epoch 037 Telemetry] Loss: 0.291208 | BPR: 0.239063 | CL: 5.214516 | VRAM: 167.97 MiB | 47285.8 samples/s | 2.51s
[Coach] >>> TRAIN @Epoch: 37 >>>  || LOSS Avg: 0.29121
[Wall TIME] >>> Coach.train takes 2.508004 seconds ...
[Epoch 038 Telemetry] Loss: 0.287808 | BPR: 0.235663 | CL: 5.214461 | VRAM: 168.12 MiB | 47340.5 samples/s | 2.50s
[Coach] >>> TRAIN @Epoch: 38 >>>  || LOSS Avg: 0.28781
[Wall TIME] >>> Coach.train takes 2.505225 seconds ...
[Epoch 039 Telemetry] Loss: 0.285038 | BPR: 0.232894 | CL: 5.214442 | VRAM: 168.46 MiB | 46947.5 samples/s | 2.53s
[Coach] >>> TRAIN @Epoch: 39 >>>  || LOSS Avg: 0.28504
[Wall TIME] >>> Coach.train takes 2.526014 seconds ...
[Epoch 040 Telemetry] Loss: 0.282216 | BPR: 0.230055 | CL: 5.216104 | VRAM: 168.58 MiB | 41807.6 samples/s | 2.84s
[Coach] >>> TRAIN @Epoch: 40 >>>  || LOSS Avg: 0.28222
[Wall TIME] >>> Coach.train takes 2.836583 seconds ...
[Coach] >>> Better ***NDCG@20*** of ***0.0399*** 
[Coach] >>> VALID @Epoch: 40 >>>  || RECALL@1 Avg: 0.0115 || RECALL@10 Avg: 0.0588 || RECALL@20 Avg: 0.0914 || NDCG@10 Avg: 0.0316 || NDCG@20 Avg: 0.0399
[Wall TIME] >>> Coach.valid takes 0.525585 seconds ...
[Epoch 041 Telemetry] Loss: 0.279275 | BPR: 0.227123 | CL: 5.215152 | VRAM: 169.22 MiB | 47799.3 samples/s | 2.48s
[Coach] >>> TRAIN @Epoch: 41 >>>  || LOSS Avg: 0.27927
[Wall TIME] >>> Coach.train takes 2.481164 seconds ...
[Epoch 042 Telemetry] Loss: 0.277074 | BPR: 0.224924 | CL: 5.214944 | VRAM: 169.19 MiB | 47936.9 samples/s | 2.47s
[Coach] >>> TRAIN @Epoch: 42 >>>  || LOSS Avg: 0.27707
[Wall TIME] >>> Coach.train takes 2.474060 seconds ...
[Epoch 043 Telemetry] Loss: 0.274431 | BPR: 0.222276 | CL: 5.215478 | VRAM: 169.05 MiB | 46782.4 samples/s | 2.53s
[Coach] >>> TRAIN @Epoch: 43 >>>  || LOSS Avg: 0.27443
[Wall TIME] >>> Coach.train takes 2.535089 seconds ...
[Epoch 044 Telemetry] Loss: 0.271663 | BPR: 0.219503 | CL: 5.215961 | VRAM: 168.86 MiB | 41922.7 samples/s | 2.83s
[Coach] >>> TRAIN @Epoch: 44 >>>  || LOSS Avg: 0.27166
[Wall TIME] >>> Coach.train takes 2.828783 seconds ...
[Epoch 045 Telemetry] Loss: 0.269387 | BPR: 0.217233 | CL: 5.215405 | VRAM: 168.79 MiB | 47743.6 samples/s | 2.48s
[Coach] >>> TRAIN @Epoch: 45 >>>  || LOSS Avg: 0.26939
[Wall TIME] >>> Coach.train takes 2.484020 seconds ...
[Coach] >>> Better ***NDCG@20*** of ***0.0401*** 
[Coach] >>> VALID @Epoch: 45 >>>  || RECALL@1 Avg: 0.0118 || RECALL@10 Avg: 0.0595 || RECALL@20 Avg: 0.0912 || NDCG@10 Avg: 0.0320 || NDCG@20 Avg: 0.0401
[Wall TIME] >>> Coach.valid takes 0.531701 seconds ...
[Epoch 046 Telemetry] Loss: 0.268008 | BPR: 0.215837 | CL: 5.217046 | VRAM: 168.24 MiB | 46772.8 samples/s | 2.53s
[Coach] >>> TRAIN @Epoch: 46 >>>  || LOSS Avg: 0.26801
[Wall TIME] >>> Coach.train takes 2.535456 seconds ...
[Epoch 047 Telemetry] Loss: 0.265583 | BPR: 0.213423 | CL: 5.215993 | VRAM: 167.93 MiB | 47698.4 samples/s | 2.49s
[Coach] >>> TRAIN @Epoch: 47 >>>  || LOSS Avg: 0.26558
[Wall TIME] >>> Coach.train takes 2.486360 seconds ...
[Epoch 048 Telemetry] Loss: 0.263626 | BPR: 0.211470 | CL: 5.215610 | VRAM: 168.17 MiB | 47777.4 samples/s | 2.48s
[Coach] >>> TRAIN @Epoch: 48 >>>  || LOSS Avg: 0.26363
[Wall TIME] >>> Coach.train takes 2.482097 seconds ...
[Epoch 049 Telemetry] Loss: 0.261413 | BPR: 0.209251 | CL: 5.216238 | VRAM: 168.05 MiB | 41985.5 samples/s | 2.82s
[Coach] >>> TRAIN @Epoch: 49 >>>  || LOSS Avg: 0.26141
[Wall TIME] >>> Coach.train takes 2.824437 seconds ...
[Epoch 050 Telemetry] Loss: 0.259575 | BPR: 0.207411 | CL: 5.216381 | VRAM: 168.09 MiB | 47256.0 samples/s | 2.51s
[Coach] >>> TRAIN @Epoch: 50 >>>  || LOSS Avg: 0.25957
[Wall TIME] >>> Coach.train takes 2.509626 seconds ...
[Coach] >>> Better ***NDCG@20*** of ***0.0407*** 
[Coach] >>> VALID @Epoch: 50 >>>  || RECALL@1 Avg: 0.0120 || RECALL@10 Avg: 0.0602 || RECALL@20 Avg: 0.0925 || NDCG@10 Avg: 0.0325 || NDCG@20 Avg: 0.0407
[Wall TIME] >>> Coach.valid takes 0.531489 seconds ...
[Epoch 051 Telemetry] Loss: 0.257385 | BPR: 0.205225 | CL: 5.215983 | VRAM: 169.01 MiB | 47612.7 samples/s | 2.49s
[Coach] >>> TRAIN @Epoch: 51 >>>  || LOSS Avg: 0.25739
[Wall TIME] >>> Coach.train takes 2.490832 seconds ...
[Epoch 052 Telemetry] Loss: 0.255900 | BPR: 0.203732 | CL: 5.216740 | VRAM: 168.82 MiB | 47394.7 samples/s | 2.50s
[Coach] >>> TRAIN @Epoch: 52 >>>  || LOSS Avg: 0.25590
[Wall TIME] >>> Coach.train takes 2.502374 seconds ...
[Epoch 053 Telemetry] Loss: 0.253726 | BPR: 0.201553 | CL: 5.217334 | VRAM: 168.79 MiB | 41865.7 samples/s | 2.83s
[Coach] >>> TRAIN @Epoch: 53 >>>  || LOSS Avg: 0.25373
[Wall TIME] >>> Coach.train takes 2.832669 seconds ...
[Epoch 054 Telemetry] Loss: 0.253092 | BPR: 0.200925 | CL: 5.216699 | VRAM: 168.71 MiB | 46371.8 samples/s | 2.56s
[Coach] >>> TRAIN @Epoch: 54 >>>  || LOSS Avg: 0.25309
[Wall TIME] >>> Coach.train takes 2.557481 seconds ...
[Epoch 055 Telemetry] Loss: 0.251419 | BPR: 0.199253 | CL: 5.216625 | VRAM: 169.41 MiB | 47651.9 samples/s | 2.49s
[Coach] >>> TRAIN @Epoch: 55 >>>  || LOSS Avg: 0.25142
[Wall TIME] >>> Coach.train takes 2.488846 seconds ...
[Coach] >>> Better ***NDCG@20*** of ***0.0412*** 
[Coach] >>> VALID @Epoch: 55 >>>  || RECALL@1 Avg: 0.0121 || RECALL@10 Avg: 0.0613 || RECALL@20 Avg: 0.0940 || NDCG@10 Avg: 0.0329 || NDCG@20 Avg: 0.0412
[Wall TIME] >>> Coach.valid takes 0.525018 seconds ...
[Epoch 056 Telemetry] Loss: 0.250230 | BPR: 0.198060 | CL: 5.216992 | VRAM: 168.25 MiB | 47395.7 samples/s | 2.50s
[Coach] >>> TRAIN @Epoch: 56 >>>  || LOSS Avg: 0.25023
[Wall TIME] >>> Coach.train takes 2.502156 seconds ...
[Epoch 057 Telemetry] Loss: 0.248971 | BPR: 0.196809 | CL: 5.216262 | VRAM: 168.37 MiB | 41290.3 samples/s | 2.87s
[Coach] >>> TRAIN @Epoch: 57 >>>  || LOSS Avg: 0.24897
[Wall TIME] >>> Coach.train takes 2.872128 seconds ...
[Epoch 058 Telemetry] Loss: 0.246985 | BPR: 0.194822 | CL: 5.216291 | VRAM: 168.32 MiB | 47423.8 samples/s | 2.50s
[Coach] >>> TRAIN @Epoch: 58 >>>  || LOSS Avg: 0.24698
[Wall TIME] >>> Coach.train takes 2.500753 seconds ...
[Epoch 059 Telemetry] Loss: 0.246035 | BPR: 0.193883 | CL: 5.215189 | VRAM: 168.23 MiB | 47546.8 samples/s | 2.49s
[Coach] >>> TRAIN @Epoch: 59 >>>  || LOSS Avg: 0.24604
[Wall TIME] >>> Coach.train takes 2.494264 seconds ...
[Epoch 060 Telemetry] Loss: 0.244498 | BPR: 0.192341 | CL: 5.215696 | VRAM: 168.13 MiB | 47612.3 samples/s | 2.49s
[Coach] >>> TRAIN @Epoch: 60 >>>  || LOSS Avg: 0.24450
[Wall TIME] >>> Coach.train takes 2.490822 seconds ...
[Coach] >>> Better ***NDCG@20*** of ***0.0417*** 
[Coach] >>> VALID @Epoch: 60 >>>  || RECALL@1 Avg: 0.0124 || RECALL@10 Avg: 0.0619 || RECALL@20 Avg: 0.0949 || NDCG@10 Avg: 0.0333 || NDCG@20 Avg: 0.0417
[Wall TIME] >>> Coach.valid takes 0.527372 seconds ...
[Epoch 061 Telemetry] Loss: 0.243885 | BPR: 0.191723 | CL: 5.216162 | VRAM: 169.01 MiB | 41442.8 samples/s | 2.86s
[Coach] >>> TRAIN @Epoch: 61 >>>  || LOSS Avg: 0.24388
[Wall TIME] >>> Coach.train takes 2.861662 seconds ...
[Epoch 062 Telemetry] Loss: 0.241969 | BPR: 0.189810 | CL: 5.215869 | VRAM: 169.18 MiB | 46876.2 samples/s | 2.53s
[Coach] >>> TRAIN @Epoch: 62 >>>  || LOSS Avg: 0.24197
[Wall TIME] >>> Coach.train takes 2.530016 seconds ...
[Epoch 063 Telemetry] Loss: 0.241008 | BPR: 0.188851 | CL: 5.215660 | VRAM: 168.82 MiB | 47501.7 samples/s | 2.50s
[Coach] >>> TRAIN @Epoch: 63 >>>  || LOSS Avg: 0.24101
[Wall TIME] >>> Coach.train takes 2.496640 seconds ...
[Epoch 064 Telemetry] Loss: 0.240161 | BPR: 0.188030 | CL: 5.213133 | VRAM: 168.56 MiB | 47028.4 samples/s | 2.52s
[Coach] >>> TRAIN @Epoch: 64 >>>  || LOSS Avg: 0.24016
[Wall TIME] >>> Coach.train takes 2.521800 seconds ...
[Epoch 065 Telemetry] Loss: 0.238445 | BPR: 0.186300 | CL: 5.214460 | VRAM: 169.22 MiB | 46584.7 samples/s | 2.54s
[Coach] >>> TRAIN @Epoch: 65 >>>  || LOSS Avg: 0.23844
[Wall TIME] >>> Coach.train takes 2.545719 seconds ...
[Coach] >>> VALID @Epoch: 65 >>>  || RECALL@1 Avg: 0.0119 || RECALL@10 Avg: 0.0616 || RECALL@20 Avg: 0.0956 || NDCG@10 Avg: 0.0330 || NDCG@20 Avg: 0.0417
[Wall TIME] >>> Coach.valid takes 0.501503 seconds ...
[Epoch 066 Telemetry] Loss: 0.238083 | BPR: 0.185939 | CL: 5.214405 | VRAM: 168.28 MiB | 41539.7 samples/s | 2.85s
[Coach] >>> TRAIN @Epoch: 66 >>>  || LOSS Avg: 0.23808
[Wall TIME] >>> Coach.train takes 2.854884 seconds ...
[Epoch 067 Telemetry] Loss: 0.236963 | BPR: 0.184822 | CL: 5.214056 | VRAM: 168.20 MiB | 47306.8 samples/s | 2.51s
[Coach] >>> TRAIN @Epoch: 67 >>>  || LOSS Avg: 0.23696
[Wall TIME] >>> Coach.train takes 2.506990 seconds ...
[Epoch 068 Telemetry] Loss: 0.235388 | BPR: 0.183244 | CL: 5.214450 | VRAM: 168.10 MiB | 47148.7 samples/s | 2.51s
[Coach] >>> TRAIN @Epoch: 68 >>>  || LOSS Avg: 0.23539
[Wall TIME] >>> Coach.train takes 2.515343 seconds ...
[Epoch 069 Telemetry] Loss: 0.235491 | BPR: 0.183356 | CL: 5.213493 | VRAM: 168.43 MiB | 46747.3 samples/s | 2.54s
[Coach] >>> TRAIN @Epoch: 69 >>>  || LOSS Avg: 0.23549
[Wall TIME] >>> Coach.train takes 2.536862 seconds ...
[Epoch 070 Telemetry] Loss: 0.234403 | BPR: 0.182275 | CL: 5.212846 | VRAM: 168.64 MiB | 41487.0 samples/s | 2.86s
[Coach] >>> TRAIN @Epoch: 70 >>>  || LOSS Avg: 0.23440
[Wall TIME] >>> Coach.train takes 2.858510 seconds ...
[Coach] >>> Better ***NDCG@20*** of ***0.0418*** 
[Coach] >>> VALID @Epoch: 70 >>>  || RECALL@1 Avg: 0.0120 || RECALL@10 Avg: 0.0616 || RECALL@20 Avg: 0.0957 || NDCG@10 Avg: 0.0331 || NDCG@20 Avg: 0.0418
[Wall TIME] >>> Coach.valid takes 0.530507 seconds ...
[Epoch 071 Telemetry] Loss: 0.233442 | BPR: 0.181316 | CL: 5.212592 | VRAM: 168.71 MiB | 47527.5 samples/s | 2.49s
[Coach] >>> TRAIN @Epoch: 71 >>>  || LOSS Avg: 0.23344
[Wall TIME] >>> Coach.train takes 2.495328 seconds ...
[Epoch 072 Telemetry] Loss: 0.232353 | BPR: 0.180226 | CL: 5.212763 | VRAM: 168.86 MiB | 46500.0 samples/s | 2.55s
[Coach] >>> TRAIN @Epoch: 72 >>>  || LOSS Avg: 0.23235
[Wall TIME] >>> Coach.train takes 2.550371 seconds ...
[Epoch 073 Telemetry] Loss: 0.231905 | BPR: 0.179769 | CL: 5.213674 | VRAM: 168.86 MiB | 47564.8 samples/s | 2.49s
[Coach] >>> TRAIN @Epoch: 73 >>>  || LOSS Avg: 0.23191
[Wall TIME] >>> Coach.train takes 2.493224 seconds ...
[Epoch 074 Telemetry] Loss: 0.231038 | BPR: 0.178922 | CL: 5.211653 | VRAM: 168.93 MiB | 41602.8 samples/s | 2.85s
[Coach] >>> TRAIN @Epoch: 74 >>>  || LOSS Avg: 0.23104
[Wall TIME] >>> Coach.train takes 2.850599 seconds ...
[Epoch 075 Telemetry] Loss: 0.230295 | BPR: 0.178182 | CL: 5.211331 | VRAM: 169.00 MiB | 46597.1 samples/s | 2.54s
[Coach] >>> TRAIN @Epoch: 75 >>>  || LOSS Avg: 0.23030
[Wall TIME] >>> Coach.train takes 2.545088 seconds ...
[Coach] >>> Better ***NDCG@20*** of ***0.0419*** 
[Coach] >>> VALID @Epoch: 75 >>>  || RECALL@1 Avg: 0.0117 || RECALL@10 Avg: 0.0618 || RECALL@20 Avg: 0.0960 || NDCG@10 Avg: 0.0332 || NDCG@20 Avg: 0.0419
[Wall TIME] >>> Coach.valid takes 0.530280 seconds ...
[Epoch 076 Telemetry] Loss: 0.228769 | BPR: 0.176644 | CL: 5.212505 | VRAM: 168.28 MiB | 46146.7 samples/s | 2.57s
[Coach] >>> TRAIN @Epoch: 76 >>>  || LOSS Avg: 0.22877
[Wall TIME] >>> Coach.train takes 2.569897 seconds ...
[Epoch 077 Telemetry] Loss: 0.229055 | BPR: 0.176948 | CL: 5.210726 | VRAM: 168.29 MiB | 41259.7 samples/s | 2.87s
[Coach] >>> TRAIN @Epoch: 77 >>>  || LOSS Avg: 0.22906
[Wall TIME] >>> Coach.train takes 2.874256 seconds ...
[Epoch 078 Telemetry] Loss: 0.227664 | BPR: 0.175563 | CL: 5.210115 | VRAM: 168.04 MiB | 47261.1 samples/s | 2.51s
[Coach] >>> TRAIN @Epoch: 78 >>>  || LOSS Avg: 0.22766
[Wall TIME] >>> Coach.train takes 2.509341 seconds ...
[Epoch 079 Telemetry] Loss: 0.227491 | BPR: 0.175386 | CL: 5.210463 | VRAM: 168.22 MiB | 47591.4 samples/s | 2.49s
[Coach] >>> TRAIN @Epoch: 79 >>>  || LOSS Avg: 0.22749
[Wall TIME] >>> Coach.train takes 2.491976 seconds ...
[Epoch 080 Telemetry] Loss: 0.226807 | BPR: 0.174708 | CL: 5.209966 | VRAM: 168.25 MiB | 47017.1 samples/s | 2.52s
[Coach] >>> TRAIN @Epoch: 80 >>>  || LOSS Avg: 0.22681
[Wall TIME] >>> Coach.train takes 2.522396 seconds ...
[Coach] >>> VALID @Epoch: 80 >>>  || RECALL@1 Avg: 0.0116 || RECALL@10 Avg: 0.0619 || RECALL@20 Avg: 0.0962 || NDCG@10 Avg: 0.0331 || NDCG@20 Avg: 0.0418
[Wall TIME] >>> Coach.valid takes 0.502725 seconds ...
[Epoch 081 Telemetry] Loss: 0.225988 | BPR: 0.173908 | CL: 5.208082 | VRAM: 169.08 MiB | 41805.2 samples/s | 2.84s
[Coach] >>> TRAIN @Epoch: 81 >>>  || LOSS Avg: 0.22599
[Wall TIME] >>> Coach.train takes 2.836663 seconds ...
[Epoch 082 Telemetry] Loss: 0.225329 | BPR: 0.173249 | CL: 5.208011 | VRAM: 169.01 MiB | 47138.5 samples/s | 2.51s
[Coach] >>> TRAIN @Epoch: 82 >>>  || LOSS Avg: 0.22533
[Wall TIME] >>> Coach.train takes 2.515899 seconds ...
[Epoch 083 Telemetry] Loss: 0.224934 | BPR: 0.172846 | CL: 5.208743 | VRAM: 169.23 MiB | 46894.7 samples/s | 2.53s
[Coach] >>> TRAIN @Epoch: 83 >>>  || LOSS Avg: 0.22493
[Wall TIME] >>> Coach.train takes 2.528894 seconds ...
[Epoch 084 Telemetry] Loss: 0.224486 | BPR: 0.172413 | CL: 5.207276 | VRAM: 169.00 MiB | 47146.6 samples/s | 2.51s
[Coach] >>> TRAIN @Epoch: 84 >>>  || LOSS Avg: 0.22449
[Wall TIME] >>> Coach.train takes 2.515458 seconds ...
[Epoch 085 Telemetry] Loss: 0.223714 | BPR: 0.171636 | CL: 5.207842 | VRAM: 168.86 MiB | 41741.6 samples/s | 2.84s
[Coach] >>> TRAIN @Epoch: 85 >>>  || LOSS Avg: 0.22371
[Wall TIME] >>> Coach.train takes 2.840956 seconds ...
[Coach] >>> VALID @Epoch: 85 >>>  || RECALL@1 Avg: 0.0117 || RECALL@10 Avg: 0.0628 || RECALL@20 Avg: 0.0964 || NDCG@10 Avg: 0.0333 || NDCG@20 Avg: 0.0418
[Wall TIME] >>> Coach.valid takes 0.498303 seconds ...
[Epoch 086 Telemetry] Loss: 0.222950 | BPR: 0.170883 | CL: 5.206680 | VRAM: 168.32 MiB | 48174.2 samples/s | 2.46s
[Coach] >>> TRAIN @Epoch: 86 >>>  || LOSS Avg: 0.22295
[Wall TIME] >>> Coach.train takes 2.461689 seconds ...
[Epoch 087 Telemetry] Loss: 0.222753 | BPR: 0.170687 | CL: 5.206636 | VRAM: 168.37 MiB | 46780.8 samples/s | 2.53s
[Coach] >>> TRAIN @Epoch: 87 >>>  || LOSS Avg: 0.22275
[Wall TIME] >>> Coach.train takes 2.535087 seconds ...
[Epoch 088 Telemetry] Loss: 0.221914 | BPR: 0.169852 | CL: 5.206171 | VRAM: 168.30 MiB | 47234.4 samples/s | 2.51s
[Coach] >>> TRAIN @Epoch: 88 >>>  || LOSS Avg: 0.22191
[Wall TIME] >>> Coach.train takes 2.510754 seconds ...
[Epoch 089 Telemetry] Loss: 0.221548 | BPR: 0.169490 | CL: 5.205845 | VRAM: 168.30 MiB | 47683.0 samples/s | 2.49s
[Coach] >>> TRAIN @Epoch: 89 >>>  || LOSS Avg: 0.22155
[Wall TIME] >>> Coach.train takes 2.487194 seconds ...
[Epoch 090 Telemetry] Loss: 0.220845 | BPR: 0.168798 | CL: 5.204759 | VRAM: 168.13 MiB | 41998.1 samples/s | 2.82s
[Coach] >>> TRAIN @Epoch: 90 >>>  || LOSS Avg: 0.22085
[Wall TIME] >>> Coach.train takes 2.823767 seconds ...
[Coach] >>> Better ***NDCG@20*** of ***0.0420*** 
[Coach] >>> VALID @Epoch: 90 >>>  || RECALL@1 Avg: 0.0118 || RECALL@10 Avg: 0.0626 || RECALL@20 Avg: 0.0968 || NDCG@10 Avg: 0.0334 || NDCG@20 Avg: 0.0420
[Wall TIME] >>> Coach.valid takes 0.531876 seconds ...
[Epoch 091 Telemetry] Loss: 0.220780 | BPR: 0.168727 | CL: 5.205221 | VRAM: 168.83 MiB | 46873.5 samples/s | 2.53s
[Coach] >>> TRAIN @Epoch: 91 >>>  || LOSS Avg: 0.22078
[Wall TIME] >>> Coach.train takes 2.530073 seconds ...
[Epoch 092 Telemetry] Loss: 0.219530 | BPR: 0.167483 | CL: 5.204688 | VRAM: 168.79 MiB | 47646.8 samples/s | 2.49s
[Coach] >>> TRAIN @Epoch: 92 >>>  || LOSS Avg: 0.21953
[Wall TIME] >>> Coach.train takes 2.489048 seconds ...
[Epoch 093 Telemetry] Loss: 0.219014 | BPR: 0.166976 | CL: 5.203769 | VRAM: 169.12 MiB | 47505.3 samples/s | 2.50s
[Coach] >>> TRAIN @Epoch: 93 >>>  || LOSS Avg: 0.21901
[Wall TIME] >>> Coach.train takes 2.496464 seconds ...
[Epoch 094 Telemetry] Loss: 0.218879 | BPR: 0.166833 | CL: 5.204594 | VRAM: 169.04 MiB | 41200.6 samples/s | 2.88s
[Coach] >>> TRAIN @Epoch: 94 >>>  || LOSS Avg: 0.21888
[Wall TIME] >>> Coach.train takes 2.878425 seconds ...
[Epoch 095 Telemetry] Loss: 0.218648 | BPR: 0.166610 | CL: 5.203877 | VRAM: 168.96 MiB | 46847.1 samples/s | 2.53s
[Coach] >>> TRAIN @Epoch: 95 >>>  || LOSS Avg: 0.21865
[Wall TIME] >>> Coach.train takes 2.531489 seconds ...
[Coach] >>> Better ***NDCG@20*** of ***0.0421*** 
[Coach] >>> VALID @Epoch: 95 >>>  || RECALL@1 Avg: 0.0120 || RECALL@10 Avg: 0.0628 || RECALL@20 Avg: 0.0968 || NDCG@10 Avg: 0.0335 || NDCG@20 Avg: 0.0421
[Wall TIME] >>> Coach.valid takes 0.527285 seconds ...
[Epoch 096 Telemetry] Loss: 0.217794 | BPR: 0.165761 | CL: 5.203260 | VRAM: 168.02 MiB | 47554.7 samples/s | 2.49s
[Coach] >>> TRAIN @Epoch: 96 >>>  || LOSS Avg: 0.21779
[Wall TIME] >>> Coach.train takes 2.493870 seconds ...
[Epoch 097 Telemetry] Loss: 0.218430 | BPR: 0.166407 | CL: 5.202306 | VRAM: 168.18 MiB | 41582.9 samples/s | 2.85s
[Coach] >>> TRAIN @Epoch: 97 >>>  || LOSS Avg: 0.21843
[Wall TIME] >>> Coach.train takes 2.851845 seconds ...
[Epoch 098 Telemetry] Loss: 0.217380 | BPR: 0.165358 | CL: 5.202149 | VRAM: 168.12 MiB | 46775.6 samples/s | 2.53s
[Coach] >>> TRAIN @Epoch: 98 >>>  || LOSS Avg: 0.21738
[Wall TIME] >>> Coach.train takes 2.535443 seconds ...
[Epoch 099 Telemetry] Loss: 0.216576 | BPR: 0.164547 | CL: 5.202935 | VRAM: 168.23 MiB | 47244.3 samples/s | 2.51s
[Coach] >>> TRAIN @Epoch: 99 >>>  || LOSS Avg: 0.21658
[Wall TIME] >>> Coach.train takes 2.510209 seconds ...
[Epoch 100 Telemetry] Loss: 0.215760 | BPR: 0.163745 | CL: 5.201522 | VRAM: 168.23 MiB | 47119.7 samples/s | 2.52s
[Coach] >>> TRAIN @Epoch: 100 >>>  || LOSS Avg: 0.21576
[Wall TIME] >>> Coach.train takes 2.516958 seconds ...
[Coach] >>> Better ***NDCG@20*** of ***0.0426*** 
[Coach] >>> VALID @Epoch: 100 >>>  || RECALL@1 Avg: 0.0122 || RECALL@10 Avg: 0.0631 || RECALL@20 Avg: 0.0982 || NDCG@10 Avg: 0.0337 || NDCG@20 Avg: 0.0426
[Wall TIME] >>> Coach.valid takes 0.528286 seconds ...
[Epoch 101 Telemetry] Loss: 0.216197 | BPR: 0.164178 | CL: 5.201929 | VRAM: 169.08 MiB | 41684.2 samples/s | 2.84s
[Coach] >>> TRAIN @Epoch: 101 >>>  || LOSS Avg: 0.21620
[Wall TIME] >>> Coach.train takes 2.844906 seconds ...
[Epoch 102 Telemetry] Loss: 0.215165 | BPR: 0.163154 | CL: 5.201060 | VRAM: 168.89 MiB | 47094.5 samples/s | 2.52s
[Coach] >>> TRAIN @Epoch: 102 >>>  || LOSS Avg: 0.21516
[Wall TIME] >>> Coach.train takes 2.518198 seconds ...
[Epoch 103 Telemetry] Loss: 0.215753 | BPR: 0.163748 | CL: 5.200530 | VRAM: 168.79 MiB | 47133.3 samples/s | 2.52s
[Coach] >>> TRAIN @Epoch: 103 >>>  || LOSS Avg: 0.21575
[Wall TIME] >>> Coach.train takes 2.516116 seconds ...
[Epoch 104 Telemetry] Loss: 0.215109 | BPR: 0.163106 | CL: 5.200266 | VRAM: 169.19 MiB | 47163.4 samples/s | 2.51s
[Coach] >>> TRAIN @Epoch: 104 >>>  || LOSS Avg: 0.21511
[Wall TIME] >>> Coach.train takes 2.514528 seconds ...
[Epoch 105 Telemetry] Loss: 0.214424 | BPR: 0.162426 | CL: 5.199795 | VRAM: 168.90 MiB | 41374.9 samples/s | 2.87s
[Coach] >>> TRAIN @Epoch: 105 >>>  || LOSS Avg: 0.21442
[Wall TIME] >>> Coach.train takes 2.867432 seconds ...
[Coach] >>> VALID @Epoch: 105 >>>  || RECALL@1 Avg: 0.0123 || RECALL@10 Avg: 0.0635 || RECALL@20 Avg: 0.0973 || NDCG@10 Avg: 0.0338 || NDCG@20 Avg: 0.0423
[Wall TIME] >>> Coach.valid takes 0.505167 seconds ...
[Epoch 106 Telemetry] Loss: 0.213889 | BPR: 0.161898 | CL: 5.199057 | VRAM: 168.03 MiB | 47919.4 samples/s | 2.47s
[Coach] >>> TRAIN @Epoch: 106 >>>  || LOSS Avg: 0.21389
[Wall TIME] >>> Coach.train takes 2.474875 seconds ...
[Epoch 107 Telemetry] Loss: 0.213637 | BPR: 0.161640 | CL: 5.199647 | VRAM: 168.30 MiB | 47676.1 samples/s | 2.49s
[Coach] >>> TRAIN @Epoch: 107 >>>  || LOSS Avg: 0.21364
[Wall TIME] >>> Coach.train takes 2.487525 seconds ...
[Epoch 108 Telemetry] Loss: 0.214251 | BPR: 0.162259 | CL: 5.199236 | VRAM: 168.20 MiB | 47619.9 samples/s | 2.49s
[Coach] >>> TRAIN @Epoch: 108 >>>  || LOSS Avg: 0.21425
[Wall TIME] >>> Coach.train takes 2.490422 seconds ...
[Epoch 109 Telemetry] Loss: 0.213116 | BPR: 0.161128 | CL: 5.198862 | VRAM: 168.15 MiB | 46795.5 samples/s | 2.53s
[Coach] >>> TRAIN @Epoch: 109 >>>  || LOSS Avg: 0.21312
[Wall TIME] >>> Coach.train takes 2.534318 seconds ...
[Epoch 110 Telemetry] Loss: 0.212540 | BPR: 0.160552 | CL: 5.198845 | VRAM: 168.44 MiB | 41705.9 samples/s | 2.84s
[Coach] >>> TRAIN @Epoch: 110 >>>  || LOSS Avg: 0.21254
[Wall TIME] >>> Coach.train takes 2.843428 seconds ...
[Coach] >>> VALID @Epoch: 110 >>>  || RECALL@1 Avg: 0.0122 || RECALL@10 Avg: 0.0634 || RECALL@20 Avg: 0.0978 || NDCG@10 Avg: 0.0337 || NDCG@20 Avg: 0.0424
[Wall TIME] >>> Coach.valid takes 0.499562 seconds ...
[Epoch 111 Telemetry] Loss: 0.211601 | BPR: 0.159614 | CL: 5.198716 | VRAM: 169.23 MiB | 47431.6 samples/s | 2.50s
[Coach] >>> TRAIN @Epoch: 111 >>>  || LOSS Avg: 0.21160
[Wall TIME] >>> Coach.train takes 2.500384 seconds ...
[Epoch 112 Telemetry] Loss: 0.212270 | BPR: 0.160277 | CL: 5.199287 | VRAM: 168.90 MiB | 47463.2 samples/s | 2.50s
[Coach] >>> TRAIN @Epoch: 112 >>>  || LOSS Avg: 0.21227
[Wall TIME] >>> Coach.train takes 2.498717 seconds ...
[Epoch 113 Telemetry] Loss: 0.211940 | BPR: 0.159957 | CL: 5.198288 | VRAM: 169.15 MiB | 40888.5 samples/s | 2.90s
[Coach] >>> TRAIN @Epoch: 113 >>>  || LOSS Avg: 0.21194
[Wall TIME] >>> Coach.train takes 2.900400 seconds ...
[Epoch 114 Telemetry] Loss: 0.211138 | BPR: 0.159158 | CL: 5.197981 | VRAM: 169.05 MiB | 47785.1 samples/s | 2.48s
[Coach] >>> TRAIN @Epoch: 114 >>>  || LOSS Avg: 0.21114
[Wall TIME] >>> Coach.train takes 2.481888 seconds ...
[Epoch 115 Telemetry] Loss: 0.211074 | BPR: 0.159095 | CL: 5.197919 | VRAM: 169.34 MiB | 47489.2 samples/s | 2.50s
[Coach] >>> TRAIN @Epoch: 115 >>>  || LOSS Avg: 0.21107
[Wall TIME] >>> Coach.train takes 2.497279 seconds ...
[Coach] >>> VALID @Epoch: 115 >>>  || RECALL@1 Avg: 0.0123 || RECALL@10 Avg: 0.0632 || RECALL@20 Avg: 0.0982 || NDCG@10 Avg: 0.0337 || NDCG@20 Avg: 0.0426
[Wall TIME] >>> Coach.valid takes 0.498231 seconds ...
[Epoch 116 Telemetry] Loss: 0.210764 | BPR: 0.158789 | CL: 5.197460 | VRAM: 168.59 MiB | 47596.8 samples/s | 2.49s
[Coach] >>> TRAIN @Epoch: 116 >>>  || LOSS Avg: 0.21076
[Wall TIME] >>> Coach.train takes 2.491614 seconds ...
[Epoch 117 Telemetry] Loss: 0.210452 | BPR: 0.158480 | CL: 5.197195 | VRAM: 168.32 MiB | 47024.8 samples/s | 2.52s
[Coach] >>> TRAIN @Epoch: 117 >>>  || LOSS Avg: 0.21045
[Wall TIME] >>> Coach.train takes 2.522015 seconds ...
[Epoch 118 Telemetry] Loss: 0.210006 | BPR: 0.158037 | CL: 5.196892 | VRAM: 168.27 MiB | 41842.8 samples/s | 2.83s
[Coach] >>> TRAIN @Epoch: 118 >>>  || LOSS Avg: 0.21001
[Wall TIME] >>> Coach.train takes 2.834255 seconds ...
[Epoch 119 Telemetry] Loss: 0.210172 | BPR: 0.158211 | CL: 5.196133 | VRAM: 168.08 MiB | 47915.9 samples/s | 2.47s
[Coach] >>> TRAIN @Epoch: 119 >>>  || LOSS Avg: 0.21017
[Wall TIME] >>> Coach.train takes 2.475081 seconds ...
[Epoch 120 Telemetry] Loss: 0.209538 | BPR: 0.157579 | CL: 5.195875 | VRAM: 168.19 MiB | 46690.0 samples/s | 2.54s
[Coach] >>> TRAIN @Epoch: 120 >>>  || LOSS Avg: 0.20954
[Wall TIME] >>> Coach.train takes 2.539973 seconds ...
[Coach] >>> Better ***NDCG@20*** of ***0.0428*** 
[Coach] >>> VALID @Epoch: 120 >>>  || RECALL@1 Avg: 0.0120 || RECALL@10 Avg: 0.0629 || RECALL@20 Avg: 0.0989 || NDCG@10 Avg: 0.0336 || NDCG@20 Avg: 0.0428
[Wall TIME] >>> Coach.valid takes 0.525259 seconds ...
[Epoch 121 Telemetry] Loss: 0.209570 | BPR: 0.157614 | CL: 5.195604 | VRAM: 169.19 MiB | 47498.8 samples/s | 2.50s
[Coach] >>> TRAIN @Epoch: 121 >>>  || LOSS Avg: 0.20957
[Wall TIME] >>> Coach.train takes 2.496720 seconds ...
[Epoch 122 Telemetry] Loss: 0.209810 | BPR: 0.157856 | CL: 5.195423 | VRAM: 169.33 MiB | 41689.0 samples/s | 2.84s
[Coach] >>> TRAIN @Epoch: 122 >>>  || LOSS Avg: 0.20981
[Wall TIME] >>> Coach.train takes 2.844552 seconds ...
[Epoch 123 Telemetry] Loss: 0.208654 | BPR: 0.156703 | CL: 5.195163 | VRAM: 168.85 MiB | 47447.0 samples/s | 2.50s
[Coach] >>> TRAIN @Epoch: 123 >>>  || LOSS Avg: 0.20865
[Wall TIME] >>> Coach.train takes 2.499606 seconds ...
[Epoch 124 Telemetry] Loss: 0.208701 | BPR: 0.156758 | CL: 5.194372 | VRAM: 169.27 MiB | 46896.4 samples/s | 2.53s
[Coach] >>> TRAIN @Epoch: 124 >>>  || LOSS Avg: 0.20870
[Wall TIME] >>> Coach.train takes 2.528880 seconds ...
[Epoch 125 Telemetry] Loss: 0.209078 | BPR: 0.157138 | CL: 5.194026 | VRAM: 169.01 MiB | 47597.0 samples/s | 2.49s
[Coach] >>> TRAIN @Epoch: 125 >>>  || LOSS Avg: 0.20908
[Wall TIME] >>> Coach.train takes 2.491735 seconds ...
[Coach] >>> VALID @Epoch: 125 >>>  || RECALL@1 Avg: 0.0119 || RECALL@10 Avg: 0.0638 || RECALL@20 Avg: 0.0986 || NDCG@10 Avg: 0.0339 || NDCG@20 Avg: 0.0427
[Wall TIME] >>> Coach.valid takes 0.501195 seconds ...
[Epoch 126 Telemetry] Loss: 0.208559 | BPR: 0.156624 | CL: 5.193563 | VRAM: 168.30 MiB | 41768.1 samples/s | 2.84s
[Coach] >>> TRAIN @Epoch: 126 >>>  || LOSS Avg: 0.20856
[Wall TIME] >>> Coach.train takes 2.839274 seconds ...
[Epoch 127 Telemetry] Loss: 0.207765 | BPR: 0.155826 | CL: 5.193881 | VRAM: 168.08 MiB | 47702.4 samples/s | 2.49s
[Coach] >>> TRAIN @Epoch: 127 >>>  || LOSS Avg: 0.20776
[Wall TIME] >>> Coach.train takes 2.486159 seconds ...
[Epoch 128 Telemetry] Loss: 0.207646 | BPR: 0.155708 | CL: 5.193857 | VRAM: 168.08 MiB | 47375.6 samples/s | 2.50s
[Coach] >>> TRAIN @Epoch: 128 >>>  || LOSS Avg: 0.20765
[Wall TIME] >>> Coach.train takes 2.503376 seconds ...
[Epoch 129 Telemetry] Loss: 0.207867 | BPR: 0.155923 | CL: 5.194462 | VRAM: 168.14 MiB | 47553.3 samples/s | 2.49s
[Coach] >>> TRAIN @Epoch: 129 >>>  || LOSS Avg: 0.20787
[Wall TIME] >>> Coach.train takes 2.493952 seconds ...
[Epoch 130 Telemetry] Loss: 0.207082 | BPR: 0.155151 | CL: 5.193103 | VRAM: 168.18 MiB | 42144.1 samples/s | 2.81s
[Coach] >>> TRAIN @Epoch: 130 >>>  || LOSS Avg: 0.20708
[Wall TIME] >>> Coach.train takes 2.813844 seconds ...
[Coach] >>> Better ***NDCG@20*** of ***0.0429*** 
[Coach] >>> VALID @Epoch: 130 >>>  || RECALL@1 Avg: 0.0126 || RECALL@10 Avg: 0.0639 || RECALL@20 Avg: 0.0984 || NDCG@10 Avg: 0.0341 || NDCG@20 Avg: 0.0429
[Wall TIME] >>> Coach.valid takes 0.519985 seconds ...
[Epoch 131 Telemetry] Loss: 0.206766 | BPR: 0.154838 | CL: 5.192747 | VRAM: 169.11 MiB | 46853.2 samples/s | 2.53s
[Coach] >>> TRAIN @Epoch: 131 >>>  || LOSS Avg: 0.20677
[Wall TIME] >>> Coach.train takes 2.531093 seconds ...
[Epoch 132 Telemetry] Loss: 0.207110 | BPR: 0.155189 | CL: 5.192122 | VRAM: 168.76 MiB | 47649.9 samples/s | 2.49s
[Coach] >>> TRAIN @Epoch: 132 >>>  || LOSS Avg: 0.20711
[Wall TIME] >>> Coach.train takes 2.488851 seconds ...
[Epoch 133 Telemetry] Loss: 0.207552 | BPR: 0.155640 | CL: 5.191227 | VRAM: 169.01 MiB | 47742.9 samples/s | 2.48s
[Coach] >>> TRAIN @Epoch: 133 >>>  || LOSS Avg: 0.20755
[Wall TIME] >>> Coach.train takes 2.484032 seconds ...
[Epoch 134 Telemetry] Loss: 0.206967 | BPR: 0.155046 | CL: 5.192081 | VRAM: 168.82 MiB | 42113.4 samples/s | 2.82s
[Coach] >>> TRAIN @Epoch: 134 >>>  || LOSS Avg: 0.20697
[Wall TIME] >>> Coach.train takes 2.816005 seconds ...
[Epoch 135 Telemetry] Loss: 0.206289 | BPR: 0.154372 | CL: 5.191747 | VRAM: 168.86 MiB | 47426.5 samples/s | 2.50s
[Coach] >>> TRAIN @Epoch: 135 >>>  || LOSS Avg: 0.20629
[Wall TIME] >>> Coach.train takes 2.500595 seconds ...
[Coach] >>> VALID @Epoch: 135 >>>  || RECALL@1 Avg: 0.0124 || RECALL@10 Avg: 0.0627 || RECALL@20 Avg: 0.0985 || NDCG@10 Avg: 0.0337 || NDCG@20 Avg: 0.0428
[Wall TIME] >>> Coach.valid takes 0.499799 seconds ...
[Epoch 136 Telemetry] Loss: 0.206623 | BPR: 0.154696 | CL: 5.192671 | VRAM: 168.18 MiB | 47777.4 samples/s | 2.48s
[Coach] >>> TRAIN @Epoch: 136 >>>  || LOSS Avg: 0.20662
[Wall TIME] >>> Coach.train takes 2.482279 seconds ...
[Epoch 137 Telemetry] Loss: 0.205516 | BPR: 0.153598 | CL: 5.191818 | VRAM: 168.24 MiB | 47440.1 samples/s | 2.50s
[Coach] >>> TRAIN @Epoch: 137 >>>  || LOSS Avg: 0.20552
[Wall TIME] >>> Coach.train takes 2.499863 seconds ...
[Epoch 138 Telemetry] Loss: 0.205543 | BPR: 0.153620 | CL: 5.192354 | VRAM: 168.20 MiB | 47909.0 samples/s | 2.47s
[Coach] >>> TRAIN @Epoch: 138 >>>  || LOSS Avg: 0.20554
[Wall TIME] >>> Coach.train takes 2.475322 seconds ...
[Epoch 139 Telemetry] Loss: 0.205683 | BPR: 0.153770 | CL: 5.191228 | VRAM: 168.19 MiB | 41379.5 samples/s | 2.86s
[Coach] >>> TRAIN @Epoch: 139 >>>  || LOSS Avg: 0.20568
[Wall TIME] >>> Coach.train takes 2.865974 seconds ...
[Epoch 140 Telemetry] Loss: 0.205339 | BPR: 0.153428 | CL: 5.191082 | VRAM: 168.42 MiB | 47751.4 samples/s | 2.48s
[Coach] >>> TRAIN @Epoch: 140 >>>  || LOSS Avg: 0.20534
[Wall TIME] >>> Coach.train takes 2.483556 seconds ...
[Coach] >>> VALID @Epoch: 140 >>>  || RECALL@1 Avg: 0.0124 || RECALL@10 Avg: 0.0626 || RECALL@20 Avg: 0.0990 || NDCG@10 Avg: 0.0336 || NDCG@20 Avg: 0.0428
[Wall TIME] >>> Coach.valid takes 0.500284 seconds ...
[Epoch 141 Telemetry] Loss: 0.205166 | BPR: 0.153253 | CL: 5.191317 | VRAM: 169.22 MiB | 47415.4 samples/s | 2.50s
[Coach] >>> TRAIN @Epoch: 141 >>>  || LOSS Avg: 0.20517
[Wall TIME] >>> Coach.train takes 2.501263 seconds ...
[Epoch 142 Telemetry] Loss: 0.205141 | BPR: 0.153231 | CL: 5.191032 | VRAM: 168.65 MiB | 47132.0 samples/s | 2.52s
[Coach] >>> TRAIN @Epoch: 142 >>>  || LOSS Avg: 0.20514
[Wall TIME] >>> Coach.train takes 2.516150 seconds ...
[Epoch 143 Telemetry] Loss: 0.205228 | BPR: 0.153322 | CL: 5.190622 | VRAM: 169.20 MiB | 41141.7 samples/s | 2.88s
[Coach] >>> TRAIN @Epoch: 143 >>>  || LOSS Avg: 0.20523
[Wall TIME] >>> Coach.train takes 2.882465 seconds ...
[Epoch 144 Telemetry] Loss: 0.204377 | BPR: 0.152486 | CL: 5.189135 | VRAM: 169.29 MiB | 47613.4 samples/s | 2.49s
[Coach] >>> TRAIN @Epoch: 144 >>>  || LOSS Avg: 0.20438
[Wall TIME] >>> Coach.train takes 2.490979 seconds ...
[Epoch 145 Telemetry] Loss: 0.204503 | BPR: 0.152605 | CL: 5.189793 | VRAM: 169.33 MiB | 47248.2 samples/s | 2.51s
[Coach] >>> TRAIN @Epoch: 145 >>>  || LOSS Avg: 0.20450
[Wall TIME] >>> Coach.train takes 2.510164 seconds ...
[Coach] >>> VALID @Epoch: 145 >>>  || RECALL@1 Avg: 0.0122 || RECALL@10 Avg: 0.0624 || RECALL@20 Avg: 0.0996 || NDCG@10 Avg: 0.0333 || NDCG@20 Avg: 0.0428
[Wall TIME] >>> Coach.valid takes 0.498663 seconds ...
[Epoch 146 Telemetry] Loss: 0.204092 | BPR: 0.152197 | CL: 5.189546 | VRAM: 168.66 MiB | 46525.5 samples/s | 2.55s
[Coach] >>> TRAIN @Epoch: 146 >>>  || LOSS Avg: 0.20409
[Wall TIME] >>> Coach.train takes 2.549004 seconds ...
[Epoch 147 Telemetry] Loss: 0.204545 | BPR: 0.152657 | CL: 5.188743 | VRAM: 168.06 MiB | 41473.8 samples/s | 2.86s
[Coach] >>> TRAIN @Epoch: 147 >>>  || LOSS Avg: 0.20454
[Wall TIME] >>> Coach.train takes 2.859530 seconds ...
[Epoch 148 Telemetry] Loss: 0.204237 | BPR: 0.152353 | CL: 5.188417 | VRAM: 168.15 MiB | 47418.4 samples/s | 2.50s
[Coach] >>> TRAIN @Epoch: 148 >>>  || LOSS Avg: 0.20424
[Wall TIME] >>> Coach.train takes 2.501040 seconds ...
[Epoch 149 Telemetry] Loss: 0.203697 | BPR: 0.151810 | CL: 5.188768 | VRAM: 168.64 MiB | 47443.6 samples/s | 2.50s
[Coach] >>> TRAIN @Epoch: 149 >>>  || LOSS Avg: 0.20370
[Wall TIME] >>> Coach.train takes 2.499708 seconds ...
[Epoch 150 Telemetry] Loss: 0.203552 | BPR: 0.151659 | CL: 5.189300 | VRAM: 168.22 MiB | 46896.8 samples/s | 2.53s
[Coach] >>> TRAIN @Epoch: 150 >>>  || LOSS Avg: 0.20355
[Wall TIME] >>> Coach.train takes 2.528835 seconds ...
[Coach] >>> Better ***NDCG@20*** of ***0.0429*** 
[Coach] >>> VALID @Epoch: 150 >>>  || RECALL@1 Avg: 0.0120 || RECALL@10 Avg: 0.0631 || RECALL@20 Avg: 0.0998 || NDCG@10 Avg: 0.0336 || NDCG@20 Avg: 0.0429
[Wall TIME] >>> Coach.valid takes 0.527505 seconds ...
[Epoch 151 Telemetry] Loss: 0.203875 | BPR: 0.151984 | CL: 5.189027 | VRAM: 169.00 MiB | 41252.7 samples/s | 2.87s
[Coach] >>> TRAIN @Epoch: 151 >>>  || LOSS Avg: 0.20387
[Wall TIME] >>> Coach.train takes 2.874694 seconds ...
[Epoch 152 Telemetry] Loss: 0.203790 | BPR: 0.151911 | CL: 5.187896 | VRAM: 168.94 MiB | 47385.5 samples/s | 2.50s
[Coach] >>> TRAIN @Epoch: 152 >>>  || LOSS Avg: 0.20379
[Wall TIME] >>> Coach.train takes 2.502937 seconds ...
[Epoch 153 Telemetry] Loss: 0.202913 | BPR: 0.151031 | CL: 5.188182 | VRAM: 168.97 MiB | 47610.2 samples/s | 2.49s
[Coach] >>> TRAIN @Epoch: 153 >>>  || LOSS Avg: 0.20291
[Wall TIME] >>> Coach.train takes 2.490912 seconds ...
[Epoch 154 Telemetry] Loss: 0.203467 | BPR: 0.151600 | CL: 5.186758 | VRAM: 168.82 MiB | 46857.1 samples/s | 2.53s
[Coach] >>> TRAIN @Epoch: 154 >>>  || LOSS Avg: 0.20347
[Wall TIME] >>> Coach.train takes 2.530917 seconds ...
[Epoch 155 Telemetry] Loss: 0.202774 | BPR: 0.150897 | CL: 5.187719 | VRAM: 168.94 MiB | 47413.5 samples/s | 2.50s
[Coach] >>> TRAIN @Epoch: 155 >>>  || LOSS Avg: 0.20277
[Wall TIME] >>> Coach.train takes 2.501309 seconds ...
[Coach] >>> VALID @Epoch: 155 >>>  || RECALL@1 Avg: 0.0123 || RECALL@10 Avg: 0.0634 || RECALL@20 Avg: 0.0992 || NDCG@10 Avg: 0.0337 || NDCG@20 Avg: 0.0428
[Wall TIME] >>> Coach.valid takes 0.501479 seconds ...
[Epoch 156 Telemetry] Loss: 0.202735 | BPR: 0.150865 | CL: 5.187013 | VRAM: 168.24 MiB | 41673.2 samples/s | 2.84s
[Coach] >>> TRAIN @Epoch: 156 >>>  || LOSS Avg: 0.20274
[Wall TIME] >>> Coach.train takes 2.845539 seconds ...
[Epoch 157 Telemetry] Loss: 0.203059 | BPR: 0.151180 | CL: 5.187904 | VRAM: 168.37 MiB | 46740.2 samples/s | 2.54s
[Coach] >>> TRAIN @Epoch: 157 >>>  || LOSS Avg: 0.20306
[Wall TIME] >>> Coach.train takes 2.537299 seconds ...
[Epoch 158 Telemetry] Loss: 0.203192 | BPR: 0.151332 | CL: 5.185960 | VRAM: 168.34 MiB | 47587.9 samples/s | 2.49s
[Coach] >>> TRAIN @Epoch: 158 >>>  || LOSS Avg: 0.20319
[Wall TIME] >>> Coach.train takes 2.492128 seconds ...
[Epoch 159 Telemetry] Loss: 0.202285 | BPR: 0.150419 | CL: 5.186540 | VRAM: 168.55 MiB | 41769.0 samples/s | 2.84s
[Coach] >>> TRAIN @Epoch: 159 >>>  || LOSS Avg: 0.20228
[Wall TIME] >>> Coach.train takes 2.839159 seconds ...
[Epoch 160 Telemetry] Loss: 0.201967 | BPR: 0.150103 | CL: 5.186476 | VRAM: 168.17 MiB | 47590.1 samples/s | 2.49s
[Coach] >>> TRAIN @Epoch: 160 >>>  || LOSS Avg: 0.20197
[Wall TIME] >>> Coach.train takes 2.492009 seconds ...
[Coach] >>> Better ***NDCG@20*** of ***0.0430*** 
[Coach] >>> VALID @Epoch: 160 >>>  || RECALL@1 Avg: 0.0123 || RECALL@10 Avg: 0.0633 || RECALL@20 Avg: 0.0996 || NDCG@10 Avg: 0.0338 || NDCG@20 Avg: 0.0430
[Wall TIME] >>> Coach.valid takes 0.527575 seconds ...
[Epoch 161 Telemetry] Loss: 0.201909 | BPR: 0.150044 | CL: 5.186449 | VRAM: 168.85 MiB | 47073.0 samples/s | 2.52s
[Coach] >>> TRAIN @Epoch: 161 >>>  || LOSS Avg: 0.20191
[Wall TIME] >>> Coach.train takes 2.519540 seconds ...
[Epoch 162 Telemetry] Loss: 0.202787 | BPR: 0.150927 | CL: 5.186045 | VRAM: 168.83 MiB | 47354.0 samples/s | 2.50s
[Coach] >>> TRAIN @Epoch: 162 >>>  || LOSS Avg: 0.20279
[Wall TIME] >>> Coach.train takes 2.504388 seconds ...
[Epoch 163 Telemetry] Loss: 0.201783 | BPR: 0.149916 | CL: 5.186746 | VRAM: 168.89 MiB | 46826.5 samples/s | 2.53s
[Coach] >>> TRAIN @Epoch: 163 >>>  || LOSS Avg: 0.20178
[Wall TIME] >>> Coach.train takes 2.532685 seconds ...
[Epoch 164 Telemetry] Loss: 0.201894 | BPR: 0.150041 | CL: 5.185361 | VRAM: 168.89 MiB | 41611.9 samples/s | 2.85s
[Coach] >>> TRAIN @Epoch: 164 >>>  || LOSS Avg: 0.20189
[Wall TIME] >>> Coach.train takes 2.849974 seconds ...
[Epoch 165 Telemetry] Loss: 0.202232 | BPR: 0.150373 | CL: 5.185881 | VRAM: 169.19 MiB | 46605.9 samples/s | 2.54s
[Coach] >>> TRAIN @Epoch: 165 >>>  || LOSS Avg: 0.20223
[Wall TIME] >>> Coach.train takes 2.544518 seconds ...
[Coach] >>> Better ***NDCG@20*** of ***0.0433*** 
[Coach] >>> VALID @Epoch: 165 >>>  || RECALL@1 Avg: 0.0122 || RECALL@10 Avg: 0.0634 || RECALL@20 Avg: 0.1004 || NDCG@10 Avg: 0.0339 || NDCG@20 Avg: 0.0433
[Wall TIME] >>> Coach.valid takes 0.545810 seconds ...
[Epoch 166 Telemetry] Loss: 0.201530 | BPR: 0.149670 | CL: 5.186037 | VRAM: 168.16 MiB | 47393.9 samples/s | 2.50s
[Coach] >>> TRAIN @Epoch: 166 >>>  || LOSS Avg: 0.20153
[Wall TIME] >>> Coach.train takes 2.502245 seconds ...
[Epoch 167 Telemetry] Loss: 0.201637 | BPR: 0.149792 | CL: 5.184466 | VRAM: 168.08 MiB | 47643.6 samples/s | 2.49s
[Coach] >>> TRAIN @Epoch: 167 >>>  || LOSS Avg: 0.20164
[Wall TIME] >>> Coach.train takes 2.489354 seconds ...
[Epoch 168 Telemetry] Loss: 0.201634 | BPR: 0.149783 | CL: 5.185149 | VRAM: 168.35 MiB | 42014.9 samples/s | 2.82s
[Coach] >>> TRAIN @Epoch: 168 >>>  || LOSS Avg: 0.20163
[Wall TIME] >>> Coach.train takes 2.822641 seconds ...
[Epoch 169 Telemetry] Loss: 0.201488 | BPR: 0.149637 | CL: 5.185117 | VRAM: 168.10 MiB | 46974.4 samples/s | 2.52s
[Coach] >>> TRAIN @Epoch: 169 >>>  || LOSS Avg: 0.20149
[Wall TIME] >>> Coach.train takes 2.524531 seconds ...
[Epoch 170 Telemetry] Loss: 0.200696 | BPR: 0.148852 | CL: 5.184466 | VRAM: 168.31 MiB | 47414.8 samples/s | 2.50s
[Coach] >>> TRAIN @Epoch: 170 >>>  || LOSS Avg: 0.20070
[Wall TIME] >>> Coach.train takes 2.501334 seconds ...
[Coach] >>> VALID @Epoch: 170 >>>  || RECALL@1 Avg: 0.0121 || RECALL@10 Avg: 0.0642 || RECALL@20 Avg: 0.0997 || NDCG@10 Avg: 0.0339 || NDCG@20 Avg: 0.0430
[Wall TIME] >>> Coach.valid takes 0.503986 seconds ...
[Epoch 171 Telemetry] Loss: 0.200670 | BPR: 0.148835 | CL: 5.183461 | VRAM: 168.71 MiB | 47515.6 samples/s | 2.49s
[Coach] >>> TRAIN @Epoch: 171 >>>  || LOSS Avg: 0.20067
[Wall TIME] >>> Coach.train takes 2.495974 seconds ...
[Epoch 172 Telemetry] Loss: 0.200593 | BPR: 0.148742 | CL: 5.185095 | VRAM: 169.02 MiB | 41627.5 samples/s | 2.85s
[Coach] >>> TRAIN @Epoch: 172 >>>  || LOSS Avg: 0.20059
[Wall TIME] >>> Coach.train takes 2.848830 seconds ...
[Epoch 173 Telemetry] Loss: 0.200658 | BPR: 0.148816 | CL: 5.184275 | VRAM: 169.00 MiB | 47136.4 samples/s | 2.52s
[Coach] >>> TRAIN @Epoch: 173 >>>  || LOSS Avg: 0.20066
[Wall TIME] >>> Coach.train takes 2.515966 seconds ...
[Epoch 174 Telemetry] Loss: 0.200840 | BPR: 0.148984 | CL: 5.185591 | VRAM: 168.93 MiB | 47367.2 samples/s | 2.50s
[Coach] >>> TRAIN @Epoch: 174 >>>  || LOSS Avg: 0.20084
[Wall TIME] >>> Coach.train takes 2.503751 seconds ...
[Epoch 175 Telemetry] Loss: 0.200364 | BPR: 0.148518 | CL: 5.184559 | VRAM: 168.94 MiB | 47880.4 samples/s | 2.48s
[Coach] >>> TRAIN @Epoch: 175 >>>  || LOSS Avg: 0.20036
[Wall TIME] >>> Coach.train takes 2.476747 seconds ...
[Coach] >>> VALID @Epoch: 175 >>>  || RECALL@1 Avg: 0.0122 || RECALL@10 Avg: 0.0628 || RECALL@20 Avg: 0.0993 || NDCG@10 Avg: 0.0336 || NDCG@20 Avg: 0.0429
[Wall TIME] >>> Coach.valid takes 0.499194 seconds ...
[Epoch 176 Telemetry] Loss: 0.200027 | BPR: 0.148188 | CL: 5.183963 | VRAM: 168.02 MiB | 47134.6 samples/s | 2.52s
[Coach] >>> TRAIN @Epoch: 176 >>>  || LOSS Avg: 0.20003
[Wall TIME] >>> Coach.train takes 2.516069 seconds ...
[Epoch 177 Telemetry] Loss: 0.200009 | BPR: 0.148169 | CL: 5.183979 | VRAM: 168.34 MiB | 41578.6 samples/s | 2.85s
[Coach] >>> TRAIN @Epoch: 177 >>>  || LOSS Avg: 0.20001
[Wall TIME] >>> Coach.train takes 2.852150 seconds ...
[Epoch 178 Telemetry] Loss: 0.200828 | BPR: 0.148988 | CL: 5.183997 | VRAM: 168.36 MiB | 47649.5 samples/s | 2.49s
[Coach] >>> TRAIN @Epoch: 178 >>>  || LOSS Avg: 0.20083
[Wall TIME] >>> Coach.train takes 2.488931 seconds ...
[Epoch 179 Telemetry] Loss: 0.200915 | BPR: 0.149081 | CL: 5.183386 | VRAM: 168.22 MiB | 47847.7 samples/s | 2.48s
[Coach] >>> TRAIN @Epoch: 179 >>>  || LOSS Avg: 0.20091
[Wall TIME] >>> Coach.train takes 2.478636 seconds ...
[Epoch 180 Telemetry] Loss: 0.199909 | BPR: 0.148071 | CL: 5.183755 | VRAM: 168.17 MiB | 46784.8 samples/s | 2.53s
[Coach] >>> TRAIN @Epoch: 180 >>>  || LOSS Avg: 0.19991
[Wall TIME] >>> Coach.train takes 2.534929 seconds ...
[Coach] >>> VALID @Epoch: 180 >>>  || RECALL@1 Avg: 0.0126 || RECALL@10 Avg: 0.0621 || RECALL@20 Avg: 0.0993 || NDCG@10 Avg: 0.0336 || NDCG@20 Avg: 0.0431
[Wall TIME] >>> Coach.valid takes 0.500404 seconds ...
[Epoch 181 Telemetry] Loss: 0.200178 | BPR: 0.148357 | CL: 5.182121 | VRAM: 169.15 MiB | 41779.9 samples/s | 2.84s
[Coach] >>> TRAIN @Epoch: 181 >>>  || LOSS Avg: 0.20018
[Wall TIME] >>> Coach.train takes 2.838446 seconds ...
[Epoch 182 Telemetry] Loss: 0.199614 | BPR: 0.147775 | CL: 5.183848 | VRAM: 168.90 MiB | 47847.5 samples/s | 2.48s
[Coach] >>> TRAIN @Epoch: 182 >>>  || LOSS Avg: 0.19961
[Wall TIME] >>> Coach.train takes 2.478591 seconds ...
[Epoch 183 Telemetry] Loss: 0.199731 | BPR: 0.147902 | CL: 5.182964 | VRAM: 168.89 MiB | 48008.6 samples/s | 2.47s
[Coach] >>> TRAIN @Epoch: 183 >>>  || LOSS Avg: 0.19973
[Wall TIME] >>> Coach.train takes 2.470600 seconds ...
[Epoch 184 Telemetry] Loss: 0.199396 | BPR: 0.147565 | CL: 5.183089 | VRAM: 169.09 MiB | 47310.7 samples/s | 2.51s
[Coach] >>> TRAIN @Epoch: 184 >>>  || LOSS Avg: 0.19940
[Wall TIME] >>> Coach.train takes 2.506780 seconds ...
[Epoch 185 Telemetry] Loss: 0.199463 | BPR: 0.147637 | CL: 5.182606 | VRAM: 169.11 MiB | 41320.3 samples/s | 2.87s
[Coach] >>> TRAIN @Epoch: 185 >>>  || LOSS Avg: 0.19946
[Wall TIME] >>> Coach.train takes 2.870039 seconds ...
[Coach] >>> VALID @Epoch: 185 >>>  || RECALL@1 Avg: 0.0125 || RECALL@10 Avg: 0.0630 || RECALL@20 Avg: 0.0996 || NDCG@10 Avg: 0.0338 || NDCG@20 Avg: 0.0431
[Wall TIME] >>> Coach.valid takes 0.500538 seconds ...
[Epoch 186 Telemetry] Loss: 0.198961 | BPR: 0.147140 | CL: 5.182089 | VRAM: 168.32 MiB | 46941.3 samples/s | 2.53s
[Coach] >>> TRAIN @Epoch: 186 >>>  || LOSS Avg: 0.19896
[Wall TIME] >>> Coach.train takes 2.526368 seconds ...
[Epoch 187 Telemetry] Loss: 0.199218 | BPR: 0.147392 | CL: 5.182611 | VRAM: 168.46 MiB | 46492.2 samples/s | 2.55s
[Coach] >>> TRAIN @Epoch: 187 >>>  || LOSS Avg: 0.19922
[Wall TIME] >>> Coach.train takes 2.550869 seconds ...
[Epoch 188 Telemetry] Loss: 0.199569 | BPR: 0.147741 | CL: 5.182826 | VRAM: 168.46 MiB | 46932.8 samples/s | 2.53s
[Coach] >>> TRAIN @Epoch: 188 >>>  || LOSS Avg: 0.19957
[Wall TIME] >>> Coach.train takes 2.526851 seconds ...
[Epoch 189 Telemetry] Loss: 0.199703 | BPR: 0.147882 | CL: 5.182102 | VRAM: 168.37 MiB | 41171.9 samples/s | 2.88s
[Coach] >>> TRAIN @Epoch: 189 >>>  || LOSS Avg: 0.19970
[Wall TIME] >>> Coach.train takes 2.880312 seconds ...
[Epoch 190 Telemetry] Loss: 0.199254 | BPR: 0.147445 | CL: 5.180897 | VRAM: 167.96 MiB | 46436.4 samples/s | 2.55s
[Coach] >>> TRAIN @Epoch: 190 >>>  || LOSS Avg: 0.19925
[Wall TIME] >>> Coach.train takes 2.553902 seconds ...
[Coach] >>> VALID @Epoch: 190 >>>  || RECALL@1 Avg: 0.0123 || RECALL@10 Avg: 0.0624 || RECALL@20 Avg: 0.0997 || NDCG@10 Avg: 0.0335 || NDCG@20 Avg: 0.0429
[Wall TIME] >>> Coach.valid takes 0.505927 seconds ...
[Epoch 191 Telemetry] Loss: 0.198737 | BPR: 0.146924 | CL: 5.181326 | VRAM: 169.44 MiB | 46672.6 samples/s | 2.54s
[Coach] >>> TRAIN @Epoch: 191 >>>  || LOSS Avg: 0.19874
[Wall TIME] >>> Coach.train takes 2.540989 seconds ...
[Epoch 192 Telemetry] Loss: 0.198931 | BPR: 0.147118 | CL: 5.181320 | VRAM: 168.90 MiB | 47071.4 samples/s | 2.52s
[Coach] >>> TRAIN @Epoch: 192 >>>  || LOSS Avg: 0.19893
[Wall TIME] >>> Coach.train takes 2.519594 seconds ...
[Epoch 193 Telemetry] Loss: 0.199286 | BPR: 0.147472 | CL: 5.181436 | VRAM: 169.38 MiB | 41342.6 samples/s | 2.87s
[Coach] >>> TRAIN @Epoch: 193 >>>  || LOSS Avg: 0.19929
[Wall TIME] >>> Coach.train takes 2.868433 seconds ...
[Epoch 194 Telemetry] Loss: 0.198936 | BPR: 0.147126 | CL: 5.181011 | VRAM: 169.22 MiB | 46979.3 samples/s | 2.52s
[Coach] >>> TRAIN @Epoch: 194 >>>  || LOSS Avg: 0.19894
[Wall TIME] >>> Coach.train takes 2.524276 seconds ...
[Epoch 195 Telemetry] Loss: 0.198747 | BPR: 0.146934 | CL: 5.181348 | VRAM: 168.89 MiB | 46432.8 samples/s | 2.55s
[Coach] >>> TRAIN @Epoch: 195 >>>  || LOSS Avg: 0.19875
[Wall TIME] >>> Coach.train takes 2.554158 seconds ...
[Coach] >>> VALID @Epoch: 195 >>>  || RECALL@1 Avg: 0.0125 || RECALL@10 Avg: 0.0629 || RECALL@20 Avg: 0.0993 || NDCG@10 Avg: 0.0338 || NDCG@20 Avg: 0.0431
[Wall TIME] >>> Coach.valid takes 0.509463 seconds ...
[Epoch 196 Telemetry] Loss: 0.198886 | BPR: 0.147084 | CL: 5.180149 | VRAM: 168.26 MiB | 47497.3 samples/s | 2.50s
[Coach] >>> TRAIN @Epoch: 196 >>>  || LOSS Avg: 0.19889
[Wall TIME] >>> Coach.train takes 2.496777 seconds ...
[Epoch 197 Telemetry] Loss: 0.198877 | BPR: 0.147071 | CL: 5.180563 | VRAM: 168.26 MiB | 41404.6 samples/s | 2.86s
[Coach] >>> TRAIN @Epoch: 197 >>>  || LOSS Avg: 0.19888
[Wall TIME] >>> Coach.train takes 2.864169 seconds ...
[Epoch 198 Telemetry] Loss: 0.198609 | BPR: 0.146807 | CL: 5.180210 | VRAM: 168.06 MiB | 46057.1 samples/s | 2.57s
[Coach] >>> TRAIN @Epoch: 198 >>>  || LOSS Avg: 0.19861
[Wall TIME] >>> Coach.train takes 2.574829 seconds ...
[Epoch 199 Telemetry] Loss: 0.198032 | BPR: 0.146226 | CL: 5.180568 | VRAM: 168.50 MiB | 47369.4 samples/s | 2.50s
[Coach] >>> TRAIN @Epoch: 199 >>>  || LOSS Avg: 0.19803
[Wall TIME] >>> Coach.train takes 2.503671 seconds ...
[Epoch 200 Telemetry] Loss: 0.198091 | BPR: 0.146281 | CL: 5.181050 | VRAM: 168.40 MiB | 46952.6 samples/s | 2.52s
[Coach] >>> TRAIN @Epoch: 200 >>>  || LOSS Avg: 0.19809
[Wall TIME] >>> Coach.train takes 2.525803 seconds ...
[Coach] >>> Better ***NDCG@20*** of ***0.0434*** 
[Coach] >>> VALID @Epoch: 200 >>>  || RECALL@1 Avg: 0.0128 || RECALL@10 Avg: 0.0633 || RECALL@20 Avg: 0.0999 || NDCG@10 Avg: 0.0341 || NDCG@20 Avg: 0.0434
[Wall TIME] >>> Coach.valid takes 0.529945 seconds ...
[Epoch 201 Telemetry] Loss: 0.197872 | BPR: 0.146064 | CL: 5.180806 | VRAM: 169.07 MiB | 41574.6 samples/s | 2.85s
[Coach] >>> TRAIN @Epoch: 201 >>>  || LOSS Avg: 0.19787
[Wall TIME] >>> Coach.train takes 2.852560 seconds ...
[Epoch 202 Telemetry] Loss: 0.198114 | BPR: 0.146305 | CL: 5.180871 | VRAM: 168.93 MiB | 46467.1 samples/s | 2.55s
[Coach] >>> TRAIN @Epoch: 202 >>>  || LOSS Avg: 0.19811
[Wall TIME] >>> Coach.train takes 2.552155 seconds ...
[Epoch 203 Telemetry] Loss: 0.198164 | BPR: 0.146369 | CL: 5.179503 | VRAM: 168.78 MiB | 47417.8 samples/s | 2.50s
[Coach] >>> TRAIN @Epoch: 203 >>>  || LOSS Avg: 0.19816
[Wall TIME] >>> Coach.train takes 2.501109 seconds ...
[Epoch 204 Telemetry] Loss: 0.197684 | BPR: 0.145890 | CL: 5.179471 | VRAM: 168.94 MiB | 47361.4 samples/s | 2.50s
[Coach] >>> TRAIN @Epoch: 204 >>>  || LOSS Avg: 0.19768
[Wall TIME] >>> Coach.train takes 2.504017 seconds ...
[Epoch 205 Telemetry] Loss: 0.197728 | BPR: 0.145928 | CL: 5.180005 | VRAM: 169.08 MiB | 41619.1 samples/s | 2.85s
[Coach] >>> TRAIN @Epoch: 205 >>>  || LOSS Avg: 0.19773
[Wall TIME] >>> Coach.train takes 2.849384 seconds ...
[Coach] >>> VALID @Epoch: 205 >>>  || RECALL@1 Avg: 0.0125 || RECALL@10 Avg: 0.0634 || RECALL@20 Avg: 0.0994 || NDCG@10 Avg: 0.0340 || NDCG@20 Avg: 0.0432
[Wall TIME] >>> Coach.valid takes 0.533976 seconds ...
[Epoch 206 Telemetry] Loss: 0.197870 | BPR: 0.146069 | CL: 5.180128 | VRAM: 168.26 MiB | 46833.5 samples/s | 2.53s
[Coach] >>> TRAIN @Epoch: 206 >>>  || LOSS Avg: 0.19787
[Wall TIME] >>> Coach.train takes 2.532236 seconds ...
[Epoch 207 Telemetry] Loss: 0.197314 | BPR: 0.145525 | CL: 5.178963 | VRAM: 168.24 MiB | 46922.1 samples/s | 2.53s
[Coach] >>> TRAIN @Epoch: 207 >>>  || LOSS Avg: 0.19731
[Wall TIME] >>> Coach.train takes 2.527515 seconds ...
[Epoch 208 Telemetry] Loss: 0.197901 | BPR: 0.146113 | CL: 5.178813 | VRAM: 168.24 MiB | 47021.9 samples/s | 2.52s
[Coach] >>> TRAIN @Epoch: 208 >>>  || LOSS Avg: 0.19790
[Wall TIME] >>> Coach.train takes 2.522159 seconds ...
[Epoch 209 Telemetry] Loss: 0.197169 | BPR: 0.145378 | CL: 5.179133 | VRAM: 168.05 MiB | 40164.9 samples/s | 2.95s
[Coach] >>> TRAIN @Epoch: 209 >>>  || LOSS Avg: 0.19717
[Wall TIME] >>> Coach.train takes 2.952741 seconds ...
[Epoch 210 Telemetry] Loss: 0.197274 | BPR: 0.145484 | CL: 5.178976 | VRAM: 168.14 MiB | 46462.9 samples/s | 2.55s
[Coach] >>> TRAIN @Epoch: 210 >>>  || LOSS Avg: 0.19727
[Wall TIME] >>> Coach.train takes 2.552486 seconds ...
[Coach] >>> Better ***NDCG@20*** of ***0.0434*** 
[Coach] >>> VALID @Epoch: 210 >>>  || RECALL@1 Avg: 0.0125 || RECALL@10 Avg: 0.0634 || RECALL@20 Avg: 0.1000 || NDCG@10 Avg: 0.0341 || NDCG@20 Avg: 0.0434
[Wall TIME] >>> Coach.valid takes 0.535016 seconds ...
[Epoch 211 Telemetry] Loss: 0.197120 | BPR: 0.145325 | CL: 5.179488 | VRAM: 168.75 MiB | 46938.2 samples/s | 2.53s
[Coach] >>> TRAIN @Epoch: 211 >>>  || LOSS Avg: 0.19712
[Wall TIME] >>> Coach.train takes 2.526711 seconds ...
[Epoch 212 Telemetry] Loss: 0.197234 | BPR: 0.145455 | CL: 5.177897 | VRAM: 168.93 MiB | 47479.0 samples/s | 2.50s
[Coach] >>> TRAIN @Epoch: 212 >>>  || LOSS Avg: 0.19723
[Wall TIME] >>> Coach.train takes 2.497872 seconds ...
[Epoch 213 Telemetry] Loss: 0.196616 | BPR: 0.144828 | CL: 5.178832 | VRAM: 168.93 MiB | 46988.6 samples/s | 2.52s
[Coach] >>> TRAIN @Epoch: 213 >>>  || LOSS Avg: 0.19662
[Wall TIME] >>> Coach.train takes 2.523928 seconds ...
[Epoch 214 Telemetry] Loss: 0.197203 | BPR: 0.145428 | CL: 5.177449 | VRAM: 168.75 MiB | 41320.9 samples/s | 2.87s
[Coach] >>> TRAIN @Epoch: 214 >>>  || LOSS Avg: 0.19720
[Wall TIME] >>> Coach.train takes 2.869922 seconds ...
[Epoch 215 Telemetry] Loss: 0.197461 | BPR: 0.145677 | CL: 5.178460 | VRAM: 168.97 MiB | 47193.3 samples/s | 2.51s
[Coach] >>> TRAIN @Epoch: 215 >>>  || LOSS Avg: 0.19746
[Wall TIME] >>> Coach.train takes 2.512921 seconds ...
[Coach] >>> VALID @Epoch: 215 >>>  || RECALL@1 Avg: 0.0126 || RECALL@10 Avg: 0.0636 || RECALL@20 Avg: 0.0988 || NDCG@10 Avg: 0.0342 || NDCG@20 Avg: 0.0432
[Wall TIME] >>> Coach.valid takes 0.501649 seconds ...
[Epoch 216 Telemetry] Loss: 0.198076 | BPR: 0.146288 | CL: 5.178758 | VRAM: 168.40 MiB | 47714.3 samples/s | 2.48s
[Coach] >>> TRAIN @Epoch: 216 >>>  || LOSS Avg: 0.19808
[Wall TIME] >>> Coach.train takes 2.485396 seconds ...
[Epoch 217 Telemetry] Loss: 0.197065 | BPR: 0.145291 | CL: 5.177437 | VRAM: 168.05 MiB | 47194.4 samples/s | 2.51s
[Coach] >>> TRAIN @Epoch: 217 >>>  || LOSS Avg: 0.19707
[Wall TIME] >>> Coach.train takes 2.512791 seconds ...
[Epoch 218 Telemetry] Loss: 0.196956 | BPR: 0.145178 | CL: 5.177815 | VRAM: 168.23 MiB | 41868.2 samples/s | 2.83s
[Coach] >>> TRAIN @Epoch: 218 >>>  || LOSS Avg: 0.19696
[Wall TIME] >>> Coach.train takes 2.832414 seconds ...
[Epoch 219 Telemetry] Loss: 0.196944 | BPR: 0.145168 | CL: 5.177543 | VRAM: 168.22 MiB | 48200.3 samples/s | 2.46s
[Coach] >>> TRAIN @Epoch: 219 >>>  || LOSS Avg: 0.19694
[Wall TIME] >>> Coach.train takes 2.460438 seconds ...
[Epoch 220 Telemetry] Loss: 0.196904 | BPR: 0.145134 | CL: 5.177029 | VRAM: 168.24 MiB | 47426.6 samples/s | 2.50s
[Coach] >>> TRAIN @Epoch: 220 >>>  || LOSS Avg: 0.19690
[Wall TIME] >>> Coach.train takes 2.500542 seconds ...
[Coach] >>> VALID @Epoch: 220 >>>  || RECALL@1 Avg: 0.0123 || RECALL@10 Avg: 0.0631 || RECALL@20 Avg: 0.0990 || NDCG@10 Avg: 0.0339 || NDCG@20 Avg: 0.0430
[Wall TIME] >>> Coach.valid takes 0.496258 seconds ...
[Epoch 221 Telemetry] Loss: 0.196818 | BPR: 0.145048 | CL: 5.176978 | VRAM: 169.15 MiB | 47323.7 samples/s | 2.51s
[Coach] >>> TRAIN @Epoch: 221 >>>  || LOSS Avg: 0.19682
[Wall TIME] >>> Coach.train takes 2.506116 seconds ...
[Epoch 222 Telemetry] Loss: 0.196800 | BPR: 0.145037 | CL: 5.176273 | VRAM: 169.04 MiB | 41549.3 samples/s | 2.85s
[Coach] >>> TRAIN @Epoch: 222 >>>  || LOSS Avg: 0.19680
[Wall TIME] >>> Coach.train takes 2.854152 seconds ...
[Epoch 223 Telemetry] Loss: 0.196855 | BPR: 0.145089 | CL: 5.176594 | VRAM: 168.94 MiB | 48036.2 samples/s | 2.47s
[Coach] >>> TRAIN @Epoch: 223 >>>  || LOSS Avg: 0.19686
[Wall TIME] >>> Coach.train takes 2.468935 seconds ...
[Epoch 224 Telemetry] Loss: 0.196056 | BPR: 0.144289 | CL: 5.176733 | VRAM: 169.00 MiB | 47050.9 samples/s | 2.52s
[Coach] >>> TRAIN @Epoch: 224 >>>  || LOSS Avg: 0.19606
[Wall TIME] >>> Coach.train takes 2.520566 seconds ...
[Epoch 225 Telemetry] Loss: 0.196427 | BPR: 0.144658 | CL: 5.176916 | VRAM: 169.41 MiB | 47990.8 samples/s | 2.47s
[Coach] >>> TRAIN @Epoch: 225 >>>  || LOSS Avg: 0.19643
[Wall TIME] >>> Coach.train takes 2.471353 seconds ...
[Coach] >>> VALID @Epoch: 225 >>>  || RECALL@1 Avg: 0.0126 || RECALL@10 Avg: 0.0629 || RECALL@20 Avg: 0.0998 || NDCG@10 Avg: 0.0340 || NDCG@20 Avg: 0.0434
[Wall TIME] >>> Coach.valid takes 0.502928 seconds ...
[Epoch 226 Telemetry] Loss: 0.196418 | BPR: 0.144648 | CL: 5.176923 | VRAM: 168.23 MiB | 41866.3 samples/s | 2.83s
[Coach] >>> TRAIN @Epoch: 226 >>>  || LOSS Avg: 0.19642
[Wall TIME] >>> Coach.train takes 2.832525 seconds ...
[Epoch 227 Telemetry] Loss: 0.196001 | BPR: 0.144243 | CL: 5.175860 | VRAM: 168.48 MiB | 47903.9 samples/s | 2.47s
[Coach] >>> TRAIN @Epoch: 227 >>>  || LOSS Avg: 0.19600
[Wall TIME] >>> Coach.train takes 2.475768 seconds ...
[Epoch 228 Telemetry] Loss: 0.195975 | BPR: 0.144214 | CL: 5.176069 | VRAM: 168.35 MiB | 46927.1 samples/s | 2.53s
[Coach] >>> TRAIN @Epoch: 228 >>>  || LOSS Avg: 0.19597
[Wall TIME] >>> Coach.train takes 2.527136 seconds ...
[Epoch 229 Telemetry] Loss: 0.196401 | BPR: 0.144635 | CL: 5.176583 | VRAM: 168.18 MiB | 47345.3 samples/s | 2.50s
[Coach] >>> TRAIN @Epoch: 229 >>>  || LOSS Avg: 0.19640
[Wall TIME] >>> Coach.train takes 2.504882 seconds ...
[Epoch 230 Telemetry] Loss: 0.195348 | BPR: 0.143586 | CL: 5.176225 | VRAM: 168.19 MiB | 47133.5 samples/s | 2.52s
[Coach] >>> TRAIN @Epoch: 230 >>>  || LOSS Avg: 0.19535
[Wall TIME] >>> Coach.train takes 2.516286 seconds ...
[Coach] >>> VALID @Epoch: 230 >>>  || RECALL@1 Avg: 0.0127 || RECALL@10 Avg: 0.0635 || RECALL@20 Avg: 0.0996 || NDCG@10 Avg: 0.0342 || NDCG@20 Avg: 0.0433
[Wall TIME] >>> Coach.valid takes 0.502215 seconds ...
[Epoch 231 Telemetry] Loss: 0.195678 | BPR: 0.143915 | CL: 5.176376 | VRAM: 168.86 MiB | 40924.6 samples/s | 2.90s
[Coach] >>> TRAIN @Epoch: 231 >>>  || LOSS Avg: 0.19568
[Wall TIME] >>> Coach.train takes 2.897620 seconds ...
[Epoch 232 Telemetry] Loss: 0.195988 | BPR: 0.144238 | CL: 5.175039 | VRAM: 168.93 MiB | 47770.8 samples/s | 2.48s
[Coach] >>> TRAIN @Epoch: 232 >>>  || LOSS Avg: 0.19599
[Wall TIME] >>> Coach.train takes 2.482675 seconds ...
[Epoch 233 Telemetry] Loss: 0.195889 | BPR: 0.144133 | CL: 5.175633 | VRAM: 168.86 MiB | 47700.6 samples/s | 2.49s
[Coach] >>> TRAIN @Epoch: 233 >>>  || LOSS Avg: 0.19589
[Wall TIME] >>> Coach.train takes 2.486209 seconds ...
[Epoch 234 Telemetry] Loss: 0.195856 | BPR: 0.144105 | CL: 5.175121 | VRAM: 168.82 MiB | 45930.3 samples/s | 2.58s
[Coach] >>> TRAIN @Epoch: 234 >>>  || LOSS Avg: 0.19586
[Wall TIME] >>> Coach.train takes 2.582000 seconds ...
[Epoch 235 Telemetry] Loss: 0.196129 | BPR: 0.144369 | CL: 5.175977 | VRAM: 168.93 MiB | 41206.8 samples/s | 2.88s
[Coach] >>> TRAIN @Epoch: 235 >>>  || LOSS Avg: 0.19613
[Wall TIME] >>> Coach.train takes 2.877941 seconds ...
[Coach] >>> VALID @Epoch: 235 >>>  || RECALL@1 Avg: 0.0123 || RECALL@10 Avg: 0.0635 || RECALL@20 Avg: 0.1000 || NDCG@10 Avg: 0.0341 || NDCG@20 Avg: 0.0434
[Wall TIME] >>> Coach.valid takes 0.503274 seconds ...
[Epoch 236 Telemetry] Loss: 0.195563 | BPR: 0.143809 | CL: 5.175420 | VRAM: 168.27 MiB | 47404.7 samples/s | 2.50s
[Coach] >>> TRAIN @Epoch: 236 >>>  || LOSS Avg: 0.19556
[Wall TIME] >>> Coach.train takes 2.501740 seconds ...
[Epoch 237 Telemetry] Loss: 0.195646 | BPR: 0.143902 | CL: 5.174417 | VRAM: 168.18 MiB | 47482.2 samples/s | 2.50s
[Coach] >>> TRAIN @Epoch: 237 >>>  || LOSS Avg: 0.19565
[Wall TIME] >>> Coach.train takes 2.497809 seconds ...
[Epoch 238 Telemetry] Loss: 0.195509 | BPR: 0.143756 | CL: 5.175331 | VRAM: 168.41 MiB | 41565.9 samples/s | 2.85s
[Coach] >>> TRAIN @Epoch: 238 >>>  || LOSS Avg: 0.19551
[Wall TIME] >>> Coach.train takes 2.853157 seconds ...
[Epoch 239 Telemetry] Loss: 0.195322 | BPR: 0.143568 | CL: 5.175373 | VRAM: 168.33 MiB | 47257.5 samples/s | 2.51s
[Coach] >>> TRAIN @Epoch: 239 >>>  || LOSS Avg: 0.19532
[Wall TIME] >>> Coach.train takes 2.509476 seconds ...
[Epoch 240 Telemetry] Loss: 0.195579 | BPR: 0.143827 | CL: 5.175205 | VRAM: 168.32 MiB | 47810.1 samples/s | 2.48s
[Coach] >>> TRAIN @Epoch: 240 >>>  || LOSS Avg: 0.19558
[Wall TIME] >>> Coach.train takes 2.480563 seconds ...
[Coach] >>> VALID @Epoch: 240 >>>  || RECALL@1 Avg: 0.0123 || RECALL@10 Avg: 0.0632 || RECALL@20 Avg: 0.1004 || NDCG@10 Avg: 0.0340 || NDCG@20 Avg: 0.0434
[Wall TIME] >>> Coach.valid takes 0.495723 seconds ...
[Epoch 241 Telemetry] Loss: 0.195633 | BPR: 0.143890 | CL: 5.174334 | VRAM: 169.01 MiB | 48136.4 samples/s | 2.46s
[Coach] >>> TRAIN @Epoch: 241 >>>  || LOSS Avg: 0.19563
[Wall TIME] >>> Coach.train takes 2.463645 seconds ...
[Epoch 242 Telemetry] Loss: 0.195182 | BPR: 0.143450 | CL: 5.173223 | VRAM: 168.89 MiB | 47482.4 samples/s | 2.50s
[Coach] >>> TRAIN @Epoch: 242 >>>  || LOSS Avg: 0.19518
[Wall TIME] >>> Coach.train takes 2.497652 seconds ...
[Epoch 243 Telemetry] Loss: 0.195596 | BPR: 0.143860 | CL: 5.173589 | VRAM: 168.89 MiB | 41432.0 samples/s | 2.86s
[Coach] >>> TRAIN @Epoch: 243 >>>  || LOSS Avg: 0.19560
[Wall TIME] >>> Coach.train takes 2.862451 seconds ...
[Epoch 244 Telemetry] Loss: 0.195472 | BPR: 0.143736 | CL: 5.173554 | VRAM: 168.64 MiB | 47390.2 samples/s | 2.50s
[Coach] >>> TRAIN @Epoch: 244 >>>  || LOSS Avg: 0.19547
[Wall TIME] >>> Coach.train takes 2.502522 seconds ...
[Epoch 245 Telemetry] Loss: 0.195746 | BPR: 0.143994 | CL: 5.175143 | VRAM: 168.86 MiB | 46985.8 samples/s | 2.52s
[Coach] >>> TRAIN @Epoch: 245 >>>  || LOSS Avg: 0.19575
[Wall TIME] >>> Coach.train takes 2.524086 seconds ...
[Coach] >>> VALID @Epoch: 245 >>>  || RECALL@1 Avg: 0.0122 || RECALL@10 Avg: 0.0628 || RECALL@20 Avg: 0.0993 || NDCG@10 Avg: 0.0338 || NDCG@20 Avg: 0.0431
[Wall TIME] >>> Coach.valid takes 0.500746 seconds ...
[Epoch 246 Telemetry] Loss: 0.194645 | BPR: 0.142912 | CL: 5.173322 | VRAM: 168.48 MiB | 46497.8 samples/s | 2.55s
[Coach] >>> TRAIN @Epoch: 246 >>>  || LOSS Avg: 0.19465
[Wall TIME] >>> Coach.train takes 2.550434 seconds ...
[Epoch 247 Telemetry] Loss: 0.194939 | BPR: 0.143194 | CL: 5.174506 | VRAM: 168.23 MiB | 41629.4 samples/s | 2.85s
[Coach] >>> TRAIN @Epoch: 247 >>>  || LOSS Avg: 0.19494
[Wall TIME] >>> Coach.train takes 2.848566 seconds ...
[Epoch 248 Telemetry] Loss: 0.194986 | BPR: 0.143254 | CL: 5.173233 | VRAM: 168.25 MiB | 47596.2 samples/s | 2.49s
[Coach] >>> TRAIN @Epoch: 248 >>>  || LOSS Avg: 0.19499
[Wall TIME] >>> Coach.train takes 2.491690 seconds ...
[Epoch 249 Telemetry] Loss: 0.195154 | BPR: 0.143414 | CL: 5.173977 | VRAM: 168.22 MiB | 47737.9 samples/s | 2.48s
[Coach] >>> TRAIN @Epoch: 249 >>>  || LOSS Avg: 0.19515
[Wall TIME] >>> Coach.train takes 2.484227 seconds ...
[Epoch 250 Telemetry] Loss: 0.194884 | BPR: 0.143157 | CL: 5.172679 | VRAM: 168.12 MiB | 47098.2 samples/s | 2.52s
[Coach] >>> TRAIN @Epoch: 250 >>>  || LOSS Avg: 0.19488
[Wall TIME] >>> Coach.train takes 2.518041 seconds ...
[Coach] >>> VALID @Epoch: 250 >>>  || RECALL@1 Avg: 0.0123 || RECALL@10 Avg: 0.0639 || RECALL@20 Avg: 0.1002 || NDCG@10 Avg: 0.0341 || NDCG@20 Avg: 0.0433
[Wall TIME] >>> Coach.valid takes 0.498425 seconds ...
[Epoch 251 Telemetry] Loss: 0.194708 | BPR: 0.142973 | CL: 5.173506 | VRAM: 169.00 MiB | 41758.5 samples/s | 2.84s
[Coach] >>> TRAIN @Epoch: 251 >>>  || LOSS Avg: 0.19471
[Wall TIME] >>> Coach.train takes 2.839851 seconds ...
[Epoch 252 Telemetry] Loss: 0.194589 | BPR: 0.142856 | CL: 5.173312 | VRAM: 169.63 MiB | 47288.5 samples/s | 2.51s
[Coach] >>> TRAIN @Epoch: 252 >>>  || LOSS Avg: 0.19459
[Wall TIME] >>> Coach.train takes 2.507874 seconds ...
[Epoch 253 Telemetry] Loss: 0.194686 | BPR: 0.142961 | CL: 5.172524 | VRAM: 168.65 MiB | 47349.0 samples/s | 2.50s
[Coach] >>> TRAIN @Epoch: 253 >>>  || LOSS Avg: 0.19469
[Wall TIME] >>> Coach.train takes 2.504699 seconds ...
[Epoch 254 Telemetry] Loss: 0.195354 | BPR: 0.143618 | CL: 5.173651 | VRAM: 169.20 MiB | 47040.3 samples/s | 2.52s
[Coach] >>> TRAIN @Epoch: 254 >>>  || LOSS Avg: 0.19535
[Wall TIME] >>> Coach.train takes 2.521150 seconds ...
[Epoch 255 Telemetry] Loss: 0.194488 | BPR: 0.142763 | CL: 5.172520 | VRAM: 168.93 MiB | 40859.4 samples/s | 2.90s
[Coach] >>> TRAIN @Epoch: 255 >>>  || LOSS Avg: 0.19449
[Wall TIME] >>> Coach.train takes 2.902408 seconds ...
[Coach] >>> VALID @Epoch: 255 >>>  || RECALL@1 Avg: 0.0122 || RECALL@10 Avg: 0.0639 || RECALL@20 Avg: 0.0994 || NDCG@10 Avg: 0.0341 || NDCG@20 Avg: 0.0432
[Wall TIME] >>> Coach.valid takes 0.509638 seconds ...
[Epoch 256 Telemetry] Loss: 0.194566 | BPR: 0.142846 | CL: 5.172028 | VRAM: 168.14 MiB | 47371.5 samples/s | 2.50s
[Coach] >>> TRAIN @Epoch: 256 >>>  || LOSS Avg: 0.19457
[Wall TIME] >>> Coach.train takes 2.503548 seconds ...
[Epoch 257 Telemetry] Loss: 0.194461 | BPR: 0.142736 | CL: 5.172545 | VRAM: 168.25 MiB | 47148.7 samples/s | 2.51s
[Coach] >>> TRAIN @Epoch: 257 >>>  || LOSS Avg: 0.19446
[Wall TIME] >>> Coach.train takes 2.515304 seconds ...
[Epoch 258 Telemetry] Loss: 0.194736 | BPR: 0.143023 | CL: 5.171267 | VRAM: 168.26 MiB | 47245.2 samples/s | 2.51s
[Coach] >>> TRAIN @Epoch: 258 >>>  || LOSS Avg: 0.19474
[Wall TIME] >>> Coach.train takes 2.510223 seconds ...
[Epoch 259 Telemetry] Loss: 0.194859 | BPR: 0.143145 | CL: 5.171386 | VRAM: 168.19 MiB | 41527.0 samples/s | 2.85s
[Coach] >>> TRAIN @Epoch: 259 >>>  || LOSS Avg: 0.19486
[Wall TIME] >>> Coach.train takes 2.855747 seconds ...
[Epoch 260 Telemetry] Loss: 0.194467 | BPR: 0.142742 | CL: 5.172544 | VRAM: 168.01 MiB | 48121.2 samples/s | 2.46s
[Coach] >>> TRAIN @Epoch: 260 >>>  || LOSS Avg: 0.19447
[Wall TIME] >>> Coach.train takes 2.464535 seconds ...
[Coach] >>> VALID @Epoch: 260 >>>  || RECALL@1 Avg: 0.0124 || RECALL@10 Avg: 0.0645 || RECALL@20 Avg: 0.0987 || NDCG@10 Avg: 0.0343 || NDCG@20 Avg: 0.0430
[Wall TIME] >>> Coach.valid takes 0.496870 seconds ...
[Epoch 261 Telemetry] Loss: 0.193843 | BPR: 0.142128 | CL: 5.171506 | VRAM: 168.98 MiB | 46860.0 samples/s | 2.53s
[Coach] >>> TRAIN @Epoch: 261 >>>  || LOSS Avg: 0.19384
[Wall TIME] >>> Coach.train takes 2.530733 seconds ...
[Epoch 262 Telemetry] Loss: 0.194707 | BPR: 0.142993 | CL: 5.171393 | VRAM: 169.22 MiB | 47483.0 samples/s | 2.50s
[Coach] >>> TRAIN @Epoch: 262 >>>  || LOSS Avg: 0.19471
[Wall TIME] >>> Coach.train takes 2.497587 seconds ...
[Epoch 263 Telemetry] Loss: 0.194292 | BPR: 0.142578 | CL: 5.171371 | VRAM: 168.97 MiB | 47472.3 samples/s | 2.50s
[Coach] >>> TRAIN @Epoch: 263 >>>  || LOSS Avg: 0.19429
[Wall TIME] >>> Coach.train takes 2.498187 seconds ...
[Epoch 264 Telemetry] Loss: 0.194303 | BPR: 0.142582 | CL: 5.172100 | VRAM: 168.75 MiB | 41761.0 samples/s | 2.84s
[Coach] >>> TRAIN @Epoch: 264 >>>  || LOSS Avg: 0.19430
[Wall TIME] >>> Coach.train takes 2.839692 seconds ...
[Epoch 265 Telemetry] Loss: 0.194200 | BPR: 0.142482 | CL: 5.171772 | VRAM: 169.33 MiB | 47277.7 samples/s | 2.51s
[Coach] >>> TRAIN @Epoch: 265 >>>  || LOSS Avg: 0.19420
[Wall TIME] >>> Coach.train takes 2.508504 seconds ...
[Coach] >>> VALID @Epoch: 265 >>>  || RECALL@1 Avg: 0.0125 || RECALL@10 Avg: 0.0640 || RECALL@20 Avg: 0.0994 || NDCG@10 Avg: 0.0342 || NDCG@20 Avg: 0.0432
[Wall TIME] >>> Coach.valid takes 0.496160 seconds ...
[Epoch 266 Telemetry] Loss: 0.194442 | BPR: 0.142726 | CL: 5.171570 | VRAM: 168.61 MiB | 48042.3 samples/s | 2.47s
[Coach] >>> TRAIN @Epoch: 266 >>>  || LOSS Avg: 0.19444
[Wall TIME] >>> Coach.train takes 2.468550 seconds ...
[Epoch 267 Telemetry] Loss: 0.194385 | BPR: 0.142667 | CL: 5.171804 | VRAM: 168.19 MiB | 47587.8 samples/s | 2.49s
[Coach] >>> TRAIN @Epoch: 267 >>>  || LOSS Avg: 0.19438
[Wall TIME] >>> Coach.train takes 2.492028 seconds ...
[Epoch 268 Telemetry] Loss: 0.194659 | BPR: 0.142945 | CL: 5.171451 | VRAM: 168.04 MiB | 41501.1 samples/s | 2.86s
[Coach] >>> TRAIN @Epoch: 268 >>>  || LOSS Avg: 0.19466
[Wall TIME] >>> Coach.train takes 2.857518 seconds ...
[Epoch 269 Telemetry] Loss: 0.193888 | BPR: 0.142181 | CL: 5.170647 | VRAM: 168.05 MiB | 47307.9 samples/s | 2.51s
[Coach] >>> TRAIN @Epoch: 269 >>>  || LOSS Avg: 0.19389
[Wall TIME] >>> Coach.train takes 2.506871 seconds ...
[Epoch 270 Telemetry] Loss: 0.193437 | BPR: 0.141715 | CL: 5.172137 | VRAM: 168.20 MiB | 47297.7 samples/s | 2.51s
[Coach] >>> TRAIN @Epoch: 270 >>>  || LOSS Avg: 0.19344
[Wall TIME] >>> Coach.train takes 2.507393 seconds ...
[Coach] >>> Better ***NDCG@20*** of ***0.0435*** 
[Coach] >>> VALID @Epoch: 270 >>>  || RECALL@1 Avg: 0.0122 || RECALL@10 Avg: 0.0644 || RECALL@20 Avg: 0.1002 || NDCG@10 Avg: 0.0343 || NDCG@20 Avg: 0.0435
[Wall TIME] >>> Coach.valid takes 0.541544 seconds ...
[Epoch 271 Telemetry] Loss: 0.194191 | BPR: 0.142477 | CL: 5.171351 | VRAM: 168.89 MiB | 47485.4 samples/s | 2.50s
[Coach] >>> TRAIN @Epoch: 271 >>>  || LOSS Avg: 0.19419
[Wall TIME] >>> Coach.train takes 2.497438 seconds ...
[Epoch 272 Telemetry] Loss: 0.193823 | BPR: 0.142125 | CL: 5.169858 | VRAM: 169.33 MiB | 41457.0 samples/s | 2.86s
[Coach] >>> TRAIN @Epoch: 272 >>>  || LOSS Avg: 0.19382
[Wall TIME] >>> Coach.train takes 2.860469 seconds ...
[Epoch 273 Telemetry] Loss: 0.193990 | BPR: 0.142282 | CL: 5.170752 | VRAM: 169.04 MiB | 47993.7 samples/s | 2.47s
[Coach] >>> TRAIN @Epoch: 273 >>>  || LOSS Avg: 0.19399
[Wall TIME] >>> Coach.train takes 2.471066 seconds ...
[Epoch 274 Telemetry] Loss: 0.194288 | BPR: 0.142587 | CL: 5.170157 | VRAM: 168.86 MiB | 47830.6 samples/s | 2.48s
[Coach] >>> TRAIN @Epoch: 274 >>>  || LOSS Avg: 0.19429
[Wall TIME] >>> Coach.train takes 2.479457 seconds ...
[Epoch 275 Telemetry] Loss: 0.193626 | BPR: 0.141929 | CL: 5.169662 | VRAM: 169.09 MiB | 47709.4 samples/s | 2.48s
[Coach] >>> TRAIN @Epoch: 275 >>>  || LOSS Avg: 0.19363
[Wall TIME] >>> Coach.train takes 2.485726 seconds ...
[Coach] >>> VALID @Epoch: 275 >>>  || RECALL@1 Avg: 0.0124 || RECALL@10 Avg: 0.0639 || RECALL@20 Avg: 0.0999 || NDCG@10 Avg: 0.0343 || NDCG@20 Avg: 0.0434
[Wall TIME] >>> Coach.valid takes 0.503496 seconds ...
[Epoch 276 Telemetry] Loss: 0.193814 | BPR: 0.142120 | CL: 5.169459 | VRAM: 168.24 MiB | 41165.4 samples/s | 2.88s
[Coach] >>> TRAIN @Epoch: 276 >>>  || LOSS Avg: 0.19381
[Wall TIME] >>> Coach.train takes 2.880796 seconds ...
[Epoch 277 Telemetry] Loss: 0.194155 | BPR: 0.142460 | CL: 5.169528 | VRAM: 168.41 MiB | 47350.9 samples/s | 2.50s
[Coach] >>> TRAIN @Epoch: 277 >>>  || LOSS Avg: 0.19416
[Wall TIME] >>> Coach.train takes 2.504581 seconds ...
[Epoch 278 Telemetry] Loss: 0.193824 | BPR: 0.142129 | CL: 5.169511 | VRAM: 168.17 MiB | 47417.0 samples/s | 2.50s
[Coach] >>> TRAIN @Epoch: 278 >>>  || LOSS Avg: 0.19382
[Wall TIME] >>> Coach.train takes 2.501036 seconds ...
[Epoch 279 Telemetry] Loss: 0.194214 | BPR: 0.142514 | CL: 5.169988 | VRAM: 168.38 MiB | 47257.9 samples/s | 2.51s
[Coach] >>> TRAIN @Epoch: 279 >>>  || LOSS Avg: 0.19421
[Wall TIME] >>> Coach.train takes 2.509532 seconds ...
[Epoch 280 Telemetry] Loss: 0.194037 | BPR: 0.142343 | CL: 5.169437 | VRAM: 168.18 MiB | 47227.4 samples/s | 2.51s
[Coach] >>> TRAIN @Epoch: 280 >>>  || LOSS Avg: 0.19404
[Wall TIME] >>> Coach.train takes 2.511184 seconds ...
[Coach] >>> Better ***NDCG@20*** of ***0.0436*** 
[Coach] >>> VALID @Epoch: 280 >>>  || RECALL@1 Avg: 0.0121 || RECALL@10 Avg: 0.0636 || RECALL@20 Avg: 0.1010 || NDCG@10 Avg: 0.0341 || NDCG@20 Avg: 0.0436
[Wall TIME] >>> Coach.valid takes 0.528627 seconds ...
[Epoch 281 Telemetry] Loss: 0.194094 | BPR: 0.142399 | CL: 5.169505 | VRAM: 169.00 MiB | 41543.3 samples/s | 2.85s
[Coach] >>> TRAIN @Epoch: 281 >>>  || LOSS Avg: 0.19409
[Wall TIME] >>> Coach.train takes 2.854548 seconds ...
[Epoch 282 Telemetry] Loss: 0.193481 | BPR: 0.141798 | CL: 5.168339 | VRAM: 168.97 MiB | 47295.0 samples/s | 2.51s
[Coach] >>> TRAIN @Epoch: 282 >>>  || LOSS Avg: 0.19348
[Wall TIME] >>> Coach.train takes 2.507402 seconds ...
[Epoch 283 Telemetry] Loss: 0.193739 | BPR: 0.142051 | CL: 5.168754 | VRAM: 169.07 MiB | 46476.9 samples/s | 2.55s
[Coach] >>> TRAIN @Epoch: 283 >>>  || LOSS Avg: 0.19374
[Wall TIME] >>> Coach.train takes 2.551616 seconds ...
[Epoch 284 Telemetry] Loss: 0.193603 | BPR: 0.141915 | CL: 5.168840 | VRAM: 168.79 MiB | 41468.0 samples/s | 2.86s
[Coach] >>> TRAIN @Epoch: 284 >>>  || LOSS Avg: 0.19360
[Wall TIME] >>> Coach.train takes 2.859761 seconds ...
[Epoch 285 Telemetry] Loss: 0.193478 | BPR: 0.141793 | CL: 5.168549 | VRAM: 168.97 MiB | 47769.3 samples/s | 2.48s
[Coach] >>> TRAIN @Epoch: 285 >>>  || LOSS Avg: 0.19348
[Wall TIME] >>> Coach.train takes 2.482657 seconds ...
[Coach] >>> VALID @Epoch: 285 >>>  || RECALL@1 Avg: 0.0126 || RECALL@10 Avg: 0.0635 || RECALL@20 Avg: 0.0995 || NDCG@10 Avg: 0.0342 || NDCG@20 Avg: 0.0434
[Wall TIME] >>> Coach.valid takes 0.512758 seconds ...
[Epoch 286 Telemetry] Loss: 0.193798 | BPR: 0.142116 | CL: 5.168138 | VRAM: 168.44 MiB | 47832.7 samples/s | 2.48s
[Coach] >>> TRAIN @Epoch: 286 >>>  || LOSS Avg: 0.19380
[Wall TIME] >>> Coach.train takes 2.479296 seconds ...
[Epoch 287 Telemetry] Loss: 0.193126 | BPR: 0.141443 | CL: 5.168267 | VRAM: 168.02 MiB | 47079.4 samples/s | 2.52s
[Coach] >>> TRAIN @Epoch: 287 >>>  || LOSS Avg: 0.19313
[Wall TIME] >>> Coach.train takes 2.519057 seconds ...
[Epoch 288 Telemetry] Loss: 0.193364 | BPR: 0.141681 | CL: 5.168299 | VRAM: 168.14 MiB | 47646.0 samples/s | 2.49s
[Coach] >>> TRAIN @Epoch: 288 >>>  || LOSS Avg: 0.19336
[Wall TIME] >>> Coach.train takes 2.488942 seconds ...
[Epoch 289 Telemetry] Loss: 0.193127 | BPR: 0.141446 | CL: 5.168042 | VRAM: 168.31 MiB | 41933.5 samples/s | 2.83s
[Coach] >>> TRAIN @Epoch: 289 >>>  || LOSS Avg: 0.19313
[Wall TIME] >>> Coach.train takes 2.828092 seconds ...
[Epoch 290 Telemetry] Loss: 0.193650 | BPR: 0.141973 | CL: 5.167667 | VRAM: 168.07 MiB | 47585.3 samples/s | 2.49s
[Coach] >>> TRAIN @Epoch: 290 >>>  || LOSS Avg: 0.19365
[Wall TIME] >>> Coach.train takes 2.492166 seconds ...
[Coach] >>> VALID @Epoch: 290 >>>  || RECALL@1 Avg: 0.0126 || RECALL@10 Avg: 0.0638 || RECALL@20 Avg: 0.0995 || NDCG@10 Avg: 0.0344 || NDCG@20 Avg: 0.0435
[Wall TIME] >>> Coach.valid takes 0.501780 seconds ...
[Epoch 291 Telemetry] Loss: 0.193471 | BPR: 0.141786 | CL: 5.168482 | VRAM: 169.04 MiB | 46861.4 samples/s | 2.53s
[Coach] >>> TRAIN @Epoch: 291 >>>  || LOSS Avg: 0.19347
[Wall TIME] >>> Coach.train takes 2.530674 seconds ...
[Epoch 292 Telemetry] Loss: 0.193604 | BPR: 0.141931 | CL: 5.167336 | VRAM: 169.42 MiB | 47063.9 samples/s | 2.52s
[Coach] >>> TRAIN @Epoch: 292 >>>  || LOSS Avg: 0.19360
[Wall TIME] >>> Coach.train takes 2.519823 seconds ...
[Epoch 293 Telemetry] Loss: 0.193562 | BPR: 0.141889 | CL: 5.167264 | VRAM: 169.01 MiB | 41558.6 samples/s | 2.85s
[Coach] >>> TRAIN @Epoch: 293 >>>  || LOSS Avg: 0.19356
[Wall TIME] >>> Coach.train takes 2.853578 seconds ...
[Epoch 294 Telemetry] Loss: 0.193046 | BPR: 0.141369 | CL: 5.167671 | VRAM: 168.89 MiB | 47598.2 samples/s | 2.49s
[Coach] >>> TRAIN @Epoch: 294 >>>  || LOSS Avg: 0.19305
[Wall TIME] >>> Coach.train takes 2.491707 seconds ...
[Epoch 295 Telemetry] Loss: 0.193223 | BPR: 0.141546 | CL: 5.167659 | VRAM: 168.90 MiB | 46372.3 samples/s | 2.56s
[Coach] >>> TRAIN @Epoch: 295 >>>  || LOSS Avg: 0.19322
[Wall TIME] >>> Coach.train takes 2.557597 seconds ...
[Coach] >>> VALID @Epoch: 295 >>>  || RECALL@1 Avg: 0.0130 || RECALL@10 Avg: 0.0632 || RECALL@20 Avg: 0.0993 || NDCG@10 Avg: 0.0343 || NDCG@20 Avg: 0.0435
[Wall TIME] >>> Coach.valid takes 0.504120 seconds ...
[Epoch 296 Telemetry] Loss: 0.192796 | BPR: 0.141119 | CL: 5.167698 | VRAM: 168.26 MiB | 46833.3 samples/s | 2.53s
[Coach] >>> TRAIN @Epoch: 296 >>>  || LOSS Avg: 0.19280
[Wall TIME] >>> Coach.train takes 2.532319 seconds ...
[Epoch 297 Telemetry] Loss: 0.193797 | BPR: 0.142128 | CL: 5.166812 | VRAM: 168.33 MiB | 41483.3 samples/s | 2.86s
[Coach] >>> TRAIN @Epoch: 297 >>>  || LOSS Avg: 0.19380
[Wall TIME] >>> Coach.train takes 2.858840 seconds ...
[Epoch 298 Telemetry] Loss: 0.192958 | BPR: 0.141294 | CL: 5.166383 | VRAM: 168.20 MiB | 46504.9 samples/s | 2.55s
[Coach] >>> TRAIN @Epoch: 298 >>>  || LOSS Avg: 0.19296
[Wall TIME] >>> Coach.train takes 2.550080 seconds ...
[Epoch 299 Telemetry] Loss: 0.193006 | BPR: 0.141336 | CL: 5.166950 | VRAM: 168.58 MiB | 46947.2 samples/s | 2.53s
[Coach] >>> TRAIN @Epoch: 299 >>>  || LOSS Avg: 0.19301
[Wall TIME] >>> Coach.train takes 2.526196 seconds ...
[Epoch 300 Telemetry] Loss: 0.193067 | BPR: 0.141405 | CL: 5.166216 | VRAM: 168.12 MiB | 46952.7 samples/s | 2.52s
[Coach] >>> TRAIN @Epoch: 300 >>>  || LOSS Avg: 0.19307
[Wall TIME] >>> Coach.train takes 2.525838 seconds ...
[Coach] >>> VALID @Epoch: 300 >>>  || RECALL@1 Avg: 0.0125 || RECALL@10 Avg: 0.0636 || RECALL@20 Avg: 0.0989 || NDCG@10 Avg: 0.0342 || NDCG@20 Avg: 0.0432
[Wall TIME] >>> Coach.valid takes 0.499833 seconds ...
[Epoch 301 Telemetry] Loss: 0.192898 | BPR: 0.141235 | CL: 5.166346 | VRAM: 169.41 MiB | 47375.6 samples/s | 2.50s
[Coach] >>> TRAIN @Epoch: 301 >>>  || LOSS Avg: 0.19290
[Wall TIME] >>> Coach.train takes 2.503265 seconds ...
[Epoch 302 Telemetry] Loss: 0.192459 | BPR: 0.140788 | CL: 5.167059 | VRAM: 169.48 MiB | 41360.4 samples/s | 2.87s
[Coach] >>> TRAIN @Epoch: 302 >>>  || LOSS Avg: 0.19246
[Wall TIME] >>> Coach.train takes 2.867193 seconds ...
[Epoch 303 Telemetry] Loss: 0.192997 | BPR: 0.141335 | CL: 5.166245 | VRAM: 168.86 MiB | 47456.8 samples/s | 2.50s
[Coach] >>> TRAIN @Epoch: 303 >>>  || LOSS Avg: 0.19300
[Wall TIME] >>> Coach.train takes 2.499073 seconds ...
[Epoch 304 Telemetry] Loss: 0.193126 | BPR: 0.141451 | CL: 5.167473 | VRAM: 169.04 MiB | 47389.7 samples/s | 2.50s
[Coach] >>> TRAIN @Epoch: 304 >>>  || LOSS Avg: 0.19313
[Wall TIME] >>> Coach.train takes 2.502495 seconds ...
[Epoch 305 Telemetry] Loss: 0.192647 | BPR: 0.140987 | CL: 5.166023 | VRAM: 168.89 MiB | 47741.6 samples/s | 2.48s
[Coach] >>> TRAIN @Epoch: 305 >>>  || LOSS Avg: 0.19265
[Wall TIME] >>> Coach.train takes 2.484056 seconds ...
[Coach] >>> VALID @Epoch: 305 >>>  || RECALL@1 Avg: 0.0126 || RECALL@10 Avg: 0.0636 || RECALL@20 Avg: 0.0990 || NDCG@10 Avg: 0.0343 || NDCG@20 Avg: 0.0433
[Wall TIME] >>> Coach.valid takes 0.507122 seconds ...
[Epoch 306 Telemetry] Loss: 0.193013 | BPR: 0.141343 | CL: 5.167019 | VRAM: 168.06 MiB | 41245.8 samples/s | 2.87s
[Coach] >>> TRAIN @Epoch: 306 >>>  || LOSS Avg: 0.19301
[Wall TIME] >>> Coach.train takes 2.875145 seconds ...
[Epoch 307 Telemetry] Loss: 0.192590 | BPR: 0.140927 | CL: 5.166311 | VRAM: 168.42 MiB | 46853.8 samples/s | 2.53s
[Coach] >>> TRAIN @Epoch: 307 >>>  || LOSS Avg: 0.19259
[Wall TIME] >>> Coach.train takes 2.531161 seconds ...
[Epoch 308 Telemetry] Loss: 0.192520 | BPR: 0.140861 | CL: 5.165829 | VRAM: 168.15 MiB | 47434.4 samples/s | 2.50s
[Coach] >>> TRAIN @Epoch: 308 >>>  || LOSS Avg: 0.19252
[Wall TIME] >>> Coach.train takes 2.500205 seconds ...
[Epoch 309 Telemetry] Loss: 0.192413 | BPR: 0.140753 | CL: 5.165945 | VRAM: 168.26 MiB | 46859.0 samples/s | 2.53s
[Coach] >>> TRAIN @Epoch: 309 >>>  || LOSS Avg: 0.19241
[Wall TIME] >>> Coach.train takes 2.530876 seconds ...
[Epoch 310 Telemetry] Loss: 0.192875 | BPR: 0.141206 | CL: 5.166885 | VRAM: 168.35 MiB | 42078.0 samples/s | 2.82s
[Coach] >>> TRAIN @Epoch: 310 >>>  || LOSS Avg: 0.19287
[Wall TIME] >>> Coach.train takes 2.818388 seconds ...
[Coach] >>> VALID @Epoch: 310 >>>  || RECALL@1 Avg: 0.0125 || RECALL@10 Avg: 0.0633 || RECALL@20 Avg: 0.0979 || NDCG@10 Avg: 0.0341 || NDCG@20 Avg: 0.0429
[Wall TIME] >>> Coach.valid takes 0.501350 seconds ...
[Epoch 311 Telemetry] Loss: 0.192756 | BPR: 0.141107 | CL: 5.164907 | VRAM: 168.93 MiB | 47550.2 samples/s | 2.49s
[Coach] >>> TRAIN @Epoch: 311 >>>  || LOSS Avg: 0.19276
[Wall TIME] >>> Coach.train takes 2.494205 seconds ...
[Epoch 312 Telemetry] Loss: 0.192260 | BPR: 0.140605 | CL: 5.165499 | VRAM: 169.44 MiB | 47554.5 samples/s | 2.49s
[Coach] >>> TRAIN @Epoch: 312 >>>  || LOSS Avg: 0.19226
[Wall TIME] >>> Coach.train takes 2.493839 seconds ...
[Epoch 313 Telemetry] Loss: 0.191930 | BPR: 0.140277 | CL: 5.165279 | VRAM: 168.60 MiB | 46710.9 samples/s | 2.54s
[Coach] >>> TRAIN @Epoch: 313 >>>  || LOSS Avg: 0.19193
[Wall TIME] >>> Coach.train takes 2.538936 seconds ...
[Epoch 314 Telemetry] Loss: 0.192203 | BPR: 0.140545 | CL: 5.165740 | VRAM: 169.27 MiB | 41539.5 samples/s | 2.85s
[Coach] >>> TRAIN @Epoch: 314 >>>  || LOSS Avg: 0.19220
[Wall TIME] >>> Coach.train takes 2.854847 seconds ...
[Epoch 315 Telemetry] Loss: 0.192195 | BPR: 0.140540 | CL: 5.165533 | VRAM: 169.19 MiB | 47145.1 samples/s | 2.51s
[Coach] >>> TRAIN @Epoch: 315 >>>  || LOSS Avg: 0.19219
[Wall TIME] >>> Coach.train takes 2.515491 seconds ...
[Coach] >>> VALID @Epoch: 315 >>>  || RECALL@1 Avg: 0.0127 || RECALL@10 Avg: 0.0642 || RECALL@20 Avg: 0.0986 || NDCG@10 Avg: 0.0345 || NDCG@20 Avg: 0.0432
[Wall TIME] >>> Coach.valid takes 0.502119 seconds ...
[Epoch 316 Telemetry] Loss: 0.192718 | BPR: 0.141058 | CL: 5.165950 | VRAM: 168.46 MiB | 47769.6 samples/s | 2.48s
[Coach] >>> TRAIN @Epoch: 316 >>>  || LOSS Avg: 0.19272
[Wall TIME] >>> Coach.train takes 2.482596 seconds ...
[Epoch 317 Telemetry] Loss: 0.192252 | BPR: 0.140594 | CL: 5.165807 | VRAM: 168.17 MiB | 46617.8 samples/s | 2.54s
[Coach] >>> TRAIN @Epoch: 317 >>>  || LOSS Avg: 0.19225
[Wall TIME] >>> Coach.train takes 2.543953 seconds ...
[Epoch 318 Telemetry] Loss: 0.192450 | BPR: 0.140801 | CL: 5.164951 | VRAM: 168.18 MiB | 41461.5 samples/s | 2.86s
[Coach] >>> TRAIN @Epoch: 318 >>>  || LOSS Avg: 0.19245
[Wall TIME] >>> Coach.train takes 2.860183 seconds ...
[Epoch 319 Telemetry] Loss: 0.192335 | BPR: 0.140674 | CL: 5.166062 | VRAM: 168.35 MiB | 47194.6 samples/s | 2.51s
[Coach] >>> TRAIN @Epoch: 319 >>>  || LOSS Avg: 0.19234
[Wall TIME] >>> Coach.train takes 2.512817 seconds ...
[Epoch 320 Telemetry] Loss: 0.192494 | BPR: 0.140836 | CL: 5.165788 | VRAM: 168.25 MiB | 46910.1 samples/s | 2.53s
[Coach] >>> TRAIN @Epoch: 320 >>>  || LOSS Avg: 0.19249
[Wall TIME] >>> Coach.train takes 2.528140 seconds ...
[Coach] >>> VALID @Epoch: 320 >>>  || RECALL@1 Avg: 0.0128 || RECALL@10 Avg: 0.0640 || RECALL@20 Avg: 0.0985 || NDCG@10 Avg: 0.0344 || NDCG@20 Avg: 0.0432
[Wall TIME] >>> Coach.valid takes 0.519732 seconds ...
[Epoch 321 Telemetry] Loss: 0.192491 | BPR: 0.140849 | CL: 5.164251 | VRAM: 169.11 MiB | 47285.5 samples/s | 2.51s
[Coach] >>> TRAIN @Epoch: 321 >>>  || LOSS Avg: 0.19249
[Wall TIME] >>> Coach.train takes 2.508110 seconds ...
[Epoch 322 Telemetry] Loss: 0.192373 | BPR: 0.140718 | CL: 5.165569 | VRAM: 169.26 MiB | 41056.1 samples/s | 2.89s
[Coach] >>> TRAIN @Epoch: 322 >>>  || LOSS Avg: 0.19237
[Wall TIME] >>> Coach.train takes 2.888508 seconds ...
[Epoch 323 Telemetry] Loss: 0.192190 | BPR: 0.140540 | CL: 5.165021 | VRAM: 169.01 MiB | 46885.7 samples/s | 2.53s
[Coach] >>> TRAIN @Epoch: 323 >>>  || LOSS Avg: 0.19219
[Wall TIME] >>> Coach.train takes 2.529397 seconds ...
[Epoch 324 Telemetry] Loss: 0.192256 | BPR: 0.140613 | CL: 5.164310 | VRAM: 169.53 MiB | 46602.7 samples/s | 2.54s
[Coach] >>> TRAIN @Epoch: 324 >>>  || LOSS Avg: 0.19226
[Wall TIME] >>> Coach.train takes 2.544834 seconds ...
[Epoch 325 Telemetry] Loss: 0.191949 | BPR: 0.140301 | CL: 5.164779 | VRAM: 168.90 MiB | 46440.3 samples/s | 2.55s
[Coach] >>> TRAIN @Epoch: 325 >>>  || LOSS Avg: 0.19195
[Wall TIME] >>> Coach.train takes 2.553771 seconds ...
[Coach] >>> VALID @Epoch: 325 >>>  || RECALL@1 Avg: 0.0127 || RECALL@10 Avg: 0.0636 || RECALL@20 Avg: 0.0995 || NDCG@10 Avg: 0.0342 || NDCG@20 Avg: 0.0433
[Wall TIME] >>> Coach.valid takes 0.503714 seconds ...
[Epoch 326 Telemetry] Loss: 0.191725 | BPR: 0.140086 | CL: 5.163872 | VRAM: 168.23 MiB | 41175.0 samples/s | 2.88s
[Coach] >>> TRAIN @Epoch: 326 >>>  || LOSS Avg: 0.19172
[Wall TIME] >>> Coach.train takes 2.880068 seconds ...
[Epoch 327 Telemetry] Loss: 0.192048 | BPR: 0.140406 | CL: 5.164107 | VRAM: 168.15 MiB | 47314.6 samples/s | 2.51s
[Coach] >>> TRAIN @Epoch: 327 >>>  || LOSS Avg: 0.19205
[Wall TIME] >>> Coach.train takes 2.506474 seconds ...
[Epoch 328 Telemetry] Loss: 0.191705 | BPR: 0.140061 | CL: 5.164381 | VRAM: 168.09 MiB | 46645.9 samples/s | 2.54s
[Coach] >>> TRAIN @Epoch: 328 >>>  || LOSS Avg: 0.19170
[Wall TIME] >>> Coach.train takes 2.542485 seconds ...
[Epoch 329 Telemetry] Loss: 0.192255 | BPR: 0.140609 | CL: 5.164615 | VRAM: 168.10 MiB | 47426.4 samples/s | 2.50s
[Coach] >>> TRAIN @Epoch: 329 >>>  || LOSS Avg: 0.19226
[Wall TIME] >>> Coach.train takes 2.500756 seconds ...
[Epoch 330 Telemetry] Loss: 0.192258 | BPR: 0.140621 | CL: 5.163700 | VRAM: 168.23 MiB | 41488.8 samples/s | 2.86s
[Coach] >>> TRAIN @Epoch: 330 >>>  || LOSS Avg: 0.19226
[Wall TIME] >>> Coach.train takes 2.858312 seconds ...
[Coach] >>> VALID @Epoch: 330 >>>  || RECALL@1 Avg: 0.0125 || RECALL@10 Avg: 0.0630 || RECALL@20 Avg: 0.0998 || NDCG@10 Avg: 0.0340 || NDCG@20 Avg: 0.0433
[Wall TIME] >>> Coach.valid takes 0.500744 seconds ...
[Epoch 331 Telemetry] Loss: 0.191796 | BPR: 0.140157 | CL: 5.163848 | VRAM: 168.93 MiB | 46232.8 samples/s | 2.56s
[Coach] >>> TRAIN @Epoch: 331 >>>  || LOSS Avg: 0.19180
[Wall TIME] >>> Coach.train takes 2.565149 seconds ...
[Epoch 332 Telemetry] Loss: 0.191563 | BPR: 0.139919 | CL: 5.164396 | VRAM: 169.17 MiB | 46937.3 samples/s | 2.53s
[Coach] >>> TRAIN @Epoch: 332 >>>  || LOSS Avg: 0.19156
[Wall TIME] >>> Coach.train takes 2.526728 seconds ...
[Epoch 333 Telemetry] Loss: 0.191969 | BPR: 0.140340 | CL: 5.162928 | VRAM: 169.01 MiB | 47549.3 samples/s | 2.49s
[Coach] >>> TRAIN @Epoch: 333 >>>  || LOSS Avg: 0.19197
[Wall TIME] >>> Coach.train takes 2.494209 seconds ...
[Epoch 334 Telemetry] Loss: 0.191275 | BPR: 0.139646 | CL: 5.162843 | VRAM: 169.07 MiB | 47057.6 samples/s | 2.52s
[Coach] >>> TRAIN @Epoch: 334 >>>  || LOSS Avg: 0.19127
[Wall TIME] >>> Coach.train takes 2.520208 seconds ...
[Epoch 335 Telemetry] Loss: 0.191814 | BPR: 0.140179 | CL: 5.163521 | VRAM: 169.15 MiB | 40788.5 samples/s | 2.91s
[Coach] >>> TRAIN @Epoch: 335 >>>  || LOSS Avg: 0.19181
[Wall TIME] >>> Coach.train takes 2.907462 seconds ...
[Coach] >>> VALID @Epoch: 335 >>>  || RECALL@1 Avg: 0.0125 || RECALL@10 Avg: 0.0632 || RECALL@20 Avg: 0.0999 || NDCG@10 Avg: 0.0340 || NDCG@20 Avg: 0.0433
[Wall TIME] >>> Coach.valid takes 0.509511 seconds ...
[Epoch 336 Telemetry] Loss: 0.191328 | BPR: 0.139704 | CL: 5.162405 | VRAM: 168.37 MiB | 47222.0 samples/s | 2.51s
[Coach] >>> TRAIN @Epoch: 336 >>>  || LOSS Avg: 0.19133
[Wall TIME] >>> Coach.train takes 2.511356 seconds ...
[Epoch 337 Telemetry] Loss: 0.191681 | BPR: 0.140057 | CL: 5.162415 | VRAM: 168.56 MiB | 47190.4 samples/s | 2.51s
[Coach] >>> TRAIN @Epoch: 337 >>>  || LOSS Avg: 0.19168
[Wall TIME] >>> Coach.train takes 2.513108 seconds ...
[Epoch 338 Telemetry] Loss: 0.191802 | BPR: 0.140183 | CL: 5.161859 | VRAM: 168.38 MiB | 41473.2 samples/s | 2.86s
[Coach] >>> TRAIN @Epoch: 338 >>>  || LOSS Avg: 0.19180
[Wall TIME] >>> Coach.train takes 2.859442 seconds ...
[Epoch 339 Telemetry] Loss: 0.192182 | BPR: 0.140566 | CL: 5.161579 | VRAM: 167.86 MiB | 46807.0 samples/s | 2.53s
[Coach] >>> TRAIN @Epoch: 339 >>>  || LOSS Avg: 0.19218
[Wall TIME] >>> Coach.train takes 2.533735 seconds ...
[Epoch 340 Telemetry] Loss: 0.191427 | BPR: 0.139802 | CL: 5.162539 | VRAM: 168.25 MiB | 47393.2 samples/s | 2.50s
[Coach] >>> TRAIN @Epoch: 340 >>>  || LOSS Avg: 0.19143
[Wall TIME] >>> Coach.train takes 2.502372 seconds ...
[Coach] >>> VALID @Epoch: 340 >>>  || RECALL@1 Avg: 0.0125 || RECALL@10 Avg: 0.0638 || RECALL@20 Avg: 0.0996 || NDCG@10 Avg: 0.0342 || NDCG@20 Avg: 0.0433
[Wall TIME] >>> Coach.valid takes 0.500802 seconds ...
[Epoch 341 Telemetry] Loss: 0.191485 | BPR: 0.139854 | CL: 5.163039 | VRAM: 168.94 MiB | 47009.6 samples/s | 2.52s
[Coach] >>> TRAIN @Epoch: 341 >>>  || LOSS Avg: 0.19148
[Wall TIME] >>> Coach.train takes 2.522912 seconds ...
[Epoch 342 Telemetry] Loss: 0.191864 | BPR: 0.140230 | CL: 5.163335 | VRAM: 169.33 MiB | 47436.8 samples/s | 2.50s
[Coach] >>> TRAIN @Epoch: 342 >>>  || LOSS Avg: 0.19186
[Wall TIME] >>> Coach.train takes 2.500139 seconds ...
[Epoch 343 Telemetry] Loss: 0.191704 | BPR: 0.140078 | CL: 5.162670 | VRAM: 169.08 MiB | 40862.1 samples/s | 2.90s
[Coach] >>> TRAIN @Epoch: 343 >>>  || LOSS Avg: 0.19170
[Wall TIME] >>> Coach.train takes 2.902181 seconds ...
[Epoch 344 Telemetry] Loss: 0.191607 | BPR: 0.139972 | CL: 5.163526 | VRAM: 168.83 MiB | 46423.9 samples/s | 2.55s
[Coach] >>> TRAIN @Epoch: 344 >>>  || LOSS Avg: 0.19161
[Wall TIME] >>> Coach.train takes 2.554520 seconds ...
[Epoch 345 Telemetry] Loss: 0.191650 | BPR: 0.140032 | CL: 5.161835 | VRAM: 168.64 MiB | 47170.6 samples/s | 2.51s
[Coach] >>> TRAIN @Epoch: 345 >>>  || LOSS Avg: 0.19165
[Wall TIME] >>> Coach.train takes 2.514175 seconds ...
[Coach] >>> VALID @Epoch: 345 >>>  || RECALL@1 Avg: 0.0124 || RECALL@10 Avg: 0.0636 || RECALL@20 Avg: 0.0995 || NDCG@10 Avg: 0.0341 || NDCG@20 Avg: 0.0432
[Wall TIME] >>> Coach.valid takes 0.503561 seconds ...
[Epoch 346 Telemetry] Loss: 0.191658 | BPR: 0.140040 | CL: 5.161806 | VRAM: 168.33 MiB | 47031.2 samples/s | 2.52s
[Coach] >>> TRAIN @Epoch: 346 >>>  || LOSS Avg: 0.19166
[Wall TIME] >>> Coach.train takes 2.521511 seconds ...
[Epoch 347 Telemetry] Loss: 0.190889 | BPR: 0.139263 | CL: 5.162566 | VRAM: 168.25 MiB | 41557.7 samples/s | 2.85s
[Coach] >>> TRAIN @Epoch: 347 >>>  || LOSS Avg: 0.19089
[Wall TIME] >>> Coach.train takes 2.853494 seconds ...
[Epoch 348 Telemetry] Loss: 0.190974 | BPR: 0.139337 | CL: 5.163651 | VRAM: 168.29 MiB | 47095.1 samples/s | 2.52s
[Coach] >>> TRAIN @Epoch: 348 >>>  || LOSS Avg: 0.19097
[Wall TIME] >>> Coach.train takes 2.518259 seconds ...
[Epoch 349 Telemetry] Loss: 0.191212 | BPR: 0.139588 | CL: 5.162389 | VRAM: 168.04 MiB | 47625.3 samples/s | 2.49s
[Coach] >>> TRAIN @Epoch: 349 >>>  || LOSS Avg: 0.19121
[Wall TIME] >>> Coach.train takes 2.490310 seconds ...
[Epoch 350 Telemetry] Loss: 0.191480 | BPR: 0.139852 | CL: 5.162777 | VRAM: 168.09 MiB | 47068.7 samples/s | 2.52s
[Coach] >>> TRAIN @Epoch: 350 >>>  || LOSS Avg: 0.19148
[Wall TIME] >>> Coach.train takes 2.519529 seconds ...
[Coach] >>> VALID @Epoch: 350 >>>  || RECALL@1 Avg: 0.0124 || RECALL@10 Avg: 0.0629 || RECALL@20 Avg: 0.1002 || NDCG@10 Avg: 0.0339 || NDCG@20 Avg: 0.0434
[Wall TIME] >>> Coach.valid takes 0.503707 seconds ...
[Epoch 351 Telemetry] Loss: 0.191755 | BPR: 0.140129 | CL: 5.162649 | VRAM: 168.86 MiB | 41558.3 samples/s | 2.85s
[Coach] >>> TRAIN @Epoch: 351 >>>  || LOSS Avg: 0.19176
[Wall TIME] >>> Coach.train takes 2.853461 seconds ...
[Epoch 352 Telemetry] Loss: 0.191384 | BPR: 0.139762 | CL: 5.162165 | VRAM: 169.00 MiB | 47638.3 samples/s | 2.49s
[Coach] >>> TRAIN @Epoch: 352 >>>  || LOSS Avg: 0.19138
[Wall TIME] >>> Coach.train takes 2.489559 seconds ...
[Epoch 353 Telemetry] Loss: 0.190867 | BPR: 0.139248 | CL: 5.161907 | VRAM: 168.96 MiB | 47376.1 samples/s | 2.50s
[Coach] >>> TRAIN @Epoch: 353 >>>  || LOSS Avg: 0.19087
[Wall TIME] >>> Coach.train takes 2.503241 seconds ...
[Epoch 354 Telemetry] Loss: 0.191773 | BPR: 0.140157 | CL: 5.161578 | VRAM: 169.04 MiB | 46879.6 samples/s | 2.53s
[Coach] >>> TRAIN @Epoch: 354 >>>  || LOSS Avg: 0.19177
[Wall TIME] >>> Coach.train takes 2.529792 seconds ...
[Epoch 355 Telemetry] Loss: 0.191166 | BPR: 0.139556 | CL: 5.161004 | VRAM: 169.08 MiB | 41964.0 samples/s | 2.83s
[Coach] >>> TRAIN @Epoch: 355 >>>  || LOSS Avg: 0.19117
[Wall TIME] >>> Coach.train takes 2.826070 seconds ...
[Coach] >>> VALID @Epoch: 355 >>>  || RECALL@1 Avg: 0.0125 || RECALL@10 Avg: 0.0637 || RECALL@20 Avg: 0.1002 || NDCG@10 Avg: 0.0342 || NDCG@20 Avg: 0.0435
[Wall TIME] >>> Coach.valid takes 0.496606 seconds ...
[Epoch 356 Telemetry] Loss: 0.191493 | BPR: 0.139871 | CL: 5.162242 | VRAM: 168.41 MiB | 46892.2 samples/s | 2.53s
[Coach] >>> TRAIN @Epoch: 356 >>>  || LOSS Avg: 0.19149
[Wall TIME] >>> Coach.train takes 2.529072 seconds ...
[Epoch 357 Telemetry] Loss: 0.191145 | BPR: 0.139521 | CL: 5.162399 | VRAM: 168.47 MiB | 46743.3 samples/s | 2.54s
[Coach] >>> TRAIN @Epoch: 357 >>>  || LOSS Avg: 0.19114
[Wall TIME] >>> Coach.train takes 2.537058 seconds ...
[Epoch 358 Telemetry] Loss: 0.191139 | BPR: 0.139523 | CL: 5.161552 | VRAM: 168.48 MiB | 47390.3 samples/s | 2.50s
[Coach] >>> TRAIN @Epoch: 358 >>>  || LOSS Avg: 0.19114
[Wall TIME] >>> Coach.train takes 2.502566 seconds ...
[Epoch 359 Telemetry] Loss: 0.191757 | BPR: 0.140144 | CL: 5.161313 | VRAM: 168.26 MiB | 41385.1 samples/s | 2.86s
[Coach] >>> TRAIN @Epoch: 359 >>>  || LOSS Avg: 0.19176
[Wall TIME] >>> Coach.train takes 2.865556 seconds ...
[Epoch 360 Telemetry] Loss: 0.191030 | BPR: 0.139414 | CL: 5.161578 | VRAM: 168.64 MiB | 47433.3 samples/s | 2.50s
[Coach] >>> TRAIN @Epoch: 360 >>>  || LOSS Avg: 0.19103
[Wall TIME] >>> Coach.train takes 2.500222 seconds ...
[Coach] >>> VALID @Epoch: 360 >>>  || RECALL@1 Avg: 0.0122 || RECALL@10 Avg: 0.0638 || RECALL@20 Avg: 0.0994 || NDCG@10 Avg: 0.0342 || NDCG@20 Avg: 0.0433
[Wall TIME] >>> Coach.valid takes 0.499021 seconds ...
[Epoch 361 Telemetry] Loss: 0.191517 | BPR: 0.139903 | CL: 5.161427 | VRAM: 168.93 MiB | 46634.9 samples/s | 2.54s
[Coach] >>> TRAIN @Epoch: 361 >>>  || LOSS Avg: 0.19152
[Wall TIME] >>> Coach.train takes 2.542938 seconds ...
[Epoch 362 Telemetry] Loss: 0.190516 | BPR: 0.138906 | CL: 5.161056 | VRAM: 169.05 MiB | 47285.1 samples/s | 2.51s
[Coach] >>> TRAIN @Epoch: 362 >>>  || LOSS Avg: 0.19052
[Wall TIME] >>> Coach.train takes 2.508160 seconds ...
[Epoch 363 Telemetry] Loss: 0.190764 | BPR: 0.139154 | CL: 5.161001 | VRAM: 169.04 MiB | 46928.9 samples/s | 2.53s
[Coach] >>> TRAIN @Epoch: 363 >>>  || LOSS Avg: 0.19076
[Wall TIME] >>> Coach.train takes 2.527159 seconds ...
[Epoch 364 Telemetry] Loss: 0.191718 | BPR: 0.140121 | CL: 5.159743 | VRAM: 169.07 MiB | 41471.3 samples/s | 2.86s
[Coach] >>> TRAIN @Epoch: 364 >>>  || LOSS Avg: 0.19172
[Wall TIME] >>> Coach.train takes 2.859607 seconds ...
[Epoch 365 Telemetry] Loss: 0.191293 | BPR: 0.139676 | CL: 5.161663 | VRAM: 169.19 MiB | 46719.4 samples/s | 2.54s
[Coach] >>> TRAIN @Epoch: 365 >>>  || LOSS Avg: 0.19129
[Wall TIME] >>> Coach.train takes 2.538371 seconds ...
[Coach] >>> VALID @Epoch: 365 >>>  || RECALL@1 Avg: 0.0122 || RECALL@10 Avg: 0.0640 || RECALL@20 Avg: 0.0989 || NDCG@10 Avg: 0.0343 || NDCG@20 Avg: 0.0432
[Wall TIME] >>> Coach.valid takes 0.499897 seconds ...
[Epoch 366 Telemetry] Loss: 0.190793 | BPR: 0.139179 | CL: 5.161370 | VRAM: 168.19 MiB | 47458.4 samples/s | 2.50s
[Coach] >>> TRAIN @Epoch: 366 >>>  || LOSS Avg: 0.19079
[Wall TIME] >>> Coach.train takes 2.499031 seconds ...
[Epoch 367 Telemetry] Loss: 0.190756 | BPR: 0.139157 | CL: 5.159877 | VRAM: 168.37 MiB | 47456.7 samples/s | 2.50s
[Coach] >>> TRAIN @Epoch: 367 >>>  || LOSS Avg: 0.19076
[Wall TIME] >>> Coach.train takes 2.499091 seconds ...
[Epoch 368 Telemetry] Loss: 0.190564 | BPR: 0.138961 | CL: 5.160301 | VRAM: 168.20 MiB | 40859.3 samples/s | 2.90s
[Coach] >>> TRAIN @Epoch: 368 >>>  || LOSS Avg: 0.19056
[Wall TIME] >>> Coach.train takes 2.902465 seconds ...
[Epoch 369 Telemetry] Loss: 0.191201 | BPR: 0.139602 | CL: 5.159867 | VRAM: 168.12 MiB | 46906.4 samples/s | 2.53s
[Coach] >>> TRAIN @Epoch: 369 >>>  || LOSS Avg: 0.19120
[Wall TIME] >>> Coach.train takes 2.528259 seconds ...
[Epoch 370 Telemetry] Loss: 0.191057 | BPR: 0.139442 | CL: 5.161520 | VRAM: 168.29 MiB | 46713.5 samples/s | 2.54s
[Coach] >>> TRAIN @Epoch: 370 >>>  || LOSS Avg: 0.19106
[Wall TIME] >>> Coach.train takes 2.538793 seconds ...
[Coach] >>> VALID @Epoch: 370 >>>  || RECALL@1 Avg: 0.0128 || RECALL@10 Avg: 0.0633 || RECALL@20 Avg: 0.0993 || NDCG@10 Avg: 0.0342 || NDCG@20 Avg: 0.0434
[Wall TIME] >>> Coach.valid takes 0.511227 seconds ...
[Epoch 371 Telemetry] Loss: 0.190932 | BPR: 0.139320 | CL: 5.161190 | VRAM: 169.04 MiB | 47070.7 samples/s | 2.52s
[Coach] >>> TRAIN @Epoch: 371 >>>  || LOSS Avg: 0.19093
[Wall TIME] >>> Coach.train takes 2.519442 seconds ...
[Epoch 372 Telemetry] Loss: 0.190658 | BPR: 0.139051 | CL: 5.160710 | VRAM: 168.79 MiB | 40741.8 samples/s | 2.91s
[Coach] >>> TRAIN @Epoch: 372 >>>  || LOSS Avg: 0.19066
[Wall TIME] >>> Coach.train takes 2.910669 seconds ...
[Epoch 373 Telemetry] Loss: 0.190288 | BPR: 0.138691 | CL: 5.159714 | VRAM: 169.16 MiB | 47030.3 samples/s | 2.52s
[Coach] >>> TRAIN @Epoch: 373 >>>  || LOSS Avg: 0.19029
[Wall TIME] >>> Coach.train takes 2.521546 seconds ...
[Epoch 374 Telemetry] Loss: 0.190812 | BPR: 0.139209 | CL: 5.160252 | VRAM: 168.76 MiB | 47132.6 samples/s | 2.52s
[Coach] >>> TRAIN @Epoch: 374 >>>  || LOSS Avg: 0.19081
[Wall TIME] >>> Coach.train takes 2.516251 seconds ...
[Epoch 375 Telemetry] Loss: 0.191219 | BPR: 0.139615 | CL: 5.160421 | VRAM: 169.08 MiB | 47170.8 samples/s | 2.51s
[Coach] >>> TRAIN @Epoch: 375 >>>  || LOSS Avg: 0.19122
[Wall TIME] >>> Coach.train takes 2.514086 seconds ...
[Coach] >>> VALID @Epoch: 375 >>>  || RECALL@1 Avg: 0.0127 || RECALL@10 Avg: 0.0628 || RECALL@20 Avg: 0.0998 || NDCG@10 Avg: 0.0340 || NDCG@20 Avg: 0.0435
[Wall TIME] >>> Coach.valid takes 0.505769 seconds ...
[Epoch 376 Telemetry] Loss: 0.190330 | BPR: 0.138729 | CL: 5.160160 | VRAM: 168.11 MiB | 40794.8 samples/s | 2.91s
[Coach] >>> TRAIN @Epoch: 376 >>>  || LOSS Avg: 0.19033
[Wall TIME] >>> Coach.train takes 2.907018 seconds ...
[Epoch 377 Telemetry] Loss: 0.191146 | BPR: 0.139544 | CL: 5.160211 | VRAM: 168.23 MiB | 46912.4 samples/s | 2.53s
[Coach] >>> TRAIN @Epoch: 377 >>>  || LOSS Avg: 0.19115
[Wall TIME] >>> Coach.train takes 2.528008 seconds ...
[Epoch 378 Telemetry] Loss: 0.190751 | BPR: 0.139150 | CL: 5.160110 | VRAM: 168.46 MiB | 46760.3 samples/s | 2.54s
[Coach] >>> TRAIN @Epoch: 378 >>>  || LOSS Avg: 0.19075
[Wall TIME] >>> Coach.train takes 2.536280 seconds ...
[Epoch 379 Telemetry] Loss: 0.190775 | BPR: 0.139170 | CL: 5.160555 | VRAM: 168.15 MiB | 46422.3 samples/s | 2.55s
[Coach] >>> TRAIN @Epoch: 379 >>>  || LOSS Avg: 0.19078
[Wall TIME] >>> Coach.train takes 2.554768 seconds ...
[Epoch 380 Telemetry] Loss: 0.190275 | BPR: 0.138677 | CL: 5.159773 | VRAM: 168.26 MiB | 45921.0 samples/s | 2.58s
[Coach] >>> TRAIN @Epoch: 380 >>>  || LOSS Avg: 0.19028
[Wall TIME] >>> Coach.train takes 2.582579 seconds ...
[Coach] >>> Better ***NDCG@20*** of ***0.0437*** 
[Coach] >>> VALID @Epoch: 380 >>>  || RECALL@1 Avg: 0.0131 || RECALL@10 Avg: 0.0629 || RECALL@20 Avg: 0.1007 || NDCG@10 Avg: 0.0341 || NDCG@20 Avg: 0.0437
[Wall TIME] >>> Coach.valid takes 0.536635 seconds ...
[Epoch 381 Telemetry] Loss: 0.190268 | BPR: 0.138672 | CL: 5.159605 | VRAM: 168.71 MiB | 41439.3 samples/s | 2.86s
[Coach] >>> TRAIN @Epoch: 381 >>>  || LOSS Avg: 0.19027
[Wall TIME] >>> Coach.train takes 2.862008 seconds ...
[Epoch 382 Telemetry] Loss: 0.191090 | BPR: 0.139482 | CL: 5.160778 | VRAM: 168.98 MiB | 47181.4 samples/s | 2.51s
[Coach] >>> TRAIN @Epoch: 382 >>>  || LOSS Avg: 0.19109
[Wall TIME] >>> Coach.train takes 2.513581 seconds ...
[Epoch 383 Telemetry] Loss: 0.189810 | BPR: 0.138216 | CL: 5.159389 | VRAM: 169.00 MiB | 46933.0 samples/s | 2.53s
[Coach] >>> TRAIN @Epoch: 383 >>>  || LOSS Avg: 0.18981
[Wall TIME] >>> Coach.train takes 2.526949 seconds ...
[Epoch 384 Telemetry] Loss: 0.190432 | BPR: 0.138841 | CL: 5.159144 | VRAM: 169.19 MiB | 40979.0 samples/s | 2.89s
[Coach] >>> TRAIN @Epoch: 384 >>>  || LOSS Avg: 0.19043
[Wall TIME] >>> Coach.train takes 2.893908 seconds ...
[Epoch 385 Telemetry] Loss: 0.190616 | BPR: 0.139024 | CL: 5.159227 | VRAM: 169.08 MiB | 46706.6 samples/s | 2.54s
[Coach] >>> TRAIN @Epoch: 385 >>>  || LOSS Avg: 0.19062
[Wall TIME] >>> Coach.train takes 2.539158 seconds ...
[Coach] >>> VALID @Epoch: 385 >>>  || RECALL@1 Avg: 0.0130 || RECALL@10 Avg: 0.0631 || RECALL@20 Avg: 0.0995 || NDCG@10 Avg: 0.0343 || NDCG@20 Avg: 0.0435
[Wall TIME] >>> Coach.valid takes 0.511174 seconds ...
[Epoch 386 Telemetry] Loss: 0.190402 | BPR: 0.138817 | CL: 5.158536 | VRAM: 168.44 MiB | 46716.3 samples/s | 2.54s
[Coach] >>> TRAIN @Epoch: 386 >>>  || LOSS Avg: 0.19040
[Wall TIME] >>> Coach.train takes 2.538714 seconds ...
[Epoch 387 Telemetry] Loss: 0.189980 | BPR: 0.138381 | CL: 5.159862 | VRAM: 168.06 MiB | 46404.0 samples/s | 2.55s
[Coach] >>> TRAIN @Epoch: 387 >>>  || LOSS Avg: 0.18998
[Wall TIME] >>> Coach.train takes 2.555680 seconds ...
[Epoch 388 Telemetry] Loss: 0.190314 | BPR: 0.138723 | CL: 5.159091 | VRAM: 168.20 MiB | 47014.2 samples/s | 2.52s
[Coach] >>> TRAIN @Epoch: 388 >>>  || LOSS Avg: 0.19031
[Wall TIME] >>> Coach.train takes 2.522619 seconds ...
[Epoch 389 Telemetry] Loss: 0.190128 | BPR: 0.138541 | CL: 5.158738 | VRAM: 168.16 MiB | 41441.5 samples/s | 2.86s
[Coach] >>> TRAIN @Epoch: 389 >>>  || LOSS Avg: 0.19013
[Wall TIME] >>> Coach.train takes 2.861664 seconds ...
[Epoch 390 Telemetry] Loss: 0.190713 | BPR: 0.139130 | CL: 5.158327 | VRAM: 168.06 MiB | 47089.1 samples/s | 2.52s
[Coach] >>> TRAIN @Epoch: 390 >>>  || LOSS Avg: 0.19071
[Wall TIME] >>> Coach.train takes 2.518898 seconds ...
[Coach] >>> VALID @Epoch: 390 >>>  || RECALL@1 Avg: 0.0128 || RECALL@10 Avg: 0.0630 || RECALL@20 Avg: 0.0997 || NDCG@10 Avg: 0.0341 || NDCG@20 Avg: 0.0434
[Wall TIME] >>> Coach.valid takes 0.510471 seconds ...
[Epoch 391 Telemetry] Loss: 0.190299 | BPR: 0.138707 | CL: 5.159254 | VRAM: 168.83 MiB | 47130.1 samples/s | 2.52s
[Coach] >>> TRAIN @Epoch: 391 >>>  || LOSS Avg: 0.19030
[Wall TIME] >>> Coach.train takes 2.516391 seconds ...
[Epoch 392 Telemetry] Loss: 0.190068 | BPR: 0.138473 | CL: 5.159477 | VRAM: 168.83 MiB | 46789.4 samples/s | 2.53s
[Coach] >>> TRAIN @Epoch: 392 >>>  || LOSS Avg: 0.19007
[Wall TIME] >>> Coach.train takes 2.534719 seconds ...
[Epoch 393 Telemetry] Loss: 0.190529 | BPR: 0.138938 | CL: 5.159109 | VRAM: 168.75 MiB | 41501.3 samples/s | 2.86s
[Coach] >>> TRAIN @Epoch: 393 >>>  || LOSS Avg: 0.19053
[Wall TIME] >>> Coach.train takes 2.857544 seconds ...
[Epoch 394 Telemetry] Loss: 0.189896 | BPR: 0.138293 | CL: 5.160237 | VRAM: 168.87 MiB | 46715.8 samples/s | 2.54s
[Coach] >>> TRAIN @Epoch: 394 >>>  || LOSS Avg: 0.18990
[Wall TIME] >>> Coach.train takes 2.538732 seconds ...
[Epoch 395 Telemetry] Loss: 0.190084 | BPR: 0.138488 | CL: 5.159691 | VRAM: 169.00 MiB | 47654.2 samples/s | 2.49s
[Coach] >>> TRAIN @Epoch: 395 >>>  || LOSS Avg: 0.19008
[Wall TIME] >>> Coach.train takes 2.488612 seconds ...
[Coach] >>> VALID @Epoch: 395 >>>  || RECALL@1 Avg: 0.0128 || RECALL@10 Avg: 0.0627 || RECALL@20 Avg: 0.1002 || NDCG@10 Avg: 0.0339 || NDCG@20 Avg: 0.0434
[Wall TIME] >>> Coach.valid takes 0.500169 seconds ...
[Epoch 396 Telemetry] Loss: 0.190298 | BPR: 0.138718 | CL: 5.157992 | VRAM: 168.38 MiB | 47555.8 samples/s | 2.49s
[Coach] >>> TRAIN @Epoch: 396 >>>  || LOSS Avg: 0.19030
[Wall TIME] >>> Coach.train takes 2.493791 seconds ...
[Epoch 397 Telemetry] Loss: 0.190659 | BPR: 0.139069 | CL: 5.158934 | VRAM: 168.24 MiB | 41983.4 samples/s | 2.82s
[Coach] >>> TRAIN @Epoch: 397 >>>  || LOSS Avg: 0.19066
[Wall TIME] >>> Coach.train takes 2.824581 seconds ...
[Epoch 398 Telemetry] Loss: 0.189740 | BPR: 0.138156 | CL: 5.158430 | VRAM: 168.15 MiB | 47371.7 samples/s | 2.50s
[Coach] >>> TRAIN @Epoch: 398 >>>  || LOSS Avg: 0.18974
[Wall TIME] >>> Coach.train takes 2.503500 seconds ...
[Epoch 399 Telemetry] Loss: 0.190044 | BPR: 0.138449 | CL: 5.159513 | VRAM: 168.16 MiB | 47676.0 samples/s | 2.49s
[Coach] >>> TRAIN @Epoch: 399 >>>  || LOSS Avg: 0.19004
[Wall TIME] >>> Coach.train takes 2.487445 seconds ...
[Epoch 400 Telemetry] Loss: 0.190534 | BPR: 0.138949 | CL: 5.158472 | VRAM: 168.39 MiB | 47863.8 samples/s | 2.48s
[Coach] >>> TRAIN @Epoch: 400 >>>  || LOSS Avg: 0.19053
[Wall TIME] >>> Coach.train takes 2.477746 seconds ...
[Coach] >>> VALID @Epoch: 400 >>>  || RECALL@1 Avg: 0.0126 || RECALL@10 Avg: 0.0629 || RECALL@20 Avg: 0.1001 || NDCG@10 Avg: 0.0339 || NDCG@20 Avg: 0.0433
[Wall TIME] >>> Coach.valid takes 0.501253 seconds ...
[Epoch 401 Telemetry] Loss: 0.190626 | BPR: 0.139045 | CL: 5.158085 | VRAM: 168.52 MiB | 47420.3 samples/s | 2.50s
[Coach] >>> TRAIN @Epoch: 401 >>>  || LOSS Avg: 0.19063
[Wall TIME] >>> Coach.train takes 2.500952 seconds ...
[Epoch 402 Telemetry] Loss: 0.190497 | BPR: 0.138903 | CL: 5.159334 | VRAM: 168.68 MiB | 41266.3 samples/s | 2.87s
[Coach] >>> TRAIN @Epoch: 402 >>>  || LOSS Avg: 0.19050
[Wall TIME] >>> Coach.train takes 2.873721 seconds ...
[Epoch 403 Telemetry] Loss: 0.190601 | BPR: 0.139024 | CL: 5.157734 | VRAM: 169.11 MiB | 47585.0 samples/s | 2.49s
[Coach] >>> TRAIN @Epoch: 403 >>>  || LOSS Avg: 0.19060
[Wall TIME] >>> Coach.train takes 2.492296 seconds ...
[Epoch 404 Telemetry] Loss: 0.190128 | BPR: 0.138531 | CL: 5.159710 | VRAM: 168.93 MiB | 47085.0 samples/s | 2.52s
[Coach] >>> TRAIN @Epoch: 404 >>>  || LOSS Avg: 0.19013
[Wall TIME] >>> Coach.train takes 2.518800 seconds ...
[Epoch 405 Telemetry] Loss: 0.190474 | BPR: 0.138890 | CL: 5.158457 | VRAM: 168.93 MiB | 46743.0 samples/s | 2.54s
[Coach] >>> TRAIN @Epoch: 405 >>>  || LOSS Avg: 0.19047
[Wall TIME] >>> Coach.train takes 2.537043 seconds ...
[Coach] >>> VALID @Epoch: 405 >>>  || RECALL@1 Avg: 0.0128 || RECALL@10 Avg: 0.0626 || RECALL@20 Avg: 0.0994 || NDCG@10 Avg: 0.0340 || NDCG@20 Avg: 0.0434
[Wall TIME] >>> Coach.valid takes 0.499011 seconds ...
[Epoch 406 Telemetry] Loss: 0.190595 | BPR: 0.139021 | CL: 5.157432 | VRAM: 168.39 MiB | 41547.8 samples/s | 2.85s
[Coach] >>> TRAIN @Epoch: 406 >>>  || LOSS Avg: 0.19060
[Wall TIME] >>> Coach.train takes 2.854120 seconds ...
[Epoch 407 Telemetry] Loss: 0.189978 | BPR: 0.138406 | CL: 5.157288 | VRAM: 168.02 MiB | 47026.9 samples/s | 2.52s
[Coach] >>> TRAIN @Epoch: 407 >>>  || LOSS Avg: 0.18998
[Wall TIME] >>> Coach.train takes 2.521803 seconds ...
[Epoch 408 Telemetry] Loss: 0.190103 | BPR: 0.138522 | CL: 5.158079 | VRAM: 168.19 MiB | 47533.9 samples/s | 2.49s
[Coach] >>> TRAIN @Epoch: 408 >>>  || LOSS Avg: 0.19010
[Wall TIME] >>> Coach.train takes 2.495094 seconds ...
[Epoch 409 Telemetry] Loss: 0.190019 | BPR: 0.138452 | CL: 5.156684 | VRAM: 168.12 MiB | 46612.6 samples/s | 2.54s
[Coach] >>> TRAIN @Epoch: 409 >>>  || LOSS Avg: 0.19002
[Wall TIME] >>> Coach.train takes 2.544271 seconds ...
[Epoch 410 Telemetry] Loss: 0.189966 | BPR: 0.138392 | CL: 5.157424 | VRAM: 168.16 MiB | 41422.5 samples/s | 2.86s
[Coach] >>> TRAIN @Epoch: 410 >>>  || LOSS Avg: 0.18997
[Wall TIME] >>> Coach.train takes 2.862943 seconds ...
[Coach] >>> VALID @Epoch: 410 >>>  || RECALL@1 Avg: 0.0128 || RECALL@10 Avg: 0.0634 || RECALL@20 Avg: 0.0991 || NDCG@10 Avg: 0.0341 || NDCG@20 Avg: 0.0432
[Wall TIME] >>> Coach.valid takes 0.498425 seconds ...
[Epoch 411 Telemetry] Loss: 0.190053 | BPR: 0.138478 | CL: 5.157440 | VRAM: 169.11 MiB | 47308.5 samples/s | 2.51s
[Coach] >>> TRAIN @Epoch: 411 >>>  || LOSS Avg: 0.19005
[Wall TIME] >>> Coach.train takes 2.506707 seconds ...
[Epoch 412 Telemetry] Loss: 0.190122 | BPR: 0.138546 | CL: 5.157616 | VRAM: 169.04 MiB | 46732.6 samples/s | 2.54s
[Coach] >>> TRAIN @Epoch: 412 >>>  || LOSS Avg: 0.19012
[Wall TIME] >>> Coach.train takes 2.537841 seconds ...
[Epoch 413 Telemetry] Loss: 0.190546 | BPR: 0.138974 | CL: 5.157271 | VRAM: 168.97 MiB | 46739.3 samples/s | 2.54s
[Coach] >>> TRAIN @Epoch: 413 >>>  || LOSS Avg: 0.19055
[Wall TIME] >>> Coach.train takes 2.537277 seconds ...
[Epoch 414 Telemetry] Loss: 0.189835 | BPR: 0.138260 | CL: 5.157407 | VRAM: 168.85 MiB | 41591.7 samples/s | 2.85s
[Coach] >>> TRAIN @Epoch: 414 >>>  || LOSS Avg: 0.18983
[Wall TIME] >>> Coach.train takes 2.851238 seconds ...
[Epoch 415 Telemetry] Loss: 0.190205 | BPR: 0.138630 | CL: 5.157531 | VRAM: 168.96 MiB | 47131.1 samples/s | 2.52s
[Coach] >>> TRAIN @Epoch: 415 >>>  || LOSS Avg: 0.19021
[Wall TIME] >>> Coach.train takes 2.516327 seconds ...
[Coach] >>> Better ***NDCG@20*** of ***0.0438*** 
[Coach] >>> VALID @Epoch: 415 >>>  || RECALL@1 Avg: 0.0127 || RECALL@10 Avg: 0.0634 || RECALL@20 Avg: 0.1015 || NDCG@10 Avg: 0.0341 || NDCG@20 Avg: 0.0438
[Wall TIME] >>> Coach.valid takes 0.531878 seconds ...
[Epoch 416 Telemetry] Loss: 0.189384 | BPR: 0.137802 | CL: 5.158170 | VRAM: 168.10 MiB | 45992.0 samples/s | 2.58s
[Coach] >>> TRAIN @Epoch: 416 >>>  || LOSS Avg: 0.18938
[Wall TIME] >>> Coach.train takes 2.578475 seconds ...
[Epoch 417 Telemetry] Loss: 0.189789 | BPR: 0.138221 | CL: 5.156785 | VRAM: 168.26 MiB | 46974.2 samples/s | 2.52s
[Coach] >>> TRAIN @Epoch: 417 >>>  || LOSS Avg: 0.18979
[Wall TIME] >>> Coach.train takes 2.524595 seconds ...
[Epoch 418 Telemetry] Loss: 0.189930 | BPR: 0.138356 | CL: 5.157443 | VRAM: 168.23 MiB | 41759.6 samples/s | 2.84s
[Coach] >>> TRAIN @Epoch: 418 >>>  || LOSS Avg: 0.18993
[Wall TIME] >>> Coach.train takes 2.839830 seconds ...
[Epoch 419 Telemetry] Loss: 0.189690 | BPR: 0.138124 | CL: 5.156566 | VRAM: 168.13 MiB | 47324.6 samples/s | 2.51s
[Coach] >>> TRAIN @Epoch: 419 >>>  || LOSS Avg: 0.18969
[Wall TIME] >>> Coach.train takes 2.506125 seconds ...
[Epoch 420 Telemetry] Loss: 0.189737 | BPR: 0.138165 | CL: 5.157199 | VRAM: 168.15 MiB | 46668.3 samples/s | 2.54s
[Coach] >>> TRAIN @Epoch: 420 >>>  || LOSS Avg: 0.18974
[Wall TIME] >>> Coach.train takes 2.541209 seconds ...
[Coach] >>> VALID @Epoch: 420 >>>  || RECALL@1 Avg: 0.0134 || RECALL@10 Avg: 0.0632 || RECALL@20 Avg: 0.1004 || NDCG@10 Avg: 0.0343 || NDCG@20 Avg: 0.0437
[Wall TIME] >>> Coach.valid takes 0.501762 seconds ...
[Epoch 421 Telemetry] Loss: 0.190097 | BPR: 0.138523 | CL: 5.157431 | VRAM: 168.86 MiB | 47395.2 samples/s | 2.50s
[Coach] >>> TRAIN @Epoch: 421 >>>  || LOSS Avg: 0.19010
[Wall TIME] >>> Coach.train takes 2.502185 seconds ...
[Epoch 422 Telemetry] Loss: 0.189410 | BPR: 0.137839 | CL: 5.157140 | VRAM: 168.87 MiB | 41292.8 samples/s | 2.87s
[Coach] >>> TRAIN @Epoch: 422 >>>  || LOSS Avg: 0.18941
[Wall TIME] >>> Coach.train takes 2.872159 seconds ...
[Epoch 423 Telemetry] Loss: 0.189982 | BPR: 0.138411 | CL: 5.157106 | VRAM: 168.54 MiB | 46965.1 samples/s | 2.52s
[Coach] >>> TRAIN @Epoch: 423 >>>  || LOSS Avg: 0.18998
[Wall TIME] >>> Coach.train takes 2.524998 seconds ...
[Epoch 424 Telemetry] Loss: 0.189681 | BPR: 0.138111 | CL: 5.156978 | VRAM: 169.26 MiB | 46794.8 samples/s | 2.53s
[Coach] >>> TRAIN @Epoch: 424 >>>  || LOSS Avg: 0.18968
[Wall TIME] >>> Coach.train takes 2.534337 seconds ...
[Epoch 425 Telemetry] Loss: 0.189471 | BPR: 0.137912 | CL: 5.155886 | VRAM: 168.94 MiB | 47200.6 samples/s | 2.51s
[Coach] >>> TRAIN @Epoch: 425 >>>  || LOSS Avg: 0.18947
[Wall TIME] >>> Coach.train takes 2.512533 seconds ...
[Coach] >>> VALID @Epoch: 425 >>>  || RECALL@1 Avg: 0.0135 || RECALL@10 Avg: 0.0635 || RECALL@20 Avg: 0.0997 || NDCG@10 Avg: 0.0344 || NDCG@20 Avg: 0.0437
[Wall TIME] >>> Coach.valid takes 0.503885 seconds ...
[Epoch 426 Telemetry] Loss: 0.189737 | BPR: 0.138178 | CL: 5.155911 | VRAM: 168.28 MiB | 41463.6 samples/s | 2.86s
[Coach] >>> TRAIN @Epoch: 426 >>>  || LOSS Avg: 0.18974
[Wall TIME] >>> Coach.train takes 2.860070 seconds ...
[Epoch 427 Telemetry] Loss: 0.189771 | BPR: 0.138201 | CL: 5.156952 | VRAM: 168.18 MiB | 46492.1 samples/s | 2.55s
[Coach] >>> TRAIN @Epoch: 427 >>>  || LOSS Avg: 0.18977
[Wall TIME] >>> Coach.train takes 2.550819 seconds ...
[Epoch 428 Telemetry] Loss: 0.190004 | BPR: 0.138445 | CL: 5.155865 | VRAM: 168.34 MiB | 46819.5 samples/s | 2.53s
[Coach] >>> TRAIN @Epoch: 428 >>>  || LOSS Avg: 0.19000
[Wall TIME] >>> Coach.train takes 2.533094 seconds ...
[Epoch 429 Telemetry] Loss: 0.189531 | BPR: 0.137977 | CL: 5.155452 | VRAM: 168.25 MiB | 46928.5 samples/s | 2.53s
[Coach] >>> TRAIN @Epoch: 429 >>>  || LOSS Avg: 0.18953
[Wall TIME] >>> Coach.train takes 2.527210 seconds ...
[Epoch 430 Telemetry] Loss: 0.189455 | BPR: 0.137889 | CL: 5.156587 | VRAM: 168.45 MiB | 41354.9 samples/s | 2.87s
[Coach] >>> TRAIN @Epoch: 430 >>>  || LOSS Avg: 0.18945
[Wall TIME] >>> Coach.train takes 2.867652 seconds ...
[Coach] >>> Better ***NDCG@20*** of ***0.0438*** 
[Coach] >>> VALID @Epoch: 430 >>>  || RECALL@1 Avg: 0.0132 || RECALL@10 Avg: 0.0634 || RECALL@20 Avg: 0.1005 || NDCG@10 Avg: 0.0344 || NDCG@20 Avg: 0.0438
[Wall TIME] >>> Coach.valid takes 0.529377 seconds ...
[Epoch 431 Telemetry] Loss: 0.189467 | BPR: 0.137915 | CL: 5.155227 | VRAM: 168.93 MiB | 46460.5 samples/s | 2.55s
[Coach] >>> TRAIN @Epoch: 431 >>>  || LOSS Avg: 0.18947
[Wall TIME] >>> Coach.train takes 2.552594 seconds ...
[Epoch 432 Telemetry] Loss: 0.189707 | BPR: 0.138150 | CL: 5.155764 | VRAM: 169.15 MiB | 46981.4 samples/s | 2.52s
[Coach] >>> TRAIN @Epoch: 432 >>>  || LOSS Avg: 0.18971
[Wall TIME] >>> Coach.train takes 2.524434 seconds ...
[Epoch 433 Telemetry] Loss: 0.190099 | BPR: 0.138540 | CL: 5.155866 | VRAM: 169.15 MiB | 47056.5 samples/s | 2.52s
[Coach] >>> TRAIN @Epoch: 433 >>>  || LOSS Avg: 0.19010
[Wall TIME] >>> Coach.train takes 2.520156 seconds ...
[Epoch 434 Telemetry] Loss: 0.189446 | BPR: 0.137896 | CL: 5.154998 | VRAM: 169.08 MiB | 47138.5 samples/s | 2.51s
[Coach] >>> TRAIN @Epoch: 434 >>>  || LOSS Avg: 0.18945
[Wall TIME] >>> Coach.train takes 2.515866 seconds ...
[Epoch 435 Telemetry] Loss: 0.189465 | BPR: 0.137910 | CL: 5.155464 | VRAM: 169.15 MiB | 41269.6 samples/s | 2.87s
[Coach] >>> TRAIN @Epoch: 435 >>>  || LOSS Avg: 0.18946
[Wall TIME] >>> Coach.train takes 2.873469 seconds ...
[Coach] >>> VALID @Epoch: 435 >>>  || RECALL@1 Avg: 0.0130 || RECALL@10 Avg: 0.0628 || RECALL@20 Avg: 0.1002 || NDCG@10 Avg: 0.0343 || NDCG@20 Avg: 0.0438
[Wall TIME] >>> Coach.valid takes 0.515488 seconds ...
[Epoch 436 Telemetry] Loss: 0.189662 | BPR: 0.138105 | CL: 5.155715 | VRAM: 168.53 MiB | 46673.5 samples/s | 2.54s
[Coach] >>> TRAIN @Epoch: 436 >>>  || LOSS Avg: 0.18966
[Wall TIME] >>> Coach.train takes 2.541039 seconds ...
[Epoch 437 Telemetry] Loss: 0.189680 | BPR: 0.138115 | CL: 5.156488 | VRAM: 168.56 MiB | 47003.8 samples/s | 2.52s
[Coach] >>> TRAIN @Epoch: 437 >>>  || LOSS Avg: 0.18968
[Wall TIME] >>> Coach.train takes 2.523055 seconds ...
[Epoch 438 Telemetry] Loss: 0.189952 | BPR: 0.138401 | CL: 5.155147 | VRAM: 168.18 MiB | 41008.3 samples/s | 2.89s
[Coach] >>> TRAIN @Epoch: 438 >>>  || LOSS Avg: 0.18995
[Wall TIME] >>> Coach.train takes 2.891812 seconds ...
[Epoch 439 Telemetry] Loss: 0.190036 | BPR: 0.138498 | CL: 5.153814 | VRAM: 167.98 MiB | 46938.9 samples/s | 2.53s
[Coach] >>> TRAIN @Epoch: 439 >>>  || LOSS Avg: 0.19004
[Wall TIME] >>> Coach.train takes 2.526649 seconds ...
[Epoch 440 Telemetry] Loss: 0.190159 | BPR: 0.138611 | CL: 5.154827 | VRAM: 168.30 MiB | 46832.6 samples/s | 2.53s
[Coach] >>> TRAIN @Epoch: 440 >>>  || LOSS Avg: 0.19016
[Wall TIME] >>> Coach.train takes 2.532291 seconds ...
[Coach] >>> VALID @Epoch: 440 >>>  || RECALL@1 Avg: 0.0129 || RECALL@10 Avg: 0.0632 || RECALL@20 Avg: 0.1000 || NDCG@10 Avg: 0.0342 || NDCG@20 Avg: 0.0436
[Wall TIME] >>> Coach.valid takes 0.506004 seconds ...
[Epoch 441 Telemetry] Loss: 0.189633 | BPR: 0.138089 | CL: 5.154418 | VRAM: 169.04 MiB | 46601.8 samples/s | 2.54s
[Coach] >>> TRAIN @Epoch: 441 >>>  || LOSS Avg: 0.18963
[Wall TIME] >>> Coach.train takes 2.544705 seconds ...
[Epoch 442 Telemetry] Loss: 0.189474 | BPR: 0.137929 | CL: 5.154488 | VRAM: 168.90 MiB | 46598.3 samples/s | 2.54s
[Coach] >>> TRAIN @Epoch: 442 >>>  || LOSS Avg: 0.18947
[Wall TIME] >>> Coach.train takes 2.545038 seconds ...
[Epoch 443 Telemetry] Loss: 0.189445 | BPR: 0.137900 | CL: 5.154430 | VRAM: 169.12 MiB | 41920.9 samples/s | 2.83s
[Coach] >>> TRAIN @Epoch: 443 >>>  || LOSS Avg: 0.18944
[Wall TIME] >>> Coach.train takes 2.828923 seconds ...
[Epoch 444 Telemetry] Loss: 0.189026 | BPR: 0.137473 | CL: 5.155302 | VRAM: 169.34 MiB | 47754.7 samples/s | 2.48s
[Coach] >>> TRAIN @Epoch: 444 >>>  || LOSS Avg: 0.18903
[Wall TIME] >>> Coach.train takes 2.483314 seconds ...
[Epoch 445 Telemetry] Loss: 0.189286 | BPR: 0.137733 | CL: 5.155326 | VRAM: 169.12 MiB | 47513.0 samples/s | 2.50s
[Coach] >>> TRAIN @Epoch: 445 >>>  || LOSS Avg: 0.18929
[Wall TIME] >>> Coach.train takes 2.496063 seconds ...
[Coach] >>> VALID @Epoch: 445 >>>  || RECALL@1 Avg: 0.0128 || RECALL@10 Avg: 0.0629 || RECALL@20 Avg: 0.0998 || NDCG@10 Avg: 0.0341 || NDCG@20 Avg: 0.0435
[Wall TIME] >>> Coach.valid takes 0.499808 seconds ...
[Epoch 446 Telemetry] Loss: 0.189535 | BPR: 0.137984 | CL: 5.155132 | VRAM: 168.19 MiB | 46380.5 samples/s | 2.56s
[Coach] >>> TRAIN @Epoch: 446 >>>  || LOSS Avg: 0.18954
[Wall TIME] >>> Coach.train takes 2.557096 seconds ...
[Epoch 447 Telemetry] Loss: 0.189369 | BPR: 0.137817 | CL: 5.155267 | VRAM: 168.14 MiB | 41563.4 samples/s | 2.85s
[Coach] >>> TRAIN @Epoch: 447 >>>  || LOSS Avg: 0.18937
[Wall TIME] >>> Coach.train takes 2.853157 seconds ...
[Epoch 448 Telemetry] Loss: 0.189540 | BPR: 0.137987 | CL: 5.155234 | VRAM: 168.19 MiB | 47489.8 samples/s | 2.50s
[Coach] >>> TRAIN @Epoch: 448 >>>  || LOSS Avg: 0.18954
[Wall TIME] >>> Coach.train takes 2.497281 seconds ...
[Epoch 449 Telemetry] Loss: 0.189155 | BPR: 0.137607 | CL: 5.154733 | VRAM: 168.18 MiB | 47557.5 samples/s | 2.49s
[Coach] >>> TRAIN @Epoch: 449 >>>  || LOSS Avg: 0.18915
[Wall TIME] >>> Coach.train takes 2.493546 seconds ...
[Epoch 450 Telemetry] Loss: 0.189282 | BPR: 0.137727 | CL: 5.155426 | VRAM: 168.37 MiB | 46458.6 samples/s | 2.55s
[Coach] >>> TRAIN @Epoch: 450 >>>  || LOSS Avg: 0.18928
[Wall TIME] >>> Coach.train takes 2.552617 seconds ...
[Coach] >>> VALID @Epoch: 450 >>>  || RECALL@1 Avg: 0.0125 || RECALL@10 Avg: 0.0632 || RECALL@20 Avg: 0.0998 || NDCG@10 Avg: 0.0341 || NDCG@20 Avg: 0.0434
[Wall TIME] >>> Coach.valid takes 0.499940 seconds ...
[Epoch 451 Telemetry] Loss: 0.189120 | BPR: 0.137574 | CL: 5.154551 | VRAM: 169.22 MiB | 41390.3 samples/s | 2.86s
[Coach] >>> TRAIN @Epoch: 451 >>>  || LOSS Avg: 0.18912
[Wall TIME] >>> Coach.train takes 2.865166 seconds ...
[Epoch 452 Telemetry] Loss: 0.189570 | BPR: 0.138026 | CL: 5.154392 | VRAM: 169.12 MiB | 46791.2 samples/s | 2.53s
[Coach] >>> TRAIN @Epoch: 452 >>>  || LOSS Avg: 0.18957
[Wall TIME] >>> Coach.train takes 2.534593 seconds ...
[Epoch 453 Telemetry] Loss: 0.189244 | BPR: 0.137702 | CL: 5.154243 | VRAM: 169.02 MiB | 45729.2 samples/s | 2.59s
[Coach] >>> TRAIN @Epoch: 453 >>>  || LOSS Avg: 0.18924
[Wall TIME] >>> Coach.train takes 2.593441 seconds ...
[Epoch 454 Telemetry] Loss: 0.189236 | BPR: 0.137696 | CL: 5.153948 | VRAM: 169.00 MiB | 47124.8 samples/s | 2.52s
[Coach] >>> TRAIN @Epoch: 454 >>>  || LOSS Avg: 0.18924
[Wall TIME] >>> Coach.train takes 2.516634 seconds ...
[Epoch 455 Telemetry] Loss: 0.189145 | BPR: 0.137606 | CL: 5.153908 | VRAM: 168.89 MiB | 40977.6 samples/s | 2.89s
[Coach] >>> TRAIN @Epoch: 455 >>>  || LOSS Avg: 0.18914
[Wall TIME] >>> Coach.train takes 2.893939 seconds ...
[Coach] >>> VALID @Epoch: 455 >>>  || RECALL@1 Avg: 0.0129 || RECALL@10 Avg: 0.0628 || RECALL@20 Avg: 0.0997 || NDCG@10 Avg: 0.0341 || NDCG@20 Avg: 0.0435
[Wall TIME] >>> Coach.valid takes 0.505975 seconds ...
[Epoch 456 Telemetry] Loss: 0.189336 | BPR: 0.137798 | CL: 5.153795 | VRAM: 168.23 MiB | 46996.9 samples/s | 2.52s
[Coach] >>> TRAIN @Epoch: 456 >>>  || LOSS Avg: 0.18934
[Wall TIME] >>> Coach.train takes 2.523573 seconds ...
[Epoch 457 Telemetry] Loss: 0.189339 | BPR: 0.137802 | CL: 5.153693 | VRAM: 168.00 MiB | 46417.1 samples/s | 2.55s
[Coach] >>> TRAIN @Epoch: 457 >>>  || LOSS Avg: 0.18934
[Wall TIME] >>> Coach.train takes 2.554896 seconds ...
[Epoch 458 Telemetry] Loss: 0.189389 | BPR: 0.137847 | CL: 5.154207 | VRAM: 168.03 MiB | 46999.1 samples/s | 2.52s
[Coach] >>> TRAIN @Epoch: 458 >>>  || LOSS Avg: 0.18939
[Wall TIME] >>> Coach.train takes 2.523374 seconds ...
[Epoch 459 Telemetry] Loss: 0.189198 | BPR: 0.137651 | CL: 5.154723 | VRAM: 168.31 MiB | 41179.6 samples/s | 2.88s
[Coach] >>> TRAIN @Epoch: 459 >>>  || LOSS Avg: 0.18920
[Wall TIME] >>> Coach.train takes 2.879752 seconds ...
[Epoch 460 Telemetry] Loss: 0.189513 | BPR: 0.137968 | CL: 5.154449 | VRAM: 168.19 MiB | 47293.2 samples/s | 2.51s
[Coach] >>> TRAIN @Epoch: 460 >>>  || LOSS Avg: 0.18951
[Wall TIME] >>> Coach.train takes 2.507742 seconds ...
[Coach] >>> VALID @Epoch: 460 >>>  || RECALL@1 Avg: 0.0126 || RECALL@10 Avg: 0.0625 || RECALL@20 Avg: 0.0999 || NDCG@10 Avg: 0.0339 || NDCG@20 Avg: 0.0434
[Wall TIME] >>> Coach.valid takes 0.530396 seconds ...
[Epoch 461 Telemetry] Loss: 0.189061 | BPR: 0.137520 | CL: 5.154015 | VRAM: 169.19 MiB | 47348.6 samples/s | 2.50s
[Coach] >>> TRAIN @Epoch: 461 >>>  || LOSS Avg: 0.18906
[Wall TIME] >>> Coach.train takes 2.504736 seconds ...
[Epoch 462 Telemetry] Loss: 0.189355 | BPR: 0.137811 | CL: 5.154321 | VRAM: 169.20 MiB | 46939.0 samples/s | 2.53s
[Coach] >>> TRAIN @Epoch: 462 >>>  || LOSS Avg: 0.18935
[Wall TIME] >>> Coach.train takes 2.526521 seconds ...
[Epoch 463 Telemetry] Loss: 0.189108 | BPR: 0.137571 | CL: 5.153759 | VRAM: 168.97 MiB | 47394.8 samples/s | 2.50s
[Coach] >>> TRAIN @Epoch: 463 >>>  || LOSS Avg: 0.18911
[Wall TIME] >>> Coach.train takes 2.502437 seconds ...
[Epoch 464 Telemetry] Loss: 0.189307 | BPR: 0.137771 | CL: 5.153637 | VRAM: 168.97 MiB | 40669.0 samples/s | 2.92s
[Coach] >>> TRAIN @Epoch: 464 >>>  || LOSS Avg: 0.18931
[Wall TIME] >>> Coach.train takes 2.915916 seconds ...
[Epoch 465 Telemetry] Loss: 0.189260 | BPR: 0.137723 | CL: 5.153622 | VRAM: 168.97 MiB | 46748.2 samples/s | 2.54s
[Coach] >>> TRAIN @Epoch: 465 >>>  || LOSS Avg: 0.18926
[Wall TIME] >>> Coach.train takes 2.536776 seconds ...
[Coach] >>> VALID @Epoch: 465 >>>  || RECALL@1 Avg: 0.0129 || RECALL@10 Avg: 0.0633 || RECALL@20 Avg: 0.1008 || NDCG@10 Avg: 0.0343 || NDCG@20 Avg: 0.0438
[Wall TIME] >>> Coach.valid takes 0.507573 seconds ...
[Epoch 466 Telemetry] Loss: 0.189318 | BPR: 0.137779 | CL: 5.153907 | VRAM: 168.19 MiB | 47030.2 samples/s | 2.52s
[Coach] >>> TRAIN @Epoch: 466 >>>  || LOSS Avg: 0.18932
[Wall TIME] >>> Coach.train takes 2.521631 seconds ...
[Epoch 467 Telemetry] Loss: 0.189248 | BPR: 0.137712 | CL: 5.153591 | VRAM: 168.03 MiB | 46932.9 samples/s | 2.53s
[Coach] >>> TRAIN @Epoch: 467 >>>  || LOSS Avg: 0.18925
[Wall TIME] >>> Coach.train takes 2.526783 seconds ...
[Epoch 468 Telemetry] Loss: 0.189100 | BPR: 0.137550 | CL: 5.155091 | VRAM: 168.00 MiB | 40525.7 samples/s | 2.93s
[Coach] >>> TRAIN @Epoch: 468 >>>  || LOSS Avg: 0.18910
[Wall TIME] >>> Coach.train takes 2.926323 seconds ...
[Epoch 469 Telemetry] Loss: 0.189054 | BPR: 0.137505 | CL: 5.154963 | VRAM: 168.22 MiB | 47436.3 samples/s | 2.50s
[Coach] >>> TRAIN @Epoch: 469 >>>  || LOSS Avg: 0.18905
[Wall TIME] >>> Coach.train takes 2.500111 seconds ...
[Epoch 470 Telemetry] Loss: 0.189402 | BPR: 0.137864 | CL: 5.153856 | VRAM: 168.51 MiB | 47616.3 samples/s | 2.49s
[Coach] >>> TRAIN @Epoch: 470 >>>  || LOSS Avg: 0.18940
[Wall TIME] >>> Coach.train takes 2.490719 seconds ...
[Coach] >>> VALID @Epoch: 470 >>>  || RECALL@1 Avg: 0.0130 || RECALL@10 Avg: 0.0630 || RECALL@20 Avg: 0.0991 || NDCG@10 Avg: 0.0343 || NDCG@20 Avg: 0.0435
[Wall TIME] >>> Coach.valid takes 0.504611 seconds ...
[Epoch 471 Telemetry] Loss: 0.188923 | BPR: 0.137389 | CL: 5.153466 | VRAM: 169.00 MiB | 47032.9 samples/s | 2.52s
[Coach] >>> TRAIN @Epoch: 471 >>>  || LOSS Avg: 0.18892
[Wall TIME] >>> Coach.train takes 2.521614 seconds ...
[Epoch 472 Telemetry] Loss: 0.188901 | BPR: 0.137370 | CL: 5.153114 | VRAM: 168.94 MiB | 41005.1 samples/s | 2.89s
[Coach] >>> TRAIN @Epoch: 472 >>>  || LOSS Avg: 0.18890
[Wall TIME] >>> Coach.train takes 2.892014 seconds ...
[Epoch 473 Telemetry] Loss: 0.189431 | BPR: 0.137898 | CL: 5.153285 | VRAM: 168.87 MiB | 46880.4 samples/s | 2.53s
[Coach] >>> TRAIN @Epoch: 473 >>>  || LOSS Avg: 0.18943
[Wall TIME] >>> Coach.train takes 2.529769 seconds ...
[Epoch 474 Telemetry] Loss: 0.189174 | BPR: 0.137652 | CL: 5.152188 | VRAM: 168.75 MiB | 46851.9 samples/s | 2.53s
[Coach] >>> TRAIN @Epoch: 474 >>>  || LOSS Avg: 0.18917
[Wall TIME] >>> Coach.train takes 2.531296 seconds ...
[Epoch 475 Telemetry] Loss: 0.189303 | BPR: 0.137773 | CL: 5.153025 | VRAM: 169.20 MiB | 46270.1 samples/s | 2.56s
[Coach] >>> TRAIN @Epoch: 475 >>>  || LOSS Avg: 0.18930
[Wall TIME] >>> Coach.train takes 2.563105 seconds ...
[Coach] >>> VALID @Epoch: 475 >>>  || RECALL@1 Avg: 0.0133 || RECALL@10 Avg: 0.0630 || RECALL@20 Avg: 0.0991 || NDCG@10 Avg: 0.0345 || NDCG@20 Avg: 0.0436
[Wall TIME] >>> Coach.valid takes 0.506032 seconds ...
[Epoch 476 Telemetry] Loss: 0.188808 | BPR: 0.137278 | CL: 5.153070 | VRAM: 168.34 MiB | 40964.6 samples/s | 2.89s
[Coach] >>> TRAIN @Epoch: 476 >>>  || LOSS Avg: 0.18881
[Wall TIME] >>> Coach.train takes 2.894839 seconds ...
[Epoch 477 Telemetry] Loss: 0.189301 | BPR: 0.137769 | CL: 5.153255 | VRAM: 168.55 MiB | 46304.1 samples/s | 2.56s
[Coach] >>> TRAIN @Epoch: 477 >>>  || LOSS Avg: 0.18930
[Wall TIME] >>> Coach.train takes 2.561189 seconds ...
[Epoch 478 Telemetry] Loss: 0.189448 | BPR: 0.137918 | CL: 5.153003 | VRAM: 167.94 MiB | 46887.6 samples/s | 2.53s
[Coach] >>> TRAIN @Epoch: 478 >>>  || LOSS Avg: 0.18945
[Wall TIME] >>> Coach.train takes 2.529301 seconds ...
[Epoch 479 Telemetry] Loss: 0.188824 | BPR: 0.137285 | CL: 5.153866 | VRAM: 168.24 MiB | 45760.1 samples/s | 2.59s
[Coach] >>> TRAIN @Epoch: 479 >>>  || LOSS Avg: 0.18882
[Wall TIME] >>> Coach.train takes 2.591579 seconds ...
[Epoch 480 Telemetry] Loss: 0.188952 | BPR: 0.137419 | CL: 5.153342 | VRAM: 168.25 MiB | 47214.1 samples/s | 2.51s
[Coach] >>> TRAIN @Epoch: 480 >>>  || LOSS Avg: 0.18895
[Wall TIME] >>> Coach.train takes 2.511884 seconds ...
[Coach] >>> Better ***NDCG@20*** of ***0.0440*** 
[Coach] >>> VALID @Epoch: 480 >>>  || RECALL@1 Avg: 0.0136 || RECALL@10 Avg: 0.0632 || RECALL@20 Avg: 0.1002 || NDCG@10 Avg: 0.0346 || NDCG@20 Avg: 0.0440
[Wall TIME] >>> Coach.valid takes 0.526116 seconds ...
[Epoch 481 Telemetry] Loss: 0.188375 | BPR: 0.136849 | CL: 5.152634 | VRAM: 169.33 MiB | 41545.8 samples/s | 2.85s
[Coach] >>> TRAIN @Epoch: 481 >>>  || LOSS Avg: 0.18838
[Wall TIME] >>> Coach.train takes 2.854260 seconds ...
[Epoch 482 Telemetry] Loss: 0.189336 | BPR: 0.137807 | CL: 5.152924 | VRAM: 168.93 MiB | 47360.1 samples/s | 2.50s
[Coach] >>> TRAIN @Epoch: 482 >>>  || LOSS Avg: 0.18934
[Wall TIME] >>> Coach.train takes 2.504483 seconds ...
[Epoch 483 Telemetry] Loss: 0.189248 | BPR: 0.137718 | CL: 5.153019 | VRAM: 168.96 MiB | 46794.1 samples/s | 2.53s
[Coach] >>> TRAIN @Epoch: 483 >>>  || LOSS Avg: 0.18925
[Wall TIME] >>> Coach.train takes 2.534527 seconds ...
[Epoch 484 Telemetry] Loss: 0.189273 | BPR: 0.137746 | CL: 5.152720 | VRAM: 168.93 MiB | 41616.7 samples/s | 2.85s
[Coach] >>> TRAIN @Epoch: 484 >>>  || LOSS Avg: 0.18927
[Wall TIME] >>> Coach.train takes 2.849623 seconds ...
[Epoch 485 Telemetry] Loss: 0.189186 | BPR: 0.137657 | CL: 5.152903 | VRAM: 169.48 MiB | 47472.2 samples/s | 2.50s
[Coach] >>> TRAIN @Epoch: 485 >>>  || LOSS Avg: 0.18919
[Wall TIME] >>> Coach.train takes 2.498101 seconds ...
[Coach] >>> VALID @Epoch: 485 >>>  || RECALL@1 Avg: 0.0131 || RECALL@10 Avg: 0.0633 || RECALL@20 Avg: 0.0997 || NDCG@10 Avg: 0.0344 || NDCG@20 Avg: 0.0437
[Wall TIME] >>> Coach.valid takes 0.504995 seconds ...
[Epoch 486 Telemetry] Loss: 0.188864 | BPR: 0.137338 | CL: 5.152598 | VRAM: 168.18 MiB | 46743.2 samples/s | 2.54s
[Coach] >>> TRAIN @Epoch: 486 >>>  || LOSS Avg: 0.18886
[Wall TIME] >>> Coach.train takes 2.537216 seconds ...
[Epoch 487 Telemetry] Loss: 0.188773 | BPR: 0.137245 | CL: 5.152782 | VRAM: 168.26 MiB | 47367.8 samples/s | 2.50s
[Coach] >>> TRAIN @Epoch: 487 >>>  || LOSS Avg: 0.18877
[Wall TIME] >>> Coach.train takes 2.503602 seconds ...
[Epoch 488 Telemetry] Loss: 0.188047 | BPR: 0.136517 | CL: 5.153001 | VRAM: 169.21 MiB | 47579.5 samples/s | 2.49s
[Coach] >>> TRAIN @Epoch: 488 >>>  || LOSS Avg: 0.18805
[Wall TIME] >>> Coach.train takes 2.492512 seconds ...
[Epoch 489 Telemetry] Loss: 0.188929 | BPR: 0.137409 | CL: 5.152011 | VRAM: 168.23 MiB | 41451.3 samples/s | 2.86s
[Coach] >>> TRAIN @Epoch: 489 >>>  || LOSS Avg: 0.18893
[Wall TIME] >>> Coach.train takes 2.860867 seconds ...
[Epoch 490 Telemetry] Loss: 0.188758 | BPR: 0.137237 | CL: 5.152008 | VRAM: 168.33 MiB | 45803.2 samples/s | 2.59s
[Coach] >>> TRAIN @Epoch: 490 >>>  || LOSS Avg: 0.18876
[Wall TIME] >>> Coach.train takes 2.589083 seconds ...
[Coach] >>> VALID @Epoch: 490 >>>  || RECALL@1 Avg: 0.0132 || RECALL@10 Avg: 0.0632 || RECALL@20 Avg: 0.1001 || NDCG@10 Avg: 0.0344 || NDCG@20 Avg: 0.0438
[Wall TIME] >>> Coach.valid takes 0.505295 seconds ...
[Epoch 491 Telemetry] Loss: 0.188503 | BPR: 0.136975 | CL: 5.152827 | VRAM: 169.34 MiB | 47514.4 samples/s | 2.50s
[Coach] >>> TRAIN @Epoch: 491 >>>  || LOSS Avg: 0.18850
[Wall TIME] >>> Coach.train takes 2.495952 seconds ...
[Epoch 492 Telemetry] Loss: 0.189080 | BPR: 0.137551 | CL: 5.152901 | VRAM: 169.30 MiB | 47177.5 samples/s | 2.51s
[Coach] >>> TRAIN @Epoch: 492 >>>  || LOSS Avg: 0.18908
[Wall TIME] >>> Coach.train takes 2.513826 seconds ...
[Epoch 493 Telemetry] Loss: 0.189123 | BPR: 0.137596 | CL: 5.152691 | VRAM: 169.19 MiB | 41316.6 samples/s | 2.87s
[Coach] >>> TRAIN @Epoch: 493 >>>  || LOSS Avg: 0.18912
[Wall TIME] >>> Coach.train takes 2.870298 seconds ...
[Epoch 494 Telemetry] Loss: 0.188779 | BPR: 0.137250 | CL: 5.152902 | VRAM: 169.00 MiB | 45571.4 samples/s | 2.60s
[Coach] >>> TRAIN @Epoch: 494 >>>  || LOSS Avg: 0.18878
[Wall TIME] >>> Coach.train takes 2.602384 seconds ...
[Epoch 495 Telemetry] Loss: 0.188782 | BPR: 0.137256 | CL: 5.152609 | VRAM: 169.07 MiB | 46567.3 samples/s | 2.55s
[Coach] >>> TRAIN @Epoch: 495 >>>  || LOSS Avg: 0.18878
[Wall TIME] >>> Coach.train takes 2.546842 seconds ...
[Coach] >>> VALID @Epoch: 495 >>>  || RECALL@1 Avg: 0.0133 || RECALL@10 Avg: 0.0637 || RECALL@20 Avg: 0.1001 || NDCG@10 Avg: 0.0345 || NDCG@20 Avg: 0.0438
[Wall TIME] >>> Coach.valid takes 0.505254 seconds ...
[Epoch 496 Telemetry] Loss: 0.188506 | BPR: 0.136993 | CL: 5.151232 | VRAM: 168.16 MiB | 46580.4 samples/s | 2.55s
[Coach] >>> TRAIN @Epoch: 496 >>>  || LOSS Avg: 0.18851
[Wall TIME] >>> Coach.train takes 2.545897 seconds ...
[Epoch 497 Telemetry] Loss: 0.189192 | BPR: 0.137668 | CL: 5.152406 | VRAM: 168.29 MiB | 39850.1 samples/s | 2.97s
[Coach] >>> TRAIN @Epoch: 497 >>>  || LOSS Avg: 0.18919
[Wall TIME] >>> Coach.train takes 2.975847 seconds ...
[Epoch 498 Telemetry] Loss: 0.188508 | BPR: 0.137000 | CL: 5.150878 | VRAM: 168.16 MiB | 46399.2 samples/s | 2.56s
[Coach] >>> TRAIN @Epoch: 498 >>>  || LOSS Avg: 0.18851
[Wall TIME] >>> Coach.train takes 2.555980 seconds ...
[Epoch 499 Telemetry] Loss: 0.188462 | BPR: 0.136937 | CL: 5.152564 | VRAM: 168.24 MiB | 46763.9 samples/s | 2.54s
[Coach] >>> TRAIN @Epoch: 499 >>>  || LOSS Avg: 0.18846
[Wall TIME] >>> Coach.train takes 2.536132 seconds ...
[Epoch 500 Telemetry] Loss: 0.188783 | BPR: 0.137273 | CL: 5.150987 | VRAM: 168.23 MiB | 46728.7 samples/s | 2.54s
[Coach] >>> TRAIN @Epoch: 500 >>>  || LOSS Avg: 0.18878
[Wall TIME] >>> Coach.train takes 2.537938 seconds ...
[Coach] >>> VALID @Epoch: 500 >>>  || RECALL@1 Avg: 0.0131 || RECALL@10 Avg: 0.0635 || RECALL@20 Avg: 0.1002 || NDCG@10 Avg: 0.0343 || NDCG@20 Avg: 0.0437
[Wall TIME] >>> Coach.valid takes 0.503921 seconds ...
[Coach] >>> TEST  @Epoch: 500 >>>  || RECALL@1 Avg: 0.0128 || RECALL@10 Avg: 0.0677 || RECALL@20 Avg: 0.1056 || NDCG@10 Avg: 0.0366 || NDCG@20 Avg: 0.0464
[Wall TIME] >>> Coach.test takes 0.515023 seconds ...
     Mode     Metric      Best  @Step
0   train       LOSS  0.188047    487
1   valid   RECALL@1  0.013637    480
2   valid  RECALL@10  0.064530    260
3   valid  RECALL@20  0.101475    415
4   valid    NDCG@10  0.034564    480
5   valid    NDCG@20  0.043955    480
6    test   RECALL@1  0.012825      0
7    test  RECALL@10  0.067748      0
8    test  RECALL@20  0.105644      0
9    test    NDCG@10  0.036642      0
10   test    NDCG@20  0.046351      0
[LoG_PaTH] >>> ./logs/STAIR5-v5.1-NLGCL-KPE/Amazon2014Baby_550_MMRec/1005130042
[Wall TIME] >>> Coach.summary takes 2.344333 seconds ...
[Coach] >>> Load best model @Epoch: 480 (-1) 
[Coach] >>> VALID @Epoch: 480 >>>  || RECALL@1 Avg: 0.0136 || RECALL@10 Avg: 0.0632 || RECALL@20 Avg: 0.1002 || NDCG@10 Avg: 0.0346 || NDCG@20 Avg: 0.0440
[Wall TIME] >>> Coach.valid takes 0.609890 seconds ...
[Coach] >>> TEST  @Epoch: 480 >>>  || RECALL@1 Avg: 0.0126 || RECALL@10 Avg: 0.0676 || RECALL@20 Avg: 0.1054 || NDCG@10 Avg: 0.0364 || NDCG@20 Avg: 0.0461
[Wall TIME] >>> Coach.test takes 0.520902 seconds ...
[Wall TIME] >>> Coach.fit takes 1359.394262 seconds ...
