/usr/local/lib/python3.12/dist-packages/torchdata/datapipes/__init__.py:18: UserWarning: 
################################################################################
WARNING!
The 'datapipes', 'dataloader2' modules are deprecated and will be removed in a
future torchdata release! Please see https://github.com/pytorch/data/issues/1196
to learn more and leave feedback.
################################################################################

  deprecation_warning()
[Wall TIME] >>> Parser.parse takes 0.048990 seconds ...
[Wall TIME] >>> Parser.load takes 0.004668 seconds ...
[Benchmark] >>> cudnn.benchmark == False | cudnn.deterministic == True
[Seed] >>> Set seed: 1
[PARSER] >>>
[SAVED_FILENAME: model.pt] 
[BEST_FILENAME: best.pt] 
[CHECKPOINT_FREQ: 10] 
[CHECKPOINT_MODULES: ['model', 'optimizer', 'lr_scheduler']] 
[CHECKPOINT_FILENAME: checkpoint.tar] 
[SUMMARY_FILENAME: SUMMARY.md] 
[MONITOR_FILENAME: monitors.pkl] 
[MONITOR_BEST_FILENAME: best.pkl] 
[CONFIG_FILENAME: config.json] 
[RESULTS_FILENAME: results.json] 
[monitors: ['LOSS', 'Recall@1', 'Recall@10', 'Recall@20', 'NDCG@10', 'NDCG@20']] 
[which4best: NDCG@20] 
[config: /kaggle/working/STAIR-Enhanced/configs/Amazon2014Sports_STAIR5_v51.yaml] 
[id: 1005120743] 
[description: STAIR5-v5.1-NLGCL-KPE] 
[root: /kaggle/data] 
[dataset: Amazon2014Sports_550_MMRec] 
[tasktag: None] 
[ranking: full] 
[retain_seen: False] 
[device: cuda:0] 
[ddp_backend: nccl] 
[num_workers: 4] 
[optimizer: adamwsevo] 
[optim_first_moment_decay: 0.9] 
[optim_second_moment_decay: 0.999] 
[weight_decay: 0.1] 
[lr: 0.001] 
[batch_size: 1024] 
[gradient_accumulation_steps: 1] 
[epochs: 500] 
[eval_valid: True] 
[eval_test: False] 
[eval_freq: 5] 
[early_stop_patience: 1e+23] 
[seed: 1] 
[benchmark: False] 
[resume: False] 
[log2file: True] 
[log2console: True] 
[embedding_dim: 64] 
[num_layers: 3] 
[mfiles: textual_modality.pkl,visual_modality.pkl] 
[num_neighbors: 5-1] 
[gamma: 0.2] 
[beta1: 0.9] 
[beta2: 0.999] 
[eta: 0.1] 
[k_cf: 5] 
[c_min: 2] 
[t_shrinkage: 5.0] 
[cam_delta: 0.05] 
[placebo_seed: 1] 
[lambda_nlgcl: 0.01] 
[nlgcl_tau: 0.2] 
[nlgcl_G: 1] 
[nlgcl_alpha: 0.5] 
[nlgcl_rho: 1.0] 
[cl_chunk_size: 1024] 
[knn_chunk_size: 1024] 
[cf_block_size: 64] 
[cf_memory_budget_mib: 128.0] 
[graph_cache_dir: /kaggle/working/runs/stair5_v51/graph_cache] 
[artifact_dir: /kaggle/working/runs/stair5_v51/20261005_120729_bd0bfc/sports_V51-KPE_seed1] 
[resume_from: ] 
[v51_arm: V51-KPE] 
[knn_device: auto] 
[DATA_DIR: data] 
[SUMMARY_DIR: summary] 
[CHECKPOINT_PATH: ./infos/STAIR5-v5.1-NLGCL-KPE/Amazon2014Sports_550_MMRec/0] 
[LOG_PATH: ./logs/STAIR5-v5.1-NLGCL-KPE/Amazon2014Sports_550_MMRec/1005120743] 

[Wall TIME] >>> Parser.compile takes 0.294978 seconds ...
[DataSet] >>> Fitting fields over `train` set ...
[DataSet] >>> Fitting fields over `valid` set ...
[DataSet] >>> Fitting fields over `test` set ...
[DataSet] >>> Normalizing fields over `train` set ...
[DataSet] >>> Normalizing fields over `valid` set ...
[DataSet] >>> Normalizing fields over `test` set ...
[MatchingRecDataSet] >>> USER:35598:ID,USER | ITEM:18357:ID,ITEM | TIMESTAMP:2941:TIMESTAMP
+--------+--------+---------------+--------+--------+-------+------------------------+
| #Users | #Items | #Interactions | #Train | #Valid | #Test |        Density         |
+--------+--------+---------------+--------+--------+-------+------------------------+
| 35598  | 18357  |     296337    | 218409 | 37899  | 40029 | 0.00045348045456958995 |
+--------+--------+---------------+--------+--------+-------+------------------------+
[Wall TIME] >>> BaseSet.compile takes 1.197041 seconds ...
/usr/local/lib/python3.12/dist-packages/freerec/graph.py:68: UserWarning: Sparse CSR tensor support is in beta state. If you miss a functionality in the sparse tensor support, please submit a feature request to https://github.com/pytorch/pytorch/issues. (Triggered internally at /pytorch/aten/src/ATen/SparseCsrTensorImpl.cpp:49.)
  ).to_sparse_csr()
[Wall TIME] >>> RecDataSet.to_heterograph takes 0.099623 seconds ...
[STAIR5-v5.1 graph] {"version": 51, "arm": "V51-KPE", "eta": 0.1, "k_cf": 5, "c_min": 2, "t_shrinkage": 5.0, "cam_delta": 0.05, "num_users": 35598, "num_items": 18357, "cache_hit": false, "train_fingerprint": "b764a0df2c6080ef0b3f1cefdbcf313a8ce012f570903d95ffa31425e1f9c14e", "cf_cache_key": "ccc4498d50e1fec5deaf90e4c6ba8c1ae2cd87f89dd4fb286c3e2e2944e6db70", "cf_preprocessing_seconds": 0.6736859430000095, "is_cam": false, "effective_eta": 0.1, "active": true, "s0_nnz": 157752, "cf_nnz": 43334, "operator_nnz": 206300, "cf_isolated_nodes": 8262, "cf_isolated_fraction": 0.45007354142833794, "jaccard_semantic_cf": 0.015390985568426262, "new_cf_edges_count": 40286, "relative_operator_delta": 0.2407867822493734, "graph_fingerprint": "49e04ce876fe11de0611836d1822f79ad91ee298f5a619193b26dc6a5e91cae6"}
[Wall TIME] >>> GenTrainNegativeSampler.prepare takes 0.842515 seconds ...
[Wall TIME] >>> ValidSampler.prepare takes 0.894081 seconds ...
[Wall TIME] >>> TestSampler.prepare takes 1.032055 seconds ...
[Coach] >>> Set best meter: NDCG@20 
[Coach] >>> Better ***NDCG@20*** of ***0.0223*** 
[Coach] >>> VALID @Epoch: 0 >>>  || RECALL@1 Avg: 0.0058 || RECALL@10 Avg: 0.0343 || RECALL@20 Avg: 0.0511 || NDCG@10 Avg: 0.0180 || NDCG@20 Avg: 0.0223
[Wall TIME] >>> Coach.valid takes 3.557227 seconds ...
[Diagnostics Warning] Could not record batch diagnostics: expand(CUDABoolType{[1024, 1, 939]}, size=[1024, 939]): the number of sizes provided (2) must be greater or equal to the number of dimensions in the tensor (3)
[Epoch 001 Telemetry] Loss: 0.667175 | BPR: 0.612977 | CL: 5.419809 | VRAM: 237.37 MiB | 34312.0 samples/s | 6.37s
[Coach] >>> TRAIN @Epoch: 1 >>>  || LOSS Avg: 0.66717
[Wall TIME] >>> Coach.train takes 6.366534 seconds ...
[Epoch 002 Telemetry] Loss: 0.631752 | BPR: 0.577804 | CL: 5.394774 | VRAM: 237.10 MiB | 34957.3 samples/s | 6.25s
[Coach] >>> TRAIN @Epoch: 2 >>>  || LOSS Avg: 0.63175
[Wall TIME] >>> Coach.train takes 6.248787 seconds ...
[Epoch 003 Telemetry] Loss: 0.586092 | BPR: 0.531881 | CL: 5.421047 | VRAM: 237.20 MiB | 36921.8 samples/s | 5.92s
[Coach] >>> TRAIN @Epoch: 3 >>>  || LOSS Avg: 0.58609
[Wall TIME] >>> Coach.train takes 5.916301 seconds ...
[Epoch 004 Telemetry] Loss: 0.534359 | BPR: 0.479754 | CL: 5.460477 | VRAM: 237.13 MiB | 36700.6 samples/s | 5.95s
[Coach] >>> TRAIN @Epoch: 4 >>>  || LOSS Avg: 0.53436
[Wall TIME] >>> Coach.train takes 5.952072 seconds ...
[Epoch 005 Telemetry] Loss: 0.482809 | BPR: 0.427849 | CL: 5.496068 | VRAM: 237.21 MiB | 34792.7 samples/s | 6.28s
[Coach] >>> TRAIN @Epoch: 5 >>>  || LOSS Avg: 0.48281
[Wall TIME] >>> Coach.train takes 6.278451 seconds ...
[Coach] >>> Better ***NDCG@20*** of ***0.0388*** 
[Coach] >>> VALID @Epoch: 5 >>>  || RECALL@1 Avg: 0.0108 || RECALL@10 Avg: 0.0583 || RECALL@20 Avg: 0.0886 || NDCG@10 Avg: 0.0311 || NDCG@20 Avg: 0.0388
[Wall TIME] >>> Coach.valid takes 1.548682 seconds ...
[Epoch 006 Telemetry] Loss: 0.436019 | BPR: 0.380814 | CL: 5.520489 | VRAM: 237.58 MiB | 37521.5 samples/s | 5.82s
[Coach] >>> TRAIN @Epoch: 6 >>>  || LOSS Avg: 0.43602
[Wall TIME] >>> Coach.train takes 5.821912 seconds ...
[Epoch 007 Telemetry] Loss: 0.395782 | BPR: 0.340422 | CL: 5.536008 | VRAM: 237.54 MiB | 34886.3 samples/s | 6.26s
[Coach] >>> TRAIN @Epoch: 7 >>>  || LOSS Avg: 0.39578
[Wall TIME] >>> Coach.train takes 6.261529 seconds ...
[Epoch 008 Telemetry] Loss: 0.362171 | BPR: 0.306741 | CL: 5.542980 | VRAM: 237.61 MiB | 36849.3 samples/s | 5.93s
[Coach] >>> TRAIN @Epoch: 8 >>>  || LOSS Avg: 0.36217
[Wall TIME] >>> Coach.train takes 5.927934 seconds ...
[Epoch 009 Telemetry] Loss: 0.333571 | BPR: 0.278132 | CL: 5.543938 | VRAM: 237.64 MiB | 37297.4 samples/s | 5.86s
[Coach] >>> TRAIN @Epoch: 9 >>>  || LOSS Avg: 0.33357
[Wall TIME] >>> Coach.train takes 5.856894 seconds ...
[Epoch 010 Telemetry] Loss: 0.309809 | BPR: 0.254397 | CL: 5.541244 | VRAM: 237.64 MiB | 34797.2 samples/s | 6.28s
[Coach] >>> TRAIN @Epoch: 10 >>>  || LOSS Avg: 0.30981
[Wall TIME] >>> Coach.train takes 6.277836 seconds ...
[Coach] >>> Better ***NDCG@20*** of ***0.0399*** 
[Coach] >>> VALID @Epoch: 10 >>>  || RECALL@1 Avg: 0.0111 || RECALL@10 Avg: 0.0600 || RECALL@20 Avg: 0.0913 || NDCG@10 Avg: 0.0319 || NDCG@20 Avg: 0.0399
[Wall TIME] >>> Coach.valid takes 1.542072 seconds ...
[Epoch 011 Telemetry] Loss: 0.289915 | BPR: 0.234555 | CL: 5.535994 | VRAM: 237.32 MiB | 37351.8 samples/s | 5.85s
[Coach] >>> TRAIN @Epoch: 11 >>>  || LOSS Avg: 0.28992
[Wall TIME] >>> Coach.train takes 5.848436 seconds ...
[Epoch 012 Telemetry] Loss: 0.272544 | BPR: 0.217266 | CL: 5.527776 | VRAM: 237.15 MiB | 34604.2 samples/s | 6.31s
[Coach] >>> TRAIN @Epoch: 12 >>>  || LOSS Avg: 0.27254
[Wall TIME] >>> Coach.train takes 6.312618 seconds ...
[Epoch 013 Telemetry] Loss: 0.257565 | BPR: 0.202381 | CL: 5.518415 | VRAM: 237.08 MiB | 36959.2 samples/s | 5.91s
[Coach] >>> TRAIN @Epoch: 13 >>>  || LOSS Avg: 0.25757
[Wall TIME] >>> Coach.train takes 5.910408 seconds ...
[Epoch 014 Telemetry] Loss: 0.244776 | BPR: 0.189691 | CL: 5.508509 | VRAM: 237.17 MiB | 36278.2 samples/s | 6.02s
[Coach] >>> TRAIN @Epoch: 14 >>>  || LOSS Avg: 0.24478
[Wall TIME] >>> Coach.train takes 6.021235 seconds ...
[Epoch 015 Telemetry] Loss: 0.232955 | BPR: 0.177968 | CL: 5.498693 | VRAM: 237.11 MiB | 34660.5 samples/s | 6.30s
[Coach] >>> TRAIN @Epoch: 15 >>>  || LOSS Avg: 0.23295
[Wall TIME] >>> Coach.train takes 6.302286 seconds ...
[Coach] >>> Better ***NDCG@20*** of ***0.0409*** 
[Coach] >>> VALID @Epoch: 15 >>>  || RECALL@1 Avg: 0.0116 || RECALL@10 Avg: 0.0616 || RECALL@20 Avg: 0.0937 || NDCG@10 Avg: 0.0327 || NDCG@20 Avg: 0.0409
[Wall TIME] >>> Coach.valid takes 1.565444 seconds ...
[Epoch 016 Telemetry] Loss: 0.223049 | BPR: 0.168173 | CL: 5.487536 | VRAM: 237.58 MiB | 36921.2 samples/s | 5.92s
[Coach] >>> TRAIN @Epoch: 16 >>>  || LOSS Avg: 0.22305
[Wall TIME] >>> Coach.train takes 5.916547 seconds ...
[Epoch 017 Telemetry] Loss: 0.214496 | BPR: 0.159727 | CL: 5.476871 | VRAM: 237.45 MiB | 35057.4 samples/s | 6.23s
[Coach] >>> TRAIN @Epoch: 17 >>>  || LOSS Avg: 0.21450
[Wall TIME] >>> Coach.train takes 6.231012 seconds ...
[Epoch 018 Telemetry] Loss: 0.206182 | BPR: 0.151525 | CL: 5.465770 | VRAM: 237.77 MiB | 36819.2 samples/s | 5.93s
[Coach] >>> TRAIN @Epoch: 18 >>>  || LOSS Avg: 0.20618
[Wall TIME] >>> Coach.train takes 5.932874 seconds ...
[Epoch 019 Telemetry] Loss: 0.199183 | BPR: 0.144638 | CL: 5.454517 | VRAM: 237.64 MiB | 36901.8 samples/s | 5.92s
[Coach] >>> TRAIN @Epoch: 19 >>>  || LOSS Avg: 0.19918
[Wall TIME] >>> Coach.train takes 5.919626 seconds ...
[Epoch 020 Telemetry] Loss: 0.191961 | BPR: 0.137522 | CL: 5.443885 | VRAM: 237.80 MiB | 34778.5 samples/s | 6.28s
[Coach] >>> TRAIN @Epoch: 20 >>>  || LOSS Avg: 0.19196
[Wall TIME] >>> Coach.train takes 6.280869 seconds ...
[Coach] >>> Better ***NDCG@20*** of ***0.0418*** 
[Coach] >>> VALID @Epoch: 20 >>>  || RECALL@1 Avg: 0.0119 || RECALL@10 Avg: 0.0627 || RECALL@20 Avg: 0.0959 || NDCG@10 Avg: 0.0334 || NDCG@20 Avg: 0.0418
[Wall TIME] >>> Coach.valid takes 1.568205 seconds ...
[Epoch 021 Telemetry] Loss: 0.185598 | BPR: 0.131265 | CL: 5.433257 | VRAM: 237.20 MiB | 36701.6 samples/s | 5.95s
[Coach] >>> TRAIN @Epoch: 21 >>>  || LOSS Avg: 0.18560
[Wall TIME] >>> Coach.train takes 5.951817 seconds ...
[Epoch 022 Telemetry] Loss: 0.180188 | BPR: 0.125966 | CL: 5.422257 | VRAM: 237.15 MiB | 34697.7 samples/s | 6.29s
[Coach] >>> TRAIN @Epoch: 22 >>>  || LOSS Avg: 0.18019
[Wall TIME] >>> Coach.train takes 6.295551 seconds ...
[Epoch 023 Telemetry] Loss: 0.174588 | BPR: 0.120471 | CL: 5.411722 | VRAM: 237.34 MiB | 36606.6 samples/s | 5.97s
[Coach] >>> TRAIN @Epoch: 23 >>>  || LOSS Avg: 0.17459
[Wall TIME] >>> Coach.train takes 5.967278 seconds ...
[Epoch 024 Telemetry] Loss: 0.169744 | BPR: 0.115725 | CL: 5.401869 | VRAM: 237.25 MiB | 36983.3 samples/s | 5.91s
[Coach] >>> TRAIN @Epoch: 24 >>>  || LOSS Avg: 0.16974
[Wall TIME] >>> Coach.train takes 5.906758 seconds ...
[Epoch 025 Telemetry] Loss: 0.165546 | BPR: 0.111627 | CL: 5.391835 | VRAM: 237.08 MiB | 34567.9 samples/s | 6.32s
[Coach] >>> TRAIN @Epoch: 25 >>>  || LOSS Avg: 0.16555
[Wall TIME] >>> Coach.train takes 6.319276 seconds ...
[Coach] >>> Better ***NDCG@20*** of ***0.0426*** 
[Coach] >>> VALID @Epoch: 25 >>>  || RECALL@1 Avg: 0.0123 || RECALL@10 Avg: 0.0642 || RECALL@20 Avg: 0.0973 || NDCG@10 Avg: 0.0342 || NDCG@20 Avg: 0.0426
[Wall TIME] >>> Coach.valid takes 1.534760 seconds ...
[Epoch 026 Telemetry] Loss: 0.161534 | BPR: 0.107708 | CL: 5.382571 | VRAM: 237.72 MiB | 35708.0 samples/s | 6.12s
[Coach] >>> TRAIN @Epoch: 26 >>>  || LOSS Avg: 0.16153
[Wall TIME] >>> Coach.train takes 6.117663 seconds ...
[Epoch 027 Telemetry] Loss: 0.157970 | BPR: 0.104251 | CL: 5.371925 | VRAM: 237.58 MiB | 36646.5 samples/s | 5.96s
[Coach] >>> TRAIN @Epoch: 27 >>>  || LOSS Avg: 0.15797
[Wall TIME] >>> Coach.train takes 5.961191 seconds ...
[Epoch 028 Telemetry] Loss: 0.153852 | BPR: 0.100224 | CL: 5.362805 | VRAM: 237.67 MiB | 34353.9 samples/s | 6.36s
[Coach] >>> TRAIN @Epoch: 28 >>>  || LOSS Avg: 0.15385
[Wall TIME] >>> Coach.train takes 6.358564 seconds ...
[Epoch 029 Telemetry] Loss: 0.150553 | BPR: 0.097018 | CL: 5.353548 | VRAM: 237.61 MiB | 36920.6 samples/s | 5.92s
[Coach] >>> TRAIN @Epoch: 29 >>>  || LOSS Avg: 0.15055
[Wall TIME] >>> Coach.train takes 5.916535 seconds ...
[Epoch 030 Telemetry] Loss: 0.147358 | BPR: 0.093912 | CL: 5.344560 | VRAM: 237.67 MiB | 34880.4 samples/s | 6.26s
[Coach] >>> TRAIN @Epoch: 30 >>>  || LOSS Avg: 0.14736
[Wall TIME] >>> Coach.train takes 6.262679 seconds ...
[Coach] >>> Better ***NDCG@20*** of ***0.0433*** 
[Coach] >>> VALID @Epoch: 30 >>>  || RECALL@1 Avg: 0.0126 || RECALL@10 Avg: 0.0646 || RECALL@20 Avg: 0.0990 || NDCG@10 Avg: 0.0346 || NDCG@20 Avg: 0.0433
[Wall TIME] >>> Coach.valid takes 1.564964 seconds ...
[Epoch 031 Telemetry] Loss: 0.145169 | BPR: 0.091807 | CL: 5.336203 | VRAM: 237.06 MiB | 37082.1 samples/s | 5.89s
[Coach] >>> TRAIN @Epoch: 31 >>>  || LOSS Avg: 0.14517
[Wall TIME] >>> Coach.train takes 5.890734 seconds ...
[Epoch 032 Telemetry] Loss: 0.141792 | BPR: 0.088521 | CL: 5.327162 | VRAM: 237.39 MiB | 36977.8 samples/s | 5.91s
[Coach] >>> TRAIN @Epoch: 32 >>>  || LOSS Avg: 0.14179
[Wall TIME] >>> Coach.train takes 5.907487 seconds ...
[Epoch 033 Telemetry] Loss: 0.139236 | BPR: 0.086050 | CL: 5.318641 | VRAM: 237.28 MiB | 34780.9 samples/s | 6.28s
[Coach] >>> TRAIN @Epoch: 33 >>>  || LOSS Avg: 0.13924
[Wall TIME] >>> Coach.train takes 6.280602 seconds ...
[Epoch 034 Telemetry] Loss: 0.136799 | BPR: 0.083696 | CL: 5.310353 | VRAM: 237.12 MiB | 37071.0 samples/s | 5.89s
[Coach] >>> TRAIN @Epoch: 34 >>>  || LOSS Avg: 0.13680
[Wall TIME] >>> Coach.train takes 5.892716 seconds ...
[Epoch 035 Telemetry] Loss: 0.134563 | BPR: 0.081547 | CL: 5.301607 | VRAM: 237.28 MiB | 34674.4 samples/s | 6.30s
[Coach] >>> TRAIN @Epoch: 35 >>>  || LOSS Avg: 0.13456
[Wall TIME] >>> Coach.train takes 6.299893 seconds ...
[Coach] >>> Better ***NDCG@20*** of ***0.0436*** 
[Coach] >>> VALID @Epoch: 35 >>>  || RECALL@1 Avg: 0.0125 || RECALL@10 Avg: 0.0646 || RECALL@20 Avg: 0.0995 || NDCG@10 Avg: 0.0347 || NDCG@20 Avg: 0.0436
[Wall TIME] >>> Coach.valid takes 1.538918 seconds ...
[Epoch 036 Telemetry] Loss: 0.132142 | BPR: 0.079199 | CL: 5.294254 | VRAM: 237.74 MiB | 37307.6 samples/s | 5.85s
[Coach] >>> TRAIN @Epoch: 36 >>>  || LOSS Avg: 0.13214
[Wall TIME] >>> Coach.train takes 5.855380 seconds ...
[Epoch 037 Telemetry] Loss: 0.130355 | BPR: 0.077494 | CL: 5.286065 | VRAM: 237.70 MiB | 37377.2 samples/s | 5.84s
[Coach] >>> TRAIN @Epoch: 37 >>>  || LOSS Avg: 0.13035
[Wall TIME] >>> Coach.train takes 5.844431 seconds ...
[Epoch 038 Telemetry] Loss: 0.128763 | BPR: 0.075975 | CL: 5.278783 | VRAM: 237.68 MiB | 34990.9 samples/s | 6.24s
[Coach] >>> TRAIN @Epoch: 38 >>>  || LOSS Avg: 0.12876
[Wall TIME] >>> Coach.train takes 6.242739 seconds ...
[Epoch 039 Telemetry] Loss: 0.126765 | BPR: 0.074056 | CL: 5.270919 | VRAM: 237.55 MiB | 37197.3 samples/s | 5.87s
[Coach] >>> TRAIN @Epoch: 39 >>>  || LOSS Avg: 0.12677
[Wall TIME] >>> Coach.train takes 5.872652 seconds ...
[Epoch 040 Telemetry] Loss: 0.125229 | BPR: 0.072601 | CL: 5.262797 | VRAM: 237.65 MiB | 33988.0 samples/s | 6.43s
[Coach] >>> TRAIN @Epoch: 40 >>>  || LOSS Avg: 0.12523
[Wall TIME] >>> Coach.train takes 6.426993 seconds ...
[Coach] >>> Better ***NDCG@20*** of ***0.0441*** 
[Coach] >>> VALID @Epoch: 40 >>>  || RECALL@1 Avg: 0.0128 || RECALL@10 Avg: 0.0650 || RECALL@20 Avg: 0.1006 || NDCG@10 Avg: 0.0350 || NDCG@20 Avg: 0.0441
[Wall TIME] >>> Coach.valid takes 1.586091 seconds ...
[Epoch 041 Telemetry] Loss: 0.123042 | BPR: 0.070484 | CL: 5.255848 | VRAM: 237.10 MiB | 36747.8 samples/s | 5.94s
[Coach] >>> TRAIN @Epoch: 41 >>>  || LOSS Avg: 0.12304
[Wall TIME] >>> Coach.train takes 5.944472 seconds ...
[Epoch 042 Telemetry] Loss: 0.121692 | BPR: 0.069218 | CL: 5.247373 | VRAM: 237.10 MiB | 36817.1 samples/s | 5.93s
[Coach] >>> TRAIN @Epoch: 42 >>>  || LOSS Avg: 0.12169
[Wall TIME] >>> Coach.train takes 5.933363 seconds ...
[Epoch 043 Telemetry] Loss: 0.119970 | BPR: 0.067555 | CL: 5.241581 | VRAM: 237.35 MiB | 34612.6 samples/s | 6.31s
[Coach] >>> TRAIN @Epoch: 43 >>>  || LOSS Avg: 0.11997
[Wall TIME] >>> Coach.train takes 6.310960 seconds ...
[Epoch 044 Telemetry] Loss: 0.118964 | BPR: 0.066624 | CL: 5.234037 | VRAM: 237.43 MiB | 37201.1 samples/s | 5.87s
[Coach] >>> TRAIN @Epoch: 44 >>>  || LOSS Avg: 0.11896
[Wall TIME] >>> Coach.train takes 5.871833 seconds ...
[Epoch 045 Telemetry] Loss: 0.117529 | BPR: 0.065257 | CL: 5.227268 | VRAM: 237.62 MiB | 34219.3 samples/s | 6.38s
[Coach] >>> TRAIN @Epoch: 45 >>>  || LOSS Avg: 0.11753
[Wall TIME] >>> Coach.train takes 6.383809 seconds ...
[Coach] >>> Better ***NDCG@20*** of ***0.0442*** 
[Coach] >>> VALID @Epoch: 45 >>>  || RECALL@1 Avg: 0.0128 || RECALL@10 Avg: 0.0660 || RECALL@20 Avg: 0.1006 || NDCG@10 Avg: 0.0354 || NDCG@20 Avg: 0.0442
[Wall TIME] >>> Coach.valid takes 1.571794 seconds ...
[Epoch 046 Telemetry] Loss: 0.116012 | BPR: 0.063816 | CL: 5.219554 | VRAM: 237.64 MiB | 37363.8 samples/s | 5.85s
[Coach] >>> TRAIN @Epoch: 46 >>>  || LOSS Avg: 0.11601
[Wall TIME] >>> Coach.train takes 5.846246 seconds ...
[Epoch 047 Telemetry] Loss: 0.114485 | BPR: 0.062353 | CL: 5.213234 | VRAM: 237.51 MiB | 36922.0 samples/s | 5.92s
[Coach] >>> TRAIN @Epoch: 47 >>>  || LOSS Avg: 0.11449
[Wall TIME] >>> Coach.train takes 5.916459 seconds ...
[Epoch 048 Telemetry] Loss: 0.114313 | BPR: 0.062244 | CL: 5.206941 | VRAM: 237.61 MiB | 34390.6 samples/s | 6.35s
[Coach] >>> TRAIN @Epoch: 48 >>>  || LOSS Avg: 0.11431
[Wall TIME] >>> Coach.train takes 6.351984 seconds ...
[Epoch 049 Telemetry] Loss: 0.112543 | BPR: 0.060546 | CL: 5.199658 | VRAM: 237.57 MiB | 36884.0 samples/s | 5.92s
[Coach] >>> TRAIN @Epoch: 49 >>>  || LOSS Avg: 0.11254
[Wall TIME] >>> Coach.train takes 5.922605 seconds ...
[Epoch 050 Telemetry] Loss: 0.111619 | BPR: 0.059686 | CL: 5.193310 | VRAM: 237.71 MiB | 37278.3 samples/s | 5.86s
[Coach] >>> TRAIN @Epoch: 50 >>>  || LOSS Avg: 0.11162
[Wall TIME] >>> Coach.train takes 5.860177 seconds ...
[Coach] >>> Better ***NDCG@20*** of ***0.0447*** 
[Coach] >>> VALID @Epoch: 50 >>>  || RECALL@1 Avg: 0.0130 || RECALL@10 Avg: 0.0664 || RECALL@20 Avg: 0.1015 || NDCG@10 Avg: 0.0357 || NDCG@20 Avg: 0.0447
[Wall TIME] >>> Coach.valid takes 1.583032 seconds ...
[Epoch 051 Telemetry] Loss: 0.110769 | BPR: 0.058905 | CL: 5.186336 | VRAM: 237.31 MiB | 33967.6 samples/s | 6.43s
[Coach] >>> TRAIN @Epoch: 51 >>>  || LOSS Avg: 0.11077
[Wall TIME] >>> Coach.train takes 6.431104 seconds ...
[Epoch 052 Telemetry] Loss: 0.109370 | BPR: 0.057573 | CL: 5.179665 | VRAM: 237.03 MiB | 36615.3 samples/s | 5.96s
[Coach] >>> TRAIN @Epoch: 52 >>>  || LOSS Avg: 0.10937
[Wall TIME] >>> Coach.train takes 5.966018 seconds ...
[Epoch 053 Telemetry] Loss: 0.109160 | BPR: 0.057417 | CL: 5.174276 | VRAM: 237.17 MiB | 34784.9 samples/s | 6.28s
[Coach] >>> TRAIN @Epoch: 53 >>>  || LOSS Avg: 0.10916
[Wall TIME] >>> Coach.train takes 6.280143 seconds ...
[Epoch 054 Telemetry] Loss: 0.107668 | BPR: 0.055986 | CL: 5.168195 | VRAM: 237.32 MiB | 36879.5 samples/s | 5.92s
[Coach] >>> TRAIN @Epoch: 54 >>>  || LOSS Avg: 0.10767
[Wall TIME] >>> Coach.train takes 5.923234 seconds ...
[Epoch 055 Telemetry] Loss: 0.106970 | BPR: 0.055354 | CL: 5.161508 | VRAM: 237.03 MiB | 37202.4 samples/s | 5.87s
[Coach] >>> TRAIN @Epoch: 55 >>>  || LOSS Avg: 0.10697
[Wall TIME] >>> Coach.train takes 5.871755 seconds ...
[Coach] >>> Better ***NDCG@20*** of ***0.0450*** 
[Coach] >>> VALID @Epoch: 55 >>>  || RECALL@1 Avg: 0.0132 || RECALL@10 Avg: 0.0673 || RECALL@20 Avg: 0.1022 || NDCG@10 Avg: 0.0361 || NDCG@20 Avg: 0.0450
[Wall TIME] >>> Coach.valid takes 1.580773 seconds ...
[Epoch 056 Telemetry] Loss: 0.106344 | BPR: 0.054787 | CL: 5.155692 | VRAM: 237.55 MiB | 34952.2 samples/s | 6.25s
[Coach] >>> TRAIN @Epoch: 56 >>>  || LOSS Avg: 0.10634
[Wall TIME] >>> Coach.train takes 6.249540 seconds ...
[Epoch 057 Telemetry] Loss: 0.105016 | BPR: 0.053511 | CL: 5.150446 | VRAM: 237.54 MiB | 37089.3 samples/s | 5.89s
[Coach] >>> TRAIN @Epoch: 57 >>>  || LOSS Avg: 0.10502
[Wall TIME] >>> Coach.train takes 5.889614 seconds ...
[Epoch 058 Telemetry] Loss: 0.104405 | BPR: 0.052965 | CL: 5.143946 | VRAM: 237.67 MiB | 35105.1 samples/s | 6.22s
[Coach] >>> TRAIN @Epoch: 58 >>>  || LOSS Avg: 0.10440
[Wall TIME] >>> Coach.train takes 6.222400 seconds ...
[Epoch 059 Telemetry] Loss: 0.103611 | BPR: 0.052218 | CL: 5.139305 | VRAM: 237.58 MiB | 37064.6 samples/s | 5.89s
[Coach] >>> TRAIN @Epoch: 59 >>>  || LOSS Avg: 0.10361
[Wall TIME] >>> Coach.train takes 5.893653 seconds ...
[Epoch 060 Telemetry] Loss: 0.103125 | BPR: 0.051804 | CL: 5.132115 | VRAM: 237.51 MiB | 37002.7 samples/s | 5.90s
[Coach] >>> TRAIN @Epoch: 60 >>>  || LOSS Avg: 0.10313
[Wall TIME] >>> Coach.train takes 5.903448 seconds ...
[Coach] >>> Better ***NDCG@20*** of ***0.0453*** 
[Coach] >>> VALID @Epoch: 60 >>>  || RECALL@1 Avg: 0.0130 || RECALL@10 Avg: 0.0674 || RECALL@20 Avg: 0.1031 || NDCG@10 Avg: 0.0362 || NDCG@20 Avg: 0.0453
[Wall TIME] >>> Coach.valid takes 1.570510 seconds ...
[Epoch 061 Telemetry] Loss: 0.102049 | BPR: 0.050777 | CL: 5.127195 | VRAM: 237.04 MiB | 34804.2 samples/s | 6.28s
[Coach] >>> TRAIN @Epoch: 61 >>>  || LOSS Avg: 0.10205
[Wall TIME] >>> Coach.train takes 6.276539 seconds ...
[Epoch 062 Telemetry] Loss: 0.101495 | BPR: 0.050280 | CL: 5.121485 | VRAM: 237.48 MiB | 36902.4 samples/s | 5.92s
[Coach] >>> TRAIN @Epoch: 62 >>>  || LOSS Avg: 0.10150
[Wall TIME] >>> Coach.train takes 5.919883 seconds ...
[Epoch 063 Telemetry] Loss: 0.100806 | BPR: 0.049641 | CL: 5.116508 | VRAM: 236.99 MiB | 33496.5 samples/s | 6.52s
[Coach] >>> TRAIN @Epoch: 63 >>>  || LOSS Avg: 0.10081
[Wall TIME] >>> Coach.train takes 6.521441 seconds ...
[Epoch 064 Telemetry] Loss: 0.100520 | BPR: 0.049415 | CL: 5.110497 | VRAM: 237.18 MiB | 36923.3 samples/s | 5.92s
[Coach] >>> TRAIN @Epoch: 64 >>>  || LOSS Avg: 0.10052
[Wall TIME] >>> Coach.train takes 5.916196 seconds ...
[Epoch 065 Telemetry] Loss: 0.099784 | BPR: 0.048734 | CL: 5.105036 | VRAM: 237.04 MiB | 36543.7 samples/s | 5.98s
[Coach] >>> TRAIN @Epoch: 65 >>>  || LOSS Avg: 0.09978
[Wall TIME] >>> Coach.train takes 5.977685 seconds ...
[Coach] >>> Better ***NDCG@20*** of ***0.0455*** 
[Coach] >>> VALID @Epoch: 65 >>>  || RECALL@1 Avg: 0.0130 || RECALL@10 Avg: 0.0675 || RECALL@20 Avg: 0.1035 || NDCG@10 Avg: 0.0363 || NDCG@20 Avg: 0.0455
[Wall TIME] >>> Coach.valid takes 1.568775 seconds ...
[Epoch 066 Telemetry] Loss: 0.098924 | BPR: 0.047925 | CL: 5.099873 | VRAM: 237.54 MiB | 34597.3 samples/s | 6.31s
[Coach] >>> TRAIN @Epoch: 66 >>>  || LOSS Avg: 0.09892
[Wall TIME] >>> Coach.train takes 6.313900 seconds ...
[Epoch 067 Telemetry] Loss: 0.098643 | BPR: 0.047692 | CL: 5.095076 | VRAM: 237.51 MiB | 37130.8 samples/s | 5.88s
[Coach] >>> TRAIN @Epoch: 67 >>>  || LOSS Avg: 0.09864
[Wall TIME] >>> Coach.train takes 5.883157 seconds ...
[Epoch 068 Telemetry] Loss: 0.097882 | BPR: 0.046981 | CL: 5.090168 | VRAM: 237.67 MiB | 36781.7 samples/s | 5.94s
[Coach] >>> TRAIN @Epoch: 68 >>>  || LOSS Avg: 0.09788
[Wall TIME] >>> Coach.train takes 5.939042 seconds ...
[Epoch 069 Telemetry] Loss: 0.097406 | BPR: 0.046561 | CL: 5.084504 | VRAM: 237.61 MiB | 34740.0 samples/s | 6.29s
[Coach] >>> TRAIN @Epoch: 69 >>>  || LOSS Avg: 0.09741
[Wall TIME] >>> Coach.train takes 6.287902 seconds ...
[Epoch 070 Telemetry] Loss: 0.096983 | BPR: 0.046182 | CL: 5.080028 | VRAM: 237.77 MiB | 37118.0 samples/s | 5.88s
[Coach] >>> TRAIN @Epoch: 70 >>>  || LOSS Avg: 0.09698
[Wall TIME] >>> Coach.train takes 5.885181 seconds ...
[Coach] >>> Better ***NDCG@20*** of ***0.0457*** 
[Coach] >>> VALID @Epoch: 70 >>>  || RECALL@1 Avg: 0.0131 || RECALL@10 Avg: 0.0684 || RECALL@20 Avg: 0.1041 || NDCG@10 Avg: 0.0366 || NDCG@20 Avg: 0.0457
[Wall TIME] >>> Coach.valid takes 1.554527 seconds ...
[Epoch 071 Telemetry] Loss: 0.096418 | BPR: 0.045666 | CL: 5.075228 | VRAM: 237.06 MiB | 34940.9 samples/s | 6.25s
[Coach] >>> TRAIN @Epoch: 71 >>>  || LOSS Avg: 0.09642
[Wall TIME] >>> Coach.train takes 6.251657 seconds ...
[Epoch 072 Telemetry] Loss: 0.095884 | BPR: 0.045184 | CL: 5.069968 | VRAM: 237.05 MiB | 37404.4 samples/s | 5.84s
[Coach] >>> TRAIN @Epoch: 72 >>>  || LOSS Avg: 0.09588
[Wall TIME] >>> Coach.train takes 5.840144 seconds ...
[Epoch 073 Telemetry] Loss: 0.095740 | BPR: 0.045078 | CL: 5.066206 | VRAM: 237.35 MiB | 35146.6 samples/s | 6.21s
[Coach] >>> TRAIN @Epoch: 73 >>>  || LOSS Avg: 0.09574
[Wall TIME] >>> Coach.train takes 6.215260 seconds ...
[Epoch 074 Telemetry] Loss: 0.095189 | BPR: 0.044582 | CL: 5.060705 | VRAM: 237.06 MiB | 37502.5 samples/s | 5.82s
[Coach] >>> TRAIN @Epoch: 74 >>>  || LOSS Avg: 0.09519
[Wall TIME] >>> Coach.train takes 5.825014 seconds ...
[Epoch 075 Telemetry] Loss: 0.094514 | BPR: 0.043949 | CL: 5.056494 | VRAM: 237.52 MiB | 37227.9 samples/s | 5.87s
[Coach] >>> TRAIN @Epoch: 75 >>>  || LOSS Avg: 0.09451
[Wall TIME] >>> Coach.train takes 5.867996 seconds ...
[Coach] >>> Better ***NDCG@20*** of ***0.0461*** 
[Coach] >>> VALID @Epoch: 75 >>>  || RECALL@1 Avg: 0.0134 || RECALL@10 Avg: 0.0682 || RECALL@20 Avg: 0.1046 || NDCG@10 Avg: 0.0368 || NDCG@20 Avg: 0.0461
[Wall TIME] >>> Coach.valid takes 1.543010 seconds ...
[Epoch 076 Telemetry] Loss: 0.094304 | BPR: 0.043788 | CL: 5.051639 | VRAM: 237.67 MiB | 34287.9 samples/s | 6.37s
[Coach] >>> TRAIN @Epoch: 76 >>>  || LOSS Avg: 0.09430
[Wall TIME] >>> Coach.train takes 6.370902 seconds ...
[Epoch 077 Telemetry] Loss: 0.093597 | BPR: 0.043127 | CL: 5.047028 | VRAM: 237.95 MiB | 36978.4 samples/s | 5.91s
[Coach] >>> TRAIN @Epoch: 77 >>>  || LOSS Avg: 0.09360
[Wall TIME] >>> Coach.train takes 5.907554 seconds ...
[Epoch 078 Telemetry] Loss: 0.093382 | BPR: 0.042960 | CL: 5.042185 | VRAM: 237.45 MiB | 37244.4 samples/s | 5.86s
[Coach] >>> TRAIN @Epoch: 78 >>>  || LOSS Avg: 0.09338
[Wall TIME] >>> Coach.train takes 5.865356 seconds ...
[Epoch 079 Telemetry] Loss: 0.092925 | BPR: 0.042549 | CL: 5.037575 | VRAM: 237.65 MiB | 34892.2 samples/s | 6.26s
[Coach] >>> TRAIN @Epoch: 79 >>>  || LOSS Avg: 0.09292
[Wall TIME] >>> Coach.train takes 6.260621 seconds ...
[Epoch 080 Telemetry] Loss: 0.092244 | BPR: 0.041909 | CL: 5.033496 | VRAM: 237.64 MiB | 37318.6 samples/s | 5.85s
[Coach] >>> TRAIN @Epoch: 80 >>>  || LOSS Avg: 0.09224
[Wall TIME] >>> Coach.train takes 5.853427 seconds ...
[Coach] >>> Better ***NDCG@20*** of ***0.0464*** 
[Coach] >>> VALID @Epoch: 80 >>>  || RECALL@1 Avg: 0.0133 || RECALL@10 Avg: 0.0692 || RECALL@20 Avg: 0.1055 || NDCG@10 Avg: 0.0372 || NDCG@20 Avg: 0.0464
[Wall TIME] >>> Coach.valid takes 1.536233 seconds ...
[Epoch 081 Telemetry] Loss: 0.092014 | BPR: 0.041722 | CL: 5.029193 | VRAM: 237.17 MiB | 34991.0 samples/s | 6.24s
[Coach] >>> TRAIN @Epoch: 81 >>>  || LOSS Avg: 0.09201
[Wall TIME] >>> Coach.train takes 6.242895 seconds ...
[Epoch 082 Telemetry] Loss: 0.092036 | BPR: 0.041784 | CL: 5.025148 | VRAM: 237.39 MiB | 37417.7 samples/s | 5.84s
[Coach] >>> TRAIN @Epoch: 82 >>>  || LOSS Avg: 0.09204
[Wall TIME] >>> Coach.train takes 5.838123 seconds ...
[Epoch 083 Telemetry] Loss: 0.091436 | BPR: 0.041230 | CL: 5.020614 | VRAM: 237.13 MiB | 35443.3 samples/s | 6.16s
[Coach] >>> TRAIN @Epoch: 83 >>>  || LOSS Avg: 0.09144
[Wall TIME] >>> Coach.train takes 6.163111 seconds ...
[Epoch 084 Telemetry] Loss: 0.091200 | BPR: 0.041035 | CL: 5.016492 | VRAM: 237.25 MiB | 37249.4 samples/s | 5.86s
[Coach] >>> TRAIN @Epoch: 84 >>>  || LOSS Avg: 0.09120
[Wall TIME] >>> Coach.train takes 5.864448 seconds ...
[Epoch 085 Telemetry] Loss: 0.090878 | BPR: 0.040759 | CL: 5.011826 | VRAM: 237.10 MiB | 37059.5 samples/s | 5.89s
[Coach] >>> TRAIN @Epoch: 85 >>>  || LOSS Avg: 0.09088
[Wall TIME] >>> Coach.train takes 5.894412 seconds ...
[Coach] >>> VALID @Epoch: 85 >>>  || RECALL@1 Avg: 0.0130 || RECALL@10 Avg: 0.0692 || RECALL@20 Avg: 0.1057 || NDCG@10 Avg: 0.0370 || NDCG@20 Avg: 0.0463
[Wall TIME] >>> Coach.valid takes 1.499304 seconds ...
[Epoch 086 Telemetry] Loss: 0.090734 | BPR: 0.040658 | CL: 5.007665 | VRAM: 237.61 MiB | 35421.0 samples/s | 6.17s
[Coach] >>> TRAIN @Epoch: 86 >>>  || LOSS Avg: 0.09073
[Wall TIME] >>> Coach.train takes 6.167136 seconds ...
[Epoch 087 Telemetry] Loss: 0.090193 | BPR: 0.040149 | CL: 5.004324 | VRAM: 237.52 MiB | 37333.8 samples/s | 5.85s
[Coach] >>> TRAIN @Epoch: 87 >>>  || LOSS Avg: 0.09019
[Wall TIME] >>> Coach.train takes 5.851369 seconds ...
[Epoch 088 Telemetry] Loss: 0.089670 | BPR: 0.039668 | CL: 5.000190 | VRAM: 237.61 MiB | 37415.9 samples/s | 5.84s
[Coach] >>> TRAIN @Epoch: 88 >>>  || LOSS Avg: 0.08967
[Wall TIME] >>> Coach.train takes 5.838218 seconds ...
[Epoch 089 Telemetry] Loss: 0.089705 | BPR: 0.039745 | CL: 4.995960 | VRAM: 237.67 MiB | 34504.7 samples/s | 6.33s
[Coach] >>> TRAIN @Epoch: 89 >>>  || LOSS Avg: 0.08971
[Wall TIME] >>> Coach.train takes 6.330785 seconds ...
[Epoch 090 Telemetry] Loss: 0.089306 | BPR: 0.039389 | CL: 4.991761 | VRAM: 237.67 MiB | 36993.5 samples/s | 5.90s
[Coach] >>> TRAIN @Epoch: 90 >>>  || LOSS Avg: 0.08931
[Wall TIME] >>> Coach.train takes 5.904996 seconds ...
[Coach] >>> Better ***NDCG@20*** of ***0.0465*** 
[Coach] >>> VALID @Epoch: 90 >>>  || RECALL@1 Avg: 0.0131 || RECALL@10 Avg: 0.0696 || RECALL@20 Avg: 0.1061 || NDCG@10 Avg: 0.0372 || NDCG@20 Avg: 0.0465
[Wall TIME] >>> Coach.valid takes 1.569159 seconds ...
[Epoch 091 Telemetry] Loss: 0.088985 | BPR: 0.039103 | CL: 4.988259 | VRAM: 237.10 MiB | 35218.9 samples/s | 6.20s
[Coach] >>> TRAIN @Epoch: 91 >>>  || LOSS Avg: 0.08899
[Wall TIME] >>> Coach.train takes 6.202266 seconds ...
[Epoch 092 Telemetry] Loss: 0.088306 | BPR: 0.038457 | CL: 4.984911 | VRAM: 237.18 MiB | 36695.4 samples/s | 5.95s
[Coach] >>> TRAIN @Epoch: 92 >>>  || LOSS Avg: 0.08831
[Wall TIME] >>> Coach.train takes 5.953072 seconds ...
[Epoch 093 Telemetry] Loss: 0.088277 | BPR: 0.038470 | CL: 4.980641 | VRAM: 237.17 MiB | 35198.5 samples/s | 6.21s
[Coach] >>> TRAIN @Epoch: 93 >>>  || LOSS Avg: 0.08828
[Wall TIME] >>> Coach.train takes 6.205997 seconds ...
[Epoch 094 Telemetry] Loss: 0.088149 | BPR: 0.038378 | CL: 4.977126 | VRAM: 237.24 MiB | 37374.3 samples/s | 5.84s
[Coach] >>> TRAIN @Epoch: 94 >>>  || LOSS Avg: 0.08815
[Wall TIME] >>> Coach.train takes 5.844949 seconds ...
[Epoch 095 Telemetry] Loss: 0.087985 | BPR: 0.038240 | CL: 4.974476 | VRAM: 237.25 MiB | 36784.8 samples/s | 5.94s
[Coach] >>> TRAIN @Epoch: 95 >>>  || LOSS Avg: 0.08798
[Wall TIME] >>> Coach.train takes 5.938729 seconds ...
[Coach] >>> Better ***NDCG@20*** of ***0.0467*** 
[Coach] >>> VALID @Epoch: 95 >>>  || RECALL@1 Avg: 0.0130 || RECALL@10 Avg: 0.0698 || RECALL@20 Avg: 0.1064 || NDCG@10 Avg: 0.0374 || NDCG@20 Avg: 0.0467
[Wall TIME] >>> Coach.valid takes 1.556106 seconds ...
[Epoch 096 Telemetry] Loss: 0.087629 | BPR: 0.037932 | CL: 4.969696 | VRAM: 237.61 MiB | 34907.8 samples/s | 6.26s
[Coach] >>> TRAIN @Epoch: 96 >>>  || LOSS Avg: 0.08763
[Wall TIME] >>> Coach.train takes 6.257725 seconds ...
[Epoch 097 Telemetry] Loss: 0.087670 | BPR: 0.038005 | CL: 4.966482 | VRAM: 237.68 MiB | 37431.1 samples/s | 5.83s
[Coach] >>> TRAIN @Epoch: 97 >>>  || LOSS Avg: 0.08767
[Wall TIME] >>> Coach.train takes 5.835944 seconds ...
[Epoch 098 Telemetry] Loss: 0.087105 | BPR: 0.037477 | CL: 4.962797 | VRAM: 237.54 MiB | 37413.2 samples/s | 5.84s
[Coach] >>> TRAIN @Epoch: 98 >>>  || LOSS Avg: 0.08710
[Wall TIME] >>> Coach.train takes 5.838814 seconds ...
[Epoch 099 Telemetry] Loss: 0.087049 | BPR: 0.037451 | CL: 4.959797 | VRAM: 237.61 MiB | 35484.5 samples/s | 6.16s
[Coach] >>> TRAIN @Epoch: 99 >>>  || LOSS Avg: 0.08705
[Wall TIME] >>> Coach.train takes 6.156271 seconds ...
[Epoch 100 Telemetry] Loss: 0.086770 | BPR: 0.037210 | CL: 4.956019 | VRAM: 237.68 MiB | 36276.7 samples/s | 6.02s
[Coach] >>> TRAIN @Epoch: 100 >>>  || LOSS Avg: 0.08677
[Wall TIME] >>> Coach.train takes 6.022003 seconds ...
[Coach] >>> Better ***NDCG@20*** of ***0.0468*** 
[Coach] >>> VALID @Epoch: 100 >>>  || RECALL@1 Avg: 0.0135 || RECALL@10 Avg: 0.0696 || RECALL@20 Avg: 0.1062 || NDCG@10 Avg: 0.0375 || NDCG@20 Avg: 0.0468
[Wall TIME] >>> Coach.valid takes 1.556840 seconds ...
[Epoch 101 Telemetry] Loss: 0.086148 | BPR: 0.036625 | CL: 4.952355 | VRAM: 237.16 MiB | 34706.5 samples/s | 6.29s
[Coach] >>> TRAIN @Epoch: 101 >>>  || LOSS Avg: 0.08615
[Wall TIME] >>> Coach.train takes 6.294187 seconds ...
[Epoch 102 Telemetry] Loss: 0.086273 | BPR: 0.036781 | CL: 4.949134 | VRAM: 237.10 MiB | 37670.6 samples/s | 5.80s
[Coach] >>> TRAIN @Epoch: 102 >>>  || LOSS Avg: 0.08627
[Wall TIME] >>> Coach.train takes 5.799031 seconds ...
[Epoch 103 Telemetry] Loss: 0.085930 | BPR: 0.036469 | CL: 4.946176 | VRAM: 237.07 MiB | 34700.1 samples/s | 6.29s
[Coach] >>> TRAIN @Epoch: 103 >>>  || LOSS Avg: 0.08593
[Wall TIME] >>> Coach.train takes 6.295121 seconds ...
[Epoch 104 Telemetry] Loss: 0.085843 | BPR: 0.036423 | CL: 4.941940 | VRAM: 237.13 MiB | 37402.5 samples/s | 5.84s
[Coach] >>> TRAIN @Epoch: 104 >>>  || LOSS Avg: 0.08584
[Wall TIME] >>> Coach.train takes 5.840290 seconds ...
[Epoch 105 Telemetry] Loss: 0.086003 | BPR: 0.036609 | CL: 4.939475 | VRAM: 237.17 MiB | 37729.7 samples/s | 5.79s
[Coach] >>> TRAIN @Epoch: 105 >>>  || LOSS Avg: 0.08600
[Wall TIME] >>> Coach.train takes 5.789950 seconds ...
[Coach] >>> Better ***NDCG@20*** of ***0.0473*** 
[Coach] >>> VALID @Epoch: 105 >>>  || RECALL@1 Avg: 0.0137 || RECALL@10 Avg: 0.0705 || RECALL@20 Avg: 0.1073 || NDCG@10 Avg: 0.0379 || NDCG@20 Avg: 0.0473
[Wall TIME] >>> Coach.valid takes 1.544833 seconds ...
[Epoch 106 Telemetry] Loss: 0.085359 | BPR: 0.035998 | CL: 4.936133 | VRAM: 237.64 MiB | 35007.6 samples/s | 6.24s
[Coach] >>> TRAIN @Epoch: 106 >>>  || LOSS Avg: 0.08536
[Wall TIME] >>> Coach.train takes 6.239982 seconds ...
[Epoch 107 Telemetry] Loss: 0.085007 | BPR: 0.035677 | CL: 4.933047 | VRAM: 237.81 MiB | 37465.2 samples/s | 5.83s
[Coach] >>> TRAIN @Epoch: 107 >>>  || LOSS Avg: 0.08501
[Wall TIME] >>> Coach.train takes 5.830775 seconds ...
[Epoch 108 Telemetry] Loss: 0.085035 | BPR: 0.035739 | CL: 4.929624 | VRAM: 237.54 MiB | 37614.2 samples/s | 5.81s
[Coach] >>> TRAIN @Epoch: 108 >>>  || LOSS Avg: 0.08504
[Wall TIME] >>> Coach.train takes 5.807549 seconds ...
[Epoch 109 Telemetry] Loss: 0.084822 | BPR: 0.035551 | CL: 4.927039 | VRAM: 237.67 MiB | 34680.1 samples/s | 6.30s
[Coach] >>> TRAIN @Epoch: 109 >>>  || LOSS Avg: 0.08482
[Wall TIME] >>> Coach.train takes 6.298805 seconds ...
[Epoch 110 Telemetry] Loss: 0.084666 | BPR: 0.035428 | CL: 4.923789 | VRAM: 237.67 MiB | 37608.2 samples/s | 5.81s
[Coach] >>> TRAIN @Epoch: 110 >>>  || LOSS Avg: 0.08467
[Wall TIME] >>> Coach.train takes 5.808474 seconds ...
[Coach] >>> VALID @Epoch: 110 >>>  || RECALL@1 Avg: 0.0135 || RECALL@10 Avg: 0.0702 || RECALL@20 Avg: 0.1075 || NDCG@10 Avg: 0.0376 || NDCG@20 Avg: 0.0471
[Wall TIME] >>> Coach.valid takes 1.523750 seconds ...
[Epoch 111 Telemetry] Loss: 0.084385 | BPR: 0.035179 | CL: 4.920559 | VRAM: 237.02 MiB | 35090.7 samples/s | 6.22s
[Coach] >>> TRAIN @Epoch: 111 >>>  || LOSS Avg: 0.08438
[Wall TIME] >>> Coach.train takes 6.225133 seconds ...
[Epoch 112 Telemetry] Loss: 0.083990 | BPR: 0.034812 | CL: 4.917787 | VRAM: 236.98 MiB | 37416.0 samples/s | 5.84s
[Coach] >>> TRAIN @Epoch: 112 >>>  || LOSS Avg: 0.08399
[Wall TIME] >>> Coach.train takes 5.838124 seconds ...
[Epoch 113 Telemetry] Loss: 0.084132 | BPR: 0.034980 | CL: 4.915206 | VRAM: 237.21 MiB | 34838.9 samples/s | 6.27s
[Coach] >>> TRAIN @Epoch: 113 >>>  || LOSS Avg: 0.08413
[Wall TIME] >>> Coach.train takes 6.270060 seconds ...
[Epoch 114 Telemetry] Loss: 0.083778 | BPR: 0.034656 | CL: 4.912260 | VRAM: 237.12 MiB | 36835.4 samples/s | 5.93s
[Coach] >>> TRAIN @Epoch: 114 >>>  || LOSS Avg: 0.08378
[Wall TIME] >>> Coach.train takes 5.930312 seconds ...
[Epoch 115 Telemetry] Loss: 0.083987 | BPR: 0.034889 | CL: 4.909798 | VRAM: 237.28 MiB | 37208.6 samples/s | 5.87s
[Coach] >>> TRAIN @Epoch: 115 >>>  || LOSS Avg: 0.08399
[Wall TIME] >>> Coach.train takes 5.870842 seconds ...
[Coach] >>> VALID @Epoch: 115 >>>  || RECALL@1 Avg: 0.0137 || RECALL@10 Avg: 0.0699 || RECALL@20 Avg: 0.1072 || NDCG@10 Avg: 0.0377 || NDCG@20 Avg: 0.0472
[Wall TIME] >>> Coach.valid takes 1.506120 seconds ...
[Epoch 116 Telemetry] Loss: 0.083629 | BPR: 0.034567 | CL: 4.906143 | VRAM: 237.58 MiB | 35286.7 samples/s | 6.19s
[Coach] >>> TRAIN @Epoch: 116 >>>  || LOSS Avg: 0.08363
[Wall TIME] >>> Coach.train takes 6.190478 seconds ...
[Epoch 117 Telemetry] Loss: 0.083145 | BPR: 0.034105 | CL: 4.903942 | VRAM: 237.64 MiB | 37507.2 samples/s | 5.82s
[Coach] >>> TRAIN @Epoch: 117 >>>  || LOSS Avg: 0.08314
[Wall TIME] >>> Coach.train takes 5.824154 seconds ...
[Epoch 118 Telemetry] Loss: 0.083607 | BPR: 0.034596 | CL: 4.901106 | VRAM: 237.58 MiB | 37545.4 samples/s | 5.82s
[Coach] >>> TRAIN @Epoch: 118 >>>  || LOSS Avg: 0.08361
[Wall TIME] >>> Coach.train takes 5.818114 seconds ...
[Epoch 119 Telemetry] Loss: 0.082927 | BPR: 0.033942 | CL: 4.898430 | VRAM: 237.68 MiB | 35343.0 samples/s | 6.18s
[Coach] >>> TRAIN @Epoch: 119 >>>  || LOSS Avg: 0.08293
[Wall TIME] >>> Coach.train takes 6.180765 seconds ...
[Epoch 120 Telemetry] Loss: 0.082830 | BPR: 0.033873 | CL: 4.895688 | VRAM: 237.59 MiB | 37138.9 samples/s | 5.88s
[Coach] >>> TRAIN @Epoch: 120 >>>  || LOSS Avg: 0.08283
[Wall TIME] >>> Coach.train takes 5.882065 seconds ...
[Coach] >>> Better ***NDCG@20*** of ***0.0474*** 
[Coach] >>> VALID @Epoch: 120 >>>  || RECALL@1 Avg: 0.0136 || RECALL@10 Avg: 0.0700 || RECALL@20 Avg: 0.1079 || NDCG@10 Avg: 0.0377 || NDCG@20 Avg: 0.0474
[Wall TIME] >>> Coach.valid takes 1.520507 seconds ...
[Epoch 121 Telemetry] Loss: 0.082631 | BPR: 0.033699 | CL: 4.893191 | VRAM: 237.39 MiB | 37362.5 samples/s | 5.85s
[Coach] >>> TRAIN @Epoch: 121 >>>  || LOSS Avg: 0.08263
[Wall TIME] >>> Coach.train takes 5.846575 seconds ...
[Epoch 122 Telemetry] Loss: 0.082546 | BPR: 0.033646 | CL: 4.889940 | VRAM: 237.21 MiB | 37904.0 samples/s | 5.76s
[Coach] >>> TRAIN @Epoch: 122 >>>  || LOSS Avg: 0.08255
[Wall TIME] >>> Coach.train takes 5.763457 seconds ...
[Epoch 123 Telemetry] Loss: 0.082400 | BPR: 0.033523 | CL: 4.887732 | VRAM: 237.10 MiB | 34774.1 samples/s | 6.28s
[Coach] >>> TRAIN @Epoch: 123 >>>  || LOSS Avg: 0.08240
[Wall TIME] >>> Coach.train takes 6.281724 seconds ...
[Epoch 124 Telemetry] Loss: 0.082158 | BPR: 0.033307 | CL: 4.885069 | VRAM: 237.30 MiB | 37639.6 samples/s | 5.80s
[Coach] >>> TRAIN @Epoch: 124 >>>  || LOSS Avg: 0.08216
[Wall TIME] >>> Coach.train takes 5.803688 seconds ...
[Epoch 125 Telemetry] Loss: 0.081935 | BPR: 0.033102 | CL: 4.883318 | VRAM: 237.16 MiB | 37111.5 samples/s | 5.89s
[Coach] >>> TRAIN @Epoch: 125 >>>  || LOSS Avg: 0.08194
[Wall TIME] >>> Coach.train takes 5.886326 seconds ...
[Coach] >>> Better ***NDCG@20*** of ***0.0474*** 
[Coach] >>> VALID @Epoch: 125 >>>  || RECALL@1 Avg: 0.0136 || RECALL@10 Avg: 0.0709 || RECALL@20 Avg: 0.1082 || NDCG@10 Avg: 0.0379 || NDCG@20 Avg: 0.0474
[Wall TIME] >>> Coach.valid takes 1.566774 seconds ...
[Epoch 126 Telemetry] Loss: 0.082121 | BPR: 0.033318 | CL: 4.880307 | VRAM: 237.58 MiB | 34679.9 samples/s | 6.30s
[Coach] >>> TRAIN @Epoch: 126 >>>  || LOSS Avg: 0.08212
[Wall TIME] >>> Coach.train takes 6.298833 seconds ...
[Epoch 127 Telemetry] Loss: 0.081862 | BPR: 0.033084 | CL: 4.877792 | VRAM: 237.75 MiB | 36823.5 samples/s | 5.93s
[Coach] >>> TRAIN @Epoch: 127 >>>  || LOSS Avg: 0.08186
[Wall TIME] >>> Coach.train takes 5.932198 seconds ...
[Epoch 128 Telemetry] Loss: 0.081917 | BPR: 0.033159 | CL: 4.875850 | VRAM: 237.81 MiB | 37155.8 samples/s | 5.88s
[Coach] >>> TRAIN @Epoch: 128 >>>  || LOSS Avg: 0.08192
[Wall TIME] >>> Coach.train takes 5.879287 seconds ...
[Epoch 129 Telemetry] Loss: 0.081643 | BPR: 0.032910 | CL: 4.873317 | VRAM: 237.74 MiB | 35075.8 samples/s | 6.23s
[Coach] >>> TRAIN @Epoch: 129 >>>  || LOSS Avg: 0.08164
[Wall TIME] >>> Coach.train takes 6.227700 seconds ...
[Epoch 130 Telemetry] Loss: 0.081429 | BPR: 0.032725 | CL: 4.870335 | VRAM: 237.64 MiB | 36754.3 samples/s | 5.94s
[Coach] >>> TRAIN @Epoch: 130 >>>  || LOSS Avg: 0.08143
[Wall TIME] >>> Coach.train takes 5.943589 seconds ...
[Coach] >>> VALID @Epoch: 130 >>>  || RECALL@1 Avg: 0.0134 || RECALL@10 Avg: 0.0711 || RECALL@20 Avg: 0.1083 || NDCG@10 Avg: 0.0379 || NDCG@20 Avg: 0.0474
[Wall TIME] >>> Coach.valid takes 1.524348 seconds ...
[Epoch 131 Telemetry] Loss: 0.081414 | BPR: 0.032738 | CL: 4.867672 | VRAM: 237.17 MiB | 34760.1 samples/s | 6.28s
[Coach] >>> TRAIN @Epoch: 131 >>>  || LOSS Avg: 0.08141
[Wall TIME] >>> Coach.train takes 6.284278 seconds ...
[Epoch 132 Telemetry] Loss: 0.081291 | BPR: 0.032630 | CL: 4.866164 | VRAM: 237.17 MiB | 36956.2 samples/s | 5.91s
[Coach] >>> TRAIN @Epoch: 132 >>>  || LOSS Avg: 0.08129
[Wall TIME] >>> Coach.train takes 5.911133 seconds ...
[Epoch 133 Telemetry] Loss: 0.080975 | BPR: 0.032340 | CL: 4.863461 | VRAM: 237.24 MiB | 34446.9 samples/s | 6.34s
[Coach] >>> TRAIN @Epoch: 133 >>>  || LOSS Avg: 0.08097
[Wall TIME] >>> Coach.train takes 6.341454 seconds ...
[Epoch 134 Telemetry] Loss: 0.081082 | BPR: 0.032473 | CL: 4.860871 | VRAM: 237.10 MiB | 37095.4 samples/s | 5.89s
[Coach] >>> TRAIN @Epoch: 134 >>>  || LOSS Avg: 0.08108
[Wall TIME] >>> Coach.train takes 5.888794 seconds ...
[Epoch 135 Telemetry] Loss: 0.081024 | BPR: 0.032436 | CL: 4.858787 | VRAM: 237.00 MiB | 37024.5 samples/s | 5.90s
[Coach] >>> TRAIN @Epoch: 135 >>>  || LOSS Avg: 0.08102
[Wall TIME] >>> Coach.train takes 5.899992 seconds ...
[Coach] >>> Better ***NDCG@20*** of ***0.0475*** 
[Coach] >>> VALID @Epoch: 135 >>>  || RECALL@1 Avg: 0.0136 || RECALL@10 Avg: 0.0715 || RECALL@20 Avg: 0.1082 || NDCG@10 Avg: 0.0382 || NDCG@20 Avg: 0.0475
[Wall TIME] >>> Coach.valid takes 1.555895 seconds ...
[Epoch 136 Telemetry] Loss: 0.080639 | BPR: 0.032073 | CL: 4.856621 | VRAM: 237.58 MiB | 34970.8 samples/s | 6.25s
[Coach] >>> TRAIN @Epoch: 136 >>>  || LOSS Avg: 0.08064
[Wall TIME] >>> Coach.train takes 6.246382 seconds ...
[Epoch 137 Telemetry] Loss: 0.080481 | BPR: 0.031941 | CL: 4.853946 | VRAM: 237.57 MiB | 37027.4 samples/s | 5.90s
[Coach] >>> TRAIN @Epoch: 137 >>>  || LOSS Avg: 0.08048
[Wall TIME] >>> Coach.train takes 5.899494 seconds ...
[Epoch 138 Telemetry] Loss: 0.080356 | BPR: 0.031838 | CL: 4.851834 | VRAM: 237.41 MiB | 36617.4 samples/s | 5.96s
[Coach] >>> TRAIN @Epoch: 138 >>>  || LOSS Avg: 0.08036
[Wall TIME] >>> Coach.train takes 5.965599 seconds ...
[Epoch 139 Telemetry] Loss: 0.080534 | BPR: 0.032031 | CL: 4.850219 | VRAM: 237.58 MiB | 34518.9 samples/s | 6.33s
[Coach] >>> TRAIN @Epoch: 139 >>>  || LOSS Avg: 0.08053
[Wall TIME] >>> Coach.train takes 6.328165 seconds ...
[Epoch 140 Telemetry] Loss: 0.079985 | BPR: 0.031504 | CL: 4.848076 | VRAM: 237.64 MiB | 36902.3 samples/s | 5.92s
[Coach] >>> TRAIN @Epoch: 140 >>>  || LOSS Avg: 0.07998
[Wall TIME] >>> Coach.train takes 5.919464 seconds ...
[Coach] >>> Better ***NDCG@20*** of ***0.0478*** 
[Coach] >>> VALID @Epoch: 140 >>>  || RECALL@1 Avg: 0.0139 || RECALL@10 Avg: 0.0717 || RECALL@20 Avg: 0.1087 || NDCG@10 Avg: 0.0384 || NDCG@20 Avg: 0.0478
[Wall TIME] >>> Coach.valid takes 1.583260 seconds ...
[Epoch 141 Telemetry] Loss: 0.080552 | BPR: 0.032089 | CL: 4.846320 | VRAM: 237.29 MiB | 34711.3 samples/s | 6.29s
[Coach] >>> TRAIN @Epoch: 141 >>>  || LOSS Avg: 0.08055
[Wall TIME] >>> Coach.train takes 6.293138 seconds ...
[Epoch 142 Telemetry] Loss: 0.080274 | BPR: 0.031833 | CL: 4.844038 | VRAM: 237.18 MiB | 37092.9 samples/s | 5.89s
[Coach] >>> TRAIN @Epoch: 142 >>>  || LOSS Avg: 0.08027
[Wall TIME] >>> Coach.train takes 5.888950 seconds ...
[Epoch 143 Telemetry] Loss: 0.079821 | BPR: 0.031399 | CL: 4.842149 | VRAM: 237.12 MiB | 35024.0 samples/s | 6.24s
[Coach] >>> TRAIN @Epoch: 143 >>>  || LOSS Avg: 0.07982
[Wall TIME] >>> Coach.train takes 6.237003 seconds ...
[Epoch 144 Telemetry] Loss: 0.079824 | BPR: 0.031419 | CL: 4.840496 | VRAM: 237.08 MiB | 37321.5 samples/s | 5.85s
[Coach] >>> TRAIN @Epoch: 144 >>>  || LOSS Avg: 0.07982
[Wall TIME] >>> Coach.train takes 5.853243 seconds ...
[Epoch 145 Telemetry] Loss: 0.079741 | BPR: 0.031368 | CL: 4.837275 | VRAM: 237.14 MiB | 36814.2 samples/s | 5.93s
[Coach] >>> TRAIN @Epoch: 145 >>>  || LOSS Avg: 0.07974
[Wall TIME] >>> Coach.train takes 5.933976 seconds ...
[Coach] >>> VALID @Epoch: 145 >>>  || RECALL@1 Avg: 0.0134 || RECALL@10 Avg: 0.0716 || RECALL@20 Avg: 0.1082 || NDCG@10 Avg: 0.0383 || NDCG@20 Avg: 0.0476
[Wall TIME] >>> Coach.valid takes 1.504398 seconds ...
[Epoch 146 Telemetry] Loss: 0.079794 | BPR: 0.031437 | CL: 4.835729 | VRAM: 237.74 MiB | 34745.8 samples/s | 6.29s
[Coach] >>> TRAIN @Epoch: 146 >>>  || LOSS Avg: 0.07979
[Wall TIME] >>> Coach.train takes 6.287053 seconds ...
[Epoch 147 Telemetry] Loss: 0.079517 | BPR: 0.031180 | CL: 4.833714 | VRAM: 237.42 MiB | 37153.7 samples/s | 5.88s
[Coach] >>> TRAIN @Epoch: 147 >>>  || LOSS Avg: 0.07952
[Wall TIME] >>> Coach.train takes 5.879819 seconds ...
[Epoch 148 Telemetry] Loss: 0.079475 | BPR: 0.031151 | CL: 4.832470 | VRAM: 237.59 MiB | 36882.9 samples/s | 5.92s
[Coach] >>> TRAIN @Epoch: 148 >>>  || LOSS Avg: 0.07948
[Wall TIME] >>> Coach.train takes 5.922767 seconds ...
[Epoch 149 Telemetry] Loss: 0.079437 | BPR: 0.031133 | CL: 4.830468 | VRAM: 237.67 MiB | 34969.7 samples/s | 6.25s
[Coach] >>> TRAIN @Epoch: 149 >>>  || LOSS Avg: 0.07944
[Wall TIME] >>> Coach.train takes 6.246555 seconds ...
[Epoch 150 Telemetry] Loss: 0.079268 | BPR: 0.030986 | CL: 4.828229 | VRAM: 237.61 MiB | 37546.4 samples/s | 5.82s
[Coach] >>> TRAIN @Epoch: 150 >>>  || LOSS Avg: 0.07927
[Wall TIME] >>> Coach.train takes 5.818216 seconds ...
[Coach] >>> VALID @Epoch: 150 >>>  || RECALL@1 Avg: 0.0135 || RECALL@10 Avg: 0.0715 || RECALL@20 Avg: 0.1085 || NDCG@10 Avg: 0.0383 || NDCG@20 Avg: 0.0477
[Wall TIME] >>> Coach.valid takes 1.519823 seconds ...
[Epoch 151 Telemetry] Loss: 0.079261 | BPR: 0.030989 | CL: 4.827244 | VRAM: 237.15 MiB | 34090.8 samples/s | 6.41s
[Coach] >>> TRAIN @Epoch: 151 >>>  || LOSS Avg: 0.07926
[Wall TIME] >>> Coach.train takes 6.407585 seconds ...
[Epoch 152 Telemetry] Loss: 0.078888 | BPR: 0.030642 | CL: 4.824566 | VRAM: 237.03 MiB | 36978.7 samples/s | 5.91s
[Coach] >>> TRAIN @Epoch: 152 >>>  || LOSS Avg: 0.07889
[Wall TIME] >>> Coach.train takes 5.907351 seconds ...
[Epoch 153 Telemetry] Loss: 0.078698 | BPR: 0.030476 | CL: 4.822280 | VRAM: 237.27 MiB | 34782.8 samples/s | 6.28s
[Coach] >>> TRAIN @Epoch: 153 >>>  || LOSS Avg: 0.07870
[Wall TIME] >>> Coach.train takes 6.280217 seconds ...
[Epoch 154 Telemetry] Loss: 0.078691 | BPR: 0.030477 | CL: 4.821424 | VRAM: 237.21 MiB | 37190.3 samples/s | 5.87s
[Coach] >>> TRAIN @Epoch: 154 >>>  || LOSS Avg: 0.07869
[Wall TIME] >>> Coach.train takes 5.873658 seconds ...
[Epoch 155 Telemetry] Loss: 0.078916 | BPR: 0.030723 | CL: 4.819324 | VRAM: 237.12 MiB | 36890.1 samples/s | 5.92s
[Coach] >>> TRAIN @Epoch: 155 >>>  || LOSS Avg: 0.07892
[Wall TIME] >>> Coach.train takes 5.921488 seconds ...
[Coach] >>> VALID @Epoch: 155 >>>  || RECALL@1 Avg: 0.0134 || RECALL@10 Avg: 0.0716 || RECALL@20 Avg: 0.1079 || NDCG@10 Avg: 0.0383 || NDCG@20 Avg: 0.0476
[Wall TIME] >>> Coach.valid takes 1.518624 seconds ...
[Epoch 156 Telemetry] Loss: 0.078608 | BPR: 0.030432 | CL: 4.817531 | VRAM: 237.54 MiB | 34968.2 samples/s | 6.25s
[Coach] >>> TRAIN @Epoch: 156 >>>  || LOSS Avg: 0.07861
[Wall TIME] >>> Coach.train takes 6.246819 seconds ...
[Epoch 157 Telemetry] Loss: 0.078648 | BPR: 0.030488 | CL: 4.816034 | VRAM: 237.41 MiB | 37193.4 samples/s | 5.87s
[Coach] >>> TRAIN @Epoch: 157 >>>  || LOSS Avg: 0.07865
[Wall TIME] >>> Coach.train takes 5.873354 seconds ...
[Epoch 158 Telemetry] Loss: 0.078652 | BPR: 0.030509 | CL: 4.814229 | VRAM: 237.71 MiB | 37059.5 samples/s | 5.89s
[Coach] >>> TRAIN @Epoch: 158 >>>  || LOSS Avg: 0.07865
[Wall TIME] >>> Coach.train takes 5.894479 seconds ...
[Epoch 159 Telemetry] Loss: 0.078705 | BPR: 0.030585 | CL: 4.812011 | VRAM: 237.54 MiB | 35032.8 samples/s | 6.23s
[Coach] >>> TRAIN @Epoch: 159 >>>  || LOSS Avg: 0.07871
[Wall TIME] >>> Coach.train takes 6.235558 seconds ...
[Epoch 160 Telemetry] Loss: 0.078351 | BPR: 0.030255 | CL: 4.809594 | VRAM: 237.45 MiB | 37306.9 samples/s | 5.85s
[Coach] >>> TRAIN @Epoch: 160 >>>  || LOSS Avg: 0.07835
[Wall TIME] >>> Coach.train takes 5.855514 seconds ...
[Coach] >>> Better ***NDCG@20*** of ***0.0478*** 
[Coach] >>> VALID @Epoch: 160 >>>  || RECALL@1 Avg: 0.0139 || RECALL@10 Avg: 0.0721 || RECALL@20 Avg: 0.1077 || NDCG@10 Avg: 0.0387 || NDCG@20 Avg: 0.0478
[Wall TIME] >>> Coach.valid takes 1.555894 seconds ...
[Epoch 161 Telemetry] Loss: 0.077978 | BPR: 0.029893 | CL: 4.808506 | VRAM: 237.36 MiB | 34625.9 samples/s | 6.31s
[Coach] >>> TRAIN @Epoch: 161 >>>  || LOSS Avg: 0.07798
[Wall TIME] >>> Coach.train takes 6.308523 seconds ...
[Epoch 162 Telemetry] Loss: 0.078320 | BPR: 0.030255 | CL: 4.806510 | VRAM: 237.10 MiB | 37337.7 samples/s | 5.85s
[Coach] >>> TRAIN @Epoch: 162 >>>  || LOSS Avg: 0.07832
[Wall TIME] >>> Coach.train takes 5.850393 seconds ...
[Epoch 163 Telemetry] Loss: 0.078038 | BPR: 0.029991 | CL: 4.804714 | VRAM: 237.30 MiB | 34238.5 samples/s | 6.38s
[Coach] >>> TRAIN @Epoch: 163 >>>  || LOSS Avg: 0.07804
[Wall TIME] >>> Coach.train takes 6.380011 seconds ...
[Epoch 164 Telemetry] Loss: 0.078231 | BPR: 0.030199 | CL: 4.803253 | VRAM: 237.10 MiB | 36768.5 samples/s | 5.94s
[Coach] >>> TRAIN @Epoch: 164 >>>  || LOSS Avg: 0.07823
[Wall TIME] >>> Coach.train takes 5.941093 seconds ...
[Epoch 165 Telemetry] Loss: 0.077989 | BPR: 0.029970 | CL: 4.801835 | VRAM: 237.38 MiB | 36887.3 samples/s | 5.92s
[Coach] >>> TRAIN @Epoch: 165 >>>  || LOSS Avg: 0.07799
[Wall TIME] >>> Coach.train takes 5.922007 seconds ...
[Coach] >>> Better ***NDCG@20*** of ***0.0479*** 
[Coach] >>> VALID @Epoch: 165 >>>  || RECALL@1 Avg: 0.0143 || RECALL@10 Avg: 0.0712 || RECALL@20 Avg: 0.1082 || NDCG@10 Avg: 0.0385 || NDCG@20 Avg: 0.0479
[Wall TIME] >>> Coach.valid takes 1.556562 seconds ...
[Epoch 166 Telemetry] Loss: 0.078058 | BPR: 0.030056 | CL: 4.800228 | VRAM: 237.55 MiB | 34952.0 samples/s | 6.25s
[Coach] >>> TRAIN @Epoch: 166 >>>  || LOSS Avg: 0.07806
[Wall TIME] >>> Coach.train takes 6.249701 seconds ...
[Epoch 167 Telemetry] Loss: 0.077898 | BPR: 0.029913 | CL: 4.798531 | VRAM: 237.77 MiB | 37118.9 samples/s | 5.88s
[Coach] >>> TRAIN @Epoch: 167 >>>  || LOSS Avg: 0.07790
[Wall TIME] >>> Coach.train takes 5.884979 seconds ...
[Epoch 168 Telemetry] Loss: 0.077605 | BPR: 0.029635 | CL: 4.796988 | VRAM: 237.51 MiB | 37058.3 samples/s | 5.89s
[Coach] >>> TRAIN @Epoch: 168 >>>  || LOSS Avg: 0.07761
[Wall TIME] >>> Coach.train takes 5.894714 seconds ...
[Epoch 169 Telemetry] Loss: 0.077646 | BPR: 0.029690 | CL: 4.795647 | VRAM: 237.81 MiB | 35108.5 samples/s | 6.22s
[Coach] >>> TRAIN @Epoch: 169 >>>  || LOSS Avg: 0.07765
[Wall TIME] >>> Coach.train takes 6.221921 seconds ...
[Epoch 170 Telemetry] Loss: 0.077783 | BPR: 0.029838 | CL: 4.794472 | VRAM: 237.68 MiB | 37126.6 samples/s | 5.88s
[Coach] >>> TRAIN @Epoch: 170 >>>  || LOSS Avg: 0.07778
[Wall TIME] >>> Coach.train takes 5.883736 seconds ...
[Coach] >>> Better ***NDCG@20*** of ***0.0479*** 
[Coach] >>> VALID @Epoch: 170 >>>  || RECALL@1 Avg: 0.0141 || RECALL@10 Avg: 0.0721 || RECALL@20 Avg: 0.1083 || NDCG@10 Avg: 0.0387 || NDCG@20 Avg: 0.0479
[Wall TIME] >>> Coach.valid takes 1.568308 seconds ...
[Epoch 171 Telemetry] Loss: 0.077571 | BPR: 0.029643 | CL: 4.792804 | VRAM: 237.29 MiB | 35502.1 samples/s | 6.15s
[Coach] >>> TRAIN @Epoch: 171 >>>  || LOSS Avg: 0.07757
[Wall TIME] >>> Coach.train takes 6.152989 seconds ...
[Epoch 172 Telemetry] Loss: 0.077418 | BPR: 0.029508 | CL: 4.791042 | VRAM: 236.94 MiB | 37246.3 samples/s | 5.86s
[Coach] >>> TRAIN @Epoch: 172 >>>  || LOSS Avg: 0.07742
[Wall TIME] >>> Coach.train takes 5.864949 seconds ...
[Epoch 173 Telemetry] Loss: 0.077129 | BPR: 0.029230 | CL: 4.789882 | VRAM: 237.38 MiB | 34782.0 samples/s | 6.28s
[Coach] >>> TRAIN @Epoch: 173 >>>  || LOSS Avg: 0.07713
[Wall TIME] >>> Coach.train takes 6.280201 seconds ...
[Epoch 174 Telemetry] Loss: 0.077333 | BPR: 0.029450 | CL: 4.788382 | VRAM: 237.23 MiB | 37032.5 samples/s | 5.90s
[Coach] >>> TRAIN @Epoch: 174 >>>  || LOSS Avg: 0.07733
[Wall TIME] >>> Coach.train takes 5.899113 seconds ...
[Epoch 175 Telemetry] Loss: 0.077151 | BPR: 0.029283 | CL: 4.786832 | VRAM: 237.10 MiB | 36874.0 samples/s | 5.92s
[Coach] >>> TRAIN @Epoch: 175 >>>  || LOSS Avg: 0.07715
[Wall TIME] >>> Coach.train takes 5.924108 seconds ...
[Coach] >>> Better ***NDCG@20*** of ***0.0480*** 
[Coach] >>> VALID @Epoch: 175 >>>  || RECALL@1 Avg: 0.0142 || RECALL@10 Avg: 0.0721 || RECALL@20 Avg: 0.1084 || NDCG@10 Avg: 0.0388 || NDCG@20 Avg: 0.0480
[Wall TIME] >>> Coach.valid takes 1.553566 seconds ...
[Epoch 176 Telemetry] Loss: 0.077333 | BPR: 0.029486 | CL: 4.784698 | VRAM: 237.57 MiB | 34906.7 samples/s | 6.26s
[Coach] >>> TRAIN @Epoch: 176 >>>  || LOSS Avg: 0.07733
[Wall TIME] >>> Coach.train takes 6.257814 seconds ...
[Epoch 177 Telemetry] Loss: 0.077343 | BPR: 0.029508 | CL: 4.783522 | VRAM: 237.61 MiB | 37269.4 samples/s | 5.86s
[Coach] >>> TRAIN @Epoch: 177 >>>  || LOSS Avg: 0.07734
[Wall TIME] >>> Coach.train takes 5.861387 seconds ...
[Epoch 178 Telemetry] Loss: 0.077068 | BPR: 0.029245 | CL: 4.782281 | VRAM: 237.67 MiB | 36865.6 samples/s | 5.92s
[Coach] >>> TRAIN @Epoch: 178 >>>  || LOSS Avg: 0.07707
[Wall TIME] >>> Coach.train takes 5.925419 seconds ...
[Epoch 179 Telemetry] Loss: 0.077034 | BPR: 0.029229 | CL: 4.780487 | VRAM: 237.87 MiB | 35102.9 samples/s | 6.22s
[Coach] >>> TRAIN @Epoch: 179 >>>  || LOSS Avg: 0.07703
[Wall TIME] >>> Coach.train takes 6.222870 seconds ...
[Epoch 180 Telemetry] Loss: 0.077049 | BPR: 0.029257 | CL: 4.779214 | VRAM: 237.81 MiB | 37084.0 samples/s | 5.89s
[Coach] >>> TRAIN @Epoch: 180 >>>  || LOSS Avg: 0.07705
[Wall TIME] >>> Coach.train takes 5.890667 seconds ...
[Coach] >>> VALID @Epoch: 180 >>>  || RECALL@1 Avg: 0.0144 || RECALL@10 Avg: 0.0718 || RECALL@20 Avg: 0.1084 || NDCG@10 Avg: 0.0387 || NDCG@20 Avg: 0.0480
[Wall TIME] >>> Coach.valid takes 1.506466 seconds ...
[Epoch 181 Telemetry] Loss: 0.077150 | BPR: 0.029369 | CL: 4.778046 | VRAM: 237.10 MiB | 34894.2 samples/s | 6.26s
[Coach] >>> TRAIN @Epoch: 181 >>>  || LOSS Avg: 0.07715
[Wall TIME] >>> Coach.train takes 6.260000 seconds ...
[Epoch 182 Telemetry] Loss: 0.076827 | BPR: 0.029059 | CL: 4.776821 | VRAM: 237.05 MiB | 37345.9 samples/s | 5.85s
[Coach] >>> TRAIN @Epoch: 182 >>>  || LOSS Avg: 0.07683
[Wall TIME] >>> Coach.train takes 5.849228 seconds ...
[Epoch 183 Telemetry] Loss: 0.076552 | BPR: 0.028797 | CL: 4.775493 | VRAM: 237.09 MiB | 34607.2 samples/s | 6.31s
[Coach] >>> TRAIN @Epoch: 183 >>>  || LOSS Avg: 0.07655
[Wall TIME] >>> Coach.train takes 6.311957 seconds ...
[Epoch 184 Telemetry] Loss: 0.076854 | BPR: 0.029112 | CL: 4.774282 | VRAM: 237.17 MiB | 37328.5 samples/s | 5.85s
[Coach] >>> TRAIN @Epoch: 184 >>>  || LOSS Avg: 0.07685
[Wall TIME] >>> Coach.train takes 5.852245 seconds ...
[Epoch 185 Telemetry] Loss: 0.076710 | BPR: 0.028987 | CL: 4.772278 | VRAM: 237.15 MiB | 37126.1 samples/s | 5.88s
[Coach] >>> TRAIN @Epoch: 185 >>>  || LOSS Avg: 0.07671
[Wall TIME] >>> Coach.train takes 5.883981 seconds ...
[Coach] >>> VALID @Epoch: 185 >>>  || RECALL@1 Avg: 0.0137 || RECALL@10 Avg: 0.0717 || RECALL@20 Avg: 0.1085 || NDCG@10 Avg: 0.0385 || NDCG@20 Avg: 0.0479
[Wall TIME] >>> Coach.valid takes 1.482884 seconds ...
[Epoch 186 Telemetry] Loss: 0.076617 | BPR: 0.028909 | CL: 4.770752 | VRAM: 237.70 MiB | 34285.6 samples/s | 6.37s
[Coach] >>> TRAIN @Epoch: 186 >>>  || LOSS Avg: 0.07662
[Wall TIME] >>> Coach.train takes 6.371444 seconds ...
[Epoch 187 Telemetry] Loss: 0.076498 | BPR: 0.028802 | CL: 4.769608 | VRAM: 237.51 MiB | 36871.3 samples/s | 5.92s
[Coach] >>> TRAIN @Epoch: 187 >>>  || LOSS Avg: 0.07650
[Wall TIME] >>> Coach.train takes 5.924703 seconds ...
[Epoch 188 Telemetry] Loss: 0.076446 | BPR: 0.028758 | CL: 4.768775 | VRAM: 237.58 MiB | 36909.6 samples/s | 5.92s
[Coach] >>> TRAIN @Epoch: 188 >>>  || LOSS Avg: 0.07645
[Wall TIME] >>> Coach.train takes 5.918462 seconds ...
[Epoch 189 Telemetry] Loss: 0.076460 | BPR: 0.028783 | CL: 4.767726 | VRAM: 237.57 MiB | 34813.1 samples/s | 6.27s
[Coach] >>> TRAIN @Epoch: 189 >>>  || LOSS Avg: 0.07646
[Wall TIME] >>> Coach.train takes 6.274740 seconds ...
[Epoch 190 Telemetry] Loss: 0.076421 | BPR: 0.028760 | CL: 4.766096 | VRAM: 237.61 MiB | 37507.5 samples/s | 5.82s
[Coach] >>> TRAIN @Epoch: 190 >>>  || LOSS Avg: 0.07642
[Wall TIME] >>> Coach.train takes 5.824175 seconds ...
[Coach] >>> VALID @Epoch: 190 >>>  || RECALL@1 Avg: 0.0142 || RECALL@10 Avg: 0.0725 || RECALL@20 Avg: 0.1084 || NDCG@10 Avg: 0.0389 || NDCG@20 Avg: 0.0480
[Wall TIME] >>> Coach.valid takes 1.507034 seconds ...
[Epoch 191 Telemetry] Loss: 0.076316 | BPR: 0.028679 | CL: 4.763693 | VRAM: 237.03 MiB | 34990.9 samples/s | 6.24s
[Coach] >>> TRAIN @Epoch: 191 >>>  || LOSS Avg: 0.07632
[Wall TIME] >>> Coach.train takes 6.242915 seconds ...
[Epoch 192 Telemetry] Loss: 0.076162 | BPR: 0.028525 | CL: 4.763749 | VRAM: 237.07 MiB | 37328.4 samples/s | 5.85s
[Coach] >>> TRAIN @Epoch: 192 >>>  || LOSS Avg: 0.07616
[Wall TIME] >>> Coach.train takes 5.851817 seconds ...
[Epoch 193 Telemetry] Loss: 0.075991 | BPR: 0.028373 | CL: 4.761837 | VRAM: 236.98 MiB | 35213.4 samples/s | 6.20s
[Coach] >>> TRAIN @Epoch: 193 >>>  || LOSS Avg: 0.07599
[Wall TIME] >>> Coach.train takes 6.203246 seconds ...
[Epoch 194 Telemetry] Loss: 0.076096 | BPR: 0.028487 | CL: 4.760929 | VRAM: 237.25 MiB | 37349.8 samples/s | 5.85s
[Coach] >>> TRAIN @Epoch: 194 >>>  || LOSS Avg: 0.07610
[Wall TIME] >>> Coach.train takes 5.848684 seconds ...
[Epoch 195 Telemetry] Loss: 0.075836 | BPR: 0.028238 | CL: 4.759845 | VRAM: 237.27 MiB | 37489.4 samples/s | 5.83s
[Coach] >>> TRAIN @Epoch: 195 >>>  || LOSS Avg: 0.07584
[Wall TIME] >>> Coach.train takes 5.826724 seconds ...
[Coach] >>> Better ***NDCG@20*** of ***0.0481*** 
[Coach] >>> VALID @Epoch: 195 >>>  || RECALL@1 Avg: 0.0142 || RECALL@10 Avg: 0.0727 || RECALL@20 Avg: 0.1083 || NDCG@10 Avg: 0.0390 || NDCG@20 Avg: 0.0481
[Wall TIME] >>> Coach.valid takes 1.567211 seconds ...
[Epoch 196 Telemetry] Loss: 0.075808 | BPR: 0.028223 | CL: 4.758594 | VRAM: 237.58 MiB | 35158.0 samples/s | 6.21s
[Coach] >>> TRAIN @Epoch: 196 >>>  || LOSS Avg: 0.07581
[Wall TIME] >>> Coach.train takes 6.213075 seconds ...
[Epoch 197 Telemetry] Loss: 0.075719 | BPR: 0.028138 | CL: 4.758082 | VRAM: 237.77 MiB | 38060.4 samples/s | 5.74s
[Coach] >>> TRAIN @Epoch: 197 >>>  || LOSS Avg: 0.07572
[Wall TIME] >>> Coach.train takes 5.739607 seconds ...
[Epoch 198 Telemetry] Loss: 0.076117 | BPR: 0.028553 | CL: 4.756373 | VRAM: 237.64 MiB | 37683.0 samples/s | 5.80s
[Coach] >>> TRAIN @Epoch: 198 >>>  || LOSS Avg: 0.07612
[Wall TIME] >>> Coach.train takes 5.796939 seconds ...
[Epoch 199 Telemetry] Loss: 0.075867 | BPR: 0.028307 | CL: 4.755995 | VRAM: 237.74 MiB | 35023.1 samples/s | 6.24s
[Coach] >>> TRAIN @Epoch: 199 >>>  || LOSS Avg: 0.07587
[Wall TIME] >>> Coach.train takes 6.237263 seconds ...
[Epoch 200 Telemetry] Loss: 0.075936 | BPR: 0.028398 | CL: 4.753796 | VRAM: 237.71 MiB | 37026.8 samples/s | 5.90s
[Coach] >>> TRAIN @Epoch: 200 >>>  || LOSS Avg: 0.07594
[Wall TIME] >>> Coach.train takes 5.899834 seconds ...
[Coach] >>> Better ***NDCG@20*** of ***0.0484*** 
[Coach] >>> VALID @Epoch: 200 >>>  || RECALL@1 Avg: 0.0143 || RECALL@10 Avg: 0.0721 || RECALL@20 Avg: 0.1095 || NDCG@10 Avg: 0.0389 || NDCG@20 Avg: 0.0484
[Wall TIME] >>> Coach.valid takes 1.599567 seconds ...
[Epoch 201 Telemetry] Loss: 0.075828 | BPR: 0.028303 | CL: 4.752514 | VRAM: 237.17 MiB | 35092.4 samples/s | 6.22s
[Coach] >>> TRAIN @Epoch: 201 >>>  || LOSS Avg: 0.07583
[Wall TIME] >>> Coach.train takes 6.224878 seconds ...
[Epoch 202 Telemetry] Loss: 0.075672 | BPR: 0.028153 | CL: 4.751986 | VRAM: 237.06 MiB | 37241.8 samples/s | 5.86s
[Coach] >>> TRAIN @Epoch: 202 >>>  || LOSS Avg: 0.07567
[Wall TIME] >>> Coach.train takes 5.865648 seconds ...
[Epoch 203 Telemetry] Loss: 0.075921 | BPR: 0.028412 | CL: 4.750896 | VRAM: 237.10 MiB | 35378.6 samples/s | 6.17s
[Coach] >>> TRAIN @Epoch: 203 >>>  || LOSS Avg: 0.07592
[Wall TIME] >>> Coach.train takes 6.174438 seconds ...
[Epoch 204 Telemetry] Loss: 0.075628 | BPR: 0.028123 | CL: 4.750528 | VRAM: 237.13 MiB | 37375.6 samples/s | 5.84s
[Coach] >>> TRAIN @Epoch: 204 >>>  || LOSS Avg: 0.07563
[Wall TIME] >>> Coach.train takes 5.844564 seconds ...
[Epoch 205 Telemetry] Loss: 0.075102 | BPR: 0.027617 | CL: 4.748468 | VRAM: 237.24 MiB | 37222.6 samples/s | 5.87s
[Coach] >>> TRAIN @Epoch: 205 >>>  || LOSS Avg: 0.07510
[Wall TIME] >>> Coach.train takes 5.868529 seconds ...
[Coach] >>> Better ***NDCG@20*** of ***0.0485*** 
[Coach] >>> VALID @Epoch: 205 >>>  || RECALL@1 Avg: 0.0145 || RECALL@10 Avg: 0.0726 || RECALL@20 Avg: 0.1090 || NDCG@10 Avg: 0.0392 || NDCG@20 Avg: 0.0485
[Wall TIME] >>> Coach.valid takes 1.559208 seconds ...
[Epoch 206 Telemetry] Loss: 0.075446 | BPR: 0.027970 | CL: 4.747605 | VRAM: 237.62 MiB | 35162.9 samples/s | 6.21s
[Coach] >>> TRAIN @Epoch: 206 >>>  || LOSS Avg: 0.07545
[Wall TIME] >>> Coach.train takes 6.212228 seconds ...
[Epoch 207 Telemetry] Loss: 0.075601 | BPR: 0.028138 | CL: 4.746331 | VRAM: 237.64 MiB | 37186.1 samples/s | 5.87s
[Coach] >>> TRAIN @Epoch: 207 >>>  || LOSS Avg: 0.07560
[Wall TIME] >>> Coach.train takes 5.874290 seconds ...
[Epoch 208 Telemetry] Loss: 0.075574 | BPR: 0.028119 | CL: 4.745498 | VRAM: 237.58 MiB | 37457.5 samples/s | 5.83s
[Coach] >>> TRAIN @Epoch: 208 >>>  || LOSS Avg: 0.07557
[Wall TIME] >>> Coach.train takes 5.831953 seconds ...
[Epoch 209 Telemetry] Loss: 0.075295 | BPR: 0.027849 | CL: 4.744609 | VRAM: 237.71 MiB | 35198.8 samples/s | 6.21s
[Coach] >>> TRAIN @Epoch: 209 >>>  || LOSS Avg: 0.07529
[Wall TIME] >>> Coach.train takes 6.205979 seconds ...
[Epoch 210 Telemetry] Loss: 0.075453 | BPR: 0.028014 | CL: 4.743951 | VRAM: 237.62 MiB | 37650.3 samples/s | 5.80s
[Coach] >>> TRAIN @Epoch: 210 >>>  || LOSS Avg: 0.07545
[Wall TIME] >>> Coach.train takes 5.801897 seconds ...
[Coach] >>> VALID @Epoch: 210 >>>  || RECALL@1 Avg: 0.0141 || RECALL@10 Avg: 0.0723 || RECALL@20 Avg: 0.1090 || NDCG@10 Avg: 0.0390 || NDCG@20 Avg: 0.0484
[Wall TIME] >>> Coach.valid takes 1.508755 seconds ...
[Epoch 211 Telemetry] Loss: 0.075291 | BPR: 0.027863 | CL: 4.742750 | VRAM: 237.01 MiB | 35041.2 samples/s | 6.23s
[Coach] >>> TRAIN @Epoch: 211 >>>  || LOSS Avg: 0.07529
[Wall TIME] >>> Coach.train takes 6.233674 seconds ...
[Epoch 212 Telemetry] Loss: 0.074955 | BPR: 0.027537 | CL: 4.741707 | VRAM: 237.10 MiB | 36985.2 samples/s | 5.91s
[Coach] >>> TRAIN @Epoch: 212 >>>  || LOSS Avg: 0.07495
[Wall TIME] >>> Coach.train takes 5.906263 seconds ...
[Epoch 213 Telemetry] Loss: 0.075043 | BPR: 0.027629 | CL: 4.741408 | VRAM: 237.14 MiB | 34738.6 samples/s | 6.29s
[Coach] >>> TRAIN @Epoch: 213 >>>  || LOSS Avg: 0.07504
[Wall TIME] >>> Coach.train takes 6.288153 seconds ...
[Epoch 214 Telemetry] Loss: 0.075150 | BPR: 0.027756 | CL: 4.739383 | VRAM: 236.99 MiB | 37237.6 samples/s | 5.87s
[Coach] >>> TRAIN @Epoch: 214 >>>  || LOSS Avg: 0.07515
[Wall TIME] >>> Coach.train takes 5.866440 seconds ...
[Epoch 215 Telemetry] Loss: 0.075265 | BPR: 0.027874 | CL: 4.739181 | VRAM: 236.99 MiB | 36879.7 samples/s | 5.92s
[Coach] >>> TRAIN @Epoch: 215 >>>  || LOSS Avg: 0.07527
[Wall TIME] >>> Coach.train takes 5.923330 seconds ...
[Coach] >>> Better ***NDCG@20*** of ***0.0485*** 
[Coach] >>> VALID @Epoch: 215 >>>  || RECALL@1 Avg: 0.0145 || RECALL@10 Avg: 0.0726 || RECALL@20 Avg: 0.1090 || NDCG@10 Avg: 0.0392 || NDCG@20 Avg: 0.0485
[Wall TIME] >>> Coach.valid takes 1.553751 seconds ...
[Epoch 216 Telemetry] Loss: 0.074950 | BPR: 0.027572 | CL: 4.737835 | VRAM: 237.68 MiB | 35453.3 samples/s | 6.16s
[Coach] >>> TRAIN @Epoch: 216 >>>  || LOSS Avg: 0.07495
[Wall TIME] >>> Coach.train takes 6.161495 seconds ...
[Epoch 217 Telemetry] Loss: 0.074924 | BPR: 0.027553 | CL: 4.737144 | VRAM: 237.54 MiB | 39934.4 samples/s | 5.47s
[Coach] >>> TRAIN @Epoch: 217 >>>  || LOSS Avg: 0.07492
[Wall TIME] >>> Coach.train takes 5.470181 seconds ...
[Epoch 218 Telemetry] Loss: 0.074856 | BPR: 0.027493 | CL: 4.736260 | VRAM: 237.58 MiB | 39377.3 samples/s | 5.55s
[Coach] >>> TRAIN @Epoch: 218 >>>  || LOSS Avg: 0.07486
[Wall TIME] >>> Coach.train takes 5.547486 seconds ...
[Epoch 219 Telemetry] Loss: 0.075058 | BPR: 0.027702 | CL: 4.735543 | VRAM: 237.77 MiB | 37445.7 samples/s | 5.83s
[Coach] >>> TRAIN @Epoch: 219 >>>  || LOSS Avg: 0.07506
[Wall TIME] >>> Coach.train takes 5.833601 seconds ...
[Epoch 220 Telemetry] Loss: 0.074708 | BPR: 0.027373 | CL: 4.733482 | VRAM: 237.52 MiB | 39471.4 samples/s | 5.53s
[Coach] >>> TRAIN @Epoch: 220 >>>  || LOSS Avg: 0.07471
[Wall TIME] >>> Coach.train takes 5.534240 seconds ...
[Coach] >>> Better ***NDCG@20*** of ***0.0486*** 
[Coach] >>> VALID @Epoch: 220 >>>  || RECALL@1 Avg: 0.0145 || RECALL@10 Avg: 0.0723 || RECALL@20 Avg: 0.1092 || NDCG@10 Avg: 0.0392 || NDCG@20 Avg: 0.0486
[Wall TIME] >>> Coach.valid takes 1.509857 seconds ...
[Epoch 221 Telemetry] Loss: 0.074602 | BPR: 0.027265 | CL: 4.733716 | VRAM: 237.09 MiB | 37403.7 samples/s | 5.84s
[Coach] >>> TRAIN @Epoch: 221 >>>  || LOSS Avg: 0.07460
[Wall TIME] >>> Coach.train takes 5.840086 seconds ...
[Epoch 222 Telemetry] Loss: 0.074856 | BPR: 0.027522 | CL: 4.733322 | VRAM: 237.15 MiB | 39807.6 samples/s | 5.49s
[Coach] >>> TRAIN @Epoch: 222 >>>  || LOSS Avg: 0.07486
[Wall TIME] >>> Coach.train takes 5.487613 seconds ...
[Epoch 223 Telemetry] Loss: 0.074876 | BPR: 0.027560 | CL: 4.731571 | VRAM: 237.10 MiB | 37105.9 samples/s | 5.89s
[Coach] >>> TRAIN @Epoch: 223 >>>  || LOSS Avg: 0.07488
[Wall TIME] >>> Coach.train takes 5.886968 seconds ...
[Epoch 224 Telemetry] Loss: 0.074665 | BPR: 0.027360 | CL: 4.730507 | VRAM: 237.10 MiB | 39964.1 samples/s | 5.47s
[Coach] >>> TRAIN @Epoch: 224 >>>  || LOSS Avg: 0.07466
[Wall TIME] >>> Coach.train takes 5.466050 seconds ...
[Epoch 225 Telemetry] Loss: 0.074677 | BPR: 0.027378 | CL: 4.729803 | VRAM: 237.22 MiB | 39244.5 samples/s | 5.57s
[Coach] >>> TRAIN @Epoch: 225 >>>  || LOSS Avg: 0.07468
[Wall TIME] >>> Coach.train takes 5.566233 seconds ...
[Coach] >>> VALID @Epoch: 225 >>>  || RECALL@1 Avg: 0.0143 || RECALL@10 Avg: 0.0724 || RECALL@20 Avg: 0.1090 || NDCG@10 Avg: 0.0391 || NDCG@20 Avg: 0.0484
[Wall TIME] >>> Coach.valid takes 1.465337 seconds ...
[Epoch 226 Telemetry] Loss: 0.074624 | BPR: 0.027332 | CL: 4.729156 | VRAM: 237.67 MiB | 37215.3 samples/s | 5.87s
[Coach] >>> TRAIN @Epoch: 226 >>>  || LOSS Avg: 0.07462
[Wall TIME] >>> Coach.train takes 5.869597 seconds ...
[Epoch 227 Telemetry] Loss: 0.074582 | BPR: 0.027299 | CL: 4.728253 | VRAM: 237.58 MiB | 39945.6 samples/s | 5.47s
[Coach] >>> TRAIN @Epoch: 227 >>>  || LOSS Avg: 0.07458
[Wall TIME] >>> Coach.train takes 5.468616 seconds ...
[Epoch 228 Telemetry] Loss: 0.074806 | BPR: 0.027534 | CL: 4.727247 | VRAM: 237.74 MiB | 39627.3 samples/s | 5.51s
[Coach] >>> TRAIN @Epoch: 228 >>>  || LOSS Avg: 0.07481
[Wall TIME] >>> Coach.train takes 5.512503 seconds ...
[Epoch 229 Telemetry] Loss: 0.074324 | BPR: 0.027057 | CL: 4.726681 | VRAM: 237.54 MiB | 37638.5 samples/s | 5.80s
[Coach] >>> TRAIN @Epoch: 229 >>>  || LOSS Avg: 0.07432
[Wall TIME] >>> Coach.train takes 5.803626 seconds ...
[Epoch 230 Telemetry] Loss: 0.074585 | BPR: 0.027326 | CL: 4.725918 | VRAM: 237.48 MiB | 39147.8 samples/s | 5.58s
[Coach] >>> TRAIN @Epoch: 230 >>>  || LOSS Avg: 0.07459
[Wall TIME] >>> Coach.train takes 5.580253 seconds ...
[Coach] >>> VALID @Epoch: 230 >>>  || RECALL@1 Avg: 0.0143 || RECALL@10 Avg: 0.0726 || RECALL@20 Avg: 0.1090 || NDCG@10 Avg: 0.0392 || NDCG@20 Avg: 0.0485
[Wall TIME] >>> Coach.valid takes 1.499394 seconds ...
[Epoch 231 Telemetry] Loss: 0.074392 | BPR: 0.027144 | CL: 4.724728 | VRAM: 237.09 MiB | 34781.0 samples/s | 6.28s
[Coach] >>> TRAIN @Epoch: 231 >>>  || LOSS Avg: 0.07439
[Wall TIME] >>> Coach.train takes 6.280442 seconds ...
[Epoch 232 Telemetry] Loss: 0.074455 | BPR: 0.027210 | CL: 4.724458 | VRAM: 237.08 MiB | 37766.0 samples/s | 5.78s
[Coach] >>> TRAIN @Epoch: 232 >>>  || LOSS Avg: 0.07445
[Wall TIME] >>> Coach.train takes 5.784179 seconds ...
[Epoch 233 Telemetry] Loss: 0.074349 | BPR: 0.027111 | CL: 4.723768 | VRAM: 237.12 MiB | 35123.4 samples/s | 6.22s
[Coach] >>> TRAIN @Epoch: 233 >>>  || LOSS Avg: 0.07435
[Wall TIME] >>> Coach.train takes 6.219132 seconds ...
[Epoch 234 Telemetry] Loss: 0.074121 | BPR: 0.026895 | CL: 4.722668 | VRAM: 237.05 MiB | 37543.5 samples/s | 5.82s
[Coach] >>> TRAIN @Epoch: 234 >>>  || LOSS Avg: 0.07412
[Wall TIME] >>> Coach.train takes 5.818508 seconds ...
[Epoch 235 Telemetry] Loss: 0.074414 | BPR: 0.027189 | CL: 4.722564 | VRAM: 237.15 MiB | 37464.5 samples/s | 5.83s
[Coach] >>> TRAIN @Epoch: 235 >>>  || LOSS Avg: 0.07441
[Wall TIME] >>> Coach.train takes 5.830698 seconds ...
[Coach] >>> VALID @Epoch: 235 >>>  || RECALL@1 Avg: 0.0144 || RECALL@10 Avg: 0.0733 || RECALL@20 Avg: 0.1087 || NDCG@10 Avg: 0.0395 || NDCG@20 Avg: 0.0486
[Wall TIME] >>> Coach.valid takes 1.503430 seconds ...
[Epoch 236 Telemetry] Loss: 0.074229 | BPR: 0.027014 | CL: 4.721469 | VRAM: 237.77 MiB | 35415.8 samples/s | 6.17s
[Coach] >>> TRAIN @Epoch: 236 >>>  || LOSS Avg: 0.07423
[Wall TIME] >>> Coach.train takes 6.167837 seconds ...
[Epoch 237 Telemetry] Loss: 0.074288 | BPR: 0.027077 | CL: 4.721112 | VRAM: 237.81 MiB | 37458.8 samples/s | 5.83s
[Coach] >>> TRAIN @Epoch: 237 >>>  || LOSS Avg: 0.07429
[Wall TIME] >>> Coach.train takes 5.831480 seconds ...
[Epoch 238 Telemetry] Loss: 0.074434 | BPR: 0.027239 | CL: 4.719433 | VRAM: 238.10 MiB | 37418.4 samples/s | 5.84s
[Coach] >>> TRAIN @Epoch: 238 >>>  || LOSS Avg: 0.07443
[Wall TIME] >>> Coach.train takes 5.837915 seconds ...
[Epoch 239 Telemetry] Loss: 0.074060 | BPR: 0.026867 | CL: 4.719301 | VRAM: 237.87 MiB | 35064.1 samples/s | 6.23s
[Coach] >>> TRAIN @Epoch: 239 >>>  || LOSS Avg: 0.07406
[Wall TIME] >>> Coach.train takes 6.229929 seconds ...
[Epoch 240 Telemetry] Loss: 0.074260 | BPR: 0.027072 | CL: 4.718780 | VRAM: 237.67 MiB | 37212.7 samples/s | 5.87s
[Coach] >>> TRAIN @Epoch: 240 >>>  || LOSS Avg: 0.07426
[Wall TIME] >>> Coach.train takes 5.869982 seconds ...
[Coach] >>> Better ***NDCG@20*** of ***0.0487*** 
[Coach] >>> VALID @Epoch: 240 >>>  || RECALL@1 Avg: 0.0143 || RECALL@10 Avg: 0.0735 || RECALL@20 Avg: 0.1093 || NDCG@10 Avg: 0.0395 || NDCG@20 Avg: 0.0487
[Wall TIME] >>> Coach.valid takes 1.558017 seconds ...
[Epoch 241 Telemetry] Loss: 0.074322 | BPR: 0.027147 | CL: 4.717485 | VRAM: 237.13 MiB | 35112.5 samples/s | 6.22s
[Coach] >>> TRAIN @Epoch: 241 >>>  || LOSS Avg: 0.07432
[Wall TIME] >>> Coach.train takes 6.221200 seconds ...
[Epoch 242 Telemetry] Loss: 0.074184 | BPR: 0.027013 | CL: 4.717182 | VRAM: 237.12 MiB | 37244.2 samples/s | 5.86s
[Coach] >>> TRAIN @Epoch: 242 >>>  || LOSS Avg: 0.07418
[Wall TIME] >>> Coach.train takes 5.865209 seconds ...
[Epoch 243 Telemetry] Loss: 0.073952 | BPR: 0.026798 | CL: 4.715431 | VRAM: 237.14 MiB | 34896.9 samples/s | 6.26s
[Coach] >>> TRAIN @Epoch: 243 >>>  || LOSS Avg: 0.07395
[Wall TIME] >>> Coach.train takes 6.259790 seconds ...
[Epoch 244 Telemetry] Loss: 0.074036 | BPR: 0.026881 | CL: 4.715504 | VRAM: 237.07 MiB | 37114.7 samples/s | 5.88s
[Coach] >>> TRAIN @Epoch: 244 >>>  || LOSS Avg: 0.07404
[Wall TIME] >>> Coach.train takes 5.885775 seconds ...
[Epoch 245 Telemetry] Loss: 0.074072 | BPR: 0.026923 | CL: 4.714890 | VRAM: 237.09 MiB | 37284.3 samples/s | 5.86s
[Coach] >>> TRAIN @Epoch: 245 >>>  || LOSS Avg: 0.07407
[Wall TIME] >>> Coach.train takes 5.858889 seconds ...
[Coach] >>> Better ***NDCG@20*** of ***0.0488*** 
[Coach] >>> VALID @Epoch: 245 >>>  || RECALL@1 Avg: 0.0144 || RECALL@10 Avg: 0.0738 || RECALL@20 Avg: 0.1092 || NDCG@10 Avg: 0.0397 || NDCG@20 Avg: 0.0488
[Wall TIME] >>> Coach.valid takes 1.567146 seconds ...
[Epoch 246 Telemetry] Loss: 0.074265 | BPR: 0.027119 | CL: 4.714574 | VRAM: 237.69 MiB | 34997.8 samples/s | 6.24s
[Coach] >>> TRAIN @Epoch: 246 >>>  || LOSS Avg: 0.07426
[Wall TIME] >>> Coach.train takes 6.241517 seconds ...
[Epoch 247 Telemetry] Loss: 0.074047 | BPR: 0.026909 | CL: 4.713781 | VRAM: 237.61 MiB | 37307.9 samples/s | 5.85s
[Coach] >>> TRAIN @Epoch: 247 >>>  || LOSS Avg: 0.07405
[Wall TIME] >>> Coach.train takes 5.855196 seconds ...
[Epoch 248 Telemetry] Loss: 0.074221 | BPR: 0.027091 | CL: 4.713064 | VRAM: 237.58 MiB | 37635.3 samples/s | 5.80s
[Coach] >>> TRAIN @Epoch: 248 >>>  || LOSS Avg: 0.07422
[Wall TIME] >>> Coach.train takes 5.804299 seconds ...
[Epoch 249 Telemetry] Loss: 0.073960 | BPR: 0.026838 | CL: 4.712210 | VRAM: 237.64 MiB | 35295.9 samples/s | 6.19s
[Coach] >>> TRAIN @Epoch: 249 >>>  || LOSS Avg: 0.07396
[Wall TIME] >>> Coach.train takes 6.188972 seconds ...
[Epoch 250 Telemetry] Loss: 0.073714 | BPR: 0.026602 | CL: 4.711240 | VRAM: 237.84 MiB | 37374.6 samples/s | 5.84s
[Coach] >>> TRAIN @Epoch: 250 >>>  || LOSS Avg: 0.07371
[Wall TIME] >>> Coach.train takes 5.844858 seconds ...
[Coach] >>> Better ***NDCG@20*** of ***0.0488*** 
[Coach] >>> VALID @Epoch: 250 >>>  || RECALL@1 Avg: 0.0146 || RECALL@10 Avg: 0.0732 || RECALL@20 Avg: 0.1095 || NDCG@10 Avg: 0.0396 || NDCG@20 Avg: 0.0488
[Wall TIME] >>> Coach.valid takes 1.562273 seconds ...
[Epoch 251 Telemetry] Loss: 0.073926 | BPR: 0.026816 | CL: 4.711025 | VRAM: 237.17 MiB | 35024.3 samples/s | 6.24s
[Coach] >>> TRAIN @Epoch: 251 >>>  || LOSS Avg: 0.07393
[Wall TIME] >>> Coach.train takes 6.236852 seconds ...
[Epoch 252 Telemetry] Loss: 0.073779 | BPR: 0.026681 | CL: 4.709845 | VRAM: 237.00 MiB | 37473.9 samples/s | 5.83s
[Coach] >>> TRAIN @Epoch: 252 >>>  || LOSS Avg: 0.07378
[Wall TIME] >>> Coach.train takes 5.829340 seconds ...
[Epoch 253 Telemetry] Loss: 0.073859 | BPR: 0.026765 | CL: 4.709377 | VRAM: 236.95 MiB | 35224.0 samples/s | 6.20s
[Coach] >>> TRAIN @Epoch: 253 >>>  || LOSS Avg: 0.07386
[Wall TIME] >>> Coach.train takes 6.201422 seconds ...
[Epoch 254 Telemetry] Loss: 0.073695 | BPR: 0.026612 | CL: 4.708236 | VRAM: 237.10 MiB | 37305.8 samples/s | 5.85s
[Coach] >>> TRAIN @Epoch: 254 >>>  || LOSS Avg: 0.07369
[Wall TIME] >>> Coach.train takes 5.855579 seconds ...
[Epoch 255 Telemetry] Loss: 0.073602 | BPR: 0.026515 | CL: 4.708742 | VRAM: 237.14 MiB | 37436.8 samples/s | 5.83s
[Coach] >>> TRAIN @Epoch: 255 >>>  || LOSS Avg: 0.07360
[Wall TIME] >>> Coach.train takes 5.835013 seconds ...
[Coach] >>> Better ***NDCG@20*** of ***0.0491*** 
[Coach] >>> VALID @Epoch: 255 >>>  || RECALL@1 Avg: 0.0149 || RECALL@10 Avg: 0.0732 || RECALL@20 Avg: 0.1098 || NDCG@10 Avg: 0.0398 || NDCG@20 Avg: 0.0491
[Wall TIME] >>> Coach.valid takes 1.553401 seconds ...
[Epoch 256 Telemetry] Loss: 0.073696 | BPR: 0.026618 | CL: 4.707852 | VRAM: 237.64 MiB | 35203.2 samples/s | 6.20s
[Coach] >>> TRAIN @Epoch: 256 >>>  || LOSS Avg: 0.07370
[Wall TIME] >>> Coach.train takes 6.205528 seconds ...
[Epoch 257 Telemetry] Loss: 0.073805 | BPR: 0.026728 | CL: 4.707648 | VRAM: 237.61 MiB | 37697.3 samples/s | 5.79s
[Coach] >>> TRAIN @Epoch: 257 >>>  || LOSS Avg: 0.07380
[Wall TIME] >>> Coach.train takes 5.794604 seconds ...
[Epoch 258 Telemetry] Loss: 0.073560 | BPR: 0.026493 | CL: 4.706629 | VRAM: 237.67 MiB | 37446.2 samples/s | 5.83s
[Coach] >>> TRAIN @Epoch: 258 >>>  || LOSS Avg: 0.07356
[Wall TIME] >>> Coach.train takes 5.833467 seconds ...
[Epoch 259 Telemetry] Loss: 0.073571 | BPR: 0.026504 | CL: 4.706721 | VRAM: 237.77 MiB | 35192.4 samples/s | 6.21s
[Coach] >>> TRAIN @Epoch: 259 >>>  || LOSS Avg: 0.07357
[Wall TIME] >>> Coach.train takes 6.207221 seconds ...
[Epoch 260 Telemetry] Loss: 0.073816 | BPR: 0.026768 | CL: 4.704772 | VRAM: 237.52 MiB | 37369.7 samples/s | 5.84s
[Coach] >>> TRAIN @Epoch: 260 >>>  || LOSS Avg: 0.07382
[Wall TIME] >>> Coach.train takes 5.845806 seconds ...
[Coach] >>> VALID @Epoch: 260 >>>  || RECALL@1 Avg: 0.0144 || RECALL@10 Avg: 0.0735 || RECALL@20 Avg: 0.1100 || NDCG@10 Avg: 0.0396 || NDCG@20 Avg: 0.0489
[Wall TIME] >>> Coach.valid takes 1.481783 seconds ...
[Epoch 261 Telemetry] Loss: 0.073468 | BPR: 0.026420 | CL: 4.704769 | VRAM: 237.30 MiB | 35021.4 samples/s | 6.24s
[Coach] >>> TRAIN @Epoch: 261 >>>  || LOSS Avg: 0.07347
[Wall TIME] >>> Coach.train takes 6.237516 seconds ...
[Epoch 262 Telemetry] Loss: 0.073493 | BPR: 0.026460 | CL: 4.703313 | VRAM: 237.05 MiB | 37582.9 samples/s | 5.81s
[Coach] >>> TRAIN @Epoch: 262 >>>  || LOSS Avg: 0.07349
[Wall TIME] >>> Coach.train takes 5.812651 seconds ...
[Epoch 263 Telemetry] Loss: 0.073552 | BPR: 0.026515 | CL: 4.703712 | VRAM: 237.05 MiB | 34887.0 samples/s | 6.26s
[Coach] >>> TRAIN @Epoch: 263 >>>  || LOSS Avg: 0.07355
[Wall TIME] >>> Coach.train takes 6.261358 seconds ...
[Epoch 264 Telemetry] Loss: 0.073442 | BPR: 0.026413 | CL: 4.702897 | VRAM: 237.32 MiB | 37127.4 samples/s | 5.88s
[Coach] >>> TRAIN @Epoch: 264 >>>  || LOSS Avg: 0.07344
[Wall TIME] >>> Coach.train takes 5.883674 seconds ...
[Epoch 265 Telemetry] Loss: 0.073508 | BPR: 0.026483 | CL: 4.702553 | VRAM: 237.02 MiB | 37650.7 samples/s | 5.80s
[Coach] >>> TRAIN @Epoch: 265 >>>  || LOSS Avg: 0.07351
[Wall TIME] >>> Coach.train takes 5.801956 seconds ...
[Coach] >>> VALID @Epoch: 265 >>>  || RECALL@1 Avg: 0.0142 || RECALL@10 Avg: 0.0737 || RECALL@20 Avg: 0.1100 || NDCG@10 Avg: 0.0397 || NDCG@20 Avg: 0.0489
[Wall TIME] >>> Coach.valid takes 1.495480 seconds ...
[Epoch 266 Telemetry] Loss: 0.073553 | BPR: 0.026537 | CL: 4.701506 | VRAM: 237.61 MiB | 35143.3 samples/s | 6.21s
[Coach] >>> TRAIN @Epoch: 266 >>>  || LOSS Avg: 0.07355
[Wall TIME] >>> Coach.train takes 6.215861 seconds ...
[Epoch 267 Telemetry] Loss: 0.073472 | BPR: 0.026458 | CL: 4.701377 | VRAM: 237.61 MiB | 37768.6 samples/s | 5.78s
[Coach] >>> TRAIN @Epoch: 267 >>>  || LOSS Avg: 0.07347
[Wall TIME] >>> Coach.train takes 5.783754 seconds ...
[Epoch 268 Telemetry] Loss: 0.073603 | BPR: 0.026592 | CL: 4.701082 | VRAM: 237.51 MiB | 37482.1 samples/s | 5.83s
[Coach] >>> TRAIN @Epoch: 268 >>>  || LOSS Avg: 0.07360
[Wall TIME] >>> Coach.train takes 5.827979 seconds ...
[Epoch 269 Telemetry] Loss: 0.073364 | BPR: 0.026358 | CL: 4.700549 | VRAM: 237.75 MiB | 35515.9 samples/s | 6.15s
[Coach] >>> TRAIN @Epoch: 269 >>>  || LOSS Avg: 0.07336
[Wall TIME] >>> Coach.train takes 6.150406 seconds ...
[Epoch 270 Telemetry] Loss: 0.073230 | BPR: 0.026232 | CL: 4.699791 | VRAM: 237.54 MiB | 38574.2 samples/s | 5.66s
[Coach] >>> TRAIN @Epoch: 270 >>>  || LOSS Avg: 0.07323
[Wall TIME] >>> Coach.train takes 5.662835 seconds ...
[Coach] >>> VALID @Epoch: 270 >>>  || RECALL@1 Avg: 0.0146 || RECALL@10 Avg: 0.0735 || RECALL@20 Avg: 0.1094 || NDCG@10 Avg: 0.0398 || NDCG@20 Avg: 0.0489
[Wall TIME] >>> Coach.valid takes 1.450503 seconds ...
[Epoch 271 Telemetry] Loss: 0.073347 | BPR: 0.026355 | CL: 4.699232 | VRAM: 237.16 MiB | 37332.4 samples/s | 5.85s
[Coach] >>> TRAIN @Epoch: 271 >>>  || LOSS Avg: 0.07335
[Wall TIME] >>> Coach.train takes 5.851268 seconds ...
[Epoch 272 Telemetry] Loss: 0.073252 | BPR: 0.026267 | CL: 4.698482 | VRAM: 237.40 MiB | 39845.9 samples/s | 5.48s
[Coach] >>> TRAIN @Epoch: 272 >>>  || LOSS Avg: 0.07325
[Wall TIME] >>> Coach.train takes 5.482259 seconds ...
[Epoch 273 Telemetry] Loss: 0.073165 | BPR: 0.026187 | CL: 4.697789 | VRAM: 237.21 MiB | 36963.3 samples/s | 5.91s
[Coach] >>> TRAIN @Epoch: 273 >>>  || LOSS Avg: 0.07316
[Wall TIME] >>> Coach.train takes 5.909717 seconds ...
[Epoch 274 Telemetry] Loss: 0.073288 | BPR: 0.026308 | CL: 4.697960 | VRAM: 237.14 MiB | 39801.6 samples/s | 5.49s
[Coach] >>> TRAIN @Epoch: 274 >>>  || LOSS Avg: 0.07329
[Wall TIME] >>> Coach.train takes 5.488431 seconds ...
[Epoch 275 Telemetry] Loss: 0.073029 | BPR: 0.026057 | CL: 4.697103 | VRAM: 237.09 MiB | 39826.1 samples/s | 5.48s
[Coach] >>> TRAIN @Epoch: 275 >>>  || LOSS Avg: 0.07303
[Wall TIME] >>> Coach.train takes 5.484950 seconds ...
[Coach] >>> VALID @Epoch: 275 >>>  || RECALL@1 Avg: 0.0148 || RECALL@10 Avg: 0.0736 || RECALL@20 Avg: 0.1090 || NDCG@10 Avg: 0.0399 || NDCG@20 Avg: 0.0489
[Wall TIME] >>> Coach.valid takes 1.468218 seconds ...
[Epoch 276 Telemetry] Loss: 0.073179 | BPR: 0.026212 | CL: 4.696718 | VRAM: 237.39 MiB | 36972.4 samples/s | 5.91s
[Coach] >>> TRAIN @Epoch: 276 >>>  || LOSS Avg: 0.07318
[Wall TIME] >>> Coach.train takes 5.908348 seconds ...
[Epoch 277 Telemetry] Loss: 0.073103 | BPR: 0.026141 | CL: 4.696154 | VRAM: 237.61 MiB | 39847.8 samples/s | 5.48s
[Coach] >>> TRAIN @Epoch: 277 >>>  || LOSS Avg: 0.07310
[Wall TIME] >>> Coach.train takes 5.481968 seconds ...
[Epoch 278 Telemetry] Loss: 0.073204 | BPR: 0.026250 | CL: 4.695421 | VRAM: 237.64 MiB | 39473.4 samples/s | 5.53s
[Coach] >>> TRAIN @Epoch: 278 >>>  || LOSS Avg: 0.07320
[Wall TIME] >>> Coach.train takes 5.533914 seconds ...
[Epoch 279 Telemetry] Loss: 0.073041 | BPR: 0.026089 | CL: 4.695146 | VRAM: 237.71 MiB | 37014.1 samples/s | 5.90s
[Coach] >>> TRAIN @Epoch: 279 >>>  || LOSS Avg: 0.07304
[Wall TIME] >>> Coach.train takes 5.901670 seconds ...
[Epoch 280 Telemetry] Loss: 0.073007 | BPR: 0.026061 | CL: 4.694543 | VRAM: 237.54 MiB | 39493.4 samples/s | 5.53s
[Coach] >>> TRAIN @Epoch: 280 >>>  || LOSS Avg: 0.07301
[Wall TIME] >>> Coach.train takes 5.531135 seconds ...
[Coach] >>> VALID @Epoch: 280 >>>  || RECALL@1 Avg: 0.0143 || RECALL@10 Avg: 0.0735 || RECALL@20 Avg: 0.1094 || NDCG@10 Avg: 0.0396 || NDCG@20 Avg: 0.0487
[Wall TIME] >>> Coach.valid takes 1.456992 seconds ...
[Epoch 281 Telemetry] Loss: 0.073091 | BPR: 0.026149 | CL: 4.694200 | VRAM: 237.32 MiB | 37132.6 samples/s | 5.88s
[Coach] >>> TRAIN @Epoch: 281 >>>  || LOSS Avg: 0.07309
[Wall TIME] >>> Coach.train takes 5.882682 seconds ...
[Epoch 282 Telemetry] Loss: 0.073187 | BPR: 0.026254 | CL: 4.693248 | VRAM: 237.12 MiB | 39972.4 samples/s | 5.46s
[Coach] >>> TRAIN @Epoch: 282 >>>  || LOSS Avg: 0.07319
[Wall TIME] >>> Coach.train takes 5.464846 seconds ...
[Epoch 283 Telemetry] Loss: 0.072773 | BPR: 0.025842 | CL: 4.693120 | VRAM: 237.23 MiB | 36787.0 samples/s | 5.94s
[Coach] >>> TRAIN @Epoch: 283 >>>  || LOSS Avg: 0.07277
[Wall TIME] >>> Coach.train takes 5.938037 seconds ...
[Epoch 284 Telemetry] Loss: 0.072967 | BPR: 0.026036 | CL: 4.693146 | VRAM: 237.35 MiB | 39391.5 samples/s | 5.54s
[Coach] >>> TRAIN @Epoch: 284 >>>  || LOSS Avg: 0.07297
[Wall TIME] >>> Coach.train takes 5.545427 seconds ...
[Epoch 285 Telemetry] Loss: 0.072893 | BPR: 0.025975 | CL: 4.691757 | VRAM: 236.91 MiB | 39785.8 samples/s | 5.49s
[Coach] >>> TRAIN @Epoch: 285 >>>  || LOSS Avg: 0.07289
[Wall TIME] >>> Coach.train takes 5.490670 seconds ...
[Coach] >>> VALID @Epoch: 285 >>>  || RECALL@1 Avg: 0.0144 || RECALL@10 Avg: 0.0733 || RECALL@20 Avg: 0.1101 || NDCG@10 Avg: 0.0397 || NDCG@20 Avg: 0.0490
[Wall TIME] >>> Coach.valid takes 1.465568 seconds ...
[Epoch 286 Telemetry] Loss: 0.072896 | BPR: 0.025980 | CL: 4.691594 | VRAM: 237.58 MiB | 36660.0 samples/s | 5.96s
[Coach] >>> TRAIN @Epoch: 286 >>>  || LOSS Avg: 0.07290
[Wall TIME] >>> Coach.train takes 5.958576 seconds ...
[Epoch 287 Telemetry] Loss: 0.072780 | BPR: 0.025873 | CL: 4.690740 | VRAM: 237.57 MiB | 39416.3 samples/s | 5.54s
[Coach] >>> TRAIN @Epoch: 287 >>>  || LOSS Avg: 0.07278
[Wall TIME] >>> Coach.train takes 5.542034 seconds ...
[Epoch 288 Telemetry] Loss: 0.072910 | BPR: 0.026003 | CL: 4.690737 | VRAM: 237.74 MiB | 39290.9 samples/s | 5.56s
[Coach] >>> TRAIN @Epoch: 288 >>>  || LOSS Avg: 0.07291
[Wall TIME] >>> Coach.train takes 5.559686 seconds ...
[Epoch 289 Telemetry] Loss: 0.072715 | BPR: 0.025816 | CL: 4.689974 | VRAM: 237.71 MiB | 36900.1 samples/s | 5.92s
[Coach] >>> TRAIN @Epoch: 289 >>>  || LOSS Avg: 0.07272
[Wall TIME] >>> Coach.train takes 5.919824 seconds ...
[Epoch 290 Telemetry] Loss: 0.072755 | BPR: 0.025860 | CL: 4.689510 | VRAM: 237.61 MiB | 39622.5 samples/s | 5.51s
[Coach] >>> TRAIN @Epoch: 290 >>>  || LOSS Avg: 0.07275
[Wall TIME] >>> Coach.train takes 5.513128 seconds ...
[Coach] >>> VALID @Epoch: 290 >>>  || RECALL@1 Avg: 0.0145 || RECALL@10 Avg: 0.0737 || RECALL@20 Avg: 0.1099 || NDCG@10 Avg: 0.0398 || NDCG@20 Avg: 0.0490
[Wall TIME] >>> Coach.valid takes 1.463520 seconds ...
[Epoch 291 Telemetry] Loss: 0.072901 | BPR: 0.026007 | CL: 4.689443 | VRAM: 237.06 MiB | 36989.0 samples/s | 5.90s
[Coach] >>> TRAIN @Epoch: 291 >>>  || LOSS Avg: 0.07290
[Wall TIME] >>> Coach.train takes 5.905519 seconds ...
[Epoch 292 Telemetry] Loss: 0.072686 | BPR: 0.025802 | CL: 4.688417 | VRAM: 237.04 MiB | 39714.0 samples/s | 5.50s
[Coach] >>> TRAIN @Epoch: 292 >>>  || LOSS Avg: 0.07269
[Wall TIME] >>> Coach.train takes 5.500551 seconds ...
[Epoch 293 Telemetry] Loss: 0.072721 | BPR: 0.025841 | CL: 4.687972 | VRAM: 237.42 MiB | 37008.4 samples/s | 5.90s
[Coach] >>> TRAIN @Epoch: 293 >>>  || LOSS Avg: 0.07272
[Wall TIME] >>> Coach.train takes 5.902504 seconds ...
[Epoch 294 Telemetry] Loss: 0.072802 | BPR: 0.025926 | CL: 4.687583 | VRAM: 237.24 MiB | 39166.8 samples/s | 5.58s
[Coach] >>> TRAIN @Epoch: 294 >>>  || LOSS Avg: 0.07280
[Wall TIME] >>> Coach.train takes 5.577289 seconds ...
[Epoch 295 Telemetry] Loss: 0.072847 | BPR: 0.025974 | CL: 4.687278 | VRAM: 237.38 MiB | 39355.2 samples/s | 5.55s
[Coach] >>> TRAIN @Epoch: 295 >>>  || LOSS Avg: 0.07285
[Wall TIME] >>> Coach.train takes 5.550614 seconds ...
[Coach] >>> VALID @Epoch: 295 >>>  || RECALL@1 Avg: 0.0144 || RECALL@10 Avg: 0.0741 || RECALL@20 Avg: 0.1094 || NDCG@10 Avg: 0.0399 || NDCG@20 Avg: 0.0489
[Wall TIME] >>> Coach.valid takes 1.477729 seconds ...
[Epoch 296 Telemetry] Loss: 0.072804 | BPR: 0.025939 | CL: 4.686506 | VRAM: 237.58 MiB | 36631.3 samples/s | 5.96s
[Coach] >>> TRAIN @Epoch: 296 >>>  || LOSS Avg: 0.07280
[Wall TIME] >>> Coach.train takes 5.963228 seconds ...
[Epoch 297 Telemetry] Loss: 0.072436 | BPR: 0.025576 | CL: 4.686026 | VRAM: 237.81 MiB | 39635.3 samples/s | 5.51s
[Coach] >>> TRAIN @Epoch: 297 >>>  || LOSS Avg: 0.07244
[Wall TIME] >>> Coach.train takes 5.511386 seconds ...
[Epoch 298 Telemetry] Loss: 0.072601 | BPR: 0.025743 | CL: 4.685851 | VRAM: 237.48 MiB | 39186.5 samples/s | 5.57s
[Coach] >>> TRAIN @Epoch: 298 >>>  || LOSS Avg: 0.07260
[Wall TIME] >>> Coach.train takes 5.574593 seconds ...
[Epoch 299 Telemetry] Loss: 0.072659 | BPR: 0.025803 | CL: 4.685611 | VRAM: 237.71 MiB | 36794.1 samples/s | 5.94s
[Coach] >>> TRAIN @Epoch: 299 >>>  || LOSS Avg: 0.07266
[Wall TIME] >>> Coach.train takes 5.936856 seconds ...
[Epoch 300 Telemetry] Loss: 0.072813 | BPR: 0.025962 | CL: 4.685053 | VRAM: 237.54 MiB | 39387.8 samples/s | 5.55s
[Coach] >>> TRAIN @Epoch: 300 >>>  || LOSS Avg: 0.07281
[Wall TIME] >>> Coach.train takes 5.546049 seconds ...
[Coach] >>> VALID @Epoch: 300 >>>  || RECALL@1 Avg: 0.0146 || RECALL@10 Avg: 0.0735 || RECALL@20 Avg: 0.1089 || NDCG@10 Avg: 0.0398 || NDCG@20 Avg: 0.0488
[Wall TIME] >>> Coach.valid takes 1.466823 seconds ...
[Epoch 301 Telemetry] Loss: 0.072628 | BPR: 0.025779 | CL: 4.684887 | VRAM: 237.32 MiB | 37183.0 samples/s | 5.87s
[Coach] >>> TRAIN @Epoch: 301 >>>  || LOSS Avg: 0.07263
[Wall TIME] >>> Coach.train takes 5.874738 seconds ...
[Epoch 302 Telemetry] Loss: 0.072561 | BPR: 0.025715 | CL: 4.684628 | VRAM: 237.27 MiB | 39735.3 samples/s | 5.50s
[Coach] >>> TRAIN @Epoch: 302 >>>  || LOSS Avg: 0.07256
[Wall TIME] >>> Coach.train takes 5.497522 seconds ...
[Epoch 303 Telemetry] Loss: 0.072790 | BPR: 0.025953 | CL: 4.683697 | VRAM: 237.04 MiB | 36731.2 samples/s | 5.95s
[Coach] >>> TRAIN @Epoch: 303 >>>  || LOSS Avg: 0.07279
[Wall TIME] >>> Coach.train takes 5.947076 seconds ...
[Epoch 304 Telemetry] Loss: 0.072684 | BPR: 0.025851 | CL: 4.683299 | VRAM: 237.10 MiB | 39336.4 samples/s | 5.55s
[Coach] >>> TRAIN @Epoch: 304 >>>  || LOSS Avg: 0.07268
[Wall TIME] >>> Coach.train takes 5.553322 seconds ...
[Epoch 305 Telemetry] Loss: 0.072525 | BPR: 0.025700 | CL: 4.682454 | VRAM: 236.99 MiB | 39313.6 samples/s | 5.56s
[Coach] >>> TRAIN @Epoch: 305 >>>  || LOSS Avg: 0.07252
[Wall TIME] >>> Coach.train takes 5.556524 seconds ...
[Coach] >>> VALID @Epoch: 305 >>>  || RECALL@1 Avg: 0.0143 || RECALL@10 Avg: 0.0736 || RECALL@20 Avg: 0.1089 || NDCG@10 Avg: 0.0397 || NDCG@20 Avg: 0.0487
[Wall TIME] >>> Coach.valid takes 1.473060 seconds ...
[Epoch 306 Telemetry] Loss: 0.072205 | BPR: 0.025376 | CL: 4.682883 | VRAM: 237.84 MiB | 36624.5 samples/s | 5.96s
[Coach] >>> TRAIN @Epoch: 306 >>>  || LOSS Avg: 0.07220
[Wall TIME] >>> Coach.train takes 5.964340 seconds ...
[Epoch 307 Telemetry] Loss: 0.072357 | BPR: 0.025536 | CL: 4.682113 | VRAM: 237.54 MiB | 39396.5 samples/s | 5.54s
[Coach] >>> TRAIN @Epoch: 307 >>>  || LOSS Avg: 0.07236
[Wall TIME] >>> Coach.train takes 5.544940 seconds ...
[Epoch 308 Telemetry] Loss: 0.072218 | BPR: 0.025401 | CL: 4.681653 | VRAM: 237.61 MiB | 39259.0 samples/s | 5.56s
[Coach] >>> TRAIN @Epoch: 308 >>>  || LOSS Avg: 0.07222
[Wall TIME] >>> Coach.train takes 5.564160 seconds ...
[Epoch 309 Telemetry] Loss: 0.072555 | BPR: 0.025747 | CL: 4.680760 | VRAM: 237.58 MiB | 36691.5 samples/s | 5.95s
[Coach] >>> TRAIN @Epoch: 309 >>>  || LOSS Avg: 0.07255
[Wall TIME] >>> Coach.train takes 5.953462 seconds ...
[Epoch 310 Telemetry] Loss: 0.072611 | BPR: 0.025805 | CL: 4.680582 | VRAM: 237.65 MiB | 39633.1 samples/s | 5.51s
[Coach] >>> TRAIN @Epoch: 310 >>>  || LOSS Avg: 0.07261
[Wall TIME] >>> Coach.train takes 5.511693 seconds ...
[Coach] >>> VALID @Epoch: 310 >>>  || RECALL@1 Avg: 0.0142 || RECALL@10 Avg: 0.0734 || RECALL@20 Avg: 0.1093 || NDCG@10 Avg: 0.0396 || NDCG@20 Avg: 0.0487
[Wall TIME] >>> Coach.valid takes 1.465166 seconds ...
[Epoch 311 Telemetry] Loss: 0.072130 | BPR: 0.025325 | CL: 4.680490 | VRAM: 237.35 MiB | 37107.7 samples/s | 5.89s
[Coach] >>> TRAIN @Epoch: 311 >>>  || LOSS Avg: 0.07213
[Wall TIME] >>> Coach.train takes 5.886611 seconds ...
[Epoch 312 Telemetry] Loss: 0.072577 | BPR: 0.025777 | CL: 4.679981 | VRAM: 237.13 MiB | 39876.5 samples/s | 5.48s
[Coach] >>> TRAIN @Epoch: 312 >>>  || LOSS Avg: 0.07258
[Wall TIME] >>> Coach.train takes 5.478105 seconds ...
[Epoch 313 Telemetry] Loss: 0.072355 | BPR: 0.025563 | CL: 4.679225 | VRAM: 237.19 MiB | 37015.4 samples/s | 5.90s
[Coach] >>> TRAIN @Epoch: 313 >>>  || LOSS Avg: 0.07236
[Wall TIME] >>> Coach.train takes 5.901398 seconds ...
[Epoch 314 Telemetry] Loss: 0.072150 | BPR: 0.025363 | CL: 4.678677 | VRAM: 237.25 MiB | 39890.3 samples/s | 5.48s
[Coach] >>> TRAIN @Epoch: 314 >>>  || LOSS Avg: 0.07215
[Wall TIME] >>> Coach.train takes 5.476229 seconds ...
[Epoch 315 Telemetry] Loss: 0.072260 | BPR: 0.025477 | CL: 4.678382 | VRAM: 237.10 MiB | 39775.1 samples/s | 5.49s
[Coach] >>> TRAIN @Epoch: 315 >>>  || LOSS Avg: 0.07226
[Wall TIME] >>> Coach.train takes 5.492081 seconds ...
[Coach] >>> VALID @Epoch: 315 >>>  || RECALL@1 Avg: 0.0144 || RECALL@10 Avg: 0.0733 || RECALL@20 Avg: 0.1091 || NDCG@10 Avg: 0.0397 || NDCG@20 Avg: 0.0488
[Wall TIME] >>> Coach.valid takes 1.454651 seconds ...
[Epoch 316 Telemetry] Loss: 0.072200 | BPR: 0.025415 | CL: 4.678538 | VRAM: 237.61 MiB | 36804.8 samples/s | 5.93s
[Coach] >>> TRAIN @Epoch: 316 >>>  || LOSS Avg: 0.07220
[Wall TIME] >>> Coach.train takes 5.935144 seconds ...
[Epoch 317 Telemetry] Loss: 0.072122 | BPR: 0.025345 | CL: 4.677745 | VRAM: 237.48 MiB | 39753.3 samples/s | 5.49s
[Coach] >>> TRAIN @Epoch: 317 >>>  || LOSS Avg: 0.07212
[Wall TIME] >>> Coach.train takes 5.495106 seconds ...
[Epoch 318 Telemetry] Loss: 0.072171 | BPR: 0.025399 | CL: 4.677198 | VRAM: 237.51 MiB | 39561.3 samples/s | 5.52s
[Coach] >>> TRAIN @Epoch: 318 >>>  || LOSS Avg: 0.07217
[Wall TIME] >>> Coach.train takes 5.521798 seconds ...
[Epoch 319 Telemetry] Loss: 0.072136 | BPR: 0.025365 | CL: 4.677029 | VRAM: 237.64 MiB | 36923.4 samples/s | 5.92s
[Coach] >>> TRAIN @Epoch: 319 >>>  || LOSS Avg: 0.07214
[Wall TIME] >>> Coach.train takes 5.916062 seconds ...
[Epoch 320 Telemetry] Loss: 0.072121 | BPR: 0.025359 | CL: 4.676203 | VRAM: 237.77 MiB | 39357.0 samples/s | 5.55s
[Coach] >>> TRAIN @Epoch: 320 >>>  || LOSS Avg: 0.07212
[Wall TIME] >>> Coach.train takes 5.550475 seconds ...
[Coach] >>> VALID @Epoch: 320 >>>  || RECALL@1 Avg: 0.0143 || RECALL@10 Avg: 0.0730 || RECALL@20 Avg: 0.1096 || NDCG@10 Avg: 0.0397 || NDCG@20 Avg: 0.0490
[Wall TIME] >>> Coach.valid takes 1.466057 seconds ...
[Epoch 321 Telemetry] Loss: 0.072059 | BPR: 0.025298 | CL: 4.676079 | VRAM: 237.27 MiB | 36737.0 samples/s | 5.95s
[Coach] >>> TRAIN @Epoch: 321 >>>  || LOSS Avg: 0.07206
[Wall TIME] >>> Coach.train takes 5.946018 seconds ...
[Epoch 322 Telemetry] Loss: 0.072079 | BPR: 0.025319 | CL: 4.676040 | VRAM: 237.17 MiB | 39454.1 samples/s | 5.54s
[Coach] >>> TRAIN @Epoch: 322 >>>  || LOSS Avg: 0.07208
[Wall TIME] >>> Coach.train takes 5.536681 seconds ...
[Epoch 323 Telemetry] Loss: 0.072196 | BPR: 0.025438 | CL: 4.675779 | VRAM: 237.10 MiB | 36629.3 samples/s | 5.96s
[Coach] >>> TRAIN @Epoch: 323 >>>  || LOSS Avg: 0.07220
[Wall TIME] >>> Coach.train takes 5.963460 seconds ...
[Epoch 324 Telemetry] Loss: 0.072069 | BPR: 0.025318 | CL: 4.675151 | VRAM: 237.19 MiB | 39186.0 samples/s | 5.57s
[Coach] >>> TRAIN @Epoch: 324 >>>  || LOSS Avg: 0.07207
[Wall TIME] >>> Coach.train takes 5.575049 seconds ...
[Epoch 325 Telemetry] Loss: 0.071997 | BPR: 0.025246 | CL: 4.675141 | VRAM: 237.17 MiB | 39317.3 samples/s | 5.56s
[Coach] >>> TRAIN @Epoch: 325 >>>  || LOSS Avg: 0.07200
[Wall TIME] >>> Coach.train takes 5.556023 seconds ...
[Coach] >>> Better ***NDCG@20*** of ***0.0491*** 
[Coach] >>> VALID @Epoch: 325 >>>  || RECALL@1 Avg: 0.0148 || RECALL@10 Avg: 0.0733 || RECALL@20 Avg: 0.1095 || NDCG@10 Avg: 0.0399 || NDCG@20 Avg: 0.0491
[Wall TIME] >>> Coach.valid takes 1.521733 seconds ...
[Epoch 326 Telemetry] Loss: 0.072141 | BPR: 0.025397 | CL: 4.674424 | VRAM: 237.64 MiB | 36487.7 samples/s | 5.99s
[Coach] >>> TRAIN @Epoch: 326 >>>  || LOSS Avg: 0.07214
[Wall TIME] >>> Coach.train takes 5.986820 seconds ...
[Epoch 327 Telemetry] Loss: 0.071992 | BPR: 0.025251 | CL: 4.674072 | VRAM: 237.54 MiB | 39166.4 samples/s | 5.58s
[Coach] >>> TRAIN @Epoch: 327 >>>  || LOSS Avg: 0.07199
[Wall TIME] >>> Coach.train takes 5.577443 seconds ...
[Epoch 328 Telemetry] Loss: 0.072012 | BPR: 0.025272 | CL: 4.673968 | VRAM: 237.67 MiB | 39019.2 samples/s | 5.60s
[Coach] >>> TRAIN @Epoch: 328 >>>  || LOSS Avg: 0.07201
[Wall TIME] >>> Coach.train takes 5.598390 seconds ...
[Epoch 329 Telemetry] Loss: 0.071908 | BPR: 0.025168 | CL: 4.673965 | VRAM: 237.61 MiB | 36364.8 samples/s | 6.01s
[Coach] >>> TRAIN @Epoch: 329 >>>  || LOSS Avg: 0.07191
[Wall TIME] >>> Coach.train takes 6.007055 seconds ...
[Epoch 330 Telemetry] Loss: 0.071711 | BPR: 0.024977 | CL: 4.673340 | VRAM: 237.90 MiB | 39308.1 samples/s | 5.56s
[Coach] >>> TRAIN @Epoch: 330 >>>  || LOSS Avg: 0.07171
[Wall TIME] >>> Coach.train takes 5.557419 seconds ...
[Coach] >>> Better ***NDCG@20*** of ***0.0491*** 
[Coach] >>> VALID @Epoch: 330 >>>  || RECALL@1 Avg: 0.0145 || RECALL@10 Avg: 0.0733 || RECALL@20 Avg: 0.1096 || NDCG@10 Avg: 0.0398 || NDCG@20 Avg: 0.0491
[Wall TIME] >>> Coach.valid takes 1.528784 seconds ...
[Epoch 331 Telemetry] Loss: 0.071886 | BPR: 0.025157 | CL: 4.672940 | VRAM: 237.38 MiB | 36780.4 samples/s | 5.94s
[Coach] >>> TRAIN @Epoch: 331 >>>  || LOSS Avg: 0.07189
[Wall TIME] >>> Coach.train takes 5.938983 seconds ...
[Epoch 332 Telemetry] Loss: 0.071854 | BPR: 0.025129 | CL: 4.672503 | VRAM: 237.17 MiB | 39387.5 samples/s | 5.55s
[Coach] >>> TRAIN @Epoch: 332 >>>  || LOSS Avg: 0.07185
[Wall TIME] >>> Coach.train takes 5.546048 seconds ...
[Epoch 333 Telemetry] Loss: 0.072035 | BPR: 0.025311 | CL: 4.672419 | VRAM: 237.10 MiB | 36755.9 samples/s | 5.94s
[Coach] >>> TRAIN @Epoch: 333 >>>  || LOSS Avg: 0.07203
[Wall TIME] >>> Coach.train takes 5.942998 seconds ...
[Epoch 334 Telemetry] Loss: 0.071957 | BPR: 0.025243 | CL: 4.671412 | VRAM: 237.05 MiB | 39457.2 samples/s | 5.54s
[Coach] >>> TRAIN @Epoch: 334 >>>  || LOSS Avg: 0.07196
[Wall TIME] >>> Coach.train takes 5.536115 seconds ...
[Epoch 335 Telemetry] Loss: 0.071977 | BPR: 0.025266 | CL: 4.671119 | VRAM: 237.17 MiB | 39446.0 samples/s | 5.54s
[Coach] >>> TRAIN @Epoch: 335 >>>  || LOSS Avg: 0.07198
[Wall TIME] >>> Coach.train takes 5.537859 seconds ...
[Coach] >>> Better ***NDCG@20*** of ***0.0493*** 
[Coach] >>> VALID @Epoch: 335 >>>  || RECALL@1 Avg: 0.0147 || RECALL@10 Avg: 0.0737 || RECALL@20 Avg: 0.1099 || NDCG@10 Avg: 0.0400 || NDCG@20 Avg: 0.0493
[Wall TIME] >>> Coach.valid takes 1.519403 seconds ...
[Epoch 336 Telemetry] Loss: 0.072022 | BPR: 0.025310 | CL: 4.671226 | VRAM: 237.55 MiB | 36604.9 samples/s | 5.97s
[Coach] >>> TRAIN @Epoch: 336 >>>  || LOSS Avg: 0.07202
[Wall TIME] >>> Coach.train takes 5.967600 seconds ...
[Epoch 337 Telemetry] Loss: 0.072086 | BPR: 0.025376 | CL: 4.671072 | VRAM: 237.61 MiB | 39492.0 samples/s | 5.53s
[Coach] >>> TRAIN @Epoch: 337 >>>  || LOSS Avg: 0.07209
[Wall TIME] >>> Coach.train takes 5.531387 seconds ...
[Epoch 338 Telemetry] Loss: 0.071725 | BPR: 0.025025 | CL: 4.669963 | VRAM: 237.74 MiB | 38981.9 samples/s | 5.60s
[Coach] >>> TRAIN @Epoch: 338 >>>  || LOSS Avg: 0.07172
[Wall TIME] >>> Coach.train takes 5.603806 seconds ...
[Epoch 339 Telemetry] Loss: 0.072048 | BPR: 0.025349 | CL: 4.669867 | VRAM: 237.51 MiB | 36692.1 samples/s | 5.95s
[Coach] >>> TRAIN @Epoch: 339 >>>  || LOSS Avg: 0.07205
[Wall TIME] >>> Coach.train takes 5.953457 seconds ...
[Epoch 340 Telemetry] Loss: 0.071794 | BPR: 0.025101 | CL: 4.669262 | VRAM: 237.54 MiB | 39336.8 samples/s | 5.55s
[Coach] >>> TRAIN @Epoch: 340 >>>  || LOSS Avg: 0.07179
[Wall TIME] >>> Coach.train takes 5.553270 seconds ...
[Coach] >>> Better ***NDCG@20*** of ***0.0493*** 
[Coach] >>> VALID @Epoch: 340 >>>  || RECALL@1 Avg: 0.0146 || RECALL@10 Avg: 0.0736 || RECALL@20 Avg: 0.1100 || NDCG@10 Avg: 0.0400 || NDCG@20 Avg: 0.0493
[Wall TIME] >>> Coach.valid takes 1.516866 seconds ...
[Epoch 341 Telemetry] Loss: 0.071913 | BPR: 0.025225 | CL: 4.668765 | VRAM: 237.04 MiB | 36736.2 samples/s | 5.95s
[Coach] >>> TRAIN @Epoch: 341 >>>  || LOSS Avg: 0.07191
[Wall TIME] >>> Coach.train takes 5.946119 seconds ...
[Epoch 342 Telemetry] Loss: 0.071919 | BPR: 0.025234 | CL: 4.668490 | VRAM: 237.17 MiB | 39563.3 samples/s | 5.52s
[Coach] >>> TRAIN @Epoch: 342 >>>  || LOSS Avg: 0.07192
[Wall TIME] >>> Coach.train takes 5.521448 seconds ...
[Epoch 343 Telemetry] Loss: 0.071617 | BPR: 0.024930 | CL: 4.668710 | VRAM: 237.17 MiB | 36713.7 samples/s | 5.95s
[Coach] >>> TRAIN @Epoch: 343 >>>  || LOSS Avg: 0.07162
[Wall TIME] >>> Coach.train takes 5.949884 seconds ...
[Epoch 344 Telemetry] Loss: 0.071747 | BPR: 0.025062 | CL: 4.668475 | VRAM: 237.13 MiB | 39338.9 samples/s | 5.55s
[Coach] >>> TRAIN @Epoch: 344 >>>  || LOSS Avg: 0.07175
[Wall TIME] >>> Coach.train takes 5.552961 seconds ...
[Epoch 345 Telemetry] Loss: 0.071820 | BPR: 0.025137 | CL: 4.668335 | VRAM: 237.11 MiB | 39379.5 samples/s | 5.55s
[Coach] >>> TRAIN @Epoch: 345 >>>  || LOSS Avg: 0.07182
[Wall TIME] >>> Coach.train takes 5.547122 seconds ...
[Coach] >>> VALID @Epoch: 345 >>>  || RECALL@1 Avg: 0.0145 || RECALL@10 Avg: 0.0739 || RECALL@20 Avg: 0.1098 || NDCG@10 Avg: 0.0401 || NDCG@20 Avg: 0.0493
[Wall TIME] >>> Coach.valid takes 1.469623 seconds ...
[Epoch 346 Telemetry] Loss: 0.071797 | BPR: 0.025129 | CL: 4.666818 | VRAM: 237.62 MiB | 36333.4 samples/s | 6.01s
[Coach] >>> TRAIN @Epoch: 346 >>>  || LOSS Avg: 0.07180
[Wall TIME] >>> Coach.train takes 6.012043 seconds ...
[Epoch 347 Telemetry] Loss: 0.071873 | BPR: 0.025212 | CL: 4.666131 | VRAM: 237.84 MiB | 39058.8 samples/s | 5.59s
[Coach] >>> TRAIN @Epoch: 347 >>>  || LOSS Avg: 0.07187
[Wall TIME] >>> Coach.train takes 5.592813 seconds ...
[Epoch 348 Telemetry] Loss: 0.071783 | BPR: 0.025119 | CL: 4.666401 | VRAM: 237.55 MiB | 39245.3 samples/s | 5.57s
[Coach] >>> TRAIN @Epoch: 348 >>>  || LOSS Avg: 0.07178
[Wall TIME] >>> Coach.train takes 5.566156 seconds ...
[Epoch 349 Telemetry] Loss: 0.071970 | BPR: 0.025310 | CL: 4.665997 | VRAM: 237.57 MiB | 36492.8 samples/s | 5.98s
[Coach] >>> TRAIN @Epoch: 349 >>>  || LOSS Avg: 0.07197
[Wall TIME] >>> Coach.train takes 5.985880 seconds ...
[Epoch 350 Telemetry] Loss: 0.071664 | BPR: 0.025005 | CL: 4.665851 | VRAM: 237.61 MiB | 39433.4 samples/s | 5.54s
[Coach] >>> TRAIN @Epoch: 350 >>>  || LOSS Avg: 0.07166
[Wall TIME] >>> Coach.train takes 5.539682 seconds ...
[Coach] >>> Better ***NDCG@20*** of ***0.0494*** 
[Coach] >>> VALID @Epoch: 350 >>>  || RECALL@1 Avg: 0.0147 || RECALL@10 Avg: 0.0743 || RECALL@20 Avg: 0.1100 || NDCG@10 Avg: 0.0403 || NDCG@20 Avg: 0.0494
[Wall TIME] >>> Coach.valid takes 1.530361 seconds ...
[Epoch 351 Telemetry] Loss: 0.071450 | BPR: 0.024800 | CL: 4.664979 | VRAM: 237.35 MiB | 36994.1 samples/s | 5.90s
[Coach] >>> TRAIN @Epoch: 351 >>>  || LOSS Avg: 0.07145
[Wall TIME] >>> Coach.train takes 5.904710 seconds ...
[Epoch 352 Telemetry] Loss: 0.071780 | BPR: 0.025127 | CL: 4.665374 | VRAM: 237.00 MiB | 39670.9 samples/s | 5.51s
[Coach] >>> TRAIN @Epoch: 352 >>>  || LOSS Avg: 0.07178
[Wall TIME] >>> Coach.train takes 5.506427 seconds ...
[Epoch 353 Telemetry] Loss: 0.071704 | BPR: 0.025055 | CL: 4.664910 | VRAM: 237.17 MiB | 36931.0 samples/s | 5.91s
[Coach] >>> TRAIN @Epoch: 353 >>>  || LOSS Avg: 0.07170
[Wall TIME] >>> Coach.train takes 5.914868 seconds ...
[Epoch 354 Telemetry] Loss: 0.071700 | BPR: 0.025052 | CL: 4.664759 | VRAM: 237.14 MiB | 39485.2 samples/s | 5.53s
[Coach] >>> TRAIN @Epoch: 354 >>>  || LOSS Avg: 0.07170
[Wall TIME] >>> Coach.train takes 5.532339 seconds ...
[Epoch 355 Telemetry] Loss: 0.071755 | BPR: 0.025106 | CL: 4.664901 | VRAM: 237.21 MiB | 39363.5 samples/s | 5.55s
[Coach] >>> TRAIN @Epoch: 355 >>>  || LOSS Avg: 0.07175
[Wall TIME] >>> Coach.train takes 5.549373 seconds ...
[Coach] >>> Better ***NDCG@20*** of ***0.0495*** 
[Coach] >>> VALID @Epoch: 355 >>>  || RECALL@1 Avg: 0.0150 || RECALL@10 Avg: 0.0737 || RECALL@20 Avg: 0.1101 || NDCG@10 Avg: 0.0402 || NDCG@20 Avg: 0.0495
[Wall TIME] >>> Coach.valid takes 1.525101 seconds ...
[Epoch 356 Telemetry] Loss: 0.071852 | BPR: 0.025216 | CL: 4.663654 | VRAM: 237.74 MiB | 36341.9 samples/s | 6.01s
[Coach] >>> TRAIN @Epoch: 356 >>>  || LOSS Avg: 0.07185
[Wall TIME] >>> Coach.train takes 6.010654 seconds ...
[Epoch 357 Telemetry] Loss: 0.071643 | BPR: 0.025012 | CL: 4.663124 | VRAM: 237.71 MiB | 39631.2 samples/s | 5.51s
[Coach] >>> TRAIN @Epoch: 357 >>>  || LOSS Avg: 0.07164
[Wall TIME] >>> Coach.train takes 5.512016 seconds ...
[Epoch 358 Telemetry] Loss: 0.071367 | BPR: 0.024732 | CL: 4.663524 | VRAM: 237.83 MiB | 39317.6 samples/s | 5.55s
[Coach] >>> TRAIN @Epoch: 358 >>>  || LOSS Avg: 0.07137
[Wall TIME] >>> Coach.train takes 5.556024 seconds ...
[Epoch 359 Telemetry] Loss: 0.071587 | BPR: 0.024956 | CL: 4.663108 | VRAM: 237.70 MiB | 36916.5 samples/s | 5.92s
[Coach] >>> TRAIN @Epoch: 359 >>>  || LOSS Avg: 0.07159
[Wall TIME] >>> Coach.train takes 5.917205 seconds ...
[Epoch 360 Telemetry] Loss: 0.071783 | BPR: 0.025158 | CL: 4.662486 | VRAM: 237.74 MiB | 39315.3 samples/s | 5.56s
[Coach] >>> TRAIN @Epoch: 360 >>>  || LOSS Avg: 0.07178
[Wall TIME] >>> Coach.train takes 5.556296 seconds ...
[Coach] >>> VALID @Epoch: 360 >>>  || RECALL@1 Avg: 0.0146 || RECALL@10 Avg: 0.0739 || RECALL@20 Avg: 0.1101 || NDCG@10 Avg: 0.0402 || NDCG@20 Avg: 0.0494
[Wall TIME] >>> Coach.valid takes 1.464020 seconds ...
[Epoch 361 Telemetry] Loss: 0.071452 | BPR: 0.024828 | CL: 4.662407 | VRAM: 237.07 MiB | 36777.3 samples/s | 5.94s
[Coach] >>> TRAIN @Epoch: 361 >>>  || LOSS Avg: 0.07145
[Wall TIME] >>> Coach.train takes 5.939663 seconds ...
[Epoch 362 Telemetry] Loss: 0.071513 | BPR: 0.024895 | CL: 4.661785 | VRAM: 237.16 MiB | 39632.5 samples/s | 5.51s
[Coach] >>> TRAIN @Epoch: 362 >>>  || LOSS Avg: 0.07151
[Wall TIME] >>> Coach.train takes 5.511756 seconds ...
[Epoch 363 Telemetry] Loss: 0.071308 | BPR: 0.024692 | CL: 4.661655 | VRAM: 237.13 MiB | 36650.2 samples/s | 5.96s
[Coach] >>> TRAIN @Epoch: 363 >>>  || LOSS Avg: 0.07131
[Wall TIME] >>> Coach.train takes 5.960251 seconds ...
[Epoch 364 Telemetry] Loss: 0.071725 | BPR: 0.025107 | CL: 4.661808 | VRAM: 236.98 MiB | 38875.4 samples/s | 5.62s
[Coach] >>> TRAIN @Epoch: 364 >>>  || LOSS Avg: 0.07173
[Wall TIME] >>> Coach.train takes 5.619195 seconds ...
[Epoch 365 Telemetry] Loss: 0.071654 | BPR: 0.025045 | CL: 4.660920 | VRAM: 237.18 MiB | 38849.0 samples/s | 5.62s
[Coach] >>> TRAIN @Epoch: 365 >>>  || LOSS Avg: 0.07165
[Wall TIME] >>> Coach.train takes 5.622851 seconds ...
[Coach] >>> VALID @Epoch: 365 >>>  || RECALL@1 Avg: 0.0145 || RECALL@10 Avg: 0.0732 || RECALL@20 Avg: 0.1099 || NDCG@10 Avg: 0.0399 || NDCG@20 Avg: 0.0493
[Wall TIME] >>> Coach.valid takes 1.482853 seconds ...
[Epoch 366 Telemetry] Loss: 0.071419 | BPR: 0.024810 | CL: 4.660911 | VRAM: 237.74 MiB | 36423.7 samples/s | 6.00s
[Coach] >>> TRAIN @Epoch: 366 >>>  || LOSS Avg: 0.07142
[Wall TIME] >>> Coach.train takes 5.997164 seconds ...
[Epoch 367 Telemetry] Loss: 0.071512 | BPR: 0.024908 | CL: 4.660396 | VRAM: 237.58 MiB | 39398.3 samples/s | 5.54s
[Coach] >>> TRAIN @Epoch: 367 >>>  || LOSS Avg: 0.07151
[Wall TIME] >>> Coach.train takes 5.544605 seconds ...
[Epoch 368 Telemetry] Loss: 0.071626 | BPR: 0.025028 | CL: 4.659797 | VRAM: 237.74 MiB | 39245.2 samples/s | 5.57s
[Coach] >>> TRAIN @Epoch: 368 >>>  || LOSS Avg: 0.07163
[Wall TIME] >>> Coach.train takes 5.566246 seconds ...
[Epoch 369 Telemetry] Loss: 0.071453 | BPR: 0.024856 | CL: 4.659626 | VRAM: 237.61 MiB | 36639.2 samples/s | 5.96s
[Coach] >>> TRAIN @Epoch: 369 >>>  || LOSS Avg: 0.07145
[Wall TIME] >>> Coach.train takes 5.962126 seconds ...
[Epoch 370 Telemetry] Loss: 0.071365 | BPR: 0.024773 | CL: 4.659195 | VRAM: 237.81 MiB | 39247.7 samples/s | 5.56s
[Coach] >>> TRAIN @Epoch: 370 >>>  || LOSS Avg: 0.07136
[Wall TIME] >>> Coach.train takes 5.565916 seconds ...
[Coach] >>> VALID @Epoch: 370 >>>  || RECALL@1 Avg: 0.0147 || RECALL@10 Avg: 0.0732 || RECALL@20 Avg: 0.1100 || NDCG@10 Avg: 0.0399 || NDCG@20 Avg: 0.0493
[Wall TIME] >>> Coach.valid takes 1.479393 seconds ...
[Epoch 371 Telemetry] Loss: 0.071570 | BPR: 0.024978 | CL: 4.659233 | VRAM: 237.14 MiB | 36551.8 samples/s | 5.98s
[Coach] >>> TRAIN @Epoch: 371 >>>  || LOSS Avg: 0.07157
[Wall TIME] >>> Coach.train takes 5.976427 seconds ...
[Epoch 372 Telemetry] Loss: 0.071493 | BPR: 0.024905 | CL: 4.658792 | VRAM: 237.20 MiB | 39404.0 samples/s | 5.54s
[Coach] >>> TRAIN @Epoch: 372 >>>  || LOSS Avg: 0.07149
[Wall TIME] >>> Coach.train takes 5.543806 seconds ...
[Epoch 373 Telemetry] Loss: 0.071382 | BPR: 0.024790 | CL: 4.659228 | VRAM: 237.21 MiB | 36668.2 samples/s | 5.96s
[Coach] >>> TRAIN @Epoch: 373 >>>  || LOSS Avg: 0.07138
[Wall TIME] >>> Coach.train takes 5.957222 seconds ...
[Epoch 374 Telemetry] Loss: 0.071213 | BPR: 0.024636 | CL: 4.657767 | VRAM: 237.11 MiB | 39492.7 samples/s | 5.53s
[Coach] >>> TRAIN @Epoch: 374 >>>  || LOSS Avg: 0.07121
[Wall TIME] >>> Coach.train takes 5.531319 seconds ...
[Epoch 375 Telemetry] Loss: 0.071324 | BPR: 0.024748 | CL: 4.657558 | VRAM: 237.09 MiB | 39292.7 samples/s | 5.56s
[Coach] >>> TRAIN @Epoch: 375 >>>  || LOSS Avg: 0.07132
[Wall TIME] >>> Coach.train takes 5.559565 seconds ...
[Coach] >>> VALID @Epoch: 375 >>>  || RECALL@1 Avg: 0.0146 || RECALL@10 Avg: 0.0738 || RECALL@20 Avg: 0.1102 || NDCG@10 Avg: 0.0401 || NDCG@20 Avg: 0.0494
[Wall TIME] >>> Coach.valid takes 1.474844 seconds ...
[Epoch 376 Telemetry] Loss: 0.071379 | BPR: 0.024804 | CL: 4.657416 | VRAM: 237.67 MiB | 36432.9 samples/s | 5.99s
[Coach] >>> TRAIN @Epoch: 376 >>>  || LOSS Avg: 0.07138
[Wall TIME] >>> Coach.train takes 5.995773 seconds ...
[Epoch 377 Telemetry] Loss: 0.071486 | BPR: 0.024915 | CL: 4.657056 | VRAM: 237.77 MiB | 39205.3 samples/s | 5.57s
[Coach] >>> TRAIN @Epoch: 377 >>>  || LOSS Avg: 0.07149
[Wall TIME] >>> Coach.train takes 5.572271 seconds ...
[Epoch 378 Telemetry] Loss: 0.071295 | BPR: 0.024730 | CL: 4.656557 | VRAM: 237.51 MiB | 38914.2 samples/s | 5.61s
[Coach] >>> TRAIN @Epoch: 378 >>>  || LOSS Avg: 0.07130
[Wall TIME] >>> Coach.train takes 5.613396 seconds ...
[Epoch 379 Telemetry] Loss: 0.071316 | BPR: 0.024744 | CL: 4.657157 | VRAM: 237.61 MiB | 36486.7 samples/s | 5.99s
[Coach] >>> TRAIN @Epoch: 379 >>>  || LOSS Avg: 0.07132
[Wall TIME] >>> Coach.train takes 5.986785 seconds ...
[Epoch 380 Telemetry] Loss: 0.071520 | BPR: 0.024954 | CL: 4.656508 | VRAM: 237.84 MiB | 39172.8 samples/s | 5.58s
[Coach] >>> TRAIN @Epoch: 380 >>>  || LOSS Avg: 0.07152
[Wall TIME] >>> Coach.train takes 5.576383 seconds ...
[Coach] >>> VALID @Epoch: 380 >>>  || RECALL@1 Avg: 0.0145 || RECALL@10 Avg: 0.0734 || RECALL@20 Avg: 0.1102 || NDCG@10 Avg: 0.0399 || NDCG@20 Avg: 0.0493
[Wall TIME] >>> Coach.valid takes 1.484556 seconds ...
[Epoch 381 Telemetry] Loss: 0.071123 | BPR: 0.024556 | CL: 4.656693 | VRAM: 237.13 MiB | 36644.0 samples/s | 5.96s
[Coach] >>> TRAIN @Epoch: 381 >>>  || LOSS Avg: 0.07112
[Wall TIME] >>> Coach.train takes 5.961144 seconds ...
[Epoch 382 Telemetry] Loss: 0.071271 | BPR: 0.024714 | CL: 4.655733 | VRAM: 237.10 MiB | 38859.4 samples/s | 5.62s
[Coach] >>> TRAIN @Epoch: 382 >>>  || LOSS Avg: 0.07127
[Wall TIME] >>> Coach.train takes 5.621546 seconds ...
[Epoch 383 Telemetry] Loss: 0.071265 | BPR: 0.024707 | CL: 4.655809 | VRAM: 237.34 MiB | 36693.3 samples/s | 5.95s
[Coach] >>> TRAIN @Epoch: 383 >>>  || LOSS Avg: 0.07127
[Wall TIME] >>> Coach.train takes 5.953209 seconds ...
[Epoch 384 Telemetry] Loss: 0.071350 | BPR: 0.024795 | CL: 4.655490 | VRAM: 236.96 MiB | 39259.4 samples/s | 5.56s
[Coach] >>> TRAIN @Epoch: 384 >>>  || LOSS Avg: 0.07135
[Wall TIME] >>> Coach.train takes 5.564146 seconds ...
[Epoch 385 Telemetry] Loss: 0.071191 | BPR: 0.024639 | CL: 4.655255 | VRAM: 237.14 MiB | 39088.7 samples/s | 5.59s
[Coach] >>> TRAIN @Epoch: 385 >>>  || LOSS Avg: 0.07119
[Wall TIME] >>> Coach.train takes 5.588412 seconds ...
[Coach] >>> VALID @Epoch: 385 >>>  || RECALL@1 Avg: 0.0143 || RECALL@10 Avg: 0.0732 || RECALL@20 Avg: 0.1095 || NDCG@10 Avg: 0.0398 || NDCG@20 Avg: 0.0490
[Wall TIME] >>> Coach.valid takes 1.469384 seconds ...
[Epoch 386 Telemetry] Loss: 0.071103 | BPR: 0.024555 | CL: 4.654842 | VRAM: 237.52 MiB | 36530.5 samples/s | 5.98s
[Coach] >>> TRAIN @Epoch: 386 >>>  || LOSS Avg: 0.07110
[Wall TIME] >>> Coach.train takes 5.979615 seconds ...
[Epoch 387 Telemetry] Loss: 0.071075 | BPR: 0.024525 | CL: 4.655075 | VRAM: 237.77 MiB | 39251.2 samples/s | 5.56s
[Coach] >>> TRAIN @Epoch: 387 >>>  || LOSS Avg: 0.07108
[Wall TIME] >>> Coach.train takes 5.565408 seconds ...
[Epoch 388 Telemetry] Loss: 0.071273 | BPR: 0.024736 | CL: 4.653717 | VRAM: 237.71 MiB | 39113.9 samples/s | 5.58s
[Coach] >>> TRAIN @Epoch: 388 >>>  || LOSS Avg: 0.07127
[Wall TIME] >>> Coach.train takes 5.584875 seconds ...
[Epoch 389 Telemetry] Loss: 0.071315 | BPR: 0.024770 | CL: 4.654463 | VRAM: 237.78 MiB | 36650.5 samples/s | 5.96s
[Coach] >>> TRAIN @Epoch: 389 >>>  || LOSS Avg: 0.07131
[Wall TIME] >>> Coach.train takes 5.960022 seconds ...
[Epoch 390 Telemetry] Loss: 0.071179 | BPR: 0.024639 | CL: 4.653943 | VRAM: 237.45 MiB | 39211.4 samples/s | 5.57s
[Coach] >>> TRAIN @Epoch: 390 >>>  || LOSS Avg: 0.07118
[Wall TIME] >>> Coach.train takes 5.570878 seconds ...
[Coach] >>> VALID @Epoch: 390 >>>  || RECALL@1 Avg: 0.0143 || RECALL@10 Avg: 0.0736 || RECALL@20 Avg: 0.1092 || NDCG@10 Avg: 0.0398 || NDCG@20 Avg: 0.0489
[Wall TIME] >>> Coach.valid takes 1.466329 seconds ...
[Epoch 391 Telemetry] Loss: 0.071106 | BPR: 0.024570 | CL: 4.653642 | VRAM: 237.32 MiB | 36904.6 samples/s | 5.92s
[Coach] >>> TRAIN @Epoch: 391 >>>  || LOSS Avg: 0.07111
[Wall TIME] >>> Coach.train takes 5.918973 seconds ...
[Epoch 392 Telemetry] Loss: 0.071231 | BPR: 0.024698 | CL: 4.653216 | VRAM: 237.07 MiB | 39235.6 samples/s | 5.57s
[Coach] >>> TRAIN @Epoch: 392 >>>  || LOSS Avg: 0.07123
[Wall TIME] >>> Coach.train takes 5.567479 seconds ...
[Epoch 393 Telemetry] Loss: 0.071230 | BPR: 0.024702 | CL: 4.652794 | VRAM: 237.29 MiB | 37149.3 samples/s | 5.88s
[Coach] >>> TRAIN @Epoch: 393 >>>  || LOSS Avg: 0.07123
[Wall TIME] >>> Coach.train takes 5.880208 seconds ...
[Epoch 394 Telemetry] Loss: 0.071216 | BPR: 0.024686 | CL: 4.653047 | VRAM: 237.20 MiB | 39355.8 samples/s | 5.55s
[Coach] >>> TRAIN @Epoch: 394 >>>  || LOSS Avg: 0.07122
[Wall TIME] >>> Coach.train takes 5.550507 seconds ...
[Epoch 395 Telemetry] Loss: 0.071095 | BPR: 0.024572 | CL: 4.652312 | VRAM: 237.21 MiB | 39391.1 samples/s | 5.54s
[Coach] >>> TRAIN @Epoch: 395 >>>  || LOSS Avg: 0.07109
[Wall TIME] >>> Coach.train takes 5.545572 seconds ...
[Coach] >>> VALID @Epoch: 395 >>>  || RECALL@1 Avg: 0.0143 || RECALL@10 Avg: 0.0732 || RECALL@20 Avg: 0.1095 || NDCG@10 Avg: 0.0398 || NDCG@20 Avg: 0.0490
[Wall TIME] >>> Coach.valid takes 1.456959 seconds ...
[Epoch 396 Telemetry] Loss: 0.070993 | BPR: 0.024475 | CL: 4.651878 | VRAM: 237.51 MiB | 36596.8 samples/s | 5.97s
[Coach] >>> TRAIN @Epoch: 396 >>>  || LOSS Avg: 0.07099
[Wall TIME] >>> Coach.train takes 5.968818 seconds ...
[Epoch 397 Telemetry] Loss: 0.071121 | BPR: 0.024602 | CL: 4.651809 | VRAM: 237.80 MiB | 39276.3 samples/s | 5.56s
[Coach] >>> TRAIN @Epoch: 397 >>>  || LOSS Avg: 0.07112
[Wall TIME] >>> Coach.train takes 5.561981 seconds ...
[Epoch 398 Telemetry] Loss: 0.071159 | BPR: 0.024650 | CL: 4.650826 | VRAM: 237.64 MiB | 39025.5 samples/s | 5.60s
[Coach] >>> TRAIN @Epoch: 398 >>>  || LOSS Avg: 0.07116
[Wall TIME] >>> Coach.train takes 5.597681 seconds ...
[Epoch 399 Telemetry] Loss: 0.070959 | BPR: 0.024447 | CL: 4.651239 | VRAM: 237.74 MiB | 36315.5 samples/s | 6.01s
[Coach] >>> TRAIN @Epoch: 399 >>>  || LOSS Avg: 0.07096
[Wall TIME] >>> Coach.train takes 6.015261 seconds ...
[Epoch 400 Telemetry] Loss: 0.070965 | BPR: 0.024458 | CL: 4.650742 | VRAM: 237.58 MiB | 39504.2 samples/s | 5.53s
[Coach] >>> TRAIN @Epoch: 400 >>>  || LOSS Avg: 0.07097
[Wall TIME] >>> Coach.train takes 5.529874 seconds ...
[Coach] >>> VALID @Epoch: 400 >>>  || RECALL@1 Avg: 0.0147 || RECALL@10 Avg: 0.0736 || RECALL@20 Avg: 0.1096 || NDCG@10 Avg: 0.0401 || NDCG@20 Avg: 0.0493
[Wall TIME] >>> Coach.valid takes 1.458218 seconds ...
[Epoch 401 Telemetry] Loss: 0.071075 | BPR: 0.024572 | CL: 4.650320 | VRAM: 237.25 MiB | 36601.0 samples/s | 5.97s
[Coach] >>> TRAIN @Epoch: 401 >>>  || LOSS Avg: 0.07107
[Wall TIME] >>> Coach.train takes 5.968189 seconds ...
[Epoch 402 Telemetry] Loss: 0.071099 | BPR: 0.024599 | CL: 4.649941 | VRAM: 237.12 MiB | 38580.3 samples/s | 5.66s
[Coach] >>> TRAIN @Epoch: 402 >>>  || LOSS Avg: 0.07110
[Wall TIME] >>> Coach.train takes 5.662081 seconds ...
[Epoch 403 Telemetry] Loss: 0.071026 | BPR: 0.024527 | CL: 4.649877 | VRAM: 237.04 MiB | 37413.5 samples/s | 5.84s
[Coach] >>> TRAIN @Epoch: 403 >>>  || LOSS Avg: 0.07103
[Wall TIME] >>> Coach.train takes 5.838654 seconds ...
[Epoch 404 Telemetry] Loss: 0.070760 | BPR: 0.024266 | CL: 4.649408 | VRAM: 237.39 MiB | 39590.9 samples/s | 5.52s
[Coach] >>> TRAIN @Epoch: 404 >>>  || LOSS Avg: 0.07076
[Wall TIME] >>> Coach.train takes 5.517541 seconds ...
[Epoch 405 Telemetry] Loss: 0.071175 | BPR: 0.024682 | CL: 4.649262 | VRAM: 237.39 MiB | 39656.2 samples/s | 5.51s
[Coach] >>> TRAIN @Epoch: 405 >>>  || LOSS Avg: 0.07117
[Wall TIME] >>> Coach.train takes 5.508442 seconds ...
[Coach] >>> VALID @Epoch: 405 >>>  || RECALL@1 Avg: 0.0149 || RECALL@10 Avg: 0.0736 || RECALL@20 Avg: 0.1093 || NDCG@10 Avg: 0.0401 || NDCG@20 Avg: 0.0492
[Wall TIME] >>> Coach.valid takes 1.452473 seconds ...
[Epoch 406 Telemetry] Loss: 0.071105 | BPR: 0.024611 | CL: 4.649316 | VRAM: 237.64 MiB | 36988.8 samples/s | 5.90s
[Coach] >>> TRAIN @Epoch: 406 >>>  || LOSS Avg: 0.07110
[Wall TIME] >>> Coach.train takes 5.905528 seconds ...
[Epoch 407 Telemetry] Loss: 0.070763 | BPR: 0.024273 | CL: 4.648985 | VRAM: 237.64 MiB | 40138.7 samples/s | 5.44s
[Coach] >>> TRAIN @Epoch: 407 >>>  || LOSS Avg: 0.07076
[Wall TIME] >>> Coach.train takes 5.442325 seconds ...
[Epoch 408 Telemetry] Loss: 0.070830 | BPR: 0.024339 | CL: 4.649028 | VRAM: 237.64 MiB | 40043.0 samples/s | 5.45s
[Coach] >>> TRAIN @Epoch: 408 >>>  || LOSS Avg: 0.07083
[Wall TIME] >>> Coach.train takes 5.455226 seconds ...
[Epoch 409 Telemetry] Loss: 0.071288 | BPR: 0.024800 | CL: 4.648814 | VRAM: 237.61 MiB | 37108.6 samples/s | 5.89s
[Coach] >>> TRAIN @Epoch: 409 >>>  || LOSS Avg: 0.07129
[Wall TIME] >>> Coach.train takes 5.886480 seconds ...
[Epoch 410 Telemetry] Loss: 0.070878 | BPR: 0.024396 | CL: 4.648219 | VRAM: 237.71 MiB | 40058.1 samples/s | 5.45s
[Coach] >>> TRAIN @Epoch: 410 >>>  || LOSS Avg: 0.07088
[Wall TIME] >>> Coach.train takes 5.453266 seconds ...
[Coach] >>> VALID @Epoch: 410 >>>  || RECALL@1 Avg: 0.0149 || RECALL@10 Avg: 0.0741 || RECALL@20 Avg: 0.1095 || NDCG@10 Avg: 0.0404 || NDCG@20 Avg: 0.0494
[Wall TIME] >>> Coach.valid takes 1.449387 seconds ...
[Epoch 411 Telemetry] Loss: 0.070937 | BPR: 0.024456 | CL: 4.648118 | VRAM: 236.95 MiB | 37343.4 samples/s | 5.85s
[Coach] >>> TRAIN @Epoch: 411 >>>  || LOSS Avg: 0.07094
[Wall TIME] >>> Coach.train takes 5.849442 seconds ...
[Epoch 412 Telemetry] Loss: 0.070969 | BPR: 0.024487 | CL: 4.648194 | VRAM: 237.11 MiB | 39797.4 samples/s | 5.49s
[Coach] >>> TRAIN @Epoch: 412 >>>  || LOSS Avg: 0.07097
[Wall TIME] >>> Coach.train takes 5.488811 seconds ...
[Epoch 413 Telemetry] Loss: 0.070611 | BPR: 0.024132 | CL: 4.647907 | VRAM: 237.22 MiB | 37445.3 samples/s | 5.83s
[Coach] >>> TRAIN @Epoch: 413 >>>  || LOSS Avg: 0.07061
[Wall TIME] >>> Coach.train takes 5.833744 seconds ...
[Epoch 414 Telemetry] Loss: 0.070806 | BPR: 0.024336 | CL: 4.647024 | VRAM: 237.06 MiB | 39914.9 samples/s | 5.47s
[Coach] >>> TRAIN @Epoch: 414 >>>  || LOSS Avg: 0.07081
[Wall TIME] >>> Coach.train takes 5.472743 seconds ...
[Epoch 415 Telemetry] Loss: 0.070889 | BPR: 0.024421 | CL: 4.646816 | VRAM: 237.13 MiB | 39829.7 samples/s | 5.48s
[Coach] >>> TRAIN @Epoch: 415 >>>  || LOSS Avg: 0.07089
[Wall TIME] >>> Coach.train takes 5.484512 seconds ...
[Coach] >>> VALID @Epoch: 415 >>>  || RECALL@1 Avg: 0.0151 || RECALL@10 Avg: 0.0740 || RECALL@20 Avg: 0.1098 || NDCG@10 Avg: 0.0404 || NDCG@20 Avg: 0.0495
[Wall TIME] >>> Coach.valid takes 1.452371 seconds ...
[Epoch 416 Telemetry] Loss: 0.071204 | BPR: 0.024739 | CL: 4.646453 | VRAM: 237.77 MiB | 37356.1 samples/s | 5.85s
[Coach] >>> TRAIN @Epoch: 416 >>>  || LOSS Avg: 0.07120
[Wall TIME] >>> Coach.train takes 5.847634 seconds ...
[Epoch 417 Telemetry] Loss: 0.070794 | BPR: 0.024331 | CL: 4.646351 | VRAM: 237.64 MiB | 40373.3 samples/s | 5.41s
[Coach] >>> TRAIN @Epoch: 417 >>>  || LOSS Avg: 0.07079
[Wall TIME] >>> Coach.train takes 5.410652 seconds ...
[Epoch 418 Telemetry] Loss: 0.070916 | BPR: 0.024455 | CL: 4.646087 | VRAM: 237.78 MiB | 39827.2 samples/s | 5.48s
[Coach] >>> TRAIN @Epoch: 418 >>>  || LOSS Avg: 0.07092
[Wall TIME] >>> Coach.train takes 5.484782 seconds ...
[Epoch 419 Telemetry] Loss: 0.070526 | BPR: 0.024063 | CL: 4.646293 | VRAM: 237.61 MiB | 37529.1 samples/s | 5.82s
[Coach] >>> TRAIN @Epoch: 419 >>>  || LOSS Avg: 0.07053
[Wall TIME] >>> Coach.train takes 5.820571 seconds ...
[Epoch 420 Telemetry] Loss: 0.070832 | BPR: 0.024374 | CL: 4.645815 | VRAM: 237.67 MiB | 40253.4 samples/s | 5.43s
[Coach] >>> TRAIN @Epoch: 420 >>>  || LOSS Avg: 0.07083
[Wall TIME] >>> Coach.train takes 5.426809 seconds ...
[Coach] >>> Better ***NDCG@20*** of ***0.0495*** 
[Coach] >>> VALID @Epoch: 420 >>>  || RECALL@1 Avg: 0.0148 || RECALL@10 Avg: 0.0737 || RECALL@20 Avg: 0.1103 || NDCG@10 Avg: 0.0402 || NDCG@20 Avg: 0.0495
[Wall TIME] >>> Coach.valid takes 1.508132 seconds ...
[Epoch 421 Telemetry] Loss: 0.070972 | BPR: 0.024520 | CL: 4.645257 | VRAM: 237.04 MiB | 37382.3 samples/s | 5.84s
[Coach] >>> TRAIN @Epoch: 421 >>>  || LOSS Avg: 0.07097
[Wall TIME] >>> Coach.train takes 5.843482 seconds ...
[Epoch 422 Telemetry] Loss: 0.070909 | BPR: 0.024454 | CL: 4.645469 | VRAM: 237.12 MiB | 39938.0 samples/s | 5.47s
[Coach] >>> TRAIN @Epoch: 422 >>>  || LOSS Avg: 0.07091
[Wall TIME] >>> Coach.train takes 5.469582 seconds ...
[Epoch 423 Telemetry] Loss: 0.071003 | BPR: 0.024549 | CL: 4.645400 | VRAM: 237.11 MiB | 37161.9 samples/s | 5.88s
[Coach] >>> TRAIN @Epoch: 423 >>>  || LOSS Avg: 0.07100
[Wall TIME] >>> Coach.train takes 5.878162 seconds ...
[Epoch 424 Telemetry] Loss: 0.070787 | BPR: 0.024339 | CL: 4.644810 | VRAM: 237.38 MiB | 40135.4 samples/s | 5.44s
[Coach] >>> TRAIN @Epoch: 424 >>>  || LOSS Avg: 0.07079
[Wall TIME] >>> Coach.train takes 5.442664 seconds ...
[Epoch 425 Telemetry] Loss: 0.070811 | BPR: 0.024365 | CL: 4.644617 | VRAM: 237.09 MiB | 39821.1 samples/s | 5.48s
[Coach] >>> TRAIN @Epoch: 425 >>>  || LOSS Avg: 0.07081
[Wall TIME] >>> Coach.train takes 5.485735 seconds ...
[Coach] >>> VALID @Epoch: 425 >>>  || RECALL@1 Avg: 0.0145 || RECALL@10 Avg: 0.0740 || RECALL@20 Avg: 0.1105 || NDCG@10 Avg: 0.0401 || NDCG@20 Avg: 0.0494
[Wall TIME] >>> Coach.valid takes 1.471791 seconds ...
[Epoch 426 Telemetry] Loss: 0.070591 | BPR: 0.024142 | CL: 4.644869 | VRAM: 237.65 MiB | 37384.7 samples/s | 5.84s
[Coach] >>> TRAIN @Epoch: 426 >>>  || LOSS Avg: 0.07059
[Wall TIME] >>> Coach.train takes 5.843229 seconds ...
[Epoch 427 Telemetry] Loss: 0.070958 | BPR: 0.024512 | CL: 4.644637 | VRAM: 237.81 MiB | 39920.0 samples/s | 5.47s
[Coach] >>> TRAIN @Epoch: 427 >>>  || LOSS Avg: 0.07096
[Wall TIME] >>> Coach.train takes 5.472067 seconds ...
[Epoch 428 Telemetry] Loss: 0.070693 | BPR: 0.024256 | CL: 4.643653 | VRAM: 237.51 MiB | 39633.7 samples/s | 5.51s
[Coach] >>> TRAIN @Epoch: 428 >>>  || LOSS Avg: 0.07069
[Wall TIME] >>> Coach.train takes 5.511529 seconds ...
[Epoch 429 Telemetry] Loss: 0.070762 | BPR: 0.024328 | CL: 4.643476 | VRAM: 237.42 MiB | 37182.4 samples/s | 5.87s
[Coach] >>> TRAIN @Epoch: 429 >>>  || LOSS Avg: 0.07076
[Wall TIME] >>> Coach.train takes 5.874876 seconds ...
[Epoch 430 Telemetry] Loss: 0.070850 | BPR: 0.024416 | CL: 4.643422 | VRAM: 237.64 MiB | 39970.6 samples/s | 5.46s
[Coach] >>> TRAIN @Epoch: 430 >>>  || LOSS Avg: 0.07085
[Wall TIME] >>> Coach.train takes 5.465200 seconds ...
[Coach] >>> VALID @Epoch: 430 >>>  || RECALL@1 Avg: 0.0144 || RECALL@10 Avg: 0.0739 || RECALL@20 Avg: 0.1097 || NDCG@10 Avg: 0.0399 || NDCG@20 Avg: 0.0491
[Wall TIME] >>> Coach.valid takes 1.458926 seconds ...
[Epoch 431 Telemetry] Loss: 0.070588 | BPR: 0.024159 | CL: 4.642890 | VRAM: 237.10 MiB | 37188.1 samples/s | 5.87s
[Coach] >>> TRAIN @Epoch: 431 >>>  || LOSS Avg: 0.07059
[Wall TIME] >>> Coach.train takes 5.873980 seconds ...
[Epoch 432 Telemetry] Loss: 0.070988 | BPR: 0.024552 | CL: 4.643560 | VRAM: 237.10 MiB | 40185.3 samples/s | 5.44s
[Coach] >>> TRAIN @Epoch: 432 >>>  || LOSS Avg: 0.07099
[Wall TIME] >>> Coach.train takes 5.436070 seconds ...
[Epoch 433 Telemetry] Loss: 0.070793 | BPR: 0.024369 | CL: 4.642379 | VRAM: 237.14 MiB | 37377.4 samples/s | 5.84s
[Coach] >>> TRAIN @Epoch: 433 >>>  || LOSS Avg: 0.07079
[Wall TIME] >>> Coach.train takes 5.844391 seconds ...
[Epoch 434 Telemetry] Loss: 0.070869 | BPR: 0.024440 | CL: 4.642840 | VRAM: 237.29 MiB | 40029.4 samples/s | 5.46s
[Coach] >>> TRAIN @Epoch: 434 >>>  || LOSS Avg: 0.07087
[Wall TIME] >>> Coach.train takes 5.457546 seconds ...
[Epoch 435 Telemetry] Loss: 0.070841 | BPR: 0.024417 | CL: 4.642462 | VRAM: 237.18 MiB | 40097.1 samples/s | 5.45s
[Coach] >>> TRAIN @Epoch: 435 >>>  || LOSS Avg: 0.07084
[Wall TIME] >>> Coach.train takes 5.447853 seconds ...
[Coach] >>> VALID @Epoch: 435 >>>  || RECALL@1 Avg: 0.0147 || RECALL@10 Avg: 0.0737 || RECALL@20 Avg: 0.1100 || NDCG@10 Avg: 0.0401 || NDCG@20 Avg: 0.0493
[Wall TIME] >>> Coach.valid takes 1.449341 seconds ...
[Epoch 436 Telemetry] Loss: 0.070958 | BPR: 0.024539 | CL: 4.641888 | VRAM: 237.80 MiB | 37392.1 samples/s | 5.84s
[Coach] >>> TRAIN @Epoch: 436 >>>  || LOSS Avg: 0.07096
[Wall TIME] >>> Coach.train takes 5.841845 seconds ...
[Epoch 437 Telemetry] Loss: 0.070688 | BPR: 0.024274 | CL: 4.641392 | VRAM: 237.51 MiB | 40062.1 samples/s | 5.45s
[Coach] >>> TRAIN @Epoch: 437 >>>  || LOSS Avg: 0.07069
[Wall TIME] >>> Coach.train takes 5.452572 seconds ...
[Epoch 438 Telemetry] Loss: 0.070702 | BPR: 0.024286 | CL: 4.641628 | VRAM: 237.68 MiB | 39876.4 samples/s | 5.48s
[Coach] >>> TRAIN @Epoch: 438 >>>  || LOSS Avg: 0.07070
[Wall TIME] >>> Coach.train takes 5.478079 seconds ...
[Epoch 439 Telemetry] Loss: 0.070761 | BPR: 0.024350 | CL: 4.641105 | VRAM: 237.61 MiB | 37595.5 samples/s | 5.81s
[Coach] >>> TRAIN @Epoch: 439 >>>  || LOSS Avg: 0.07076
[Wall TIME] >>> Coach.train takes 5.810288 seconds ...
[Epoch 440 Telemetry] Loss: 0.070541 | BPR: 0.024133 | CL: 4.640828 | VRAM: 237.67 MiB | 39737.8 samples/s | 5.50s
[Coach] >>> TRAIN @Epoch: 440 >>>  || LOSS Avg: 0.07054
[Wall TIME] >>> Coach.train takes 5.497275 seconds ...
[Coach] >>> VALID @Epoch: 440 >>>  || RECALL@1 Avg: 0.0144 || RECALL@10 Avg: 0.0739 || RECALL@20 Avg: 0.1099 || NDCG@10 Avg: 0.0400 || NDCG@20 Avg: 0.0491
[Wall TIME] >>> Coach.valid takes 1.452022 seconds ...
[Epoch 441 Telemetry] Loss: 0.070633 | BPR: 0.024224 | CL: 4.640929 | VRAM: 237.06 MiB | 37284.6 samples/s | 5.86s
[Coach] >>> TRAIN @Epoch: 441 >>>  || LOSS Avg: 0.07063
[Wall TIME] >>> Coach.train takes 5.858652 seconds ...
[Epoch 442 Telemetry] Loss: 0.070732 | BPR: 0.024329 | CL: 4.640362 | VRAM: 237.10 MiB | 40101.4 samples/s | 5.45s
[Coach] >>> TRAIN @Epoch: 442 >>>  || LOSS Avg: 0.07073
[Wall TIME] >>> Coach.train takes 5.447373 seconds ...
[Epoch 443 Telemetry] Loss: 0.070650 | BPR: 0.024245 | CL: 4.640528 | VRAM: 237.39 MiB | 37505.6 samples/s | 5.82s
[Coach] >>> TRAIN @Epoch: 443 >>>  || LOSS Avg: 0.07065
[Wall TIME] >>> Coach.train takes 5.824277 seconds ...
[Epoch 444 Telemetry] Loss: 0.070915 | BPR: 0.024518 | CL: 4.639686 | VRAM: 237.04 MiB | 40174.9 samples/s | 5.44s
[Coach] >>> TRAIN @Epoch: 444 >>>  || LOSS Avg: 0.07092
[Wall TIME] >>> Coach.train takes 5.437411 seconds ...
[Epoch 445 Telemetry] Loss: 0.070837 | BPR: 0.024444 | CL: 4.639383 | VRAM: 237.09 MiB | 39831.5 samples/s | 5.48s
[Coach] >>> TRAIN @Epoch: 445 >>>  || LOSS Avg: 0.07084
[Wall TIME] >>> Coach.train takes 5.484132 seconds ...
[Coach] >>> VALID @Epoch: 445 >>>  || RECALL@1 Avg: 0.0142 || RECALL@10 Avg: 0.0742 || RECALL@20 Avg: 0.1100 || NDCG@10 Avg: 0.0400 || NDCG@20 Avg: 0.0491
[Wall TIME] >>> Coach.valid takes 1.461261 seconds ...
[Epoch 446 Telemetry] Loss: 0.070536 | BPR: 0.024145 | CL: 4.639048 | VRAM: 237.61 MiB | 37294.1 samples/s | 5.86s
[Coach] >>> TRAIN @Epoch: 446 >>>  || LOSS Avg: 0.07054
[Wall TIME] >>> Coach.train takes 5.857222 seconds ...
[Epoch 447 Telemetry] Loss: 0.070642 | BPR: 0.024252 | CL: 4.638997 | VRAM: 237.57 MiB | 39832.1 samples/s | 5.48s
[Coach] >>> TRAIN @Epoch: 447 >>>  || LOSS Avg: 0.07064
[Wall TIME] >>> Coach.train takes 5.484156 seconds ...
[Epoch 448 Telemetry] Loss: 0.070748 | BPR: 0.024363 | CL: 4.638477 | VRAM: 237.48 MiB | 39553.2 samples/s | 5.52s
[Coach] >>> TRAIN @Epoch: 448 >>>  || LOSS Avg: 0.07075
[Wall TIME] >>> Coach.train takes 5.522821 seconds ...
[Epoch 449 Telemetry] Loss: 0.070599 | BPR: 0.024215 | CL: 4.638440 | VRAM: 237.84 MiB | 36133.8 samples/s | 6.04s
[Coach] >>> TRAIN @Epoch: 449 >>>  || LOSS Avg: 0.07060
[Wall TIME] >>> Coach.train takes 6.045332 seconds ...
[Epoch 450 Telemetry] Loss: 0.070714 | BPR: 0.024327 | CL: 4.638665 | VRAM: 237.74 MiB | 39039.7 samples/s | 5.59s
[Coach] >>> TRAIN @Epoch: 450 >>>  || LOSS Avg: 0.07071
[Wall TIME] >>> Coach.train takes 5.595430 seconds ...
[Coach] >>> VALID @Epoch: 450 >>>  || RECALL@1 Avg: 0.0143 || RECALL@10 Avg: 0.0740 || RECALL@20 Avg: 0.1100 || NDCG@10 Avg: 0.0401 || NDCG@20 Avg: 0.0492
[Wall TIME] >>> Coach.valid takes 1.474261 seconds ...
[Epoch 451 Telemetry] Loss: 0.070682 | BPR: 0.024298 | CL: 4.638361 | VRAM: 237.08 MiB | 34476.0 samples/s | 6.34s
[Coach] >>> TRAIN @Epoch: 451 >>>  || LOSS Avg: 0.07068
[Wall TIME] >>> Coach.train takes 6.336596 seconds ...
[Epoch 452 Telemetry] Loss: 0.070480 | BPR: 0.024098 | CL: 4.638241 | VRAM: 237.10 MiB | 38018.2 samples/s | 5.74s
[Coach] >>> TRAIN @Epoch: 452 >>>  || LOSS Avg: 0.07048
[Wall TIME] >>> Coach.train takes 5.745981 seconds ...
[Epoch 453 Telemetry] Loss: 0.070509 | BPR: 0.024122 | CL: 4.638651 | VRAM: 237.27 MiB | 36522.8 samples/s | 5.98s
[Coach] >>> TRAIN @Epoch: 453 >>>  || LOSS Avg: 0.07051
[Wall TIME] >>> Coach.train takes 5.981151 seconds ...
[Epoch 454 Telemetry] Loss: 0.070748 | BPR: 0.024369 | CL: 4.637875 | VRAM: 237.17 MiB | 38045.9 samples/s | 5.74s
[Coach] >>> TRAIN @Epoch: 454 >>>  || LOSS Avg: 0.07075
[Wall TIME] >>> Coach.train takes 5.741808 seconds ...
[Epoch 455 Telemetry] Loss: 0.070610 | BPR: 0.024232 | CL: 4.637802 | VRAM: 237.24 MiB | 38117.9 samples/s | 5.73s
[Coach] >>> TRAIN @Epoch: 455 >>>  || LOSS Avg: 0.07061
[Wall TIME] >>> Coach.train takes 5.730814 seconds ...
[Coach] >>> VALID @Epoch: 455 >>>  || RECALL@1 Avg: 0.0142 || RECALL@10 Avg: 0.0740 || RECALL@20 Avg: 0.1099 || NDCG@10 Avg: 0.0400 || NDCG@20 Avg: 0.0492
[Wall TIME] >>> Coach.valid takes 1.482005 seconds ...
[Epoch 456 Telemetry] Loss: 0.070855 | BPR: 0.024482 | CL: 4.637291 | VRAM: 237.77 MiB | 35566.7 samples/s | 6.14s
[Coach] >>> TRAIN @Epoch: 456 >>>  || LOSS Avg: 0.07086
[Wall TIME] >>> Coach.train takes 6.141797 seconds ...
[Epoch 457 Telemetry] Loss: 0.070749 | BPR: 0.024377 | CL: 4.637184 | VRAM: 237.57 MiB | 37161.0 samples/s | 5.88s
[Coach] >>> TRAIN @Epoch: 457 >>>  || LOSS Avg: 0.07075
[Wall TIME] >>> Coach.train takes 5.878472 seconds ...
[Epoch 458 Telemetry] Loss: 0.070416 | BPR: 0.024050 | CL: 4.636556 | VRAM: 237.70 MiB | 35835.9 samples/s | 6.09s
[Coach] >>> TRAIN @Epoch: 458 >>>  || LOSS Avg: 0.07042
[Wall TIME] >>> Coach.train takes 6.095734 seconds ...
[Epoch 459 Telemetry] Loss: 0.070430 | BPR: 0.024060 | CL: 4.637025 | VRAM: 237.65 MiB | 33652.2 samples/s | 6.49s
[Coach] >>> TRAIN @Epoch: 459 >>>  || LOSS Avg: 0.07043
[Wall TIME] >>> Coach.train takes 6.491276 seconds ...
[Epoch 460 Telemetry] Loss: 0.070631 | BPR: 0.024268 | CL: 4.636297 | VRAM: 237.74 MiB | 36288.9 samples/s | 6.02s
[Coach] >>> TRAIN @Epoch: 460 >>>  || LOSS Avg: 0.07063
[Wall TIME] >>> Coach.train takes 6.019573 seconds ...
[Coach] >>> VALID @Epoch: 460 >>>  || RECALL@1 Avg: 0.0142 || RECALL@10 Avg: 0.0735 || RECALL@20 Avg: 0.1101 || NDCG@10 Avg: 0.0400 || NDCG@20 Avg: 0.0493
[Wall TIME] >>> Coach.valid takes 1.509320 seconds ...
[Epoch 461 Telemetry] Loss: 0.070525 | BPR: 0.024159 | CL: 4.636555 | VRAM: 237.51 MiB | 34610.1 samples/s | 6.31s
[Coach] >>> TRAIN @Epoch: 461 >>>  || LOSS Avg: 0.07052
[Wall TIME] >>> Coach.train takes 6.311560 seconds ...
[Epoch 462 Telemetry] Loss: 0.070480 | BPR: 0.024120 | CL: 4.635936 | VRAM: 237.25 MiB | 36739.5 samples/s | 5.94s
[Coach] >>> TRAIN @Epoch: 462 >>>  || LOSS Avg: 0.07048
[Wall TIME] >>> Coach.train takes 5.945828 seconds ...
[Epoch 463 Telemetry] Loss: 0.070465 | BPR: 0.024108 | CL: 4.635769 | VRAM: 237.09 MiB | 34408.0 samples/s | 6.35s
[Coach] >>> TRAIN @Epoch: 463 >>>  || LOSS Avg: 0.07047
[Wall TIME] >>> Coach.train takes 6.348726 seconds ...
[Epoch 464 Telemetry] Loss: 0.070476 | BPR: 0.024121 | CL: 4.635499 | VRAM: 237.09 MiB | 36952.4 samples/s | 5.91s
[Coach] >>> TRAIN @Epoch: 464 >>>  || LOSS Avg: 0.07048
[Wall TIME] >>> Coach.train takes 5.911568 seconds ...
[Epoch 465 Telemetry] Loss: 0.070419 | BPR: 0.024061 | CL: 4.635826 | VRAM: 237.26 MiB | 36948.0 samples/s | 5.91s
[Coach] >>> TRAIN @Epoch: 465 >>>  || LOSS Avg: 0.07042
[Wall TIME] >>> Coach.train takes 5.912309 seconds ...
[Coach] >>> VALID @Epoch: 465 >>>  || RECALL@1 Avg: 0.0141 || RECALL@10 Avg: 0.0739 || RECALL@20 Avg: 0.1099 || NDCG@10 Avg: 0.0400 || NDCG@20 Avg: 0.0491
[Wall TIME] >>> Coach.valid takes 1.553396 seconds ...
[Epoch 466 Telemetry] Loss: 0.070537 | BPR: 0.024187 | CL: 4.634963 | VRAM: 237.70 MiB | 34068.1 samples/s | 6.41s
[Coach] >>> TRAIN @Epoch: 466 >>>  || LOSS Avg: 0.07054
[Wall TIME] >>> Coach.train takes 6.412066 seconds ...
[Epoch 467 Telemetry] Loss: 0.070371 | BPR: 0.024021 | CL: 4.635043 | VRAM: 237.52 MiB | 35974.1 samples/s | 6.07s
[Coach] >>> TRAIN @Epoch: 467 >>>  || LOSS Avg: 0.07037
[Wall TIME] >>> Coach.train takes 6.072285 seconds ...
[Epoch 468 Telemetry] Loss: 0.070366 | BPR: 0.024018 | CL: 4.634815 | VRAM: 237.51 MiB | 36507.2 samples/s | 5.98s
[Coach] >>> TRAIN @Epoch: 468 >>>  || LOSS Avg: 0.07037
[Wall TIME] >>> Coach.train takes 5.983563 seconds ...
[Epoch 469 Telemetry] Loss: 0.070514 | BPR: 0.024166 | CL: 4.634832 | VRAM: 237.61 MiB | 34932.0 samples/s | 6.25s
[Coach] >>> TRAIN @Epoch: 469 >>>  || LOSS Avg: 0.07051
[Wall TIME] >>> Coach.train takes 6.253421 seconds ...
[Epoch 470 Telemetry] Loss: 0.070551 | BPR: 0.024206 | CL: 4.634479 | VRAM: 237.62 MiB | 36971.4 samples/s | 5.91s
[Coach] >>> TRAIN @Epoch: 470 >>>  || LOSS Avg: 0.07055
[Wall TIME] >>> Coach.train takes 5.908723 seconds ...
[Coach] >>> VALID @Epoch: 470 >>>  || RECALL@1 Avg: 0.0145 || RECALL@10 Avg: 0.0741 || RECALL@20 Avg: 0.1104 || NDCG@10 Avg: 0.0402 || NDCG@20 Avg: 0.0494
[Wall TIME] >>> Coach.valid takes 1.500910 seconds ...
[Epoch 471 Telemetry] Loss: 0.070472 | BPR: 0.024128 | CL: 4.634423 | VRAM: 237.20 MiB | 35446.3 samples/s | 6.16s
[Coach] >>> TRAIN @Epoch: 471 >>>  || LOSS Avg: 0.07047
[Wall TIME] >>> Coach.train takes 6.162593 seconds ...
[Epoch 472 Telemetry] Loss: 0.070202 | BPR: 0.023864 | CL: 4.633846 | VRAM: 237.21 MiB | 38595.0 samples/s | 5.66s
[Coach] >>> TRAIN @Epoch: 472 >>>  || LOSS Avg: 0.07020
[Wall TIME] >>> Coach.train takes 5.659997 seconds ...
[Epoch 473 Telemetry] Loss: 0.070444 | BPR: 0.024112 | CL: 4.633231 | VRAM: 237.11 MiB | 35861.2 samples/s | 6.09s
[Coach] >>> TRAIN @Epoch: 473 >>>  || LOSS Avg: 0.07044
[Wall TIME] >>> Coach.train takes 6.091425 seconds ...
[Epoch 474 Telemetry] Loss: 0.070143 | BPR: 0.023811 | CL: 4.633195 | VRAM: 237.06 MiB | 38439.2 samples/s | 5.68s
[Coach] >>> TRAIN @Epoch: 474 >>>  || LOSS Avg: 0.07014
[Wall TIME] >>> Coach.train takes 5.682917 seconds ...
[Epoch 475 Telemetry] Loss: 0.070564 | BPR: 0.024233 | CL: 4.633080 | VRAM: 237.05 MiB | 38005.3 samples/s | 5.75s
[Coach] >>> TRAIN @Epoch: 475 >>>  || LOSS Avg: 0.07056
[Wall TIME] >>> Coach.train takes 5.747833 seconds ...
[Coach] >>> VALID @Epoch: 475 >>>  || RECALL@1 Avg: 0.0142 || RECALL@10 Avg: 0.0740 || RECALL@20 Avg: 0.1104 || NDCG@10 Avg: 0.0399 || NDCG@20 Avg: 0.0492
[Wall TIME] >>> Coach.valid takes 1.481380 seconds ...
[Epoch 476 Telemetry] Loss: 0.070241 | BPR: 0.023908 | CL: 4.633233 | VRAM: 237.64 MiB | 35459.3 samples/s | 6.16s
[Coach] >>> TRAIN @Epoch: 476 >>>  || LOSS Avg: 0.07024
[Wall TIME] >>> Coach.train takes 6.160351 seconds ...
[Epoch 477 Telemetry] Loss: 0.070427 | BPR: 0.024098 | CL: 4.632920 | VRAM: 237.71 MiB | 38064.0 samples/s | 5.74s
[Coach] >>> TRAIN @Epoch: 477 >>>  || LOSS Avg: 0.07043
[Wall TIME] >>> Coach.train takes 5.738948 seconds ...
[Epoch 478 Telemetry] Loss: 0.070239 | BPR: 0.023911 | CL: 4.632771 | VRAM: 237.61 MiB | 38104.9 samples/s | 5.73s
[Coach] >>> TRAIN @Epoch: 478 >>>  || LOSS Avg: 0.07024
[Wall TIME] >>> Coach.train takes 5.732771 seconds ...
[Epoch 479 Telemetry] Loss: 0.070260 | BPR: 0.023935 | CL: 4.632505 | VRAM: 237.64 MiB | 35661.9 samples/s | 6.12s
[Coach] >>> TRAIN @Epoch: 479 >>>  || LOSS Avg: 0.07026
[Wall TIME] >>> Coach.train takes 6.125442 seconds ...
[Epoch 480 Telemetry] Loss: 0.070565 | BPR: 0.024240 | CL: 4.632554 | VRAM: 237.68 MiB | 38048.2 samples/s | 5.74s
[Coach] >>> TRAIN @Epoch: 480 >>>  || LOSS Avg: 0.07057
[Wall TIME] >>> Coach.train takes 5.741415 seconds ...
[Coach] >>> VALID @Epoch: 480 >>>  || RECALL@1 Avg: 0.0148 || RECALL@10 Avg: 0.0737 || RECALL@20 Avg: 0.1104 || NDCG@10 Avg: 0.0401 || NDCG@20 Avg: 0.0495
[Wall TIME] >>> Coach.valid takes 1.501187 seconds ...
[Epoch 481 Telemetry] Loss: 0.070241 | BPR: 0.023922 | CL: 4.631933 | VRAM: 237.11 MiB | 35353.5 samples/s | 6.18s
[Coach] >>> TRAIN @Epoch: 481 >>>  || LOSS Avg: 0.07024
[Wall TIME] >>> Coach.train takes 6.178834 seconds ...
[Epoch 482 Telemetry] Loss: 0.070141 | BPR: 0.023823 | CL: 4.631811 | VRAM: 237.20 MiB | 37984.3 samples/s | 5.75s
[Coach] >>> TRAIN @Epoch: 482 >>>  || LOSS Avg: 0.07014
[Wall TIME] >>> Coach.train takes 5.750999 seconds ...
[Epoch 483 Telemetry] Loss: 0.070035 | BPR: 0.023721 | CL: 4.631390 | VRAM: 237.36 MiB | 35382.8 samples/s | 6.17s
[Coach] >>> TRAIN @Epoch: 483 >>>  || LOSS Avg: 0.07004
[Wall TIME] >>> Coach.train takes 6.173660 seconds ...
[Epoch 484 Telemetry] Loss: 0.070213 | BPR: 0.023902 | CL: 4.631130 | VRAM: 237.08 MiB | 37964.5 samples/s | 5.75s
[Coach] >>> TRAIN @Epoch: 484 >>>  || LOSS Avg: 0.07021
[Wall TIME] >>> Coach.train takes 5.754028 seconds ...
[Epoch 485 Telemetry] Loss: 0.070329 | BPR: 0.024010 | CL: 4.631922 | VRAM: 237.18 MiB | 37822.9 samples/s | 5.77s
[Coach] >>> TRAIN @Epoch: 485 >>>  || LOSS Avg: 0.07033
[Wall TIME] >>> Coach.train takes 5.775459 seconds ...
[Coach] >>> Better ***NDCG@20*** of ***0.0496*** 
[Coach] >>> VALID @Epoch: 485 >>>  || RECALL@1 Avg: 0.0150 || RECALL@10 Avg: 0.0737 || RECALL@20 Avg: 0.1104 || NDCG@10 Avg: 0.0402 || NDCG@20 Avg: 0.0496
[Wall TIME] >>> Coach.valid takes 1.530277 seconds ...
[Epoch 486 Telemetry] Loss: 0.070184 | BPR: 0.023875 | CL: 4.630924 | VRAM: 237.78 MiB | 35872.3 samples/s | 6.09s
[Coach] >>> TRAIN @Epoch: 486 >>>  || LOSS Avg: 0.07018
[Wall TIME] >>> Coach.train takes 6.089421 seconds ...
[Epoch 487 Telemetry] Loss: 0.070213 | BPR: 0.023905 | CL: 4.630816 | VRAM: 237.61 MiB | 38650.5 samples/s | 5.65s
[Coach] >>> TRAIN @Epoch: 487 >>>  || LOSS Avg: 0.07021
[Wall TIME] >>> Coach.train takes 5.651832 seconds ...
[Epoch 488 Telemetry] Loss: 0.070032 | BPR: 0.023727 | CL: 4.630443 | VRAM: 237.57 MiB | 38216.7 samples/s | 5.72s
[Coach] >>> TRAIN @Epoch: 488 >>>  || LOSS Avg: 0.07003
[Wall TIME] >>> Coach.train takes 5.715946 seconds ...
[Epoch 489 Telemetry] Loss: 0.069991 | BPR: 0.023686 | CL: 4.630474 | VRAM: 237.81 MiB | 35709.3 samples/s | 6.12s
[Coach] >>> TRAIN @Epoch: 489 >>>  || LOSS Avg: 0.06999
[Wall TIME] >>> Coach.train takes 6.117213 seconds ...
[Epoch 490 Telemetry] Loss: 0.070448 | BPR: 0.024143 | CL: 4.630497 | VRAM: 237.67 MiB | 38279.6 samples/s | 5.71s
[Coach] >>> TRAIN @Epoch: 490 >>>  || LOSS Avg: 0.07045
[Wall TIME] >>> Coach.train takes 5.706723 seconds ...
[Coach] >>> VALID @Epoch: 490 >>>  || RECALL@1 Avg: 0.0145 || RECALL@10 Avg: 0.0733 || RECALL@20 Avg: 0.1103 || NDCG@10 Avg: 0.0400 || NDCG@20 Avg: 0.0494
[Wall TIME] >>> Coach.valid takes 1.481469 seconds ...
[Epoch 491 Telemetry] Loss: 0.070096 | BPR: 0.023795 | CL: 4.630058 | VRAM: 237.10 MiB | 35541.3 samples/s | 6.15s
[Coach] >>> TRAIN @Epoch: 491 >>>  || LOSS Avg: 0.07010
[Wall TIME] >>> Coach.train takes 6.146152 seconds ...
[Epoch 492 Telemetry] Loss: 0.070370 | BPR: 0.024066 | CL: 4.630375 | VRAM: 237.14 MiB | 38464.8 samples/s | 5.68s
[Coach] >>> TRAIN @Epoch: 492 >>>  || LOSS Avg: 0.07037
[Wall TIME] >>> Coach.train takes 5.679011 seconds ...
[Epoch 493 Telemetry] Loss: 0.070173 | BPR: 0.023884 | CL: 4.628918 | VRAM: 236.99 MiB | 35840.0 samples/s | 6.09s
[Coach] >>> TRAIN @Epoch: 493 >>>  || LOSS Avg: 0.07017
[Wall TIME] >>> Coach.train takes 6.094936 seconds ...
[Epoch 494 Telemetry] Loss: 0.070153 | BPR: 0.023862 | CL: 4.629161 | VRAM: 237.47 MiB | 38082.4 samples/s | 5.74s
[Coach] >>> TRAIN @Epoch: 494 >>>  || LOSS Avg: 0.07015
[Wall TIME] >>> Coach.train takes 5.736174 seconds ...
[Epoch 495 Telemetry] Loss: 0.070173 | BPR: 0.023883 | CL: 4.628973 | VRAM: 237.06 MiB | 38112.1 samples/s | 5.73s
[Coach] >>> TRAIN @Epoch: 495 >>>  || LOSS Avg: 0.07017
[Wall TIME] >>> Coach.train takes 5.731756 seconds ...
[Coach] >>> VALID @Epoch: 495 >>>  || RECALL@1 Avg: 0.0147 || RECALL@10 Avg: 0.0739 || RECALL@20 Avg: 0.1104 || NDCG@10 Avg: 0.0401 || NDCG@20 Avg: 0.0494
[Wall TIME] >>> Coach.valid takes 1.492948 seconds ...
[Epoch 496 Telemetry] Loss: 0.070158 | BPR: 0.023866 | CL: 4.629164 | VRAM: 237.57 MiB | 35645.1 samples/s | 6.13s
[Coach] >>> TRAIN @Epoch: 496 >>>  || LOSS Avg: 0.07016
[Wall TIME] >>> Coach.train takes 6.128269 seconds ...
[Epoch 497 Telemetry] Loss: 0.070260 | BPR: 0.023970 | CL: 4.629032 | VRAM: 237.52 MiB | 38221.5 samples/s | 5.71s
[Coach] >>> TRAIN @Epoch: 497 >>>  || LOSS Avg: 0.07026
[Wall TIME] >>> Coach.train takes 5.715089 seconds ...
[Epoch 498 Telemetry] Loss: 0.070191 | BPR: 0.023904 | CL: 4.628690 | VRAM: 237.61 MiB | 38846.4 samples/s | 5.62s
[Coach] >>> TRAIN @Epoch: 498 >>>  || LOSS Avg: 0.07019
[Wall TIME] >>> Coach.train takes 5.623361 seconds ...
[Epoch 499 Telemetry] Loss: 0.070194 | BPR: 0.023907 | CL: 4.628666 | VRAM: 237.68 MiB | 35586.4 samples/s | 6.14s
[Coach] >>> TRAIN @Epoch: 499 >>>  || LOSS Avg: 0.07019
[Wall TIME] >>> Coach.train takes 6.138435 seconds ...
[Epoch 500 Telemetry] Loss: 0.070154 | BPR: 0.023871 | CL: 4.628333 | VRAM: 237.64 MiB | 38092.0 samples/s | 5.73s
[Coach] >>> TRAIN @Epoch: 500 >>>  || LOSS Avg: 0.07015
[Wall TIME] >>> Coach.train takes 5.734732 seconds ...
[Coach] >>> Better ***NDCG@20*** of ***0.0496*** 
[Coach] >>> VALID @Epoch: 500 >>>  || RECALL@1 Avg: 0.0149 || RECALL@10 Avg: 0.0734 || RECALL@20 Avg: 0.1108 || NDCG@10 Avg: 0.0400 || NDCG@20 Avg: 0.0496
[Wall TIME] >>> Coach.valid takes 1.539804 seconds ...
[Coach] >>> TEST  @Epoch: 500 >>>  || RECALL@1 Avg: 0.0150 || RECALL@10 Avg: 0.0758 || RECALL@20 Avg: 0.1136 || NDCG@10 Avg: 0.0418 || NDCG@20 Avg: 0.0516
[Wall TIME] >>> Coach.test takes 1.538988 seconds ...
     Mode     Metric      Best  @Step
0   train       LOSS  0.069991    488
1   valid   RECALL@1  0.015105    415
2   valid  RECALL@10  0.074252    350
3   valid  RECALL@20  0.110799    500
4   valid    NDCG@10  0.040354    410
5   valid    NDCG@20  0.049576    500
6    test   RECALL@1  0.015048      0
7    test  RECALL@10  0.075831      0
8    test  RECALL@20  0.113562      0
9    test    NDCG@10  0.041824      0
10   test    NDCG@20  0.051588      0
[LoG_PaTH] >>> ./logs/STAIR5-v5.1-NLGCL-KPE/Amazon2014Sports_550_MMRec/1005120743
[Wall TIME] >>> Coach.summary takes 2.474568 seconds ...
[Coach] >>> Load best model @Epoch: 500 (-1) 
[Coach] >>> VALID @Epoch: 500 >>>  || RECALL@1 Avg: 0.0149 || RECALL@10 Avg: 0.0734 || RECALL@20 Avg: 0.1108 || NDCG@10 Avg: 0.0400 || NDCG@20 Avg: 0.0496
[Wall TIME] >>> Coach.valid takes 1.609856 seconds ...
[Coach] >>> TEST  @Epoch: 500 >>>  || RECALL@1 Avg: 0.0150 || RECALL@10 Avg: 0.0758 || RECALL@20 Avg: 0.1136 || NDCG@10 Avg: 0.0418 || NDCG@20 Avg: 0.0516
[Wall TIME] >>> Coach.test takes 1.505286 seconds ...
[Wall TIME] >>> Coach.fit takes 3110.679134 seconds ...
