/usr/local/lib/python3.12/dist-packages/torch/cuda/__init__.py:65: FutureWarning: The pynvml package is deprecated. Please install nvidia-ml-py instead. If you did not install pynvml directly, please report this to the maintainers of the package that installed pynvml for you.
  import pynvml  # type: ignore[import]
[Benchmark] >>> cudnn.benchmark == False | cudnn.deterministic == True
[Seed] >>> Set seed: 1
[PARSER] >>>
[SAVED_FILENAME: model.pt] 
[BEST_FILENAME: best.pt] 
[CHECKPOINT_FREQ: 1] 
[CHECKPOINT_MODULES: ['model', 'optimizer', 'lr_scheduler']] 
[CHECKPOINT_FILENAME: checkpoint.tar] 
[SUMMARY_FILENAME: SUMMARY.md] 
[MONITOR_FILENAME: monitors.pkl] 
[MONITOR_BEST_FILENAME: best.pkl] 
[monitors: ['LOSS', 'Recall@1', 'Recall@10', 'Recall@20', 'NDCG@10', 'NDCG@20']] 
[which4best: NDCG@20] 
[root: /kaggle/data] 
[dataset: Amazon2014Baby_550_MMRec] 
[tasktag: None] 
[config: /kaggle/working/STAIR-Enhanced/configs/Amazon2014Baby_550_MMRec.yaml] 
[ranking: full] 
[retain_seen: False] 
[device: cuda:0] 
[ddp_backend: nccl] 
[optimizer: adamwsevo] 
[nesterov: False] 
[momentum: 0.9] 
[beta1: 0.9] 
[beta2: 0.999] 
[weight_decay: 0.3] 
[lr: 0.001] 
[batch_size: 1024] 
[epochs: 500] 
[log2file: True] 
[log2console: True] 
[eval_valid: True] 
[eval_test: False] 
[eval_freq: 5] 
[num_workers: 4] 
[seed: 1] 
[benchmark: False] 
[resume: False] 
[id: 0904144034] 
[description: STAIR-NE-NLGCL-v5] 
[embedding_dim: 64] 
[num_layers: 3] 
[mfiles: textual_modality.pkl,visual_modality.pkl] 
[num_neighbors: 5-1] 
[gamma: 0.1] 
[lambda_nlgcl: 0.01] 
[nlgcl_tau: 0.2] 
[nlgcl_G: 1] 
[nlgcl_alpha: 0.5] 
[nlgcl_raw_hop: False] 
[nlgcl_eps: 0.1] 
[nlgcl_tau_thresh: 1.0] 
[DATA_DIR: data] 
[SUMMARY_DIR: summary] 
[CHECKPOINT_PATH: ./infos/STAIR-NE-NLGCL-v5/Amazon2014Baby_550_MMRec/0] 
[LOG_PATH: ./logs/STAIR-NE-NLGCL-v5/Amazon2014Baby_550_MMRec/0904144034] 

[Wall TIME] >>> Parser.compile takes 0.224713 seconds ...
[Amazon2014Baby_550_MMRec] >>> USER:ID,USER | ITEM:ID,ITEM | TIMESTAMP:TIMESTAMP
+--------+--------+-------------------+---------------+--------+--------+-------+-----------------------+
| #Users | #Items |      Avg.Len      | #Interactions | #Train | #Valid | #Test |        Density        |
+--------+--------+-------------------+---------------+--------+--------+-------+-----------------------+
| 19445  |  7050  | 8.269066598097197 |     160792    | 118551 | 20559  | 21682 | 0.0011729172479570493 |
+--------+--------+-------------------+---------------+--------+--------+-------+-----------------------+
[Wall TIME] >>> BaseSet.compile takes 0.781058 seconds ...
[Wall TIME] >>> RecDataSet.to_heterograph takes 0.025529 seconds ...
/usr/local/lib/python3.12/dist-packages/freerec/graph.py:57: UserWarning: Sparse CSR tensor support is in beta state. If you miss a functionality in the sparse tensor support, please submit a feature request to https://github.com/pytorch/pytorch/issues. (Triggered internally at /pytorch/aten/src/ATen/SparseCsrTensorImpl.cpp:49.)
  ).to_sparse_csr()
[Wall TIME] >>> RecDataSet.to_heterograph takes 0.026798 seconds ...
[Wall TIME] >>> GenTrainPositiveSampler.prepare takes 0.432062 seconds ...
[Wall TIME] >>> ValidSampler.prepare takes 0.033383 seconds ...
[Wall TIME] >>> TestSampler.prepare takes 0.036982 seconds ...
[Coach] >>> Set best meter: NDCG@20 
[Wall TIME] >>> Parser.parse takes 0.047923 seconds ...
[Wall TIME] >>> Parser.load takes 0.002295 seconds ...
[Wall TIME] >>> ChiefCoach.valid takes 3.429166 seconds ...
[Coach] >>> Better ***NDCG@20*** of ***0.0152*** 
[Coach] >>> TRAIN @Epoch: 0    >>> 
[Coach] >>> VALID @Epoch: 0    >>>  || RECALL@1 Avg: 0.0043 || RECALL@10 Avg: 0.0229 || RECALL@20 Avg: 0.0344 || NDCG@10 Avg: 0.0123 || NDCG@20 Avg: 0.0152
[Coach] >>> TEST  @Epoch: 0    >>> 
[Wall TIME] >>> ChiefCoach.train takes 4.332251 seconds ...
[Coach] >>> TRAIN @Epoch: 1    >>>  || LOSS Avg: 0.68764
[Coach] >>> VALID @Epoch: 1    >>> 
[Coach] >>> TEST  @Epoch: 1    >>> 
[Wall TIME] >>> ChiefCoach.train takes 3.096052 seconds ...
[Coach] >>> TRAIN @Epoch: 2    >>>  || LOSS Avg: 0.67443
[Coach] >>> VALID @Epoch: 2    >>> 
[Coach] >>> TEST  @Epoch: 2    >>> 
[Wall TIME] >>> ChiefCoach.train takes 3.327191 seconds ...
[Coach] >>> TRAIN @Epoch: 3    >>>  || LOSS Avg: 0.65977
[Coach] >>> VALID @Epoch: 3    >>> 
[Coach] >>> TEST  @Epoch: 3    >>> 
[Wall TIME] >>> ChiefCoach.train takes 3.132439 seconds ...
[Coach] >>> TRAIN @Epoch: 4    >>>  || LOSS Avg: 0.64398
[Coach] >>> VALID @Epoch: 4    >>> 
[Coach] >>> TEST  @Epoch: 4    >>> 
[Wall TIME] >>> ChiefCoach.train takes 3.147286 seconds ...
[Wall TIME] >>> ChiefCoach.valid takes 0.755532 seconds ...
[Coach] >>> Better ***NDCG@20*** of ***0.0254*** 
[Coach] >>> TRAIN @Epoch: 5    >>>  || LOSS Avg: 0.62680
[Coach] >>> VALID @Epoch: 5    >>>  || RECALL@1 Avg: 0.0076 || RECALL@10 Avg: 0.0384 || RECALL@20 Avg: 0.0569 || NDCG@10 Avg: 0.0207 || NDCG@20 Avg: 0.0254
[Coach] >>> TEST  @Epoch: 5    >>> 
[Wall TIME] >>> ChiefCoach.train takes 3.099424 seconds ...
[Coach] >>> TRAIN @Epoch: 6    >>>  || LOSS Avg: 0.60849
[Coach] >>> VALID @Epoch: 6    >>> 
[Coach] >>> TEST  @Epoch: 6    >>> 
[Wall TIME] >>> ChiefCoach.train takes 3.091954 seconds ...
[Coach] >>> TRAIN @Epoch: 7    >>>  || LOSS Avg: 0.58962
[Coach] >>> VALID @Epoch: 7    >>> 
[Coach] >>> TEST  @Epoch: 7    >>> 
[Wall TIME] >>> ChiefCoach.train takes 3.107395 seconds ...
[Coach] >>> TRAIN @Epoch: 8    >>>  || LOSS Avg: 0.57023
[Coach] >>> VALID @Epoch: 8    >>> 
[Coach] >>> TEST  @Epoch: 8    >>> 
[Wall TIME] >>> ChiefCoach.train takes 3.070302 seconds ...
[Coach] >>> TRAIN @Epoch: 9    >>>  || LOSS Avg: 0.55101
[Coach] >>> VALID @Epoch: 9    >>> 
[Coach] >>> TEST  @Epoch: 9    >>> 
[Wall TIME] >>> ChiefCoach.train takes 3.111212 seconds ...
[Wall TIME] >>> ChiefCoach.valid takes 0.802050 seconds ...
[Coach] >>> Better ***NDCG@20*** of ***0.0300*** 
[Coach] >>> TRAIN @Epoch: 10   >>>  || LOSS Avg: 0.53200
[Coach] >>> VALID @Epoch: 10   >>>  || RECALL@1 Avg: 0.0087 || RECALL@10 Avg: 0.0453 || RECALL@20 Avg: 0.0683 || NDCG@10 Avg: 0.0242 || NDCG@20 Avg: 0.0300
[Coach] >>> TEST  @Epoch: 10   >>> 
[Wall TIME] >>> ChiefCoach.train takes 4.113009 seconds ...
[Coach] >>> TRAIN @Epoch: 11   >>>  || LOSS Avg: 0.51347
[Coach] >>> VALID @Epoch: 11   >>> 
[Coach] >>> TEST  @Epoch: 11   >>> 
[Wall TIME] >>> ChiefCoach.train takes 3.114047 seconds ...
[Coach] >>> TRAIN @Epoch: 12   >>>  || LOSS Avg: 0.49601
[Coach] >>> VALID @Epoch: 12   >>> 
[Coach] >>> TEST  @Epoch: 12   >>> 
[Wall TIME] >>> ChiefCoach.train takes 3.088628 seconds ...
[Coach] >>> TRAIN @Epoch: 13   >>>  || LOSS Avg: 0.47895
[Coach] >>> VALID @Epoch: 13   >>> 
[Coach] >>> TEST  @Epoch: 13   >>> 
[Wall TIME] >>> ChiefCoach.train takes 3.045054 seconds ...
[Coach] >>> TRAIN @Epoch: 14   >>>  || LOSS Avg: 0.46337
[Coach] >>> VALID @Epoch: 14   >>> 
[Coach] >>> TEST  @Epoch: 14   >>> 
[Wall TIME] >>> ChiefCoach.train takes 3.076611 seconds ...
[Wall TIME] >>> ChiefCoach.valid takes 0.766958 seconds ...
[Coach] >>> Better ***NDCG@20*** of ***0.0323*** 
[Coach] >>> TRAIN @Epoch: 15   >>>  || LOSS Avg: 0.44858
[Coach] >>> VALID @Epoch: 15   >>>  || RECALL@1 Avg: 0.0091 || RECALL@10 Avg: 0.0486 || RECALL@20 Avg: 0.0740 || NDCG@10 Avg: 0.0258 || NDCG@20 Avg: 0.0323
[Coach] >>> TEST  @Epoch: 15   >>> 
[Wall TIME] >>> ChiefCoach.train takes 3.063402 seconds ...
[Coach] >>> TRAIN @Epoch: 16   >>>  || LOSS Avg: 0.43511
[Coach] >>> VALID @Epoch: 16   >>> 
[Coach] >>> TEST  @Epoch: 16   >>> 
[Wall TIME] >>> ChiefCoach.train takes 3.084784 seconds ...
[Coach] >>> TRAIN @Epoch: 17   >>>  || LOSS Avg: 0.42188
[Coach] >>> VALID @Epoch: 17   >>> 
[Coach] >>> TEST  @Epoch: 17   >>> 
[Wall TIME] >>> ChiefCoach.train takes 3.138640 seconds ...
[Coach] >>> TRAIN @Epoch: 18   >>>  || LOSS Avg: 0.41019
[Coach] >>> VALID @Epoch: 18   >>> 
[Coach] >>> TEST  @Epoch: 18   >>> 
[Wall TIME] >>> ChiefCoach.train takes 3.117395 seconds ...
[Coach] >>> TRAIN @Epoch: 19   >>>  || LOSS Avg: 0.39893
[Coach] >>> VALID @Epoch: 19   >>> 
[Coach] >>> TEST  @Epoch: 19   >>> 
[Wall TIME] >>> ChiefCoach.train takes 3.100856 seconds ...
[Wall TIME] >>> ChiefCoach.valid takes 0.787528 seconds ...
[Coach] >>> Better ***NDCG@20*** of ***0.0342*** 
[Coach] >>> TRAIN @Epoch: 20   >>>  || LOSS Avg: 0.38809
[Coach] >>> VALID @Epoch: 20   >>>  || RECALL@1 Avg: 0.0093 || RECALL@10 Avg: 0.0517 || RECALL@20 Avg: 0.0787 || NDCG@10 Avg: 0.0273 || NDCG@20 Avg: 0.0342
[Coach] >>> TEST  @Epoch: 20   >>> 
[Wall TIME] >>> ChiefCoach.train takes 3.152142 seconds ...
[Coach] >>> TRAIN @Epoch: 21   >>>  || LOSS Avg: 0.37918
[Coach] >>> VALID @Epoch: 21   >>> 
[Coach] >>> TEST  @Epoch: 21   >>> 
[Wall TIME] >>> ChiefCoach.train takes 3.065023 seconds ...
[Coach] >>> TRAIN @Epoch: 22   >>>  || LOSS Avg: 0.37023
[Coach] >>> VALID @Epoch: 22   >>> 
[Coach] >>> TEST  @Epoch: 22   >>> 
[Wall TIME] >>> ChiefCoach.train takes 3.046758 seconds ...
[Coach] >>> TRAIN @Epoch: 23   >>>  || LOSS Avg: 0.36193
[Coach] >>> VALID @Epoch: 23   >>> 
[Coach] >>> TEST  @Epoch: 23   >>> 
[Wall TIME] >>> ChiefCoach.train takes 3.045473 seconds ...
[Coach] >>> TRAIN @Epoch: 24   >>>  || LOSS Avg: 0.35504
[Coach] >>> VALID @Epoch: 24   >>> 
[Coach] >>> TEST  @Epoch: 24   >>> 
[Wall TIME] >>> ChiefCoach.train takes 2.996070 seconds ...
[Wall TIME] >>> ChiefCoach.valid takes 0.768186 seconds ...
[Coach] >>> Better ***NDCG@20*** of ***0.0357*** 
[Coach] >>> TRAIN @Epoch: 25   >>>  || LOSS Avg: 0.34796
[Coach] >>> VALID @Epoch: 25   >>>  || RECALL@1 Avg: 0.0102 || RECALL@10 Avg: 0.0526 || RECALL@20 Avg: 0.0823 || NDCG@10 Avg: 0.0281 || NDCG@20 Avg: 0.0357
[Coach] >>> TEST  @Epoch: 25   >>> 
[Wall TIME] >>> ChiefCoach.train takes 2.990792 seconds ...
[Coach] >>> TRAIN @Epoch: 26   >>>  || LOSS Avg: 0.34125
[Coach] >>> VALID @Epoch: 26   >>> 
[Coach] >>> TEST  @Epoch: 26   >>> 
[Wall TIME] >>> ChiefCoach.train takes 3.037205 seconds ...
[Coach] >>> TRAIN @Epoch: 27   >>>  || LOSS Avg: 0.33546
[Coach] >>> VALID @Epoch: 27   >>> 
[Coach] >>> TEST  @Epoch: 27   >>> 
[Wall TIME] >>> ChiefCoach.train takes 2.980843 seconds ...
[Coach] >>> TRAIN @Epoch: 28   >>>  || LOSS Avg: 0.32932
[Coach] >>> VALID @Epoch: 28   >>> 
[Coach] >>> TEST  @Epoch: 28   >>> 
[Wall TIME] >>> ChiefCoach.train takes 2.984817 seconds ...
[Coach] >>> TRAIN @Epoch: 29   >>>  || LOSS Avg: 0.32400
[Coach] >>> VALID @Epoch: 29   >>> 
[Coach] >>> TEST  @Epoch: 29   >>> 
[Wall TIME] >>> ChiefCoach.train takes 3.058427 seconds ...
[Wall TIME] >>> ChiefCoach.valid takes 0.764626 seconds ...
[Coach] >>> Better ***NDCG@20*** of ***0.0368*** 
[Coach] >>> TRAIN @Epoch: 30   >>>  || LOSS Avg: 0.31957
[Coach] >>> VALID @Epoch: 30   >>>  || RECALL@1 Avg: 0.0105 || RECALL@10 Avg: 0.0554 || RECALL@20 Avg: 0.0843 || NDCG@10 Avg: 0.0295 || NDCG@20 Avg: 0.0368
[Coach] >>> TEST  @Epoch: 30   >>> 
[Wall TIME] >>> ChiefCoach.train takes 3.372509 seconds ...
[Coach] >>> TRAIN @Epoch: 31   >>>  || LOSS Avg: 0.31413
[Coach] >>> VALID @Epoch: 31   >>> 
[Coach] >>> TEST  @Epoch: 31   >>> 
[Wall TIME] >>> ChiefCoach.train takes 2.989027 seconds ...
[Coach] >>> TRAIN @Epoch: 32   >>>  || LOSS Avg: 0.30991
[Coach] >>> VALID @Epoch: 32   >>> 
[Coach] >>> TEST  @Epoch: 32   >>> 
[Wall TIME] >>> ChiefCoach.train takes 3.026605 seconds ...
[Coach] >>> TRAIN @Epoch: 33   >>>  || LOSS Avg: 0.30607
[Coach] >>> VALID @Epoch: 33   >>> 
[Coach] >>> TEST  @Epoch: 33   >>> 
[Wall TIME] >>> ChiefCoach.train takes 3.044723 seconds ...
[Coach] >>> TRAIN @Epoch: 34   >>>  || LOSS Avg: 0.30219
[Coach] >>> VALID @Epoch: 34   >>> 
[Coach] >>> TEST  @Epoch: 34   >>> 
[Wall TIME] >>> ChiefCoach.train takes 3.068439 seconds ...
[Wall TIME] >>> ChiefCoach.valid takes 0.757609 seconds ...
[Coach] >>> Better ***NDCG@20*** of ***0.0378*** 
[Coach] >>> TRAIN @Epoch: 35   >>>  || LOSS Avg: 0.29849
[Coach] >>> VALID @Epoch: 35   >>>  || RECALL@1 Avg: 0.0110 || RECALL@10 Avg: 0.0562 || RECALL@20 Avg: 0.0865 || NDCG@10 Avg: 0.0302 || NDCG@20 Avg: 0.0378
[Coach] >>> TEST  @Epoch: 35   >>> 
[Wall TIME] >>> ChiefCoach.train takes 3.048734 seconds ...
[Coach] >>> TRAIN @Epoch: 36   >>>  || LOSS Avg: 0.29469
[Coach] >>> VALID @Epoch: 36   >>> 
[Coach] >>> TEST  @Epoch: 36   >>> 
[Wall TIME] >>> ChiefCoach.train takes 3.063608 seconds ...
[Coach] >>> TRAIN @Epoch: 37   >>>  || LOSS Avg: 0.29144
[Coach] >>> VALID @Epoch: 37   >>> 
[Coach] >>> TEST  @Epoch: 37   >>> 
[Wall TIME] >>> ChiefCoach.train takes 3.038768 seconds ...
[Coach] >>> TRAIN @Epoch: 38   >>>  || LOSS Avg: 0.28830
[Coach] >>> VALID @Epoch: 38   >>> 
[Coach] >>> TEST  @Epoch: 38   >>> 
[Wall TIME] >>> ChiefCoach.train takes 3.084512 seconds ...
[Coach] >>> TRAIN @Epoch: 39   >>>  || LOSS Avg: 0.28582
[Coach] >>> VALID @Epoch: 39   >>> 
[Coach] >>> TEST  @Epoch: 39   >>> 
[Wall TIME] >>> ChiefCoach.train takes 3.009620 seconds ...
[Wall TIME] >>> ChiefCoach.valid takes 0.757354 seconds ...
[Coach] >>> Better ***NDCG@20*** of ***0.0387*** 
[Coach] >>> TRAIN @Epoch: 40   >>>  || LOSS Avg: 0.28236
[Coach] >>> VALID @Epoch: 40   >>>  || RECALL@1 Avg: 0.0113 || RECALL@10 Avg: 0.0573 || RECALL@20 Avg: 0.0885 || NDCG@10 Avg: 0.0308 || NDCG@20 Avg: 0.0387
[Coach] >>> TEST  @Epoch: 40   >>> 
[Wall TIME] >>> ChiefCoach.train takes 3.057711 seconds ...
[Coach] >>> TRAIN @Epoch: 41   >>>  || LOSS Avg: 0.27994
[Coach] >>> VALID @Epoch: 41   >>> 
[Coach] >>> TEST  @Epoch: 41   >>> 
[Wall TIME] >>> ChiefCoach.train takes 3.084777 seconds ...
[Coach] >>> TRAIN @Epoch: 42   >>>  || LOSS Avg: 0.27777
[Coach] >>> VALID @Epoch: 42   >>> 
[Coach] >>> TEST  @Epoch: 42   >>> 
[Wall TIME] >>> ChiefCoach.train takes 3.119292 seconds ...
[Coach] >>> TRAIN @Epoch: 43   >>>  || LOSS Avg: 0.27488
[Coach] >>> VALID @Epoch: 43   >>> 
[Coach] >>> TEST  @Epoch: 43   >>> 
[Wall TIME] >>> ChiefCoach.train takes 2.968872 seconds ...
[Coach] >>> TRAIN @Epoch: 44   >>>  || LOSS Avg: 0.27222
[Coach] >>> VALID @Epoch: 44   >>> 
[Coach] >>> TEST  @Epoch: 44   >>> 
[Wall TIME] >>> ChiefCoach.train takes 3.152193 seconds ...
[Wall TIME] >>> ChiefCoach.valid takes 0.759280 seconds ...
[Coach] >>> Better ***NDCG@20*** of ***0.0389*** 
[Coach] >>> TRAIN @Epoch: 45   >>>  || LOSS Avg: 0.26952
[Coach] >>> VALID @Epoch: 45   >>>  || RECALL@1 Avg: 0.0114 || RECALL@10 Avg: 0.0577 || RECALL@20 Avg: 0.0885 || NDCG@10 Avg: 0.0311 || NDCG@20 Avg: 0.0389
[Coach] >>> TEST  @Epoch: 45   >>> 
[Wall TIME] >>> ChiefCoach.train takes 3.016042 seconds ...
[Coach] >>> TRAIN @Epoch: 46   >>>  || LOSS Avg: 0.26831
[Coach] >>> VALID @Epoch: 46   >>> 
[Coach] >>> TEST  @Epoch: 46   >>> 
[Wall TIME] >>> ChiefCoach.train takes 3.017277 seconds ...
[Coach] >>> TRAIN @Epoch: 47   >>>  || LOSS Avg: 0.26550
[Coach] >>> VALID @Epoch: 47   >>> 
[Coach] >>> TEST  @Epoch: 47   >>> 
[Wall TIME] >>> ChiefCoach.train takes 3.116616 seconds ...
[Coach] >>> TRAIN @Epoch: 48   >>>  || LOSS Avg: 0.26386
[Coach] >>> VALID @Epoch: 48   >>> 
[Coach] >>> TEST  @Epoch: 48   >>> 
[Wall TIME] >>> ChiefCoach.train takes 3.067820 seconds ...
[Coach] >>> TRAIN @Epoch: 49   >>>  || LOSS Avg: 0.26146
[Coach] >>> VALID @Epoch: 49   >>> 
[Coach] >>> TEST  @Epoch: 49   >>> 
[Wall TIME] >>> ChiefCoach.train takes 3.035573 seconds ...
[Wall TIME] >>> ChiefCoach.valid takes 0.795402 seconds ...
[Coach] >>> Better ***NDCG@20*** of ***0.0395*** 
[Coach] >>> TRAIN @Epoch: 50   >>>  || LOSS Avg: 0.26061
[Coach] >>> VALID @Epoch: 50   >>>  || RECALL@1 Avg: 0.0117 || RECALL@10 Avg: 0.0589 || RECALL@20 Avg: 0.0900 || NDCG@10 Avg: 0.0316 || NDCG@20 Avg: 0.0395
[Coach] >>> TEST  @Epoch: 50   >>> 
[Wall TIME] >>> ChiefCoach.train takes 3.062698 seconds ...
[Coach] >>> TRAIN @Epoch: 51   >>>  || LOSS Avg: 0.25815
[Coach] >>> VALID @Epoch: 51   >>> 
[Coach] >>> TEST  @Epoch: 51   >>> 
[Wall TIME] >>> ChiefCoach.train takes 3.653285 seconds ...
[Coach] >>> TRAIN @Epoch: 52   >>>  || LOSS Avg: 0.25781
[Coach] >>> VALID @Epoch: 52   >>> 
[Coach] >>> TEST  @Epoch: 52   >>> 
[Wall TIME] >>> ChiefCoach.train takes 2.992927 seconds ...
[Coach] >>> TRAIN @Epoch: 53   >>>  || LOSS Avg: 0.25555
[Coach] >>> VALID @Epoch: 53   >>> 
[Coach] >>> TEST  @Epoch: 53   >>> 
[Wall TIME] >>> ChiefCoach.train takes 3.033820 seconds ...
[Coach] >>> TRAIN @Epoch: 54   >>>  || LOSS Avg: 0.25360
[Coach] >>> VALID @Epoch: 54   >>> 
[Coach] >>> TEST  @Epoch: 54   >>> 
[Wall TIME] >>> ChiefCoach.train takes 3.039240 seconds ...
[Wall TIME] >>> ChiefCoach.valid takes 0.760075 seconds ...
[Coach] >>> Better ***NDCG@20*** of ***0.0398*** 
[Coach] >>> TRAIN @Epoch: 55   >>>  || LOSS Avg: 0.25233
[Coach] >>> VALID @Epoch: 55   >>>  || RECALL@1 Avg: 0.0118 || RECALL@10 Avg: 0.0593 || RECALL@20 Avg: 0.0907 || NDCG@10 Avg: 0.0319 || NDCG@20 Avg: 0.0398
[Coach] >>> TEST  @Epoch: 55   >>> 
[Wall TIME] >>> ChiefCoach.train takes 3.030999 seconds ...
[Coach] >>> TRAIN @Epoch: 56   >>>  || LOSS Avg: 0.25093
[Coach] >>> VALID @Epoch: 56   >>> 
[Coach] >>> TEST  @Epoch: 56   >>> 
[Wall TIME] >>> ChiefCoach.train takes 3.087745 seconds ...
[Coach] >>> TRAIN @Epoch: 57   >>>  || LOSS Avg: 0.24987
[Coach] >>> VALID @Epoch: 57   >>> 
[Coach] >>> TEST  @Epoch: 57   >>> 
[Wall TIME] >>> ChiefCoach.train takes 2.998156 seconds ...
[Coach] >>> TRAIN @Epoch: 58   >>>  || LOSS Avg: 0.24863
[Coach] >>> VALID @Epoch: 58   >>> 
[Coach] >>> TEST  @Epoch: 58   >>> 
[Wall TIME] >>> ChiefCoach.train takes 2.977436 seconds ...
[Coach] >>> TRAIN @Epoch: 59   >>>  || LOSS Avg: 0.24701
[Coach] >>> VALID @Epoch: 59   >>> 
[Coach] >>> TEST  @Epoch: 59   >>> 
[Wall TIME] >>> ChiefCoach.train takes 3.082204 seconds ...
[Wall TIME] >>> ChiefCoach.valid takes 0.784893 seconds ...
[Coach] >>> Better ***NDCG@20*** of ***0.0403*** 
[Coach] >>> TRAIN @Epoch: 60   >>>  || LOSS Avg: 0.24532
[Coach] >>> VALID @Epoch: 60   >>>  || RECALL@1 Avg: 0.0122 || RECALL@10 Avg: 0.0597 || RECALL@20 Avg: 0.0914 || NDCG@10 Avg: 0.0322 || NDCG@20 Avg: 0.0403
[Coach] >>> TEST  @Epoch: 60   >>> 
[Wall TIME] >>> ChiefCoach.train takes 3.005589 seconds ...
[Coach] >>> TRAIN @Epoch: 61   >>>  || LOSS Avg: 0.24464
[Coach] >>> VALID @Epoch: 61   >>> 
[Coach] >>> TEST  @Epoch: 61   >>> 
[Wall TIME] >>> ChiefCoach.train takes 2.975007 seconds ...
[Coach] >>> TRAIN @Epoch: 62   >>>  || LOSS Avg: 0.24313
[Coach] >>> VALID @Epoch: 62   >>> 
[Coach] >>> TEST  @Epoch: 62   >>> 
[Wall TIME] >>> ChiefCoach.train takes 3.027478 seconds ...
[Coach] >>> TRAIN @Epoch: 63   >>>  || LOSS Avg: 0.24226
[Coach] >>> VALID @Epoch: 63   >>> 
[Coach] >>> TEST  @Epoch: 63   >>> 
[Wall TIME] >>> ChiefCoach.train takes 2.943490 seconds ...
[Coach] >>> TRAIN @Epoch: 64   >>>  || LOSS Avg: 0.24070
[Coach] >>> VALID @Epoch: 64   >>> 
[Coach] >>> TEST  @Epoch: 64   >>> 
[Wall TIME] >>> ChiefCoach.train takes 3.025856 seconds ...
[Wall TIME] >>> ChiefCoach.valid takes 0.790775 seconds ...
[Coach] >>> TRAIN @Epoch: 65   >>>  || LOSS Avg: 0.24028
[Coach] >>> VALID @Epoch: 65   >>>  || RECALL@1 Avg: 0.0118 || RECALL@10 Avg: 0.0599 || RECALL@20 Avg: 0.0920 || NDCG@10 Avg: 0.0321 || NDCG@20 Avg: 0.0402
[Coach] >>> TEST  @Epoch: 65   >>> 
[Wall TIME] >>> ChiefCoach.train takes 3.039238 seconds ...
[Coach] >>> TRAIN @Epoch: 66   >>>  || LOSS Avg: 0.23914
[Coach] >>> VALID @Epoch: 66   >>> 
[Coach] >>> TEST  @Epoch: 66   >>> 
[Wall TIME] >>> ChiefCoach.train takes 3.032860 seconds ...
[Coach] >>> TRAIN @Epoch: 67   >>>  || LOSS Avg: 0.23743
[Coach] >>> VALID @Epoch: 67   >>> 
[Coach] >>> TEST  @Epoch: 67   >>> 
[Wall TIME] >>> ChiefCoach.train takes 2.984269 seconds ...
[Coach] >>> TRAIN @Epoch: 68   >>>  || LOSS Avg: 0.23702
[Coach] >>> VALID @Epoch: 68   >>> 
[Coach] >>> TEST  @Epoch: 68   >>> 
[Wall TIME] >>> ChiefCoach.train takes 2.956894 seconds ...
[Coach] >>> TRAIN @Epoch: 69   >>>  || LOSS Avg: 0.23677
[Coach] >>> VALID @Epoch: 69   >>> 
[Coach] >>> TEST  @Epoch: 69   >>> 
[Wall TIME] >>> ChiefCoach.train takes 3.057131 seconds ...
[Wall TIME] >>> ChiefCoach.valid takes 0.763811 seconds ...
[Coach] >>> Better ***NDCG@20*** of ***0.0403*** 
[Coach] >>> TRAIN @Epoch: 70   >>>  || LOSS Avg: 0.23505
[Coach] >>> VALID @Epoch: 70   >>>  || RECALL@1 Avg: 0.0118 || RECALL@10 Avg: 0.0601 || RECALL@20 Avg: 0.0922 || NDCG@10 Avg: 0.0321 || NDCG@20 Avg: 0.0403
[Coach] >>> TEST  @Epoch: 70   >>> 
[Wall TIME] >>> ChiefCoach.train takes 3.043445 seconds ...
[Coach] >>> TRAIN @Epoch: 71   >>>  || LOSS Avg: 0.23446
[Coach] >>> VALID @Epoch: 71   >>> 
[Coach] >>> TEST  @Epoch: 71   >>> 
[Wall TIME] >>> ChiefCoach.train takes 3.686770 seconds ...
[Coach] >>> TRAIN @Epoch: 72   >>>  || LOSS Avg: 0.23341
[Coach] >>> VALID @Epoch: 72   >>> 
[Coach] >>> TEST  @Epoch: 72   >>> 
[Wall TIME] >>> ChiefCoach.train takes 3.061316 seconds ...
[Coach] >>> TRAIN @Epoch: 73   >>>  || LOSS Avg: 0.23302
[Coach] >>> VALID @Epoch: 73   >>> 
[Coach] >>> TEST  @Epoch: 73   >>> 
[Wall TIME] >>> ChiefCoach.train takes 3.025555 seconds ...
[Coach] >>> TRAIN @Epoch: 74   >>>  || LOSS Avg: 0.23153
[Coach] >>> VALID @Epoch: 74   >>> 
[Coach] >>> TEST  @Epoch: 74   >>> 
[Wall TIME] >>> ChiefCoach.train takes 3.105438 seconds ...
[Wall TIME] >>> ChiefCoach.valid takes 0.816911 seconds ...
[Coach] >>> Better ***NDCG@20*** of ***0.0408*** 
[Coach] >>> TRAIN @Epoch: 75   >>>  || LOSS Avg: 0.23143
[Coach] >>> VALID @Epoch: 75   >>>  || RECALL@1 Avg: 0.0117 || RECALL@10 Avg: 0.0607 || RECALL@20 Avg: 0.0938 || NDCG@10 Avg: 0.0324 || NDCG@20 Avg: 0.0408
[Coach] >>> TEST  @Epoch: 75   >>> 
[Wall TIME] >>> ChiefCoach.train takes 3.098031 seconds ...
[Coach] >>> TRAIN @Epoch: 76   >>>  || LOSS Avg: 0.23098
[Coach] >>> VALID @Epoch: 76   >>> 
[Coach] >>> TEST  @Epoch: 76   >>> 
[Wall TIME] >>> ChiefCoach.train takes 3.028409 seconds ...
[Coach] >>> TRAIN @Epoch: 77   >>>  || LOSS Avg: 0.22901
[Coach] >>> VALID @Epoch: 77   >>> 
[Coach] >>> TEST  @Epoch: 77   >>> 
[Wall TIME] >>> ChiefCoach.train takes 3.101632 seconds ...
[Coach] >>> TRAIN @Epoch: 78   >>>  || LOSS Avg: 0.22867
[Coach] >>> VALID @Epoch: 78   >>> 
[Coach] >>> TEST  @Epoch: 78   >>> 
[Wall TIME] >>> ChiefCoach.train takes 3.127257 seconds ...
[Coach] >>> TRAIN @Epoch: 79   >>>  || LOSS Avg: 0.22836
[Coach] >>> VALID @Epoch: 79   >>> 
[Coach] >>> TEST  @Epoch: 79   >>> 
[Wall TIME] >>> ChiefCoach.train takes 3.031031 seconds ...
[Wall TIME] >>> ChiefCoach.valid takes 0.762556 seconds ...
[Coach] >>> Better ***NDCG@20*** of ***0.0410*** 
[Coach] >>> TRAIN @Epoch: 80   >>>  || LOSS Avg: 0.22739
[Coach] >>> VALID @Epoch: 80   >>>  || RECALL@1 Avg: 0.0119 || RECALL@10 Avg: 0.0610 || RECALL@20 Avg: 0.0944 || NDCG@10 Avg: 0.0325 || NDCG@20 Avg: 0.0410
[Coach] >>> TEST  @Epoch: 80   >>> 
[Wall TIME] >>> ChiefCoach.train takes 3.056333 seconds ...
[Coach] >>> TRAIN @Epoch: 81   >>>  || LOSS Avg: 0.22767
[Coach] >>> VALID @Epoch: 81   >>> 
[Coach] >>> TEST  @Epoch: 81   >>> 
[Wall TIME] >>> ChiefCoach.train takes 2.986854 seconds ...
[Coach] >>> TRAIN @Epoch: 82   >>>  || LOSS Avg: 0.22712
[Coach] >>> VALID @Epoch: 82   >>> 
[Coach] >>> TEST  @Epoch: 82   >>> 
[Wall TIME] >>> ChiefCoach.train takes 2.939995 seconds ...
[Coach] >>> TRAIN @Epoch: 83   >>>  || LOSS Avg: 0.22608
[Coach] >>> VALID @Epoch: 83   >>> 
[Coach] >>> TEST  @Epoch: 83   >>> 
[Wall TIME] >>> ChiefCoach.train takes 2.944579 seconds ...
[Coach] >>> TRAIN @Epoch: 84   >>>  || LOSS Avg: 0.22473
[Coach] >>> VALID @Epoch: 84   >>> 
[Coach] >>> TEST  @Epoch: 84   >>> 
[Wall TIME] >>> ChiefCoach.train takes 3.017612 seconds ...
[Wall TIME] >>> ChiefCoach.valid takes 0.751812 seconds ...
[Coach] >>> TRAIN @Epoch: 85   >>>  || LOSS Avg: 0.22463
[Coach] >>> VALID @Epoch: 85   >>>  || RECALL@1 Avg: 0.0117 || RECALL@10 Avg: 0.0606 || RECALL@20 Avg: 0.0947 || NDCG@10 Avg: 0.0323 || NDCG@20 Avg: 0.0409
[Coach] >>> TEST  @Epoch: 85   >>> 
[Wall TIME] >>> ChiefCoach.train takes 2.924306 seconds ...
[Coach] >>> TRAIN @Epoch: 86   >>>  || LOSS Avg: 0.22377
[Coach] >>> VALID @Epoch: 86   >>> 
[Coach] >>> TEST  @Epoch: 86   >>> 
[Wall TIME] >>> ChiefCoach.train takes 3.014099 seconds ...
[Coach] >>> TRAIN @Epoch: 87   >>>  || LOSS Avg: 0.22426
[Coach] >>> VALID @Epoch: 87   >>> 
[Coach] >>> TEST  @Epoch: 87   >>> 
[Wall TIME] >>> ChiefCoach.train takes 2.969803 seconds ...
[Coach] >>> TRAIN @Epoch: 88   >>>  || LOSS Avg: 0.22306
[Coach] >>> VALID @Epoch: 88   >>> 
[Coach] >>> TEST  @Epoch: 88   >>> 
[Wall TIME] >>> ChiefCoach.train takes 3.001369 seconds ...
[Coach] >>> TRAIN @Epoch: 89   >>>  || LOSS Avg: 0.22281
[Coach] >>> VALID @Epoch: 89   >>> 
[Coach] >>> TEST  @Epoch: 89   >>> 
[Wall TIME] >>> ChiefCoach.train takes 2.992600 seconds ...
[Wall TIME] >>> ChiefCoach.valid takes 0.776356 seconds ...
[Coach] >>> TRAIN @Epoch: 90   >>>  || LOSS Avg: 0.22219
[Coach] >>> VALID @Epoch: 90   >>>  || RECALL@1 Avg: 0.0116 || RECALL@10 Avg: 0.0610 || RECALL@20 Avg: 0.0944 || NDCG@10 Avg: 0.0324 || NDCG@20 Avg: 0.0409
[Coach] >>> TEST  @Epoch: 90   >>> 
[Wall TIME] >>> ChiefCoach.train takes 3.056646 seconds ...
[Coach] >>> TRAIN @Epoch: 91   >>>  || LOSS Avg: 0.22160
[Coach] >>> VALID @Epoch: 91   >>> 
[Coach] >>> TEST  @Epoch: 91   >>> 
[Wall TIME] >>> ChiefCoach.train takes 3.929016 seconds ...
[Coach] >>> TRAIN @Epoch: 92   >>>  || LOSS Avg: 0.22083
[Coach] >>> VALID @Epoch: 92   >>> 
[Coach] >>> TEST  @Epoch: 92   >>> 
[Wall TIME] >>> ChiefCoach.train takes 3.013346 seconds ...
[Coach] >>> TRAIN @Epoch: 93   >>>  || LOSS Avg: 0.22098
[Coach] >>> VALID @Epoch: 93   >>> 
[Coach] >>> TEST  @Epoch: 93   >>> 
[Wall TIME] >>> ChiefCoach.train takes 3.113021 seconds ...
[Coach] >>> TRAIN @Epoch: 94   >>>  || LOSS Avg: 0.22061
[Coach] >>> VALID @Epoch: 94   >>> 
[Coach] >>> TEST  @Epoch: 94   >>> 
[Wall TIME] >>> ChiefCoach.train takes 3.054937 seconds ...
[Wall TIME] >>> ChiefCoach.valid takes 0.771718 seconds ...
[Coach] >>> TRAIN @Epoch: 95   >>>  || LOSS Avg: 0.21954
[Coach] >>> VALID @Epoch: 95   >>>  || RECALL@1 Avg: 0.0114 || RECALL@10 Avg: 0.0608 || RECALL@20 Avg: 0.0945 || NDCG@10 Avg: 0.0322 || NDCG@20 Avg: 0.0408
[Coach] >>> TEST  @Epoch: 95   >>> 
[Wall TIME] >>> ChiefCoach.train takes 3.041734 seconds ...
[Coach] >>> TRAIN @Epoch: 96   >>>  || LOSS Avg: 0.21921
[Coach] >>> VALID @Epoch: 96   >>> 
[Coach] >>> TEST  @Epoch: 96   >>> 
[Wall TIME] >>> ChiefCoach.train takes 3.129278 seconds ...
[Coach] >>> TRAIN @Epoch: 97   >>>  || LOSS Avg: 0.21866
[Coach] >>> VALID @Epoch: 97   >>> 
[Coach] >>> TEST  @Epoch: 97   >>> 
[Wall TIME] >>> ChiefCoach.train takes 3.090830 seconds ...
[Coach] >>> TRAIN @Epoch: 98   >>>  || LOSS Avg: 0.21863
[Coach] >>> VALID @Epoch: 98   >>> 
[Coach] >>> TEST  @Epoch: 98   >>> 
[Wall TIME] >>> ChiefCoach.train takes 3.103736 seconds ...
[Coach] >>> TRAIN @Epoch: 99   >>>  || LOSS Avg: 0.21828
[Coach] >>> VALID @Epoch: 99   >>> 
[Coach] >>> TEST  @Epoch: 99   >>> 
[Wall TIME] >>> ChiefCoach.train takes 3.056500 seconds ...
[Wall TIME] >>> ChiefCoach.valid takes 0.775494 seconds ...
[Coach] >>> TRAIN @Epoch: 100  >>>  || LOSS Avg: 0.21786
[Coach] >>> VALID @Epoch: 100  >>>  || RECALL@1 Avg: 0.0114 || RECALL@10 Avg: 0.0610 || RECALL@20 Avg: 0.0949 || NDCG@10 Avg: 0.0323 || NDCG@20 Avg: 0.0410
[Coach] >>> TEST  @Epoch: 100  >>> 
[Wall TIME] >>> ChiefCoach.train takes 3.073886 seconds ...
[Coach] >>> TRAIN @Epoch: 101  >>>  || LOSS Avg: 0.21723
[Coach] >>> VALID @Epoch: 101  >>> 
[Coach] >>> TEST  @Epoch: 101  >>> 
[Wall TIME] >>> ChiefCoach.train takes 3.037415 seconds ...
[Coach] >>> TRAIN @Epoch: 102  >>>  || LOSS Avg: 0.21672
[Coach] >>> VALID @Epoch: 102  >>> 
[Coach] >>> TEST  @Epoch: 102  >>> 
[Wall TIME] >>> ChiefCoach.train takes 3.191189 seconds ...
[Coach] >>> TRAIN @Epoch: 103  >>>  || LOSS Avg: 0.21622
[Coach] >>> VALID @Epoch: 103  >>> 
[Coach] >>> TEST  @Epoch: 103  >>> 
[Wall TIME] >>> ChiefCoach.train takes 3.065261 seconds ...
[Coach] >>> TRAIN @Epoch: 104  >>>  || LOSS Avg: 0.21568
[Coach] >>> VALID @Epoch: 104  >>> 
[Coach] >>> TEST  @Epoch: 104  >>> 
[Wall TIME] >>> ChiefCoach.train takes 3.018946 seconds ...
[Wall TIME] >>> ChiefCoach.valid takes 0.790674 seconds ...
[Coach] >>> Better ***NDCG@20*** of ***0.0413*** 
[Coach] >>> TRAIN @Epoch: 105  >>>  || LOSS Avg: 0.21610
[Coach] >>> VALID @Epoch: 105  >>>  || RECALL@1 Avg: 0.0116 || RECALL@10 Avg: 0.0608 || RECALL@20 Avg: 0.0957 || NDCG@10 Avg: 0.0325 || NDCG@20 Avg: 0.0413
[Coach] >>> TEST  @Epoch: 105  >>> 
[Wall TIME] >>> ChiefCoach.train takes 3.041156 seconds ...
[Coach] >>> TRAIN @Epoch: 106  >>>  || LOSS Avg: 0.21534
[Coach] >>> VALID @Epoch: 106  >>> 
[Coach] >>> TEST  @Epoch: 106  >>> 
[Wall TIME] >>> ChiefCoach.train takes 3.083107 seconds ...
[Coach] >>> TRAIN @Epoch: 107  >>>  || LOSS Avg: 0.21478
[Coach] >>> VALID @Epoch: 107  >>> 
[Coach] >>> TEST  @Epoch: 107  >>> 
[Wall TIME] >>> ChiefCoach.train takes 3.006401 seconds ...
[Coach] >>> TRAIN @Epoch: 108  >>>  || LOSS Avg: 0.21414
[Coach] >>> VALID @Epoch: 108  >>> 
[Coach] >>> TEST  @Epoch: 108  >>> 
[Wall TIME] >>> ChiefCoach.train takes 3.024159 seconds ...
[Coach] >>> TRAIN @Epoch: 109  >>>  || LOSS Avg: 0.21409
[Coach] >>> VALID @Epoch: 109  >>> 
[Coach] >>> TEST  @Epoch: 109  >>> 
[Wall TIME] >>> ChiefCoach.train takes 2.955796 seconds ...
[Wall TIME] >>> ChiefCoach.valid takes 0.761162 seconds ...
[Coach] >>> Better ***NDCG@20*** of ***0.0414*** 
[Coach] >>> TRAIN @Epoch: 110  >>>  || LOSS Avg: 0.21408
[Coach] >>> VALID @Epoch: 110  >>>  || RECALL@1 Avg: 0.0117 || RECALL@10 Avg: 0.0608 || RECALL@20 Avg: 0.0957 || NDCG@10 Avg: 0.0325 || NDCG@20 Avg: 0.0414
[Coach] >>> TEST  @Epoch: 110  >>> 
[Wall TIME] >>> ChiefCoach.train takes 3.050553 seconds ...
[Coach] >>> TRAIN @Epoch: 111  >>>  || LOSS Avg: 0.21343
[Coach] >>> VALID @Epoch: 111  >>> 
[Coach] >>> TEST  @Epoch: 111  >>> 
[Wall TIME] >>> ChiefCoach.train takes 3.787927 seconds ...
[Coach] >>> TRAIN @Epoch: 112  >>>  || LOSS Avg: 0.21405
[Coach] >>> VALID @Epoch: 112  >>> 
[Coach] >>> TEST  @Epoch: 112  >>> 
[Wall TIME] >>> ChiefCoach.train takes 3.083021 seconds ...
[Coach] >>> TRAIN @Epoch: 113  >>>  || LOSS Avg: 0.21339
[Coach] >>> VALID @Epoch: 113  >>> 
[Coach] >>> TEST  @Epoch: 113  >>> 
[Wall TIME] >>> ChiefCoach.train takes 3.017282 seconds ...
[Coach] >>> TRAIN @Epoch: 114  >>>  || LOSS Avg: 0.21290
[Coach] >>> VALID @Epoch: 114  >>> 
[Coach] >>> TEST  @Epoch: 114  >>> 
[Wall TIME] >>> ChiefCoach.train takes 3.047042 seconds ...
[Wall TIME] >>> ChiefCoach.valid takes 0.784785 seconds ...
[Coach] >>> Better ***NDCG@20*** of ***0.0414*** 
[Coach] >>> TRAIN @Epoch: 115  >>>  || LOSS Avg: 0.21283
[Coach] >>> VALID @Epoch: 115  >>>  || RECALL@1 Avg: 0.0119 || RECALL@10 Avg: 0.0611 || RECALL@20 Avg: 0.0953 || NDCG@10 Avg: 0.0327 || NDCG@20 Avg: 0.0414
[Coach] >>> TEST  @Epoch: 115  >>> 
[Wall TIME] >>> ChiefCoach.train takes 2.961839 seconds ...
[Coach] >>> TRAIN @Epoch: 116  >>>  || LOSS Avg: 0.21270
[Coach] >>> VALID @Epoch: 116  >>> 
[Coach] >>> TEST  @Epoch: 116  >>> 
[Wall TIME] >>> ChiefCoach.train takes 3.045048 seconds ...
[Coach] >>> TRAIN @Epoch: 117  >>>  || LOSS Avg: 0.21234
[Coach] >>> VALID @Epoch: 117  >>> 
[Coach] >>> TEST  @Epoch: 117  >>> 
[Wall TIME] >>> ChiefCoach.train takes 2.991119 seconds ...
[Coach] >>> TRAIN @Epoch: 118  >>>  || LOSS Avg: 0.21142
[Coach] >>> VALID @Epoch: 118  >>> 
[Coach] >>> TEST  @Epoch: 118  >>> 
[Wall TIME] >>> ChiefCoach.train takes 3.051834 seconds ...
[Coach] >>> TRAIN @Epoch: 119  >>>  || LOSS Avg: 0.21155
[Coach] >>> VALID @Epoch: 119  >>> 
[Coach] >>> TEST  @Epoch: 119  >>> 
[Wall TIME] >>> ChiefCoach.train takes 3.005580 seconds ...
[Wall TIME] >>> ChiefCoach.valid takes 0.784841 seconds ...
[Coach] >>> Better ***NDCG@20*** of ***0.0414*** 
[Coach] >>> TRAIN @Epoch: 120  >>>  || LOSS Avg: 0.21092
[Coach] >>> VALID @Epoch: 120  >>>  || RECALL@1 Avg: 0.0112 || RECALL@10 Avg: 0.0616 || RECALL@20 Avg: 0.0963 || NDCG@10 Avg: 0.0326 || NDCG@20 Avg: 0.0414
[Coach] >>> TEST  @Epoch: 120  >>> 
[Wall TIME] >>> ChiefCoach.train takes 3.091871 seconds ...
[Coach] >>> TRAIN @Epoch: 121  >>>  || LOSS Avg: 0.21120
[Coach] >>> VALID @Epoch: 121  >>> 
[Coach] >>> TEST  @Epoch: 121  >>> 
[Wall TIME] >>> ChiefCoach.train takes 3.001659 seconds ...
[Coach] >>> TRAIN @Epoch: 122  >>>  || LOSS Avg: 0.21049
[Coach] >>> VALID @Epoch: 122  >>> 
[Coach] >>> TEST  @Epoch: 122  >>> 
[Wall TIME] >>> ChiefCoach.train takes 3.026426 seconds ...
[Coach] >>> TRAIN @Epoch: 123  >>>  || LOSS Avg: 0.21045
[Coach] >>> VALID @Epoch: 123  >>> 
[Coach] >>> TEST  @Epoch: 123  >>> 
[Wall TIME] >>> ChiefCoach.train takes 3.090975 seconds ...
[Coach] >>> TRAIN @Epoch: 124  >>>  || LOSS Avg: 0.21083
[Coach] >>> VALID @Epoch: 124  >>> 
[Coach] >>> TEST  @Epoch: 124  >>> 
[Wall TIME] >>> ChiefCoach.train takes 3.040136 seconds ...
[Wall TIME] >>> ChiefCoach.valid takes 0.775719 seconds ...
[Coach] >>> Better ***NDCG@20*** of ***0.0415*** 
[Coach] >>> TRAIN @Epoch: 125  >>>  || LOSS Avg: 0.20999
[Coach] >>> VALID @Epoch: 125  >>>  || RECALL@1 Avg: 0.0117 || RECALL@10 Avg: 0.0614 || RECALL@20 Avg: 0.0960 || NDCG@10 Avg: 0.0327 || NDCG@20 Avg: 0.0415
[Coach] >>> TEST  @Epoch: 125  >>> 
[Wall TIME] >>> ChiefCoach.train takes 2.981361 seconds ...
[Coach] >>> TRAIN @Epoch: 126  >>>  || LOSS Avg: 0.20968
[Coach] >>> VALID @Epoch: 126  >>> 
[Coach] >>> TEST  @Epoch: 126  >>> 
[Wall TIME] >>> ChiefCoach.train takes 3.039082 seconds ...
[Coach] >>> TRAIN @Epoch: 127  >>>  || LOSS Avg: 0.20944
[Coach] >>> VALID @Epoch: 127  >>> 
[Coach] >>> TEST  @Epoch: 127  >>> 
[Wall TIME] >>> ChiefCoach.train takes 2.976546 seconds ...
[Coach] >>> TRAIN @Epoch: 128  >>>  || LOSS Avg: 0.20926
[Coach] >>> VALID @Epoch: 128  >>> 
[Coach] >>> TEST  @Epoch: 128  >>> 
[Wall TIME] >>> ChiefCoach.train takes 3.024396 seconds ...
[Coach] >>> TRAIN @Epoch: 129  >>>  || LOSS Avg: 0.20899
[Coach] >>> VALID @Epoch: 129  >>> 
[Coach] >>> TEST  @Epoch: 129  >>> 
[Wall TIME] >>> ChiefCoach.train takes 3.046040 seconds ...
[Wall TIME] >>> ChiefCoach.valid takes 0.772132 seconds ...
[Coach] >>> Better ***NDCG@20*** of ***0.0415*** 
[Coach] >>> TRAIN @Epoch: 130  >>>  || LOSS Avg: 0.20929
[Coach] >>> VALID @Epoch: 130  >>>  || RECALL@1 Avg: 0.0112 || RECALL@10 Avg: 0.0615 || RECALL@20 Avg: 0.0966 || NDCG@10 Avg: 0.0326 || NDCG@20 Avg: 0.0415
[Coach] >>> TEST  @Epoch: 130  >>> 
[Wall TIME] >>> ChiefCoach.train takes 3.003643 seconds ...
[Coach] >>> TRAIN @Epoch: 131  >>>  || LOSS Avg: 0.20917
[Coach] >>> VALID @Epoch: 131  >>> 
[Coach] >>> TEST  @Epoch: 131  >>> 
[Wall TIME] >>> ChiefCoach.train takes 3.037822 seconds ...
[Coach] >>> TRAIN @Epoch: 132  >>>  || LOSS Avg: 0.20807
[Coach] >>> VALID @Epoch: 132  >>> 
[Coach] >>> TEST  @Epoch: 132  >>> 
[Wall TIME] >>> ChiefCoach.train takes 3.745857 seconds ...
[Coach] >>> TRAIN @Epoch: 133  >>>  || LOSS Avg: 0.20854
[Coach] >>> VALID @Epoch: 133  >>> 
[Coach] >>> TEST  @Epoch: 133  >>> 
[Wall TIME] >>> ChiefCoach.train takes 3.050221 seconds ...
[Coach] >>> TRAIN @Epoch: 134  >>>  || LOSS Avg: 0.20796
[Coach] >>> VALID @Epoch: 134  >>> 
[Coach] >>> TEST  @Epoch: 134  >>> 
[Wall TIME] >>> ChiefCoach.train takes 3.053299 seconds ...
[Wall TIME] >>> ChiefCoach.valid takes 0.771065 seconds ...
[Coach] >>> Better ***NDCG@20*** of ***0.0418*** 
[Coach] >>> TRAIN @Epoch: 135  >>>  || LOSS Avg: 0.20799
[Coach] >>> VALID @Epoch: 135  >>>  || RECALL@1 Avg: 0.0113 || RECALL@10 Avg: 0.0617 || RECALL@20 Avg: 0.0972 || NDCG@10 Avg: 0.0328 || NDCG@20 Avg: 0.0418
[Coach] >>> TEST  @Epoch: 135  >>> 
[Wall TIME] >>> ChiefCoach.train takes 3.087185 seconds ...
[Coach] >>> TRAIN @Epoch: 136  >>>  || LOSS Avg: 0.20763
[Coach] >>> VALID @Epoch: 136  >>> 
[Coach] >>> TEST  @Epoch: 136  >>> 
[Wall TIME] >>> ChiefCoach.train takes 3.041129 seconds ...
[Coach] >>> TRAIN @Epoch: 137  >>>  || LOSS Avg: 0.20829
[Coach] >>> VALID @Epoch: 137  >>> 
[Coach] >>> TEST  @Epoch: 137  >>> 
[Wall TIME] >>> ChiefCoach.train takes 3.006770 seconds ...
[Coach] >>> TRAIN @Epoch: 138  >>>  || LOSS Avg: 0.20758
[Coach] >>> VALID @Epoch: 138  >>> 
[Coach] >>> TEST  @Epoch: 138  >>> 
[Wall TIME] >>> ChiefCoach.train takes 3.149022 seconds ...
[Coach] >>> TRAIN @Epoch: 139  >>>  || LOSS Avg: 0.20694
[Coach] >>> VALID @Epoch: 139  >>> 
[Coach] >>> TEST  @Epoch: 139  >>> 
[Wall TIME] >>> ChiefCoach.train takes 3.049903 seconds ...
[Wall TIME] >>> ChiefCoach.valid takes 0.790069 seconds ...
[Coach] >>> Better ***NDCG@20*** of ***0.0419*** 
[Coach] >>> TRAIN @Epoch: 140  >>>  || LOSS Avg: 0.20691
[Coach] >>> VALID @Epoch: 140  >>>  || RECALL@1 Avg: 0.0116 || RECALL@10 Avg: 0.0614 || RECALL@20 Avg: 0.0970 || NDCG@10 Avg: 0.0328 || NDCG@20 Avg: 0.0419
[Coach] >>> TEST  @Epoch: 140  >>> 
[Wall TIME] >>> ChiefCoach.train takes 3.015510 seconds ...
[Coach] >>> TRAIN @Epoch: 141  >>>  || LOSS Avg: 0.20713
[Coach] >>> VALID @Epoch: 141  >>> 
[Coach] >>> TEST  @Epoch: 141  >>> 
[Wall TIME] >>> ChiefCoach.train takes 3.034883 seconds ...
[Coach] >>> TRAIN @Epoch: 142  >>>  || LOSS Avg: 0.20700
[Coach] >>> VALID @Epoch: 142  >>> 
[Coach] >>> TEST  @Epoch: 142  >>> 
[Wall TIME] >>> ChiefCoach.train takes 3.080215 seconds ...
[Coach] >>> TRAIN @Epoch: 143  >>>  || LOSS Avg: 0.20631
[Coach] >>> VALID @Epoch: 143  >>> 
[Coach] >>> TEST  @Epoch: 143  >>> 
[Wall TIME] >>> ChiefCoach.train takes 3.040092 seconds ...
[Coach] >>> TRAIN @Epoch: 144  >>>  || LOSS Avg: 0.20639
[Coach] >>> VALID @Epoch: 144  >>> 
[Coach] >>> TEST  @Epoch: 144  >>> 
[Wall TIME] >>> ChiefCoach.train takes 3.020964 seconds ...
[Wall TIME] >>> ChiefCoach.valid takes 0.759254 seconds ...
[Coach] >>> TRAIN @Epoch: 145  >>>  || LOSS Avg: 0.20619
[Coach] >>> VALID @Epoch: 145  >>>  || RECALL@1 Avg: 0.0117 || RECALL@10 Avg: 0.0623 || RECALL@20 Avg: 0.0969 || NDCG@10 Avg: 0.0330 || NDCG@20 Avg: 0.0418
[Coach] >>> TEST  @Epoch: 145  >>> 
[Wall TIME] >>> ChiefCoach.train takes 3.079304 seconds ...
[Coach] >>> TRAIN @Epoch: 146  >>>  || LOSS Avg: 0.20583
[Coach] >>> VALID @Epoch: 146  >>> 
[Coach] >>> TEST  @Epoch: 146  >>> 
[Wall TIME] >>> ChiefCoach.train takes 2.991694 seconds ...
[Coach] >>> TRAIN @Epoch: 147  >>>  || LOSS Avg: 0.20673
[Coach] >>> VALID @Epoch: 147  >>> 
[Coach] >>> TEST  @Epoch: 147  >>> 
[Wall TIME] >>> ChiefCoach.train takes 2.961983 seconds ...
[Coach] >>> TRAIN @Epoch: 148  >>>  || LOSS Avg: 0.20557
[Coach] >>> VALID @Epoch: 148  >>> 
[Coach] >>> TEST  @Epoch: 148  >>> 
[Wall TIME] >>> ChiefCoach.train takes 2.975394 seconds ...
[Coach] >>> TRAIN @Epoch: 149  >>>  || LOSS Avg: 0.20524
[Coach] >>> VALID @Epoch: 149  >>> 
[Coach] >>> TEST  @Epoch: 149  >>> 
[Wall TIME] >>> ChiefCoach.train takes 2.907126 seconds ...
[Wall TIME] >>> ChiefCoach.valid takes 0.754948 seconds ...
[Coach] >>> Better ***NDCG@20*** of ***0.0419*** 
[Coach] >>> TRAIN @Epoch: 150  >>>  || LOSS Avg: 0.20558
[Coach] >>> VALID @Epoch: 150  >>>  || RECALL@1 Avg: 0.0116 || RECALL@10 Avg: 0.0623 || RECALL@20 Avg: 0.0970 || NDCG@10 Avg: 0.0331 || NDCG@20 Avg: 0.0419
[Coach] >>> TEST  @Epoch: 150  >>> 
[Wall TIME] >>> ChiefCoach.train takes 2.933994 seconds ...
[Coach] >>> TRAIN @Epoch: 151  >>>  || LOSS Avg: 0.20568
[Coach] >>> VALID @Epoch: 151  >>> 
[Coach] >>> TEST  @Epoch: 151  >>> 
[Wall TIME] >>> ChiefCoach.train takes 3.042698 seconds ...
[Coach] >>> TRAIN @Epoch: 152  >>>  || LOSS Avg: 0.20485
[Coach] >>> VALID @Epoch: 152  >>> 
[Coach] >>> TEST  @Epoch: 152  >>> 
[Wall TIME] >>> ChiefCoach.train takes 3.758340 seconds ...
[Coach] >>> TRAIN @Epoch: 153  >>>  || LOSS Avg: 0.20526
[Coach] >>> VALID @Epoch: 153  >>> 
[Coach] >>> TEST  @Epoch: 153  >>> 
[Wall TIME] >>> ChiefCoach.train takes 3.060640 seconds ...
[Coach] >>> TRAIN @Epoch: 154  >>>  || LOSS Avg: 0.20463
[Coach] >>> VALID @Epoch: 154  >>> 
[Coach] >>> TEST  @Epoch: 154  >>> 
[Wall TIME] >>> ChiefCoach.train takes 3.063311 seconds ...
[Wall TIME] >>> ChiefCoach.valid takes 0.788170 seconds ...
[Coach] >>> Better ***NDCG@20*** of ***0.0424*** 
[Coach] >>> TRAIN @Epoch: 155  >>>  || LOSS Avg: 0.20464
[Coach] >>> VALID @Epoch: 155  >>>  || RECALL@1 Avg: 0.0120 || RECALL@10 Avg: 0.0623 || RECALL@20 Avg: 0.0974 || NDCG@10 Avg: 0.0334 || NDCG@20 Avg: 0.0424
[Coach] >>> TEST  @Epoch: 155  >>> 
[Wall TIME] >>> ChiefCoach.train takes 2.953643 seconds ...
[Coach] >>> TRAIN @Epoch: 156  >>>  || LOSS Avg: 0.20434
[Coach] >>> VALID @Epoch: 156  >>> 
[Coach] >>> TEST  @Epoch: 156  >>> 
[Wall TIME] >>> ChiefCoach.train takes 3.097670 seconds ...
[Coach] >>> TRAIN @Epoch: 157  >>>  || LOSS Avg: 0.20414
[Coach] >>> VALID @Epoch: 157  >>> 
[Coach] >>> TEST  @Epoch: 157  >>> 
[Wall TIME] >>> ChiefCoach.train takes 2.974782 seconds ...
[Coach] >>> TRAIN @Epoch: 158  >>>  || LOSS Avg: 0.20404
[Coach] >>> VALID @Epoch: 158  >>> 
[Coach] >>> TEST  @Epoch: 158  >>> 
[Wall TIME] >>> ChiefCoach.train takes 3.038172 seconds ...
[Coach] >>> TRAIN @Epoch: 159  >>>  || LOSS Avg: 0.20427
[Coach] >>> VALID @Epoch: 159  >>> 
[Coach] >>> TEST  @Epoch: 159  >>> 
[Wall TIME] >>> ChiefCoach.train takes 2.982121 seconds ...
[Wall TIME] >>> ChiefCoach.valid takes 0.795281 seconds ...
[Coach] >>> Better ***NDCG@20*** of ***0.0424*** 
[Coach] >>> TRAIN @Epoch: 160  >>>  || LOSS Avg: 0.20344
[Coach] >>> VALID @Epoch: 160  >>>  || RECALL@1 Avg: 0.0122 || RECALL@10 Avg: 0.0625 || RECALL@20 Avg: 0.0977 || NDCG@10 Avg: 0.0335 || NDCG@20 Avg: 0.0424
[Coach] >>> TEST  @Epoch: 160  >>> 
[Wall TIME] >>> ChiefCoach.train takes 3.026745 seconds ...
[Coach] >>> TRAIN @Epoch: 161  >>>  || LOSS Avg: 0.20345
[Coach] >>> VALID @Epoch: 161  >>> 
[Coach] >>> TEST  @Epoch: 161  >>> 
[Wall TIME] >>> ChiefCoach.train takes 3.118753 seconds ...
[Coach] >>> TRAIN @Epoch: 162  >>>  || LOSS Avg: 0.20332
[Coach] >>> VALID @Epoch: 162  >>> 
[Coach] >>> TEST  @Epoch: 162  >>> 
[Wall TIME] >>> ChiefCoach.train takes 3.062690 seconds ...
[Coach] >>> TRAIN @Epoch: 163  >>>  || LOSS Avg: 0.20378
[Coach] >>> VALID @Epoch: 163  >>> 
[Coach] >>> TEST  @Epoch: 163  >>> 
[Wall TIME] >>> ChiefCoach.train takes 3.093101 seconds ...
[Coach] >>> TRAIN @Epoch: 164  >>>  || LOSS Avg: 0.20366
[Coach] >>> VALID @Epoch: 164  >>> 
[Coach] >>> TEST  @Epoch: 164  >>> 
[Wall TIME] >>> ChiefCoach.train takes 3.082386 seconds ...
[Wall TIME] >>> ChiefCoach.valid takes 0.748181 seconds ...
[Coach] >>> Better ***NDCG@20*** of ***0.0428*** 
[Coach] >>> TRAIN @Epoch: 165  >>>  || LOSS Avg: 0.20267
[Coach] >>> VALID @Epoch: 165  >>>  || RECALL@1 Avg: 0.0123 || RECALL@10 Avg: 0.0628 || RECALL@20 Avg: 0.0985 || NDCG@10 Avg: 0.0337 || NDCG@20 Avg: 0.0428
[Coach] >>> TEST  @Epoch: 165  >>> 
[Wall TIME] >>> ChiefCoach.train takes 3.010191 seconds ...
[Coach] >>> TRAIN @Epoch: 166  >>>  || LOSS Avg: 0.20260
[Coach] >>> VALID @Epoch: 166  >>> 
[Coach] >>> TEST  @Epoch: 166  >>> 
[Wall TIME] >>> ChiefCoach.train takes 3.012174 seconds ...
[Coach] >>> TRAIN @Epoch: 167  >>>  || LOSS Avg: 0.20242
[Coach] >>> VALID @Epoch: 167  >>> 
[Coach] >>> TEST  @Epoch: 167  >>> 
[Wall TIME] >>> ChiefCoach.train takes 3.019702 seconds ...
[Coach] >>> TRAIN @Epoch: 168  >>>  || LOSS Avg: 0.20259
[Coach] >>> VALID @Epoch: 168  >>> 
[Coach] >>> TEST  @Epoch: 168  >>> 
[Wall TIME] >>> ChiefCoach.train takes 3.062693 seconds ...
[Coach] >>> TRAIN @Epoch: 169  >>>  || LOSS Avg: 0.20209
[Coach] >>> VALID @Epoch: 169  >>> 
[Coach] >>> TEST  @Epoch: 169  >>> 
[Wall TIME] >>> ChiefCoach.train takes 3.158885 seconds ...
[Wall TIME] >>> ChiefCoach.valid takes 0.785191 seconds ...
[Coach] >>> TRAIN @Epoch: 170  >>>  || LOSS Avg: 0.20245
[Coach] >>> VALID @Epoch: 170  >>>  || RECALL@1 Avg: 0.0114 || RECALL@10 Avg: 0.0624 || RECALL@20 Avg: 0.0985 || NDCG@10 Avg: 0.0333 || NDCG@20 Avg: 0.0424
[Coach] >>> TEST  @Epoch: 170  >>> 
[Wall TIME] >>> ChiefCoach.train takes 3.041143 seconds ...
[Coach] >>> TRAIN @Epoch: 171  >>>  || LOSS Avg: 0.20293
[Coach] >>> VALID @Epoch: 171  >>> 
[Coach] >>> TEST  @Epoch: 171  >>> 
[Wall TIME] >>> ChiefCoach.train takes 3.017217 seconds ...
[Coach] >>> TRAIN @Epoch: 172  >>>  || LOSS Avg: 0.20262
[Coach] >>> VALID @Epoch: 172  >>> 
[Coach] >>> TEST  @Epoch: 172  >>> 
[Wall TIME] >>> ChiefCoach.train takes 4.006943 seconds ...
[Coach] >>> TRAIN @Epoch: 173  >>>  || LOSS Avg: 0.20176
[Coach] >>> VALID @Epoch: 173  >>> 
[Coach] >>> TEST  @Epoch: 173  >>> 
[Wall TIME] >>> ChiefCoach.train takes 3.061570 seconds ...
[Coach] >>> TRAIN @Epoch: 174  >>>  || LOSS Avg: 0.20230
[Coach] >>> VALID @Epoch: 174  >>> 
[Coach] >>> TEST  @Epoch: 174  >>> 
[Wall TIME] >>> ChiefCoach.train takes 2.990111 seconds ...
[Wall TIME] >>> ChiefCoach.valid takes 0.825766 seconds ...
[Coach] >>> TRAIN @Epoch: 175  >>>  || LOSS Avg: 0.20235
[Coach] >>> VALID @Epoch: 175  >>>  || RECALL@1 Avg: 0.0117 || RECALL@10 Avg: 0.0625 || RECALL@20 Avg: 0.0984 || NDCG@10 Avg: 0.0334 || NDCG@20 Avg: 0.0425
[Coach] >>> TEST  @Epoch: 175  >>> 
[Wall TIME] >>> ChiefCoach.train takes 3.070664 seconds ...
[Coach] >>> TRAIN @Epoch: 176  >>>  || LOSS Avg: 0.20167
[Coach] >>> VALID @Epoch: 176  >>> 
[Coach] >>> TEST  @Epoch: 176  >>> 
[Wall TIME] >>> ChiefCoach.train takes 3.069321 seconds ...
[Coach] >>> TRAIN @Epoch: 177  >>>  || LOSS Avg: 0.20138
[Coach] >>> VALID @Epoch: 177  >>> 
[Coach] >>> TEST  @Epoch: 177  >>> 
[Wall TIME] >>> ChiefCoach.train takes 3.027383 seconds ...
[Coach] >>> TRAIN @Epoch: 178  >>>  || LOSS Avg: 0.20195
[Coach] >>> VALID @Epoch: 178  >>> 
[Coach] >>> TEST  @Epoch: 178  >>> 
[Wall TIME] >>> ChiefCoach.train takes 3.136045 seconds ...
[Coach] >>> TRAIN @Epoch: 179  >>>  || LOSS Avg: 0.20142
[Coach] >>> VALID @Epoch: 179  >>> 
[Coach] >>> TEST  @Epoch: 179  >>> 
[Wall TIME] >>> ChiefCoach.train takes 3.128135 seconds ...
[Wall TIME] >>> ChiefCoach.valid takes 0.799962 seconds ...
[Coach] >>> TRAIN @Epoch: 180  >>>  || LOSS Avg: 0.20164
[Coach] >>> VALID @Epoch: 180  >>>  || RECALL@1 Avg: 0.0119 || RECALL@10 Avg: 0.0617 || RECALL@20 Avg: 0.0988 || NDCG@10 Avg: 0.0333 || NDCG@20 Avg: 0.0427
[Coach] >>> TEST  @Epoch: 180  >>> 
[Wall TIME] >>> ChiefCoach.train takes 3.070298 seconds ...
[Coach] >>> TRAIN @Epoch: 181  >>>  || LOSS Avg: 0.20162
[Coach] >>> VALID @Epoch: 181  >>> 
[Coach] >>> TEST  @Epoch: 181  >>> 
[Wall TIME] >>> ChiefCoach.train takes 3.026832 seconds ...
[Coach] >>> TRAIN @Epoch: 182  >>>  || LOSS Avg: 0.20157
[Coach] >>> VALID @Epoch: 182  >>> 
[Coach] >>> TEST  @Epoch: 182  >>> 
[Wall TIME] >>> ChiefCoach.train takes 3.041595 seconds ...
[Coach] >>> TRAIN @Epoch: 183  >>>  || LOSS Avg: 0.20138
[Coach] >>> VALID @Epoch: 183  >>> 
[Coach] >>> TEST  @Epoch: 183  >>> 
[Wall TIME] >>> ChiefCoach.train takes 3.108083 seconds ...
[Coach] >>> TRAIN @Epoch: 184  >>>  || LOSS Avg: 0.20066
[Coach] >>> VALID @Epoch: 184  >>> 
[Coach] >>> TEST  @Epoch: 184  >>> 
[Wall TIME] >>> ChiefCoach.train takes 3.100449 seconds ...
[Wall TIME] >>> ChiefCoach.valid takes 0.767846 seconds ...
[Coach] >>> TRAIN @Epoch: 185  >>>  || LOSS Avg: 0.20095
[Coach] >>> VALID @Epoch: 185  >>>  || RECALL@1 Avg: 0.0118 || RECALL@10 Avg: 0.0621 || RECALL@20 Avg: 0.0991 || NDCG@10 Avg: 0.0333 || NDCG@20 Avg: 0.0427
[Coach] >>> TEST  @Epoch: 185  >>> 
[Wall TIME] >>> ChiefCoach.train takes 3.042985 seconds ...
[Coach] >>> TRAIN @Epoch: 186  >>>  || LOSS Avg: 0.20093
[Coach] >>> VALID @Epoch: 186  >>> 
[Coach] >>> TEST  @Epoch: 186  >>> 
[Wall TIME] >>> ChiefCoach.train takes 2.993849 seconds ...
[Coach] >>> TRAIN @Epoch: 187  >>>  || LOSS Avg: 0.20029
[Coach] >>> VALID @Epoch: 187  >>> 
[Coach] >>> TEST  @Epoch: 187  >>> 
[Wall TIME] >>> ChiefCoach.train takes 3.072041 seconds ...
[Coach] >>> TRAIN @Epoch: 188  >>>  || LOSS Avg: 0.20062
[Coach] >>> VALID @Epoch: 188  >>> 
[Coach] >>> TEST  @Epoch: 188  >>> 
[Wall TIME] >>> ChiefCoach.train takes 2.926776 seconds ...
[Coach] >>> TRAIN @Epoch: 189  >>>  || LOSS Avg: 0.20076
[Coach] >>> VALID @Epoch: 189  >>> 
[Coach] >>> TEST  @Epoch: 189  >>> 
[Wall TIME] >>> ChiefCoach.train takes 2.870620 seconds ...
[Wall TIME] >>> ChiefCoach.valid takes 0.772763 seconds ...
[Coach] >>> TRAIN @Epoch: 190  >>>  || LOSS Avg: 0.20080
[Coach] >>> VALID @Epoch: 190  >>>  || RECALL@1 Avg: 0.0120 || RECALL@10 Avg: 0.0620 || RECALL@20 Avg: 0.0983 || NDCG@10 Avg: 0.0333 || NDCG@20 Avg: 0.0425
[Coach] >>> TEST  @Epoch: 190  >>> 
[Wall TIME] >>> ChiefCoach.train takes 3.110799 seconds ...
[Coach] >>> TRAIN @Epoch: 191  >>>  || LOSS Avg: 0.20049
[Coach] >>> VALID @Epoch: 191  >>> 
[Coach] >>> TEST  @Epoch: 191  >>> 
[Wall TIME] >>> ChiefCoach.train takes 3.031565 seconds ...
[Coach] >>> TRAIN @Epoch: 192  >>>  || LOSS Avg: 0.20042
[Coach] >>> VALID @Epoch: 192  >>> 
[Coach] >>> TEST  @Epoch: 192  >>> 
[Wall TIME] >>> ChiefCoach.train takes 3.698001 seconds ...
[Coach] >>> TRAIN @Epoch: 193  >>>  || LOSS Avg: 0.20056
[Coach] >>> VALID @Epoch: 193  >>> 
[Coach] >>> TEST  @Epoch: 193  >>> 
[Wall TIME] >>> ChiefCoach.train takes 3.097330 seconds ...
[Coach] >>> TRAIN @Epoch: 194  >>>  || LOSS Avg: 0.20056
[Coach] >>> VALID @Epoch: 194  >>> 
[Coach] >>> TEST  @Epoch: 194  >>> 
[Wall TIME] >>> ChiefCoach.train takes 3.054697 seconds ...
[Wall TIME] >>> ChiefCoach.valid takes 0.752088 seconds ...
[Coach] >>> TRAIN @Epoch: 195  >>>  || LOSS Avg: 0.20030
[Coach] >>> VALID @Epoch: 195  >>>  || RECALL@1 Avg: 0.0119 || RECALL@10 Avg: 0.0619 || RECALL@20 Avg: 0.0985 || NDCG@10 Avg: 0.0333 || NDCG@20 Avg: 0.0425
[Coach] >>> TEST  @Epoch: 195  >>> 
[Wall TIME] >>> ChiefCoach.train takes 2.986483 seconds ...
[Coach] >>> TRAIN @Epoch: 196  >>>  || LOSS Avg: 0.20034
[Coach] >>> VALID @Epoch: 196  >>> 
[Coach] >>> TEST  @Epoch: 196  >>> 
[Wall TIME] >>> ChiefCoach.train takes 2.995708 seconds ...
[Coach] >>> TRAIN @Epoch: 197  >>>  || LOSS Avg: 0.20011
[Coach] >>> VALID @Epoch: 197  >>> 
[Coach] >>> TEST  @Epoch: 197  >>> 
[Wall TIME] >>> ChiefCoach.train takes 2.921617 seconds ...
[Coach] >>> TRAIN @Epoch: 198  >>>  || LOSS Avg: 0.20033
[Coach] >>> VALID @Epoch: 198  >>> 
[Coach] >>> TEST  @Epoch: 198  >>> 
[Wall TIME] >>> ChiefCoach.train takes 2.939982 seconds ...
[Coach] >>> TRAIN @Epoch: 199  >>>  || LOSS Avg: 0.20008
[Coach] >>> VALID @Epoch: 199  >>> 
[Coach] >>> TEST  @Epoch: 199  >>> 
[Wall TIME] >>> ChiefCoach.train takes 3.089713 seconds ...
[Wall TIME] >>> ChiefCoach.valid takes 0.763804 seconds ...
[Coach] >>> TRAIN @Epoch: 200  >>>  || LOSS Avg: 0.19992
[Coach] >>> VALID @Epoch: 200  >>>  || RECALL@1 Avg: 0.0119 || RECALL@10 Avg: 0.0624 || RECALL@20 Avg: 0.0980 || NDCG@10 Avg: 0.0333 || NDCG@20 Avg: 0.0423
[Coach] >>> TEST  @Epoch: 200  >>> 
[Wall TIME] >>> ChiefCoach.train takes 3.039468 seconds ...
[Coach] >>> TRAIN @Epoch: 201  >>>  || LOSS Avg: 0.19988
[Coach] >>> VALID @Epoch: 201  >>> 
[Coach] >>> TEST  @Epoch: 201  >>> 
[Wall TIME] >>> ChiefCoach.train takes 3.051699 seconds ...
[Coach] >>> TRAIN @Epoch: 202  >>>  || LOSS Avg: 0.19936
[Coach] >>> VALID @Epoch: 202  >>> 
[Coach] >>> TEST  @Epoch: 202  >>> 
[Wall TIME] >>> ChiefCoach.train takes 3.105551 seconds ...
[Coach] >>> TRAIN @Epoch: 203  >>>  || LOSS Avg: 0.19965
[Coach] >>> VALID @Epoch: 203  >>> 
[Coach] >>> TEST  @Epoch: 203  >>> 
[Wall TIME] >>> ChiefCoach.train takes 3.080199 seconds ...
[Coach] >>> TRAIN @Epoch: 204  >>>  || LOSS Avg: 0.19970
[Coach] >>> VALID @Epoch: 204  >>> 
[Coach] >>> TEST  @Epoch: 204  >>> 
[Wall TIME] >>> ChiefCoach.train takes 3.036738 seconds ...
[Wall TIME] >>> ChiefCoach.valid takes 0.806433 seconds ...
[Coach] >>> TRAIN @Epoch: 205  >>>  || LOSS Avg: 0.19958
[Coach] >>> VALID @Epoch: 205  >>>  || RECALL@1 Avg: 0.0115 || RECALL@10 Avg: 0.0619 || RECALL@20 Avg: 0.0981 || NDCG@10 Avg: 0.0330 || NDCG@20 Avg: 0.0422
[Coach] >>> TEST  @Epoch: 205  >>> 
[Wall TIME] >>> ChiefCoach.train takes 3.074366 seconds ...
[Coach] >>> TRAIN @Epoch: 206  >>>  || LOSS Avg: 0.19944
[Coach] >>> VALID @Epoch: 206  >>> 
[Coach] >>> TEST  @Epoch: 206  >>> 
[Wall TIME] >>> ChiefCoach.train takes 2.994334 seconds ...
[Coach] >>> TRAIN @Epoch: 207  >>>  || LOSS Avg: 0.19969
[Coach] >>> VALID @Epoch: 207  >>> 
[Coach] >>> TEST  @Epoch: 207  >>> 
[Wall TIME] >>> ChiefCoach.train takes 3.007551 seconds ...
[Coach] >>> TRAIN @Epoch: 208  >>>  || LOSS Avg: 0.19886
[Coach] >>> VALID @Epoch: 208  >>> 
[Coach] >>> TEST  @Epoch: 208  >>> 
[Wall TIME] >>> ChiefCoach.train takes 3.068161 seconds ...
[Coach] >>> TRAIN @Epoch: 209  >>>  || LOSS Avg: 0.19905
[Coach] >>> VALID @Epoch: 209  >>> 
[Coach] >>> TEST  @Epoch: 209  >>> 
[Wall TIME] >>> ChiefCoach.train takes 3.097065 seconds ...
[Wall TIME] >>> ChiefCoach.valid takes 0.754126 seconds ...
[Coach] >>> TRAIN @Epoch: 210  >>>  || LOSS Avg: 0.19913
[Coach] >>> VALID @Epoch: 210  >>>  || RECALL@1 Avg: 0.0118 || RECALL@10 Avg: 0.0622 || RECALL@20 Avg: 0.0979 || NDCG@10 Avg: 0.0333 || NDCG@20 Avg: 0.0424
[Coach] >>> TEST  @Epoch: 210  >>> 
[Wall TIME] >>> ChiefCoach.train takes 2.990705 seconds ...
[Coach] >>> TRAIN @Epoch: 211  >>>  || LOSS Avg: 0.19872
[Coach] >>> VALID @Epoch: 211  >>> 
[Coach] >>> TEST  @Epoch: 211  >>> 
[Wall TIME] >>> ChiefCoach.train takes 3.166104 seconds ...
[Coach] >>> TRAIN @Epoch: 212  >>>  || LOSS Avg: 0.19882
[Coach] >>> VALID @Epoch: 212  >>> 
[Coach] >>> TEST  @Epoch: 212  >>> 
[Wall TIME] >>> ChiefCoach.train takes 3.398493 seconds ...
[Coach] >>> TRAIN @Epoch: 213  >>>  || LOSS Avg: 0.19916
[Coach] >>> VALID @Epoch: 213  >>> 
[Coach] >>> TEST  @Epoch: 213  >>> 
[Wall TIME] >>> ChiefCoach.train takes 3.676368 seconds ...
[Coach] >>> TRAIN @Epoch: 214  >>>  || LOSS Avg: 0.19884
[Coach] >>> VALID @Epoch: 214  >>> 
[Coach] >>> TEST  @Epoch: 214  >>> 
[Wall TIME] >>> ChiefCoach.train takes 3.063429 seconds ...
[Wall TIME] >>> ChiefCoach.valid takes 0.783006 seconds ...
[Coach] >>> TRAIN @Epoch: 215  >>>  || LOSS Avg: 0.19855
[Coach] >>> VALID @Epoch: 215  >>>  || RECALL@1 Avg: 0.0121 || RECALL@10 Avg: 0.0616 || RECALL@20 Avg: 0.0982 || NDCG@10 Avg: 0.0332 || NDCG@20 Avg: 0.0425
[Coach] >>> TEST  @Epoch: 215  >>> 
[Wall TIME] >>> ChiefCoach.train takes 3.084129 seconds ...
[Coach] >>> TRAIN @Epoch: 216  >>>  || LOSS Avg: 0.19869
[Coach] >>> VALID @Epoch: 216  >>> 
[Coach] >>> TEST  @Epoch: 216  >>> 
[Wall TIME] >>> ChiefCoach.train takes 2.995164 seconds ...
[Coach] >>> TRAIN @Epoch: 217  >>>  || LOSS Avg: 0.19850
[Coach] >>> VALID @Epoch: 217  >>> 
[Coach] >>> TEST  @Epoch: 217  >>> 
[Wall TIME] >>> ChiefCoach.train takes 2.990144 seconds ...
[Coach] >>> TRAIN @Epoch: 218  >>>  || LOSS Avg: 0.19891
[Coach] >>> VALID @Epoch: 218  >>> 
[Coach] >>> TEST  @Epoch: 218  >>> 
[Wall TIME] >>> ChiefCoach.train takes 3.129018 seconds ...
[Coach] >>> TRAIN @Epoch: 219  >>>  || LOSS Avg: 0.19860
[Coach] >>> VALID @Epoch: 219  >>> 
[Coach] >>> TEST  @Epoch: 219  >>> 
[Wall TIME] >>> ChiefCoach.train takes 2.944000 seconds ...
[Wall TIME] >>> ChiefCoach.valid takes 0.782951 seconds ...
[Coach] >>> TRAIN @Epoch: 220  >>>  || LOSS Avg: 0.19830
[Coach] >>> VALID @Epoch: 220  >>>  || RECALL@1 Avg: 0.0119 || RECALL@10 Avg: 0.0617 || RECALL@20 Avg: 0.0978 || NDCG@10 Avg: 0.0331 || NDCG@20 Avg: 0.0422
[Coach] >>> TEST  @Epoch: 220  >>> 
[Wall TIME] >>> ChiefCoach.train takes 3.061332 seconds ...
[Coach] >>> TRAIN @Epoch: 221  >>>  || LOSS Avg: 0.19807
[Coach] >>> VALID @Epoch: 221  >>> 
[Coach] >>> TEST  @Epoch: 221  >>> 
[Wall TIME] >>> ChiefCoach.train takes 3.040324 seconds ...
[Coach] >>> TRAIN @Epoch: 222  >>>  || LOSS Avg: 0.19794
[Coach] >>> VALID @Epoch: 222  >>> 
[Coach] >>> TEST  @Epoch: 222  >>> 
[Wall TIME] >>> ChiefCoach.train takes 3.041753 seconds ...
[Coach] >>> TRAIN @Epoch: 223  >>>  || LOSS Avg: 0.19795
[Coach] >>> VALID @Epoch: 223  >>> 
[Coach] >>> TEST  @Epoch: 223  >>> 
[Wall TIME] >>> ChiefCoach.train takes 3.000561 seconds ...
[Coach] >>> TRAIN @Epoch: 224  >>>  || LOSS Avg: 0.19852
[Coach] >>> VALID @Epoch: 224  >>> 
[Coach] >>> TEST  @Epoch: 224  >>> 
[Wall TIME] >>> ChiefCoach.train takes 2.973755 seconds ...
[Wall TIME] >>> ChiefCoach.valid takes 0.756641 seconds ...
[Coach] >>> TRAIN @Epoch: 225  >>>  || LOSS Avg: 0.19812
[Coach] >>> VALID @Epoch: 225  >>>  || RECALL@1 Avg: 0.0115 || RECALL@10 Avg: 0.0609 || RECALL@20 Avg: 0.0980 || NDCG@10 Avg: 0.0327 || NDCG@20 Avg: 0.0421
[Coach] >>> TEST  @Epoch: 225  >>> 
[Wall TIME] >>> ChiefCoach.train takes 2.953658 seconds ...
[Coach] >>> TRAIN @Epoch: 226  >>>  || LOSS Avg: 0.19796
[Coach] >>> VALID @Epoch: 226  >>> 
[Coach] >>> TEST  @Epoch: 226  >>> 
[Wall TIME] >>> ChiefCoach.train takes 3.110596 seconds ...
[Coach] >>> TRAIN @Epoch: 227  >>>  || LOSS Avg: 0.19829
[Coach] >>> VALID @Epoch: 227  >>> 
[Coach] >>> TEST  @Epoch: 227  >>> 
[Wall TIME] >>> ChiefCoach.train takes 2.932927 seconds ...
[Coach] >>> TRAIN @Epoch: 228  >>>  || LOSS Avg: 0.19800
[Coach] >>> VALID @Epoch: 228  >>> 
[Coach] >>> TEST  @Epoch: 228  >>> 
[Wall TIME] >>> ChiefCoach.train takes 3.069225 seconds ...
[Coach] >>> TRAIN @Epoch: 229  >>>  || LOSS Avg: 0.19799
[Coach] >>> VALID @Epoch: 229  >>> 
[Coach] >>> TEST  @Epoch: 229  >>> 
[Wall TIME] >>> ChiefCoach.train takes 2.988672 seconds ...
[Wall TIME] >>> ChiefCoach.valid takes 0.809863 seconds ...
[Coach] >>> TRAIN @Epoch: 230  >>>  || LOSS Avg: 0.19792
[Coach] >>> VALID @Epoch: 230  >>>  || RECALL@1 Avg: 0.0118 || RECALL@10 Avg: 0.0617 || RECALL@20 Avg: 0.0975 || NDCG@10 Avg: 0.0332 || NDCG@20 Avg: 0.0423
[Coach] >>> TEST  @Epoch: 230  >>> 
[Wall TIME] >>> ChiefCoach.train takes 3.151483 seconds ...
[Coach] >>> TRAIN @Epoch: 231  >>>  || LOSS Avg: 0.19802
[Coach] >>> VALID @Epoch: 231  >>> 
[Coach] >>> TEST  @Epoch: 231  >>> 
[Wall TIME] >>> ChiefCoach.train takes 2.968992 seconds ...
[Coach] >>> TRAIN @Epoch: 232  >>>  || LOSS Avg: 0.19717
[Coach] >>> VALID @Epoch: 232  >>> 
[Coach] >>> TEST  @Epoch: 232  >>> 
[Wall TIME] >>> ChiefCoach.train takes 3.087872 seconds ...
[Coach] >>> TRAIN @Epoch: 233  >>>  || LOSS Avg: 0.19719
[Coach] >>> VALID @Epoch: 233  >>> 
[Coach] >>> TEST  @Epoch: 233  >>> 
[Wall TIME] >>> ChiefCoach.train takes 4.008451 seconds ...
[Coach] >>> TRAIN @Epoch: 234  >>>  || LOSS Avg: 0.19741
[Coach] >>> VALID @Epoch: 234  >>> 
[Coach] >>> TEST  @Epoch: 234  >>> 
[Wall TIME] >>> ChiefCoach.train takes 3.026343 seconds ...
[Wall TIME] >>> ChiefCoach.valid takes 0.787131 seconds ...
[Coach] >>> TRAIN @Epoch: 235  >>>  || LOSS Avg: 0.19723
[Coach] >>> VALID @Epoch: 235  >>>  || RECALL@1 Avg: 0.0119 || RECALL@10 Avg: 0.0614 || RECALL@20 Avg: 0.0984 || NDCG@10 Avg: 0.0331 || NDCG@20 Avg: 0.0425
[Coach] >>> TEST  @Epoch: 235  >>> 
[Wall TIME] >>> ChiefCoach.train takes 3.123666 seconds ...
[Coach] >>> TRAIN @Epoch: 236  >>>  || LOSS Avg: 0.19733
[Coach] >>> VALID @Epoch: 236  >>> 
[Coach] >>> TEST  @Epoch: 236  >>> 
[Wall TIME] >>> ChiefCoach.train takes 3.068610 seconds ...
[Coach] >>> TRAIN @Epoch: 237  >>>  || LOSS Avg: 0.19817
[Coach] >>> VALID @Epoch: 237  >>> 
[Coach] >>> TEST  @Epoch: 237  >>> 
[Wall TIME] >>> ChiefCoach.train takes 3.074247 seconds ...
[Coach] >>> TRAIN @Epoch: 238  >>>  || LOSS Avg: 0.19732
[Coach] >>> VALID @Epoch: 238  >>> 
[Coach] >>> TEST  @Epoch: 238  >>> 
[Wall TIME] >>> ChiefCoach.train takes 3.143097 seconds ...
[Coach] >>> TRAIN @Epoch: 239  >>>  || LOSS Avg: 0.19725
[Coach] >>> VALID @Epoch: 239  >>> 
[Coach] >>> TEST  @Epoch: 239  >>> 
[Wall TIME] >>> ChiefCoach.train takes 3.058142 seconds ...
[Wall TIME] >>> ChiefCoach.valid takes 0.777613 seconds ...
[Coach] >>> TRAIN @Epoch: 240  >>>  || LOSS Avg: 0.19685
[Coach] >>> VALID @Epoch: 240  >>>  || RECALL@1 Avg: 0.0123 || RECALL@10 Avg: 0.0617 || RECALL@20 Avg: 0.0980 || NDCG@10 Avg: 0.0332 || NDCG@20 Avg: 0.0424
[Coach] >>> TEST  @Epoch: 240  >>> 
[Wall TIME] >>> ChiefCoach.train takes 3.053317 seconds ...
[Coach] >>> TRAIN @Epoch: 241  >>>  || LOSS Avg: 0.19693
[Coach] >>> VALID @Epoch: 241  >>> 
[Coach] >>> TEST  @Epoch: 241  >>> 
[Wall TIME] >>> ChiefCoach.train takes 2.942582 seconds ...
[Coach] >>> TRAIN @Epoch: 242  >>>  || LOSS Avg: 0.19687
[Coach] >>> VALID @Epoch: 242  >>> 
[Coach] >>> TEST  @Epoch: 242  >>> 
[Wall TIME] >>> ChiefCoach.train takes 3.096789 seconds ...
[Coach] >>> TRAIN @Epoch: 243  >>>  || LOSS Avg: 0.19651
[Coach] >>> VALID @Epoch: 243  >>> 
[Coach] >>> TEST  @Epoch: 243  >>> 
[Wall TIME] >>> ChiefCoach.train takes 3.049507 seconds ...
[Coach] >>> TRAIN @Epoch: 244  >>>  || LOSS Avg: 0.19688
[Coach] >>> VALID @Epoch: 244  >>> 
[Coach] >>> TEST  @Epoch: 244  >>> 
[Wall TIME] >>> ChiefCoach.train takes 3.123816 seconds ...
[Wall TIME] >>> ChiefCoach.valid takes 0.784516 seconds ...
[Coach] >>> TRAIN @Epoch: 245  >>>  || LOSS Avg: 0.19724
[Coach] >>> VALID @Epoch: 245  >>>  || RECALL@1 Avg: 0.0123 || RECALL@10 Avg: 0.0623 || RECALL@20 Avg: 0.0981 || NDCG@10 Avg: 0.0334 || NDCG@20 Avg: 0.0425
[Coach] >>> TEST  @Epoch: 245  >>> 
[Wall TIME] >>> ChiefCoach.train takes 2.973376 seconds ...
[Coach] >>> TRAIN @Epoch: 246  >>>  || LOSS Avg: 0.19631
[Coach] >>> VALID @Epoch: 246  >>> 
[Coach] >>> TEST  @Epoch: 246  >>> 
[Wall TIME] >>> ChiefCoach.train takes 2.964358 seconds ...
[Coach] >>> TRAIN @Epoch: 247  >>>  || LOSS Avg: 0.19712
[Coach] >>> VALID @Epoch: 247  >>> 
[Coach] >>> TEST  @Epoch: 247  >>> 
[Wall TIME] >>> ChiefCoach.train takes 3.142181 seconds ...
[Coach] >>> TRAIN @Epoch: 248  >>>  || LOSS Avg: 0.19647
[Coach] >>> VALID @Epoch: 248  >>> 
[Coach] >>> TEST  @Epoch: 248  >>> 
[Wall TIME] >>> ChiefCoach.train takes 3.056660 seconds ...
[Coach] >>> TRAIN @Epoch: 249  >>>  || LOSS Avg: 0.19675
[Coach] >>> VALID @Epoch: 249  >>> 
[Coach] >>> TEST  @Epoch: 249  >>> 
[Wall TIME] >>> ChiefCoach.train takes 3.013630 seconds ...
[Wall TIME] >>> ChiefCoach.valid takes 0.784938 seconds ...
[Coach] >>> TRAIN @Epoch: 250  >>>  || LOSS Avg: 0.19685
[Coach] >>> VALID @Epoch: 250  >>>  || RECALL@1 Avg: 0.0121 || RECALL@10 Avg: 0.0619 || RECALL@20 Avg: 0.0985 || NDCG@10 Avg: 0.0334 || NDCG@20 Avg: 0.0426
[Coach] >>> TEST  @Epoch: 250  >>> 
[Wall TIME] >>> ChiefCoach.train takes 3.022172 seconds ...
[Coach] >>> TRAIN @Epoch: 251  >>>  || LOSS Avg: 0.19700
[Coach] >>> VALID @Epoch: 251  >>> 
[Coach] >>> TEST  @Epoch: 251  >>> 
[Wall TIME] >>> ChiefCoach.train takes 3.017444 seconds ...
[Coach] >>> TRAIN @Epoch: 252  >>>  || LOSS Avg: 0.19609
[Coach] >>> VALID @Epoch: 252  >>> 
[Coach] >>> TEST  @Epoch: 252  >>> 
[Wall TIME] >>> ChiefCoach.train takes 2.950403 seconds ...
[Coach] >>> TRAIN @Epoch: 253  >>>  || LOSS Avg: 0.19617
[Coach] >>> VALID @Epoch: 253  >>> 
[Coach] >>> TEST  @Epoch: 253  >>> 
[Wall TIME] >>> ChiefCoach.train takes 3.836676 seconds ...
[Coach] >>> TRAIN @Epoch: 254  >>>  || LOSS Avg: 0.19667
[Coach] >>> VALID @Epoch: 254  >>> 
[Coach] >>> TEST  @Epoch: 254  >>> 
[Wall TIME] >>> ChiefCoach.train takes 3.028202 seconds ...
[Wall TIME] >>> ChiefCoach.valid takes 0.778931 seconds ...
[Coach] >>> TRAIN @Epoch: 255  >>>  || LOSS Avg: 0.19664
[Coach] >>> VALID @Epoch: 255  >>>  || RECALL@1 Avg: 0.0122 || RECALL@10 Avg: 0.0622 || RECALL@20 Avg: 0.0983 || NDCG@10 Avg: 0.0335 || NDCG@20 Avg: 0.0427
[Coach] >>> TEST  @Epoch: 255  >>> 
[Wall TIME] >>> ChiefCoach.train takes 3.044317 seconds ...
[Coach] >>> TRAIN @Epoch: 256  >>>  || LOSS Avg: 0.19636
[Coach] >>> VALID @Epoch: 256  >>> 
[Coach] >>> TEST  @Epoch: 256  >>> 
[Wall TIME] >>> ChiefCoach.train takes 2.994149 seconds ...
[Coach] >>> TRAIN @Epoch: 257  >>>  || LOSS Avg: 0.19597
[Coach] >>> VALID @Epoch: 257  >>> 
[Coach] >>> TEST  @Epoch: 257  >>> 
[Wall TIME] >>> ChiefCoach.train takes 2.940028 seconds ...
[Coach] >>> TRAIN @Epoch: 258  >>>  || LOSS Avg: 0.19589
[Coach] >>> VALID @Epoch: 258  >>> 
[Coach] >>> TEST  @Epoch: 258  >>> 
[Wall TIME] >>> ChiefCoach.train takes 3.085146 seconds ...
[Coach] >>> TRAIN @Epoch: 259  >>>  || LOSS Avg: 0.19593
[Coach] >>> VALID @Epoch: 259  >>> 
[Coach] >>> TEST  @Epoch: 259  >>> 
[Wall TIME] >>> ChiefCoach.train takes 2.992196 seconds ...
[Wall TIME] >>> ChiefCoach.valid takes 0.839378 seconds ...
[Coach] >>> TRAIN @Epoch: 260  >>>  || LOSS Avg: 0.19628
[Coach] >>> VALID @Epoch: 260  >>>  || RECALL@1 Avg: 0.0120 || RECALL@10 Avg: 0.0626 || RECALL@20 Avg: 0.0985 || NDCG@10 Avg: 0.0336 || NDCG@20 Avg: 0.0427
[Coach] >>> TEST  @Epoch: 260  >>> 
[Wall TIME] >>> ChiefCoach.train takes 2.976444 seconds ...
[Coach] >>> TRAIN @Epoch: 261  >>>  || LOSS Avg: 0.19570
[Coach] >>> VALID @Epoch: 261  >>> 
[Coach] >>> TEST  @Epoch: 261  >>> 
[Wall TIME] >>> ChiefCoach.train takes 2.977443 seconds ...
[Coach] >>> TRAIN @Epoch: 262  >>>  || LOSS Avg: 0.19652
[Coach] >>> VALID @Epoch: 262  >>> 
[Coach] >>> TEST  @Epoch: 262  >>> 
[Wall TIME] >>> ChiefCoach.train takes 3.146992 seconds ...
[Coach] >>> TRAIN @Epoch: 263  >>>  || LOSS Avg: 0.19540
[Coach] >>> VALID @Epoch: 263  >>> 
[Coach] >>> TEST  @Epoch: 263  >>> 
[Wall TIME] >>> ChiefCoach.train takes 3.251454 seconds ...
[Coach] >>> TRAIN @Epoch: 264  >>>  || LOSS Avg: 0.19553
[Coach] >>> VALID @Epoch: 264  >>> 
[Coach] >>> TEST  @Epoch: 264  >>> 
[Wall TIME] >>> ChiefCoach.train takes 3.128062 seconds ...
[Wall TIME] >>> ChiefCoach.valid takes 0.799264 seconds ...
[Coach] >>> TRAIN @Epoch: 265  >>>  || LOSS Avg: 0.19624
[Coach] >>> VALID @Epoch: 265  >>>  || RECALL@1 Avg: 0.0122 || RECALL@10 Avg: 0.0631 || RECALL@20 Avg: 0.0967 || NDCG@10 Avg: 0.0338 || NDCG@20 Avg: 0.0423
[Coach] >>> TEST  @Epoch: 265  >>> 
[Wall TIME] >>> ChiefCoach.train takes 3.099772 seconds ...
[Coach] >>> TRAIN @Epoch: 266  >>>  || LOSS Avg: 0.19632
[Coach] >>> VALID @Epoch: 266  >>> 
[Coach] >>> TEST  @Epoch: 266  >>> 
[Wall TIME] >>> ChiefCoach.train takes 3.048991 seconds ...
[Coach] >>> TRAIN @Epoch: 267  >>>  || LOSS Avg: 0.19587
[Coach] >>> VALID @Epoch: 267  >>> 
[Coach] >>> TEST  @Epoch: 267  >>> 
[Wall TIME] >>> ChiefCoach.train takes 3.115944 seconds ...
[Coach] >>> TRAIN @Epoch: 268  >>>  || LOSS Avg: 0.19535
[Coach] >>> VALID @Epoch: 268  >>> 
[Coach] >>> TEST  @Epoch: 268  >>> 
[Wall TIME] >>> ChiefCoach.train takes 3.039998 seconds ...
[Coach] >>> TRAIN @Epoch: 269  >>>  || LOSS Avg: 0.19554
[Coach] >>> VALID @Epoch: 269  >>> 
[Coach] >>> TEST  @Epoch: 269  >>> 
[Wall TIME] >>> ChiefCoach.train takes 3.180413 seconds ...
[Wall TIME] >>> ChiefCoach.valid takes 0.784386 seconds ...
[Coach] >>> TRAIN @Epoch: 270  >>>  || LOSS Avg: 0.19614
[Coach] >>> VALID @Epoch: 270  >>>  || RECALL@1 Avg: 0.0115 || RECALL@10 Avg: 0.0632 || RECALL@20 Avg: 0.0984 || NDCG@10 Avg: 0.0335 || NDCG@20 Avg: 0.0423
[Coach] >>> TEST  @Epoch: 270  >>> 
[Wall TIME] >>> ChiefCoach.train takes 3.075486 seconds ...
[Coach] >>> TRAIN @Epoch: 271  >>>  || LOSS Avg: 0.19540
[Coach] >>> VALID @Epoch: 271  >>> 
[Coach] >>> TEST  @Epoch: 271  >>> 
[Wall TIME] >>> ChiefCoach.train takes 3.093741 seconds ...
[Coach] >>> TRAIN @Epoch: 272  >>>  || LOSS Avg: 0.19501
[Coach] >>> VALID @Epoch: 272  >>> 
[Coach] >>> TEST  @Epoch: 272  >>> 
[Wall TIME] >>> ChiefCoach.train takes 3.117013 seconds ...
[Coach] >>> TRAIN @Epoch: 273  >>>  || LOSS Avg: 0.19512
[Coach] >>> VALID @Epoch: 273  >>> 
[Coach] >>> TEST  @Epoch: 273  >>> 
[Wall TIME] >>> ChiefCoach.train takes 3.600004 seconds ...
[Coach] >>> TRAIN @Epoch: 274  >>>  || LOSS Avg: 0.19564
[Coach] >>> VALID @Epoch: 274  >>> 
[Coach] >>> TEST  @Epoch: 274  >>> 
[Wall TIME] >>> ChiefCoach.train takes 3.174013 seconds ...
[Wall TIME] >>> ChiefCoach.valid takes 0.821661 seconds ...
[Coach] >>> TRAIN @Epoch: 275  >>>  || LOSS Avg: 0.19562
[Coach] >>> VALID @Epoch: 275  >>>  || RECALL@1 Avg: 0.0119 || RECALL@10 Avg: 0.0630 || RECALL@20 Avg: 0.0980 || NDCG@10 Avg: 0.0336 || NDCG@20 Avg: 0.0425
[Coach] >>> TEST  @Epoch: 275  >>> 
[Wall TIME] >>> ChiefCoach.train takes 3.005931 seconds ...
[Coach] >>> TRAIN @Epoch: 276  >>>  || LOSS Avg: 0.19533
[Coach] >>> VALID @Epoch: 276  >>> 
[Coach] >>> TEST  @Epoch: 276  >>> 
[Wall TIME] >>> ChiefCoach.train takes 3.069718 seconds ...
[Coach] >>> TRAIN @Epoch: 277  >>>  || LOSS Avg: 0.19527
[Coach] >>> VALID @Epoch: 277  >>> 
[Coach] >>> TEST  @Epoch: 277  >>> 
[Wall TIME] >>> ChiefCoach.train takes 3.034081 seconds ...
[Coach] >>> TRAIN @Epoch: 278  >>>  || LOSS Avg: 0.19474
[Coach] >>> VALID @Epoch: 278  >>> 
[Coach] >>> TEST  @Epoch: 278  >>> 
[Wall TIME] >>> ChiefCoach.train takes 3.035846 seconds ...
[Coach] >>> TRAIN @Epoch: 279  >>>  || LOSS Avg: 0.19532
[Coach] >>> VALID @Epoch: 279  >>> 
[Coach] >>> TEST  @Epoch: 279  >>> 
[Wall TIME] >>> ChiefCoach.train takes 3.024098 seconds ...
[Wall TIME] >>> ChiefCoach.valid takes 0.785888 seconds ...
[Coach] >>> TRAIN @Epoch: 280  >>>  || LOSS Avg: 0.19520
[Coach] >>> VALID @Epoch: 280  >>>  || RECALL@1 Avg: 0.0122 || RECALL@10 Avg: 0.0626 || RECALL@20 Avg: 0.0984 || NDCG@10 Avg: 0.0336 || NDCG@20 Avg: 0.0426
[Coach] >>> TEST  @Epoch: 280  >>> 
[Wall TIME] >>> ChiefCoach.train takes 3.063359 seconds ...
[Coach] >>> TRAIN @Epoch: 281  >>>  || LOSS Avg: 0.19588
[Coach] >>> VALID @Epoch: 281  >>> 
[Coach] >>> TEST  @Epoch: 281  >>> 
[Wall TIME] >>> ChiefCoach.train takes 3.038980 seconds ...
[Coach] >>> TRAIN @Epoch: 282  >>>  || LOSS Avg: 0.19521
[Coach] >>> VALID @Epoch: 282  >>> 
[Coach] >>> TEST  @Epoch: 282  >>> 
[Wall TIME] >>> ChiefCoach.train takes 2.978817 seconds ...
[Coach] >>> TRAIN @Epoch: 283  >>>  || LOSS Avg: 0.19573
[Coach] >>> VALID @Epoch: 283  >>> 
[Coach] >>> TEST  @Epoch: 283  >>> 
[Wall TIME] >>> ChiefCoach.train takes 3.074294 seconds ...
[Coach] >>> TRAIN @Epoch: 284  >>>  || LOSS Avg: 0.19521
[Coach] >>> VALID @Epoch: 284  >>> 
[Coach] >>> TEST  @Epoch: 284  >>> 
[Wall TIME] >>> ChiefCoach.train takes 3.166669 seconds ...
[Wall TIME] >>> ChiefCoach.valid takes 0.782368 seconds ...
[Coach] >>> TRAIN @Epoch: 285  >>>  || LOSS Avg: 0.19525
[Coach] >>> VALID @Epoch: 285  >>>  || RECALL@1 Avg: 0.0121 || RECALL@10 Avg: 0.0622 || RECALL@20 Avg: 0.0979 || NDCG@10 Avg: 0.0334 || NDCG@20 Avg: 0.0424
[Coach] >>> TEST  @Epoch: 285  >>> 
[Wall TIME] >>> ChiefCoach.train takes 3.109598 seconds ...
[Coach] >>> TRAIN @Epoch: 286  >>>  || LOSS Avg: 0.19528
[Coach] >>> VALID @Epoch: 286  >>> 
[Coach] >>> TEST  @Epoch: 286  >>> 
[Wall TIME] >>> ChiefCoach.train takes 2.951715 seconds ...
[Coach] >>> TRAIN @Epoch: 287  >>>  || LOSS Avg: 0.19488
[Coach] >>> VALID @Epoch: 287  >>> 
[Coach] >>> TEST  @Epoch: 287  >>> 
[Wall TIME] >>> ChiefCoach.train takes 3.089362 seconds ...
[Coach] >>> TRAIN @Epoch: 288  >>>  || LOSS Avg: 0.19484
[Coach] >>> VALID @Epoch: 288  >>> 
[Coach] >>> TEST  @Epoch: 288  >>> 
[Wall TIME] >>> ChiefCoach.train takes 3.078409 seconds ...
[Coach] >>> TRAIN @Epoch: 289  >>>  || LOSS Avg: 0.19495
[Coach] >>> VALID @Epoch: 289  >>> 
[Coach] >>> TEST  @Epoch: 289  >>> 
[Wall TIME] >>> ChiefCoach.train takes 3.093614 seconds ...
[Wall TIME] >>> ChiefCoach.valid takes 0.778187 seconds ...
[Coach] >>> TRAIN @Epoch: 290  >>>  || LOSS Avg: 0.19500
[Coach] >>> VALID @Epoch: 290  >>>  || RECALL@1 Avg: 0.0120 || RECALL@10 Avg: 0.0630 || RECALL@20 Avg: 0.0979 || NDCG@10 Avg: 0.0337 || NDCG@20 Avg: 0.0425
[Coach] >>> TEST  @Epoch: 290  >>> 
[Wall TIME] >>> ChiefCoach.train takes 3.137328 seconds ...
[Coach] >>> TRAIN @Epoch: 291  >>>  || LOSS Avg: 0.19485
[Coach] >>> VALID @Epoch: 291  >>> 
[Coach] >>> TEST  @Epoch: 291  >>> 
[Wall TIME] >>> ChiefCoach.train takes 3.093330 seconds ...
[Coach] >>> TRAIN @Epoch: 292  >>>  || LOSS Avg: 0.19510
[Coach] >>> VALID @Epoch: 292  >>> 
[Coach] >>> TEST  @Epoch: 292  >>> 
[Wall TIME] >>> ChiefCoach.train takes 3.014698 seconds ...
[Coach] >>> TRAIN @Epoch: 293  >>>  || LOSS Avg: 0.19458
[Coach] >>> VALID @Epoch: 293  >>> 
[Coach] >>> TEST  @Epoch: 293  >>> 
[Wall TIME] >>> ChiefCoach.train takes 3.411265 seconds ...
[Coach] >>> TRAIN @Epoch: 294  >>>  || LOSS Avg: 0.19488
[Coach] >>> VALID @Epoch: 294  >>> 
[Coach] >>> TEST  @Epoch: 294  >>> 
[Wall TIME] >>> ChiefCoach.train takes 3.564351 seconds ...
[Wall TIME] >>> ChiefCoach.valid takes 0.776137 seconds ...
[Coach] >>> TRAIN @Epoch: 295  >>>  || LOSS Avg: 0.19423
[Coach] >>> VALID @Epoch: 295  >>>  || RECALL@1 Avg: 0.0123 || RECALL@10 Avg: 0.0629 || RECALL@20 Avg: 0.0978 || NDCG@10 Avg: 0.0337 || NDCG@20 Avg: 0.0425
[Coach] >>> TEST  @Epoch: 295  >>> 
[Wall TIME] >>> ChiefCoach.train takes 3.065573 seconds ...
[Coach] >>> TRAIN @Epoch: 296  >>>  || LOSS Avg: 0.19419
[Coach] >>> VALID @Epoch: 296  >>> 
[Coach] >>> TEST  @Epoch: 296  >>> 
[Wall TIME] >>> ChiefCoach.train takes 2.946131 seconds ...
[Coach] >>> TRAIN @Epoch: 297  >>>  || LOSS Avg: 0.19494
[Coach] >>> VALID @Epoch: 297  >>> 
[Coach] >>> TEST  @Epoch: 297  >>> 
[Wall TIME] >>> ChiefCoach.train takes 3.098611 seconds ...
[Coach] >>> TRAIN @Epoch: 298  >>>  || LOSS Avg: 0.19451
[Coach] >>> VALID @Epoch: 298  >>> 
[Coach] >>> TEST  @Epoch: 298  >>> 
[Wall TIME] >>> ChiefCoach.train takes 3.060899 seconds ...
[Coach] >>> TRAIN @Epoch: 299  >>>  || LOSS Avg: 0.19427
[Coach] >>> VALID @Epoch: 299  >>> 
[Coach] >>> TEST  @Epoch: 299  >>> 
[Wall TIME] >>> ChiefCoach.train takes 3.104020 seconds ...
[Wall TIME] >>> ChiefCoach.valid takes 0.770780 seconds ...
[Coach] >>> TRAIN @Epoch: 300  >>>  || LOSS Avg: 0.19452
[Coach] >>> VALID @Epoch: 300  >>>  || RECALL@1 Avg: 0.0123 || RECALL@10 Avg: 0.0633 || RECALL@20 Avg: 0.0985 || NDCG@10 Avg: 0.0339 || NDCG@20 Avg: 0.0428
[Coach] >>> TEST  @Epoch: 300  >>> 
[Wall TIME] >>> ChiefCoach.train takes 3.105928 seconds ...
[Coach] >>> TRAIN @Epoch: 301  >>>  || LOSS Avg: 0.19459
[Coach] >>> VALID @Epoch: 301  >>> 
[Coach] >>> TEST  @Epoch: 301  >>> 
[Wall TIME] >>> ChiefCoach.train takes 2.938064 seconds ...
[Coach] >>> TRAIN @Epoch: 302  >>>  || LOSS Avg: 0.19440
[Coach] >>> VALID @Epoch: 302  >>> 
[Coach] >>> TEST  @Epoch: 302  >>> 
[Wall TIME] >>> ChiefCoach.train takes 3.106630 seconds ...
[Coach] >>> TRAIN @Epoch: 303  >>>  || LOSS Avg: 0.19424
[Coach] >>> VALID @Epoch: 303  >>> 
[Coach] >>> TEST  @Epoch: 303  >>> 
[Wall TIME] >>> ChiefCoach.train takes 2.969791 seconds ...
[Coach] >>> TRAIN @Epoch: 304  >>>  || LOSS Avg: 0.19477
[Coach] >>> VALID @Epoch: 304  >>> 
[Coach] >>> TEST  @Epoch: 304  >>> 
[Wall TIME] >>> ChiefCoach.train takes 3.069100 seconds ...
[Wall TIME] >>> ChiefCoach.valid takes 0.763356 seconds ...
[Coach] >>> TRAIN @Epoch: 305  >>>  || LOSS Avg: 0.19390
[Coach] >>> VALID @Epoch: 305  >>>  || RECALL@1 Avg: 0.0119 || RECALL@10 Avg: 0.0621 || RECALL@20 Avg: 0.0977 || NDCG@10 Avg: 0.0333 || NDCG@20 Avg: 0.0424
[Coach] >>> TEST  @Epoch: 305  >>> 
[Wall TIME] >>> ChiefCoach.train takes 2.994258 seconds ...
[Coach] >>> TRAIN @Epoch: 306  >>>  || LOSS Avg: 0.19463
[Coach] >>> VALID @Epoch: 306  >>> 
[Coach] >>> TEST  @Epoch: 306  >>> 
[Wall TIME] >>> ChiefCoach.train takes 2.904116 seconds ...
[Coach] >>> TRAIN @Epoch: 307  >>>  || LOSS Avg: 0.19422
[Coach] >>> VALID @Epoch: 307  >>> 
[Coach] >>> TEST  @Epoch: 307  >>> 
[Wall TIME] >>> ChiefCoach.train takes 3.015512 seconds ...
[Coach] >>> TRAIN @Epoch: 308  >>>  || LOSS Avg: 0.19448
[Coach] >>> VALID @Epoch: 308  >>> 
[Coach] >>> TEST  @Epoch: 308  >>> 
[Wall TIME] >>> ChiefCoach.train takes 2.984646 seconds ...
[Coach] >>> TRAIN @Epoch: 309  >>>  || LOSS Avg: 0.19411
[Coach] >>> VALID @Epoch: 309  >>> 
[Coach] >>> TEST  @Epoch: 309  >>> 
[Wall TIME] >>> ChiefCoach.train takes 3.049661 seconds ...
[Wall TIME] >>> ChiefCoach.valid takes 0.747486 seconds ...
[Coach] >>> TRAIN @Epoch: 310  >>>  || LOSS Avg: 0.19423
[Coach] >>> VALID @Epoch: 310  >>>  || RECALL@1 Avg: 0.0122 || RECALL@10 Avg: 0.0618 || RECALL@20 Avg: 0.0971 || NDCG@10 Avg: 0.0333 || NDCG@20 Avg: 0.0422
[Coach] >>> TEST  @Epoch: 310  >>> 
[Wall TIME] >>> ChiefCoach.train takes 3.051398 seconds ...
[Coach] >>> TRAIN @Epoch: 311  >>>  || LOSS Avg: 0.19447
[Coach] >>> VALID @Epoch: 311  >>> 
[Coach] >>> TEST  @Epoch: 311  >>> 
[Wall TIME] >>> ChiefCoach.train takes 3.064833 seconds ...
[Coach] >>> TRAIN @Epoch: 312  >>>  || LOSS Avg: 0.19409
[Coach] >>> VALID @Epoch: 312  >>> 
[Coach] >>> TEST  @Epoch: 312  >>> 
[Wall TIME] >>> ChiefCoach.train takes 3.117617 seconds ...
[Coach] >>> TRAIN @Epoch: 313  >>>  || LOSS Avg: 0.19445
[Coach] >>> VALID @Epoch: 313  >>> 
[Coach] >>> TEST  @Epoch: 313  >>> 
[Wall TIME] >>> ChiefCoach.train takes 3.039170 seconds ...
[Coach] >>> TRAIN @Epoch: 314  >>>  || LOSS Avg: 0.19461
[Coach] >>> VALID @Epoch: 314  >>> 
[Coach] >>> TEST  @Epoch: 314  >>> 
[Wall TIME] >>> ChiefCoach.train takes 4.018548 seconds ...
[Wall TIME] >>> ChiefCoach.valid takes 0.753971 seconds ...
[Coach] >>> TRAIN @Epoch: 315  >>>  || LOSS Avg: 0.19417
[Coach] >>> VALID @Epoch: 315  >>>  || RECALL@1 Avg: 0.0120 || RECALL@10 Avg: 0.0617 || RECALL@20 Avg: 0.0978 || NDCG@10 Avg: 0.0331 || NDCG@20 Avg: 0.0423
[Coach] >>> TEST  @Epoch: 315  >>> 
[Wall TIME] >>> ChiefCoach.train takes 3.110867 seconds ...
[Coach] >>> TRAIN @Epoch: 316  >>>  || LOSS Avg: 0.19434
[Coach] >>> VALID @Epoch: 316  >>> 
[Coach] >>> TEST  @Epoch: 316  >>> 
[Wall TIME] >>> ChiefCoach.train takes 3.054082 seconds ...
[Coach] >>> TRAIN @Epoch: 317  >>>  || LOSS Avg: 0.19408
[Coach] >>> VALID @Epoch: 317  >>> 
[Coach] >>> TEST  @Epoch: 317  >>> 
[Wall TIME] >>> ChiefCoach.train takes 3.070453 seconds ...
[Coach] >>> TRAIN @Epoch: 318  >>>  || LOSS Avg: 0.19378
[Coach] >>> VALID @Epoch: 318  >>> 
[Coach] >>> TEST  @Epoch: 318  >>> 
[Wall TIME] >>> ChiefCoach.train takes 2.966463 seconds ...
[Coach] >>> TRAIN @Epoch: 319  >>>  || LOSS Avg: 0.19404
[Coach] >>> VALID @Epoch: 319  >>> 
[Coach] >>> TEST  @Epoch: 319  >>> 
[Wall TIME] >>> ChiefCoach.train takes 2.981913 seconds ...
[Wall TIME] >>> ChiefCoach.valid takes 0.771568 seconds ...
[Coach] >>> TRAIN @Epoch: 320  >>>  || LOSS Avg: 0.19406
[Coach] >>> VALID @Epoch: 320  >>>  || RECALL@1 Avg: 0.0117 || RECALL@10 Avg: 0.0619 || RECALL@20 Avg: 0.0973 || NDCG@10 Avg: 0.0332 || NDCG@20 Avg: 0.0422
[Coach] >>> TEST  @Epoch: 320  >>> 
[Wall TIME] >>> ChiefCoach.train takes 3.160824 seconds ...
[Coach] >>> TRAIN @Epoch: 321  >>>  || LOSS Avg: 0.19401
[Coach] >>> VALID @Epoch: 321  >>> 
[Coach] >>> TEST  @Epoch: 321  >>> 
[Wall TIME] >>> ChiefCoach.train takes 3.138181 seconds ...
[Coach] >>> TRAIN @Epoch: 322  >>>  || LOSS Avg: 0.19450
[Coach] >>> VALID @Epoch: 322  >>> 
[Coach] >>> TEST  @Epoch: 322  >>> 
[Wall TIME] >>> ChiefCoach.train takes 3.044918 seconds ...
[Coach] >>> TRAIN @Epoch: 323  >>>  || LOSS Avg: 0.19380
[Coach] >>> VALID @Epoch: 323  >>> 
[Coach] >>> TEST  @Epoch: 323  >>> 
[Wall TIME] >>> ChiefCoach.train takes 3.070528 seconds ...
[Coach] >>> TRAIN @Epoch: 324  >>>  || LOSS Avg: 0.19395
[Coach] >>> VALID @Epoch: 324  >>> 
[Coach] >>> TEST  @Epoch: 324  >>> 
[Wall TIME] >>> ChiefCoach.train takes 3.016553 seconds ...
[Wall TIME] >>> ChiefCoach.valid takes 0.774233 seconds ...
[Coach] >>> TRAIN @Epoch: 325  >>>  || LOSS Avg: 0.19355
[Coach] >>> VALID @Epoch: 325  >>>  || RECALL@1 Avg: 0.0120 || RECALL@10 Avg: 0.0624 || RECALL@20 Avg: 0.0975 || NDCG@10 Avg: 0.0334 || NDCG@20 Avg: 0.0423
[Coach] >>> TEST  @Epoch: 325  >>> 
[Wall TIME] >>> ChiefCoach.train takes 3.052553 seconds ...
[Coach] >>> TRAIN @Epoch: 326  >>>  || LOSS Avg: 0.19370
[Coach] >>> VALID @Epoch: 326  >>> 
[Coach] >>> TEST  @Epoch: 326  >>> 
[Wall TIME] >>> ChiefCoach.train takes 3.056018 seconds ...
[Coach] >>> TRAIN @Epoch: 327  >>>  || LOSS Avg: 0.19375
[Coach] >>> VALID @Epoch: 327  >>> 
[Coach] >>> TEST  @Epoch: 327  >>> 
[Wall TIME] >>> ChiefCoach.train takes 3.063358 seconds ...
[Coach] >>> TRAIN @Epoch: 328  >>>  || LOSS Avg: 0.19407
[Coach] >>> VALID @Epoch: 328  >>> 
[Coach] >>> TEST  @Epoch: 328  >>> 
[Wall TIME] >>> ChiefCoach.train takes 3.074184 seconds ...
[Coach] >>> TRAIN @Epoch: 329  >>>  || LOSS Avg: 0.19357
[Coach] >>> VALID @Epoch: 329  >>> 
[Coach] >>> TEST  @Epoch: 329  >>> 
[Wall TIME] >>> ChiefCoach.train takes 3.084278 seconds ...
[Wall TIME] >>> ChiefCoach.valid takes 0.785779 seconds ...
[Coach] >>> TRAIN @Epoch: 330  >>>  || LOSS Avg: 0.19383
[Coach] >>> VALID @Epoch: 330  >>>  || RECALL@1 Avg: 0.0113 || RECALL@10 Avg: 0.0626 || RECALL@20 Avg: 0.0977 || NDCG@10 Avg: 0.0333 || NDCG@20 Avg: 0.0422
[Coach] >>> TEST  @Epoch: 330  >>> 
[Wall TIME] >>> ChiefCoach.train takes 3.044526 seconds ...
[Coach] >>> TRAIN @Epoch: 331  >>>  || LOSS Avg: 0.19351
[Coach] >>> VALID @Epoch: 331  >>> 
[Coach] >>> TEST  @Epoch: 331  >>> 
[Wall TIME] >>> ChiefCoach.train takes 3.089333 seconds ...
[Coach] >>> TRAIN @Epoch: 332  >>>  || LOSS Avg: 0.19390
[Coach] >>> VALID @Epoch: 332  >>> 
[Coach] >>> TEST  @Epoch: 332  >>> 
[Wall TIME] >>> ChiefCoach.train takes 3.080703 seconds ...
[Coach] >>> TRAIN @Epoch: 333  >>>  || LOSS Avg: 0.19345
[Coach] >>> VALID @Epoch: 333  >>> 
[Coach] >>> TEST  @Epoch: 333  >>> 
[Wall TIME] >>> ChiefCoach.train takes 2.982285 seconds ...
[Coach] >>> TRAIN @Epoch: 334  >>>  || LOSS Avg: 0.19361
[Coach] >>> VALID @Epoch: 334  >>> 
[Coach] >>> TEST  @Epoch: 334  >>> 
[Wall TIME] >>> ChiefCoach.train takes 3.601485 seconds ...
[Wall TIME] >>> ChiefCoach.valid takes 0.771031 seconds ...
[Coach] >>> TRAIN @Epoch: 335  >>>  || LOSS Avg: 0.19404
[Coach] >>> VALID @Epoch: 335  >>>  || RECALL@1 Avg: 0.0118 || RECALL@10 Avg: 0.0625 || RECALL@20 Avg: 0.0979 || NDCG@10 Avg: 0.0335 || NDCG@20 Avg: 0.0425
[Coach] >>> TEST  @Epoch: 335  >>> 
[Wall TIME] >>> ChiefCoach.train takes 2.951893 seconds ...
[Coach] >>> TRAIN @Epoch: 336  >>>  || LOSS Avg: 0.19357
[Coach] >>> VALID @Epoch: 336  >>> 
[Coach] >>> TEST  @Epoch: 336  >>> 
[Wall TIME] >>> ChiefCoach.train takes 3.003272 seconds ...
[Coach] >>> TRAIN @Epoch: 337  >>>  || LOSS Avg: 0.19310
[Coach] >>> VALID @Epoch: 337  >>> 
[Coach] >>> TEST  @Epoch: 337  >>> 
[Wall TIME] >>> ChiefCoach.train takes 3.090173 seconds ...
[Coach] >>> TRAIN @Epoch: 338  >>>  || LOSS Avg: 0.19365
[Coach] >>> VALID @Epoch: 338  >>> 
[Coach] >>> TEST  @Epoch: 338  >>> 
[Wall TIME] >>> ChiefCoach.train takes 3.109159 seconds ...
[Coach] >>> TRAIN @Epoch: 339  >>>  || LOSS Avg: 0.19319
[Coach] >>> VALID @Epoch: 339  >>> 
[Coach] >>> TEST  @Epoch: 339  >>> 
[Wall TIME] >>> ChiefCoach.train takes 3.060055 seconds ...
[Wall TIME] >>> ChiefCoach.valid takes 0.771521 seconds ...
[Coach] >>> TRAIN @Epoch: 340  >>>  || LOSS Avg: 0.19307
[Coach] >>> VALID @Epoch: 340  >>>  || RECALL@1 Avg: 0.0120 || RECALL@10 Avg: 0.0621 || RECALL@20 Avg: 0.0972 || NDCG@10 Avg: 0.0334 || NDCG@20 Avg: 0.0424
[Coach] >>> TEST  @Epoch: 340  >>> 
[Wall TIME] >>> ChiefCoach.train takes 3.095064 seconds ...
[Coach] >>> TRAIN @Epoch: 341  >>>  || LOSS Avg: 0.19293
[Coach] >>> VALID @Epoch: 341  >>> 
[Coach] >>> TEST  @Epoch: 341  >>> 
[Wall TIME] >>> ChiefCoach.train takes 3.160939 seconds ...
[Coach] >>> TRAIN @Epoch: 342  >>>  || LOSS Avg: 0.19325
[Coach] >>> VALID @Epoch: 342  >>> 
[Coach] >>> TEST  @Epoch: 342  >>> 
[Wall TIME] >>> ChiefCoach.train takes 3.079768 seconds ...
[Coach] >>> TRAIN @Epoch: 343  >>>  || LOSS Avg: 0.19384
[Coach] >>> VALID @Epoch: 343  >>> 
[Coach] >>> TEST  @Epoch: 343  >>> 
[Wall TIME] >>> ChiefCoach.train takes 3.035458 seconds ...
[Coach] >>> TRAIN @Epoch: 344  >>>  || LOSS Avg: 0.19297
[Coach] >>> VALID @Epoch: 344  >>> 
[Coach] >>> TEST  @Epoch: 344  >>> 
[Wall TIME] >>> ChiefCoach.train takes 3.022032 seconds ...
[Wall TIME] >>> ChiefCoach.valid takes 0.800373 seconds ...
[Coach] >>> Better ***NDCG@20*** of ***0.0428*** 
[Coach] >>> TRAIN @Epoch: 345  >>>  || LOSS Avg: 0.19278
[Coach] >>> VALID @Epoch: 345  >>>  || RECALL@1 Avg: 0.0126 || RECALL@10 Avg: 0.0619 || RECALL@20 Avg: 0.0981 || NDCG@10 Avg: 0.0336 || NDCG@20 Avg: 0.0428
[Coach] >>> TEST  @Epoch: 345  >>> 
[Wall TIME] >>> ChiefCoach.train takes 3.099522 seconds ...
[Coach] >>> TRAIN @Epoch: 346  >>>  || LOSS Avg: 0.19275
[Coach] >>> VALID @Epoch: 346  >>> 
[Coach] >>> TEST  @Epoch: 346  >>> 
[Wall TIME] >>> ChiefCoach.train takes 3.056444 seconds ...
[Coach] >>> TRAIN @Epoch: 347  >>>  || LOSS Avg: 0.19293
[Coach] >>> VALID @Epoch: 347  >>> 
[Coach] >>> TEST  @Epoch: 347  >>> 
[Wall TIME] >>> ChiefCoach.train takes 3.034462 seconds ...
[Coach] >>> TRAIN @Epoch: 348  >>>  || LOSS Avg: 0.19340
[Coach] >>> VALID @Epoch: 348  >>> 
[Coach] >>> TEST  @Epoch: 348  >>> 
[Wall TIME] >>> ChiefCoach.train takes 2.981944 seconds ...
[Coach] >>> TRAIN @Epoch: 349  >>>  || LOSS Avg: 0.19317
[Coach] >>> VALID @Epoch: 349  >>> 
[Coach] >>> TEST  @Epoch: 349  >>> 
[Wall TIME] >>> ChiefCoach.train takes 3.070089 seconds ...
[Wall TIME] >>> ChiefCoach.valid takes 0.783140 seconds ...
[Coach] >>> Better ***NDCG@20*** of ***0.0429*** 
[Coach] >>> TRAIN @Epoch: 350  >>>  || LOSS Avg: 0.19318
[Coach] >>> VALID @Epoch: 350  >>>  || RECALL@1 Avg: 0.0125 || RECALL@10 Avg: 0.0625 || RECALL@20 Avg: 0.0986 || NDCG@10 Avg: 0.0338 || NDCG@20 Avg: 0.0429
[Coach] >>> TEST  @Epoch: 350  >>> 
[Wall TIME] >>> ChiefCoach.train takes 3.170305 seconds ...
[Coach] >>> TRAIN @Epoch: 351  >>>  || LOSS Avg: 0.19281
[Coach] >>> VALID @Epoch: 351  >>> 
[Coach] >>> TEST  @Epoch: 351  >>> 
[Wall TIME] >>> ChiefCoach.train takes 3.030786 seconds ...
[Coach] >>> TRAIN @Epoch: 352  >>>  || LOSS Avg: 0.19325
[Coach] >>> VALID @Epoch: 352  >>> 
[Coach] >>> TEST  @Epoch: 352  >>> 
[Wall TIME] >>> ChiefCoach.train takes 3.011192 seconds ...
[Coach] >>> TRAIN @Epoch: 353  >>>  || LOSS Avg: 0.19366
[Coach] >>> VALID @Epoch: 353  >>> 
[Coach] >>> TEST  @Epoch: 353  >>> 
[Wall TIME] >>> ChiefCoach.train takes 3.066220 seconds ...
[Coach] >>> TRAIN @Epoch: 354  >>>  || LOSS Avg: 0.19285
[Coach] >>> VALID @Epoch: 354  >>> 
[Coach] >>> TEST  @Epoch: 354  >>> 
[Wall TIME] >>> ChiefCoach.train takes 3.381604 seconds ...
[Wall TIME] >>> ChiefCoach.valid takes 0.751621 seconds ...
[Coach] >>> TRAIN @Epoch: 355  >>>  || LOSS Avg: 0.19260
[Coach] >>> VALID @Epoch: 355  >>>  || RECALL@1 Avg: 0.0122 || RECALL@10 Avg: 0.0616 || RECALL@20 Avg: 0.0973 || NDCG@10 Avg: 0.0333 || NDCG@20 Avg: 0.0424
[Coach] >>> TEST  @Epoch: 355  >>> 
[Wall TIME] >>> ChiefCoach.train takes 3.556188 seconds ...
[Coach] >>> TRAIN @Epoch: 356  >>>  || LOSS Avg: 0.19310
[Coach] >>> VALID @Epoch: 356  >>> 
[Coach] >>> TEST  @Epoch: 356  >>> 
[Wall TIME] >>> ChiefCoach.train takes 3.113366 seconds ...
[Coach] >>> TRAIN @Epoch: 357  >>>  || LOSS Avg: 0.19274
[Coach] >>> VALID @Epoch: 357  >>> 
[Coach] >>> TEST  @Epoch: 357  >>> 
[Wall TIME] >>> ChiefCoach.train takes 3.129568 seconds ...
[Coach] >>> TRAIN @Epoch: 358  >>>  || LOSS Avg: 0.19318
[Coach] >>> VALID @Epoch: 358  >>> 
[Coach] >>> TEST  @Epoch: 358  >>> 
[Wall TIME] >>> ChiefCoach.train takes 3.004808 seconds ...
[Coach] >>> TRAIN @Epoch: 359  >>>  || LOSS Avg: 0.19322
[Coach] >>> VALID @Epoch: 359  >>> 
[Coach] >>> TEST  @Epoch: 359  >>> 
[Wall TIME] >>> ChiefCoach.train takes 3.141321 seconds ...
[Wall TIME] >>> ChiefCoach.valid takes 0.802528 seconds ...
[Coach] >>> TRAIN @Epoch: 360  >>>  || LOSS Avg: 0.19268
[Coach] >>> VALID @Epoch: 360  >>>  || RECALL@1 Avg: 0.0125 || RECALL@10 Avg: 0.0628 || RECALL@20 Avg: 0.0976 || NDCG@10 Avg: 0.0338 || NDCG@20 Avg: 0.0427
[Coach] >>> TEST  @Epoch: 360  >>> 
[Wall TIME] >>> ChiefCoach.train takes 3.067977 seconds ...
[Coach] >>> TRAIN @Epoch: 361  >>>  || LOSS Avg: 0.19256
[Coach] >>> VALID @Epoch: 361  >>> 
[Coach] >>> TEST  @Epoch: 361  >>> 
[Wall TIME] >>> ChiefCoach.train takes 2.986558 seconds ...
[Coach] >>> TRAIN @Epoch: 362  >>>  || LOSS Avg: 0.19317
[Coach] >>> VALID @Epoch: 362  >>> 
[Coach] >>> TEST  @Epoch: 362  >>> 
[Wall TIME] >>> ChiefCoach.train takes 3.073313 seconds ...
[Coach] >>> TRAIN @Epoch: 363  >>>  || LOSS Avg: 0.19261
[Coach] >>> VALID @Epoch: 363  >>> 
[Coach] >>> TEST  @Epoch: 363  >>> 
[Wall TIME] >>> ChiefCoach.train takes 3.039448 seconds ...
[Coach] >>> TRAIN @Epoch: 364  >>>  || LOSS Avg: 0.19308
[Coach] >>> VALID @Epoch: 364  >>> 
[Coach] >>> TEST  @Epoch: 364  >>> 
[Wall TIME] >>> ChiefCoach.train takes 3.044456 seconds ...
[Wall TIME] >>> ChiefCoach.valid takes 0.762359 seconds ...
[Coach] >>> Better ***NDCG@20*** of ***0.0430*** 
[Coach] >>> TRAIN @Epoch: 365  >>>  || LOSS Avg: 0.19305
[Coach] >>> VALID @Epoch: 365  >>>  || RECALL@1 Avg: 0.0126 || RECALL@10 Avg: 0.0631 || RECALL@20 Avg: 0.0989 || NDCG@10 Avg: 0.0339 || NDCG@20 Avg: 0.0430
[Coach] >>> TEST  @Epoch: 365  >>> 
[Wall TIME] >>> ChiefCoach.train takes 3.021113 seconds ...
[Coach] >>> TRAIN @Epoch: 366  >>>  || LOSS Avg: 0.19242
[Coach] >>> VALID @Epoch: 366  >>> 
[Coach] >>> TEST  @Epoch: 366  >>> 
[Wall TIME] >>> ChiefCoach.train takes 3.031258 seconds ...
[Coach] >>> TRAIN @Epoch: 367  >>>  || LOSS Avg: 0.19280
[Coach] >>> VALID @Epoch: 367  >>> 
[Coach] >>> TEST  @Epoch: 367  >>> 
[Wall TIME] >>> ChiefCoach.train takes 3.066759 seconds ...
[Coach] >>> TRAIN @Epoch: 368  >>>  || LOSS Avg: 0.19265
[Coach] >>> VALID @Epoch: 368  >>> 
[Coach] >>> TEST  @Epoch: 368  >>> 
[Wall TIME] >>> ChiefCoach.train takes 3.082803 seconds ...
[Coach] >>> TRAIN @Epoch: 369  >>>  || LOSS Avg: 0.19271
[Coach] >>> VALID @Epoch: 369  >>> 
[Coach] >>> TEST  @Epoch: 369  >>> 
[Wall TIME] >>> ChiefCoach.train takes 3.045691 seconds ...
[Wall TIME] >>> ChiefCoach.valid takes 0.805838 seconds ...
[Coach] >>> TRAIN @Epoch: 370  >>>  || LOSS Avg: 0.19203
[Coach] >>> VALID @Epoch: 370  >>>  || RECALL@1 Avg: 0.0123 || RECALL@10 Avg: 0.0623 || RECALL@20 Avg: 0.0979 || NDCG@10 Avg: 0.0335 || NDCG@20 Avg: 0.0426
[Coach] >>> TEST  @Epoch: 370  >>> 
[Wall TIME] >>> ChiefCoach.train takes 3.055875 seconds ...
[Coach] >>> TRAIN @Epoch: 371  >>>  || LOSS Avg: 0.19274
[Coach] >>> VALID @Epoch: 371  >>> 
[Coach] >>> TEST  @Epoch: 371  >>> 
[Wall TIME] >>> ChiefCoach.train takes 3.152672 seconds ...
[Coach] >>> TRAIN @Epoch: 372  >>>  || LOSS Avg: 0.19252
[Coach] >>> VALID @Epoch: 372  >>> 
[Coach] >>> TEST  @Epoch: 372  >>> 
[Wall TIME] >>> ChiefCoach.train takes 3.180728 seconds ...
[Coach] >>> TRAIN @Epoch: 373  >>>  || LOSS Avg: 0.19354
[Coach] >>> VALID @Epoch: 373  >>> 
[Coach] >>> TEST  @Epoch: 373  >>> 
[Wall TIME] >>> ChiefCoach.train takes 3.070756 seconds ...
[Coach] >>> TRAIN @Epoch: 374  >>>  || LOSS Avg: 0.19262
[Coach] >>> VALID @Epoch: 374  >>> 
[Coach] >>> TEST  @Epoch: 374  >>> 
[Wall TIME] >>> ChiefCoach.train takes 3.075259 seconds ...
[Wall TIME] >>> ChiefCoach.valid takes 0.787922 seconds ...
[Coach] >>> TRAIN @Epoch: 375  >>>  || LOSS Avg: 0.19249
[Coach] >>> VALID @Epoch: 375  >>>  || RECALL@1 Avg: 0.0124 || RECALL@10 Avg: 0.0618 || RECALL@20 Avg: 0.0974 || NDCG@10 Avg: 0.0335 || NDCG@20 Avg: 0.0426
[Coach] >>> TEST  @Epoch: 375  >>> 
[Wall TIME] >>> ChiefCoach.train takes 3.591556 seconds ...
[Coach] >>> TRAIN @Epoch: 376  >>>  || LOSS Avg: 0.19280
[Coach] >>> VALID @Epoch: 376  >>> 
[Coach] >>> TEST  @Epoch: 376  >>> 
[Wall TIME] >>> ChiefCoach.train takes 2.990693 seconds ...
[Coach] >>> TRAIN @Epoch: 377  >>>  || LOSS Avg: 0.19219
[Coach] >>> VALID @Epoch: 377  >>> 
[Coach] >>> TEST  @Epoch: 377  >>> 
[Wall TIME] >>> ChiefCoach.train takes 3.077872 seconds ...
[Coach] >>> TRAIN @Epoch: 378  >>>  || LOSS Avg: 0.19273
[Coach] >>> VALID @Epoch: 378  >>> 
[Coach] >>> TEST  @Epoch: 378  >>> 
[Wall TIME] >>> ChiefCoach.train takes 3.012656 seconds ...
[Coach] >>> TRAIN @Epoch: 379  >>>  || LOSS Avg: 0.19278
[Coach] >>> VALID @Epoch: 379  >>> 
[Coach] >>> TEST  @Epoch: 379  >>> 
[Wall TIME] >>> ChiefCoach.train takes 3.039294 seconds ...
[Wall TIME] >>> ChiefCoach.valid takes 0.771485 seconds ...
[Coach] >>> TRAIN @Epoch: 380  >>>  || LOSS Avg: 0.19235
[Coach] >>> VALID @Epoch: 380  >>>  || RECALL@1 Avg: 0.0123 || RECALL@10 Avg: 0.0625 || RECALL@20 Avg: 0.0977 || NDCG@10 Avg: 0.0337 || NDCG@20 Avg: 0.0427
[Coach] >>> TEST  @Epoch: 380  >>> 
[Wall TIME] >>> ChiefCoach.train takes 3.065769 seconds ...
[Coach] >>> TRAIN @Epoch: 381  >>>  || LOSS Avg: 0.19272
[Coach] >>> VALID @Epoch: 381  >>> 
[Coach] >>> TEST  @Epoch: 381  >>> 
[Wall TIME] >>> ChiefCoach.train takes 3.017078 seconds ...
[Coach] >>> TRAIN @Epoch: 382  >>>  || LOSS Avg: 0.19219
[Coach] >>> VALID @Epoch: 382  >>> 
[Coach] >>> TEST  @Epoch: 382  >>> 
[Wall TIME] >>> ChiefCoach.train takes 2.948252 seconds ...
[Coach] >>> TRAIN @Epoch: 383  >>>  || LOSS Avg: 0.19224
[Coach] >>> VALID @Epoch: 383  >>> 
[Coach] >>> TEST  @Epoch: 383  >>> 
[Wall TIME] >>> ChiefCoach.train takes 3.046757 seconds ...
[Coach] >>> TRAIN @Epoch: 384  >>>  || LOSS Avg: 0.19244
[Coach] >>> VALID @Epoch: 384  >>> 
[Coach] >>> TEST  @Epoch: 384  >>> 
[Wall TIME] >>> ChiefCoach.train takes 2.979862 seconds ...
[Wall TIME] >>> ChiefCoach.valid takes 0.775277 seconds ...
[Coach] >>> TRAIN @Epoch: 385  >>>  || LOSS Avg: 0.19251
[Coach] >>> VALID @Epoch: 385  >>>  || RECALL@1 Avg: 0.0124 || RECALL@10 Avg: 0.0614 || RECALL@20 Avg: 0.0981 || NDCG@10 Avg: 0.0335 || NDCG@20 Avg: 0.0428
[Coach] >>> TEST  @Epoch: 385  >>> 
[Wall TIME] >>> ChiefCoach.train takes 3.078485 seconds ...
[Coach] >>> TRAIN @Epoch: 386  >>>  || LOSS Avg: 0.19267
[Coach] >>> VALID @Epoch: 386  >>> 
[Coach] >>> TEST  @Epoch: 386  >>> 
[Wall TIME] >>> ChiefCoach.train takes 3.031199 seconds ...
[Coach] >>> TRAIN @Epoch: 387  >>>  || LOSS Avg: 0.19199
[Coach] >>> VALID @Epoch: 387  >>> 
[Coach] >>> TEST  @Epoch: 387  >>> 
[Wall TIME] >>> ChiefCoach.train takes 3.035015 seconds ...
[Coach] >>> TRAIN @Epoch: 388  >>>  || LOSS Avg: 0.19161
[Coach] >>> VALID @Epoch: 388  >>> 
[Coach] >>> TEST  @Epoch: 388  >>> 
[Wall TIME] >>> ChiefCoach.train takes 3.052170 seconds ...
[Coach] >>> TRAIN @Epoch: 389  >>>  || LOSS Avg: 0.19234
[Coach] >>> VALID @Epoch: 389  >>> 
[Coach] >>> TEST  @Epoch: 389  >>> 
[Wall TIME] >>> ChiefCoach.train takes 2.910993 seconds ...
[Wall TIME] >>> ChiefCoach.valid takes 0.807259 seconds ...
[Coach] >>> TRAIN @Epoch: 390  >>>  || LOSS Avg: 0.19219
[Coach] >>> VALID @Epoch: 390  >>>  || RECALL@1 Avg: 0.0127 || RECALL@10 Avg: 0.0615 || RECALL@20 Avg: 0.0969 || NDCG@10 Avg: 0.0334 || NDCG@20 Avg: 0.0424
[Coach] >>> TEST  @Epoch: 390  >>> 
[Wall TIME] >>> ChiefCoach.train takes 3.057853 seconds ...
[Coach] >>> TRAIN @Epoch: 391  >>>  || LOSS Avg: 0.19193
[Coach] >>> VALID @Epoch: 391  >>> 
[Coach] >>> TEST  @Epoch: 391  >>> 
[Wall TIME] >>> ChiefCoach.train takes 3.050993 seconds ...
[Coach] >>> TRAIN @Epoch: 392  >>>  || LOSS Avg: 0.19202
[Coach] >>> VALID @Epoch: 392  >>> 
[Coach] >>> TEST  @Epoch: 392  >>> 
[Wall TIME] >>> ChiefCoach.train takes 2.957303 seconds ...
[Coach] >>> TRAIN @Epoch: 393  >>>  || LOSS Avg: 0.19193
[Coach] >>> VALID @Epoch: 393  >>> 
[Coach] >>> TEST  @Epoch: 393  >>> 
[Wall TIME] >>> ChiefCoach.train takes 2.990299 seconds ...
[Coach] >>> TRAIN @Epoch: 394  >>>  || LOSS Avg: 0.19226
[Coach] >>> VALID @Epoch: 394  >>> 
[Coach] >>> TEST  @Epoch: 394  >>> 
[Wall TIME] >>> ChiefCoach.train takes 3.051939 seconds ...
[Wall TIME] >>> ChiefCoach.valid takes 0.786417 seconds ...
[Coach] >>> TRAIN @Epoch: 395  >>>  || LOSS Avg: 0.19124
[Coach] >>> VALID @Epoch: 395  >>>  || RECALL@1 Avg: 0.0130 || RECALL@10 Avg: 0.0621 || RECALL@20 Avg: 0.0971 || NDCG@10 Avg: 0.0338 || NDCG@20 Avg: 0.0427
[Coach] >>> TEST  @Epoch: 395  >>> 
[Wall TIME] >>> ChiefCoach.train takes 3.536680 seconds ...
[Coach] >>> TRAIN @Epoch: 396  >>>  || LOSS Avg: 0.19170
[Coach] >>> VALID @Epoch: 396  >>> 
[Coach] >>> TEST  @Epoch: 396  >>> 
[Wall TIME] >>> ChiefCoach.train takes 3.057423 seconds ...
[Coach] >>> TRAIN @Epoch: 397  >>>  || LOSS Avg: 0.19170
[Coach] >>> VALID @Epoch: 397  >>> 
[Coach] >>> TEST  @Epoch: 397  >>> 
[Wall TIME] >>> ChiefCoach.train takes 2.971879 seconds ...
[Coach] >>> TRAIN @Epoch: 398  >>>  || LOSS Avg: 0.19178
[Coach] >>> VALID @Epoch: 398  >>> 
[Coach] >>> TEST  @Epoch: 398  >>> 
[Wall TIME] >>> ChiefCoach.train takes 3.078213 seconds ...
[Coach] >>> TRAIN @Epoch: 399  >>>  || LOSS Avg: 0.19190
[Coach] >>> VALID @Epoch: 399  >>> 
[Coach] >>> TEST  @Epoch: 399  >>> 
[Wall TIME] >>> ChiefCoach.train takes 3.095865 seconds ...
[Wall TIME] >>> ChiefCoach.valid takes 0.772657 seconds ...
[Coach] >>> TRAIN @Epoch: 400  >>>  || LOSS Avg: 0.19165
[Coach] >>> VALID @Epoch: 400  >>>  || RECALL@1 Avg: 0.0126 || RECALL@10 Avg: 0.0618 || RECALL@20 Avg: 0.0966 || NDCG@10 Avg: 0.0337 || NDCG@20 Avg: 0.0425
[Coach] >>> TEST  @Epoch: 400  >>> 
[Wall TIME] >>> ChiefCoach.train takes 3.012178 seconds ...
[Coach] >>> TRAIN @Epoch: 401  >>>  || LOSS Avg: 0.19190
[Coach] >>> VALID @Epoch: 401  >>> 
[Coach] >>> TEST  @Epoch: 401  >>> 
[Wall TIME] >>> ChiefCoach.train takes 3.027738 seconds ...
[Coach] >>> TRAIN @Epoch: 402  >>>  || LOSS Avg: 0.19158
[Coach] >>> VALID @Epoch: 402  >>> 
[Coach] >>> TEST  @Epoch: 402  >>> 
[Wall TIME] >>> ChiefCoach.train takes 3.130086 seconds ...
[Coach] >>> TRAIN @Epoch: 403  >>>  || LOSS Avg: 0.19198
[Coach] >>> VALID @Epoch: 403  >>> 
[Coach] >>> TEST  @Epoch: 403  >>> 
[Wall TIME] >>> ChiefCoach.train takes 3.106566 seconds ...
[Coach] >>> TRAIN @Epoch: 404  >>>  || LOSS Avg: 0.19148
[Coach] >>> VALID @Epoch: 404  >>> 
[Coach] >>> TEST  @Epoch: 404  >>> 
[Wall TIME] >>> ChiefCoach.train takes 3.039517 seconds ...
[Wall TIME] >>> ChiefCoach.valid takes 0.771537 seconds ...
[Coach] >>> TRAIN @Epoch: 405  >>>  || LOSS Avg: 0.19227
[Coach] >>> VALID @Epoch: 405  >>>  || RECALL@1 Avg: 0.0128 || RECALL@10 Avg: 0.0619 || RECALL@20 Avg: 0.0968 || NDCG@10 Avg: 0.0336 || NDCG@20 Avg: 0.0425
[Coach] >>> TEST  @Epoch: 405  >>> 
[Wall TIME] >>> ChiefCoach.train takes 3.078014 seconds ...
[Coach] >>> TRAIN @Epoch: 406  >>>  || LOSS Avg: 0.19148
[Coach] >>> VALID @Epoch: 406  >>> 
[Coach] >>> TEST  @Epoch: 406  >>> 
[Wall TIME] >>> ChiefCoach.train takes 3.080611 seconds ...
[Coach] >>> TRAIN @Epoch: 407  >>>  || LOSS Avg: 0.19207
[Coach] >>> VALID @Epoch: 407  >>> 
[Coach] >>> TEST  @Epoch: 407  >>> 
[Wall TIME] >>> ChiefCoach.train takes 3.047701 seconds ...
[Coach] >>> TRAIN @Epoch: 408  >>>  || LOSS Avg: 0.19168
[Coach] >>> VALID @Epoch: 408  >>> 
[Coach] >>> TEST  @Epoch: 408  >>> 
[Wall TIME] >>> ChiefCoach.train takes 3.081736 seconds ...
[Coach] >>> TRAIN @Epoch: 409  >>>  || LOSS Avg: 0.19133
[Coach] >>> VALID @Epoch: 409  >>> 
[Coach] >>> TEST  @Epoch: 409  >>> 
[Wall TIME] >>> ChiefCoach.train takes 3.053663 seconds ...
[Wall TIME] >>> ChiefCoach.valid takes 0.780631 seconds ...
[Coach] >>> TRAIN @Epoch: 410  >>>  || LOSS Avg: 0.19125
[Coach] >>> VALID @Epoch: 410  >>>  || RECALL@1 Avg: 0.0127 || RECALL@10 Avg: 0.0618 || RECALL@20 Avg: 0.0978 || NDCG@10 Avg: 0.0336 || NDCG@20 Avg: 0.0427
[Coach] >>> TEST  @Epoch: 410  >>> 
[Wall TIME] >>> ChiefCoach.train takes 2.997013 seconds ...
[Coach] >>> TRAIN @Epoch: 411  >>>  || LOSS Avg: 0.19189
[Coach] >>> VALID @Epoch: 411  >>> 
[Coach] >>> TEST  @Epoch: 411  >>> 
[Wall TIME] >>> ChiefCoach.train takes 3.062235 seconds ...
[Coach] >>> TRAIN @Epoch: 412  >>>  || LOSS Avg: 0.19191
[Coach] >>> VALID @Epoch: 412  >>> 
[Coach] >>> TEST  @Epoch: 412  >>> 
[Wall TIME] >>> ChiefCoach.train takes 3.100072 seconds ...
[Coach] >>> TRAIN @Epoch: 413  >>>  || LOSS Avg: 0.19170
[Coach] >>> VALID @Epoch: 413  >>> 
[Coach] >>> TEST  @Epoch: 413  >>> 
[Wall TIME] >>> ChiefCoach.train takes 3.072331 seconds ...
[Coach] >>> TRAIN @Epoch: 414  >>>  || LOSS Avg: 0.19131
[Coach] >>> VALID @Epoch: 414  >>> 
[Coach] >>> TEST  @Epoch: 414  >>> 
[Wall TIME] >>> ChiefCoach.train takes 3.071979 seconds ...
[Wall TIME] >>> ChiefCoach.valid takes 0.764011 seconds ...
[Coach] >>> TRAIN @Epoch: 415  >>>  || LOSS Avg: 0.19146
[Coach] >>> VALID @Epoch: 415  >>>  || RECALL@1 Avg: 0.0126 || RECALL@10 Avg: 0.0611 || RECALL@20 Avg: 0.0984 || NDCG@10 Avg: 0.0333 || NDCG@20 Avg: 0.0428
[Coach] >>> TEST  @Epoch: 415  >>> 
[Wall TIME] >>> ChiefCoach.train takes 3.464834 seconds ...
[Coach] >>> TRAIN @Epoch: 416  >>>  || LOSS Avg: 0.19199
[Coach] >>> VALID @Epoch: 416  >>> 
[Coach] >>> TEST  @Epoch: 416  >>> 
[Wall TIME] >>> ChiefCoach.train takes 3.033876 seconds ...
[Coach] >>> TRAIN @Epoch: 417  >>>  || LOSS Avg: 0.19159
[Coach] >>> VALID @Epoch: 417  >>> 
[Coach] >>> TEST  @Epoch: 417  >>> 
[Wall TIME] >>> ChiefCoach.train takes 3.030682 seconds ...
[Coach] >>> TRAIN @Epoch: 418  >>>  || LOSS Avg: 0.19134
[Coach] >>> VALID @Epoch: 418  >>> 
[Coach] >>> TEST  @Epoch: 418  >>> 
[Wall TIME] >>> ChiefCoach.train takes 3.072053 seconds ...
[Coach] >>> TRAIN @Epoch: 419  >>>  || LOSS Avg: 0.19155
[Coach] >>> VALID @Epoch: 419  >>> 
[Coach] >>> TEST  @Epoch: 419  >>> 
[Wall TIME] >>> ChiefCoach.train takes 3.068151 seconds ...
[Wall TIME] >>> ChiefCoach.valid takes 0.770045 seconds ...
[Coach] >>> TRAIN @Epoch: 420  >>>  || LOSS Avg: 0.19172
[Coach] >>> VALID @Epoch: 420  >>>  || RECALL@1 Avg: 0.0127 || RECALL@10 Avg: 0.0619 || RECALL@20 Avg: 0.0983 || NDCG@10 Avg: 0.0338 || NDCG@20 Avg: 0.0430
[Coach] >>> TEST  @Epoch: 420  >>> 
[Wall TIME] >>> ChiefCoach.train takes 3.074927 seconds ...
[Coach] >>> TRAIN @Epoch: 421  >>>  || LOSS Avg: 0.19155
[Coach] >>> VALID @Epoch: 421  >>> 
[Coach] >>> TEST  @Epoch: 421  >>> 
[Wall TIME] >>> ChiefCoach.train takes 3.030488 seconds ...
[Coach] >>> TRAIN @Epoch: 422  >>>  || LOSS Avg: 0.19152
[Coach] >>> VALID @Epoch: 422  >>> 
[Coach] >>> TEST  @Epoch: 422  >>> 
[Wall TIME] >>> ChiefCoach.train takes 3.025920 seconds ...
[Coach] >>> TRAIN @Epoch: 423  >>>  || LOSS Avg: 0.19159
[Coach] >>> VALID @Epoch: 423  >>> 
[Coach] >>> TEST  @Epoch: 423  >>> 
[Wall TIME] >>> ChiefCoach.train takes 2.976865 seconds ...
[Coach] >>> TRAIN @Epoch: 424  >>>  || LOSS Avg: 0.19146
[Coach] >>> VALID @Epoch: 424  >>> 
[Coach] >>> TEST  @Epoch: 424  >>> 
[Wall TIME] >>> ChiefCoach.train takes 2.969014 seconds ...
[Wall TIME] >>> ChiefCoach.valid takes 0.784951 seconds ...
[Coach] >>> TRAIN @Epoch: 425  >>>  || LOSS Avg: 0.19064
[Coach] >>> VALID @Epoch: 425  >>>  || RECALL@1 Avg: 0.0121 || RECALL@10 Avg: 0.0625 || RECALL@20 Avg: 0.0974 || NDCG@10 Avg: 0.0336 || NDCG@20 Avg: 0.0425
[Coach] >>> TEST  @Epoch: 425  >>> 
[Wall TIME] >>> ChiefCoach.train takes 2.960501 seconds ...
[Coach] >>> TRAIN @Epoch: 426  >>>  || LOSS Avg: 0.19122
[Coach] >>> VALID @Epoch: 426  >>> 
[Coach] >>> TEST  @Epoch: 426  >>> 
[Wall TIME] >>> ChiefCoach.train takes 3.048464 seconds ...
[Coach] >>> TRAIN @Epoch: 427  >>>  || LOSS Avg: 0.19143
[Coach] >>> VALID @Epoch: 427  >>> 
[Coach] >>> TEST  @Epoch: 427  >>> 
[Wall TIME] >>> ChiefCoach.train takes 3.012125 seconds ...
[Coach] >>> TRAIN @Epoch: 428  >>>  || LOSS Avg: 0.19148
[Coach] >>> VALID @Epoch: 428  >>> 
[Coach] >>> TEST  @Epoch: 428  >>> 
[Wall TIME] >>> ChiefCoach.train takes 3.045259 seconds ...
[Coach] >>> TRAIN @Epoch: 429  >>>  || LOSS Avg: 0.19148
[Coach] >>> VALID @Epoch: 429  >>> 
[Coach] >>> TEST  @Epoch: 429  >>> 
[Wall TIME] >>> ChiefCoach.train takes 2.975447 seconds ...
[Wall TIME] >>> ChiefCoach.valid takes 0.776304 seconds ...
[Coach] >>> TRAIN @Epoch: 430  >>>  || LOSS Avg: 0.19121
[Coach] >>> VALID @Epoch: 430  >>>  || RECALL@1 Avg: 0.0124 || RECALL@10 Avg: 0.0621 || RECALL@20 Avg: 0.0978 || NDCG@10 Avg: 0.0337 || NDCG@20 Avg: 0.0427
[Coach] >>> TEST  @Epoch: 430  >>> 
[Wall TIME] >>> ChiefCoach.train takes 3.003834 seconds ...
[Coach] >>> TRAIN @Epoch: 431  >>>  || LOSS Avg: 0.19183
[Coach] >>> VALID @Epoch: 431  >>> 
[Coach] >>> TEST  @Epoch: 431  >>> 
[Wall TIME] >>> ChiefCoach.train takes 3.036729 seconds ...
[Coach] >>> TRAIN @Epoch: 432  >>>  || LOSS Avg: 0.19131
[Coach] >>> VALID @Epoch: 432  >>> 
[Coach] >>> TEST  @Epoch: 432  >>> 
[Wall TIME] >>> ChiefCoach.train takes 3.068384 seconds ...
[Coach] >>> TRAIN @Epoch: 433  >>>  || LOSS Avg: 0.19119
[Coach] >>> VALID @Epoch: 433  >>> 
[Coach] >>> TEST  @Epoch: 433  >>> 
[Wall TIME] >>> ChiefCoach.train takes 3.065612 seconds ...
[Coach] >>> TRAIN @Epoch: 434  >>>  || LOSS Avg: 0.19102
[Coach] >>> VALID @Epoch: 434  >>> 
[Coach] >>> TEST  @Epoch: 434  >>> 
[Wall TIME] >>> ChiefCoach.train takes 2.976659 seconds ...
[Wall TIME] >>> ChiefCoach.valid takes 0.768458 seconds ...
[Coach] >>> TRAIN @Epoch: 435  >>>  || LOSS Avg: 0.19134
[Coach] >>> VALID @Epoch: 435  >>>  || RECALL@1 Avg: 0.0119 || RECALL@10 Avg: 0.0620 || RECALL@20 Avg: 0.0977 || NDCG@10 Avg: 0.0333 || NDCG@20 Avg: 0.0423
[Coach] >>> TEST  @Epoch: 435  >>> 
[Wall TIME] >>> ChiefCoach.train takes 3.466896 seconds ...
[Coach] >>> TRAIN @Epoch: 436  >>>  || LOSS Avg: 0.19102
[Coach] >>> VALID @Epoch: 436  >>> 
[Coach] >>> TEST  @Epoch: 436  >>> 
[Wall TIME] >>> ChiefCoach.train takes 3.004825 seconds ...
[Coach] >>> TRAIN @Epoch: 437  >>>  || LOSS Avg: 0.19095
[Coach] >>> VALID @Epoch: 437  >>> 
[Coach] >>> TEST  @Epoch: 437  >>> 
[Wall TIME] >>> ChiefCoach.train takes 3.055260 seconds ...
[Coach] >>> TRAIN @Epoch: 438  >>>  || LOSS Avg: 0.19100
[Coach] >>> VALID @Epoch: 438  >>> 
[Coach] >>> TEST  @Epoch: 438  >>> 
[Wall TIME] >>> ChiefCoach.train takes 3.022470 seconds ...
[Coach] >>> TRAIN @Epoch: 439  >>>  || LOSS Avg: 0.19135
[Coach] >>> VALID @Epoch: 439  >>> 
[Coach] >>> TEST  @Epoch: 439  >>> 
[Wall TIME] >>> ChiefCoach.train takes 3.096069 seconds ...
[Wall TIME] >>> ChiefCoach.valid takes 0.781256 seconds ...
[Coach] >>> TRAIN @Epoch: 440  >>>  || LOSS Avg: 0.19123
[Coach] >>> VALID @Epoch: 440  >>>  || RECALL@1 Avg: 0.0121 || RECALL@10 Avg: 0.0622 || RECALL@20 Avg: 0.0972 || NDCG@10 Avg: 0.0336 || NDCG@20 Avg: 0.0424
[Coach] >>> TEST  @Epoch: 440  >>> 
[Wall TIME] >>> ChiefCoach.train takes 3.082386 seconds ...
[Coach] >>> TRAIN @Epoch: 441  >>>  || LOSS Avg: 0.19104
[Coach] >>> VALID @Epoch: 441  >>> 
[Coach] >>> TEST  @Epoch: 441  >>> 
[Wall TIME] >>> ChiefCoach.train takes 3.030554 seconds ...
[Coach] >>> TRAIN @Epoch: 442  >>>  || LOSS Avg: 0.19081
[Coach] >>> VALID @Epoch: 442  >>> 
[Coach] >>> TEST  @Epoch: 442  >>> 
[Wall TIME] >>> ChiefCoach.train takes 3.084148 seconds ...
[Coach] >>> TRAIN @Epoch: 443  >>>  || LOSS Avg: 0.19077
[Coach] >>> VALID @Epoch: 443  >>> 
[Coach] >>> TEST  @Epoch: 443  >>> 
[Wall TIME] >>> ChiefCoach.train takes 2.998505 seconds ...
[Coach] >>> TRAIN @Epoch: 444  >>>  || LOSS Avg: 0.19112
[Coach] >>> VALID @Epoch: 444  >>> 
[Coach] >>> TEST  @Epoch: 444  >>> 
[Wall TIME] >>> ChiefCoach.train takes 3.020959 seconds ...
[Wall TIME] >>> ChiefCoach.valid takes 0.802043 seconds ...
[Coach] >>> TRAIN @Epoch: 445  >>>  || LOSS Avg: 0.19145
[Coach] >>> VALID @Epoch: 445  >>>  || RECALL@1 Avg: 0.0128 || RECALL@10 Avg: 0.0619 || RECALL@20 Avg: 0.0980 || NDCG@10 Avg: 0.0338 || NDCG@20 Avg: 0.0429
[Coach] >>> TEST  @Epoch: 445  >>> 
[Wall TIME] >>> ChiefCoach.train takes 2.890023 seconds ...
[Coach] >>> TRAIN @Epoch: 446  >>>  || LOSS Avg: 0.19109
[Coach] >>> VALID @Epoch: 446  >>> 
[Coach] >>> TEST  @Epoch: 446  >>> 
[Wall TIME] >>> ChiefCoach.train takes 3.011755 seconds ...
[Coach] >>> TRAIN @Epoch: 447  >>>  || LOSS Avg: 0.19065
[Coach] >>> VALID @Epoch: 447  >>> 
[Coach] >>> TEST  @Epoch: 447  >>> 
[Wall TIME] >>> ChiefCoach.train takes 3.062549 seconds ...
[Coach] >>> TRAIN @Epoch: 448  >>>  || LOSS Avg: 0.19141
[Coach] >>> VALID @Epoch: 448  >>> 
[Coach] >>> TEST  @Epoch: 448  >>> 
[Wall TIME] >>> ChiefCoach.train takes 3.051583 seconds ...
[Coach] >>> TRAIN @Epoch: 449  >>>  || LOSS Avg: 0.19064
[Coach] >>> VALID @Epoch: 449  >>> 
[Coach] >>> TEST  @Epoch: 449  >>> 
[Wall TIME] >>> ChiefCoach.train takes 3.019172 seconds ...
[Wall TIME] >>> ChiefCoach.valid takes 0.781863 seconds ...
[Coach] >>> TRAIN @Epoch: 450  >>>  || LOSS Avg: 0.19153
[Coach] >>> VALID @Epoch: 450  >>>  || RECALL@1 Avg: 0.0123 || RECALL@10 Avg: 0.0615 || RECALL@20 Avg: 0.0973 || NDCG@10 Avg: 0.0335 || NDCG@20 Avg: 0.0425
[Coach] >>> TEST  @Epoch: 450  >>> 
[Wall TIME] >>> ChiefCoach.train takes 3.076088 seconds ...
[Coach] >>> TRAIN @Epoch: 451  >>>  || LOSS Avg: 0.19049
[Coach] >>> VALID @Epoch: 451  >>> 
[Coach] >>> TEST  @Epoch: 451  >>> 
[Wall TIME] >>> ChiefCoach.train takes 3.014335 seconds ...
[Coach] >>> TRAIN @Epoch: 452  >>>  || LOSS Avg: 0.19099
[Coach] >>> VALID @Epoch: 452  >>> 
[Coach] >>> TEST  @Epoch: 452  >>> 
[Wall TIME] >>> ChiefCoach.train takes 3.130241 seconds ...
[Coach] >>> TRAIN @Epoch: 453  >>>  || LOSS Avg: 0.19074
[Coach] >>> VALID @Epoch: 453  >>> 
[Coach] >>> TEST  @Epoch: 453  >>> 
[Wall TIME] >>> ChiefCoach.train takes 3.062768 seconds ...
[Coach] >>> TRAIN @Epoch: 454  >>>  || LOSS Avg: 0.19098
[Coach] >>> VALID @Epoch: 454  >>> 
[Coach] >>> TEST  @Epoch: 454  >>> 
[Wall TIME] >>> ChiefCoach.train takes 3.141297 seconds ...
[Wall TIME] >>> ChiefCoach.valid takes 0.787823 seconds ...
[Coach] >>> TRAIN @Epoch: 455  >>>  || LOSS Avg: 0.19095
[Coach] >>> VALID @Epoch: 455  >>>  || RECALL@1 Avg: 0.0125 || RECALL@10 Avg: 0.0618 || RECALL@20 Avg: 0.0981 || NDCG@10 Avg: 0.0336 || NDCG@20 Avg: 0.0428
[Coach] >>> TEST  @Epoch: 455  >>> 
[Wall TIME] >>> ChiefCoach.train takes 3.558442 seconds ...
[Coach] >>> TRAIN @Epoch: 456  >>>  || LOSS Avg: 0.19105
[Coach] >>> VALID @Epoch: 456  >>> 
[Coach] >>> TEST  @Epoch: 456  >>> 
[Wall TIME] >>> ChiefCoach.train takes 3.085523 seconds ...
[Coach] >>> TRAIN @Epoch: 457  >>>  || LOSS Avg: 0.19083
[Coach] >>> VALID @Epoch: 457  >>> 
[Coach] >>> TEST  @Epoch: 457  >>> 
[Wall TIME] >>> ChiefCoach.train takes 2.978238 seconds ...
[Coach] >>> TRAIN @Epoch: 458  >>>  || LOSS Avg: 0.19081
[Coach] >>> VALID @Epoch: 458  >>> 
[Coach] >>> TEST  @Epoch: 458  >>> 
[Wall TIME] >>> ChiefCoach.train takes 2.963095 seconds ...
[Coach] >>> TRAIN @Epoch: 459  >>>  || LOSS Avg: 0.19126
[Coach] >>> VALID @Epoch: 459  >>> 
[Coach] >>> TEST  @Epoch: 459  >>> 
[Wall TIME] >>> ChiefCoach.train takes 2.966640 seconds ...
[Wall TIME] >>> ChiefCoach.valid takes 0.808024 seconds ...
[Coach] >>> TRAIN @Epoch: 460  >>>  || LOSS Avg: 0.19056
[Coach] >>> VALID @Epoch: 460  >>>  || RECALL@1 Avg: 0.0123 || RECALL@10 Avg: 0.0616 || RECALL@20 Avg: 0.0981 || NDCG@10 Avg: 0.0334 || NDCG@20 Avg: 0.0426
[Coach] >>> TEST  @Epoch: 460  >>> 
[Wall TIME] >>> ChiefCoach.train takes 3.051560 seconds ...
[Coach] >>> TRAIN @Epoch: 461  >>>  || LOSS Avg: 0.19091
[Coach] >>> VALID @Epoch: 461  >>> 
[Coach] >>> TEST  @Epoch: 461  >>> 
[Wall TIME] >>> ChiefCoach.train takes 3.096181 seconds ...
[Coach] >>> TRAIN @Epoch: 462  >>>  || LOSS Avg: 0.19058
[Coach] >>> VALID @Epoch: 462  >>> 
[Coach] >>> TEST  @Epoch: 462  >>> 
[Wall TIME] >>> ChiefCoach.train takes 3.021467 seconds ...
[Coach] >>> TRAIN @Epoch: 463  >>>  || LOSS Avg: 0.19092
[Coach] >>> VALID @Epoch: 463  >>> 
[Coach] >>> TEST  @Epoch: 463  >>> 
[Wall TIME] >>> ChiefCoach.train takes 3.032396 seconds ...
[Coach] >>> TRAIN @Epoch: 464  >>>  || LOSS Avg: 0.19099
[Coach] >>> VALID @Epoch: 464  >>> 
[Coach] >>> TEST  @Epoch: 464  >>> 
[Wall TIME] >>> ChiefCoach.train takes 3.042658 seconds ...
[Wall TIME] >>> ChiefCoach.valid takes 0.788476 seconds ...
[Coach] >>> TRAIN @Epoch: 465  >>>  || LOSS Avg: 0.19061
[Coach] >>> VALID @Epoch: 465  >>>  || RECALL@1 Avg: 0.0119 || RECALL@10 Avg: 0.0621 || RECALL@20 Avg: 0.0981 || NDCG@10 Avg: 0.0333 || NDCG@20 Avg: 0.0424
[Coach] >>> TEST  @Epoch: 465  >>> 
[Wall TIME] >>> ChiefCoach.train takes 3.024461 seconds ...
[Coach] >>> TRAIN @Epoch: 466  >>>  || LOSS Avg: 0.19055
[Coach] >>> VALID @Epoch: 466  >>> 
[Coach] >>> TEST  @Epoch: 466  >>> 
[Wall TIME] >>> ChiefCoach.train takes 3.089782 seconds ...
[Coach] >>> TRAIN @Epoch: 467  >>>  || LOSS Avg: 0.19089
[Coach] >>> VALID @Epoch: 467  >>> 
[Coach] >>> TEST  @Epoch: 467  >>> 
[Wall TIME] >>> ChiefCoach.train takes 3.005295 seconds ...
[Coach] >>> TRAIN @Epoch: 468  >>>  || LOSS Avg: 0.19094
[Coach] >>> VALID @Epoch: 468  >>> 
[Coach] >>> TEST  @Epoch: 468  >>> 
[Wall TIME] >>> ChiefCoach.train takes 3.158489 seconds ...
[Coach] >>> TRAIN @Epoch: 469  >>>  || LOSS Avg: 0.19109
[Coach] >>> VALID @Epoch: 469  >>> 
[Coach] >>> TEST  @Epoch: 469  >>> 
[Wall TIME] >>> ChiefCoach.train takes 3.047681 seconds ...
[Wall TIME] >>> ChiefCoach.valid takes 0.785435 seconds ...
[Coach] >>> TRAIN @Epoch: 470  >>>  || LOSS Avg: 0.19077
[Coach] >>> VALID @Epoch: 470  >>>  || RECALL@1 Avg: 0.0117 || RECALL@10 Avg: 0.0615 || RECALL@20 Avg: 0.0980 || NDCG@10 Avg: 0.0331 || NDCG@20 Avg: 0.0424
[Coach] >>> TEST  @Epoch: 470  >>> 
[Wall TIME] >>> ChiefCoach.train takes 3.121354 seconds ...
[Coach] >>> TRAIN @Epoch: 471  >>>  || LOSS Avg: 0.19115
[Coach] >>> VALID @Epoch: 471  >>> 
[Coach] >>> TEST  @Epoch: 471  >>> 
[Wall TIME] >>> ChiefCoach.train takes 2.983093 seconds ...
[Coach] >>> TRAIN @Epoch: 472  >>>  || LOSS Avg: 0.19111
[Coach] >>> VALID @Epoch: 472  >>> 
[Coach] >>> TEST  @Epoch: 472  >>> 
[Wall TIME] >>> ChiefCoach.train takes 3.068772 seconds ...
[Coach] >>> TRAIN @Epoch: 473  >>>  || LOSS Avg: 0.19087
[Coach] >>> VALID @Epoch: 473  >>> 
[Coach] >>> TEST  @Epoch: 473  >>> 
[Wall TIME] >>> ChiefCoach.train takes 3.042716 seconds ...
[Coach] >>> TRAIN @Epoch: 474  >>>  || LOSS Avg: 0.19070
[Coach] >>> VALID @Epoch: 474  >>> 
[Coach] >>> TEST  @Epoch: 474  >>> 
[Wall TIME] >>> ChiefCoach.train takes 2.982035 seconds ...
[Wall TIME] >>> ChiefCoach.valid takes 0.769606 seconds ...
[Coach] >>> TRAIN @Epoch: 475  >>>  || LOSS Avg: 0.19017
[Coach] >>> VALID @Epoch: 475  >>>  || RECALL@1 Avg: 0.0124 || RECALL@10 Avg: 0.0620 || RECALL@20 Avg: 0.0971 || NDCG@10 Avg: 0.0336 || NDCG@20 Avg: 0.0424
[Coach] >>> TEST  @Epoch: 475  >>> 
[Wall TIME] >>> ChiefCoach.train takes 3.043625 seconds ...
[Coach] >>> TRAIN @Epoch: 476  >>>  || LOSS Avg: 0.19079
[Coach] >>> VALID @Epoch: 476  >>> 
[Coach] >>> TEST  @Epoch: 476  >>> 
[Wall TIME] >>> ChiefCoach.train takes 3.585846 seconds ...
[Coach] >>> TRAIN @Epoch: 477  >>>  || LOSS Avg: 0.19093
[Coach] >>> VALID @Epoch: 477  >>> 
[Coach] >>> TEST  @Epoch: 477  >>> 
[Wall TIME] >>> ChiefCoach.train takes 3.087128 seconds ...
[Coach] >>> TRAIN @Epoch: 478  >>>  || LOSS Avg: 0.19079
[Coach] >>> VALID @Epoch: 478  >>> 
[Coach] >>> TEST  @Epoch: 478  >>> 
[Wall TIME] >>> ChiefCoach.train takes 2.972599 seconds ...
[Coach] >>> TRAIN @Epoch: 479  >>>  || LOSS Avg: 0.19054
[Coach] >>> VALID @Epoch: 479  >>> 
[Coach] >>> TEST  @Epoch: 479  >>> 
[Wall TIME] >>> ChiefCoach.train takes 3.036083 seconds ...
[Wall TIME] >>> ChiefCoach.valid takes 0.769239 seconds ...
[Coach] >>> TRAIN @Epoch: 480  >>>  || LOSS Avg: 0.19082
[Coach] >>> VALID @Epoch: 480  >>>  || RECALL@1 Avg: 0.0124 || RECALL@10 Avg: 0.0620 || RECALL@20 Avg: 0.0966 || NDCG@10 Avg: 0.0336 || NDCG@20 Avg: 0.0423
[Coach] >>> TEST  @Epoch: 480  >>> 
[Wall TIME] >>> ChiefCoach.train takes 3.106964 seconds ...
[Coach] >>> TRAIN @Epoch: 481  >>>  || LOSS Avg: 0.19086
[Coach] >>> VALID @Epoch: 481  >>> 
[Coach] >>> TEST  @Epoch: 481  >>> 
[Wall TIME] >>> ChiefCoach.train takes 3.079724 seconds ...
[Coach] >>> TRAIN @Epoch: 482  >>>  || LOSS Avg: 0.19029
[Coach] >>> VALID @Epoch: 482  >>> 
[Coach] >>> TEST  @Epoch: 482  >>> 
[Wall TIME] >>> ChiefCoach.train takes 3.062392 seconds ...
[Coach] >>> TRAIN @Epoch: 483  >>>  || LOSS Avg: 0.19002
[Coach] >>> VALID @Epoch: 483  >>> 
[Coach] >>> TEST  @Epoch: 483  >>> 
[Wall TIME] >>> ChiefCoach.train takes 3.104925 seconds ...
[Coach] >>> TRAIN @Epoch: 484  >>>  || LOSS Avg: 0.19072
[Coach] >>> VALID @Epoch: 484  >>> 
[Coach] >>> TEST  @Epoch: 484  >>> 
[Wall TIME] >>> ChiefCoach.train takes 3.081531 seconds ...
[Wall TIME] >>> ChiefCoach.valid takes 0.785208 seconds ...
[Coach] >>> TRAIN @Epoch: 485  >>>  || LOSS Avg: 0.19035
[Coach] >>> VALID @Epoch: 485  >>>  || RECALL@1 Avg: 0.0128 || RECALL@10 Avg: 0.0609 || RECALL@20 Avg: 0.0975 || NDCG@10 Avg: 0.0334 || NDCG@20 Avg: 0.0427
[Coach] >>> TEST  @Epoch: 485  >>> 
[Wall TIME] >>> ChiefCoach.train takes 3.018019 seconds ...
[Coach] >>> TRAIN @Epoch: 486  >>>  || LOSS Avg: 0.19103
[Coach] >>> VALID @Epoch: 486  >>> 
[Coach] >>> TEST  @Epoch: 486  >>> 
[Wall TIME] >>> ChiefCoach.train takes 3.057359 seconds ...
[Coach] >>> TRAIN @Epoch: 487  >>>  || LOSS Avg: 0.19073
[Coach] >>> VALID @Epoch: 487  >>> 
[Coach] >>> TEST  @Epoch: 487  >>> 
[Wall TIME] >>> ChiefCoach.train takes 3.065704 seconds ...
[Coach] >>> TRAIN @Epoch: 488  >>>  || LOSS Avg: 0.19058
[Coach] >>> VALID @Epoch: 488  >>> 
[Coach] >>> TEST  @Epoch: 488  >>> 
[Wall TIME] >>> ChiefCoach.train takes 3.106151 seconds ...
[Coach] >>> TRAIN @Epoch: 489  >>>  || LOSS Avg: 0.19041
[Coach] >>> VALID @Epoch: 489  >>> 
[Coach] >>> TEST  @Epoch: 489  >>> 
[Wall TIME] >>> ChiefCoach.train takes 3.056505 seconds ...
[Wall TIME] >>> ChiefCoach.valid takes 0.753320 seconds ...
[Coach] >>> TRAIN @Epoch: 490  >>>  || LOSS Avg: 0.19031
[Coach] >>> VALID @Epoch: 490  >>>  || RECALL@1 Avg: 0.0127 || RECALL@10 Avg: 0.0617 || RECALL@20 Avg: 0.0975 || NDCG@10 Avg: 0.0336 || NDCG@20 Avg: 0.0427
[Coach] >>> TEST  @Epoch: 490  >>> 
[Wall TIME] >>> ChiefCoach.train takes 3.076389 seconds ...
[Coach] >>> TRAIN @Epoch: 491  >>>  || LOSS Avg: 0.19052
[Coach] >>> VALID @Epoch: 491  >>> 
[Coach] >>> TEST  @Epoch: 491  >>> 
[Wall TIME] >>> ChiefCoach.train takes 3.002650 seconds ...
[Coach] >>> TRAIN @Epoch: 492  >>>  || LOSS Avg: 0.19010
[Coach] >>> VALID @Epoch: 492  >>> 
[Coach] >>> TEST  @Epoch: 492  >>> 
[Wall TIME] >>> ChiefCoach.train takes 2.970494 seconds ...
[Coach] >>> TRAIN @Epoch: 493  >>>  || LOSS Avg: 0.19050
[Coach] >>> VALID @Epoch: 493  >>> 
[Coach] >>> TEST  @Epoch: 493  >>> 
[Wall TIME] >>> ChiefCoach.train takes 3.112264 seconds ...
[Coach] >>> TRAIN @Epoch: 494  >>>  || LOSS Avg: 0.18990
[Coach] >>> VALID @Epoch: 494  >>> 
[Coach] >>> TEST  @Epoch: 494  >>> 
[Wall TIME] >>> ChiefCoach.train takes 3.040766 seconds ...
[Wall TIME] >>> ChiefCoach.valid takes 0.789404 seconds ...
[Coach] >>> TRAIN @Epoch: 495  >>>  || LOSS Avg: 0.19071
[Coach] >>> VALID @Epoch: 495  >>>  || RECALL@1 Avg: 0.0125 || RECALL@10 Avg: 0.0610 || RECALL@20 Avg: 0.0979 || NDCG@10 Avg: 0.0333 || NDCG@20 Avg: 0.0427
[Coach] >>> TEST  @Epoch: 495  >>> 
[Wall TIME] >>> ChiefCoach.train takes 3.020818 seconds ...
[Coach] >>> TRAIN @Epoch: 496  >>>  || LOSS Avg: 0.19059
[Coach] >>> VALID @Epoch: 496  >>> 
[Coach] >>> TEST  @Epoch: 496  >>> 
[Wall TIME] >>> ChiefCoach.train takes 3.551379 seconds ...
[Coach] >>> TRAIN @Epoch: 497  >>>  || LOSS Avg: 0.19054
[Coach] >>> VALID @Epoch: 497  >>> 
[Coach] >>> TEST  @Epoch: 497  >>> 
[Wall TIME] >>> ChiefCoach.train takes 2.996664 seconds ...
[Coach] >>> TRAIN @Epoch: 498  >>>  || LOSS Avg: 0.19046
[Coach] >>> VALID @Epoch: 498  >>> 
[Coach] >>> TEST  @Epoch: 498  >>> 
[Wall TIME] >>> ChiefCoach.train takes 3.048685 seconds ...
[Coach] >>> TRAIN @Epoch: 499  >>>  || LOSS Avg: 0.19055
[Coach] >>> VALID @Epoch: 499  >>> 
[Coach] >>> TEST  @Epoch: 499  >>> 
[Wall TIME] >>> ChiefCoach.train takes 3.047652 seconds ...
[Wall TIME] >>> ChiefCoach.valid takes 0.763213 seconds ...
[Wall TIME] >>> ChiefCoach.test takes 1.309839 seconds ...
[Coach] >>> TRAIN @Epoch: 500  >>>  || LOSS Avg: 0.19071
[Coach] >>> VALID @Epoch: 500  >>>  || RECALL@1 Avg: 0.0123 || RECALL@10 Avg: 0.0614 || RECALL@20 Avg: 0.0977 || NDCG@10 Avg: 0.0333 || NDCG@20 Avg: 0.0425
[Coach] >>> TEST  @Epoch: 500  >>>  || RECALL@1 Avg: 0.0128 || RECALL@10 Avg: 0.0668 || RECALL@20 Avg: 0.1033 || NDCG@10 Avg: 0.0361 || NDCG@20 Avg: 0.0455
     Mode     Metric      Best  @Epoch
0   train       LOSS  0.189900     493
1   valid   RECALL@1  0.012980     395
2   valid  RECALL@10  0.063324     300
3   valid  RECALL@20  0.099067     185
4   valid    NDCG@10  0.033910     365
5   valid    NDCG@20  0.042975     365
6    test   RECALL@1  0.012750       0
7    test  RECALL@10  0.066826       0
8    test  RECALL@20  0.103250       0
9    test    NDCG@10  0.036135       0
10   test    NDCG@20  0.045458       0
[LoG_PaTH] >>> ./logs/STAIR-NE-NLGCL-v5/Amazon2014Baby_550_MMRec/0904144034
[Wall TIME] >>> Coach.summary takes 2.465059 seconds ...
[Coach] >>> Load best model @Epoch 365  
[Wall TIME] >>> ChiefCoach.valid takes 0.875405 seconds ...
[Wall TIME] >>> ChiefCoach.test takes 0.769125 seconds ...
[Coach] >>> TRAIN @Epoch: 365  >>> 
[Coach] >>> VALID @Epoch: 365  >>>  || RECALL@1 Avg: 0.0126 || RECALL@10 Avg: 0.0631 || RECALL@20 Avg: 0.0989 || NDCG@10 Avg: 0.0339 || NDCG@20 Avg: 0.0430
[Coach] >>> TEST  @Epoch: 365  >>>  || RECALL@1 Avg: 0.0129 || RECALL@10 Avg: 0.0666 || RECALL@20 Avg: 0.1022 || NDCG@10 Avg: 0.0361 || NDCG@20 Avg: 0.0452
[Wall TIME] >>> Coach.fit takes 1660.864105 seconds ...
