[Wall TIME] >>> Parser.parse takes 0.045138 seconds ...
[Wall TIME] >>> Parser.load takes 0.003160 seconds ...
[Benchmark] >>> cudnn.benchmark == False | cudnn.deterministic == True
[Seed] >>> Set seed: 1
[PARSER] >>>
[SAVED_FILENAME: model.pt] 
[BEST_FILENAME: best.pt] 
[CHECKPOINT_FREQ: 10] 
[CHECKPOINT_MODULES: ['model', 'optimizer', 'lr_scheduler']] 
[CHECKPOINT_FILENAME: checkpoint.tar] 
[SUMMARY_FILENAME: SUMMARY.md] 
[MONITOR_FILENAME: monitors.pkl] 
[MONITOR_BEST_FILENAME: best.pkl] 
[CONFIG_FILENAME: config.json] 
[RESULTS_FILENAME: results.json] 
[monitors: ['LOSS', 'Recall@1', 'Recall@10', 'Recall@20', 'NDCG@10', 'NDCG@20']] 
[which4best: NDCG@20] 
[config: /kaggle/working/STAIR-Enhanced/configs/Amazon2014Baby_STAIR5_v3.yaml] 
[id: 1002144427] 
[description: STAIR5-v3-DP-PC-BSC] 
[root: /kaggle/data] 
[dataset: Amazon2014Baby_550_MMRec] 
[tasktag: None] 
[ranking: full] 
[retain_seen: False] 
[device: cuda:0] 
[ddp_backend: nccl] 
[num_workers: 4] 
[optimizer: adamwsevo] 
[optim_first_moment_decay: 0.9] 
[optim_second_moment_decay: 0.999] 
[weight_decay: 0.3] 
[lr: 0.001] 
[batch_size: 1024] 
[gradient_accumulation_steps: 1] 
[epochs: 500] 
[eval_valid: True] 
[eval_test: False] 
[eval_freq: 5] 
[early_stop_patience: 1e+23] 
[seed: 1] 
[benchmark: False] 
[resume: False] 
[log2file: True] 
[log2console: True] 
[embedding_dim: 64] 
[num_layers: 3] 
[mfiles: textual_modality.pkl,visual_modality.pkl] 
[num_neighbors: 5-1] 
[gamma: 0.1] 
[beta1: 0.9] 
[beta2: 0.999] 
[edge_strength: 0.25] 
[edge_mix: 0.25] 
[evidence_shrinkage: 5.0] 
[placebo_seed: 1] 
[lambda_lhc: 0.0] 
[lhc_tau: 0.3] 
[lhc_kappa: 1.0] 
[radius_cap: 2.0] 
[eps_taylor: 0.0001] 
[eps_floor: 0.01] 
[eps_beta: 0.05] 
[warmup_start: 20] 
[warmup_end: 50] 
[grad_diag_every: 10] 
[knn_chunk_size: 1024] 
[lhc_chunk_size: 256] 
[graph_cache_dir: /kaggle/working/runs/stair5_v3/graph_cache] 
[artifact_dir: /kaggle/working/runs/stair5_v3/baby_DP-ref_seed1] 
[resume_from: ] 
[v3_arm: DP-ref] 
[knn_device: auto] 
[DATA_DIR: data] 
[SUMMARY_DIR: summary] 
[CHECKPOINT_PATH: ./infos/STAIR5-v3-DP-PC-BSC/Amazon2014Baby_550_MMRec/0] 
[LOG_PATH: ./logs/STAIR5-v3-DP-PC-BSC/Amazon2014Baby_550_MMRec/1002144427] 

[Wall TIME] >>> Parser.compile takes 0.217472 seconds ...
[DataSet] >>> Fitting fields over `train` set ...
[DataSet] >>> Fitting fields over `valid` set ...
[DataSet] >>> Fitting fields over `test` set ...
[DataSet] >>> Normalizing fields over `train` set ...
[DataSet] >>> Normalizing fields over `valid` set ...
[DataSet] >>> Normalizing fields over `test` set ...
[MatchingRecDataSet] >>> USER:19445:ID,USER | ITEM:7050:ID,ITEM | TIMESTAMP:3711:TIMESTAMP
+--------+--------+---------------+--------+--------+-------+-----------------------+
| #Users | #Items | #Interactions | #Train | #Valid | #Test |        Density        |
+--------+--------+---------------+--------+--------+-------+-----------------------+
| 19445  |  7050  |     160792    | 118551 | 20559  | 21682 | 0.0011729172479570493 |
+--------+--------+---------------+--------+--------+-------+-----------------------+
[Wall TIME] >>> BaseSet.compile takes 0.209019 seconds ...
[Wall TIME] >>> RecDataSet.to_heterograph takes 0.039058 seconds ...
[Wall TIME] >>> RecDataSet.to_heterograph takes 0.041828 seconds ...
[DP-PC-BSC graph] {"version": 3, "arm": "DP-ref", "strength": 0.25, "mix": 0.25, "shrinkage": 5.0, "placebo_seed": 1, "seed": 1, "num_users": 19445, "num_items": 7050, "torch": "2.10.0+cu128", "active": true, "fingerprint": "ea3b30d830347a5e02faadf0a4f9e0082b0ac7f407df70176da243c46e68b96f", "cache_hit": false, "nnz": 59848, "nonzero_score_fraction": 0.10456489771604538, "score_mean": 0.002225205535069108, "score_max": 0.3387550711631775, "placebo_permuted": 0, "relative_operator_probe_delta": 0.0005938360118307173, "solver": {"converged": true, "iterations": 14, "max_relative_residual_fp64": 4.159706239163323e-06, "max_relative_residual_fp32": 4.132588856009534e-06, "status": "CONVERGENCE: RELATIVE REDUCTION OF F <= FACTR*EPSMCH", "max_weight_change": 0.05879187451811463, "mean_weight_change": 0.0010138439312890868}, "data_fingerprint": "9408991868728d3410116d8369c006eb69bd5cfb5beba7572abae04d9e8a2863"}
[Wall TIME] >>> GenTrainNegativeSampler.prepare takes 0.593136 seconds ...
[Wall TIME] >>> ValidSampler.prepare takes 0.613261 seconds ...
[Wall TIME] >>> TestSampler.prepare takes 0.650581 seconds ...
[Coach] >>> Set best meter: NDCG@20 
[Coach] >>> Better ***NDCG@20*** of ***0.0152*** 
[Coach] >>> VALID @Epoch: 0 >>>  || RECALL@1 Avg: 0.0043 || RECALL@10 Avg: 0.0229 || RECALL@20 Avg: 0.0344 || NDCG@10 Avg: 0.0123 || NDCG@20 Avg: 0.0152
[Wall TIME] >>> Coach.valid takes 1.466685 seconds ...
[Epoch 001 Telemetry] BPR: 0.628236 | LHC: 0.000000 (lambda=0.000000) | 58335.9 samples/s | 2.03s
[Coach] >>> TRAIN @Epoch: 1 >>>  || LOSS Avg: 0.62824
[Wall TIME] >>> Coach.train takes 2.033118 seconds ...
[Epoch 002 Telemetry] BPR: 0.614602 | LHC: 0.000000 (lambda=0.000000) | 62133.0 samples/s | 1.91s
[Coach] >>> TRAIN @Epoch: 2 >>>  || LOSS Avg: 0.61460
[Wall TIME] >>> Coach.train takes 1.908651 seconds ...
[Epoch 003 Telemetry] BPR: 0.598208 | LHC: 0.000000 (lambda=0.000000) | 52022.3 samples/s | 2.28s
[Coach] >>> TRAIN @Epoch: 3 >>>  || LOSS Avg: 0.59821
[Wall TIME] >>> Coach.train takes 2.279479 seconds ...
[Epoch 004 Telemetry] BPR: 0.578501 | LHC: 0.000000 (lambda=0.000000) | 59833.9 samples/s | 1.98s
[Coach] >>> TRAIN @Epoch: 4 >>>  || LOSS Avg: 0.57850
[Wall TIME] >>> Coach.train takes 1.982033 seconds ...
[Epoch 005 Telemetry] BPR: 0.554947 | LHC: 0.000000 (lambda=0.000000) | 60298.4 samples/s | 1.97s
[Coach] >>> TRAIN @Epoch: 5 >>>  || LOSS Avg: 0.55495
[Wall TIME] >>> Coach.train takes 1.966844 seconds ...
[Coach] >>> Better ***NDCG@20*** of ***0.0308*** 
[Coach] >>> VALID @Epoch: 5 >>>  || RECALL@1 Avg: 0.0097 || RECALL@10 Avg: 0.0452 || RECALL@20 Avg: 0.0696 || NDCG@10 Avg: 0.0245 || NDCG@20 Avg: 0.0308
[Wall TIME] >>> Coach.valid takes 0.548726 seconds ...
[Epoch 006 Telemetry] BPR: 0.528410 | LHC: 0.000000 (lambda=0.000000) | 62584.7 samples/s | 1.89s
[Coach] >>> TRAIN @Epoch: 6 >>>  || LOSS Avg: 0.52841
[Wall TIME] >>> Coach.train takes 1.894849 seconds ...
[Epoch 007 Telemetry] BPR: 0.501423 | LHC: 0.000000 (lambda=0.000000) | 52549.4 samples/s | 2.26s
[Coach] >>> TRAIN @Epoch: 7 >>>  || LOSS Avg: 0.50142
[Wall TIME] >>> Coach.train takes 2.256712 seconds ...
[Epoch 008 Telemetry] BPR: 0.474711 | LHC: 0.000000 (lambda=0.000000) | 60755.8 samples/s | 1.95s
[Coach] >>> TRAIN @Epoch: 8 >>>  || LOSS Avg: 0.47471
[Wall TIME] >>> Coach.train takes 1.952074 seconds ...
[Epoch 009 Telemetry] BPR: 0.449262 | LHC: 0.000000 (lambda=0.000000) | 59782.6 samples/s | 1.98s
[Coach] >>> TRAIN @Epoch: 9 >>>  || LOSS Avg: 0.44926
[Wall TIME] >>> Coach.train takes 1.983712 seconds ...
[Epoch 010 Telemetry] BPR: 0.426524 | LHC: 0.000000 (lambda=0.000000) | 59441.4 samples/s | 1.99s
[Coach] >>> TRAIN @Epoch: 10 >>>  || LOSS Avg: 0.42652
[Wall TIME] >>> Coach.train takes 2.046077 seconds ...
[Coach] >>> Better ***NDCG@20*** of ***0.0361*** 
[Coach] >>> VALID @Epoch: 10 >>>  || RECALL@1 Avg: 0.0096 || RECALL@10 Avg: 0.0527 || RECALL@20 Avg: 0.0832 || NDCG@10 Avg: 0.0283 || NDCG@20 Avg: 0.0361
[Wall TIME] >>> Coach.valid takes 0.541999 seconds ...
[Epoch 011 Telemetry] BPR: 0.405392 | LHC: 0.000000 (lambda=0.000000) | 53008.1 samples/s | 2.24s
[Coach] >>> TRAIN @Epoch: 11 >>>  || LOSS Avg: 0.40539
[Wall TIME] >>> Coach.train takes 2.237067 seconds ...
[Epoch 012 Telemetry] BPR: 0.387092 | LHC: 0.000000 (lambda=0.000000) | 61631.0 samples/s | 1.92s
[Coach] >>> TRAIN @Epoch: 12 >>>  || LOSS Avg: 0.38709
[Wall TIME] >>> Coach.train takes 1.924181 seconds ...
[Epoch 013 Telemetry] BPR: 0.371082 | LHC: 0.000000 (lambda=0.000000) | 59466.1 samples/s | 1.99s
[Coach] >>> TRAIN @Epoch: 13 >>>  || LOSS Avg: 0.37108
[Wall TIME] >>> Coach.train takes 1.994226 seconds ...
[Epoch 014 Telemetry] BPR: 0.356328 | LHC: 0.000000 (lambda=0.000000) | 59087.5 samples/s | 2.01s
[Coach] >>> TRAIN @Epoch: 14 >>>  || LOSS Avg: 0.35633
[Wall TIME] >>> Coach.train takes 2.007056 seconds ...
[Epoch 015 Telemetry] BPR: 0.342978 | LHC: 0.000000 (lambda=0.000000) | 51210.6 samples/s | 2.31s
[Coach] >>> TRAIN @Epoch: 15 >>>  || LOSS Avg: 0.34298
[Wall TIME] >>> Coach.train takes 2.315713 seconds ...
[Coach] >>> Better ***NDCG@20*** of ***0.0374*** 
[Coach] >>> VALID @Epoch: 15 >>>  || RECALL@1 Avg: 0.0101 || RECALL@10 Avg: 0.0553 || RECALL@20 Avg: 0.0865 || NDCG@10 Avg: 0.0295 || NDCG@20 Avg: 0.0374
[Wall TIME] >>> Coach.valid takes 0.555779 seconds ...
[Epoch 016 Telemetry] BPR: 0.331525 | LHC: 0.000000 (lambda=0.000000) | 63197.6 samples/s | 1.88s
[Coach] >>> TRAIN @Epoch: 16 >>>  || LOSS Avg: 0.33152
[Wall TIME] >>> Coach.train takes 1.876567 seconds ...
[Epoch 017 Telemetry] BPR: 0.321022 | LHC: 0.000000 (lambda=0.000000) | 62111.9 samples/s | 1.91s
[Coach] >>> TRAIN @Epoch: 17 >>>  || LOSS Avg: 0.32102
[Wall TIME] >>> Coach.train takes 1.909386 seconds ...
[Epoch 018 Telemetry] BPR: 0.311611 | LHC: 0.000000 (lambda=0.000000) | 60830.6 samples/s | 1.95s
[Coach] >>> TRAIN @Epoch: 18 >>>  || LOSS Avg: 0.31161
[Wall TIME] >>> Coach.train takes 1.949668 seconds ...
[Epoch 019 Telemetry] BPR: 0.302970 | LHC: 0.000000 (lambda=0.000000) | 61437.1 samples/s | 1.93s
[Coach] >>> TRAIN @Epoch: 19 >>>  || LOSS Avg: 0.30297
[Wall TIME] >>> Coach.train takes 1.930403 seconds ...
[Epoch 020 Telemetry] BPR: 0.294441 | LHC: 0.000000 (lambda=0.000000) | 51132.1 samples/s | 2.32s
[Coach] >>> TRAIN @Epoch: 20 >>>  || LOSS Avg: 0.29444
[Wall TIME] >>> Coach.train takes 2.364384 seconds ...
[Coach] >>> Better ***NDCG@20*** of ***0.0380*** 
[Coach] >>> VALID @Epoch: 20 >>>  || RECALL@1 Avg: 0.0102 || RECALL@10 Avg: 0.0566 || RECALL@20 Avg: 0.0883 || NDCG@10 Avg: 0.0300 || NDCG@20 Avg: 0.0380
[Wall TIME] >>> Coach.valid takes 0.547485 seconds ...
[Epoch 021 Telemetry] BPR: 0.287493 | LHC: 0.000000 (lambda=0.000000) | 63019.8 samples/s | 1.88s
[Coach] >>> TRAIN @Epoch: 21 >>>  || LOSS Avg: 0.28749
[Wall TIME] >>> Coach.train takes 1.881983 seconds ...
[Epoch 022 Telemetry] BPR: 0.280385 | LHC: 0.000000 (lambda=0.000000) | 61578.5 samples/s | 1.93s
[Coach] >>> TRAIN @Epoch: 22 >>>  || LOSS Avg: 0.28039
[Wall TIME] >>> Coach.train takes 1.925972 seconds ...
[Epoch 023 Telemetry] BPR: 0.274997 | LHC: 0.000000 (lambda=0.000000) | 59535.2 samples/s | 1.99s
[Coach] >>> TRAIN @Epoch: 23 >>>  || LOSS Avg: 0.27500
[Wall TIME] >>> Coach.train takes 1.992048 seconds ...
[Epoch 024 Telemetry] BPR: 0.268861 | LHC: 0.000000 (lambda=0.000000) | 49886.5 samples/s | 2.38s
[Coach] >>> TRAIN @Epoch: 24 >>>  || LOSS Avg: 0.26886
[Wall TIME] >>> Coach.train takes 2.377280 seconds ...
[Epoch 025 Telemetry] BPR: 0.263680 | LHC: 0.000000 (lambda=0.000000) | 60267.3 samples/s | 1.97s
[Coach] >>> TRAIN @Epoch: 25 >>>  || LOSS Avg: 0.26368
[Wall TIME] >>> Coach.train takes 1.967798 seconds ...
[Coach] >>> Better ***NDCG@20*** of ***0.0387*** 
[Coach] >>> VALID @Epoch: 25 >>>  || RECALL@1 Avg: 0.0104 || RECALL@10 Avg: 0.0579 || RECALL@20 Avg: 0.0894 || NDCG@10 Avg: 0.0307 || NDCG@20 Avg: 0.0387
[Wall TIME] >>> Coach.valid takes 0.545546 seconds ...
[Epoch 026 Telemetry] BPR: 0.258995 | LHC: 0.000000 (lambda=0.000000) | 62630.1 samples/s | 1.89s
[Coach] >>> TRAIN @Epoch: 26 >>>  || LOSS Avg: 0.25899
[Wall TIME] >>> Coach.train takes 1.893590 seconds ...
[Epoch 027 Telemetry] BPR: 0.254944 | LHC: 0.000000 (lambda=0.000000) | 60950.6 samples/s | 1.95s
[Coach] >>> TRAIN @Epoch: 27 >>>  || LOSS Avg: 0.25494
[Wall TIME] >>> Coach.train takes 1.945743 seconds ...
[Epoch 028 Telemetry] BPR: 0.250001 | LHC: 0.000000 (lambda=0.000000) | 51359.5 samples/s | 2.31s
[Coach] >>> TRAIN @Epoch: 28 >>>  || LOSS Avg: 0.25000
[Wall TIME] >>> Coach.train takes 2.308955 seconds ...
[Epoch 029 Telemetry] BPR: 0.245825 | LHC: 0.000000 (lambda=0.000000) | 60535.3 samples/s | 1.96s
[Coach] >>> TRAIN @Epoch: 29 >>>  || LOSS Avg: 0.24583
[Wall TIME] >>> Coach.train takes 1.959127 seconds ...
[Epoch 030 Telemetry] BPR: 0.242297 | LHC: 0.000000 (lambda=0.000000) | 60117.0 samples/s | 1.97s
[Coach] >>> TRAIN @Epoch: 30 >>>  || LOSS Avg: 0.24230
[Wall TIME] >>> Coach.train takes 2.023674 seconds ...
[Coach] >>> Better ***NDCG@20*** of ***0.0395*** 
[Coach] >>> VALID @Epoch: 30 >>>  || RECALL@1 Avg: 0.0105 || RECALL@10 Avg: 0.0581 || RECALL@20 Avg: 0.0915 || NDCG@10 Avg: 0.0310 || NDCG@20 Avg: 0.0395
[Wall TIME] >>> Coach.valid takes 0.553170 seconds ...
[Epoch 031 Telemetry] BPR: 0.239089 | LHC: 0.000000 (lambda=0.000000) | 63195.1 samples/s | 1.88s
[Coach] >>> TRAIN @Epoch: 31 >>>  || LOSS Avg: 0.23909
[Wall TIME] >>> Coach.train takes 1.876685 seconds ...
[Epoch 032 Telemetry] BPR: 0.235685 | LHC: 0.000000 (lambda=0.000000) | 51244.8 samples/s | 2.31s
[Coach] >>> TRAIN @Epoch: 32 >>>  || LOSS Avg: 0.23568
[Wall TIME] >>> Coach.train takes 2.314167 seconds ...
[Epoch 033 Telemetry] BPR: 0.232273 | LHC: 0.000000 (lambda=0.000000) | 60499.0 samples/s | 1.96s
[Coach] >>> TRAIN @Epoch: 33 >>>  || LOSS Avg: 0.23227
[Wall TIME] >>> Coach.train takes 1.960533 seconds ...
[Epoch 034 Telemetry] BPR: 0.229569 | LHC: 0.000000 (lambda=0.000000) | 60300.6 samples/s | 1.97s
[Coach] >>> TRAIN @Epoch: 34 >>>  || LOSS Avg: 0.22957
[Wall TIME] >>> Coach.train takes 1.966830 seconds ...
[Epoch 035 Telemetry] BPR: 0.226200 | LHC: 0.000000 (lambda=0.000000) | 60142.3 samples/s | 1.97s
[Coach] >>> TRAIN @Epoch: 35 >>>  || LOSS Avg: 0.22620
[Wall TIME] >>> Coach.train takes 1.971881 seconds ...
[Coach] >>> Better ***NDCG@20*** of ***0.0401*** 
[Coach] >>> VALID @Epoch: 35 >>>  || RECALL@1 Avg: 0.0110 || RECALL@10 Avg: 0.0589 || RECALL@20 Avg: 0.0930 || NDCG@10 Avg: 0.0315 || NDCG@20 Avg: 0.0401
[Wall TIME] >>> Coach.valid takes 0.540893 seconds ...
[Epoch 036 Telemetry] BPR: 0.223425 | LHC: 0.000000 (lambda=0.000000) | 51431.0 samples/s | 2.31s
[Coach] >>> TRAIN @Epoch: 36 >>>  || LOSS Avg: 0.22343
[Wall TIME] >>> Coach.train takes 2.305764 seconds ...
[Epoch 037 Telemetry] BPR: 0.220750 | LHC: 0.000000 (lambda=0.000000) | 62089.7 samples/s | 1.91s
[Coach] >>> TRAIN @Epoch: 37 >>>  || LOSS Avg: 0.22075
[Wall TIME] >>> Coach.train takes 1.910082 seconds ...
[Epoch 038 Telemetry] BPR: 0.218173 | LHC: 0.000000 (lambda=0.000000) | 61207.1 samples/s | 1.94s
[Coach] >>> TRAIN @Epoch: 38 >>>  || LOSS Avg: 0.21817
[Wall TIME] >>> Coach.train takes 1.937623 seconds ...
[Epoch 039 Telemetry] BPR: 0.215780 | LHC: 0.000000 (lambda=0.000000) | 60728.2 samples/s | 1.95s
[Coach] >>> TRAIN @Epoch: 39 >>>  || LOSS Avg: 0.21578
[Wall TIME] >>> Coach.train takes 1.952912 seconds ...
[Epoch 040 Telemetry] BPR: 0.214002 | LHC: 0.000000 (lambda=0.000000) | 50423.7 samples/s | 2.35s
[Coach] >>> TRAIN @Epoch: 40 >>>  || LOSS Avg: 0.21400
[Wall TIME] >>> Coach.train takes 2.404313 seconds ...
[Coach] >>> Better ***NDCG@20*** of ***0.0406*** 
[Coach] >>> VALID @Epoch: 40 >>>  || RECALL@1 Avg: 0.0110 || RECALL@10 Avg: 0.0594 || RECALL@20 Avg: 0.0941 || NDCG@10 Avg: 0.0318 || NDCG@20 Avg: 0.0406
[Wall TIME] >>> Coach.valid takes 0.554436 seconds ...
[Epoch 041 Telemetry] BPR: 0.211513 | LHC: 0.000000 (lambda=0.000000) | 61198.5 samples/s | 1.94s
[Coach] >>> TRAIN @Epoch: 41 >>>  || LOSS Avg: 0.21151
[Wall TIME] >>> Coach.train takes 1.937804 seconds ...
[Epoch 042 Telemetry] BPR: 0.210035 | LHC: 0.000000 (lambda=0.000000) | 61356.4 samples/s | 1.93s
[Coach] >>> TRAIN @Epoch: 42 >>>  || LOSS Avg: 0.21004
[Wall TIME] >>> Coach.train takes 1.932840 seconds ...
[Epoch 043 Telemetry] BPR: 0.207942 | LHC: 0.000000 (lambda=0.000000) | 61855.4 samples/s | 1.92s
[Coach] >>> TRAIN @Epoch: 43 >>>  || LOSS Avg: 0.20794
[Wall TIME] >>> Coach.train takes 1.917290 seconds ...
[Epoch 044 Telemetry] BPR: 0.205539 | LHC: 0.000000 (lambda=0.000000) | 51613.8 samples/s | 2.30s
[Coach] >>> TRAIN @Epoch: 44 >>>  || LOSS Avg: 0.20554
[Wall TIME] >>> Coach.train takes 2.297560 seconds ...
[Epoch 045 Telemetry] BPR: 0.203823 | LHC: 0.000000 (lambda=0.000000) | 59908.1 samples/s | 1.98s
[Coach] >>> TRAIN @Epoch: 45 >>>  || LOSS Avg: 0.20382
[Wall TIME] >>> Coach.train takes 1.979552 seconds ...
[Coach] >>> Better ***NDCG@20*** of ***0.0408*** 
[Coach] >>> VALID @Epoch: 45 >>>  || RECALL@1 Avg: 0.0111 || RECALL@10 Avg: 0.0593 || RECALL@20 Avg: 0.0950 || NDCG@10 Avg: 0.0317 || NDCG@20 Avg: 0.0408
[Wall TIME] >>> Coach.valid takes 0.556751 seconds ...
[Epoch 046 Telemetry] BPR: 0.203006 | LHC: 0.000000 (lambda=0.000000) | 61964.5 samples/s | 1.91s
[Coach] >>> TRAIN @Epoch: 46 >>>  || LOSS Avg: 0.20301
[Wall TIME] >>> Coach.train takes 1.913933 seconds ...
[Epoch 047 Telemetry] BPR: 0.200834 | LHC: 0.000000 (lambda=0.000000) | 61934.8 samples/s | 1.91s
[Coach] >>> TRAIN @Epoch: 47 >>>  || LOSS Avg: 0.20083
[Wall TIME] >>> Coach.train takes 1.914783 seconds ...
[Epoch 048 Telemetry] BPR: 0.199018 | LHC: 0.000000 (lambda=0.000000) | 50889.8 samples/s | 2.33s
[Coach] >>> TRAIN @Epoch: 48 >>>  || LOSS Avg: 0.19902
[Wall TIME] >>> Coach.train takes 2.330297 seconds ...
[Epoch 049 Telemetry] BPR: 0.197579 | LHC: 0.000000 (lambda=0.000000) | 59973.4 samples/s | 1.98s
[Coach] >>> TRAIN @Epoch: 49 >>>  || LOSS Avg: 0.19758
[Wall TIME] >>> Coach.train takes 1.977371 seconds ...
[Epoch 050 Telemetry] BPR: 0.195698 | LHC: 0.000000 (lambda=0.000000) | 59325.3 samples/s | 2.00s
[Coach] >>> TRAIN @Epoch: 50 >>>  || LOSS Avg: 0.19570
[Wall TIME] >>> Coach.train takes 2.049020 seconds ...
[Coach] >>> Better ***NDCG@20*** of ***0.0409*** 
[Coach] >>> VALID @Epoch: 50 >>>  || RECALL@1 Avg: 0.0110 || RECALL@10 Avg: 0.0600 || RECALL@20 Avg: 0.0951 || NDCG@10 Avg: 0.0319 || NDCG@20 Avg: 0.0409
[Wall TIME] >>> Coach.valid takes 0.542436 seconds ...
[Epoch 051 Telemetry] BPR: 0.193981 | LHC: 0.000000 (lambda=0.000000) | 62481.7 samples/s | 1.90s
[Coach] >>> TRAIN @Epoch: 51 >>>  || LOSS Avg: 0.19398
[Wall TIME] >>> Coach.train takes 1.898081 seconds ...
[Epoch 052 Telemetry] BPR: 0.192671 | LHC: 0.000000 (lambda=0.000000) | 52544.7 samples/s | 2.26s
[Coach] >>> TRAIN @Epoch: 52 >>>  || LOSS Avg: 0.19267
[Wall TIME] >>> Coach.train takes 2.256938 seconds ...
[Epoch 053 Telemetry] BPR: 0.190687 | LHC: 0.000000 (lambda=0.000000) | 61293.0 samples/s | 1.93s
[Coach] >>> TRAIN @Epoch: 53 >>>  || LOSS Avg: 0.19069
[Wall TIME] >>> Coach.train takes 1.934887 seconds ...
[Epoch 054 Telemetry] BPR: 0.190649 | LHC: 0.000000 (lambda=0.000000) | 61304.0 samples/s | 1.93s
[Coach] >>> TRAIN @Epoch: 54 >>>  || LOSS Avg: 0.19065
[Wall TIME] >>> Coach.train takes 1.934561 seconds ...
[Epoch 055 Telemetry] BPR: 0.189257 | LHC: 0.000000 (lambda=0.000000) | 59996.3 samples/s | 1.98s
[Coach] >>> TRAIN @Epoch: 55 >>>  || LOSS Avg: 0.18926
[Wall TIME] >>> Coach.train takes 1.976747 seconds ...
[Coach] >>> Better ***NDCG@20*** of ***0.0409*** 
[Coach] >>> VALID @Epoch: 55 >>>  || RECALL@1 Avg: 0.0107 || RECALL@10 Avg: 0.0604 || RECALL@20 Avg: 0.0956 || NDCG@10 Avg: 0.0320 || NDCG@20 Avg: 0.0409
[Wall TIME] >>> Coach.valid takes 0.544093 seconds ...
[Epoch 056 Telemetry] BPR: 0.188245 | LHC: 0.000000 (lambda=0.000000) | 52892.6 samples/s | 2.24s
[Coach] >>> TRAIN @Epoch: 56 >>>  || LOSS Avg: 0.18824
[Wall TIME] >>> Coach.train takes 2.242053 seconds ...
[Epoch 057 Telemetry] BPR: 0.187159 | LHC: 0.000000 (lambda=0.000000) | 60849.6 samples/s | 1.95s
[Coach] >>> TRAIN @Epoch: 57 >>>  || LOSS Avg: 0.18716
[Wall TIME] >>> Coach.train takes 1.948968 seconds ...
[Epoch 058 Telemetry] BPR: 0.185400 | LHC: 0.000000 (lambda=0.000000) | 60877.6 samples/s | 1.95s
[Coach] >>> TRAIN @Epoch: 58 >>>  || LOSS Avg: 0.18540
[Wall TIME] >>> Coach.train takes 1.948168 seconds ...
[Epoch 059 Telemetry] BPR: 0.184586 | LHC: 0.000000 (lambda=0.000000) | 61366.2 samples/s | 1.93s
[Coach] >>> TRAIN @Epoch: 59 >>>  || LOSS Avg: 0.18459
[Wall TIME] >>> Coach.train takes 1.932566 seconds ...
[Epoch 060 Telemetry] BPR: 0.183264 | LHC: 0.000000 (lambda=0.000000) | 50945.5 samples/s | 2.33s
[Coach] >>> TRAIN @Epoch: 60 >>>  || LOSS Avg: 0.18326
[Wall TIME] >>> Coach.train takes 2.371691 seconds ...
[Coach] >>> Better ***NDCG@20*** of ***0.0413*** 
[Coach] >>> VALID @Epoch: 60 >>>  || RECALL@1 Avg: 0.0114 || RECALL@10 Avg: 0.0612 || RECALL@20 Avg: 0.0961 || NDCG@10 Avg: 0.0324 || NDCG@20 Avg: 0.0413
[Wall TIME] >>> Coach.valid takes 0.571572 seconds ...
[Epoch 061 Telemetry] BPR: 0.182843 | LHC: 0.000000 (lambda=0.000000) | 61664.6 samples/s | 1.92s
[Coach] >>> TRAIN @Epoch: 61 >>>  || LOSS Avg: 0.18284
[Wall TIME] >>> Coach.train takes 1.923423 seconds ...
[Epoch 062 Telemetry] BPR: 0.181152 | LHC: 0.000000 (lambda=0.000000) | 61244.2 samples/s | 1.94s
[Coach] >>> TRAIN @Epoch: 62 >>>  || LOSS Avg: 0.18115
[Wall TIME] >>> Coach.train takes 1.936441 seconds ...
[Epoch 063 Telemetry] BPR: 0.180405 | LHC: 0.000000 (lambda=0.000000) | 61806.2 samples/s | 1.92s
[Coach] >>> TRAIN @Epoch: 63 >>>  || LOSS Avg: 0.18040
[Wall TIME] >>> Coach.train takes 1.918895 seconds ...
[Epoch 064 Telemetry] BPR: 0.179646 | LHC: 0.000000 (lambda=0.000000) | 51407.4 samples/s | 2.31s
[Coach] >>> TRAIN @Epoch: 64 >>>  || LOSS Avg: 0.17965
[Wall TIME] >>> Coach.train takes 2.306800 seconds ...
[Epoch 065 Telemetry] BPR: 0.178238 | LHC: 0.000000 (lambda=0.000000) | 59719.4 samples/s | 1.99s
[Coach] >>> TRAIN @Epoch: 65 >>>  || LOSS Avg: 0.17824
[Wall TIME] >>> Coach.train takes 1.985882 seconds ...
[Coach] >>> Better ***NDCG@20*** of ***0.0414*** 
[Coach] >>> VALID @Epoch: 65 >>>  || RECALL@1 Avg: 0.0112 || RECALL@10 Avg: 0.0622 || RECALL@20 Avg: 0.0964 || NDCG@10 Avg: 0.0327 || NDCG@20 Avg: 0.0414
[Wall TIME] >>> Coach.valid takes 0.542811 seconds ...
[Epoch 066 Telemetry] BPR: 0.178116 | LHC: 0.000000 (lambda=0.000000) | 62589.0 samples/s | 1.89s
[Coach] >>> TRAIN @Epoch: 66 >>>  || LOSS Avg: 0.17812
[Wall TIME] >>> Coach.train takes 1.894793 seconds ...
[Epoch 067 Telemetry] BPR: 0.177134 | LHC: 0.000000 (lambda=0.000000) | 62062.2 samples/s | 1.91s
[Coach] >>> TRAIN @Epoch: 67 >>>  || LOSS Avg: 0.17713
[Wall TIME] >>> Coach.train takes 1.910871 seconds ...
[Epoch 068 Telemetry] BPR: 0.175708 | LHC: 0.000000 (lambda=0.000000) | 61908.0 samples/s | 1.91s
[Coach] >>> TRAIN @Epoch: 68 >>>  || LOSS Avg: 0.17571
[Wall TIME] >>> Coach.train takes 1.915638 seconds ...
[Epoch 069 Telemetry] BPR: 0.175982 | LHC: 0.000000 (lambda=0.000000) | 51240.4 samples/s | 2.31s
[Coach] >>> TRAIN @Epoch: 69 >>>  || LOSS Avg: 0.17598
[Wall TIME] >>> Coach.train takes 2.314317 seconds ...
[Epoch 070 Telemetry] BPR: 0.174631 | LHC: 0.000000 (lambda=0.000000) | 61028.9 samples/s | 1.94s
[Coach] >>> TRAIN @Epoch: 70 >>>  || LOSS Avg: 0.17463
[Wall TIME] >>> Coach.train takes 1.988644 seconds ...
[Coach] >>> Better ***NDCG@20*** of ***0.0417*** 
[Coach] >>> VALID @Epoch: 70 >>>  || RECALL@1 Avg: 0.0115 || RECALL@10 Avg: 0.0623 || RECALL@20 Avg: 0.0966 || NDCG@10 Avg: 0.0330 || NDCG@20 Avg: 0.0417
[Wall TIME] >>> Coach.valid takes 0.546885 seconds ...
[Epoch 071 Telemetry] BPR: 0.173941 | LHC: 0.000000 (lambda=0.000000) | 62469.4 samples/s | 1.90s
[Coach] >>> TRAIN @Epoch: 71 >>>  || LOSS Avg: 0.17394
[Wall TIME] >>> Coach.train takes 1.898487 seconds ...
[Epoch 072 Telemetry] BPR: 0.172921 | LHC: 0.000000 (lambda=0.000000) | 61878.1 samples/s | 1.92s
[Coach] >>> TRAIN @Epoch: 72 >>>  || LOSS Avg: 0.17292
[Wall TIME] >>> Coach.train takes 1.916620 seconds ...
[Epoch 073 Telemetry] BPR: 0.172872 | LHC: 0.000000 (lambda=0.000000) | 51885.8 samples/s | 2.28s
[Coach] >>> TRAIN @Epoch: 73 >>>  || LOSS Avg: 0.17287
[Wall TIME] >>> Coach.train takes 2.285627 seconds ...
[Epoch 074 Telemetry] BPR: 0.171880 | LHC: 0.000000 (lambda=0.000000) | 58516.9 samples/s | 2.03s
[Coach] >>> TRAIN @Epoch: 74 >>>  || LOSS Avg: 0.17188
[Wall TIME] >>> Coach.train takes 2.026577 seconds ...
[Epoch 075 Telemetry] BPR: 0.171254 | LHC: 0.000000 (lambda=0.000000) | 59922.4 samples/s | 1.98s
[Coach] >>> TRAIN @Epoch: 75 >>>  || LOSS Avg: 0.17125
[Wall TIME] >>> Coach.train takes 1.979078 seconds ...
[Coach] >>> Better ***NDCG@20*** of ***0.0422*** 
[Coach] >>> VALID @Epoch: 75 >>>  || RECALL@1 Avg: 0.0119 || RECALL@10 Avg: 0.0620 || RECALL@20 Avg: 0.0976 || NDCG@10 Avg: 0.0331 || NDCG@20 Avg: 0.0422
[Wall TIME] >>> Coach.valid takes 0.543075 seconds ...
[Epoch 076 Telemetry] BPR: 0.169964 | LHC: 0.000000 (lambda=0.000000) | 62976.4 samples/s | 1.88s
[Coach] >>> TRAIN @Epoch: 76 >>>  || LOSS Avg: 0.16996
[Wall TIME] >>> Coach.train takes 1.883264 seconds ...
[Epoch 077 Telemetry] BPR: 0.170310 | LHC: 0.000000 (lambda=0.000000) | 52700.8 samples/s | 2.25s
[Coach] >>> TRAIN @Epoch: 77 >>>  || LOSS Avg: 0.17031
[Wall TIME] >>> Coach.train takes 2.250196 seconds ...
[Epoch 078 Telemetry] BPR: 0.168821 | LHC: 0.000000 (lambda=0.000000) | 60020.2 samples/s | 1.98s
[Coach] >>> TRAIN @Epoch: 78 >>>  || LOSS Avg: 0.16882
[Wall TIME] >>> Coach.train takes 1.975878 seconds ...
[Epoch 079 Telemetry] BPR: 0.168990 | LHC: 0.000000 (lambda=0.000000) | 60914.2 samples/s | 1.95s
[Coach] >>> TRAIN @Epoch: 79 >>>  || LOSS Avg: 0.16899
[Wall TIME] >>> Coach.train takes 1.946907 seconds ...
[Epoch 080 Telemetry] BPR: 0.168285 | LHC: 0.000000 (lambda=0.000000) | 60399.7 samples/s | 1.96s
[Coach] >>> TRAIN @Epoch: 80 >>>  || LOSS Avg: 0.16829
[Wall TIME] >>> Coach.train takes 2.007956 seconds ...
[Coach] >>> VALID @Epoch: 80 >>>  || RECALL@1 Avg: 0.0115 || RECALL@10 Avg: 0.0616 || RECALL@20 Avg: 0.0972 || NDCG@10 Avg: 0.0329 || NDCG@20 Avg: 0.0419
[Wall TIME] >>> Coach.valid takes 0.510347 seconds ...
[Epoch 081 Telemetry] BPR: 0.167579 | LHC: 0.000000 (lambda=0.000000) | 52380.1 samples/s | 2.26s
[Coach] >>> TRAIN @Epoch: 81 >>>  || LOSS Avg: 0.16758
[Wall TIME] >>> Coach.train takes 2.264001 seconds ...
[Epoch 082 Telemetry] BPR: 0.166916 | LHC: 0.000000 (lambda=0.000000) | 61507.5 samples/s | 1.93s
[Coach] >>> TRAIN @Epoch: 82 >>>  || LOSS Avg: 0.16692
[Wall TIME] >>> Coach.train takes 1.928173 seconds ...
[Epoch 083 Telemetry] BPR: 0.166881 | LHC: 0.000000 (lambda=0.000000) | 60230.7 samples/s | 1.97s
[Coach] >>> TRAIN @Epoch: 83 >>>  || LOSS Avg: 0.16688
[Wall TIME] >>> Coach.train takes 1.968966 seconds ...
[Epoch 084 Telemetry] BPR: 0.166379 | LHC: 0.000000 (lambda=0.000000) | 60675.0 samples/s | 1.95s
[Coach] >>> TRAIN @Epoch: 84 >>>  || LOSS Avg: 0.16638
[Wall TIME] >>> Coach.train takes 1.954614 seconds ...
[Epoch 085 Telemetry] BPR: 0.165727 | LHC: 0.000000 (lambda=0.000000) | 50432.3 samples/s | 2.35s
[Coach] >>> TRAIN @Epoch: 85 >>>  || LOSS Avg: 0.16573
[Wall TIME] >>> Coach.train takes 2.351454 seconds ...
[Coach] >>> VALID @Epoch: 85 >>>  || RECALL@1 Avg: 0.0117 || RECALL@10 Avg: 0.0620 || RECALL@20 Avg: 0.0977 || NDCG@10 Avg: 0.0330 || NDCG@20 Avg: 0.0421
[Wall TIME] >>> Coach.valid takes 0.533210 seconds ...
[Epoch 086 Telemetry] BPR: 0.164923 | LHC: 0.000000 (lambda=0.000000) | 61871.4 samples/s | 1.92s
[Coach] >>> TRAIN @Epoch: 86 >>>  || LOSS Avg: 0.16492
[Wall TIME] >>> Coach.train takes 1.916773 seconds ...
[Epoch 087 Telemetry] BPR: 0.164890 | LHC: 0.000000 (lambda=0.000000) | 61455.0 samples/s | 1.93s
[Coach] >>> TRAIN @Epoch: 87 >>>  || LOSS Avg: 0.16489
[Wall TIME] >>> Coach.train takes 1.929809 seconds ...
[Epoch 088 Telemetry] BPR: 0.164054 | LHC: 0.000000 (lambda=0.000000) | 60742.3 samples/s | 1.95s
[Coach] >>> TRAIN @Epoch: 88 >>>  || LOSS Avg: 0.16405
[Wall TIME] >>> Coach.train takes 1.952442 seconds ...
[Epoch 089 Telemetry] BPR: 0.163613 | LHC: 0.000000 (lambda=0.000000) | 51604.7 samples/s | 2.30s
[Coach] >>> TRAIN @Epoch: 89 >>>  || LOSS Avg: 0.16361
[Wall TIME] >>> Coach.train takes 2.297902 seconds ...
[Epoch 090 Telemetry] BPR: 0.163051 | LHC: 0.000000 (lambda=0.000000) | 59708.5 samples/s | 1.99s
[Coach] >>> TRAIN @Epoch: 90 >>>  || LOSS Avg: 0.16305
[Wall TIME] >>> Coach.train takes 2.032281 seconds ...
[Coach] >>> Better ***NDCG@20*** of ***0.0422*** 
[Coach] >>> VALID @Epoch: 90 >>>  || RECALL@1 Avg: 0.0120 || RECALL@10 Avg: 0.0628 || RECALL@20 Avg: 0.0972 || NDCG@10 Avg: 0.0334 || NDCG@20 Avg: 0.0422
[Wall TIME] >>> Coach.valid takes 0.550431 seconds ...
[Epoch 091 Telemetry] BPR: 0.163145 | LHC: 0.000000 (lambda=0.000000) | 62684.0 samples/s | 1.89s
[Coach] >>> TRAIN @Epoch: 91 >>>  || LOSS Avg: 0.16314
[Wall TIME] >>> Coach.train takes 1.892133 seconds ...
[Epoch 092 Telemetry] BPR: 0.162110 | LHC: 0.000000 (lambda=0.000000) | 60962.0 samples/s | 1.94s
[Coach] >>> TRAIN @Epoch: 92 >>>  || LOSS Avg: 0.16211
[Wall TIME] >>> Coach.train takes 1.945407 seconds ...
[Epoch 093 Telemetry] BPR: 0.161596 | LHC: 0.000000 (lambda=0.000000) | 60957.1 samples/s | 1.94s
[Coach] >>> TRAIN @Epoch: 93 >>>  || LOSS Avg: 0.16160
[Wall TIME] >>> Coach.train takes 1.945529 seconds ...
[Epoch 094 Telemetry] BPR: 0.161303 | LHC: 0.000000 (lambda=0.000000) | 51319.8 samples/s | 2.31s
[Coach] >>> TRAIN @Epoch: 94 >>>  || LOSS Avg: 0.16130
[Wall TIME] >>> Coach.train takes 2.310866 seconds ...
[Epoch 095 Telemetry] BPR: 0.161276 | LHC: 0.000000 (lambda=0.000000) | 59539.8 samples/s | 1.99s
[Coach] >>> TRAIN @Epoch: 95 >>>  || LOSS Avg: 0.16128
[Wall TIME] >>> Coach.train takes 1.991752 seconds ...
[Coach] >>> Better ***NDCG@20*** of ***0.0427*** 
[Coach] >>> VALID @Epoch: 95 >>>  || RECALL@1 Avg: 0.0123 || RECALL@10 Avg: 0.0623 || RECALL@20 Avg: 0.0985 || NDCG@10 Avg: 0.0334 || NDCG@20 Avg: 0.0427
[Wall TIME] >>> Coach.valid takes 0.541561 seconds ...
[Epoch 096 Telemetry] BPR: 0.160347 | LHC: 0.000000 (lambda=0.000000) | 62555.3 samples/s | 1.90s
[Coach] >>> TRAIN @Epoch: 96 >>>  || LOSS Avg: 0.16035
[Wall TIME] >>> Coach.train takes 1.895884 seconds ...
[Epoch 097 Telemetry] BPR: 0.161178 | LHC: 0.000000 (lambda=0.000000) | 61402.2 samples/s | 1.93s
[Coach] >>> TRAIN @Epoch: 97 >>>  || LOSS Avg: 0.16118
[Wall TIME] >>> Coach.train takes 1.931414 seconds ...
[Epoch 098 Telemetry] BPR: 0.159801 | LHC: 0.000000 (lambda=0.000000) | 50682.6 samples/s | 2.34s
[Coach] >>> TRAIN @Epoch: 98 >>>  || LOSS Avg: 0.15980
[Wall TIME] >>> Coach.train takes 2.339817 seconds ...
[Epoch 099 Telemetry] BPR: 0.159347 | LHC: 0.000000 (lambda=0.000000) | 57979.5 samples/s | 2.04s
[Coach] >>> TRAIN @Epoch: 99 >>>  || LOSS Avg: 0.15935
[Wall TIME] >>> Coach.train takes 2.045440 seconds ...
[Epoch 100 Telemetry] BPR: 0.158460 | LHC: 0.000000 (lambda=0.000000) | 58703.9 samples/s | 2.02s
[Coach] >>> TRAIN @Epoch: 100 >>>  || LOSS Avg: 0.15846
[Wall TIME] >>> Coach.train takes 2.065628 seconds ...
[Coach] >>> VALID @Epoch: 100 >>>  || RECALL@1 Avg: 0.0121 || RECALL@10 Avg: 0.0630 || RECALL@20 Avg: 0.0979 || NDCG@10 Avg: 0.0336 || NDCG@20 Avg: 0.0424
[Wall TIME] >>> Coach.valid takes 0.523873 seconds ...
[Epoch 101 Telemetry] BPR: 0.159053 | LHC: 0.000000 (lambda=0.000000) | 63031.1 samples/s | 1.88s
[Coach] >>> TRAIN @Epoch: 101 >>>  || LOSS Avg: 0.15905
[Wall TIME] >>> Coach.train takes 1.881464 seconds ...
[Epoch 102 Telemetry] BPR: 0.157949 | LHC: 0.000000 (lambda=0.000000) | 52117.5 samples/s | 2.27s
[Coach] >>> TRAIN @Epoch: 102 >>>  || LOSS Avg: 0.15795
[Wall TIME] >>> Coach.train takes 2.275300 seconds ...
[Epoch 103 Telemetry] BPR: 0.158592 | LHC: 0.000000 (lambda=0.000000) | 61302.7 samples/s | 1.93s
[Coach] >>> TRAIN @Epoch: 103 >>>  || LOSS Avg: 0.15859
[Wall TIME] >>> Coach.train takes 1.934562 seconds ...
[Epoch 104 Telemetry] BPR: 0.158119 | LHC: 0.000000 (lambda=0.000000) | 60318.6 samples/s | 1.97s
[Coach] >>> TRAIN @Epoch: 104 >>>  || LOSS Avg: 0.15812
[Wall TIME] >>> Coach.train takes 1.966081 seconds ...
[Epoch 105 Telemetry] BPR: 0.157594 | LHC: 0.000000 (lambda=0.000000) | 60769.8 samples/s | 1.95s
[Coach] >>> TRAIN @Epoch: 105 >>>  || LOSS Avg: 0.15759
[Wall TIME] >>> Coach.train takes 1.951635 seconds ...
[Coach] >>> VALID @Epoch: 105 >>>  || RECALL@1 Avg: 0.0122 || RECALL@10 Avg: 0.0624 || RECALL@20 Avg: 0.0975 || NDCG@10 Avg: 0.0334 || NDCG@20 Avg: 0.0424
[Wall TIME] >>> Coach.valid takes 0.510928 seconds ...
[Epoch 106 Telemetry] BPR: 0.156825 | LHC: 0.000000 (lambda=0.000000) | 52455.4 samples/s | 2.26s
[Coach] >>> TRAIN @Epoch: 106 >>>  || LOSS Avg: 0.15682
[Wall TIME] >>> Coach.train takes 2.260683 seconds ...
[Epoch 107 Telemetry] BPR: 0.156534 | LHC: 0.000000 (lambda=0.000000) | 61951.4 samples/s | 1.91s
[Coach] >>> TRAIN @Epoch: 107 >>>  || LOSS Avg: 0.15653
[Wall TIME] >>> Coach.train takes 1.914348 seconds ...
[Epoch 108 Telemetry] BPR: 0.157347 | LHC: 0.000000 (lambda=0.000000) | 61391.2 samples/s | 1.93s
[Coach] >>> TRAIN @Epoch: 108 >>>  || LOSS Avg: 0.15735
[Wall TIME] >>> Coach.train takes 1.931906 seconds ...
[Epoch 109 Telemetry] BPR: 0.156127 | LHC: 0.000000 (lambda=0.000000) | 61225.8 samples/s | 1.94s
[Coach] >>> TRAIN @Epoch: 109 >>>  || LOSS Avg: 0.15613
[Wall TIME] >>> Coach.train takes 1.937042 seconds ...
[Epoch 110 Telemetry] BPR: 0.155431 | LHC: 0.000000 (lambda=0.000000) | 51529.0 samples/s | 2.30s
[Coach] >>> TRAIN @Epoch: 110 >>>  || LOSS Avg: 0.15543
[Wall TIME] >>> Coach.train takes 2.347470 seconds ...
[Coach] >>> VALID @Epoch: 110 >>>  || RECALL@1 Avg: 0.0122 || RECALL@10 Avg: 0.0640 || RECALL@20 Avg: 0.0982 || NDCG@10 Avg: 0.0339 || NDCG@20 Avg: 0.0426
[Wall TIME] >>> Coach.valid takes 0.527621 seconds ...
[Epoch 111 Telemetry] BPR: 0.154714 | LHC: 0.000000 (lambda=0.000000) | 59838.6 samples/s | 1.98s
[Coach] >>> TRAIN @Epoch: 111 >>>  || LOSS Avg: 0.15471
[Wall TIME] >>> Coach.train takes 1.981984 seconds ...
[Epoch 112 Telemetry] BPR: 0.155493 | LHC: 0.000000 (lambda=0.000000) | 61124.4 samples/s | 1.94s
[Coach] >>> TRAIN @Epoch: 112 >>>  || LOSS Avg: 0.15549
[Wall TIME] >>> Coach.train takes 1.940226 seconds ...
[Epoch 113 Telemetry] BPR: 0.154976 | LHC: 0.000000 (lambda=0.000000) | 60658.9 samples/s | 1.95s
[Coach] >>> TRAIN @Epoch: 113 >>>  || LOSS Avg: 0.15498
[Wall TIME] >>> Coach.train takes 1.955067 seconds ...
[Epoch 114 Telemetry] BPR: 0.154351 | LHC: 0.000000 (lambda=0.000000) | 51620.3 samples/s | 2.30s
[Coach] >>> TRAIN @Epoch: 114 >>>  || LOSS Avg: 0.15435
[Wall TIME] >>> Coach.train takes 2.297325 seconds ...
[Epoch 115 Telemetry] BPR: 0.154301 | LHC: 0.000000 (lambda=0.000000) | 59869.8 samples/s | 1.98s
[Coach] >>> TRAIN @Epoch: 115 >>>  || LOSS Avg: 0.15430
[Wall TIME] >>> Coach.train takes 1.980875 seconds ...
[Coach] >>> VALID @Epoch: 115 >>>  || RECALL@1 Avg: 0.0121 || RECALL@10 Avg: 0.0632 || RECALL@20 Avg: 0.0976 || NDCG@10 Avg: 0.0336 || NDCG@20 Avg: 0.0424
[Wall TIME] >>> Coach.valid takes 0.534002 seconds ...
[Epoch 116 Telemetry] BPR: 0.153908 | LHC: 0.000000 (lambda=0.000000) | 62790.7 samples/s | 1.89s
[Coach] >>> TRAIN @Epoch: 116 >>>  || LOSS Avg: 0.15391
[Wall TIME] >>> Coach.train takes 1.888735 seconds ...
[Epoch 117 Telemetry] BPR: 0.153689 | LHC: 0.000000 (lambda=0.000000) | 62492.7 samples/s | 1.90s
[Coach] >>> TRAIN @Epoch: 117 >>>  || LOSS Avg: 0.15369
[Wall TIME] >>> Coach.train takes 1.897810 seconds ...
[Epoch 118 Telemetry] BPR: 0.153279 | LHC: 0.000000 (lambda=0.000000) | 52662.4 samples/s | 2.25s
[Coach] >>> TRAIN @Epoch: 118 >>>  || LOSS Avg: 0.15328
[Wall TIME] >>> Coach.train takes 2.251815 seconds ...
[Epoch 119 Telemetry] BPR: 0.153464 | LHC: 0.000000 (lambda=0.000000) | 61389.8 samples/s | 1.93s
[Coach] >>> TRAIN @Epoch: 119 >>>  || LOSS Avg: 0.15346
[Wall TIME] >>> Coach.train takes 1.931855 seconds ...
[Epoch 120 Telemetry] BPR: 0.152915 | LHC: 0.000000 (lambda=0.000000) | 59384.1 samples/s | 2.00s
[Coach] >>> TRAIN @Epoch: 120 >>>  || LOSS Avg: 0.15292
[Wall TIME] >>> Coach.train takes 2.043833 seconds ...
[Coach] >>> VALID @Epoch: 120 >>>  || RECALL@1 Avg: 0.0120 || RECALL@10 Avg: 0.0628 || RECALL@20 Avg: 0.0985 || NDCG@10 Avg: 0.0335 || NDCG@20 Avg: 0.0426
[Wall TIME] >>> Coach.valid takes 0.525352 seconds ...
[Epoch 121 Telemetry] BPR: 0.152940 | LHC: 0.000000 (lambda=0.000000) | 62152.7 samples/s | 1.91s
[Coach] >>> TRAIN @Epoch: 121 >>>  || LOSS Avg: 0.15294
[Wall TIME] >>> Coach.train takes 1.908212 seconds ...
[Epoch 122 Telemetry] BPR: 0.153313 | LHC: 0.000000 (lambda=0.000000) | 61953.8 samples/s | 1.91s
[Coach] >>> TRAIN @Epoch: 122 >>>  || LOSS Avg: 0.15331
[Wall TIME] >>> Coach.train takes 1.914173 seconds ...
[Epoch 123 Telemetry] BPR: 0.152168 | LHC: 0.000000 (lambda=0.000000) | 52087.2 samples/s | 2.28s
[Coach] >>> TRAIN @Epoch: 123 >>>  || LOSS Avg: 0.15217
[Wall TIME] >>> Coach.train takes 2.276653 seconds ...
[Epoch 124 Telemetry] BPR: 0.152225 | LHC: 0.000000 (lambda=0.000000) | 59901.7 samples/s | 1.98s
[Coach] >>> TRAIN @Epoch: 124 >>>  || LOSS Avg: 0.15223
[Wall TIME] >>> Coach.train takes 1.979807 seconds ...
[Epoch 125 Telemetry] BPR: 0.152611 | LHC: 0.000000 (lambda=0.000000) | 58136.8 samples/s | 2.04s
[Coach] >>> TRAIN @Epoch: 125 >>>  || LOSS Avg: 0.15261
[Wall TIME] >>> Coach.train takes 2.039865 seconds ...
[Coach] >>> VALID @Epoch: 125 >>>  || RECALL@1 Avg: 0.0118 || RECALL@10 Avg: 0.0631 || RECALL@20 Avg: 0.0989 || NDCG@10 Avg: 0.0335 || NDCG@20 Avg: 0.0426
[Wall TIME] >>> Coach.valid takes 0.515574 seconds ...
[Epoch 126 Telemetry] BPR: 0.152049 | LHC: 0.000000 (lambda=0.000000) | 61209.9 samples/s | 1.94s
[Coach] >>> TRAIN @Epoch: 126 >>>  || LOSS Avg: 0.15205
[Wall TIME] >>> Coach.train takes 1.937565 seconds ...
[Epoch 127 Telemetry] BPR: 0.151360 | LHC: 0.000000 (lambda=0.000000) | 51575.9 samples/s | 2.30s
[Coach] >>> TRAIN @Epoch: 127 >>>  || LOSS Avg: 0.15136
[Wall TIME] >>> Coach.train takes 2.299264 seconds ...
[Epoch 128 Telemetry] BPR: 0.151055 | LHC: 0.000000 (lambda=0.000000) | 60487.8 samples/s | 1.96s
[Coach] >>> TRAIN @Epoch: 128 >>>  || LOSS Avg: 0.15106
[Wall TIME] >>> Coach.train takes 1.960653 seconds ...
[Epoch 129 Telemetry] BPR: 0.151484 | LHC: 0.000000 (lambda=0.000000) | 59351.3 samples/s | 2.00s
[Coach] >>> TRAIN @Epoch: 129 >>>  || LOSS Avg: 0.15148
[Wall TIME] >>> Coach.train takes 1.998068 seconds ...
[Epoch 130 Telemetry] BPR: 0.150651 | LHC: 0.000000 (lambda=0.000000) | 59151.3 samples/s | 2.00s
[Coach] >>> TRAIN @Epoch: 130 >>>  || LOSS Avg: 0.15065
[Wall TIME] >>> Coach.train takes 2.055416 seconds ...
[Coach] >>> VALID @Epoch: 130 >>>  || RECALL@1 Avg: 0.0120 || RECALL@10 Avg: 0.0630 || RECALL@20 Avg: 0.0981 || NDCG@10 Avg: 0.0335 || NDCG@20 Avg: 0.0425
[Wall TIME] >>> Coach.valid takes 0.522189 seconds ...
[Epoch 131 Telemetry] BPR: 0.150393 | LHC: 0.000000 (lambda=0.000000) | 52354.7 samples/s | 2.26s
[Coach] >>> TRAIN @Epoch: 131 >>>  || LOSS Avg: 0.15039
[Wall TIME] >>> Coach.train takes 2.265108 seconds ...
[Epoch 132 Telemetry] BPR: 0.150919 | LHC: 0.000000 (lambda=0.000000) | 61667.9 samples/s | 1.92s
[Coach] >>> TRAIN @Epoch: 132 >>>  || LOSS Avg: 0.15092
[Wall TIME] >>> Coach.train takes 1.923207 seconds ...
[Epoch 133 Telemetry] BPR: 0.151175 | LHC: 0.000000 (lambda=0.000000) | 62063.2 samples/s | 1.91s
[Coach] >>> TRAIN @Epoch: 133 >>>  || LOSS Avg: 0.15117
[Wall TIME] >>> Coach.train takes 1.910842 seconds ...
[Epoch 134 Telemetry] BPR: 0.150636 | LHC: 0.000000 (lambda=0.000000) | 60268.9 samples/s | 1.97s
[Coach] >>> TRAIN @Epoch: 134 >>>  || LOSS Avg: 0.15064
[Wall TIME] >>> Coach.train takes 1.967748 seconds ...
[Epoch 135 Telemetry] BPR: 0.150062 | LHC: 0.000000 (lambda=0.000000) | 51075.8 samples/s | 2.32s
[Coach] >>> TRAIN @Epoch: 135 >>>  || LOSS Avg: 0.15006
[Wall TIME] >>> Coach.train takes 2.321793 seconds ...
[Coach] >>> VALID @Epoch: 135 >>>  || RECALL@1 Avg: 0.0121 || RECALL@10 Avg: 0.0627 || RECALL@20 Avg: 0.0985 || NDCG@10 Avg: 0.0335 || NDCG@20 Avg: 0.0427
[Wall TIME] >>> Coach.valid takes 0.514523 seconds ...
[Epoch 136 Telemetry] BPR: 0.150373 | LHC: 0.000000 (lambda=0.000000) | 61983.1 samples/s | 1.91s
[Coach] >>> TRAIN @Epoch: 136 >>>  || LOSS Avg: 0.15037
[Wall TIME] >>> Coach.train takes 1.913336 seconds ...
[Epoch 137 Telemetry] BPR: 0.149326 | LHC: 0.000000 (lambda=0.000000) | 60532.9 samples/s | 1.96s
[Coach] >>> TRAIN @Epoch: 137 >>>  || LOSS Avg: 0.14933
[Wall TIME] >>> Coach.train takes 1.959199 seconds ...
[Epoch 138 Telemetry] BPR: 0.149398 | LHC: 0.000000 (lambda=0.000000) | 60026.5 samples/s | 1.97s
[Coach] >>> TRAIN @Epoch: 138 >>>  || LOSS Avg: 0.14940
[Wall TIME] >>> Coach.train takes 1.975728 seconds ...
[Epoch 139 Telemetry] BPR: 0.149435 | LHC: 0.000000 (lambda=0.000000) | 50232.6 samples/s | 2.36s
[Coach] >>> TRAIN @Epoch: 139 >>>  || LOSS Avg: 0.14943
[Wall TIME] >>> Coach.train takes 2.360814 seconds ...
[Epoch 140 Telemetry] BPR: 0.149059 | LHC: 0.000000 (lambda=0.000000) | 58568.9 samples/s | 2.02s
[Coach] >>> TRAIN @Epoch: 140 >>>  || LOSS Avg: 0.14906
[Wall TIME] >>> Coach.train takes 2.079815 seconds ...
[Coach] >>> Better ***NDCG@20*** of ***0.0428*** 
[Coach] >>> VALID @Epoch: 140 >>>  || RECALL@1 Avg: 0.0121 || RECALL@10 Avg: 0.0631 || RECALL@20 Avg: 0.0987 || NDCG@10 Avg: 0.0337 || NDCG@20 Avg: 0.0428
[Wall TIME] >>> Coach.valid takes 0.561377 seconds ...
[Epoch 141 Telemetry] BPR: 0.148943 | LHC: 0.000000 (lambda=0.000000) | 60223.2 samples/s | 1.97s
[Coach] >>> TRAIN @Epoch: 141 >>>  || LOSS Avg: 0.14894
[Wall TIME] >>> Coach.train takes 1.969241 seconds ...
[Epoch 142 Telemetry] BPR: 0.149059 | LHC: 0.000000 (lambda=0.000000) | 61890.4 samples/s | 1.92s
[Coach] >>> TRAIN @Epoch: 142 >>>  || LOSS Avg: 0.14906
[Wall TIME] >>> Coach.train takes 1.916149 seconds ...
[Epoch 143 Telemetry] BPR: 0.149047 | LHC: 0.000000 (lambda=0.000000) | 52102.6 samples/s | 2.28s
[Coach] >>> TRAIN @Epoch: 143 >>>  || LOSS Avg: 0.14905
[Wall TIME] >>> Coach.train takes 2.276014 seconds ...
[Epoch 144 Telemetry] BPR: 0.148239 | LHC: 0.000000 (lambda=0.000000) | 60993.9 samples/s | 1.94s
[Coach] >>> TRAIN @Epoch: 144 >>>  || LOSS Avg: 0.14824
[Wall TIME] >>> Coach.train takes 1.944389 seconds ...
[Epoch 145 Telemetry] BPR: 0.148218 | LHC: 0.000000 (lambda=0.000000) | 60449.2 samples/s | 1.96s
[Coach] >>> TRAIN @Epoch: 145 >>>  || LOSS Avg: 0.14822
[Wall TIME] >>> Coach.train takes 1.961962 seconds ...
[Coach] >>> VALID @Epoch: 145 >>>  || RECALL@1 Avg: 0.0121 || RECALL@10 Avg: 0.0633 || RECALL@20 Avg: 0.0987 || NDCG@10 Avg: 0.0337 || NDCG@20 Avg: 0.0427
[Wall TIME] >>> Coach.valid takes 0.513371 seconds ...
[Epoch 146 Telemetry] BPR: 0.147802 | LHC: 0.000000 (lambda=0.000000) | 62896.1 samples/s | 1.88s
[Coach] >>> TRAIN @Epoch: 146 >>>  || LOSS Avg: 0.14780
[Wall TIME] >>> Coach.train takes 1.885570 seconds ...
[Epoch 147 Telemetry] BPR: 0.148396 | LHC: 0.000000 (lambda=0.000000) | 62181.1 samples/s | 1.91s
[Coach] >>> TRAIN @Epoch: 147 >>>  || LOSS Avg: 0.14840
[Wall TIME] >>> Coach.train takes 1.907254 seconds ...
[Epoch 148 Telemetry] BPR: 0.148195 | LHC: 0.000000 (lambda=0.000000) | 50679.0 samples/s | 2.34s
[Coach] >>> TRAIN @Epoch: 148 >>>  || LOSS Avg: 0.14819
[Wall TIME] >>> Coach.train takes 2.339965 seconds ...
[Epoch 149 Telemetry] BPR: 0.147709 | LHC: 0.000000 (lambda=0.000000) | 58867.5 samples/s | 2.01s
[Coach] >>> TRAIN @Epoch: 149 >>>  || LOSS Avg: 0.14771
[Wall TIME] >>> Coach.train takes 2.014540 seconds ...
[Epoch 150 Telemetry] BPR: 0.147478 | LHC: 0.000000 (lambda=0.000000) | 58732.8 samples/s | 2.02s
[Coach] >>> TRAIN @Epoch: 150 >>>  || LOSS Avg: 0.14748
[Wall TIME] >>> Coach.train takes 2.064675 seconds ...
[Coach] >>> VALID @Epoch: 150 >>>  || RECALL@1 Avg: 0.0124 || RECALL@10 Avg: 0.0634 || RECALL@20 Avg: 0.0985 || NDCG@10 Avg: 0.0338 || NDCG@20 Avg: 0.0427
[Wall TIME] >>> Coach.valid takes 0.523104 seconds ...
[Epoch 151 Telemetry] BPR: 0.147838 | LHC: 0.000000 (lambda=0.000000) | 62133.9 samples/s | 1.91s
[Coach] >>> TRAIN @Epoch: 151 >>>  || LOSS Avg: 0.14784
[Wall TIME] >>> Coach.train takes 1.908709 seconds ...
[Epoch 152 Telemetry] BPR: 0.147808 | LHC: 0.000000 (lambda=0.000000) | 51573.7 samples/s | 2.30s
[Coach] >>> TRAIN @Epoch: 152 >>>  || LOSS Avg: 0.14781
[Wall TIME] >>> Coach.train takes 2.299343 seconds ...
[Epoch 153 Telemetry] BPR: 0.146802 | LHC: 0.000000 (lambda=0.000000) | 59362.8 samples/s | 2.00s
[Coach] >>> TRAIN @Epoch: 153 >>>  || LOSS Avg: 0.14680
[Wall TIME] >>> Coach.train takes 1.997746 seconds ...
[Epoch 154 Telemetry] BPR: 0.147479 | LHC: 0.000000 (lambda=0.000000) | 60444.6 samples/s | 1.96s
[Coach] >>> TRAIN @Epoch: 154 >>>  || LOSS Avg: 0.14748
[Wall TIME] >>> Coach.train takes 1.962110 seconds ...
[Epoch 155 Telemetry] BPR: 0.146803 | LHC: 0.000000 (lambda=0.000000) | 59390.3 samples/s | 2.00s
[Coach] >>> TRAIN @Epoch: 155 >>>  || LOSS Avg: 0.14680
[Wall TIME] >>> Coach.train takes 1.996864 seconds ...
[Coach] >>> Better ***NDCG@20*** of ***0.0428*** 
[Coach] >>> VALID @Epoch: 155 >>>  || RECALL@1 Avg: 0.0124 || RECALL@10 Avg: 0.0638 || RECALL@20 Avg: 0.0987 || NDCG@10 Avg: 0.0339 || NDCG@20 Avg: 0.0428
[Wall TIME] >>> Coach.valid takes 0.543357 seconds ...
[Epoch 156 Telemetry] BPR: 0.146591 | LHC: 0.000000 (lambda=0.000000) | 52706.4 samples/s | 2.25s
[Coach] >>> TRAIN @Epoch: 156 >>>  || LOSS Avg: 0.14659
[Wall TIME] >>> Coach.train takes 2.250003 seconds ...
[Epoch 157 Telemetry] BPR: 0.147023 | LHC: 0.000000 (lambda=0.000000) | 61003.0 samples/s | 1.94s
[Coach] >>> TRAIN @Epoch: 157 >>>  || LOSS Avg: 0.14702
[Wall TIME] >>> Coach.train takes 1.944138 seconds ...
[Epoch 158 Telemetry] BPR: 0.147295 | LHC: 0.000000 (lambda=0.000000) | 61886.8 samples/s | 1.92s
[Coach] >>> TRAIN @Epoch: 158 >>>  || LOSS Avg: 0.14729
[Wall TIME] >>> Coach.train takes 1.916298 seconds ...
[Epoch 159 Telemetry] BPR: 0.146363 | LHC: 0.000000 (lambda=0.000000) | 61234.6 samples/s | 1.94s
[Coach] >>> TRAIN @Epoch: 159 >>>  || LOSS Avg: 0.14636
[Wall TIME] >>> Coach.train takes 1.936773 seconds ...
[Epoch 160 Telemetry] BPR: 0.146075 | LHC: 0.000000 (lambda=0.000000) | 50972.1 samples/s | 2.33s
[Coach] >>> TRAIN @Epoch: 160 >>>  || LOSS Avg: 0.14608
[Wall TIME] >>> Coach.train takes 2.375081 seconds ...
[Coach] >>> VALID @Epoch: 160 >>>  || RECALL@1 Avg: 0.0122 || RECALL@10 Avg: 0.0636 || RECALL@20 Avg: 0.0988 || NDCG@10 Avg: 0.0338 || NDCG@20 Avg: 0.0427
[Wall TIME] >>> Coach.valid takes 0.526923 seconds ...
[Epoch 161 Telemetry] BPR: 0.146023 | LHC: 0.000000 (lambda=0.000000) | 62191.8 samples/s | 1.91s
[Coach] >>> TRAIN @Epoch: 161 >>>  || LOSS Avg: 0.14602
[Wall TIME] >>> Coach.train takes 1.906901 seconds ...
[Epoch 162 Telemetry] BPR: 0.146941 | LHC: 0.000000 (lambda=0.000000) | 59976.7 samples/s | 1.98s
[Coach] >>> TRAIN @Epoch: 162 >>>  || LOSS Avg: 0.14694
[Wall TIME] >>> Coach.train takes 1.977248 seconds ...
[Epoch 163 Telemetry] BPR: 0.145844 | LHC: 0.000000 (lambda=0.000000) | 61465.7 samples/s | 1.93s
[Coach] >>> TRAIN @Epoch: 163 >>>  || LOSS Avg: 0.14584
[Wall TIME] >>> Coach.train takes 1.929476 seconds ...
[Epoch 164 Telemetry] BPR: 0.146151 | LHC: 0.000000 (lambda=0.000000) | 51110.2 samples/s | 2.32s
[Coach] >>> TRAIN @Epoch: 164 >>>  || LOSS Avg: 0.14615
[Wall TIME] >>> Coach.train takes 2.320158 seconds ...
[Epoch 165 Telemetry] BPR: 0.146401 | LHC: 0.000000 (lambda=0.000000) | 59043.0 samples/s | 2.01s
[Coach] >>> TRAIN @Epoch: 165 >>>  || LOSS Avg: 0.14640
[Wall TIME] >>> Coach.train takes 2.008558 seconds ...
[Coach] >>> VALID @Epoch: 165 >>>  || RECALL@1 Avg: 0.0120 || RECALL@10 Avg: 0.0641 || RECALL@20 Avg: 0.0986 || NDCG@10 Avg: 0.0339 || NDCG@20 Avg: 0.0426
[Wall TIME] >>> Coach.valid takes 0.517397 seconds ...
[Epoch 166 Telemetry] BPR: 0.145555 | LHC: 0.000000 (lambda=0.000000) | 62431.0 samples/s | 1.90s
[Coach] >>> TRAIN @Epoch: 166 >>>  || LOSS Avg: 0.14556
[Wall TIME] >>> Coach.train takes 1.899612 seconds ...
[Epoch 167 Telemetry] BPR: 0.145813 | LHC: 0.000000 (lambda=0.000000) | 61076.5 samples/s | 1.94s
[Coach] >>> TRAIN @Epoch: 167 >>>  || LOSS Avg: 0.14581
[Wall TIME] >>> Coach.train takes 1.941652 seconds ...
[Epoch 168 Telemetry] BPR: 0.145806 | LHC: 0.000000 (lambda=0.000000) | 52527.9 samples/s | 2.26s
[Coach] >>> TRAIN @Epoch: 168 >>>  || LOSS Avg: 0.14581
[Wall TIME] >>> Coach.train takes 2.257535 seconds ...
[Epoch 169 Telemetry] BPR: 0.145644 | LHC: 0.000000 (lambda=0.000000) | 60628.6 samples/s | 1.96s
[Coach] >>> TRAIN @Epoch: 169 >>>  || LOSS Avg: 0.14564
[Wall TIME] >>> Coach.train takes 1.956013 seconds ...
[Epoch 170 Telemetry] BPR: 0.144979 | LHC: 0.000000 (lambda=0.000000) | 59969.8 samples/s | 1.98s
[Coach] >>> TRAIN @Epoch: 170 >>>  || LOSS Avg: 0.14498
[Wall TIME] >>> Coach.train takes 2.022575 seconds ...
[Coach] >>> VALID @Epoch: 170 >>>  || RECALL@1 Avg: 0.0120 || RECALL@10 Avg: 0.0632 || RECALL@20 Avg: 0.0987 || NDCG@10 Avg: 0.0337 || NDCG@20 Avg: 0.0427
[Wall TIME] >>> Coach.valid takes 0.518755 seconds ...
[Epoch 171 Telemetry] BPR: 0.144940 | LHC: 0.000000 (lambda=0.000000) | 61981.7 samples/s | 1.91s
[Coach] >>> TRAIN @Epoch: 171 >>>  || LOSS Avg: 0.14494
[Wall TIME] >>> Coach.train takes 1.913251 seconds ...
[Epoch 172 Telemetry] BPR: 0.144931 | LHC: 0.000000 (lambda=0.000000) | 62380.0 samples/s | 1.90s
[Coach] >>> TRAIN @Epoch: 172 >>>  || LOSS Avg: 0.14493
[Wall TIME] >>> Coach.train takes 1.901173 seconds ...
[Epoch 173 Telemetry] BPR: 0.144947 | LHC: 0.000000 (lambda=0.000000) | 51933.6 samples/s | 2.28s
[Coach] >>> TRAIN @Epoch: 173 >>>  || LOSS Avg: 0.14495
[Wall TIME] >>> Coach.train takes 2.283497 seconds ...
[Epoch 174 Telemetry] BPR: 0.145014 | LHC: 0.000000 (lambda=0.000000) | 60897.7 samples/s | 1.95s
[Coach] >>> TRAIN @Epoch: 174 >>>  || LOSS Avg: 0.14501
[Wall TIME] >>> Coach.train takes 1.947356 seconds ...
[Epoch 175 Telemetry] BPR: 0.144482 | LHC: 0.000000 (lambda=0.000000) | 60331.9 samples/s | 1.96s
[Coach] >>> TRAIN @Epoch: 175 >>>  || LOSS Avg: 0.14448
[Wall TIME] >>> Coach.train takes 1.965639 seconds ...
[Coach] >>> VALID @Epoch: 175 >>>  || RECALL@1 Avg: 0.0119 || RECALL@10 Avg: 0.0646 || RECALL@20 Avg: 0.0982 || NDCG@10 Avg: 0.0341 || NDCG@20 Avg: 0.0426
[Wall TIME] >>> Coach.valid takes 0.517144 seconds ...
[Epoch 176 Telemetry] BPR: 0.144164 | LHC: 0.000000 (lambda=0.000000) | 60205.6 samples/s | 1.97s
[Coach] >>> TRAIN @Epoch: 176 >>>  || LOSS Avg: 0.14416
[Wall TIME] >>> Coach.train takes 1.969865 seconds ...
[Epoch 177 Telemetry] BPR: 0.144273 | LHC: 0.000000 (lambda=0.000000) | 50550.3 samples/s | 2.35s
[Coach] >>> TRAIN @Epoch: 177 >>>  || LOSS Avg: 0.14427
[Wall TIME] >>> Coach.train takes 2.345932 seconds ...
[Epoch 178 Telemetry] BPR: 0.145146 | LHC: 0.000000 (lambda=0.000000) | 59154.3 samples/s | 2.00s
[Coach] >>> TRAIN @Epoch: 178 >>>  || LOSS Avg: 0.14515
[Wall TIME] >>> Coach.train takes 2.004854 seconds ...
[Epoch 179 Telemetry] BPR: 0.145243 | LHC: 0.000000 (lambda=0.000000) | 60013.3 samples/s | 1.98s
[Coach] >>> TRAIN @Epoch: 179 >>>  || LOSS Avg: 0.14524
[Wall TIME] >>> Coach.train takes 1.976031 seconds ...
[Epoch 180 Telemetry] BPR: 0.144245 | LHC: 0.000000 (lambda=0.000000) | 60734.9 samples/s | 1.95s
[Coach] >>> TRAIN @Epoch: 180 >>>  || LOSS Avg: 0.14425
[Wall TIME] >>> Coach.train takes 2.003107 seconds ...
[Coach] >>> Better ***NDCG@20*** of ***0.0429*** 
[Coach] >>> VALID @Epoch: 180 >>>  || RECALL@1 Avg: 0.0123 || RECALL@10 Avg: 0.0637 || RECALL@20 Avg: 0.0993 || NDCG@10 Avg: 0.0339 || NDCG@20 Avg: 0.0429
[Wall TIME] >>> Coach.valid takes 0.542391 seconds ...
[Epoch 181 Telemetry] BPR: 0.144559 | LHC: 0.000000 (lambda=0.000000) | 52202.6 samples/s | 2.27s
[Coach] >>> TRAIN @Epoch: 181 >>>  || LOSS Avg: 0.14456
[Wall TIME] >>> Coach.train takes 2.271696 seconds ...
[Epoch 182 Telemetry] BPR: 0.143747 | LHC: 0.000000 (lambda=0.000000) | 62731.7 samples/s | 1.89s
[Coach] >>> TRAIN @Epoch: 182 >>>  || LOSS Avg: 0.14375
[Wall TIME] >>> Coach.train takes 1.890462 seconds ...
[Epoch 183 Telemetry] BPR: 0.144062 | LHC: 0.000000 (lambda=0.000000) | 62038.4 samples/s | 1.91s
[Coach] >>> TRAIN @Epoch: 183 >>>  || LOSS Avg: 0.14406
[Wall TIME] >>> Coach.train takes 1.911642 seconds ...
[Epoch 184 Telemetry] BPR: 0.143759 | LHC: 0.000000 (lambda=0.000000) | 61705.1 samples/s | 1.92s
[Coach] >>> TRAIN @Epoch: 184 >>>  || LOSS Avg: 0.14376
[Wall TIME] >>> Coach.train takes 1.922001 seconds ...
[Epoch 185 Telemetry] BPR: 0.143815 | LHC: 0.000000 (lambda=0.000000) | 50626.2 samples/s | 2.34s
[Coach] >>> TRAIN @Epoch: 185 >>>  || LOSS Avg: 0.14382
[Wall TIME] >>> Coach.train takes 2.342397 seconds ...
[Coach] >>> VALID @Epoch: 185 >>>  || RECALL@1 Avg: 0.0123 || RECALL@10 Avg: 0.0634 || RECALL@20 Avg: 0.0987 || NDCG@10 Avg: 0.0338 || NDCG@20 Avg: 0.0428
[Wall TIME] >>> Coach.valid takes 0.517531 seconds ...
[Epoch 186 Telemetry] BPR: 0.143307 | LHC: 0.000000 (lambda=0.000000) | 62945.5 samples/s | 1.88s
[Coach] >>> TRAIN @Epoch: 186 >>>  || LOSS Avg: 0.14331
[Wall TIME] >>> Coach.train takes 1.883981 seconds ...
[Epoch 187 Telemetry] BPR: 0.143557 | LHC: 0.000000 (lambda=0.000000) | 62266.5 samples/s | 1.90s
[Coach] >>> TRAIN @Epoch: 187 >>>  || LOSS Avg: 0.14356
[Wall TIME] >>> Coach.train takes 1.904617 seconds ...
[Epoch 188 Telemetry] BPR: 0.143974 | LHC: 0.000000 (lambda=0.000000) | 61629.4 samples/s | 1.92s
[Coach] >>> TRAIN @Epoch: 188 >>>  || LOSS Avg: 0.14397
[Wall TIME] >>> Coach.train takes 1.924332 seconds ...
[Epoch 189 Telemetry] BPR: 0.144219 | LHC: 0.000000 (lambda=0.000000) | 51362.6 samples/s | 2.31s
[Coach] >>> TRAIN @Epoch: 189 >>>  || LOSS Avg: 0.14422
[Wall TIME] >>> Coach.train takes 2.308838 seconds ...
[Epoch 190 Telemetry] BPR: 0.143512 | LHC: 0.000000 (lambda=0.000000) | 58948.8 samples/s | 2.01s
[Coach] >>> TRAIN @Epoch: 190 >>>  || LOSS Avg: 0.14351
[Wall TIME] >>> Coach.train takes 2.061096 seconds ...
[Coach] >>> VALID @Epoch: 190 >>>  || RECALL@1 Avg: 0.0123 || RECALL@10 Avg: 0.0634 || RECALL@20 Avg: 0.0991 || NDCG@10 Avg: 0.0337 || NDCG@20 Avg: 0.0428
[Wall TIME] >>> Coach.valid takes 0.526053 seconds ...
[Epoch 191 Telemetry] BPR: 0.143121 | LHC: 0.000000 (lambda=0.000000) | 62723.8 samples/s | 1.89s
[Coach] >>> TRAIN @Epoch: 191 >>>  || LOSS Avg: 0.14312
[Wall TIME] >>> Coach.train takes 1.890797 seconds ...
[Epoch 192 Telemetry] BPR: 0.143491 | LHC: 0.000000 (lambda=0.000000) | 62427.8 samples/s | 1.90s
[Coach] >>> TRAIN @Epoch: 192 >>>  || LOSS Avg: 0.14349
[Wall TIME] >>> Coach.train takes 1.899628 seconds ...
[Epoch 193 Telemetry] BPR: 0.143758 | LHC: 0.000000 (lambda=0.000000) | 51841.9 samples/s | 2.29s
[Coach] >>> TRAIN @Epoch: 193 >>>  || LOSS Avg: 0.14376
[Wall TIME] >>> Coach.train takes 2.287541 seconds ...
[Epoch 194 Telemetry] BPR: 0.143319 | LHC: 0.000000 (lambda=0.000000) | 61055.8 samples/s | 1.94s
[Coach] >>> TRAIN @Epoch: 194 >>>  || LOSS Avg: 0.14332
[Wall TIME] >>> Coach.train takes 1.942447 seconds ...
[Epoch 195 Telemetry] BPR: 0.143160 | LHC: 0.000000 (lambda=0.000000) | 59179.8 samples/s | 2.00s
[Coach] >>> TRAIN @Epoch: 195 >>>  || LOSS Avg: 0.14316
[Wall TIME] >>> Coach.train takes 2.003928 seconds ...
[Coach] >>> VALID @Epoch: 195 >>>  || RECALL@1 Avg: 0.0124 || RECALL@10 Avg: 0.0635 || RECALL@20 Avg: 0.0985 || NDCG@10 Avg: 0.0339 || NDCG@20 Avg: 0.0428
[Wall TIME] >>> Coach.valid takes 0.517243 seconds ...
[Epoch 196 Telemetry] BPR: 0.143307 | LHC: 0.000000 (lambda=0.000000) | 62936.5 samples/s | 1.88s
[Coach] >>> TRAIN @Epoch: 196 >>>  || LOSS Avg: 0.14331
[Wall TIME] >>> Coach.train takes 1.884248 seconds ...
[Epoch 197 Telemetry] BPR: 0.143166 | LHC: 0.000000 (lambda=0.000000) | 52632.5 samples/s | 2.25s
[Coach] >>> TRAIN @Epoch: 197 >>>  || LOSS Avg: 0.14317
[Wall TIME] >>> Coach.train takes 2.253057 seconds ...
[Epoch 198 Telemetry] BPR: 0.143045 | LHC: 0.000000 (lambda=0.000000) | 61335.5 samples/s | 1.93s
[Coach] >>> TRAIN @Epoch: 198 >>>  || LOSS Avg: 0.14305
[Wall TIME] >>> Coach.train takes 1.933535 seconds ...
[Epoch 199 Telemetry] BPR: 0.142419 | LHC: 0.000000 (lambda=0.000000) | 61368.7 samples/s | 1.93s
[Coach] >>> TRAIN @Epoch: 199 >>>  || LOSS Avg: 0.14242
[Wall TIME] >>> Coach.train takes 1.932534 seconds ...
[Epoch 200 Telemetry] BPR: 0.142467 | LHC: 0.000000 (lambda=0.000000) | 59627.9 samples/s | 1.99s
[Coach] >>> TRAIN @Epoch: 200 >>>  || LOSS Avg: 0.14247
[Wall TIME] >>> Coach.train takes 2.033974 seconds ...
[Coach] >>> Better ***NDCG@20*** of ***0.0430*** 
[Coach] >>> VALID @Epoch: 200 >>>  || RECALL@1 Avg: 0.0122 || RECALL@10 Avg: 0.0640 || RECALL@20 Avg: 0.0994 || NDCG@10 Avg: 0.0340 || NDCG@20 Avg: 0.0430
[Wall TIME] >>> Coach.valid takes 0.549762 seconds ...
[Epoch 201 Telemetry] BPR: 0.142362 | LHC: 0.000000 (lambda=0.000000) | 61323.6 samples/s | 1.93s
[Coach] >>> TRAIN @Epoch: 201 >>>  || LOSS Avg: 0.14236
[Wall TIME] >>> Coach.train takes 1.933947 seconds ...
[Epoch 202 Telemetry] BPR: 0.142590 | LHC: 0.000000 (lambda=0.000000) | 51334.5 samples/s | 2.31s
[Coach] >>> TRAIN @Epoch: 202 >>>  || LOSS Avg: 0.14259
[Wall TIME] >>> Coach.train takes 2.310115 seconds ...
[Epoch 203 Telemetry] BPR: 0.142703 | LHC: 0.000000 (lambda=0.000000) | 61383.1 samples/s | 1.93s
[Coach] >>> TRAIN @Epoch: 203 >>>  || LOSS Avg: 0.14270
[Wall TIME] >>> Coach.train takes 1.932086 seconds ...
[Epoch 204 Telemetry] BPR: 0.142119 | LHC: 0.000000 (lambda=0.000000) | 59799.9 samples/s | 1.98s
[Coach] >>> TRAIN @Epoch: 204 >>>  || LOSS Avg: 0.14212
[Wall TIME] >>> Coach.train takes 1.983196 seconds ...
[Epoch 205 Telemetry] BPR: 0.142257 | LHC: 0.000000 (lambda=0.000000) | 60168.6 samples/s | 1.97s
[Coach] >>> TRAIN @Epoch: 205 >>>  || LOSS Avg: 0.14226
[Wall TIME] >>> Coach.train takes 1.971132 seconds ...
[Coach] >>> VALID @Epoch: 205 >>>  || RECALL@1 Avg: 0.0123 || RECALL@10 Avg: 0.0638 || RECALL@20 Avg: 0.0990 || NDCG@10 Avg: 0.0340 || NDCG@20 Avg: 0.0429
[Wall TIME] >>> Coach.valid takes 0.513436 seconds ...
[Epoch 206 Telemetry] BPR: 0.142332 | LHC: 0.000000 (lambda=0.000000) | 53026.2 samples/s | 2.24s
[Coach] >>> TRAIN @Epoch: 206 >>>  || LOSS Avg: 0.14233
[Wall TIME] >>> Coach.train takes 2.236437 seconds ...
[Epoch 207 Telemetry] BPR: 0.141940 | LHC: 0.000000 (lambda=0.000000) | 62426.6 samples/s | 1.90s
[Coach] >>> TRAIN @Epoch: 207 >>>  || LOSS Avg: 0.14194
[Wall TIME] >>> Coach.train takes 1.899845 seconds ...
[Epoch 208 Telemetry] BPR: 0.142416 | LHC: 0.000000 (lambda=0.000000) | 62169.0 samples/s | 1.91s
[Coach] >>> TRAIN @Epoch: 208 >>>  || LOSS Avg: 0.14242
[Wall TIME] >>> Coach.train takes 1.907628 seconds ...
[Epoch 209 Telemetry] BPR: 0.141703 | LHC: 0.000000 (lambda=0.000000) | 61134.9 samples/s | 1.94s
[Coach] >>> TRAIN @Epoch: 209 >>>  || LOSS Avg: 0.14170
[Wall TIME] >>> Coach.train takes 1.939891 seconds ...
[Epoch 210 Telemetry] BPR: 0.141766 | LHC: 0.000000 (lambda=0.000000) | 51404.5 samples/s | 2.31s
[Coach] >>> TRAIN @Epoch: 210 >>>  || LOSS Avg: 0.14177
[Wall TIME] >>> Coach.train takes 2.351829 seconds ...
[Coach] >>> Better ***NDCG@20*** of ***0.0431*** 
[Coach] >>> VALID @Epoch: 210 >>>  || RECALL@1 Avg: 0.0124 || RECALL@10 Avg: 0.0646 || RECALL@20 Avg: 0.0995 || NDCG@10 Avg: 0.0342 || NDCG@20 Avg: 0.0431
[Wall TIME] >>> Coach.valid takes 0.545787 seconds ...
[Epoch 211 Telemetry] BPR: 0.141579 | LHC: 0.000000 (lambda=0.000000) | 62078.1 samples/s | 1.91s
[Coach] >>> TRAIN @Epoch: 211 >>>  || LOSS Avg: 0.14158
[Wall TIME] >>> Coach.train takes 1.910566 seconds ...
[Epoch 212 Telemetry] BPR: 0.141789 | LHC: 0.000000 (lambda=0.000000) | 62277.9 samples/s | 1.90s
[Coach] >>> TRAIN @Epoch: 212 >>>  || LOSS Avg: 0.14179
[Wall TIME] >>> Coach.train takes 1.904320 seconds ...
[Epoch 213 Telemetry] BPR: 0.141145 | LHC: 0.000000 (lambda=0.000000) | 61262.9 samples/s | 1.94s
[Coach] >>> TRAIN @Epoch: 213 >>>  || LOSS Avg: 0.14114
[Wall TIME] >>> Coach.train takes 1.935785 seconds ...
[Epoch 214 Telemetry] BPR: 0.141851 | LHC: 0.000000 (lambda=0.000000) | 51132.4 samples/s | 2.32s
[Coach] >>> TRAIN @Epoch: 214 >>>  || LOSS Avg: 0.14185
[Wall TIME] >>> Coach.train takes 2.319261 seconds ...
[Epoch 215 Telemetry] BPR: 0.142081 | LHC: 0.000000 (lambda=0.000000) | 60161.7 samples/s | 1.97s
[Coach] >>> TRAIN @Epoch: 215 >>>  || LOSS Avg: 0.14208
[Wall TIME] >>> Coach.train takes 1.971299 seconds ...
[Coach] >>> Better ***NDCG@20*** of ***0.0433*** 
[Coach] >>> VALID @Epoch: 215 >>>  || RECALL@1 Avg: 0.0128 || RECALL@10 Avg: 0.0641 || RECALL@20 Avg: 0.0998 || NDCG@10 Avg: 0.0343 || NDCG@20 Avg: 0.0433
[Wall TIME] >>> Coach.valid takes 0.539731 seconds ...
[Epoch 216 Telemetry] BPR: 0.142642 | LHC: 0.000000 (lambda=0.000000) | 62020.9 samples/s | 1.91s
[Coach] >>> TRAIN @Epoch: 216 >>>  || LOSS Avg: 0.14264
[Wall TIME] >>> Coach.train takes 1.912124 seconds ...
[Epoch 217 Telemetry] BPR: 0.141604 | LHC: 0.000000 (lambda=0.000000) | 62551.1 samples/s | 1.90s
[Coach] >>> TRAIN @Epoch: 217 >>>  || LOSS Avg: 0.14160
[Wall TIME] >>> Coach.train takes 1.896065 seconds ...
[Epoch 218 Telemetry] BPR: 0.141421 | LHC: 0.000000 (lambda=0.000000) | 49392.3 samples/s | 2.40s
[Coach] >>> TRAIN @Epoch: 218 >>>  || LOSS Avg: 0.14142
[Wall TIME] >>> Coach.train takes 2.401043 seconds ...
[Epoch 219 Telemetry] BPR: 0.141647 | LHC: 0.000000 (lambda=0.000000) | 59098.4 samples/s | 2.01s
[Coach] >>> TRAIN @Epoch: 219 >>>  || LOSS Avg: 0.14165
[Wall TIME] >>> Coach.train takes 2.006711 seconds ...
[Epoch 220 Telemetry] BPR: 0.141566 | LHC: 0.000000 (lambda=0.000000) | 60151.1 samples/s | 1.97s
[Coach] >>> TRAIN @Epoch: 220 >>>  || LOSS Avg: 0.14157
[Wall TIME] >>> Coach.train takes 2.015815 seconds ...
[Coach] >>> VALID @Epoch: 220 >>>  || RECALL@1 Avg: 0.0128 || RECALL@10 Avg: 0.0641 || RECALL@20 Avg: 0.0993 || NDCG@10 Avg: 0.0341 || NDCG@20 Avg: 0.0431
[Wall TIME] >>> Coach.valid takes 0.523129 seconds ...
[Epoch 221 Telemetry] BPR: 0.141505 | LHC: 0.000000 (lambda=0.000000) | 62753.3 samples/s | 1.89s
[Coach] >>> TRAIN @Epoch: 221 >>>  || LOSS Avg: 0.14151
[Wall TIME] >>> Coach.train takes 1.889842 seconds ...
[Epoch 222 Telemetry] BPR: 0.141463 | LHC: 0.000000 (lambda=0.000000) | 52659.2 samples/s | 2.25s
[Coach] >>> TRAIN @Epoch: 222 >>>  || LOSS Avg: 0.14146
[Wall TIME] >>> Coach.train takes 2.251966 seconds ...
[Epoch 223 Telemetry] BPR: 0.141500 | LHC: 0.000000 (lambda=0.000000) | 59969.8 samples/s | 1.98s
[Coach] >>> TRAIN @Epoch: 223 >>>  || LOSS Avg: 0.14150
[Wall TIME] >>> Coach.train takes 1.977615 seconds ...
[Epoch 224 Telemetry] BPR: 0.140671 | LHC: 0.000000 (lambda=0.000000) | 61046.6 samples/s | 1.94s
[Coach] >>> TRAIN @Epoch: 224 >>>  || LOSS Avg: 0.14067
[Wall TIME] >>> Coach.train takes 1.942680 seconds ...
[Epoch 225 Telemetry] BPR: 0.140987 | LHC: 0.000000 (lambda=0.000000) | 60004.4 samples/s | 1.98s
[Coach] >>> TRAIN @Epoch: 225 >>>  || LOSS Avg: 0.14099
[Wall TIME] >>> Coach.train takes 1.976423 seconds ...
[Coach] >>> VALID @Epoch: 225 >>>  || RECALL@1 Avg: 0.0129 || RECALL@10 Avg: 0.0637 || RECALL@20 Avg: 0.0988 || NDCG@10 Avg: 0.0341 || NDCG@20 Avg: 0.0431
[Wall TIME] >>> Coach.valid takes 0.515552 seconds ...
[Epoch 226 Telemetry] BPR: 0.141037 | LHC: 0.000000 (lambda=0.000000) | 62400.3 samples/s | 1.90s
[Coach] >>> TRAIN @Epoch: 226 >>>  || LOSS Avg: 0.14104
[Wall TIME] >>> Coach.train takes 1.900442 seconds ...
[Epoch 227 Telemetry] BPR: 0.140723 | LHC: 0.000000 (lambda=0.000000) | 51891.2 samples/s | 2.28s
[Coach] >>> TRAIN @Epoch: 227 >>>  || LOSS Avg: 0.14072
[Wall TIME] >>> Coach.train takes 2.285233 seconds ...
[Epoch 228 Telemetry] BPR: 0.140539 | LHC: 0.000000 (lambda=0.000000) | 61319.4 samples/s | 1.93s
[Coach] >>> TRAIN @Epoch: 228 >>>  || LOSS Avg: 0.14054
[Wall TIME] >>> Coach.train takes 1.934124 seconds ...
[Epoch 229 Telemetry] BPR: 0.141149 | LHC: 0.000000 (lambda=0.000000) | 61198.3 samples/s | 1.94s
[Coach] >>> TRAIN @Epoch: 229 >>>  || LOSS Avg: 0.14115
[Wall TIME] >>> Coach.train takes 1.937839 seconds ...
[Epoch 230 Telemetry] BPR: 0.139996 | LHC: 0.000000 (lambda=0.000000) | 60461.7 samples/s | 1.96s
[Coach] >>> TRAIN @Epoch: 230 >>>  || LOSS Avg: 0.14000
[Wall TIME] >>> Coach.train takes 2.006432 seconds ...
[Coach] >>> VALID @Epoch: 230 >>>  || RECALL@1 Avg: 0.0123 || RECALL@10 Avg: 0.0645 || RECALL@20 Avg: 0.1000 || NDCG@10 Avg: 0.0341 || NDCG@20 Avg: 0.0431
[Wall TIME] >>> Coach.valid takes 0.517984 seconds ...
[Epoch 231 Telemetry] BPR: 0.140247 | LHC: 0.000000 (lambda=0.000000) | 52669.0 samples/s | 2.25s
[Coach] >>> TRAIN @Epoch: 231 >>>  || LOSS Avg: 0.14025
[Wall TIME] >>> Coach.train takes 2.251572 seconds ...
[Epoch 232 Telemetry] BPR: 0.140748 | LHC: 0.000000 (lambda=0.000000) | 60833.4 samples/s | 1.95s
[Coach] >>> TRAIN @Epoch: 232 >>>  || LOSS Avg: 0.14075
[Wall TIME] >>> Coach.train takes 1.949571 seconds ...
[Epoch 233 Telemetry] BPR: 0.140705 | LHC: 0.000000 (lambda=0.000000) | 61804.1 samples/s | 1.92s
[Coach] >>> TRAIN @Epoch: 233 >>>  || LOSS Avg: 0.14071
[Wall TIME] >>> Coach.train takes 1.918892 seconds ...
[Epoch 234 Telemetry] BPR: 0.140525 | LHC: 0.000000 (lambda=0.000000) | 61243.5 samples/s | 1.94s
[Coach] >>> TRAIN @Epoch: 234 >>>  || LOSS Avg: 0.14053
[Wall TIME] >>> Coach.train takes 1.936519 seconds ...
[Epoch 235 Telemetry] BPR: 0.140844 | LHC: 0.000000 (lambda=0.000000) | 50865.3 samples/s | 2.33s
[Coach] >>> TRAIN @Epoch: 235 >>>  || LOSS Avg: 0.14084
[Wall TIME] >>> Coach.train takes 2.331306 seconds ...
[Coach] >>> VALID @Epoch: 235 >>>  || RECALL@1 Avg: 0.0117 || RECALL@10 Avg: 0.0640 || RECALL@20 Avg: 0.0999 || NDCG@10 Avg: 0.0339 || NDCG@20 Avg: 0.0430
[Wall TIME] >>> Coach.valid takes 0.518307 seconds ...
[Epoch 236 Telemetry] BPR: 0.140164 | LHC: 0.000000 (lambda=0.000000) | 63218.5 samples/s | 1.88s
[Coach] >>> TRAIN @Epoch: 236 >>>  || LOSS Avg: 0.14016
[Wall TIME] >>> Coach.train takes 1.875912 seconds ...
[Epoch 237 Telemetry] BPR: 0.140305 | LHC: 0.000000 (lambda=0.000000) | 61558.7 samples/s | 1.93s
[Coach] >>> TRAIN @Epoch: 237 >>>  || LOSS Avg: 0.14031
[Wall TIME] >>> Coach.train takes 1.926475 seconds ...
[Epoch 238 Telemetry] BPR: 0.140448 | LHC: 0.000000 (lambda=0.000000) | 61098.0 samples/s | 1.94s
[Coach] >>> TRAIN @Epoch: 238 >>>  || LOSS Avg: 0.14045
[Wall TIME] >>> Coach.train takes 1.941085 seconds ...
[Epoch 239 Telemetry] BPR: 0.139999 | LHC: 0.000000 (lambda=0.000000) | 51657.5 samples/s | 2.29s
[Coach] >>> TRAIN @Epoch: 239 >>>  || LOSS Avg: 0.14000
[Wall TIME] >>> Coach.train takes 2.295666 seconds ...
[Epoch 240 Telemetry] BPR: 0.140193 | LHC: 0.000000 (lambda=0.000000) | 60562.7 samples/s | 1.96s
[Coach] >>> TRAIN @Epoch: 240 >>>  || LOSS Avg: 0.14019
[Wall TIME] >>> Coach.train takes 2.007632 seconds ...
[Coach] >>> VALID @Epoch: 240 >>>  || RECALL@1 Avg: 0.0122 || RECALL@10 Avg: 0.0641 || RECALL@20 Avg: 0.0997 || NDCG@10 Avg: 0.0341 || NDCG@20 Avg: 0.0431
[Wall TIME] >>> Coach.valid takes 0.515181 seconds ...
[Epoch 241 Telemetry] BPR: 0.140423 | LHC: 0.000000 (lambda=0.000000) | 62025.2 samples/s | 1.91s
[Coach] >>> TRAIN @Epoch: 241 >>>  || LOSS Avg: 0.14042
[Wall TIME] >>> Coach.train takes 1.912035 seconds ...
[Epoch 242 Telemetry] BPR: 0.139824 | LHC: 0.000000 (lambda=0.000000) | 61529.1 samples/s | 1.93s
[Coach] >>> TRAIN @Epoch: 242 >>>  || LOSS Avg: 0.13982
[Wall TIME] >>> Coach.train takes 1.927447 seconds ...
[Epoch 243 Telemetry] BPR: 0.140448 | LHC: 0.000000 (lambda=0.000000) | 52580.7 samples/s | 2.25s
[Coach] >>> TRAIN @Epoch: 243 >>>  || LOSS Avg: 0.14045
[Wall TIME] >>> Coach.train takes 2.255394 seconds ...
[Epoch 244 Telemetry] BPR: 0.140191 | LHC: 0.000000 (lambda=0.000000) | 60639.0 samples/s | 1.96s
[Coach] >>> TRAIN @Epoch: 244 >>>  || LOSS Avg: 0.14019
[Wall TIME] >>> Coach.train takes 1.955754 seconds ...
[Epoch 245 Telemetry] BPR: 0.140512 | LHC: 0.000000 (lambda=0.000000) | 59902.9 samples/s | 1.98s
[Coach] >>> TRAIN @Epoch: 245 >>>  || LOSS Avg: 0.14051
[Wall TIME] >>> Coach.train takes 1.979898 seconds ...
[Coach] >>> VALID @Epoch: 245 >>>  || RECALL@1 Avg: 0.0120 || RECALL@10 Avg: 0.0638 || RECALL@20 Avg: 0.0986 || NDCG@10 Avg: 0.0339 || NDCG@20 Avg: 0.0428
[Wall TIME] >>> Coach.valid takes 0.516010 seconds ...
[Epoch 246 Telemetry] BPR: 0.139399 | LHC: 0.000000 (lambda=0.000000) | 61727.9 samples/s | 1.92s
[Coach] >>> TRAIN @Epoch: 246 >>>  || LOSS Avg: 0.13940
[Wall TIME] >>> Coach.train takes 1.921188 seconds ...
[Epoch 247 Telemetry] BPR: 0.139723 | LHC: 0.000000 (lambda=0.000000) | 52711.1 samples/s | 2.25s
[Coach] >>> TRAIN @Epoch: 247 >>>  || LOSS Avg: 0.13972
[Wall TIME] >>> Coach.train takes 2.249783 seconds ...
[Epoch 248 Telemetry] BPR: 0.139679 | LHC: 0.000000 (lambda=0.000000) | 61592.4 samples/s | 1.92s
[Coach] >>> TRAIN @Epoch: 248 >>>  || LOSS Avg: 0.13968
[Wall TIME] >>> Coach.train takes 1.925514 seconds ...
[Epoch 249 Telemetry] BPR: 0.139971 | LHC: 0.000000 (lambda=0.000000) | 60185.3 samples/s | 1.97s
[Coach] >>> TRAIN @Epoch: 249 >>>  || LOSS Avg: 0.13997
[Wall TIME] >>> Coach.train takes 1.970509 seconds ...
[Epoch 250 Telemetry] BPR: 0.139615 | LHC: 0.000000 (lambda=0.000000) | 61229.4 samples/s | 1.94s
[Coach] >>> TRAIN @Epoch: 250 >>>  || LOSS Avg: 0.13962
[Wall TIME] >>> Coach.train takes 1.990798 seconds ...
[Coach] >>> VALID @Epoch: 250 >>>  || RECALL@1 Avg: 0.0120 || RECALL@10 Avg: 0.0650 || RECALL@20 Avg: 0.0989 || NDCG@10 Avg: 0.0342 || NDCG@20 Avg: 0.0428
[Wall TIME] >>> Coach.valid takes 0.507145 seconds ...
[Epoch 251 Telemetry] BPR: 0.139605 | LHC: 0.000000 (lambda=0.000000) | 52371.2 samples/s | 2.26s
[Coach] >>> TRAIN @Epoch: 251 >>>  || LOSS Avg: 0.13961
[Wall TIME] >>> Coach.train takes 2.264320 seconds ...
[Epoch 252 Telemetry] BPR: 0.139313 | LHC: 0.000000 (lambda=0.000000) | 61035.1 samples/s | 1.94s
[Coach] >>> TRAIN @Epoch: 252 >>>  || LOSS Avg: 0.13931
[Wall TIME] >>> Coach.train takes 1.943131 seconds ...
[Epoch 253 Telemetry] BPR: 0.139537 | LHC: 0.000000 (lambda=0.000000) | 60809.5 samples/s | 1.95s
[Coach] >>> TRAIN @Epoch: 253 >>>  || LOSS Avg: 0.13954
[Wall TIME] >>> Coach.train takes 1.950212 seconds ...
[Epoch 254 Telemetry] BPR: 0.140160 | LHC: 0.000000 (lambda=0.000000) | 61319.6 samples/s | 1.93s
[Coach] >>> TRAIN @Epoch: 254 >>>  || LOSS Avg: 0.14016
[Wall TIME] >>> Coach.train takes 1.934069 seconds ...
[Epoch 255 Telemetry] BPR: 0.139272 | LHC: 0.000000 (lambda=0.000000) | 61287.2 samples/s | 1.93s
[Coach] >>> TRAIN @Epoch: 255 >>>  || LOSS Avg: 0.13927
[Wall TIME] >>> Coach.train takes 1.934965 seconds ...
[Coach] >>> VALID @Epoch: 255 >>>  || RECALL@1 Avg: 0.0119 || RECALL@10 Avg: 0.0644 || RECALL@20 Avg: 0.0995 || NDCG@10 Avg: 0.0340 || NDCG@20 Avg: 0.0429
[Wall TIME] >>> Coach.valid takes 0.505895 seconds ...
[Epoch 256 Telemetry] BPR: 0.139313 | LHC: 0.000000 (lambda=0.000000) | 51765.9 samples/s | 2.29s
[Coach] >>> TRAIN @Epoch: 256 >>>  || LOSS Avg: 0.13931
[Wall TIME] >>> Coach.train takes 2.290847 seconds ...
[Epoch 257 Telemetry] BPR: 0.139258 | LHC: 0.000000 (lambda=0.000000) | 62487.5 samples/s | 1.90s
[Coach] >>> TRAIN @Epoch: 257 >>>  || LOSS Avg: 0.13926
[Wall TIME] >>> Coach.train takes 1.897951 seconds ...
[Epoch 258 Telemetry] BPR: 0.139555 | LHC: 0.000000 (lambda=0.000000) | 61980.4 samples/s | 1.91s
[Coach] >>> TRAIN @Epoch: 258 >>>  || LOSS Avg: 0.13956
[Wall TIME] >>> Coach.train takes 1.913455 seconds ...
[Epoch 259 Telemetry] BPR: 0.139647 | LHC: 0.000000 (lambda=0.000000) | 61656.6 samples/s | 1.92s
[Coach] >>> TRAIN @Epoch: 259 >>>  || LOSS Avg: 0.13965
[Wall TIME] >>> Coach.train takes 1.923519 seconds ...
[Epoch 260 Telemetry] BPR: 0.139302 | LHC: 0.000000 (lambda=0.000000) | 49654.6 samples/s | 2.39s
[Coach] >>> TRAIN @Epoch: 260 >>>  || LOSS Avg: 0.13930
[Wall TIME] >>> Coach.train takes 2.435001 seconds ...
[Coach] >>> VALID @Epoch: 260 >>>  || RECALL@1 Avg: 0.0116 || RECALL@10 Avg: 0.0640 || RECALL@20 Avg: 0.0981 || NDCG@10 Avg: 0.0337 || NDCG@20 Avg: 0.0424
[Wall TIME] >>> Coach.valid takes 0.520197 seconds ...
[Epoch 261 Telemetry] BPR: 0.138705 | LHC: 0.000000 (lambda=0.000000) | 62559.1 samples/s | 1.90s
[Coach] >>> TRAIN @Epoch: 261 >>>  || LOSS Avg: 0.13871
[Wall TIME] >>> Coach.train takes 1.895715 seconds ...
[Epoch 262 Telemetry] BPR: 0.139448 | LHC: 0.000000 (lambda=0.000000) | 62448.1 samples/s | 1.90s
[Coach] >>> TRAIN @Epoch: 262 >>>  || LOSS Avg: 0.13945
[Wall TIME] >>> Coach.train takes 1.899028 seconds ...
[Epoch 263 Telemetry] BPR: 0.139222 | LHC: 0.000000 (lambda=0.000000) | 60542.4 samples/s | 1.96s
[Coach] >>> TRAIN @Epoch: 263 >>>  || LOSS Avg: 0.13922
[Wall TIME] >>> Coach.train takes 1.958898 seconds ...
[Epoch 264 Telemetry] BPR: 0.139224 | LHC: 0.000000 (lambda=0.000000) | 50943.9 samples/s | 2.33s
[Coach] >>> TRAIN @Epoch: 264 >>>  || LOSS Avg: 0.13922
[Wall TIME] >>> Coach.train takes 2.327823 seconds ...
[Epoch 265 Telemetry] BPR: 0.139058 | LHC: 0.000000 (lambda=0.000000) | 60033.4 samples/s | 1.97s
[Coach] >>> TRAIN @Epoch: 265 >>>  || LOSS Avg: 0.13906
[Wall TIME] >>> Coach.train takes 1.975398 seconds ...
[Coach] >>> VALID @Epoch: 265 >>>  || RECALL@1 Avg: 0.0120 || RECALL@10 Avg: 0.0643 || RECALL@20 Avg: 0.0990 || NDCG@10 Avg: 0.0340 || NDCG@20 Avg: 0.0428
[Wall TIME] >>> Coach.valid takes 0.508823 seconds ...
[Epoch 266 Telemetry] BPR: 0.139342 | LHC: 0.000000 (lambda=0.000000) | 62638.4 samples/s | 1.89s
[Coach] >>> TRAIN @Epoch: 266 >>>  || LOSS Avg: 0.13934
[Wall TIME] >>> Coach.train takes 1.893291 seconds ...
[Epoch 267 Telemetry] BPR: 0.139449 | LHC: 0.000000 (lambda=0.000000) | 60681.4 samples/s | 1.95s
[Coach] >>> TRAIN @Epoch: 267 >>>  || LOSS Avg: 0.13945
[Wall TIME] >>> Coach.train takes 1.954446 seconds ...
[Epoch 268 Telemetry] BPR: 0.139625 | LHC: 0.000000 (lambda=0.000000) | 51119.9 samples/s | 2.32s
[Coach] >>> TRAIN @Epoch: 268 >>>  || LOSS Avg: 0.13962
[Wall TIME] >>> Coach.train takes 2.319740 seconds ...
[Epoch 269 Telemetry] BPR: 0.138768 | LHC: 0.000000 (lambda=0.000000) | 59904.9 samples/s | 1.98s
[Coach] >>> TRAIN @Epoch: 269 >>>  || LOSS Avg: 0.13877
[Wall TIME] >>> Coach.train takes 1.979708 seconds ...
[Epoch 270 Telemetry] BPR: 0.138441 | LHC: 0.000000 (lambda=0.000000) | 58173.4 samples/s | 2.04s
[Coach] >>> TRAIN @Epoch: 270 >>>  || LOSS Avg: 0.13844
[Wall TIME] >>> Coach.train takes 2.088230 seconds ...
[Coach] >>> VALID @Epoch: 270 >>>  || RECALL@1 Avg: 0.0122 || RECALL@10 Avg: 0.0633 || RECALL@20 Avg: 0.0987 || NDCG@10 Avg: 0.0337 || NDCG@20 Avg: 0.0428
[Wall TIME] >>> Coach.valid takes 0.530651 seconds ...
[Epoch 271 Telemetry] BPR: 0.139265 | LHC: 0.000000 (lambda=0.000000) | 62174.8 samples/s | 1.91s
[Coach] >>> TRAIN @Epoch: 271 >>>  || LOSS Avg: 0.13926
[Wall TIME] >>> Coach.train takes 1.907382 seconds ...
[Epoch 272 Telemetry] BPR: 0.138608 | LHC: 0.000000 (lambda=0.000000) | 51901.7 samples/s | 2.28s
[Coach] >>> TRAIN @Epoch: 272 >>>  || LOSS Avg: 0.13861
[Wall TIME] >>> Coach.train takes 2.284891 seconds ...
[Epoch 273 Telemetry] BPR: 0.138844 | LHC: 0.000000 (lambda=0.000000) | 60751.0 samples/s | 1.95s
[Coach] >>> TRAIN @Epoch: 273 >>>  || LOSS Avg: 0.13884
[Wall TIME] >>> Coach.train takes 1.952168 seconds ...
[Epoch 274 Telemetry] BPR: 0.139338 | LHC: 0.000000 (lambda=0.000000) | 59508.5 samples/s | 1.99s
[Coach] >>> TRAIN @Epoch: 274 >>>  || LOSS Avg: 0.13934
[Wall TIME] >>> Coach.train takes 1.992907 seconds ...
[Epoch 275 Telemetry] BPR: 0.138632 | LHC: 0.000000 (lambda=0.000000) | 60685.9 samples/s | 1.95s
[Coach] >>> TRAIN @Epoch: 275 >>>  || LOSS Avg: 0.13863
[Wall TIME] >>> Coach.train takes 1.954265 seconds ...
[Coach] >>> VALID @Epoch: 275 >>>  || RECALL@1 Avg: 0.0120 || RECALL@10 Avg: 0.0632 || RECALL@20 Avg: 0.0990 || NDCG@10 Avg: 0.0338 || NDCG@20 Avg: 0.0429
[Wall TIME] >>> Coach.valid takes 0.510169 seconds ...
[Epoch 276 Telemetry] BPR: 0.138866 | LHC: 0.000000 (lambda=0.000000) | 52472.3 samples/s | 2.26s
[Coach] >>> TRAIN @Epoch: 276 >>>  || LOSS Avg: 0.13887
[Wall TIME] >>> Coach.train takes 2.259993 seconds ...
[Epoch 277 Telemetry] BPR: 0.139053 | LHC: 0.000000 (lambda=0.000000) | 61776.3 samples/s | 1.92s
[Coach] >>> TRAIN @Epoch: 277 >>>  || LOSS Avg: 0.13905
[Wall TIME] >>> Coach.train takes 1.919777 seconds ...
[Epoch 278 Telemetry] BPR: 0.138785 | LHC: 0.000000 (lambda=0.000000) | 61721.5 samples/s | 1.92s
[Coach] >>> TRAIN @Epoch: 278 >>>  || LOSS Avg: 0.13879
[Wall TIME] >>> Coach.train takes 1.921430 seconds ...
[Epoch 279 Telemetry] BPR: 0.139159 | LHC: 0.000000 (lambda=0.000000) | 60758.2 samples/s | 1.95s
[Coach] >>> TRAIN @Epoch: 279 >>>  || LOSS Avg: 0.13916
[Wall TIME] >>> Coach.train takes 1.951890 seconds ...
[Epoch 280 Telemetry] BPR: 0.138824 | LHC: 0.000000 (lambda=0.000000) | 50115.8 samples/s | 2.37s
[Coach] >>> TRAIN @Epoch: 280 >>>  || LOSS Avg: 0.13882
[Wall TIME] >>> Coach.train takes 2.420827 seconds ...
[Coach] >>> VALID @Epoch: 280 >>>  || RECALL@1 Avg: 0.0119 || RECALL@10 Avg: 0.0642 || RECALL@20 Avg: 0.0987 || NDCG@10 Avg: 0.0340 || NDCG@20 Avg: 0.0428
[Wall TIME] >>> Coach.valid takes 0.536970 seconds ...
[Epoch 281 Telemetry] BPR: 0.139109 | LHC: 0.000000 (lambda=0.000000) | 60504.1 samples/s | 1.96s
[Coach] >>> TRAIN @Epoch: 281 >>>  || LOSS Avg: 0.13911
[Wall TIME] >>> Coach.train takes 1.960166 seconds ...
[Epoch 282 Telemetry] BPR: 0.138542 | LHC: 0.000000 (lambda=0.000000) | 59799.5 samples/s | 1.98s
[Coach] >>> TRAIN @Epoch: 282 >>>  || LOSS Avg: 0.13854
[Wall TIME] >>> Coach.train takes 1.983181 seconds ...
[Epoch 283 Telemetry] BPR: 0.138831 | LHC: 0.000000 (lambda=0.000000) | 60448.9 samples/s | 1.96s
[Coach] >>> TRAIN @Epoch: 283 >>>  || LOSS Avg: 0.13883
[Wall TIME] >>> Coach.train takes 1.961872 seconds ...
[Epoch 284 Telemetry] BPR: 0.138680 | LHC: 0.000000 (lambda=0.000000) | 49487.3 samples/s | 2.40s
[Coach] >>> TRAIN @Epoch: 284 >>>  || LOSS Avg: 0.13868
[Wall TIME] >>> Coach.train takes 2.396344 seconds ...
[Epoch 285 Telemetry] BPR: 0.138360 | LHC: 0.000000 (lambda=0.000000) | 57302.5 samples/s | 2.07s
[Coach] >>> TRAIN @Epoch: 285 >>>  || LOSS Avg: 0.13836
[Wall TIME] >>> Coach.train takes 2.069652 seconds ...
[Coach] >>> VALID @Epoch: 285 >>>  || RECALL@1 Avg: 0.0122 || RECALL@10 Avg: 0.0630 || RECALL@20 Avg: 0.0986 || NDCG@10 Avg: 0.0338 || NDCG@20 Avg: 0.0428
[Wall TIME] >>> Coach.valid takes 0.533440 seconds ...
[Epoch 286 Telemetry] BPR: 0.138802 | LHC: 0.000000 (lambda=0.000000) | 61855.5 samples/s | 1.92s
[Coach] >>> TRAIN @Epoch: 286 >>>  || LOSS Avg: 0.13880
[Wall TIME] >>> Coach.train takes 1.917336 seconds ...
[Epoch 287 Telemetry] BPR: 0.138218 | LHC: 0.000000 (lambda=0.000000) | 61566.6 samples/s | 1.93s
[Coach] >>> TRAIN @Epoch: 287 >>>  || LOSS Avg: 0.13822
[Wall TIME] >>> Coach.train takes 1.926316 seconds ...
[Epoch 288 Telemetry] BPR: 0.138289 | LHC: 0.000000 (lambda=0.000000) | 51154.2 samples/s | 2.32s
[Coach] >>> TRAIN @Epoch: 288 >>>  || LOSS Avg: 0.13829
[Wall TIME] >>> Coach.train takes 2.318342 seconds ...
[Epoch 289 Telemetry] BPR: 0.138165 | LHC: 0.000000 (lambda=0.000000) | 60424.8 samples/s | 1.96s
[Coach] >>> TRAIN @Epoch: 289 >>>  || LOSS Avg: 0.13816
[Wall TIME] >>> Coach.train takes 1.962670 seconds ...
[Epoch 290 Telemetry] BPR: 0.138588 | LHC: 0.000000 (lambda=0.000000) | 60581.9 samples/s | 1.96s
[Coach] >>> TRAIN @Epoch: 290 >>>  || LOSS Avg: 0.13859
[Wall TIME] >>> Coach.train takes 2.002393 seconds ...
[Coach] >>> VALID @Epoch: 290 >>>  || RECALL@1 Avg: 0.0126 || RECALL@10 Avg: 0.0642 || RECALL@20 Avg: 0.0983 || NDCG@10 Avg: 0.0344 || NDCG@20 Avg: 0.0431
[Wall TIME] >>> Coach.valid takes 0.519370 seconds ...
[Epoch 291 Telemetry] BPR: 0.138410 | LHC: 0.000000 (lambda=0.000000) | 63184.3 samples/s | 1.88s
[Coach] >>> TRAIN @Epoch: 291 >>>  || LOSS Avg: 0.13841
[Wall TIME] >>> Coach.train takes 1.876976 seconds ...
[Epoch 292 Telemetry] BPR: 0.138644 | LHC: 0.000000 (lambda=0.000000) | 51797.6 samples/s | 2.29s
[Coach] >>> TRAIN @Epoch: 292 >>>  || LOSS Avg: 0.13864
[Wall TIME] >>> Coach.train takes 2.289461 seconds ...
[Epoch 293 Telemetry] BPR: 0.138530 | LHC: 0.000000 (lambda=0.000000) | 59776.3 samples/s | 1.98s
[Coach] >>> TRAIN @Epoch: 293 >>>  || LOSS Avg: 0.13853
[Wall TIME] >>> Coach.train takes 1.983979 seconds ...
[Epoch 294 Telemetry] BPR: 0.137942 | LHC: 0.000000 (lambda=0.000000) | 61220.2 samples/s | 1.94s
[Coach] >>> TRAIN @Epoch: 294 >>>  || LOSS Avg: 0.13794
[Wall TIME] >>> Coach.train takes 1.937217 seconds ...
[Epoch 295 Telemetry] BPR: 0.138283 | LHC: 0.000000 (lambda=0.000000) | 60541.0 samples/s | 1.96s
[Coach] >>> TRAIN @Epoch: 295 >>>  || LOSS Avg: 0.13828
[Wall TIME] >>> Coach.train takes 1.958925 seconds ...
[Coach] >>> VALID @Epoch: 295 >>>  || RECALL@1 Avg: 0.0121 || RECALL@10 Avg: 0.0629 || RECALL@20 Avg: 0.0979 || NDCG@10 Avg: 0.0338 || NDCG@20 Avg: 0.0427
[Wall TIME] >>> Coach.valid takes 0.504195 seconds ...
[Epoch 296 Telemetry] BPR: 0.137812 | LHC: 0.000000 (lambda=0.000000) | 53712.7 samples/s | 2.21s
[Coach] >>> TRAIN @Epoch: 296 >>>  || LOSS Avg: 0.13781
[Wall TIME] >>> Coach.train takes 2.207831 seconds ...
[Epoch 297 Telemetry] BPR: 0.138831 | LHC: 0.000000 (lambda=0.000000) | 60724.4 samples/s | 1.95s
[Coach] >>> TRAIN @Epoch: 297 >>>  || LOSS Avg: 0.13883
[Wall TIME] >>> Coach.train takes 1.952993 seconds ...
[Epoch 298 Telemetry] BPR: 0.138024 | LHC: 0.000000 (lambda=0.000000) | 61711.5 samples/s | 1.92s
[Coach] >>> TRAIN @Epoch: 298 >>>  || LOSS Avg: 0.13802
[Wall TIME] >>> Coach.train takes 1.921764 seconds ...
[Epoch 299 Telemetry] BPR: 0.138109 | LHC: 0.000000 (lambda=0.000000) | 61655.9 samples/s | 1.92s
[Coach] >>> TRAIN @Epoch: 299 >>>  || LOSS Avg: 0.13811
[Wall TIME] >>> Coach.train takes 1.923516 seconds ...
[Epoch 300 Telemetry] BPR: 0.138226 | LHC: 0.000000 (lambda=0.000000) | 60630.7 samples/s | 1.96s
[Coach] >>> TRAIN @Epoch: 300 >>>  || LOSS Avg: 0.13823
[Wall TIME] >>> Coach.train takes 2.004916 seconds ...
[Coach] >>> VALID @Epoch: 300 >>>  || RECALL@1 Avg: 0.0123 || RECALL@10 Avg: 0.0635 || RECALL@20 Avg: 0.0981 || NDCG@10 Avg: 0.0339 || NDCG@20 Avg: 0.0427
[Wall TIME] >>> Coach.valid takes 0.521849 seconds ...
[Epoch 301 Telemetry] BPR: 0.137943 | LHC: 0.000000 (lambda=0.000000) | 53125.0 samples/s | 2.23s
[Coach] >>> TRAIN @Epoch: 301 >>>  || LOSS Avg: 0.13794
[Wall TIME] >>> Coach.train takes 2.232211 seconds ...
[Epoch 302 Telemetry] BPR: 0.137662 | LHC: 0.000000 (lambda=0.000000) | 61476.5 samples/s | 1.93s
[Coach] >>> TRAIN @Epoch: 302 >>>  || LOSS Avg: 0.13766
[Wall TIME] >>> Coach.train takes 1.929134 seconds ...
[Epoch 303 Telemetry] BPR: 0.138198 | LHC: 0.000000 (lambda=0.000000) | 61696.8 samples/s | 1.92s
[Coach] >>> TRAIN @Epoch: 303 >>>  || LOSS Avg: 0.13820
[Wall TIME] >>> Coach.train takes 1.922209 seconds ...
[Epoch 304 Telemetry] BPR: 0.138201 | LHC: 0.000000 (lambda=0.000000) | 61399.1 samples/s | 1.93s
[Coach] >>> TRAIN @Epoch: 304 >>>  || LOSS Avg: 0.13820
[Wall TIME] >>> Coach.train takes 1.931544 seconds ...
[Epoch 305 Telemetry] BPR: 0.137797 | LHC: 0.000000 (lambda=0.000000) | 51050.5 samples/s | 2.32s
[Coach] >>> TRAIN @Epoch: 305 >>>  || LOSS Avg: 0.13780
[Wall TIME] >>> Coach.train takes 2.323043 seconds ...
[Coach] >>> VALID @Epoch: 305 >>>  || RECALL@1 Avg: 0.0125 || RECALL@10 Avg: 0.0630 || RECALL@20 Avg: 0.0988 || NDCG@10 Avg: 0.0338 || NDCG@20 Avg: 0.0429
[Wall TIME] >>> Coach.valid takes 0.520064 seconds ...
[Epoch 306 Telemetry] BPR: 0.138098 | LHC: 0.000000 (lambda=0.000000) | 62964.6 samples/s | 1.88s
[Coach] >>> TRAIN @Epoch: 306 >>>  || LOSS Avg: 0.13810
[Wall TIME] >>> Coach.train takes 1.883581 seconds ...
[Epoch 307 Telemetry] BPR: 0.137858 | LHC: 0.000000 (lambda=0.000000) | 61219.2 samples/s | 1.94s
[Coach] >>> TRAIN @Epoch: 307 >>>  || LOSS Avg: 0.13786
[Wall TIME] >>> Coach.train takes 1.937247 seconds ...
[Epoch 308 Telemetry] BPR: 0.137756 | LHC: 0.000000 (lambda=0.000000) | 61498.3 samples/s | 1.93s
[Coach] >>> TRAIN @Epoch: 308 >>>  || LOSS Avg: 0.13776
[Wall TIME] >>> Coach.train takes 1.928434 seconds ...
[Epoch 309 Telemetry] BPR: 0.137581 | LHC: 0.000000 (lambda=0.000000) | 51839.4 samples/s | 2.29s
[Coach] >>> TRAIN @Epoch: 309 >>>  || LOSS Avg: 0.13758
[Wall TIME] >>> Coach.train takes 2.287547 seconds ...
[Epoch 310 Telemetry] BPR: 0.138045 | LHC: 0.000000 (lambda=0.000000) | 60364.3 samples/s | 1.96s
[Coach] >>> TRAIN @Epoch: 310 >>>  || LOSS Avg: 0.13805
[Wall TIME] >>> Coach.train takes 2.017133 seconds ...
[Coach] >>> VALID @Epoch: 310 >>>  || RECALL@1 Avg: 0.0122 || RECALL@10 Avg: 0.0625 || RECALL@20 Avg: 0.0990 || NDCG@10 Avg: 0.0335 || NDCG@20 Avg: 0.0428
[Wall TIME] >>> Coach.valid takes 0.527063 seconds ...
[Epoch 311 Telemetry] BPR: 0.137944 | LHC: 0.000000 (lambda=0.000000) | 60077.6 samples/s | 1.97s
[Coach] >>> TRAIN @Epoch: 311 >>>  || LOSS Avg: 0.13794
[Wall TIME] >>> Coach.train takes 1.973953 seconds ...
[Epoch 312 Telemetry] BPR: 0.137330 | LHC: 0.000000 (lambda=0.000000) | 63021.3 samples/s | 1.88s
[Coach] >>> TRAIN @Epoch: 312 >>>  || LOSS Avg: 0.13733
[Wall TIME] >>> Coach.train takes 1.881862 seconds ...
[Epoch 313 Telemetry] BPR: 0.137127 | LHC: 0.000000 (lambda=0.000000) | 51674.9 samples/s | 2.29s
[Coach] >>> TRAIN @Epoch: 313 >>>  || LOSS Avg: 0.13713
[Wall TIME] >>> Coach.train takes 2.294945 seconds ...
[Epoch 314 Telemetry] BPR: 0.137253 | LHC: 0.000000 (lambda=0.000000) | 60650.0 samples/s | 1.95s
[Coach] >>> TRAIN @Epoch: 314 >>>  || LOSS Avg: 0.13725
[Wall TIME] >>> Coach.train takes 1.955296 seconds ...
[Epoch 315 Telemetry] BPR: 0.137325 | LHC: 0.000000 (lambda=0.000000) | 60925.3 samples/s | 1.95s
[Coach] >>> TRAIN @Epoch: 315 >>>  || LOSS Avg: 0.13732
[Wall TIME] >>> Coach.train takes 1.946563 seconds ...
[Coach] >>> VALID @Epoch: 315 >>>  || RECALL@1 Avg: 0.0125 || RECALL@10 Avg: 0.0639 || RECALL@20 Avg: 0.0986 || NDCG@10 Avg: 0.0340 || NDCG@20 Avg: 0.0428
[Wall TIME] >>> Coach.valid takes 0.509555 seconds ...
[Epoch 316 Telemetry] BPR: 0.137834 | LHC: 0.000000 (lambda=0.000000) | 61345.8 samples/s | 1.93s
[Coach] >>> TRAIN @Epoch: 316 >>>  || LOSS Avg: 0.13783
[Wall TIME] >>> Coach.train takes 1.933198 seconds ...
[Epoch 317 Telemetry] BPR: 0.137539 | LHC: 0.000000 (lambda=0.000000) | 52616.5 samples/s | 2.25s
[Coach] >>> TRAIN @Epoch: 317 >>>  || LOSS Avg: 0.13754
[Wall TIME] >>> Coach.train takes 2.253848 seconds ...
[Epoch 318 Telemetry] BPR: 0.137552 | LHC: 0.000000 (lambda=0.000000) | 60956.5 samples/s | 1.94s
[Coach] >>> TRAIN @Epoch: 318 >>>  || LOSS Avg: 0.13755
[Wall TIME] >>> Coach.train takes 1.945565 seconds ...
[Epoch 319 Telemetry] BPR: 0.137483 | LHC: 0.000000 (lambda=0.000000) | 60667.9 samples/s | 1.95s
[Coach] >>> TRAIN @Epoch: 319 >>>  || LOSS Avg: 0.13748
[Wall TIME] >>> Coach.train takes 1.954856 seconds ...
[Epoch 320 Telemetry] BPR: 0.137508 | LHC: 0.000000 (lambda=0.000000) | 60106.2 samples/s | 1.97s
[Coach] >>> TRAIN @Epoch: 320 >>>  || LOSS Avg: 0.13751
[Wall TIME] >>> Coach.train takes 2.018350 seconds ...
[Coach] >>> VALID @Epoch: 320 >>>  || RECALL@1 Avg: 0.0125 || RECALL@10 Avg: 0.0632 || RECALL@20 Avg: 0.0992 || NDCG@10 Avg: 0.0339 || NDCG@20 Avg: 0.0431
[Wall TIME] >>> Coach.valid takes 0.534763 seconds ...
[Epoch 321 Telemetry] BPR: 0.137623 | LHC: 0.000000 (lambda=0.000000) | 52318.9 samples/s | 2.27s
[Coach] >>> TRAIN @Epoch: 321 >>>  || LOSS Avg: 0.13762
[Wall TIME] >>> Coach.train takes 2.266635 seconds ...
[Epoch 322 Telemetry] BPR: 0.137600 | LHC: 0.000000 (lambda=0.000000) | 61214.2 samples/s | 1.94s
[Coach] >>> TRAIN @Epoch: 322 >>>  || LOSS Avg: 0.13760
[Wall TIME] >>> Coach.train takes 1.937448 seconds ...
[Epoch 323 Telemetry] BPR: 0.137377 | LHC: 0.000000 (lambda=0.000000) | 59705.4 samples/s | 1.99s
[Coach] >>> TRAIN @Epoch: 323 >>>  || LOSS Avg: 0.13738
[Wall TIME] >>> Coach.train takes 1.986342 seconds ...
[Epoch 324 Telemetry] BPR: 0.137192 | LHC: 0.000000 (lambda=0.000000) | 60503.1 samples/s | 1.96s
[Coach] >>> TRAIN @Epoch: 324 >>>  || LOSS Avg: 0.13719
[Wall TIME] >>> Coach.train takes 1.960157 seconds ...
[Epoch 325 Telemetry] BPR: 0.137162 | LHC: 0.000000 (lambda=0.000000) | 51180.5 samples/s | 2.32s
[Coach] >>> TRAIN @Epoch: 325 >>>  || LOSS Avg: 0.13716
[Wall TIME] >>> Coach.train takes 2.317039 seconds ...
[Coach] >>> VALID @Epoch: 325 >>>  || RECALL@1 Avg: 0.0124 || RECALL@10 Avg: 0.0635 || RECALL@20 Avg: 0.0998 || NDCG@10 Avg: 0.0340 || NDCG@20 Avg: 0.0432
[Wall TIME] >>> Coach.valid takes 0.540912 seconds ...
[Epoch 326 Telemetry] BPR: 0.137054 | LHC: 0.000000 (lambda=0.000000) | 63440.4 samples/s | 1.87s
[Coach] >>> TRAIN @Epoch: 326 >>>  || LOSS Avg: 0.13705
[Wall TIME] >>> Coach.train takes 1.869453 seconds ...
[Epoch 327 Telemetry] BPR: 0.137237 | LHC: 0.000000 (lambda=0.000000) | 62497.1 samples/s | 1.90s
[Coach] >>> TRAIN @Epoch: 327 >>>  || LOSS Avg: 0.13724
[Wall TIME] >>> Coach.train takes 1.897627 seconds ...
[Epoch 328 Telemetry] BPR: 0.137011 | LHC: 0.000000 (lambda=0.000000) | 61633.9 samples/s | 1.92s
[Coach] >>> TRAIN @Epoch: 328 >>>  || LOSS Avg: 0.13701
[Wall TIME] >>> Coach.train takes 1.924132 seconds ...
[Epoch 329 Telemetry] BPR: 0.137591 | LHC: 0.000000 (lambda=0.000000) | 52330.9 samples/s | 2.27s
[Coach] >>> TRAIN @Epoch: 329 >>>  || LOSS Avg: 0.13759
[Wall TIME] >>> Coach.train takes 2.266150 seconds ...
[Epoch 330 Telemetry] BPR: 0.137345 | LHC: 0.000000 (lambda=0.000000) | 59232.7 samples/s | 2.00s
[Coach] >>> TRAIN @Epoch: 330 >>>  || LOSS Avg: 0.13734
[Wall TIME] >>> Coach.train takes 2.053890 seconds ...
[Coach] >>> VALID @Epoch: 330 >>>  || RECALL@1 Avg: 0.0124 || RECALL@10 Avg: 0.0629 || RECALL@20 Avg: 0.0989 || NDCG@10 Avg: 0.0337 || NDCG@20 Avg: 0.0429
[Wall TIME] >>> Coach.valid takes 0.525501 seconds ...
[Epoch 331 Telemetry] BPR: 0.136992 | LHC: 0.000000 (lambda=0.000000) | 62559.6 samples/s | 1.90s
[Coach] >>> TRAIN @Epoch: 331 >>>  || LOSS Avg: 0.13699
[Wall TIME] >>> Coach.train takes 1.895692 seconds ...
[Epoch 332 Telemetry] BPR: 0.136674 | LHC: 0.000000 (lambda=0.000000) | 61427.9 samples/s | 1.93s
[Coach] >>> TRAIN @Epoch: 332 >>>  || LOSS Avg: 0.13667
[Wall TIME] >>> Coach.train takes 1.930649 seconds ...
[Epoch 333 Telemetry] BPR: 0.137263 | LHC: 0.000000 (lambda=0.000000) | 61081.8 samples/s | 1.94s
[Coach] >>> TRAIN @Epoch: 333 >>>  || LOSS Avg: 0.13726
[Wall TIME] >>> Coach.train takes 1.941729 seconds ...
[Epoch 334 Telemetry] BPR: 0.136528 | LHC: 0.000000 (lambda=0.000000) | 51692.5 samples/s | 2.29s
[Coach] >>> TRAIN @Epoch: 334 >>>  || LOSS Avg: 0.13653
[Wall TIME] >>> Coach.train takes 2.294085 seconds ...
[Epoch 335 Telemetry] BPR: 0.137002 | LHC: 0.000000 (lambda=0.000000) | 59021.4 samples/s | 2.01s
[Coach] >>> TRAIN @Epoch: 335 >>>  || LOSS Avg: 0.13700
[Wall TIME] >>> Coach.train takes 2.009454 seconds ...
[Coach] >>> VALID @Epoch: 335 >>>  || RECALL@1 Avg: 0.0124 || RECALL@10 Avg: 0.0630 || RECALL@20 Avg: 0.0989 || NDCG@10 Avg: 0.0339 || NDCG@20 Avg: 0.0431
[Wall TIME] >>> Coach.valid takes 0.513231 seconds ...
[Epoch 336 Telemetry] BPR: 0.136604 | LHC: 0.000000 (lambda=0.000000) | 62604.8 samples/s | 1.89s
[Coach] >>> TRAIN @Epoch: 336 >>>  || LOSS Avg: 0.13660
[Wall TIME] >>> Coach.train takes 1.894235 seconds ...
[Epoch 337 Telemetry] BPR: 0.136957 | LHC: 0.000000 (lambda=0.000000) | 62135.8 samples/s | 1.91s
[Coach] >>> TRAIN @Epoch: 337 >>>  || LOSS Avg: 0.13696
[Wall TIME] >>> Coach.train takes 1.908676 seconds ...
[Epoch 338 Telemetry] BPR: 0.137035 | LHC: 0.000000 (lambda=0.000000) | 51725.4 samples/s | 2.29s
[Coach] >>> TRAIN @Epoch: 338 >>>  || LOSS Avg: 0.13704
[Wall TIME] >>> Coach.train takes 2.292650 seconds ...
[Epoch 339 Telemetry] BPR: 0.137373 | LHC: 0.000000 (lambda=0.000000) | 60898.8 samples/s | 1.95s
[Coach] >>> TRAIN @Epoch: 339 >>>  || LOSS Avg: 0.13737
[Wall TIME] >>> Coach.train takes 1.947456 seconds ...
[Epoch 340 Telemetry] BPR: 0.136766 | LHC: 0.000000 (lambda=0.000000) | 60229.8 samples/s | 1.97s
[Coach] >>> TRAIN @Epoch: 340 >>>  || LOSS Avg: 0.13677
[Wall TIME] >>> Coach.train takes 2.013022 seconds ...
[Coach] >>> VALID @Epoch: 340 >>>  || RECALL@1 Avg: 0.0126 || RECALL@10 Avg: 0.0636 || RECALL@20 Avg: 0.0986 || NDCG@10 Avg: 0.0341 || NDCG@20 Avg: 0.0430
[Wall TIME] >>> Coach.valid takes 0.516122 seconds ...
[Epoch 341 Telemetry] BPR: 0.136737 | LHC: 0.000000 (lambda=0.000000) | 63198.3 samples/s | 1.88s
[Coach] >>> TRAIN @Epoch: 341 >>>  || LOSS Avg: 0.13674
[Wall TIME] >>> Coach.train takes 1.876667 seconds ...
[Epoch 342 Telemetry] BPR: 0.137086 | LHC: 0.000000 (lambda=0.000000) | 52454.2 samples/s | 2.26s
[Coach] >>> TRAIN @Epoch: 342 >>>  || LOSS Avg: 0.13709
[Wall TIME] >>> Coach.train takes 2.260823 seconds ...
[Epoch 343 Telemetry] BPR: 0.137077 | LHC: 0.000000 (lambda=0.000000) | 60855.2 samples/s | 1.95s
[Coach] >>> TRAIN @Epoch: 343 >>>  || LOSS Avg: 0.13708
[Wall TIME] >>> Coach.train takes 1.948713 seconds ...
[Epoch 344 Telemetry] BPR: 0.136934 | LHC: 0.000000 (lambda=0.000000) | 59640.6 samples/s | 1.99s
[Coach] >>> TRAIN @Epoch: 344 >>>  || LOSS Avg: 0.13693
[Wall TIME] >>> Coach.train takes 1.988639 seconds ...
[Epoch 345 Telemetry] BPR: 0.136853 | LHC: 0.000000 (lambda=0.000000) | 60853.2 samples/s | 1.95s
[Coach] >>> TRAIN @Epoch: 345 >>>  || LOSS Avg: 0.13685
[Wall TIME] >>> Coach.train takes 1.948915 seconds ...
[Coach] >>> VALID @Epoch: 345 >>>  || RECALL@1 Avg: 0.0126 || RECALL@10 Avg: 0.0635 || RECALL@20 Avg: 0.0985 || NDCG@10 Avg: 0.0342 || NDCG@20 Avg: 0.0431
[Wall TIME] >>> Coach.valid takes 0.511909 seconds ...
[Epoch 346 Telemetry] BPR: 0.136813 | LHC: 0.000000 (lambda=0.000000) | 53181.8 samples/s | 2.23s
[Coach] >>> TRAIN @Epoch: 346 >>>  || LOSS Avg: 0.13681
[Wall TIME] >>> Coach.train takes 2.229932 seconds ...
[Epoch 347 Telemetry] BPR: 0.136099 | LHC: 0.000000 (lambda=0.000000) | 62035.2 samples/s | 1.91s
[Coach] >>> TRAIN @Epoch: 347 >>>  || LOSS Avg: 0.13610
[Wall TIME] >>> Coach.train takes 1.911756 seconds ...
[Epoch 348 Telemetry] BPR: 0.136181 | LHC: 0.000000 (lambda=0.000000) | 61897.8 samples/s | 1.92s
[Coach] >>> TRAIN @Epoch: 348 >>>  || LOSS Avg: 0.13618
[Wall TIME] >>> Coach.train takes 1.915901 seconds ...
[Epoch 349 Telemetry] BPR: 0.136454 | LHC: 0.000000 (lambda=0.000000) | 60686.3 samples/s | 1.95s
[Coach] >>> TRAIN @Epoch: 349 >>>  || LOSS Avg: 0.13645
[Wall TIME] >>> Coach.train takes 1.954183 seconds ...
[Epoch 350 Telemetry] BPR: 0.136848 | LHC: 0.000000 (lambda=0.000000) | 51714.0 samples/s | 2.29s
[Coach] >>> TRAIN @Epoch: 350 >>>  || LOSS Avg: 0.13685
[Wall TIME] >>> Coach.train takes 2.336455 seconds ...
[Coach] >>> VALID @Epoch: 350 >>>  || RECALL@1 Avg: 0.0122 || RECALL@10 Avg: 0.0635 || RECALL@20 Avg: 0.0980 || NDCG@10 Avg: 0.0340 || NDCG@20 Avg: 0.0428
[Wall TIME] >>> Coach.valid takes 0.519168 seconds ...
[Epoch 351 Telemetry] BPR: 0.136980 | LHC: 0.000000 (lambda=0.000000) | 62534.8 samples/s | 1.90s
[Coach] >>> TRAIN @Epoch: 351 >>>  || LOSS Avg: 0.13698
[Wall TIME] >>> Coach.train takes 1.896431 seconds ...
[Epoch 352 Telemetry] BPR: 0.136775 | LHC: 0.000000 (lambda=0.000000) | 62778.9 samples/s | 1.89s
[Coach] >>> TRAIN @Epoch: 352 >>>  || LOSS Avg: 0.13678
[Wall TIME] >>> Coach.train takes 1.889127 seconds ...
[Epoch 353 Telemetry] BPR: 0.136130 | LHC: 0.000000 (lambda=0.000000) | 61434.5 samples/s | 1.93s
[Coach] >>> TRAIN @Epoch: 353 >>>  || LOSS Avg: 0.13613
[Wall TIME] >>> Coach.train takes 1.930460 seconds ...
[Epoch 354 Telemetry] BPR: 0.137063 | LHC: 0.000000 (lambda=0.000000) | 49984.6 samples/s | 2.37s
[Coach] >>> TRAIN @Epoch: 354 >>>  || LOSS Avg: 0.13706
[Wall TIME] >>> Coach.train takes 2.372503 seconds ...
[Epoch 355 Telemetry] BPR: 0.136499 | LHC: 0.000000 (lambda=0.000000) | 59187.2 samples/s | 2.00s
[Coach] >>> TRAIN @Epoch: 355 >>>  || LOSS Avg: 0.13650
[Wall TIME] >>> Coach.train takes 2.003662 seconds ...
[Coach] >>> VALID @Epoch: 355 >>>  || RECALL@1 Avg: 0.0123 || RECALL@10 Avg: 0.0640 || RECALL@20 Avg: 0.0989 || NDCG@10 Avg: 0.0342 || NDCG@20 Avg: 0.0430
[Wall TIME] >>> Coach.valid takes 0.512174 seconds ...
[Epoch 356 Telemetry] BPR: 0.136859 | LHC: 0.000000 (lambda=0.000000) | 63033.9 samples/s | 1.88s
[Coach] >>> TRAIN @Epoch: 356 >>>  || LOSS Avg: 0.13686
[Wall TIME] >>> Coach.train takes 1.881507 seconds ...
[Epoch 357 Telemetry] BPR: 0.136443 | LHC: 0.000000 (lambda=0.000000) | 62835.7 samples/s | 1.89s
[Coach] >>> TRAIN @Epoch: 357 >>>  || LOSS Avg: 0.13644
[Wall TIME] >>> Coach.train takes 1.887419 seconds ...
[Epoch 358 Telemetry] BPR: 0.136432 | LHC: 0.000000 (lambda=0.000000) | 62702.7 samples/s | 1.89s
[Coach] >>> TRAIN @Epoch: 358 >>>  || LOSS Avg: 0.13643
[Wall TIME] >>> Coach.train takes 1.891344 seconds ...
[Epoch 359 Telemetry] BPR: 0.137167 | LHC: 0.000000 (lambda=0.000000) | 51275.6 samples/s | 2.31s
[Coach] >>> TRAIN @Epoch: 359 >>>  || LOSS Avg: 0.13717
[Wall TIME] >>> Coach.train takes 2.312799 seconds ...
[Epoch 360 Telemetry] BPR: 0.136385 | LHC: 0.000000 (lambda=0.000000) | 60693.7 samples/s | 1.95s
[Coach] >>> TRAIN @Epoch: 360 >>>  || LOSS Avg: 0.13638
[Wall TIME] >>> Coach.train takes 1.999168 seconds ...
[Coach] >>> VALID @Epoch: 360 >>>  || RECALL@1 Avg: 0.0126 || RECALL@10 Avg: 0.0636 || RECALL@20 Avg: 0.0995 || NDCG@10 Avg: 0.0341 || NDCG@20 Avg: 0.0432
[Wall TIME] >>> Coach.valid takes 0.516000 seconds ...
[Epoch 361 Telemetry] BPR: 0.136839 | LHC: 0.000000 (lambda=0.000000) | 62811.8 samples/s | 1.89s
[Coach] >>> TRAIN @Epoch: 361 >>>  || LOSS Avg: 0.13684
[Wall TIME] >>> Coach.train takes 1.887994 seconds ...
[Epoch 362 Telemetry] BPR: 0.135773 | LHC: 0.000000 (lambda=0.000000) | 61980.5 samples/s | 1.91s
[Coach] >>> TRAIN @Epoch: 362 >>>  || LOSS Avg: 0.13577
[Wall TIME] >>> Coach.train takes 1.913359 seconds ...
[Epoch 363 Telemetry] BPR: 0.135968 | LHC: 0.000000 (lambda=0.000000) | 51241.1 samples/s | 2.31s
[Coach] >>> TRAIN @Epoch: 363 >>>  || LOSS Avg: 0.13597
[Wall TIME] >>> Coach.train takes 2.314315 seconds ...
[Epoch 364 Telemetry] BPR: 0.137214 | LHC: 0.000000 (lambda=0.000000) | 60372.4 samples/s | 1.96s
[Coach] >>> TRAIN @Epoch: 364 >>>  || LOSS Avg: 0.13721
[Wall TIME] >>> Coach.train takes 1.964334 seconds ...
[Epoch 365 Telemetry] BPR: 0.136690 | LHC: 0.000000 (lambda=0.000000) | 59503.0 samples/s | 1.99s
[Coach] >>> TRAIN @Epoch: 365 >>>  || LOSS Avg: 0.13669
[Wall TIME] >>> Coach.train takes 1.993128 seconds ...
[Coach] >>> VALID @Epoch: 365 >>>  || RECALL@1 Avg: 0.0129 || RECALL@10 Avg: 0.0639 || RECALL@20 Avg: 0.0994 || NDCG@10 Avg: 0.0343 || NDCG@20 Avg: 0.0433
[Wall TIME] >>> Coach.valid takes 0.513491 seconds ...
[Epoch 366 Telemetry] BPR: 0.135912 | LHC: 0.000000 (lambda=0.000000) | 63017.3 samples/s | 1.88s
[Coach] >>> TRAIN @Epoch: 366 >>>  || LOSS Avg: 0.13591
[Wall TIME] >>> Coach.train takes 1.881937 seconds ...
[Epoch 367 Telemetry] BPR: 0.136272 | LHC: 0.000000 (lambda=0.000000) | 52682.3 samples/s | 2.25s
[Coach] >>> TRAIN @Epoch: 367 >>>  || LOSS Avg: 0.13627
[Wall TIME] >>> Coach.train takes 2.250975 seconds ...
[Epoch 368 Telemetry] BPR: 0.135938 | LHC: 0.000000 (lambda=0.000000) | 59835.6 samples/s | 1.98s
[Coach] >>> TRAIN @Epoch: 368 >>>  || LOSS Avg: 0.13594
[Wall TIME] >>> Coach.train takes 1.982000 seconds ...
[Epoch 369 Telemetry] BPR: 0.136394 | LHC: 0.000000 (lambda=0.000000) | 61205.0 samples/s | 1.94s
[Coach] >>> TRAIN @Epoch: 369 >>>  || LOSS Avg: 0.13639
[Wall TIME] >>> Coach.train takes 1.937677 seconds ...
[Epoch 370 Telemetry] BPR: 0.136380 | LHC: 0.000000 (lambda=0.000000) | 60855.1 samples/s | 1.95s
[Coach] >>> TRAIN @Epoch: 370 >>>  || LOSS Avg: 0.13638
[Wall TIME] >>> Coach.train takes 2.000338 seconds ...
[Coach] >>> VALID @Epoch: 370 >>>  || RECALL@1 Avg: 0.0128 || RECALL@10 Avg: 0.0641 || RECALL@20 Avg: 0.0992 || NDCG@10 Avg: 0.0344 || NDCG@20 Avg: 0.0433
[Wall TIME] >>> Coach.valid takes 0.516190 seconds ...
[Epoch 371 Telemetry] BPR: 0.136289 | LHC: 0.000000 (lambda=0.000000) | 52858.6 samples/s | 2.24s
[Coach] >>> TRAIN @Epoch: 371 >>>  || LOSS Avg: 0.13629
[Wall TIME] >>> Coach.train takes 2.243397 seconds ...
[Epoch 372 Telemetry] BPR: 0.135945 | LHC: 0.000000 (lambda=0.000000) | 61132.6 samples/s | 1.94s
[Coach] >>> TRAIN @Epoch: 372 >>>  || LOSS Avg: 0.13594
[Wall TIME] >>> Coach.train takes 1.939975 seconds ...
[Epoch 373 Telemetry] BPR: 0.135652 | LHC: 0.000000 (lambda=0.000000) | 62065.1 samples/s | 1.91s
[Coach] >>> TRAIN @Epoch: 373 >>>  || LOSS Avg: 0.13565
[Wall TIME] >>> Coach.train takes 1.910801 seconds ...
[Epoch 374 Telemetry] BPR: 0.136227 | LHC: 0.000000 (lambda=0.000000) | 61313.5 samples/s | 1.93s
[Coach] >>> TRAIN @Epoch: 374 >>>  || LOSS Avg: 0.13623
[Wall TIME] >>> Coach.train takes 1.934278 seconds ...
[Epoch 375 Telemetry] BPR: 0.136572 | LHC: 0.000000 (lambda=0.000000) | 50987.6 samples/s | 2.33s
[Coach] >>> TRAIN @Epoch: 375 >>>  || LOSS Avg: 0.13657
[Wall TIME] >>> Coach.train takes 2.325793 seconds ...
[Coach] >>> VALID @Epoch: 375 >>>  || RECALL@1 Avg: 0.0124 || RECALL@10 Avg: 0.0640 || RECALL@20 Avg: 0.0994 || NDCG@10 Avg: 0.0342 || NDCG@20 Avg: 0.0432
[Wall TIME] >>> Coach.valid takes 0.514738 seconds ...
[Epoch 376 Telemetry] BPR: 0.135674 | LHC: 0.000000 (lambda=0.000000) | 63405.2 samples/s | 1.87s
[Coach] >>> TRAIN @Epoch: 376 >>>  || LOSS Avg: 0.13567
[Wall TIME] >>> Coach.train takes 1.870346 seconds ...
[Epoch 377 Telemetry] BPR: 0.136420 | LHC: 0.000000 (lambda=0.000000) | 61278.2 samples/s | 1.93s
[Coach] >>> TRAIN @Epoch: 377 >>>  || LOSS Avg: 0.13642
[Wall TIME] >>> Coach.train takes 1.935291 seconds ...
[Epoch 378 Telemetry] BPR: 0.136203 | LHC: 0.000000 (lambda=0.000000) | 61882.4 samples/s | 1.92s
[Coach] >>> TRAIN @Epoch: 378 >>>  || LOSS Avg: 0.13620
[Wall TIME] >>> Coach.train takes 1.916472 seconds ...
[Epoch 379 Telemetry] BPR: 0.136065 | LHC: 0.000000 (lambda=0.000000) | 52090.9 samples/s | 2.28s
[Coach] >>> TRAIN @Epoch: 379 >>>  || LOSS Avg: 0.13606
[Wall TIME] >>> Coach.train takes 2.276538 seconds ...
[Epoch 380 Telemetry] BPR: 0.135735 | LHC: 0.000000 (lambda=0.000000) | 60434.4 samples/s | 1.96s
[Coach] >>> TRAIN @Epoch: 380 >>>  || LOSS Avg: 0.13573
[Wall TIME] >>> Coach.train takes 2.017369 seconds ...
[Coach] >>> VALID @Epoch: 380 >>>  || RECALL@1 Avg: 0.0121 || RECALL@10 Avg: 0.0628 || RECALL@20 Avg: 0.0989 || NDCG@10 Avg: 0.0338 || NDCG@20 Avg: 0.0429
[Wall TIME] >>> Coach.valid takes 0.526598 seconds ...
[Epoch 381 Telemetry] BPR: 0.135575 | LHC: 0.000000 (lambda=0.000000) | 62355.0 samples/s | 1.90s
[Coach] >>> TRAIN @Epoch: 381 >>>  || LOSS Avg: 0.13557
[Wall TIME] >>> Coach.train takes 1.901960 seconds ...
[Epoch 382 Telemetry] BPR: 0.136575 | LHC: 0.000000 (lambda=0.000000) | 61897.4 samples/s | 1.92s
[Coach] >>> TRAIN @Epoch: 382 >>>  || LOSS Avg: 0.13658
[Wall TIME] >>> Coach.train takes 1.916078 seconds ...
[Epoch 383 Telemetry] BPR: 0.135129 | LHC: 0.000000 (lambda=0.000000) | 52781.3 samples/s | 2.25s
[Coach] >>> TRAIN @Epoch: 383 >>>  || LOSS Avg: 0.13513
[Wall TIME] >>> Coach.train takes 2.246804 seconds ...
[Epoch 384 Telemetry] BPR: 0.135770 | LHC: 0.000000 (lambda=0.000000) | 60749.2 samples/s | 1.95s
[Coach] >>> TRAIN @Epoch: 384 >>>  || LOSS Avg: 0.13577
[Wall TIME] >>> Coach.train takes 1.952159 seconds ...
[Epoch 385 Telemetry] BPR: 0.136114 | LHC: 0.000000 (lambda=0.000000) | 59759.3 samples/s | 1.98s
[Coach] >>> TRAIN @Epoch: 385 >>>  || LOSS Avg: 0.13611
[Wall TIME] >>> Coach.train takes 1.984561 seconds ...
[Coach] >>> VALID @Epoch: 385 >>>  || RECALL@1 Avg: 0.0122 || RECALL@10 Avg: 0.0636 || RECALL@20 Avg: 0.0992 || NDCG@10 Avg: 0.0340 || NDCG@20 Avg: 0.0430
[Wall TIME] >>> Coach.valid takes 0.508357 seconds ...
[Epoch 386 Telemetry] BPR: 0.135841 | LHC: 0.000000 (lambda=0.000000) | 61875.3 samples/s | 1.92s
[Coach] >>> TRAIN @Epoch: 386 >>>  || LOSS Avg: 0.13584
[Wall TIME] >>> Coach.train takes 1.916596 seconds ...
[Epoch 387 Telemetry] BPR: 0.135347 | LHC: 0.000000 (lambda=0.000000) | 61373.5 samples/s | 1.93s
[Coach] >>> TRAIN @Epoch: 387 >>>  || LOSS Avg: 0.13535
[Wall TIME] >>> Coach.train takes 1.932410 seconds ...
[Epoch 388 Telemetry] BPR: 0.135700 | LHC: 0.000000 (lambda=0.000000) | 52122.0 samples/s | 2.27s
[Coach] >>> TRAIN @Epoch: 388 >>>  || LOSS Avg: 0.13570
[Wall TIME] >>> Coach.train takes 2.275214 seconds ...
[Epoch 389 Telemetry] BPR: 0.135558 | LHC: 0.000000 (lambda=0.000000) | 60998.4 samples/s | 1.94s
[Coach] >>> TRAIN @Epoch: 389 >>>  || LOSS Avg: 0.13556
[Wall TIME] >>> Coach.train takes 1.944243 seconds ...
[Epoch 390 Telemetry] BPR: 0.136093 | LHC: 0.000000 (lambda=0.000000) | 60698.9 samples/s | 1.95s
[Coach] >>> TRAIN @Epoch: 390 >>>  || LOSS Avg: 0.13609
[Wall TIME] >>> Coach.train takes 1.998053 seconds ...
[Coach] >>> VALID @Epoch: 390 >>>  || RECALL@1 Avg: 0.0124 || RECALL@10 Avg: 0.0626 || RECALL@20 Avg: 0.0991 || NDCG@10 Avg: 0.0338 || NDCG@20 Avg: 0.0430
[Wall TIME] >>> Coach.valid takes 0.517686 seconds ...
[Epoch 391 Telemetry] BPR: 0.135730 | LHC: 0.000000 (lambda=0.000000) | 62293.1 samples/s | 1.90s
[Coach] >>> TRAIN @Epoch: 391 >>>  || LOSS Avg: 0.13573
[Wall TIME] >>> Coach.train takes 1.903789 seconds ...
[Epoch 392 Telemetry] BPR: 0.135376 | LHC: 0.000000 (lambda=0.000000) | 52070.2 samples/s | 2.28s
[Coach] >>> TRAIN @Epoch: 392 >>>  || LOSS Avg: 0.13538
[Wall TIME] >>> Coach.train takes 2.277372 seconds ...
[Epoch 393 Telemetry] BPR: 0.135891 | LHC: 0.000000 (lambda=0.000000) | 61087.5 samples/s | 1.94s
[Coach] >>> TRAIN @Epoch: 393 >>>  || LOSS Avg: 0.13589
[Wall TIME] >>> Coach.train takes 1.941325 seconds ...
[Epoch 394 Telemetry] BPR: 0.135447 | LHC: 0.000000 (lambda=0.000000) | 60674.6 samples/s | 1.95s
[Coach] >>> TRAIN @Epoch: 394 >>>  || LOSS Avg: 0.13545
[Wall TIME] >>> Coach.train takes 1.954575 seconds ...
[Epoch 395 Telemetry] BPR: 0.135519 | LHC: 0.000000 (lambda=0.000000) | 60918.1 samples/s | 1.95s
[Coach] >>> TRAIN @Epoch: 395 >>>  || LOSS Avg: 0.13552
[Wall TIME] >>> Coach.train takes 1.946828 seconds ...
[Coach] >>> VALID @Epoch: 395 >>>  || RECALL@1 Avg: 0.0123 || RECALL@10 Avg: 0.0633 || RECALL@20 Avg: 0.0990 || NDCG@10 Avg: 0.0338 || NDCG@20 Avg: 0.0429
[Wall TIME] >>> Coach.valid takes 0.509633 seconds ...
[Epoch 396 Telemetry] BPR: 0.135718 | LHC: 0.000000 (lambda=0.000000) | 51794.6 samples/s | 2.29s
[Coach] >>> TRAIN @Epoch: 396 >>>  || LOSS Avg: 0.13572
[Wall TIME] >>> Coach.train takes 2.289619 seconds ...
[Epoch 397 Telemetry] BPR: 0.136008 | LHC: 0.000000 (lambda=0.000000) | 61852.5 samples/s | 1.92s
[Coach] >>> TRAIN @Epoch: 397 >>>  || LOSS Avg: 0.13601
[Wall TIME] >>> Coach.train takes 1.917398 seconds ...
[Epoch 398 Telemetry] BPR: 0.135190 | LHC: 0.000000 (lambda=0.000000) | 61970.4 samples/s | 1.91s
[Coach] >>> TRAIN @Epoch: 398 >>>  || LOSS Avg: 0.13519
[Wall TIME] >>> Coach.train takes 1.913733 seconds ...
[Epoch 399 Telemetry] BPR: 0.135410 | LHC: 0.000000 (lambda=0.000000) | 61703.6 samples/s | 1.92s
[Coach] >>> TRAIN @Epoch: 399 >>>  || LOSS Avg: 0.13541
[Wall TIME] >>> Coach.train takes 1.922047 seconds ...
[Epoch 400 Telemetry] BPR: 0.135993 | LHC: 0.000000 (lambda=0.000000) | 51276.0 samples/s | 2.31s
[Coach] >>> TRAIN @Epoch: 400 >>>  || LOSS Avg: 0.13599
[Wall TIME] >>> Coach.train takes 2.357841 seconds ...
[Coach] >>> VALID @Epoch: 400 >>>  || RECALL@1 Avg: 0.0121 || RECALL@10 Avg: 0.0629 || RECALL@20 Avg: 0.0999 || NDCG@10 Avg: 0.0336 || NDCG@20 Avg: 0.0430
[Wall TIME] >>> Coach.valid takes 0.562659 seconds ...
[Epoch 401 Telemetry] BPR: 0.136244 | LHC: 0.000000 (lambda=0.000000) | 61904.1 samples/s | 1.92s
[Coach] >>> TRAIN @Epoch: 401 >>>  || LOSS Avg: 0.13624
[Wall TIME] >>> Coach.train takes 1.915716 seconds ...
[Epoch 402 Telemetry] BPR: 0.135863 | LHC: 0.000000 (lambda=0.000000) | 62148.7 samples/s | 1.91s
[Coach] >>> TRAIN @Epoch: 402 >>>  || LOSS Avg: 0.13586
[Wall TIME] >>> Coach.train takes 1.908296 seconds ...
[Epoch 403 Telemetry] BPR: 0.136148 | LHC: 0.000000 (lambda=0.000000) | 61947.0 samples/s | 1.91s
[Coach] >>> TRAIN @Epoch: 403 >>>  || LOSS Avg: 0.13615
[Wall TIME] >>> Coach.train takes 1.914468 seconds ...
[Epoch 404 Telemetry] BPR: 0.135512 | LHC: 0.000000 (lambda=0.000000) | 51728.1 samples/s | 2.29s
[Coach] >>> TRAIN @Epoch: 404 >>>  || LOSS Avg: 0.13551
[Wall TIME] >>> Coach.train takes 2.292500 seconds ...
[Epoch 405 Telemetry] BPR: 0.135992 | LHC: 0.000000 (lambda=0.000000) | 59392.7 samples/s | 2.00s
[Coach] >>> TRAIN @Epoch: 405 >>>  || LOSS Avg: 0.13599
[Wall TIME] >>> Coach.train takes 1.996727 seconds ...
[Coach] >>> VALID @Epoch: 405 >>>  || RECALL@1 Avg: 0.0120 || RECALL@10 Avg: 0.0638 || RECALL@20 Avg: 0.0995 || NDCG@10 Avg: 0.0339 || NDCG@20 Avg: 0.0430
[Wall TIME] >>> Coach.valid takes 0.513035 seconds ...
[Epoch 406 Telemetry] BPR: 0.136167 | LHC: 0.000000 (lambda=0.000000) | 62072.7 samples/s | 1.91s
[Coach] >>> TRAIN @Epoch: 406 >>>  || LOSS Avg: 0.13617
[Wall TIME] >>> Coach.train takes 1.910545 seconds ...
[Epoch 407 Telemetry] BPR: 0.135619 | LHC: 0.000000 (lambda=0.000000) | 60102.9 samples/s | 1.97s
[Coach] >>> TRAIN @Epoch: 407 >>>  || LOSS Avg: 0.13562
[Wall TIME] >>> Coach.train takes 1.973247 seconds ...
[Epoch 408 Telemetry] BPR: 0.135598 | LHC: 0.000000 (lambda=0.000000) | 51972.5 samples/s | 2.28s
[Coach] >>> TRAIN @Epoch: 408 >>>  || LOSS Avg: 0.13560
[Wall TIME] >>> Coach.train takes 2.281771 seconds ...
[Epoch 409 Telemetry] BPR: 0.135494 | LHC: 0.000000 (lambda=0.000000) | 60616.6 samples/s | 1.96s
[Coach] >>> TRAIN @Epoch: 409 >>>  || LOSS Avg: 0.13549
[Wall TIME] >>> Coach.train takes 1.956420 seconds ...
[Epoch 410 Telemetry] BPR: 0.135361 | LHC: 0.000000 (lambda=0.000000) | 59898.7 samples/s | 1.98s
[Coach] >>> TRAIN @Epoch: 410 >>>  || LOSS Avg: 0.13536
[Wall TIME] >>> Coach.train takes 2.023098 seconds ...
[Coach] >>> VALID @Epoch: 410 >>>  || RECALL@1 Avg: 0.0120 || RECALL@10 Avg: 0.0639 || RECALL@20 Avg: 0.0993 || NDCG@10 Avg: 0.0339 || NDCG@20 Avg: 0.0429
[Wall TIME] >>> Coach.valid takes 0.529996 seconds ...
[Epoch 411 Telemetry] BPR: 0.135574 | LHC: 0.000000 (lambda=0.000000) | 62871.2 samples/s | 1.89s
[Coach] >>> TRAIN @Epoch: 411 >>>  || LOSS Avg: 0.13557
[Wall TIME] >>> Coach.train takes 1.886311 seconds ...
[Epoch 412 Telemetry] BPR: 0.135618 | LHC: 0.000000 (lambda=0.000000) | 52063.5 samples/s | 2.28s
[Coach] >>> TRAIN @Epoch: 412 >>>  || LOSS Avg: 0.13562
[Wall TIME] >>> Coach.train takes 2.277821 seconds ...
[Epoch 413 Telemetry] BPR: 0.136008 | LHC: 0.000000 (lambda=0.000000) | 61107.8 samples/s | 1.94s
[Coach] >>> TRAIN @Epoch: 413 >>>  || LOSS Avg: 0.13601
[Wall TIME] >>> Coach.train takes 1.940761 seconds ...
[Epoch 414 Telemetry] BPR: 0.135440 | LHC: 0.000000 (lambda=0.000000) | 61029.3 samples/s | 1.94s
[Coach] >>> TRAIN @Epoch: 414 >>>  || LOSS Avg: 0.13544
[Wall TIME] >>> Coach.train takes 1.943210 seconds ...
[Epoch 415 Telemetry] BPR: 0.135668 | LHC: 0.000000 (lambda=0.000000) | 59827.5 samples/s | 1.98s
[Coach] >>> TRAIN @Epoch: 415 >>>  || LOSS Avg: 0.13567
[Wall TIME] >>> Coach.train takes 1.982325 seconds ...
[Coach] >>> VALID @Epoch: 415 >>>  || RECALL@1 Avg: 0.0121 || RECALL@10 Avg: 0.0633 || RECALL@20 Avg: 0.0987 || NDCG@10 Avg: 0.0338 || NDCG@20 Avg: 0.0428
[Wall TIME] >>> Coach.valid takes 0.528775 seconds ...
[Epoch 416 Telemetry] BPR: 0.134826 | LHC: 0.000000 (lambda=0.000000) | 62665.3 samples/s | 1.89s
[Coach] >>> TRAIN @Epoch: 416 >>>  || LOSS Avg: 0.13483
[Wall TIME] >>> Coach.train takes 1.892507 seconds ...
[Epoch 417 Telemetry] BPR: 0.135302 | LHC: 0.000000 (lambda=0.000000) | 52151.4 samples/s | 2.27s
[Coach] >>> TRAIN @Epoch: 417 >>>  || LOSS Avg: 0.13530
[Wall TIME] >>> Coach.train takes 2.273888 seconds ...
[Epoch 418 Telemetry] BPR: 0.135358 | LHC: 0.000000 (lambda=0.000000) | 60400.7 samples/s | 1.96s
[Coach] >>> TRAIN @Epoch: 418 >>>  || LOSS Avg: 0.13536
[Wall TIME] >>> Coach.train takes 1.963576 seconds ...
[Epoch 419 Telemetry] BPR: 0.135141 | LHC: 0.000000 (lambda=0.000000) | 58210.3 samples/s | 2.04s
[Coach] >>> TRAIN @Epoch: 419 >>>  || LOSS Avg: 0.13514
[Wall TIME] >>> Coach.train takes 2.037348 seconds ...
[Epoch 420 Telemetry] BPR: 0.135230 | LHC: 0.000000 (lambda=0.000000) | 58778.5 samples/s | 2.02s
[Coach] >>> TRAIN @Epoch: 420 >>>  || LOSS Avg: 0.13523
[Wall TIME] >>> Coach.train takes 2.063643 seconds ...
[Coach] >>> VALID @Epoch: 420 >>>  || RECALL@1 Avg: 0.0123 || RECALL@10 Avg: 0.0632 || RECALL@20 Avg: 0.0981 || NDCG@10 Avg: 0.0339 || NDCG@20 Avg: 0.0428
[Wall TIME] >>> Coach.valid takes 0.527012 seconds ...
[Epoch 421 Telemetry] BPR: 0.135670 | LHC: 0.000000 (lambda=0.000000) | 52490.5 samples/s | 2.26s
[Coach] >>> TRAIN @Epoch: 421 >>>  || LOSS Avg: 0.13567
[Wall TIME] >>> Coach.train takes 2.259225 seconds ...
[Epoch 422 Telemetry] BPR: 0.134945 | LHC: 0.000000 (lambda=0.000000) | 61026.2 samples/s | 1.94s
[Coach] >>> TRAIN @Epoch: 422 >>>  || LOSS Avg: 0.13494
[Wall TIME] >>> Coach.train takes 1.943313 seconds ...
[Epoch 423 Telemetry] BPR: 0.135438 | LHC: 0.000000 (lambda=0.000000) | 62276.5 samples/s | 1.90s
[Coach] >>> TRAIN @Epoch: 423 >>>  || LOSS Avg: 0.13544
[Wall TIME] >>> Coach.train takes 1.904286 seconds ...
[Epoch 424 Telemetry] BPR: 0.135194 | LHC: 0.000000 (lambda=0.000000) | 60468.6 samples/s | 1.96s
[Coach] >>> TRAIN @Epoch: 424 >>>  || LOSS Avg: 0.13519
[Wall TIME] >>> Coach.train takes 1.961160 seconds ...
[Epoch 425 Telemetry] BPR: 0.134845 | LHC: 0.000000 (lambda=0.000000) | 51386.9 samples/s | 2.31s
[Coach] >>> TRAIN @Epoch: 425 >>>  || LOSS Avg: 0.13484
[Wall TIME] >>> Coach.train takes 2.307768 seconds ...
[Coach] >>> VALID @Epoch: 425 >>>  || RECALL@1 Avg: 0.0126 || RECALL@10 Avg: 0.0638 || RECALL@20 Avg: 0.0993 || NDCG@10 Avg: 0.0341 || NDCG@20 Avg: 0.0431
[Wall TIME] >>> Coach.valid takes 0.515156 seconds ...
[Epoch 426 Telemetry] BPR: 0.135316 | LHC: 0.000000 (lambda=0.000000) | 62983.4 samples/s | 1.88s
[Coach] >>> TRAIN @Epoch: 426 >>>  || LOSS Avg: 0.13532
[Wall TIME] >>> Coach.train takes 1.882968 seconds ...
[Epoch 427 Telemetry] BPR: 0.135289 | LHC: 0.000000 (lambda=0.000000) | 62604.2 samples/s | 1.89s
[Coach] >>> TRAIN @Epoch: 427 >>>  || LOSS Avg: 0.13529
[Wall TIME] >>> Coach.train takes 1.894365 seconds ...
[Epoch 428 Telemetry] BPR: 0.135622 | LHC: 0.000000 (lambda=0.000000) | 61743.5 samples/s | 1.92s
[Coach] >>> TRAIN @Epoch: 428 >>>  || LOSS Avg: 0.13562
[Wall TIME] >>> Coach.train takes 1.920677 seconds ...
[Epoch 429 Telemetry] BPR: 0.135118 | LHC: 0.000000 (lambda=0.000000) | 50147.5 samples/s | 2.36s
[Coach] >>> TRAIN @Epoch: 429 >>>  || LOSS Avg: 0.13512
[Wall TIME] >>> Coach.train takes 2.364827 seconds ...
[Epoch 430 Telemetry] BPR: 0.134982 | LHC: 0.000000 (lambda=0.000000) | 58426.7 samples/s | 2.03s
[Coach] >>> TRAIN @Epoch: 430 >>>  || LOSS Avg: 0.13498
[Wall TIME] >>> Coach.train takes 2.080861 seconds ...
[Coach] >>> VALID @Epoch: 430 >>>  || RECALL@1 Avg: 0.0128 || RECALL@10 Avg: 0.0634 || RECALL@20 Avg: 0.0992 || NDCG@10 Avg: 0.0341 || NDCG@20 Avg: 0.0432
[Wall TIME] >>> Coach.valid takes 0.523171 seconds ...
[Epoch 431 Telemetry] BPR: 0.135121 | LHC: 0.000000 (lambda=0.000000) | 59950.2 samples/s | 1.98s
[Coach] >>> TRAIN @Epoch: 431 >>>  || LOSS Avg: 0.13512
[Wall TIME] >>> Coach.train takes 1.978210 seconds ...
[Epoch 432 Telemetry] BPR: 0.135146 | LHC: 0.000000 (lambda=0.000000) | 61181.5 samples/s | 1.94s
[Coach] >>> TRAIN @Epoch: 432 >>>  || LOSS Avg: 0.13515
[Wall TIME] >>> Coach.train takes 1.938456 seconds ...
[Epoch 433 Telemetry] BPR: 0.135743 | LHC: 0.000000 (lambda=0.000000) | 50901.8 samples/s | 2.33s
[Coach] >>> TRAIN @Epoch: 433 >>>  || LOSS Avg: 0.13574
[Wall TIME] >>> Coach.train takes 2.329728 seconds ...
[Epoch 434 Telemetry] BPR: 0.135012 | LHC: 0.000000 (lambda=0.000000) | 59610.7 samples/s | 1.99s
[Coach] >>> TRAIN @Epoch: 434 >>>  || LOSS Avg: 0.13501
[Wall TIME] >>> Coach.train takes 1.989465 seconds ...
[Epoch 435 Telemetry] BPR: 0.135065 | LHC: 0.000000 (lambda=0.000000) | 59506.0 samples/s | 1.99s
[Coach] >>> TRAIN @Epoch: 435 >>>  || LOSS Avg: 0.13506
[Wall TIME] >>> Coach.train takes 1.992873 seconds ...
[Coach] >>> VALID @Epoch: 435 >>>  || RECALL@1 Avg: 0.0124 || RECALL@10 Avg: 0.0644 || RECALL@20 Avg: 0.0984 || NDCG@10 Avg: 0.0343 || NDCG@20 Avg: 0.0429
[Wall TIME] >>> Coach.valid takes 0.511552 seconds ...
[Epoch 436 Telemetry] BPR: 0.135313 | LHC: 0.000000 (lambda=0.000000) | 63631.6 samples/s | 1.86s
[Coach] >>> TRAIN @Epoch: 436 >>>  || LOSS Avg: 0.13531
[Wall TIME] >>> Coach.train takes 1.863729 seconds ...
[Epoch 437 Telemetry] BPR: 0.135121 | LHC: 0.000000 (lambda=0.000000) | 52620.9 samples/s | 2.25s
[Coach] >>> TRAIN @Epoch: 437 >>>  || LOSS Avg: 0.13512
[Wall TIME] >>> Coach.train takes 2.253610 seconds ...
[Epoch 438 Telemetry] BPR: 0.135658 | LHC: 0.000000 (lambda=0.000000) | 60412.5 samples/s | 1.96s
[Coach] >>> TRAIN @Epoch: 438 >>>  || LOSS Avg: 0.13566
[Wall TIME] >>> Coach.train takes 1.963037 seconds ...
[Epoch 439 Telemetry] BPR: 0.135694 | LHC: 0.000000 (lambda=0.000000) | 60606.1 samples/s | 1.96s
[Coach] >>> TRAIN @Epoch: 439 >>>  || LOSS Avg: 0.13569
[Wall TIME] >>> Coach.train takes 1.956804 seconds ...
[Epoch 440 Telemetry] BPR: 0.135816 | LHC: 0.000000 (lambda=0.000000) | 59412.4 samples/s | 2.00s
[Coach] >>> TRAIN @Epoch: 440 >>>  || LOSS Avg: 0.13582
[Wall TIME] >>> Coach.train takes 2.049933 seconds ...
[Coach] >>> VALID @Epoch: 440 >>>  || RECALL@1 Avg: 0.0124 || RECALL@10 Avg: 0.0645 || RECALL@20 Avg: 0.0983 || NDCG@10 Avg: 0.0343 || NDCG@20 Avg: 0.0429
[Wall TIME] >>> Coach.valid takes 0.527094 seconds ...
[Epoch 441 Telemetry] BPR: 0.135144 | LHC: 0.000000 (lambda=0.000000) | 52605.8 samples/s | 2.25s
[Coach] >>> TRAIN @Epoch: 441 >>>  || LOSS Avg: 0.13514
[Wall TIME] >>> Coach.train takes 2.254268 seconds ...
[Epoch 442 Telemetry] BPR: 0.135003 | LHC: 0.000000 (lambda=0.000000) | 60671.8 samples/s | 1.95s
[Coach] >>> TRAIN @Epoch: 442 >>>  || LOSS Avg: 0.13500
[Wall TIME] >>> Coach.train takes 1.954674 seconds ...
[Epoch 443 Telemetry] BPR: 0.135066 | LHC: 0.000000 (lambda=0.000000) | 60385.5 samples/s | 1.96s
[Coach] >>> TRAIN @Epoch: 443 >>>  || LOSS Avg: 0.13507
[Wall TIME] >>> Coach.train takes 1.964025 seconds ...
[Epoch 444 Telemetry] BPR: 0.134479 | LHC: 0.000000 (lambda=0.000000) | 60469.2 samples/s | 1.96s
[Coach] >>> TRAIN @Epoch: 444 >>>  || LOSS Avg: 0.13448
[Wall TIME] >>> Coach.train takes 1.961134 seconds ...
[Epoch 445 Telemetry] BPR: 0.134771 | LHC: 0.000000 (lambda=0.000000) | 51539.5 samples/s | 2.30s
[Coach] >>> TRAIN @Epoch: 445 >>>  || LOSS Avg: 0.13477
[Wall TIME] >>> Coach.train takes 2.300947 seconds ...
[Coach] >>> VALID @Epoch: 445 >>>  || RECALL@1 Avg: 0.0125 || RECALL@10 Avg: 0.0638 || RECALL@20 Avg: 0.0983 || NDCG@10 Avg: 0.0341 || NDCG@20 Avg: 0.0429
[Wall TIME] >>> Coach.valid takes 0.528258 seconds ...
[Epoch 446 Telemetry] BPR: 0.135313 | LHC: 0.000000 (lambda=0.000000) | 62180.3 samples/s | 1.91s
[Coach] >>> TRAIN @Epoch: 446 >>>  || LOSS Avg: 0.13531
[Wall TIME] >>> Coach.train takes 1.907297 seconds ...
[Epoch 447 Telemetry] BPR: 0.135062 | LHC: 0.000000 (lambda=0.000000) | 61656.1 samples/s | 1.92s
[Coach] >>> TRAIN @Epoch: 447 >>>  || LOSS Avg: 0.13506
[Wall TIME] >>> Coach.train takes 1.923542 seconds ...
[Epoch 448 Telemetry] BPR: 0.135160 | LHC: 0.000000 (lambda=0.000000) | 61903.1 samples/s | 1.92s
[Coach] >>> TRAIN @Epoch: 448 >>>  || LOSS Avg: 0.13516
[Wall TIME] >>> Coach.train takes 1.915915 seconds ...
[Epoch 449 Telemetry] BPR: 0.134685 | LHC: 0.000000 (lambda=0.000000) | 61635.0 samples/s | 1.92s
[Coach] >>> TRAIN @Epoch: 449 >>>  || LOSS Avg: 0.13468
[Wall TIME] >>> Coach.train takes 1.924191 seconds ...
[Epoch 450 Telemetry] BPR: 0.134938 | LHC: 0.000000 (lambda=0.000000) | 50438.0 samples/s | 2.35s
[Coach] >>> TRAIN @Epoch: 450 >>>  || LOSS Avg: 0.13494
[Wall TIME] >>> Coach.train takes 2.398054 seconds ...
[Coach] >>> VALID @Epoch: 450 >>>  || RECALL@1 Avg: 0.0122 || RECALL@10 Avg: 0.0641 || RECALL@20 Avg: 0.0991 || NDCG@10 Avg: 0.0341 || NDCG@20 Avg: 0.0430
[Wall TIME] >>> Coach.valid takes 0.532182 seconds ...
[Epoch 451 Telemetry] BPR: 0.134571 | LHC: 0.000000 (lambda=0.000000) | 60591.8 samples/s | 1.96s
[Coach] >>> TRAIN @Epoch: 451 >>>  || LOSS Avg: 0.13457
[Wall TIME] >>> Coach.train takes 1.957247 seconds ...
[Epoch 452 Telemetry] BPR: 0.135080 | LHC: 0.000000 (lambda=0.000000) | 59854.4 samples/s | 1.98s
[Coach] >>> TRAIN @Epoch: 452 >>>  || LOSS Avg: 0.13508
[Wall TIME] >>> Coach.train takes 1.981428 seconds ...
[Epoch 453 Telemetry] BPR: 0.134730 | LHC: 0.000000 (lambda=0.000000) | 60063.8 samples/s | 1.97s
[Coach] >>> TRAIN @Epoch: 453 >>>  || LOSS Avg: 0.13473
[Wall TIME] >>> Coach.train takes 1.974465 seconds ...
[Epoch 454 Telemetry] BPR: 0.134929 | LHC: 0.000000 (lambda=0.000000) | 51047.8 samples/s | 2.32s
[Coach] >>> TRAIN @Epoch: 454 >>>  || LOSS Avg: 0.13493
[Wall TIME] >>> Coach.train takes 2.323191 seconds ...
[Epoch 455 Telemetry] BPR: 0.134869 | LHC: 0.000000 (lambda=0.000000) | 60142.7 samples/s | 1.97s
[Coach] >>> TRAIN @Epoch: 455 >>>  || LOSS Avg: 0.13487
[Wall TIME] >>> Coach.train takes 1.971864 seconds ...
[Coach] >>> VALID @Epoch: 455 >>>  || RECALL@1 Avg: 0.0124 || RECALL@10 Avg: 0.0634 || RECALL@20 Avg: 0.0980 || NDCG@10 Avg: 0.0339 || NDCG@20 Avg: 0.0427
[Wall TIME] >>> Coach.valid takes 0.511545 seconds ...
[Epoch 456 Telemetry] BPR: 0.135133 | LHC: 0.000000 (lambda=0.000000) | 62685.4 samples/s | 1.89s
[Coach] >>> TRAIN @Epoch: 456 >>>  || LOSS Avg: 0.13513
[Wall TIME] >>> Coach.train takes 1.891900 seconds ...
[Epoch 457 Telemetry] BPR: 0.135012 | LHC: 0.000000 (lambda=0.000000) | 61338.9 samples/s | 1.93s
[Coach] >>> TRAIN @Epoch: 457 >>>  || LOSS Avg: 0.13501
[Wall TIME] >>> Coach.train takes 1.933437 seconds ...
[Epoch 458 Telemetry] BPR: 0.134875 | LHC: 0.000000 (lambda=0.000000) | 51959.9 samples/s | 2.28s
[Coach] >>> TRAIN @Epoch: 458 >>>  || LOSS Avg: 0.13487
[Wall TIME] >>> Coach.train takes 2.282269 seconds ...
[Epoch 459 Telemetry] BPR: 0.134858 | LHC: 0.000000 (lambda=0.000000) | 60472.6 samples/s | 1.96s
[Coach] >>> TRAIN @Epoch: 459 >>>  || LOSS Avg: 0.13486
[Wall TIME] >>> Coach.train takes 1.961025 seconds ...
[Epoch 460 Telemetry] BPR: 0.135069 | LHC: 0.000000 (lambda=0.000000) | 60177.5 samples/s | 1.97s
[Coach] >>> TRAIN @Epoch: 460 >>>  || LOSS Avg: 0.13507
[Wall TIME] >>> Coach.train takes 2.015338 seconds ...
[Coach] >>> VALID @Epoch: 460 >>>  || RECALL@1 Avg: 0.0126 || RECALL@10 Avg: 0.0631 || RECALL@20 Avg: 0.0986 || NDCG@10 Avg: 0.0339 || NDCG@20 Avg: 0.0429
[Wall TIME] >>> Coach.valid takes 0.531263 seconds ...
[Epoch 461 Telemetry] BPR: 0.134631 | LHC: 0.000000 (lambda=0.000000) | 61120.5 samples/s | 1.94s
[Coach] >>> TRAIN @Epoch: 461 >>>  || LOSS Avg: 0.13463
[Wall TIME] >>> Coach.train takes 1.940226 seconds ...
[Epoch 462 Telemetry] BPR: 0.135011 | LHC: 0.000000 (lambda=0.000000) | 51515.7 samples/s | 2.30s
[Coach] >>> TRAIN @Epoch: 462 >>>  || LOSS Avg: 0.13501
[Wall TIME] >>> Coach.train takes 2.301923 seconds ...
[Epoch 463 Telemetry] BPR: 0.134904 | LHC: 0.000000 (lambda=0.000000) | 61061.5 samples/s | 1.94s
[Coach] >>> TRAIN @Epoch: 463 >>>  || LOSS Avg: 0.13490
[Wall TIME] >>> Coach.train takes 1.942176 seconds ...
[Epoch 464 Telemetry] BPR: 0.134957 | LHC: 0.000000 (lambda=0.000000) | 60675.0 samples/s | 1.95s
[Coach] >>> TRAIN @Epoch: 464 >>>  || LOSS Avg: 0.13496
[Wall TIME] >>> Coach.train takes 1.954585 seconds ...
[Epoch 465 Telemetry] BPR: 0.134774 | LHC: 0.000000 (lambda=0.000000) | 60624.2 samples/s | 1.96s
[Coach] >>> TRAIN @Epoch: 465 >>>  || LOSS Avg: 0.13477
[Wall TIME] >>> Coach.train takes 1.956126 seconds ...
[Coach] >>> VALID @Epoch: 465 >>>  || RECALL@1 Avg: 0.0126 || RECALL@10 Avg: 0.0632 || RECALL@20 Avg: 0.0988 || NDCG@10 Avg: 0.0340 || NDCG@20 Avg: 0.0430
[Wall TIME] >>> Coach.valid takes 0.506397 seconds ...
[Epoch 466 Telemetry] BPR: 0.134942 | LHC: 0.000000 (lambda=0.000000) | 52760.3 samples/s | 2.25s
[Coach] >>> TRAIN @Epoch: 466 >>>  || LOSS Avg: 0.13494
[Wall TIME] >>> Coach.train takes 2.247662 seconds ...
[Epoch 467 Telemetry] BPR: 0.134769 | LHC: 0.000000 (lambda=0.000000) | 62884.5 samples/s | 1.89s
[Coach] >>> TRAIN @Epoch: 467 >>>  || LOSS Avg: 0.13477
[Wall TIME] >>> Coach.train takes 1.885939 seconds ...
[Epoch 468 Telemetry] BPR: 0.134650 | LHC: 0.000000 (lambda=0.000000) | 61836.6 samples/s | 1.92s
[Coach] >>> TRAIN @Epoch: 468 >>>  || LOSS Avg: 0.13465
[Wall TIME] >>> Coach.train takes 1.917894 seconds ...
[Epoch 469 Telemetry] BPR: 0.134719 | LHC: 0.000000 (lambda=0.000000) | 62094.8 samples/s | 1.91s
[Coach] >>> TRAIN @Epoch: 469 >>>  || LOSS Avg: 0.13472
[Wall TIME] >>> Coach.train takes 1.909919 seconds ...
[Epoch 470 Telemetry] BPR: 0.135128 | LHC: 0.000000 (lambda=0.000000) | 51580.0 samples/s | 2.30s
[Coach] >>> TRAIN @Epoch: 470 >>>  || LOSS Avg: 0.13513
[Wall TIME] >>> Coach.train takes 2.343084 seconds ...
[Coach] >>> VALID @Epoch: 470 >>>  || RECALL@1 Avg: 0.0127 || RECALL@10 Avg: 0.0631 || RECALL@20 Avg: 0.0987 || NDCG@10 Avg: 0.0340 || NDCG@20 Avg: 0.0431
[Wall TIME] >>> Coach.valid takes 0.550179 seconds ...
[Epoch 471 Telemetry] BPR: 0.134593 | LHC: 0.000000 (lambda=0.000000) | 61696.8 samples/s | 1.92s
[Coach] >>> TRAIN @Epoch: 471 >>>  || LOSS Avg: 0.13459
[Wall TIME] >>> Coach.train takes 1.922181 seconds ...
[Epoch 472 Telemetry] BPR: 0.134616 | LHC: 0.000000 (lambda=0.000000) | 61704.0 samples/s | 1.92s
[Coach] >>> TRAIN @Epoch: 472 >>>  || LOSS Avg: 0.13462
[Wall TIME] >>> Coach.train takes 1.922063 seconds ...
[Epoch 473 Telemetry] BPR: 0.134994 | LHC: 0.000000 (lambda=0.000000) | 61874.5 samples/s | 1.92s
[Coach] >>> TRAIN @Epoch: 473 >>>  || LOSS Avg: 0.13499
[Wall TIME] >>> Coach.train takes 1.916625 seconds ...
[Epoch 474 Telemetry] BPR: 0.134853 | LHC: 0.000000 (lambda=0.000000) | 52108.9 samples/s | 2.28s
[Coach] >>> TRAIN @Epoch: 474 >>>  || LOSS Avg: 0.13485
[Wall TIME] >>> Coach.train takes 2.275817 seconds ...
[Epoch 475 Telemetry] BPR: 0.134879 | LHC: 0.000000 (lambda=0.000000) | 59489.6 samples/s | 1.99s
[Coach] >>> TRAIN @Epoch: 475 >>>  || LOSS Avg: 0.13488
[Wall TIME] >>> Coach.train takes 1.993510 seconds ...
[Coach] >>> VALID @Epoch: 475 >>>  || RECALL@1 Avg: 0.0128 || RECALL@10 Avg: 0.0627 || RECALL@20 Avg: 0.0978 || NDCG@10 Avg: 0.0341 || NDCG@20 Avg: 0.0431
[Wall TIME] >>> Coach.valid takes 0.520820 seconds ...
[Epoch 476 Telemetry] BPR: 0.134389 | LHC: 0.000000 (lambda=0.000000) | 62693.3 samples/s | 1.89s
[Coach] >>> TRAIN @Epoch: 476 >>>  || LOSS Avg: 0.13439
[Wall TIME] >>> Coach.train takes 1.891653 seconds ...
[Epoch 477 Telemetry] BPR: 0.135062 | LHC: 0.000000 (lambda=0.000000) | 61896.5 samples/s | 1.92s
[Coach] >>> TRAIN @Epoch: 477 >>>  || LOSS Avg: 0.13506
[Wall TIME] >>> Coach.train takes 1.916000 seconds ...
[Epoch 478 Telemetry] BPR: 0.135153 | LHC: 0.000000 (lambda=0.000000) | 52086.7 samples/s | 2.28s
[Coach] >>> TRAIN @Epoch: 478 >>>  || LOSS Avg: 0.13515
[Wall TIME] >>> Coach.train takes 2.276909 seconds ...
[Epoch 479 Telemetry] BPR: 0.134405 | LHC: 0.000000 (lambda=0.000000) | 60670.0 samples/s | 1.95s
[Coach] >>> TRAIN @Epoch: 479 >>>  || LOSS Avg: 0.13440
[Wall TIME] >>> Coach.train takes 1.954771 seconds ...
[Epoch 480 Telemetry] BPR: 0.134641 | LHC: 0.000000 (lambda=0.000000) | 59607.4 samples/s | 1.99s
[Coach] >>> TRAIN @Epoch: 480 >>>  || LOSS Avg: 0.13464
[Wall TIME] >>> Coach.train takes 2.034301 seconds ...
[Coach] >>> VALID @Epoch: 480 >>>  || RECALL@1 Avg: 0.0126 || RECALL@10 Avg: 0.0629 || RECALL@20 Avg: 0.0975 || NDCG@10 Avg: 0.0340 || NDCG@20 Avg: 0.0428
[Wall TIME] >>> Coach.valid takes 0.517036 seconds ...
[Epoch 481 Telemetry] BPR: 0.134081 | LHC: 0.000000 (lambda=0.000000) | 61406.3 samples/s | 1.93s
[Coach] >>> TRAIN @Epoch: 481 >>>  || LOSS Avg: 0.13408
[Wall TIME] >>> Coach.train takes 1.931380 seconds ...
[Epoch 482 Telemetry] BPR: 0.135013 | LHC: 0.000000 (lambda=0.000000) | 51747.8 samples/s | 2.29s
[Coach] >>> TRAIN @Epoch: 482 >>>  || LOSS Avg: 0.13501
[Wall TIME] >>> Coach.train takes 2.291592 seconds ...
[Epoch 483 Telemetry] BPR: 0.134930 | LHC: 0.000000 (lambda=0.000000) | 60646.5 samples/s | 1.95s
[Coach] >>> TRAIN @Epoch: 483 >>>  || LOSS Avg: 0.13493
[Wall TIME] >>> Coach.train takes 1.955545 seconds ...
[Epoch 484 Telemetry] BPR: 0.134976 | LHC: 0.000000 (lambda=0.000000) | 60629.4 samples/s | 1.96s
[Coach] >>> TRAIN @Epoch: 484 >>>  || LOSS Avg: 0.13498
[Wall TIME] >>> Coach.train takes 1.956084 seconds ...
[Epoch 485 Telemetry] BPR: 0.134982 | LHC: 0.000000 (lambda=0.000000) | 59521.1 samples/s | 1.99s
[Coach] >>> TRAIN @Epoch: 485 >>>  || LOSS Avg: 0.13498
[Wall TIME] >>> Coach.train takes 1.992382 seconds ...
[Coach] >>> VALID @Epoch: 485 >>>  || RECALL@1 Avg: 0.0121 || RECALL@10 Avg: 0.0630 || RECALL@20 Avg: 0.0981 || NDCG@10 Avg: 0.0338 || NDCG@20 Avg: 0.0428
[Wall TIME] >>> Coach.valid takes 0.508950 seconds ...
[Epoch 486 Telemetry] BPR: 0.134679 | LHC: 0.000000 (lambda=0.000000) | 53044.1 samples/s | 2.23s
[Coach] >>> TRAIN @Epoch: 486 >>>  || LOSS Avg: 0.13468
[Wall TIME] >>> Coach.train takes 2.235597 seconds ...
[Epoch 487 Telemetry] BPR: 0.134344 | LHC: 0.000000 (lambda=0.000000) | 61500.3 samples/s | 1.93s
[Coach] >>> TRAIN @Epoch: 487 >>>  || LOSS Avg: 0.13434
[Wall TIME] >>> Coach.train takes 1.928385 seconds ...
[Epoch 488 Telemetry] BPR: 0.133704 | LHC: 0.000000 (lambda=0.000000) | 59646.7 samples/s | 1.99s
[Coach] >>> TRAIN @Epoch: 488 >>>  || LOSS Avg: 0.13370
[Wall TIME] >>> Coach.train takes 1.988239 seconds ...
[Epoch 489 Telemetry] BPR: 0.134670 | LHC: 0.000000 (lambda=0.000000) | 60093.0 samples/s | 1.97s
[Coach] >>> TRAIN @Epoch: 489 >>>  || LOSS Avg: 0.13467
[Wall TIME] >>> Coach.train takes 1.973541 seconds ...
[Epoch 490 Telemetry] BPR: 0.134529 | LHC: 0.000000 (lambda=0.000000) | 51701.1 samples/s | 2.29s
[Coach] >>> TRAIN @Epoch: 490 >>>  || LOSS Avg: 0.13453
[Wall TIME] >>> Coach.train takes 2.337094 seconds ...
[Coach] >>> VALID @Epoch: 490 >>>  || RECALL@1 Avg: 0.0128 || RECALL@10 Avg: 0.0637 || RECALL@20 Avg: 0.0983 || NDCG@10 Avg: 0.0342 || NDCG@20 Avg: 0.0430
[Wall TIME] >>> Coach.valid takes 0.515179 seconds ...
[Epoch 491 Telemetry] BPR: 0.134237 | LHC: 0.000000 (lambda=0.000000) | 61757.8 samples/s | 1.92s
[Coach] >>> TRAIN @Epoch: 491 >>>  || LOSS Avg: 0.13424
[Wall TIME] >>> Coach.train takes 1.920352 seconds ...
[Epoch 492 Telemetry] BPR: 0.134770 | LHC: 0.000000 (lambda=0.000000) | 61882.0 samples/s | 1.92s
[Coach] >>> TRAIN @Epoch: 492 >>>  || LOSS Avg: 0.13477
[Wall TIME] >>> Coach.train takes 1.916514 seconds ...
[Epoch 493 Telemetry] BPR: 0.134795 | LHC: 0.000000 (lambda=0.000000) | 60654.8 samples/s | 1.95s
[Coach] >>> TRAIN @Epoch: 493 >>>  || LOSS Avg: 0.13480
[Wall TIME] >>> Coach.train takes 1.955139 seconds ...
[Epoch 494 Telemetry] BPR: 0.134533 | LHC: 0.000000 (lambda=0.000000) | 59807.6 samples/s | 1.98s
[Coach] >>> TRAIN @Epoch: 494 >>>  || LOSS Avg: 0.13453
[Wall TIME] >>> Coach.train takes 1.982939 seconds ...
[Epoch 495 Telemetry] BPR: 0.134469 | LHC: 0.000000 (lambda=0.000000) | 50873.4 samples/s | 2.33s
[Coach] >>> TRAIN @Epoch: 495 >>>  || LOSS Avg: 0.13447
[Wall TIME] >>> Coach.train takes 2.331059 seconds ...
[Coach] >>> VALID @Epoch: 495 >>>  || RECALL@1 Avg: 0.0128 || RECALL@10 Avg: 0.0631 || RECALL@20 Avg: 0.0991 || NDCG@10 Avg: 0.0342 || NDCG@20 Avg: 0.0433
[Wall TIME] >>> Coach.valid takes 0.521916 seconds ...
[Epoch 496 Telemetry] BPR: 0.134193 | LHC: 0.000000 (lambda=0.000000) | 63189.1 samples/s | 1.88s
[Coach] >>> TRAIN @Epoch: 496 >>>  || LOSS Avg: 0.13419
[Wall TIME] >>> Coach.train takes 1.876729 seconds ...
[Epoch 497 Telemetry] BPR: 0.134880 | LHC: 0.000000 (lambda=0.000000) | 62348.0 samples/s | 1.90s
[Coach] >>> TRAIN @Epoch: 497 >>>  || LOSS Avg: 0.13488
[Wall TIME] >>> Coach.train takes 1.902175 seconds ...
[Epoch 498 Telemetry] BPR: 0.134327 | LHC: 0.000000 (lambda=0.000000) | 61797.4 samples/s | 1.92s
[Coach] >>> TRAIN @Epoch: 498 >>>  || LOSS Avg: 0.13433
[Wall TIME] >>> Coach.train takes 1.919050 seconds ...
[Epoch 499 Telemetry] BPR: 0.134204 | LHC: 0.000000 (lambda=0.000000) | 51503.6 samples/s | 2.30s
[Coach] >>> TRAIN @Epoch: 499 >>>  || LOSS Avg: 0.13420
[Wall TIME] >>> Coach.train takes 2.302418 seconds ...
[Epoch 500 Telemetry] BPR: 0.134518 | LHC: 0.000000 (lambda=0.000000) | 60911.3 samples/s | 1.95s
[Coach] >>> TRAIN @Epoch: 500 >>>  || LOSS Avg: 0.13452
[Wall TIME] >>> Coach.train takes 1.996951 seconds ...
[Coach] >>> VALID @Epoch: 500 >>>  || RECALL@1 Avg: 0.0122 || RECALL@10 Avg: 0.0631 || RECALL@20 Avg: 0.0990 || NDCG@10 Avg: 0.0339 || NDCG@20 Avg: 0.0430
[Wall TIME] >>> Coach.valid takes 0.518793 seconds ...
[Coach] >>> TEST  @Epoch: 500 >>>  || RECALL@1 Avg: 0.0122 || RECALL@10 Avg: 0.0669 || RECALL@20 Avg: 0.1039 || NDCG@10 Avg: 0.0359 || NDCG@20 Avg: 0.0454
[Wall TIME] >>> Coach.test takes 0.496470 seconds ...
     Mode     Metric      Best  @Step
0   train       LOSS  0.133704    487
1   valid   RECALL@1  0.012868    225
2   valid  RECALL@10  0.064982    250
3   valid  RECALL@20  0.099991    230
4   valid    NDCG@10  0.034432    290
5   valid    NDCG@20  0.043344    215
6    test   RECALL@1  0.012215      0
7    test  RECALL@10  0.066871      0
8    test  RECALL@20  0.103933      0
9    test    NDCG@10  0.035874      0
10   test    NDCG@20  0.045409      0
[LoG_PaTH] >>> ./logs/STAIR5-v3-DP-PC-BSC/Amazon2014Baby_550_MMRec/1002144427
[Wall TIME] >>> Coach.summary takes 2.054077 seconds ...
[Coach] >>> Load best model @Epoch: 215 (-1) 
[Coach] >>> VALID @Epoch: 215 >>>  || RECALL@1 Avg: 0.0128 || RECALL@10 Avg: 0.0641 || RECALL@20 Avg: 0.0998 || NDCG@10 Avg: 0.0343 || NDCG@20 Avg: 0.0433
[Wall TIME] >>> Coach.valid takes 0.597526 seconds ...
[Coach] >>> TEST  @Epoch: 215 >>>  || RECALL@1 Avg: 0.0115 || RECALL@10 Avg: 0.0659 || RECALL@20 Avg: 0.1029 || NDCG@10 Avg: 0.0352 || NDCG@20 Avg: 0.0447
[Wall TIME] >>> Coach.test takes 0.499927 seconds ...
[Wall TIME] >>> Coach.fit takes 1076.375206 seconds ...
