[Wall TIME] >>> Parser.parse takes 0.046384 seconds ...
[Wall TIME] >>> Parser.load takes 0.005080 seconds ...
[Benchmark] >>> cudnn.benchmark == False | cudnn.deterministic == True
[Seed] >>> Set seed: 1
[PARSER] >>>
[SAVED_FILENAME: model.pt] 
[BEST_FILENAME: best.pt] 
[CHECKPOINT_FREQ: 10] 
[CHECKPOINT_MODULES: ['model', 'optimizer', 'lr_scheduler']] 
[CHECKPOINT_FILENAME: checkpoint.tar] 
[SUMMARY_FILENAME: SUMMARY.md] 
[MONITOR_FILENAME: monitors.pkl] 
[MONITOR_BEST_FILENAME: best.pkl] 
[CONFIG_FILENAME: config.json] 
[RESULTS_FILENAME: results.json] 
[monitors: ['LOSS', 'Recall@1', 'Recall@10', 'Recall@20', 'NDCG@10', 'NDCG@20']] 
[which4best: NDCG@20] 
[config: /kaggle/working/STAIR-Enhanced/configs/Amazon2014Sports_STAIR5_v3.yaml] 
[id: 1002135909] 
[description: STAIR5-v3-DP-PC-BSC] 
[root: /kaggle/data] 
[dataset: Amazon2014Sports_550_MMRec] 
[tasktag: None] 
[ranking: full] 
[retain_seen: False] 
[device: cuda:0] 
[ddp_backend: nccl] 
[num_workers: 4] 
[optimizer: adamwsevo] 
[optim_first_moment_decay: 0.9] 
[optim_second_moment_decay: 0.999] 
[weight_decay: 0.1] 
[lr: 0.001] 
[batch_size: 1024] 
[gradient_accumulation_steps: 1] 
[epochs: 500] 
[eval_valid: True] 
[eval_test: False] 
[eval_freq: 5] 
[early_stop_patience: 1e+23] 
[seed: 1] 
[benchmark: False] 
[resume: False] 
[log2file: True] 
[log2console: True] 
[embedding_dim: 64] 
[num_layers: 3] 
[mfiles: textual_modality.pkl,visual_modality.pkl] 
[num_neighbors: 5-1] 
[gamma: 0.2] 
[beta1: 0.9] 
[beta2: 0.999] 
[edge_strength: 0.25] 
[edge_mix: 0.25] 
[evidence_shrinkage: 5.0] 
[placebo_seed: 1] 
[lambda_lhc: 0.0] 
[lhc_tau: 0.3] 
[lhc_kappa: 1.0] 
[radius_cap: 2.0] 
[eps_taylor: 0.0001] 
[eps_floor: 0.01] 
[eps_beta: 0.05] 
[warmup_start: 20] 
[warmup_end: 50] 
[grad_diag_every: 10] 
[knn_chunk_size: 1024] 
[lhc_chunk_size: 256] 
[graph_cache_dir: /kaggle/working/runs/stair5_v3/graph_cache] 
[artifact_dir: /kaggle/working/runs/stair5_v3/sports_DP-ref_seed1] 
[resume_from: ] 
[v3_arm: DP-ref] 
[knn_device: auto] 
[DATA_DIR: data] 
[SUMMARY_DIR: summary] 
[CHECKPOINT_PATH: ./infos/STAIR5-v3-DP-PC-BSC/Amazon2014Sports_550_MMRec/0] 
[LOG_PATH: ./logs/STAIR5-v3-DP-PC-BSC/Amazon2014Sports_550_MMRec/1002135909] 

[Wall TIME] >>> Parser.compile takes 0.225174 seconds ...
[DataSet] >>> Load Schema from /kaggle/data/Processed/Amazon2014Sports_550_MMRec/schema.pkl ...
[MatchingRecDataSet] >>> USER:35598:ID,USER | ITEM:18357:ID,ITEM | TIMESTAMP:2941:TIMESTAMP
+--------+--------+---------------+--------+--------+-------+------------------------+
| #Users | #Items | #Interactions | #Train | #Valid | #Test |        Density         |
+--------+--------+---------------+--------+--------+-------+------------------------+
| 35598  | 18357  |     296337    | 218409 | 37899  | 40029 | 0.00045348045456958995 |
+--------+--------+---------------+--------+--------+-------+------------------------+
[Wall TIME] >>> BaseSet.compile takes 0.011423 seconds ...
[Wall TIME] >>> RecDataSet.to_heterograph takes 0.073030 seconds ...
[Wall TIME] >>> RecDataSet.to_heterograph takes 0.072552 seconds ...
[DP-PC-BSC graph] {"version": 3, "arm": "DP-ref", "strength": 0.25, "mix": 0.25, "shrinkage": 5.0, "placebo_seed": 1, "seed": 1, "num_users": 35598, "num_items": 18357, "torch": "2.10.0+cu128", "active": true, "fingerprint": "4cab7a6bcc52b85c0f7fda98f4afed2b70880c87de4342b6441072439b559d48", "cache_hit": true, "nnz": 157752, "nonzero_score_fraction": 0.10046148300170898, "score_mean": 0.0027278929483145475, "score_max": 0.5336298942565918, "placebo_permuted": 0, "relative_operator_probe_delta": 0.0006881212466396391, "solver": {"converged": true, "iterations": 20, "max_relative_residual_fp64": 1.0369213661468155e-05, "max_relative_residual_fp32": 1.0366024980612565e-05, "status": "CONVERGENCE: RELATIVE REDUCTION OF F <= FACTR*EPSMCH", "max_weight_change": 0.10376209968181316, "mean_weight_change": 0.0012489657739556165}, "data_fingerprint": "2f1e76f63cf7e6c873528ec3fc909a764b7d220aad6ea1c91c264263ed2c1040"}
[Wall TIME] >>> GenTrainNegativeSampler.prepare takes 0.775362 seconds ...
[Wall TIME] >>> ValidSampler.prepare takes 0.824621 seconds ...
[Wall TIME] >>> TestSampler.prepare takes 0.919712 seconds ...
[Coach] >>> Set best meter: NDCG@20 
[Coach] >>> Better ***NDCG@20*** of ***0.0223*** 
[Coach] >>> VALID @Epoch: 0 >>>  || RECALL@1 Avg: 0.0058 || RECALL@10 Avg: 0.0343 || RECALL@20 Avg: 0.0511 || NDCG@10 Avg: 0.0180 || NDCG@20 Avg: 0.0223
[Wall TIME] >>> Coach.valid takes 3.146543 seconds ...
[Epoch 001 Telemetry] BPR: 0.609127 | LHC: 0.000000 (lambda=0.000000) | 43995.6 samples/s | 4.96s
[Coach] >>> TRAIN @Epoch: 1 >>>  || LOSS Avg: 0.60913
[Wall TIME] >>> Coach.train takes 4.965207 seconds ...
[Epoch 002 Telemetry] BPR: 0.566326 | LHC: 0.000000 (lambda=0.000000) | 42069.9 samples/s | 5.19s
[Coach] >>> TRAIN @Epoch: 2 >>>  || LOSS Avg: 0.56633
[Wall TIME] >>> Coach.train takes 5.192464 seconds ...
[Epoch 003 Telemetry] BPR: 0.512911 | LHC: 0.000000 (lambda=0.000000) | 45035.4 samples/s | 4.85s
[Coach] >>> TRAIN @Epoch: 3 >>>  || LOSS Avg: 0.51291
[Wall TIME] >>> Coach.train takes 4.850325 seconds ...
[Epoch 004 Telemetry] BPR: 0.457109 | LHC: 0.000000 (lambda=0.000000) | 45283.3 samples/s | 4.82s
[Coach] >>> TRAIN @Epoch: 4 >>>  || LOSS Avg: 0.45711
[Wall TIME] >>> Coach.train takes 4.823858 seconds ...
[Epoch 005 Telemetry] BPR: 0.405892 | LHC: 0.000000 (lambda=0.000000) | 42033.4 samples/s | 5.20s
[Coach] >>> TRAIN @Epoch: 5 >>>  || LOSS Avg: 0.40589
[Wall TIME] >>> Coach.train takes 5.196820 seconds ...
[Coach] >>> Better ***NDCG@20*** of ***0.0376*** 
[Coach] >>> VALID @Epoch: 5 >>>  || RECALL@1 Avg: 0.0103 || RECALL@10 Avg: 0.0562 || RECALL@20 Avg: 0.0869 || NDCG@10 Avg: 0.0298 || NDCG@20 Avg: 0.0376
[Wall TIME] >>> Coach.valid takes 1.479084 seconds ...
[Epoch 006 Telemetry] BPR: 0.361824 | LHC: 0.000000 (lambda=0.000000) | 45057.7 samples/s | 4.85s
[Coach] >>> TRAIN @Epoch: 6 >>>  || LOSS Avg: 0.36182
[Wall TIME] >>> Coach.train takes 4.848070 seconds ...
[Epoch 007 Telemetry] BPR: 0.325085 | LHC: 0.000000 (lambda=0.000000) | 42356.8 samples/s | 5.16s
[Coach] >>> TRAIN @Epoch: 7 >>>  || LOSS Avg: 0.32508
[Wall TIME] >>> Coach.train takes 5.157152 seconds ...
[Epoch 008 Telemetry] BPR: 0.294944 | LHC: 0.000000 (lambda=0.000000) | 45347.4 samples/s | 4.82s
[Coach] >>> TRAIN @Epoch: 8 >>>  || LOSS Avg: 0.29494
[Wall TIME] >>> Coach.train takes 4.817309 seconds ...
[Epoch 009 Telemetry] BPR: 0.269218 | LHC: 0.000000 (lambda=0.000000) | 45531.4 samples/s | 4.80s
[Coach] >>> TRAIN @Epoch: 9 >>>  || LOSS Avg: 0.26922
[Wall TIME] >>> Coach.train takes 4.797576 seconds ...
[Epoch 010 Telemetry] BPR: 0.247768 | LHC: 0.000000 (lambda=0.000000) | 42238.9 samples/s | 5.17s
[Coach] >>> TRAIN @Epoch: 10 >>>  || LOSS Avg: 0.24777
[Wall TIME] >>> Coach.train takes 5.260585 seconds ...
[Coach] >>> Better ***NDCG@20*** of ***0.0383*** 
[Coach] >>> VALID @Epoch: 10 >>>  || RECALL@1 Avg: 0.0105 || RECALL@10 Avg: 0.0580 || RECALL@20 Avg: 0.0883 || NDCG@10 Avg: 0.0306 || NDCG@20 Avg: 0.0383
[Wall TIME] >>> Coach.valid takes 1.511361 seconds ...
[Epoch 011 Telemetry] BPR: 0.229889 | LHC: 0.000000 (lambda=0.000000) | 44733.7 samples/s | 4.88s
[Coach] >>> TRAIN @Epoch: 11 >>>  || LOSS Avg: 0.22989
[Wall TIME] >>> Coach.train takes 4.883047 seconds ...
[Epoch 012 Telemetry] BPR: 0.214013 | LHC: 0.000000 (lambda=0.000000) | 42213.9 samples/s | 5.17s
[Coach] >>> TRAIN @Epoch: 12 >>>  || LOSS Avg: 0.21401
[Wall TIME] >>> Coach.train takes 5.174583 seconds ...
[Epoch 013 Telemetry] BPR: 0.200294 | LHC: 0.000000 (lambda=0.000000) | 45098.5 samples/s | 4.84s
[Coach] >>> TRAIN @Epoch: 13 >>>  || LOSS Avg: 0.20029
[Wall TIME] >>> Coach.train takes 4.843564 seconds ...
[Epoch 014 Telemetry] BPR: 0.188554 | LHC: 0.000000 (lambda=0.000000) | 45183.5 samples/s | 4.83s
[Coach] >>> TRAIN @Epoch: 14 >>>  || LOSS Avg: 0.18855
[Wall TIME] >>> Coach.train takes 4.834560 seconds ...
[Epoch 015 Telemetry] BPR: 0.177505 | LHC: 0.000000 (lambda=0.000000) | 41804.6 samples/s | 5.22s
[Coach] >>> TRAIN @Epoch: 15 >>>  || LOSS Avg: 0.17751
[Wall TIME] >>> Coach.train takes 5.225261 seconds ...
[Coach] >>> Better ***NDCG@20*** of ***0.0395*** 
[Coach] >>> VALID @Epoch: 15 >>>  || RECALL@1 Avg: 0.0110 || RECALL@10 Avg: 0.0595 || RECALL@20 Avg: 0.0908 || NDCG@10 Avg: 0.0315 || NDCG@20 Avg: 0.0395
[Wall TIME] >>> Coach.valid takes 1.480457 seconds ...
[Epoch 016 Telemetry] BPR: 0.168271 | LHC: 0.000000 (lambda=0.000000) | 45006.5 samples/s | 4.85s
[Coach] >>> TRAIN @Epoch: 16 >>>  || LOSS Avg: 0.16827
[Wall TIME] >>> Coach.train takes 4.853428 seconds ...
[Epoch 017 Telemetry] BPR: 0.160365 | LHC: 0.000000 (lambda=0.000000) | 44609.2 samples/s | 4.90s
[Coach] >>> TRAIN @Epoch: 17 >>>  || LOSS Avg: 0.16036
[Wall TIME] >>> Coach.train takes 4.896797 seconds ...
[Epoch 018 Telemetry] BPR: 0.152537 | LHC: 0.000000 (lambda=0.000000) | 41822.0 samples/s | 5.22s
[Coach] >>> TRAIN @Epoch: 18 >>>  || LOSS Avg: 0.15254
[Wall TIME] >>> Coach.train takes 5.223124 seconds ...
[Epoch 019 Telemetry] BPR: 0.145957 | LHC: 0.000000 (lambda=0.000000) | 44998.0 samples/s | 4.85s
[Coach] >>> TRAIN @Epoch: 19 >>>  || LOSS Avg: 0.14596
[Wall TIME] >>> Coach.train takes 4.854477 seconds ...
[Epoch 020 Telemetry] BPR: 0.139034 | LHC: 0.000000 (lambda=0.000000) | 41536.4 samples/s | 5.26s
[Coach] >>> TRAIN @Epoch: 20 >>>  || LOSS Avg: 0.13903
[Wall TIME] >>> Coach.train takes 5.341146 seconds ...
[Coach] >>> Better ***NDCG@20*** of ***0.0406*** 
[Coach] >>> VALID @Epoch: 20 >>>  || RECALL@1 Avg: 0.0116 || RECALL@10 Avg: 0.0612 || RECALL@20 Avg: 0.0932 || NDCG@10 Avg: 0.0324 || NDCG@20 Avg: 0.0406
[Wall TIME] >>> Coach.valid takes 1.493544 seconds ...
[Epoch 021 Telemetry] BPR: 0.133081 | LHC: 0.000000 (lambda=0.000000) | 44081.7 samples/s | 4.95s
[Coach] >>> TRAIN @Epoch: 21 >>>  || LOSS Avg: 0.13308
[Wall TIME] >>> Coach.train takes 4.955329 seconds ...
[Epoch 022 Telemetry] BPR: 0.127916 | LHC: 0.000000 (lambda=0.000000) | 44471.4 samples/s | 4.91s
[Coach] >>> TRAIN @Epoch: 22 >>>  || LOSS Avg: 0.12792
[Wall TIME] >>> Coach.train takes 4.911966 seconds ...
[Epoch 023 Telemetry] BPR: 0.122573 | LHC: 0.000000 (lambda=0.000000) | 40879.1 samples/s | 5.34s
[Coach] >>> TRAIN @Epoch: 23 >>>  || LOSS Avg: 0.12257
[Wall TIME] >>> Coach.train takes 5.343602 seconds ...
[Epoch 024 Telemetry] BPR: 0.117936 | LHC: 0.000000 (lambda=0.000000) | 44023.2 samples/s | 4.96s
[Coach] >>> TRAIN @Epoch: 24 >>>  || LOSS Avg: 0.11794
[Wall TIME] >>> Coach.train takes 4.961982 seconds ...
[Epoch 025 Telemetry] BPR: 0.114011 | LHC: 0.000000 (lambda=0.000000) | 41317.3 samples/s | 5.29s
[Coach] >>> TRAIN @Epoch: 25 >>>  || LOSS Avg: 0.11401
[Wall TIME] >>> Coach.train takes 5.286905 seconds ...
[Coach] >>> Better ***NDCG@20*** of ***0.0411*** 
[Coach] >>> VALID @Epoch: 25 >>>  || RECALL@1 Avg: 0.0113 || RECALL@10 Avg: 0.0617 || RECALL@20 Avg: 0.0946 || NDCG@10 Avg: 0.0327 || NDCG@20 Avg: 0.0411
[Wall TIME] >>> Coach.valid takes 1.499592 seconds ...
[Epoch 026 Telemetry] BPR: 0.110165 | LHC: 0.000000 (lambda=0.000000) | 45005.6 samples/s | 4.85s
[Coach] >>> TRAIN @Epoch: 26 >>>  || LOSS Avg: 0.11017
[Wall TIME] >>> Coach.train takes 4.853637 seconds ...
[Epoch 027 Telemetry] BPR: 0.106836 | LHC: 0.000000 (lambda=0.000000) | 45436.2 samples/s | 4.81s
[Coach] >>> TRAIN @Epoch: 27 >>>  || LOSS Avg: 0.10684
[Wall TIME] >>> Coach.train takes 4.807670 seconds ...
[Epoch 028 Telemetry] BPR: 0.102812 | LHC: 0.000000 (lambda=0.000000) | 42133.8 samples/s | 5.18s
[Coach] >>> TRAIN @Epoch: 28 >>>  || LOSS Avg: 0.10281
[Wall TIME] >>> Coach.train takes 5.184448 seconds ...
[Epoch 029 Telemetry] BPR: 0.099672 | LHC: 0.000000 (lambda=0.000000) | 45368.8 samples/s | 4.81s
[Coach] >>> TRAIN @Epoch: 29 >>>  || LOSS Avg: 0.09967
[Wall TIME] >>> Coach.train takes 4.814875 seconds ...
[Epoch 030 Telemetry] BPR: 0.096609 | LHC: 0.000000 (lambda=0.000000) | 42001.0 samples/s | 5.20s
[Coach] >>> TRAIN @Epoch: 30 >>>  || LOSS Avg: 0.09661
[Wall TIME] >>> Coach.train takes 5.285375 seconds ...
[Coach] >>> Better ***NDCG@20*** of ***0.0418*** 
[Coach] >>> VALID @Epoch: 30 >>>  || RECALL@1 Avg: 0.0118 || RECALL@10 Avg: 0.0625 || RECALL@20 Avg: 0.0961 || NDCG@10 Avg: 0.0333 || NDCG@20 Avg: 0.0418
[Wall TIME] >>> Coach.valid takes 1.485503 seconds ...
[Epoch 031 Telemetry] BPR: 0.094615 | LHC: 0.000000 (lambda=0.000000) | 45306.0 samples/s | 4.82s
[Coach] >>> TRAIN @Epoch: 31 >>>  || LOSS Avg: 0.09462
[Wall TIME] >>> Coach.train takes 4.821406 seconds ...
[Epoch 032 Telemetry] BPR: 0.091271 | LHC: 0.000000 (lambda=0.000000) | 44956.9 samples/s | 4.86s
[Coach] >>> TRAIN @Epoch: 32 >>>  || LOSS Avg: 0.09127
[Wall TIME] >>> Coach.train takes 4.858855 seconds ...
[Epoch 033 Telemetry] BPR: 0.088881 | LHC: 0.000000 (lambda=0.000000) | 42314.8 samples/s | 5.16s
[Coach] >>> TRAIN @Epoch: 33 >>>  || LOSS Avg: 0.08888
[Wall TIME] >>> Coach.train takes 5.162140 seconds ...
[Epoch 034 Telemetry] BPR: 0.086569 | LHC: 0.000000 (lambda=0.000000) | 45335.3 samples/s | 4.82s
[Coach] >>> TRAIN @Epoch: 34 >>>  || LOSS Avg: 0.08657
[Wall TIME] >>> Coach.train takes 4.818283 seconds ...
[Epoch 035 Telemetry] BPR: 0.084490 | LHC: 0.000000 (lambda=0.000000) | 41918.1 samples/s | 5.21s
[Coach] >>> TRAIN @Epoch: 35 >>>  || LOSS Avg: 0.08449
[Wall TIME] >>> Coach.train takes 5.211252 seconds ...
[Coach] >>> Better ***NDCG@20*** of ***0.0421*** 
[Coach] >>> VALID @Epoch: 35 >>>  || RECALL@1 Avg: 0.0117 || RECALL@10 Avg: 0.0628 || RECALL@20 Avg: 0.0969 || NDCG@10 Avg: 0.0335 || NDCG@20 Avg: 0.0421
[Wall TIME] >>> Coach.valid takes 1.488138 seconds ...
[Epoch 036 Telemetry] BPR: 0.082108 | LHC: 0.000000 (lambda=0.000000) | 44623.3 samples/s | 4.89s
[Coach] >>> TRAIN @Epoch: 36 >>>  || LOSS Avg: 0.08211
[Wall TIME] >>> Coach.train takes 4.895116 seconds ...
[Epoch 037 Telemetry] BPR: 0.080418 | LHC: 0.000000 (lambda=0.000000) | 44815.8 samples/s | 4.87s
[Coach] >>> TRAIN @Epoch: 37 >>>  || LOSS Avg: 0.08042
[Wall TIME] >>> Coach.train takes 4.874125 seconds ...
[Epoch 038 Telemetry] BPR: 0.078914 | LHC: 0.000000 (lambda=0.000000) | 41867.2 samples/s | 5.22s
[Coach] >>> TRAIN @Epoch: 38 >>>  || LOSS Avg: 0.07891
[Wall TIME] >>> Coach.train takes 5.217437 seconds ...
[Epoch 039 Telemetry] BPR: 0.077065 | LHC: 0.000000 (lambda=0.000000) | 45524.0 samples/s | 4.80s
[Coach] >>> TRAIN @Epoch: 39 >>>  || LOSS Avg: 0.07707
[Wall TIME] >>> Coach.train takes 4.798308 seconds ...
[Epoch 040 Telemetry] BPR: 0.075649 | LHC: 0.000000 (lambda=0.000000) | 42026.8 samples/s | 5.20s
[Coach] >>> TRAIN @Epoch: 40 >>>  || LOSS Avg: 0.07565
[Wall TIME] >>> Coach.train takes 5.280813 seconds ...
[Coach] >>> Better ***NDCG@20*** of ***0.0422*** 
[Coach] >>> VALID @Epoch: 40 >>>  || RECALL@1 Avg: 0.0118 || RECALL@10 Avg: 0.0628 || RECALL@20 Avg: 0.0970 || NDCG@10 Avg: 0.0335 || NDCG@20 Avg: 0.0422
[Wall TIME] >>> Coach.valid takes 1.480331 seconds ...
[Epoch 041 Telemetry] BPR: 0.073468 | LHC: 0.000000 (lambda=0.000000) | 44930.5 samples/s | 4.86s
[Coach] >>> TRAIN @Epoch: 41 >>>  || LOSS Avg: 0.07347
[Wall TIME] >>> Coach.train takes 4.861647 seconds ...
[Epoch 042 Telemetry] BPR: 0.072250 | LHC: 0.000000 (lambda=0.000000) | 45547.1 samples/s | 4.80s
[Coach] >>> TRAIN @Epoch: 42 >>>  || LOSS Avg: 0.07225
[Wall TIME] >>> Coach.train takes 4.796040 seconds ...
[Epoch 043 Telemetry] BPR: 0.070538 | LHC: 0.000000 (lambda=0.000000) | 42033.1 samples/s | 5.20s
[Coach] >>> TRAIN @Epoch: 43 >>>  || LOSS Avg: 0.07054
[Wall TIME] >>> Coach.train takes 5.196925 seconds ...
[Epoch 044 Telemetry] BPR: 0.069687 | LHC: 0.000000 (lambda=0.000000) | 45471.0 samples/s | 4.80s
[Coach] >>> TRAIN @Epoch: 44 >>>  || LOSS Avg: 0.06969
[Wall TIME] >>> Coach.train takes 4.803900 seconds ...
[Epoch 045 Telemetry] BPR: 0.068284 | LHC: 0.000000 (lambda=0.000000) | 42167.5 samples/s | 5.18s
[Coach] >>> TRAIN @Epoch: 45 >>>  || LOSS Avg: 0.06828
[Wall TIME] >>> Coach.train takes 5.180224 seconds ...
[Coach] >>> Better ***NDCG@20*** of ***0.0426*** 
[Coach] >>> VALID @Epoch: 45 >>>  || RECALL@1 Avg: 0.0118 || RECALL@10 Avg: 0.0640 || RECALL@20 Avg: 0.0978 || NDCG@10 Avg: 0.0340 || NDCG@20 Avg: 0.0426
[Wall TIME] >>> Coach.valid takes 1.485924 seconds ...
[Epoch 046 Telemetry] BPR: 0.066790 | LHC: 0.000000 (lambda=0.000000) | 45368.0 samples/s | 4.81s
[Coach] >>> TRAIN @Epoch: 46 >>>  || LOSS Avg: 0.06679
[Wall TIME] >>> Coach.train takes 4.814992 seconds ...
[Epoch 047 Telemetry] BPR: 0.065319 | LHC: 0.000000 (lambda=0.000000) | 45060.8 samples/s | 4.85s
[Coach] >>> TRAIN @Epoch: 47 >>>  || LOSS Avg: 0.06532
[Wall TIME] >>> Coach.train takes 4.847606 seconds ...
[Epoch 048 Telemetry] BPR: 0.065277 | LHC: 0.000000 (lambda=0.000000) | 42027.1 samples/s | 5.20s
[Coach] >>> TRAIN @Epoch: 48 >>>  || LOSS Avg: 0.06528
[Wall TIME] >>> Coach.train takes 5.197631 seconds ...
[Epoch 049 Telemetry] BPR: 0.063638 | LHC: 0.000000 (lambda=0.000000) | 44653.4 samples/s | 4.89s
[Coach] >>> TRAIN @Epoch: 49 >>>  || LOSS Avg: 0.06364
[Wall TIME] >>> Coach.train takes 4.891895 seconds ...
[Epoch 050 Telemetry] BPR: 0.062731 | LHC: 0.000000 (lambda=0.000000) | 42165.5 samples/s | 5.18s
[Coach] >>> TRAIN @Epoch: 50 >>>  || LOSS Avg: 0.06273
[Wall TIME] >>> Coach.train takes 5.264715 seconds ...
[Coach] >>> Better ***NDCG@20*** of ***0.0429*** 
[Coach] >>> VALID @Epoch: 50 >>>  || RECALL@1 Avg: 0.0119 || RECALL@10 Avg: 0.0636 || RECALL@20 Avg: 0.0988 || NDCG@10 Avg: 0.0340 || NDCG@20 Avg: 0.0429
[Wall TIME] >>> Coach.valid takes 1.491758 seconds ...
[Epoch 051 Telemetry] BPR: 0.062009 | LHC: 0.000000 (lambda=0.000000) | 44751.5 samples/s | 4.88s
[Coach] >>> TRAIN @Epoch: 51 >>>  || LOSS Avg: 0.06201
[Wall TIME] >>> Coach.train takes 4.881171 seconds ...
[Epoch 052 Telemetry] BPR: 0.060618 | LHC: 0.000000 (lambda=0.000000) | 45090.3 samples/s | 4.84s
[Coach] >>> TRAIN @Epoch: 52 >>>  || LOSS Avg: 0.06062
[Wall TIME] >>> Coach.train takes 4.844523 seconds ...
[Epoch 053 Telemetry] BPR: 0.060412 | LHC: 0.000000 (lambda=0.000000) | 42154.7 samples/s | 5.18s
[Coach] >>> TRAIN @Epoch: 53 >>>  || LOSS Avg: 0.06041
[Wall TIME] >>> Coach.train takes 5.181808 seconds ...
[Epoch 054 Telemetry] BPR: 0.058995 | LHC: 0.000000 (lambda=0.000000) | 44960.0 samples/s | 4.86s
[Coach] >>> TRAIN @Epoch: 54 >>>  || LOSS Avg: 0.05900
[Wall TIME] >>> Coach.train takes 4.858611 seconds ...
[Epoch 055 Telemetry] BPR: 0.058344 | LHC: 0.000000 (lambda=0.000000) | 44664.1 samples/s | 4.89s
[Coach] >>> TRAIN @Epoch: 55 >>>  || LOSS Avg: 0.05834
[Wall TIME] >>> Coach.train takes 4.890761 seconds ...
[Coach] >>> Better ***NDCG@20*** of ***0.0433*** 
[Coach] >>> VALID @Epoch: 55 >>>  || RECALL@1 Avg: 0.0124 || RECALL@10 Avg: 0.0648 || RECALL@20 Avg: 0.0990 || NDCG@10 Avg: 0.0346 || NDCG@20 Avg: 0.0433
[Wall TIME] >>> Coach.valid takes 1.484591 seconds ...
[Epoch 056 Telemetry] BPR: 0.057802 | LHC: 0.000000 (lambda=0.000000) | 42541.7 samples/s | 5.13s
[Coach] >>> TRAIN @Epoch: 56 >>>  || LOSS Avg: 0.05780
[Wall TIME] >>> Coach.train takes 5.134705 seconds ...
[Epoch 057 Telemetry] BPR: 0.056517 | LHC: 0.000000 (lambda=0.000000) | 45191.0 samples/s | 4.83s
[Coach] >>> TRAIN @Epoch: 57 >>>  || LOSS Avg: 0.05652
[Wall TIME] >>> Coach.train takes 4.833702 seconds ...
[Epoch 058 Telemetry] BPR: 0.055959 | LHC: 0.000000 (lambda=0.000000) | 42196.7 samples/s | 5.18s
[Coach] >>> TRAIN @Epoch: 58 >>>  || LOSS Avg: 0.05596
[Wall TIME] >>> Coach.train takes 5.176599 seconds ...
[Epoch 059 Telemetry] BPR: 0.055188 | LHC: 0.000000 (lambda=0.000000) | 45392.1 samples/s | 4.81s
[Coach] >>> TRAIN @Epoch: 59 >>>  || LOSS Avg: 0.05519
[Wall TIME] >>> Coach.train takes 4.812371 seconds ...
[Epoch 060 Telemetry] BPR: 0.054812 | LHC: 0.000000 (lambda=0.000000) | 45373.7 samples/s | 4.81s
[Coach] >>> TRAIN @Epoch: 60 >>>  || LOSS Avg: 0.05481
[Wall TIME] >>> Coach.train takes 4.901450 seconds ...
[Coach] >>> Better ***NDCG@20*** of ***0.0437*** 
[Coach] >>> VALID @Epoch: 60 >>>  || RECALL@1 Avg: 0.0124 || RECALL@10 Avg: 0.0643 || RECALL@20 Avg: 0.0999 || NDCG@10 Avg: 0.0346 || NDCG@20 Avg: 0.0437
[Wall TIME] >>> Coach.valid takes 1.513914 seconds ...
[Epoch 061 Telemetry] BPR: 0.053756 | LHC: 0.000000 (lambda=0.000000) | 42116.7 samples/s | 5.19s
[Coach] >>> TRAIN @Epoch: 61 >>>  || LOSS Avg: 0.05376
[Wall TIME] >>> Coach.train takes 5.186497 seconds ...
[Epoch 062 Telemetry] BPR: 0.053263 | LHC: 0.000000 (lambda=0.000000) | 45355.4 samples/s | 4.82s
[Coach] >>> TRAIN @Epoch: 62 >>>  || LOSS Avg: 0.05326
[Wall TIME] >>> Coach.train takes 4.816228 seconds ...
[Epoch 063 Telemetry] BPR: 0.052592 | LHC: 0.000000 (lambda=0.000000) | 42548.9 samples/s | 5.13s
[Coach] >>> TRAIN @Epoch: 63 >>>  || LOSS Avg: 0.05259
[Wall TIME] >>> Coach.train takes 5.133805 seconds ...
[Epoch 064 Telemetry] BPR: 0.052347 | LHC: 0.000000 (lambda=0.000000) | 45578.5 samples/s | 4.79s
[Coach] >>> TRAIN @Epoch: 64 >>>  || LOSS Avg: 0.05235
[Wall TIME] >>> Coach.train takes 4.792628 seconds ...
[Epoch 065 Telemetry] BPR: 0.051724 | LHC: 0.000000 (lambda=0.000000) | 45504.5 samples/s | 4.80s
[Coach] >>> TRAIN @Epoch: 65 >>>  || LOSS Avg: 0.05172
[Wall TIME] >>> Coach.train takes 4.800421 seconds ...
[Coach] >>> Better ***NDCG@20*** of ***0.0437*** 
[Coach] >>> VALID @Epoch: 65 >>>  || RECALL@1 Avg: 0.0122 || RECALL@10 Avg: 0.0648 || RECALL@20 Avg: 0.0999 || NDCG@10 Avg: 0.0347 || NDCG@20 Avg: 0.0437
[Wall TIME] >>> Coach.valid takes 1.498264 seconds ...
[Epoch 066 Telemetry] BPR: 0.050849 | LHC: 0.000000 (lambda=0.000000) | 42275.5 samples/s | 5.17s
[Coach] >>> TRAIN @Epoch: 66 >>>  || LOSS Avg: 0.05085
[Wall TIME] >>> Coach.train takes 5.166998 seconds ...
[Epoch 067 Telemetry] BPR: 0.050640 | LHC: 0.000000 (lambda=0.000000) | 45490.0 samples/s | 4.80s
[Coach] >>> TRAIN @Epoch: 67 >>>  || LOSS Avg: 0.05064
[Wall TIME] >>> Coach.train takes 4.801973 seconds ...
[Epoch 068 Telemetry] BPR: 0.049884 | LHC: 0.000000 (lambda=0.000000) | 42264.8 samples/s | 5.17s
[Coach] >>> TRAIN @Epoch: 68 >>>  || LOSS Avg: 0.04988
[Wall TIME] >>> Coach.train takes 5.168351 seconds ...
[Epoch 069 Telemetry] BPR: 0.049506 | LHC: 0.000000 (lambda=0.000000) | 45601.1 samples/s | 4.79s
[Coach] >>> TRAIN @Epoch: 69 >>>  || LOSS Avg: 0.04951
[Wall TIME] >>> Coach.train takes 4.790179 seconds ...
[Epoch 070 Telemetry] BPR: 0.049085 | LHC: 0.000000 (lambda=0.000000) | 45242.1 samples/s | 4.83s
[Coach] >>> TRAIN @Epoch: 70 >>>  || LOSS Avg: 0.04908
[Wall TIME] >>> Coach.train takes 4.913524 seconds ...
[Coach] >>> Better ***NDCG@20*** of ***0.0439*** 
[Coach] >>> VALID @Epoch: 70 >>>  || RECALL@1 Avg: 0.0122 || RECALL@10 Avg: 0.0657 || RECALL@20 Avg: 0.1005 || NDCG@10 Avg: 0.0350 || NDCG@20 Avg: 0.0439
[Wall TIME] >>> Coach.valid takes 1.499364 seconds ...
[Epoch 071 Telemetry] BPR: 0.048613 | LHC: 0.000000 (lambda=0.000000) | 41922.8 samples/s | 5.21s
[Coach] >>> TRAIN @Epoch: 71 >>>  || LOSS Avg: 0.04861
[Wall TIME] >>> Coach.train takes 5.210390 seconds ...
[Epoch 072 Telemetry] BPR: 0.048096 | LHC: 0.000000 (lambda=0.000000) | 45357.7 samples/s | 4.82s
[Coach] >>> TRAIN @Epoch: 72 >>>  || LOSS Avg: 0.04810
[Wall TIME] >>> Coach.train takes 4.815959 seconds ...
[Epoch 073 Telemetry] BPR: 0.047940 | LHC: 0.000000 (lambda=0.000000) | 42243.9 samples/s | 5.17s
[Coach] >>> TRAIN @Epoch: 73 >>>  || LOSS Avg: 0.04794
[Wall TIME] >>> Coach.train takes 5.170924 seconds ...
[Epoch 074 Telemetry] BPR: 0.047494 | LHC: 0.000000 (lambda=0.000000) | 44945.3 samples/s | 4.86s
[Coach] >>> TRAIN @Epoch: 74 >>>  || LOSS Avg: 0.04749
[Wall TIME] >>> Coach.train takes 4.860116 seconds ...
[Epoch 075 Telemetry] BPR: 0.046825 | LHC: 0.000000 (lambda=0.000000) | 45329.0 samples/s | 4.82s
[Coach] >>> TRAIN @Epoch: 75 >>>  || LOSS Avg: 0.04682
[Wall TIME] >>> Coach.train takes 4.819143 seconds ...
[Coach] >>> Better ***NDCG@20*** of ***0.0441*** 
[Coach] >>> VALID @Epoch: 75 >>>  || RECALL@1 Avg: 0.0123 || RECALL@10 Avg: 0.0659 || RECALL@20 Avg: 0.1014 || NDCG@10 Avg: 0.0351 || NDCG@20 Avg: 0.0441
[Wall TIME] >>> Coach.valid takes 1.501302 seconds ...
[Epoch 076 Telemetry] BPR: 0.046737 | LHC: 0.000000 (lambda=0.000000) | 42159.1 samples/s | 5.18s
[Coach] >>> TRAIN @Epoch: 76 >>>  || LOSS Avg: 0.04674
[Wall TIME] >>> Coach.train takes 5.181221 seconds ...
[Epoch 077 Telemetry] BPR: 0.045995 | LHC: 0.000000 (lambda=0.000000) | 45213.9 samples/s | 4.83s
[Coach] >>> TRAIN @Epoch: 77 >>>  || LOSS Avg: 0.04599
[Wall TIME] >>> Coach.train takes 4.831308 seconds ...
[Epoch 078 Telemetry] BPR: 0.045833 | LHC: 0.000000 (lambda=0.000000) | 42497.8 samples/s | 5.14s
[Coach] >>> TRAIN @Epoch: 78 >>>  || LOSS Avg: 0.04583
[Wall TIME] >>> Coach.train takes 5.140091 seconds ...
[Epoch 079 Telemetry] BPR: 0.045418 | LHC: 0.000000 (lambda=0.000000) | 45589.8 samples/s | 4.79s
[Coach] >>> TRAIN @Epoch: 79 >>>  || LOSS Avg: 0.04542
[Wall TIME] >>> Coach.train takes 4.791354 seconds ...
[Epoch 080 Telemetry] BPR: 0.044701 | LHC: 0.000000 (lambda=0.000000) | 45556.3 samples/s | 4.79s
[Coach] >>> TRAIN @Epoch: 80 >>>  || LOSS Avg: 0.04470
[Wall TIME] >>> Coach.train takes 4.881578 seconds ...
[Coach] >>> Better ***NDCG@20*** of ***0.0443*** 
[Coach] >>> VALID @Epoch: 80 >>>  || RECALL@1 Avg: 0.0126 || RECALL@10 Avg: 0.0661 || RECALL@20 Avg: 0.1010 || NDCG@10 Avg: 0.0354 || NDCG@20 Avg: 0.0443
[Wall TIME] >>> Coach.valid takes 1.488154 seconds ...
[Epoch 081 Telemetry] BPR: 0.044557 | LHC: 0.000000 (lambda=0.000000) | 42015.2 samples/s | 5.20s
[Coach] >>> TRAIN @Epoch: 81 >>>  || LOSS Avg: 0.04456
[Wall TIME] >>> Coach.train takes 5.198982 seconds ...
[Epoch 082 Telemetry] BPR: 0.044639 | LHC: 0.000000 (lambda=0.000000) | 45532.6 samples/s | 4.80s
[Coach] >>> TRAIN @Epoch: 82 >>>  || LOSS Avg: 0.04464
[Wall TIME] >>> Coach.train takes 4.797447 seconds ...
[Epoch 083 Telemetry] BPR: 0.044063 | LHC: 0.000000 (lambda=0.000000) | 45456.2 samples/s | 4.80s
[Coach] >>> TRAIN @Epoch: 83 >>>  || LOSS Avg: 0.04406
[Wall TIME] >>> Coach.train takes 4.805537 seconds ...
[Epoch 084 Telemetry] BPR: 0.043907 | LHC: 0.000000 (lambda=0.000000) | 42463.0 samples/s | 5.14s
[Coach] >>> TRAIN @Epoch: 84 >>>  || LOSS Avg: 0.04391
[Wall TIME] >>> Coach.train takes 5.144325 seconds ...
[Epoch 085 Telemetry] BPR: 0.043579 | LHC: 0.000000 (lambda=0.000000) | 45255.9 samples/s | 4.83s
[Coach] >>> TRAIN @Epoch: 85 >>>  || LOSS Avg: 0.04358
[Wall TIME] >>> Coach.train takes 4.826734 seconds ...
[Coach] >>> Better ***NDCG@20*** of ***0.0445*** 
[Coach] >>> VALID @Epoch: 85 >>>  || RECALL@1 Avg: 0.0126 || RECALL@10 Avg: 0.0663 || RECALL@20 Avg: 0.1018 || NDCG@10 Avg: 0.0355 || NDCG@20 Avg: 0.0445
[Wall TIME] >>> Coach.valid takes 1.481645 seconds ...
[Epoch 086 Telemetry] BPR: 0.043507 | LHC: 0.000000 (lambda=0.000000) | 42147.2 samples/s | 5.18s
[Coach] >>> TRAIN @Epoch: 86 >>>  || LOSS Avg: 0.04351
[Wall TIME] >>> Coach.train takes 5.182787 seconds ...
[Epoch 087 Telemetry] BPR: 0.042937 | LHC: 0.000000 (lambda=0.000000) | 45289.6 samples/s | 4.82s
[Coach] >>> TRAIN @Epoch: 87 >>>  || LOSS Avg: 0.04294
[Wall TIME] >>> Coach.train takes 4.823346 seconds ...
[Epoch 088 Telemetry] BPR: 0.042495 | LHC: 0.000000 (lambda=0.000000) | 45627.5 samples/s | 4.79s
[Coach] >>> TRAIN @Epoch: 88 >>>  || LOSS Avg: 0.04249
[Wall TIME] >>> Coach.train takes 4.787480 seconds ...
[Epoch 089 Telemetry] BPR: 0.042622 | LHC: 0.000000 (lambda=0.000000) | 41849.8 samples/s | 5.22s
[Coach] >>> TRAIN @Epoch: 89 >>>  || LOSS Avg: 0.04262
[Wall TIME] >>> Coach.train takes 5.219626 seconds ...
[Epoch 090 Telemetry] BPR: 0.042173 | LHC: 0.000000 (lambda=0.000000) | 45447.4 samples/s | 4.81s
[Coach] >>> TRAIN @Epoch: 90 >>>  || LOSS Avg: 0.04217
[Wall TIME] >>> Coach.train takes 4.890316 seconds ...
[Coach] >>> Better ***NDCG@20*** of ***0.0446*** 
[Coach] >>> VALID @Epoch: 90 >>>  || RECALL@1 Avg: 0.0126 || RECALL@10 Avg: 0.0662 || RECALL@20 Avg: 0.1017 || NDCG@10 Avg: 0.0355 || NDCG@20 Avg: 0.0446
[Wall TIME] >>> Coach.valid takes 1.496489 seconds ...
[Epoch 091 Telemetry] BPR: 0.041870 | LHC: 0.000000 (lambda=0.000000) | 42125.6 samples/s | 5.18s
[Coach] >>> TRAIN @Epoch: 91 >>>  || LOSS Avg: 0.04187
[Wall TIME] >>> Coach.train takes 5.185438 seconds ...
[Epoch 092 Telemetry] BPR: 0.041205 | LHC: 0.000000 (lambda=0.000000) | 45278.2 samples/s | 4.82s
[Coach] >>> TRAIN @Epoch: 92 >>>  || LOSS Avg: 0.04121
[Wall TIME] >>> Coach.train takes 4.824346 seconds ...
[Epoch 093 Telemetry] BPR: 0.041191 | LHC: 0.000000 (lambda=0.000000) | 45249.7 samples/s | 4.83s
[Coach] >>> TRAIN @Epoch: 93 >>>  || LOSS Avg: 0.04119
[Wall TIME] >>> Coach.train takes 4.827474 seconds ...
[Epoch 094 Telemetry] BPR: 0.041139 | LHC: 0.000000 (lambda=0.000000) | 42336.0 samples/s | 5.16s
[Coach] >>> TRAIN @Epoch: 94 >>>  || LOSS Avg: 0.04114
[Wall TIME] >>> Coach.train takes 5.159723 seconds ...
[Epoch 095 Telemetry] BPR: 0.041032 | LHC: 0.000000 (lambda=0.000000) | 45133.0 samples/s | 4.84s
[Coach] >>> TRAIN @Epoch: 95 >>>  || LOSS Avg: 0.04103
[Wall TIME] >>> Coach.train takes 4.840003 seconds ...
[Coach] >>> Better ***NDCG@20*** of ***0.0450*** 
[Coach] >>> VALID @Epoch: 95 >>>  || RECALL@1 Avg: 0.0129 || RECALL@10 Avg: 0.0669 || RECALL@20 Avg: 0.1026 || NDCG@10 Avg: 0.0359 || NDCG@20 Avg: 0.0450
[Wall TIME] >>> Coach.valid takes 1.486353 seconds ...
[Epoch 096 Telemetry] BPR: 0.040708 | LHC: 0.000000 (lambda=0.000000) | 41994.6 samples/s | 5.20s
[Coach] >>> TRAIN @Epoch: 96 >>>  || LOSS Avg: 0.04071
[Wall TIME] >>> Coach.train takes 5.201639 seconds ...
[Epoch 097 Telemetry] BPR: 0.040836 | LHC: 0.000000 (lambda=0.000000) | 45540.1 samples/s | 4.80s
[Coach] >>> TRAIN @Epoch: 97 >>>  || LOSS Avg: 0.04084
[Wall TIME] >>> Coach.train takes 4.796621 seconds ...
[Epoch 098 Telemetry] BPR: 0.040214 | LHC: 0.000000 (lambda=0.000000) | 45212.6 samples/s | 4.83s
[Coach] >>> TRAIN @Epoch: 98 >>>  || LOSS Avg: 0.04021
[Wall TIME] >>> Coach.train takes 4.831374 seconds ...
[Epoch 099 Telemetry] BPR: 0.040271 | LHC: 0.000000 (lambda=0.000000) | 42344.7 samples/s | 5.16s
[Coach] >>> TRAIN @Epoch: 99 >>>  || LOSS Avg: 0.04027
[Wall TIME] >>> Coach.train takes 5.158608 seconds ...
[Epoch 100 Telemetry] BPR: 0.040004 | LHC: 0.000000 (lambda=0.000000) | 45211.1 samples/s | 4.83s
[Coach] >>> TRAIN @Epoch: 100 >>>  || LOSS Avg: 0.04000
[Wall TIME] >>> Coach.train takes 4.914947 seconds ...
[Coach] >>> Better ***NDCG@20*** of ***0.0450*** 
[Coach] >>> VALID @Epoch: 100 >>>  || RECALL@1 Avg: 0.0131 || RECALL@10 Avg: 0.0666 || RECALL@20 Avg: 0.1024 || NDCG@10 Avg: 0.0359 || NDCG@20 Avg: 0.0450
[Wall TIME] >>> Coach.valid takes 1.507954 seconds ...
[Epoch 101 Telemetry] BPR: 0.039354 | LHC: 0.000000 (lambda=0.000000) | 42300.8 samples/s | 5.16s
[Coach] >>> TRAIN @Epoch: 101 >>>  || LOSS Avg: 0.03935
[Wall TIME] >>> Coach.train takes 5.164064 seconds ...
[Epoch 102 Telemetry] BPR: 0.039537 | LHC: 0.000000 (lambda=0.000000) | 45355.7 samples/s | 4.82s
[Coach] >>> TRAIN @Epoch: 102 >>>  || LOSS Avg: 0.03954
[Wall TIME] >>> Coach.train takes 4.816203 seconds ...
[Epoch 103 Telemetry] BPR: 0.039143 | LHC: 0.000000 (lambda=0.000000) | 45610.2 samples/s | 4.79s
[Coach] >>> TRAIN @Epoch: 103 >>>  || LOSS Avg: 0.03914
[Wall TIME] >>> Coach.train takes 4.789483 seconds ...
[Epoch 104 Telemetry] BPR: 0.039175 | LHC: 0.000000 (lambda=0.000000) | 41918.2 samples/s | 5.21s
[Coach] >>> TRAIN @Epoch: 104 >>>  || LOSS Avg: 0.03917
[Wall TIME] >>> Coach.train takes 5.211154 seconds ...
[Epoch 105 Telemetry] BPR: 0.039384 | LHC: 0.000000 (lambda=0.000000) | 45394.4 samples/s | 4.81s
[Coach] >>> TRAIN @Epoch: 105 >>>  || LOSS Avg: 0.03938
[Wall TIME] >>> Coach.train takes 4.811997 seconds ...
[Coach] >>> Better ***NDCG@20*** of ***0.0456*** 
[Coach] >>> VALID @Epoch: 105 >>>  || RECALL@1 Avg: 0.0132 || RECALL@10 Avg: 0.0667 || RECALL@20 Avg: 0.1040 || NDCG@10 Avg: 0.0361 || NDCG@20 Avg: 0.0456
[Wall TIME] >>> Coach.valid takes 1.491005 seconds ...
[Epoch 106 Telemetry] BPR: 0.038728 | LHC: 0.000000 (lambda=0.000000) | 42112.3 samples/s | 5.19s
[Coach] >>> TRAIN @Epoch: 106 >>>  || LOSS Avg: 0.03873
[Wall TIME] >>> Coach.train takes 5.187168 seconds ...
[Epoch 107 Telemetry] BPR: 0.038360 | LHC: 0.000000 (lambda=0.000000) | 45581.0 samples/s | 4.79s
[Coach] >>> TRAIN @Epoch: 107 >>>  || LOSS Avg: 0.03836
[Wall TIME] >>> Coach.train takes 4.792457 seconds ...
[Epoch 108 Telemetry] BPR: 0.038405 | LHC: 0.000000 (lambda=0.000000) | 45159.1 samples/s | 4.84s
[Coach] >>> TRAIN @Epoch: 108 >>>  || LOSS Avg: 0.03841
[Wall TIME] >>> Coach.train takes 4.837143 seconds ...
[Epoch 109 Telemetry] BPR: 0.038298 | LHC: 0.000000 (lambda=0.000000) | 42402.0 samples/s | 5.15s
[Coach] >>> TRAIN @Epoch: 109 >>>  || LOSS Avg: 0.03830
[Wall TIME] >>> Coach.train takes 5.151720 seconds ...
[Epoch 110 Telemetry] BPR: 0.038109 | LHC: 0.000000 (lambda=0.000000) | 45352.8 samples/s | 4.82s
[Coach] >>> TRAIN @Epoch: 110 >>>  || LOSS Avg: 0.03811
[Wall TIME] >>> Coach.train takes 4.907857 seconds ...
[Coach] >>> VALID @Epoch: 110 >>>  || RECALL@1 Avg: 0.0130 || RECALL@10 Avg: 0.0669 || RECALL@20 Avg: 0.1040 || NDCG@10 Avg: 0.0360 || NDCG@20 Avg: 0.0454
[Wall TIME] >>> Coach.valid takes 1.456554 seconds ...
[Epoch 111 Telemetry] BPR: 0.037836 | LHC: 0.000000 (lambda=0.000000) | 41207.4 samples/s | 5.30s
[Coach] >>> TRAIN @Epoch: 111 >>>  || LOSS Avg: 0.03784
[Wall TIME] >>> Coach.train takes 5.301007 seconds ...
[Epoch 112 Telemetry] BPR: 0.037390 | LHC: 0.000000 (lambda=0.000000) | 45057.4 samples/s | 4.85s
[Coach] >>> TRAIN @Epoch: 112 >>>  || LOSS Avg: 0.03739
[Wall TIME] >>> Coach.train takes 4.848125 seconds ...
[Epoch 113 Telemetry] BPR: 0.037648 | LHC: 0.000000 (lambda=0.000000) | 45251.6 samples/s | 4.83s
[Coach] >>> TRAIN @Epoch: 113 >>>  || LOSS Avg: 0.03765
[Wall TIME] >>> Coach.train takes 4.827146 seconds ...
[Epoch 114 Telemetry] BPR: 0.037269 | LHC: 0.000000 (lambda=0.000000) | 41998.6 samples/s | 5.20s
[Coach] >>> TRAIN @Epoch: 114 >>>  || LOSS Avg: 0.03727
[Wall TIME] >>> Coach.train takes 5.201172 seconds ...
[Epoch 115 Telemetry] BPR: 0.037585 | LHC: 0.000000 (lambda=0.000000) | 45388.1 samples/s | 4.81s
[Coach] >>> TRAIN @Epoch: 115 >>>  || LOSS Avg: 0.03759
[Wall TIME] >>> Coach.train takes 4.812720 seconds ...
[Coach] >>> VALID @Epoch: 115 >>>  || RECALL@1 Avg: 0.0130 || RECALL@10 Avg: 0.0676 || RECALL@20 Avg: 0.1038 || NDCG@10 Avg: 0.0362 || NDCG@20 Avg: 0.0454
[Wall TIME] >>> Coach.valid takes 1.471806 seconds ...
[Epoch 116 Telemetry] BPR: 0.037220 | LHC: 0.000000 (lambda=0.000000) | 40662.2 samples/s | 5.37s
[Coach] >>> TRAIN @Epoch: 116 >>>  || LOSS Avg: 0.03722
[Wall TIME] >>> Coach.train takes 5.372031 seconds ...
[Epoch 117 Telemetry] BPR: 0.036749 | LHC: 0.000000 (lambda=0.000000) | 42873.4 samples/s | 5.09s
[Coach] >>> TRAIN @Epoch: 117 >>>  || LOSS Avg: 0.03675
[Wall TIME] >>> Coach.train takes 5.095008 seconds ...
[Epoch 118 Telemetry] BPR: 0.037318 | LHC: 0.000000 (lambda=0.000000) | 45082.6 samples/s | 4.84s
[Coach] >>> TRAIN @Epoch: 118 >>>  || LOSS Avg: 0.03732
[Wall TIME] >>> Coach.train takes 4.845325 seconds ...
[Epoch 119 Telemetry] BPR: 0.036610 | LHC: 0.000000 (lambda=0.000000) | 40740.0 samples/s | 5.36s
[Coach] >>> TRAIN @Epoch: 119 >>>  || LOSS Avg: 0.03661
[Wall TIME] >>> Coach.train takes 5.361878 seconds ...
[Epoch 120 Telemetry] BPR: 0.036497 | LHC: 0.000000 (lambda=0.000000) | 44387.8 samples/s | 4.92s
[Coach] >>> TRAIN @Epoch: 120 >>>  || LOSS Avg: 0.03650
[Wall TIME] >>> Coach.train takes 5.008097 seconds ...
[Coach] >>> VALID @Epoch: 120 >>>  || RECALL@1 Avg: 0.0128 || RECALL@10 Avg: 0.0673 || RECALL@20 Avg: 0.1043 || NDCG@10 Avg: 0.0360 || NDCG@20 Avg: 0.0454
[Wall TIME] >>> Coach.valid takes 1.454129 seconds ...
[Epoch 121 Telemetry] BPR: 0.036304 | LHC: 0.000000 (lambda=0.000000) | 41267.5 samples/s | 5.29s
[Coach] >>> TRAIN @Epoch: 121 >>>  || LOSS Avg: 0.03630
[Wall TIME] >>> Coach.train takes 5.293214 seconds ...
[Epoch 122 Telemetry] BPR: 0.036289 | LHC: 0.000000 (lambda=0.000000) | 44516.9 samples/s | 4.91s
[Coach] >>> TRAIN @Epoch: 122 >>>  || LOSS Avg: 0.03629
[Wall TIME] >>> Coach.train takes 4.906931 seconds ...
[Epoch 123 Telemetry] BPR: 0.036207 | LHC: 0.000000 (lambda=0.000000) | 43427.5 samples/s | 5.03s
[Coach] >>> TRAIN @Epoch: 123 >>>  || LOSS Avg: 0.03621
[Wall TIME] >>> Coach.train takes 5.030062 seconds ...
[Epoch 124 Telemetry] BPR: 0.035977 | LHC: 0.000000 (lambda=0.000000) | 42035.6 samples/s | 5.20s
[Coach] >>> TRAIN @Epoch: 124 >>>  || LOSS Avg: 0.03598
[Wall TIME] >>> Coach.train takes 5.196617 seconds ...
[Epoch 125 Telemetry] BPR: 0.035693 | LHC: 0.000000 (lambda=0.000000) | 44999.4 samples/s | 4.85s
[Coach] >>> TRAIN @Epoch: 125 >>>  || LOSS Avg: 0.03569
[Wall TIME] >>> Coach.train takes 4.854373 seconds ...
[Coach] >>> Better ***NDCG@20*** of ***0.0459*** 
[Coach] >>> VALID @Epoch: 125 >>>  || RECALL@1 Avg: 0.0133 || RECALL@10 Avg: 0.0674 || RECALL@20 Avg: 0.1048 || NDCG@10 Avg: 0.0363 || NDCG@20 Avg: 0.0459
[Wall TIME] >>> Coach.valid takes 1.488085 seconds ...
[Epoch 126 Telemetry] BPR: 0.035961 | LHC: 0.000000 (lambda=0.000000) | 41658.9 samples/s | 5.24s
[Coach] >>> TRAIN @Epoch: 126 >>>  || LOSS Avg: 0.03596
[Wall TIME] >>> Coach.train takes 5.243508 seconds ...
[Epoch 127 Telemetry] BPR: 0.035670 | LHC: 0.000000 (lambda=0.000000) | 44417.5 samples/s | 4.92s
[Coach] >>> TRAIN @Epoch: 127 >>>  || LOSS Avg: 0.03567
[Wall TIME] >>> Coach.train takes 4.917845 seconds ...
[Epoch 128 Telemetry] BPR: 0.035846 | LHC: 0.000000 (lambda=0.000000) | 44560.6 samples/s | 4.90s
[Coach] >>> TRAIN @Epoch: 128 >>>  || LOSS Avg: 0.03585
[Wall TIME] >>> Coach.train takes 4.902127 seconds ...
[Epoch 129 Telemetry] BPR: 0.035530 | LHC: 0.000000 (lambda=0.000000) | 41776.0 samples/s | 5.23s
[Coach] >>> TRAIN @Epoch: 129 >>>  || LOSS Avg: 0.03553
[Wall TIME] >>> Coach.train takes 5.228784 seconds ...
[Epoch 130 Telemetry] BPR: 0.035319 | LHC: 0.000000 (lambda=0.000000) | 44701.6 samples/s | 4.89s
[Coach] >>> TRAIN @Epoch: 130 >>>  || LOSS Avg: 0.03532
[Wall TIME] >>> Coach.train takes 4.970043 seconds ...
[Coach] >>> VALID @Epoch: 130 >>>  || RECALL@1 Avg: 0.0132 || RECALL@10 Avg: 0.0683 || RECALL@20 Avg: 0.1036 || NDCG@10 Avg: 0.0365 || NDCG@20 Avg: 0.0456
[Wall TIME] >>> Coach.valid takes 1.463185 seconds ...
[Epoch 131 Telemetry] BPR: 0.035390 | LHC: 0.000000 (lambda=0.000000) | 41754.1 samples/s | 5.23s
[Coach] >>> TRAIN @Epoch: 131 >>>  || LOSS Avg: 0.03539
[Wall TIME] >>> Coach.train takes 5.231438 seconds ...
[Epoch 132 Telemetry] BPR: 0.035290 | LHC: 0.000000 (lambda=0.000000) | 44757.5 samples/s | 4.88s
[Coach] >>> TRAIN @Epoch: 132 >>>  || LOSS Avg: 0.03529
[Wall TIME] >>> Coach.train takes 4.880476 seconds ...
[Epoch 133 Telemetry] BPR: 0.034911 | LHC: 0.000000 (lambda=0.000000) | 45224.5 samples/s | 4.83s
[Coach] >>> TRAIN @Epoch: 133 >>>  || LOSS Avg: 0.03491
[Wall TIME] >>> Coach.train takes 4.830133 seconds ...
[Epoch 134 Telemetry] BPR: 0.035005 | LHC: 0.000000 (lambda=0.000000) | 41971.6 samples/s | 5.20s
[Coach] >>> TRAIN @Epoch: 134 >>>  || LOSS Avg: 0.03500
[Wall TIME] >>> Coach.train takes 5.204516 seconds ...
[Epoch 135 Telemetry] BPR: 0.035027 | LHC: 0.000000 (lambda=0.000000) | 45448.8 samples/s | 4.81s
[Coach] >>> TRAIN @Epoch: 135 >>>  || LOSS Avg: 0.03503
[Wall TIME] >>> Coach.train takes 4.806327 seconds ...
[Coach] >>> VALID @Epoch: 135 >>>  || RECALL@1 Avg: 0.0131 || RECALL@10 Avg: 0.0682 || RECALL@20 Avg: 0.1043 || NDCG@10 Avg: 0.0366 || NDCG@20 Avg: 0.0458
[Wall TIME] >>> Coach.valid takes 1.439195 seconds ...
[Epoch 136 Telemetry] BPR: 0.034653 | LHC: 0.000000 (lambda=0.000000) | 42098.2 samples/s | 5.19s
[Coach] >>> TRAIN @Epoch: 136 >>>  || LOSS Avg: 0.03465
[Wall TIME] >>> Coach.train takes 5.188740 seconds ...
[Epoch 137 Telemetry] BPR: 0.034521 | LHC: 0.000000 (lambda=0.000000) | 45540.8 samples/s | 4.80s
[Coach] >>> TRAIN @Epoch: 137 >>>  || LOSS Avg: 0.03452
[Wall TIME] >>> Coach.train takes 4.796717 seconds ...
[Epoch 138 Telemetry] BPR: 0.034353 | LHC: 0.000000 (lambda=0.000000) | 45057.9 samples/s | 4.85s
[Coach] >>> TRAIN @Epoch: 138 >>>  || LOSS Avg: 0.03435
[Wall TIME] >>> Coach.train takes 4.848013 seconds ...
[Epoch 139 Telemetry] BPR: 0.034641 | LHC: 0.000000 (lambda=0.000000) | 42037.5 samples/s | 5.20s
[Coach] >>> TRAIN @Epoch: 139 >>>  || LOSS Avg: 0.03464
[Wall TIME] >>> Coach.train takes 5.196360 seconds ...
[Epoch 140 Telemetry] BPR: 0.034040 | LHC: 0.000000 (lambda=0.000000) | 44983.5 samples/s | 4.86s
[Coach] >>> TRAIN @Epoch: 140 >>>  || LOSS Avg: 0.03404
[Wall TIME] >>> Coach.train takes 4.940565 seconds ...
[Coach] >>> Better ***NDCG@20*** of ***0.0460*** 
[Coach] >>> VALID @Epoch: 140 >>>  || RECALL@1 Avg: 0.0131 || RECALL@10 Avg: 0.0686 || RECALL@20 Avg: 0.1049 || NDCG@10 Avg: 0.0367 || NDCG@20 Avg: 0.0460
[Wall TIME] >>> Coach.valid takes 1.498425 seconds ...
[Epoch 141 Telemetry] BPR: 0.034673 | LHC: 0.000000 (lambda=0.000000) | 42069.9 samples/s | 5.19s
[Coach] >>> TRAIN @Epoch: 141 >>>  || LOSS Avg: 0.03467
[Wall TIME] >>> Coach.train takes 5.192160 seconds ...
[Epoch 142 Telemetry] BPR: 0.034356 | LHC: 0.000000 (lambda=0.000000) | 45334.6 samples/s | 4.82s
[Coach] >>> TRAIN @Epoch: 142 >>>  || LOSS Avg: 0.03436
[Wall TIME] >>> Coach.train takes 4.818332 seconds ...
[Epoch 143 Telemetry] BPR: 0.033943 | LHC: 0.000000 (lambda=0.000000) | 45463.8 samples/s | 4.80s
[Coach] >>> TRAIN @Epoch: 143 >>>  || LOSS Avg: 0.03394
[Wall TIME] >>> Coach.train takes 4.804757 seconds ...
[Epoch 144 Telemetry] BPR: 0.033927 | LHC: 0.000000 (lambda=0.000000) | 41999.8 samples/s | 5.20s
[Coach] >>> TRAIN @Epoch: 144 >>>  || LOSS Avg: 0.03393
[Wall TIME] >>> Coach.train takes 5.201017 seconds ...
[Epoch 145 Telemetry] BPR: 0.033905 | LHC: 0.000000 (lambda=0.000000) | 45080.8 samples/s | 4.84s
[Coach] >>> TRAIN @Epoch: 145 >>>  || LOSS Avg: 0.03390
[Wall TIME] >>> Coach.train takes 4.845779 seconds ...
[Coach] >>> VALID @Epoch: 145 >>>  || RECALL@1 Avg: 0.0125 || RECALL@10 Avg: 0.0694 || RECALL@20 Avg: 0.1049 || NDCG@10 Avg: 0.0368 || NDCG@20 Avg: 0.0458
[Wall TIME] >>> Coach.valid takes 1.466590 seconds ...
[Epoch 146 Telemetry] BPR: 0.033975 | LHC: 0.000000 (lambda=0.000000) | 41793.6 samples/s | 5.23s
[Coach] >>> TRAIN @Epoch: 146 >>>  || LOSS Avg: 0.03397
[Wall TIME] >>> Coach.train takes 5.226664 seconds ...
[Epoch 147 Telemetry] BPR: 0.033674 | LHC: 0.000000 (lambda=0.000000) | 45264.5 samples/s | 4.83s
[Coach] >>> TRAIN @Epoch: 147 >>>  || LOSS Avg: 0.03367
[Wall TIME] >>> Coach.train takes 4.825850 seconds ...
[Epoch 148 Telemetry] BPR: 0.033657 | LHC: 0.000000 (lambda=0.000000) | 45598.9 samples/s | 4.79s
[Coach] >>> TRAIN @Epoch: 148 >>>  || LOSS Avg: 0.03366
[Wall TIME] >>> Coach.train takes 4.790468 seconds ...
[Epoch 149 Telemetry] BPR: 0.033631 | LHC: 0.000000 (lambda=0.000000) | 42338.1 samples/s | 5.16s
[Coach] >>> TRAIN @Epoch: 149 >>>  || LOSS Avg: 0.03363
[Wall TIME] >>> Coach.train takes 5.159419 seconds ...
[Epoch 150 Telemetry] BPR: 0.033525 | LHC: 0.000000 (lambda=0.000000) | 45400.3 samples/s | 4.81s
[Coach] >>> TRAIN @Epoch: 150 >>>  || LOSS Avg: 0.03353
[Wall TIME] >>> Coach.train takes 4.896004 seconds ...
[Coach] >>> VALID @Epoch: 150 >>>  || RECALL@1 Avg: 0.0125 || RECALL@10 Avg: 0.0689 || RECALL@20 Avg: 0.1050 || NDCG@10 Avg: 0.0366 || NDCG@20 Avg: 0.0458
[Wall TIME] >>> Coach.valid takes 1.455791 seconds ...
[Epoch 151 Telemetry] BPR: 0.033522 | LHC: 0.000000 (lambda=0.000000) | 41996.5 samples/s | 5.20s
[Coach] >>> TRAIN @Epoch: 151 >>>  || LOSS Avg: 0.03352
[Wall TIME] >>> Coach.train takes 5.201395 seconds ...
[Epoch 152 Telemetry] BPR: 0.033105 | LHC: 0.000000 (lambda=0.000000) | 45068.1 samples/s | 4.85s
[Coach] >>> TRAIN @Epoch: 152 >>>  || LOSS Avg: 0.03311
[Wall TIME] >>> Coach.train takes 4.846830 seconds ...
[Epoch 153 Telemetry] BPR: 0.032908 | LHC: 0.000000 (lambda=0.000000) | 45064.9 samples/s | 4.85s
[Coach] >>> TRAIN @Epoch: 153 >>>  || LOSS Avg: 0.03291
[Wall TIME] >>> Coach.train takes 4.847169 seconds ...
[Epoch 154 Telemetry] BPR: 0.032964 | LHC: 0.000000 (lambda=0.000000) | 42080.8 samples/s | 5.19s
[Coach] >>> TRAIN @Epoch: 154 >>>  || LOSS Avg: 0.03296
[Wall TIME] >>> Coach.train takes 5.190941 seconds ...
[Epoch 155 Telemetry] BPR: 0.033168 | LHC: 0.000000 (lambda=0.000000) | 45363.3 samples/s | 4.81s
[Coach] >>> TRAIN @Epoch: 155 >>>  || LOSS Avg: 0.03317
[Wall TIME] >>> Coach.train takes 4.815427 seconds ...
[Coach] >>> VALID @Epoch: 155 >>>  || RECALL@1 Avg: 0.0125 || RECALL@10 Avg: 0.0694 || RECALL@20 Avg: 0.1044 || NDCG@10 Avg: 0.0369 || NDCG@20 Avg: 0.0458
[Wall TIME] >>> Coach.valid takes 1.436903 seconds ...
[Epoch 156 Telemetry] BPR: 0.032846 | LHC: 0.000000 (lambda=0.000000) | 42546.8 samples/s | 5.13s
[Coach] >>> TRAIN @Epoch: 156 >>>  || LOSS Avg: 0.03285
[Wall TIME] >>> Coach.train takes 5.134135 seconds ...
[Epoch 157 Telemetry] BPR: 0.032967 | LHC: 0.000000 (lambda=0.000000) | 44773.7 samples/s | 4.88s
[Coach] >>> TRAIN @Epoch: 157 >>>  || LOSS Avg: 0.03297
[Wall TIME] >>> Coach.train takes 4.878736 seconds ...
[Epoch 158 Telemetry] BPR: 0.032936 | LHC: 0.000000 (lambda=0.000000) | 45343.0 samples/s | 4.82s
[Coach] >>> TRAIN @Epoch: 158 >>>  || LOSS Avg: 0.03294
[Wall TIME] >>> Coach.train takes 4.817619 seconds ...
[Epoch 159 Telemetry] BPR: 0.033028 | LHC: 0.000000 (lambda=0.000000) | 42100.9 samples/s | 5.19s
[Coach] >>> TRAIN @Epoch: 159 >>>  || LOSS Avg: 0.03303
[Wall TIME] >>> Coach.train takes 5.188478 seconds ...
[Epoch 160 Telemetry] BPR: 0.032648 | LHC: 0.000000 (lambda=0.000000) | 45334.5 samples/s | 4.82s
[Coach] >>> TRAIN @Epoch: 160 >>>  || LOSS Avg: 0.03265
[Wall TIME] >>> Coach.train takes 4.906396 seconds ...
[Coach] >>> VALID @Epoch: 160 >>>  || RECALL@1 Avg: 0.0128 || RECALL@10 Avg: 0.0682 || RECALL@20 Avg: 0.1046 || NDCG@10 Avg: 0.0366 || NDCG@20 Avg: 0.0458
[Wall TIME] >>> Coach.valid takes 1.463263 seconds ...
[Epoch 161 Telemetry] BPR: 0.032290 | LHC: 0.000000 (lambda=0.000000) | 42055.0 samples/s | 5.19s
[Coach] >>> TRAIN @Epoch: 161 >>>  || LOSS Avg: 0.03229
[Wall TIME] >>> Coach.train takes 5.194201 seconds ...
[Epoch 162 Telemetry] BPR: 0.032739 | LHC: 0.000000 (lambda=0.000000) | 45177.3 samples/s | 4.83s
[Coach] >>> TRAIN @Epoch: 162 >>>  || LOSS Avg: 0.03274
[Wall TIME] >>> Coach.train takes 4.835161 seconds ...
[Epoch 163 Telemetry] BPR: 0.032379 | LHC: 0.000000 (lambda=0.000000) | 45508.9 samples/s | 4.80s
[Coach] >>> TRAIN @Epoch: 163 >>>  || LOSS Avg: 0.03238
[Wall TIME] >>> Coach.train takes 4.799974 seconds ...
[Epoch 164 Telemetry] BPR: 0.032657 | LHC: 0.000000 (lambda=0.000000) | 42204.5 samples/s | 5.18s
[Coach] >>> TRAIN @Epoch: 164 >>>  || LOSS Avg: 0.03266
[Wall TIME] >>> Coach.train takes 5.175847 seconds ...
[Epoch 165 Telemetry] BPR: 0.032373 | LHC: 0.000000 (lambda=0.000000) | 45198.1 samples/s | 4.83s
[Coach] >>> TRAIN @Epoch: 165 >>>  || LOSS Avg: 0.03237
[Wall TIME] >>> Coach.train takes 4.832884 seconds ...
[Coach] >>> VALID @Epoch: 165 >>>  || RECALL@1 Avg: 0.0128 || RECALL@10 Avg: 0.0683 || RECALL@20 Avg: 0.1049 || NDCG@10 Avg: 0.0366 || NDCG@20 Avg: 0.0459
[Wall TIME] >>> Coach.valid takes 1.443828 seconds ...
[Epoch 166 Telemetry] BPR: 0.032487 | LHC: 0.000000 (lambda=0.000000) | 41889.5 samples/s | 5.21s
[Coach] >>> TRAIN @Epoch: 166 >>>  || LOSS Avg: 0.03249
[Wall TIME] >>> Coach.train takes 5.214795 seconds ...
[Epoch 167 Telemetry] BPR: 0.032346 | LHC: 0.000000 (lambda=0.000000) | 45203.2 samples/s | 4.83s
[Coach] >>> TRAIN @Epoch: 167 >>>  || LOSS Avg: 0.03235
[Wall TIME] >>> Coach.train takes 4.832409 seconds ...
[Epoch 168 Telemetry] BPR: 0.032027 | LHC: 0.000000 (lambda=0.000000) | 44771.9 samples/s | 4.88s
[Coach] >>> TRAIN @Epoch: 168 >>>  || LOSS Avg: 0.03203
[Wall TIME] >>> Coach.train takes 4.879028 seconds ...
[Epoch 169 Telemetry] BPR: 0.032076 | LHC: 0.000000 (lambda=0.000000) | 42369.8 samples/s | 5.15s
[Coach] >>> TRAIN @Epoch: 169 >>>  || LOSS Avg: 0.03208
[Wall TIME] >>> Coach.train takes 5.155615 seconds ...
[Epoch 170 Telemetry] BPR: 0.032226 | LHC: 0.000000 (lambda=0.000000) | 45237.7 samples/s | 4.83s
[Coach] >>> TRAIN @Epoch: 170 >>>  || LOSS Avg: 0.03223
[Wall TIME] >>> Coach.train takes 4.916760 seconds ...
[Coach] >>> Better ***NDCG@20*** of ***0.0460*** 
[Coach] >>> VALID @Epoch: 170 >>>  || RECALL@1 Avg: 0.0129 || RECALL@10 Avg: 0.0687 || RECALL@20 Avg: 0.1052 || NDCG@10 Avg: 0.0367 || NDCG@20 Avg: 0.0460
[Wall TIME] >>> Coach.valid takes 1.492652 seconds ...
[Epoch 171 Telemetry] BPR: 0.032041 | LHC: 0.000000 (lambda=0.000000) | 42294.9 samples/s | 5.16s
[Coach] >>> TRAIN @Epoch: 171 >>>  || LOSS Avg: 0.03204
[Wall TIME] >>> Coach.train takes 5.164835 seconds ...
[Epoch 172 Telemetry] BPR: 0.031867 | LHC: 0.000000 (lambda=0.000000) | 44857.9 samples/s | 4.87s
[Coach] >>> TRAIN @Epoch: 172 >>>  || LOSS Avg: 0.03187
[Wall TIME] >>> Coach.train takes 4.869729 seconds ...
[Epoch 173 Telemetry] BPR: 0.031550 | LHC: 0.000000 (lambda=0.000000) | 45318.5 samples/s | 4.82s
[Coach] >>> TRAIN @Epoch: 173 >>>  || LOSS Avg: 0.03155
[Wall TIME] >>> Coach.train takes 4.820113 seconds ...
[Epoch 174 Telemetry] BPR: 0.031773 | LHC: 0.000000 (lambda=0.000000) | 41854.3 samples/s | 5.22s
[Coach] >>> TRAIN @Epoch: 174 >>>  || LOSS Avg: 0.03177
[Wall TIME] >>> Coach.train takes 5.219041 seconds ...
[Epoch 175 Telemetry] BPR: 0.031620 | LHC: 0.000000 (lambda=0.000000) | 45314.1 samples/s | 4.82s
[Coach] >>> TRAIN @Epoch: 175 >>>  || LOSS Avg: 0.03162
[Wall TIME] >>> Coach.train takes 4.820663 seconds ...
[Coach] >>> Better ***NDCG@20*** of ***0.0461*** 
[Coach] >>> VALID @Epoch: 175 >>>  || RECALL@1 Avg: 0.0130 || RECALL@10 Avg: 0.0685 || RECALL@20 Avg: 0.1056 || NDCG@10 Avg: 0.0367 || NDCG@20 Avg: 0.0461
[Wall TIME] >>> Coach.valid takes 1.499742 seconds ...
[Epoch 176 Telemetry] BPR: 0.031856 | LHC: 0.000000 (lambda=0.000000) | 41805.1 samples/s | 5.22s
[Coach] >>> TRAIN @Epoch: 176 >>>  || LOSS Avg: 0.03186
[Wall TIME] >>> Coach.train takes 5.225223 seconds ...
[Epoch 177 Telemetry] BPR: 0.031938 | LHC: 0.000000 (lambda=0.000000) | 45407.2 samples/s | 4.81s
[Coach] >>> TRAIN @Epoch: 177 >>>  || LOSS Avg: 0.03194
[Wall TIME] >>> Coach.train takes 4.810947 seconds ...
[Epoch 178 Telemetry] BPR: 0.031532 | LHC: 0.000000 (lambda=0.000000) | 45014.1 samples/s | 4.85s
[Coach] >>> TRAIN @Epoch: 178 >>>  || LOSS Avg: 0.03153
[Wall TIME] >>> Coach.train takes 4.852779 seconds ...
[Epoch 179 Telemetry] BPR: 0.031568 | LHC: 0.000000 (lambda=0.000000) | 42499.7 samples/s | 5.14s
[Coach] >>> TRAIN @Epoch: 179 >>>  || LOSS Avg: 0.03157
[Wall TIME] >>> Coach.train takes 5.139889 seconds ...
[Epoch 180 Telemetry] BPR: 0.031593 | LHC: 0.000000 (lambda=0.000000) | 45110.8 samples/s | 4.84s
[Coach] >>> TRAIN @Epoch: 180 >>>  || LOSS Avg: 0.03159
[Wall TIME] >>> Coach.train takes 4.926022 seconds ...
[Coach] >>> VALID @Epoch: 180 >>>  || RECALL@1 Avg: 0.0133 || RECALL@10 Avg: 0.0687 || RECALL@20 Avg: 0.1049 || NDCG@10 Avg: 0.0369 || NDCG@20 Avg: 0.0461
[Wall TIME] >>> Coach.valid takes 1.437634 seconds ...
[Epoch 181 Telemetry] BPR: 0.031746 | LHC: 0.000000 (lambda=0.000000) | 42074.9 samples/s | 5.19s
[Coach] >>> TRAIN @Epoch: 181 >>>  || LOSS Avg: 0.03175
[Wall TIME] >>> Coach.train takes 5.191670 seconds ...
[Epoch 182 Telemetry] BPR: 0.031374 | LHC: 0.000000 (lambda=0.000000) | 45522.4 samples/s | 4.80s
[Coach] >>> TRAIN @Epoch: 182 >>>  || LOSS Avg: 0.03137
[Wall TIME] >>> Coach.train takes 4.798562 seconds ...
[Epoch 183 Telemetry] BPR: 0.031078 | LHC: 0.000000 (lambda=0.000000) | 45357.2 samples/s | 4.82s
[Coach] >>> TRAIN @Epoch: 183 >>>  || LOSS Avg: 0.03108
[Wall TIME] >>> Coach.train takes 4.816072 seconds ...
[Epoch 184 Telemetry] BPR: 0.031456 | LHC: 0.000000 (lambda=0.000000) | 42264.7 samples/s | 5.17s
[Coach] >>> TRAIN @Epoch: 184 >>>  || LOSS Avg: 0.03146
[Wall TIME] >>> Coach.train takes 5.168412 seconds ...
[Epoch 185 Telemetry] BPR: 0.031284 | LHC: 0.000000 (lambda=0.000000) | 45144.8 samples/s | 4.84s
[Coach] >>> TRAIN @Epoch: 185 >>>  || LOSS Avg: 0.03128
[Wall TIME] >>> Coach.train takes 4.838709 seconds ...
[Coach] >>> Better ***NDCG@20*** of ***0.0465*** 
[Coach] >>> VALID @Epoch: 185 >>>  || RECALL@1 Avg: 0.0134 || RECALL@10 Avg: 0.0691 || RECALL@20 Avg: 0.1059 || NDCG@10 Avg: 0.0371 || NDCG@20 Avg: 0.0465
[Wall TIME] >>> Coach.valid takes 1.496109 seconds ...
[Epoch 186 Telemetry] BPR: 0.031229 | LHC: 0.000000 (lambda=0.000000) | 42141.8 samples/s | 5.18s
[Coach] >>> TRAIN @Epoch: 186 >>>  || LOSS Avg: 0.03123
[Wall TIME] >>> Coach.train takes 5.183417 seconds ...
[Epoch 187 Telemetry] BPR: 0.031104 | LHC: 0.000000 (lambda=0.000000) | 44936.8 samples/s | 4.86s
[Coach] >>> TRAIN @Epoch: 187 >>>  || LOSS Avg: 0.03110
[Wall TIME] >>> Coach.train takes 4.860986 seconds ...
[Epoch 188 Telemetry] BPR: 0.031051 | LHC: 0.000000 (lambda=0.000000) | 44862.6 samples/s | 4.87s
[Coach] >>> TRAIN @Epoch: 188 >>>  || LOSS Avg: 0.03105
[Wall TIME] >>> Coach.train takes 4.869036 seconds ...
[Epoch 189 Telemetry] BPR: 0.031090 | LHC: 0.000000 (lambda=0.000000) | 41813.9 samples/s | 5.22s
[Coach] >>> TRAIN @Epoch: 189 >>>  || LOSS Avg: 0.03109
[Wall TIME] >>> Coach.train takes 5.224142 seconds ...
[Epoch 190 Telemetry] BPR: 0.031027 | LHC: 0.000000 (lambda=0.000000) | 44800.3 samples/s | 4.88s
[Coach] >>> TRAIN @Epoch: 190 >>>  || LOSS Avg: 0.03103
[Wall TIME] >>> Coach.train takes 4.962153 seconds ...
[Coach] >>> VALID @Epoch: 190 >>>  || RECALL@1 Avg: 0.0133 || RECALL@10 Avg: 0.0691 || RECALL@20 Avg: 0.1054 || NDCG@10 Avg: 0.0371 || NDCG@20 Avg: 0.0463
[Wall TIME] >>> Coach.valid takes 1.453890 seconds ...
[Epoch 191 Telemetry] BPR: 0.030969 | LHC: 0.000000 (lambda=0.000000) | 41627.4 samples/s | 5.25s
[Coach] >>> TRAIN @Epoch: 191 >>>  || LOSS Avg: 0.03097
[Wall TIME] >>> Coach.train takes 5.247401 seconds ...
[Epoch 192 Telemetry] BPR: 0.030821 | LHC: 0.000000 (lambda=0.000000) | 45248.1 samples/s | 4.83s
[Coach] >>> TRAIN @Epoch: 192 >>>  || LOSS Avg: 0.03082
[Wall TIME] >>> Coach.train takes 4.827604 seconds ...
[Epoch 193 Telemetry] BPR: 0.030653 | LHC: 0.000000 (lambda=0.000000) | 44947.7 samples/s | 4.86s
[Coach] >>> TRAIN @Epoch: 193 >>>  || LOSS Avg: 0.03065
[Wall TIME] >>> Coach.train takes 4.859869 seconds ...
[Epoch 194 Telemetry] BPR: 0.030778 | LHC: 0.000000 (lambda=0.000000) | 41633.3 samples/s | 5.25s
[Coach] >>> TRAIN @Epoch: 194 >>>  || LOSS Avg: 0.03078
[Wall TIME] >>> Coach.train takes 5.246865 seconds ...
[Epoch 195 Telemetry] BPR: 0.030477 | LHC: 0.000000 (lambda=0.000000) | 44445.5 samples/s | 4.91s
[Coach] >>> TRAIN @Epoch: 195 >>>  || LOSS Avg: 0.03048
[Wall TIME] >>> Coach.train takes 4.914727 seconds ...
[Coach] >>> Better ***NDCG@20*** of ***0.0467*** 
[Coach] >>> VALID @Epoch: 195 >>>  || RECALL@1 Avg: 0.0136 || RECALL@10 Avg: 0.0693 || RECALL@20 Avg: 0.1065 || NDCG@10 Avg: 0.0372 || NDCG@20 Avg: 0.0467
[Wall TIME] >>> Coach.valid takes 1.493734 seconds ...
[Epoch 196 Telemetry] BPR: 0.030442 | LHC: 0.000000 (lambda=0.000000) | 41551.2 samples/s | 5.26s
[Coach] >>> TRAIN @Epoch: 196 >>>  || LOSS Avg: 0.03044
[Wall TIME] >>> Coach.train takes 5.257175 seconds ...
[Epoch 197 Telemetry] BPR: 0.030363 | LHC: 0.000000 (lambda=0.000000) | 44429.8 samples/s | 4.92s
[Coach] >>> TRAIN @Epoch: 197 >>>  || LOSS Avg: 0.03036
[Wall TIME] >>> Coach.train takes 4.916712 seconds ...
[Epoch 198 Telemetry] BPR: 0.030816 | LHC: 0.000000 (lambda=0.000000) | 44598.1 samples/s | 4.90s
[Coach] >>> TRAIN @Epoch: 198 >>>  || LOSS Avg: 0.03082
[Wall TIME] >>> Coach.train takes 4.898048 seconds ...
[Epoch 199 Telemetry] BPR: 0.030565 | LHC: 0.000000 (lambda=0.000000) | 41723.8 samples/s | 5.23s
[Coach] >>> TRAIN @Epoch: 199 >>>  || LOSS Avg: 0.03057
[Wall TIME] >>> Coach.train takes 5.235495 seconds ...
[Epoch 200 Telemetry] BPR: 0.030639 | LHC: 0.000000 (lambda=0.000000) | 44727.4 samples/s | 4.88s
[Coach] >>> TRAIN @Epoch: 200 >>>  || LOSS Avg: 0.03064
[Wall TIME] >>> Coach.train takes 4.973488 seconds ...
[Coach] >>> Better ***NDCG@20*** of ***0.0468*** 
[Coach] >>> VALID @Epoch: 200 >>>  || RECALL@1 Avg: 0.0136 || RECALL@10 Avg: 0.0690 || RECALL@20 Avg: 0.1068 || NDCG@10 Avg: 0.0372 || NDCG@20 Avg: 0.0468
[Wall TIME] >>> Coach.valid takes 1.497996 seconds ...
[Epoch 201 Telemetry] BPR: 0.030520 | LHC: 0.000000 (lambda=0.000000) | 41866.8 samples/s | 5.22s
[Coach] >>> TRAIN @Epoch: 201 >>>  || LOSS Avg: 0.03052
[Wall TIME] >>> Coach.train takes 5.217409 seconds ...
[Epoch 202 Telemetry] BPR: 0.030371 | LHC: 0.000000 (lambda=0.000000) | 44725.7 samples/s | 4.88s
[Coach] >>> TRAIN @Epoch: 202 >>>  || LOSS Avg: 0.03037
[Wall TIME] >>> Coach.train takes 4.884033 seconds ...
[Epoch 203 Telemetry] BPR: 0.030662 | LHC: 0.000000 (lambda=0.000000) | 44896.3 samples/s | 4.86s
[Coach] >>> TRAIN @Epoch: 203 >>>  || LOSS Avg: 0.03066
[Wall TIME] >>> Coach.train takes 4.865480 seconds ...
[Epoch 204 Telemetry] BPR: 0.030371 | LHC: 0.000000 (lambda=0.000000) | 41709.8 samples/s | 5.24s
[Coach] >>> TRAIN @Epoch: 204 >>>  || LOSS Avg: 0.03037
[Wall TIME] >>> Coach.train takes 5.237100 seconds ...
[Epoch 205 Telemetry] BPR: 0.029765 | LHC: 0.000000 (lambda=0.000000) | 45113.4 samples/s | 4.84s
[Coach] >>> TRAIN @Epoch: 205 >>>  || LOSS Avg: 0.02976
[Wall TIME] >>> Coach.train takes 4.842071 seconds ...
[Coach] >>> Better ***NDCG@20*** of ***0.0469*** 
[Coach] >>> VALID @Epoch: 205 >>>  || RECALL@1 Avg: 0.0135 || RECALL@10 Avg: 0.0697 || RECALL@20 Avg: 0.1069 || NDCG@10 Avg: 0.0375 || NDCG@20 Avg: 0.0469
[Wall TIME] >>> Coach.valid takes 1.492831 seconds ...
[Epoch 206 Telemetry] BPR: 0.030199 | LHC: 0.000000 (lambda=0.000000) | 41442.3 samples/s | 5.27s
[Coach] >>> TRAIN @Epoch: 206 >>>  || LOSS Avg: 0.03020
[Wall TIME] >>> Coach.train takes 5.270941 seconds ...
[Epoch 207 Telemetry] BPR: 0.030341 | LHC: 0.000000 (lambda=0.000000) | 45124.8 samples/s | 4.84s
[Coach] >>> TRAIN @Epoch: 207 >>>  || LOSS Avg: 0.03034
[Wall TIME] >>> Coach.train takes 4.840831 seconds ...
[Epoch 208 Telemetry] BPR: 0.030303 | LHC: 0.000000 (lambda=0.000000) | 44802.5 samples/s | 4.87s
[Coach] >>> TRAIN @Epoch: 208 >>>  || LOSS Avg: 0.03030
[Wall TIME] >>> Coach.train takes 4.875630 seconds ...
[Epoch 209 Telemetry] BPR: 0.029949 | LHC: 0.000000 (lambda=0.000000) | 41895.2 samples/s | 5.21s
[Coach] >>> TRAIN @Epoch: 209 >>>  || LOSS Avg: 0.02995
[Wall TIME] >>> Coach.train takes 5.214017 seconds ...
[Epoch 210 Telemetry] BPR: 0.030174 | LHC: 0.000000 (lambda=0.000000) | 44154.1 samples/s | 4.95s
[Coach] >>> TRAIN @Epoch: 210 >>>  || LOSS Avg: 0.03017
[Wall TIME] >>> Coach.train takes 5.037248 seconds ...
[Coach] >>> VALID @Epoch: 210 >>>  || RECALL@1 Avg: 0.0134 || RECALL@10 Avg: 0.0699 || RECALL@20 Avg: 0.1065 || NDCG@10 Avg: 0.0375 || NDCG@20 Avg: 0.0468
[Wall TIME] >>> Coach.valid takes 1.466564 seconds ...
[Epoch 211 Telemetry] BPR: 0.030064 | LHC: 0.000000 (lambda=0.000000) | 40922.8 samples/s | 5.34s
[Coach] >>> TRAIN @Epoch: 211 >>>  || LOSS Avg: 0.03006
[Wall TIME] >>> Coach.train takes 5.337699 seconds ...
[Epoch 212 Telemetry] BPR: 0.029664 | LHC: 0.000000 (lambda=0.000000) | 44420.1 samples/s | 4.92s
[Coach] >>> TRAIN @Epoch: 212 >>>  || LOSS Avg: 0.02966
[Wall TIME] >>> Coach.train takes 4.917601 seconds ...
[Epoch 213 Telemetry] BPR: 0.029739 | LHC: 0.000000 (lambda=0.000000) | 44395.4 samples/s | 4.92s
[Coach] >>> TRAIN @Epoch: 213 >>>  || LOSS Avg: 0.02974
[Wall TIME] >>> Coach.train takes 4.920368 seconds ...
[Epoch 214 Telemetry] BPR: 0.029861 | LHC: 0.000000 (lambda=0.000000) | 41607.5 samples/s | 5.25s
[Coach] >>> TRAIN @Epoch: 214 >>>  || LOSS Avg: 0.02986
[Wall TIME] >>> Coach.train takes 5.250094 seconds ...
[Epoch 215 Telemetry] BPR: 0.030028 | LHC: 0.000000 (lambda=0.000000) | 44691.7 samples/s | 4.89s
[Coach] >>> TRAIN @Epoch: 215 >>>  || LOSS Avg: 0.03003
[Wall TIME] >>> Coach.train takes 4.887689 seconds ...
[Coach] >>> VALID @Epoch: 215 >>>  || RECALL@1 Avg: 0.0134 || RECALL@10 Avg: 0.0699 || RECALL@20 Avg: 0.1064 || NDCG@10 Avg: 0.0374 || NDCG@20 Avg: 0.0467
[Wall TIME] >>> Coach.valid takes 1.467489 seconds ...
[Epoch 216 Telemetry] BPR: 0.029679 | LHC: 0.000000 (lambda=0.000000) | 40947.5 samples/s | 5.33s
[Coach] >>> TRAIN @Epoch: 216 >>>  || LOSS Avg: 0.02968
[Wall TIME] >>> Coach.train takes 5.334639 seconds ...
[Epoch 217 Telemetry] BPR: 0.029707 | LHC: 0.000000 (lambda=0.000000) | 44811.6 samples/s | 4.87s
[Coach] >>> TRAIN @Epoch: 217 >>>  || LOSS Avg: 0.02971
[Wall TIME] >>> Coach.train takes 4.874685 seconds ...
[Epoch 218 Telemetry] BPR: 0.029616 | LHC: 0.000000 (lambda=0.000000) | 44612.5 samples/s | 4.90s
[Coach] >>> TRAIN @Epoch: 218 >>>  || LOSS Avg: 0.02962
[Wall TIME] >>> Coach.train takes 4.896456 seconds ...
[Epoch 219 Telemetry] BPR: 0.029798 | LHC: 0.000000 (lambda=0.000000) | 40616.6 samples/s | 5.38s
[Coach] >>> TRAIN @Epoch: 219 >>>  || LOSS Avg: 0.02980
[Wall TIME] >>> Coach.train takes 5.378010 seconds ...
[Epoch 220 Telemetry] BPR: 0.029481 | LHC: 0.000000 (lambda=0.000000) | 44407.2 samples/s | 4.92s
[Coach] >>> TRAIN @Epoch: 220 >>>  || LOSS Avg: 0.02948
[Wall TIME] >>> Coach.train takes 5.008383 seconds ...
[Coach] >>> VALID @Epoch: 220 >>>  || RECALL@1 Avg: 0.0135 || RECALL@10 Avg: 0.0692 || RECALL@20 Avg: 0.1061 || NDCG@10 Avg: 0.0373 || NDCG@20 Avg: 0.0467
[Wall TIME] >>> Coach.valid takes 1.483832 seconds ...
[Epoch 221 Telemetry] BPR: 0.029363 | LHC: 0.000000 (lambda=0.000000) | 40892.2 samples/s | 5.34s
[Coach] >>> TRAIN @Epoch: 221 >>>  || LOSS Avg: 0.02936
[Wall TIME] >>> Coach.train takes 5.341852 seconds ...
[Epoch 222 Telemetry] BPR: 0.029632 | LHC: 0.000000 (lambda=0.000000) | 44395.5 samples/s | 4.92s
[Coach] >>> TRAIN @Epoch: 222 >>>  || LOSS Avg: 0.02963
[Wall TIME] >>> Coach.train takes 4.920340 seconds ...
[Epoch 223 Telemetry] BPR: 0.029664 | LHC: 0.000000 (lambda=0.000000) | 44841.7 samples/s | 4.87s
[Coach] >>> TRAIN @Epoch: 223 >>>  || LOSS Avg: 0.02966
[Wall TIME] >>> Coach.train takes 4.871467 seconds ...
[Epoch 224 Telemetry] BPR: 0.029470 | LHC: 0.000000 (lambda=0.000000) | 41783.6 samples/s | 5.23s
[Coach] >>> TRAIN @Epoch: 224 >>>  || LOSS Avg: 0.02947
[Wall TIME] >>> Coach.train takes 5.227936 seconds ...
[Epoch 225 Telemetry] BPR: 0.029489 | LHC: 0.000000 (lambda=0.000000) | 44759.1 samples/s | 4.88s
[Coach] >>> TRAIN @Epoch: 225 >>>  || LOSS Avg: 0.02949
[Wall TIME] >>> Coach.train takes 4.880470 seconds ...
[Coach] >>> VALID @Epoch: 225 >>>  || RECALL@1 Avg: 0.0133 || RECALL@10 Avg: 0.0702 || RECALL@20 Avg: 0.1057 || NDCG@10 Avg: 0.0375 || NDCG@20 Avg: 0.0465
[Wall TIME] >>> Coach.valid takes 1.455669 seconds ...
[Epoch 226 Telemetry] BPR: 0.029344 | LHC: 0.000000 (lambda=0.000000) | 41948.0 samples/s | 5.21s
[Coach] >>> TRAIN @Epoch: 226 >>>  || LOSS Avg: 0.02934
[Wall TIME] >>> Coach.train takes 5.207420 seconds ...
[Epoch 227 Telemetry] BPR: 0.029353 | LHC: 0.000000 (lambda=0.000000) | 44780.2 samples/s | 4.88s
[Coach] >>> TRAIN @Epoch: 227 >>>  || LOSS Avg: 0.02935
[Wall TIME] >>> Coach.train takes 4.878008 seconds ...
[Epoch 228 Telemetry] BPR: 0.029617 | LHC: 0.000000 (lambda=0.000000) | 44766.1 samples/s | 4.88s
[Coach] >>> TRAIN @Epoch: 228 >>>  || LOSS Avg: 0.02962
[Wall TIME] >>> Coach.train takes 4.879609 seconds ...
[Epoch 229 Telemetry] BPR: 0.029081 | LHC: 0.000000 (lambda=0.000000) | 41390.8 samples/s | 5.28s
[Coach] >>> TRAIN @Epoch: 229 >>>  || LOSS Avg: 0.02908
[Wall TIME] >>> Coach.train takes 5.277581 seconds ...
[Epoch 230 Telemetry] BPR: 0.029346 | LHC: 0.000000 (lambda=0.000000) | 44819.2 samples/s | 4.87s
[Coach] >>> TRAIN @Epoch: 230 >>>  || LOSS Avg: 0.02935
[Wall TIME] >>> Coach.train takes 4.958101 seconds ...
[Coach] >>> VALID @Epoch: 230 >>>  || RECALL@1 Avg: 0.0132 || RECALL@10 Avg: 0.0697 || RECALL@20 Avg: 0.1059 || NDCG@10 Avg: 0.0374 || NDCG@20 Avg: 0.0466
[Wall TIME] >>> Coach.valid takes 1.457589 seconds ...
[Epoch 231 Telemetry] BPR: 0.029202 | LHC: 0.000000 (lambda=0.000000) | 41891.9 samples/s | 5.21s
[Coach] >>> TRAIN @Epoch: 231 >>>  || LOSS Avg: 0.02920
[Wall TIME] >>> Coach.train takes 5.214275 seconds ...
[Epoch 232 Telemetry] BPR: 0.029317 | LHC: 0.000000 (lambda=0.000000) | 44517.2 samples/s | 4.91s
[Coach] >>> TRAIN @Epoch: 232 >>>  || LOSS Avg: 0.02932
[Wall TIME] >>> Coach.train takes 4.906801 seconds ...
[Epoch 233 Telemetry] BPR: 0.029181 | LHC: 0.000000 (lambda=0.000000) | 45144.3 samples/s | 4.84s
[Coach] >>> TRAIN @Epoch: 233 >>>  || LOSS Avg: 0.02918
[Wall TIME] >>> Coach.train takes 4.838802 seconds ...
[Epoch 234 Telemetry] BPR: 0.028915 | LHC: 0.000000 (lambda=0.000000) | 41810.1 samples/s | 5.22s
[Coach] >>> TRAIN @Epoch: 234 >>>  || LOSS Avg: 0.02891
[Wall TIME] >>> Coach.train takes 5.224590 seconds ...
[Epoch 235 Telemetry] BPR: 0.029185 | LHC: 0.000000 (lambda=0.000000) | 44928.0 samples/s | 4.86s
[Coach] >>> TRAIN @Epoch: 235 >>>  || LOSS Avg: 0.02919
[Wall TIME] >>> Coach.train takes 4.862019 seconds ...
[Coach] >>> VALID @Epoch: 235 >>>  || RECALL@1 Avg: 0.0138 || RECALL@10 Avg: 0.0699 || RECALL@20 Avg: 0.1062 || NDCG@10 Avg: 0.0377 || NDCG@20 Avg: 0.0469
[Wall TIME] >>> Coach.valid takes 1.448537 seconds ...
[Epoch 236 Telemetry] BPR: 0.029017 | LHC: 0.000000 (lambda=0.000000) | 41315.7 samples/s | 5.29s
[Coach] >>> TRAIN @Epoch: 236 >>>  || LOSS Avg: 0.02902
[Wall TIME] >>> Coach.train takes 5.287097 seconds ...
[Epoch 237 Telemetry] BPR: 0.029114 | LHC: 0.000000 (lambda=0.000000) | 44921.7 samples/s | 4.86s
[Coach] >>> TRAIN @Epoch: 237 >>>  || LOSS Avg: 0.02911
[Wall TIME] >>> Coach.train takes 4.862653 seconds ...
[Epoch 238 Telemetry] BPR: 0.029257 | LHC: 0.000000 (lambda=0.000000) | 45091.6 samples/s | 4.84s
[Coach] >>> TRAIN @Epoch: 238 >>>  || LOSS Avg: 0.02926
[Wall TIME] >>> Coach.train takes 4.844400 seconds ...
[Epoch 239 Telemetry] BPR: 0.028865 | LHC: 0.000000 (lambda=0.000000) | 41877.1 samples/s | 5.22s
[Coach] >>> TRAIN @Epoch: 239 >>>  || LOSS Avg: 0.02887
[Wall TIME] >>> Coach.train takes 5.216236 seconds ...
[Epoch 240 Telemetry] BPR: 0.029128 | LHC: 0.000000 (lambda=0.000000) | 44540.6 samples/s | 4.90s
[Coach] >>> TRAIN @Epoch: 240 >>>  || LOSS Avg: 0.02913
[Wall TIME] >>> Coach.train takes 4.990939 seconds ...
[Coach] >>> VALID @Epoch: 240 >>>  || RECALL@1 Avg: 0.0135 || RECALL@10 Avg: 0.0701 || RECALL@20 Avg: 0.1061 || NDCG@10 Avg: 0.0377 || NDCG@20 Avg: 0.0469
[Wall TIME] >>> Coach.valid takes 1.453559 seconds ...
[Epoch 241 Telemetry] BPR: 0.029253 | LHC: 0.000000 (lambda=0.000000) | 41865.3 samples/s | 5.22s
[Coach] >>> TRAIN @Epoch: 241 >>>  || LOSS Avg: 0.02925
[Wall TIME] >>> Coach.train takes 5.217570 seconds ...
[Epoch 242 Telemetry] BPR: 0.029058 | LHC: 0.000000 (lambda=0.000000) | 44730.3 samples/s | 4.88s
[Coach] >>> TRAIN @Epoch: 242 >>>  || LOSS Avg: 0.02906
[Wall TIME] >>> Coach.train takes 4.883438 seconds ...
[Epoch 243 Telemetry] BPR: 0.028827 | LHC: 0.000000 (lambda=0.000000) | 44917.8 samples/s | 4.86s
[Coach] >>> TRAIN @Epoch: 243 >>>  || LOSS Avg: 0.02883
[Wall TIME] >>> Coach.train takes 4.863047 seconds ...
[Epoch 244 Telemetry] BPR: 0.028879 | LHC: 0.000000 (lambda=0.000000) | 41564.3 samples/s | 5.25s
[Coach] >>> TRAIN @Epoch: 244 >>>  || LOSS Avg: 0.02888
[Wall TIME] >>> Coach.train takes 5.255465 seconds ...
[Epoch 245 Telemetry] BPR: 0.028952 | LHC: 0.000000 (lambda=0.000000) | 45023.3 samples/s | 4.85s
[Coach] >>> TRAIN @Epoch: 245 >>>  || LOSS Avg: 0.02895
[Wall TIME] >>> Coach.train takes 4.851747 seconds ...
[Coach] >>> Better ***NDCG@20*** of ***0.0471*** 
[Coach] >>> VALID @Epoch: 245 >>>  || RECALL@1 Avg: 0.0136 || RECALL@10 Avg: 0.0706 || RECALL@20 Avg: 0.1068 || NDCG@10 Avg: 0.0379 || NDCG@20 Avg: 0.0471
[Wall TIME] >>> Coach.valid takes 1.491525 seconds ...
[Epoch 246 Telemetry] BPR: 0.029102 | LHC: 0.000000 (lambda=0.000000) | 41868.9 samples/s | 5.22s
[Coach] >>> TRAIN @Epoch: 246 >>>  || LOSS Avg: 0.02910
[Wall TIME] >>> Coach.train takes 5.217309 seconds ...
[Epoch 247 Telemetry] BPR: 0.028955 | LHC: 0.000000 (lambda=0.000000) | 44761.2 samples/s | 4.88s
[Coach] >>> TRAIN @Epoch: 247 >>>  || LOSS Avg: 0.02895
[Wall TIME] >>> Coach.train takes 4.880166 seconds ...
[Epoch 248 Telemetry] BPR: 0.029045 | LHC: 0.000000 (lambda=0.000000) | 44763.1 samples/s | 4.88s
[Coach] >>> TRAIN @Epoch: 248 >>>  || LOSS Avg: 0.02905
[Wall TIME] >>> Coach.train takes 4.879896 seconds ...
[Epoch 249 Telemetry] BPR: 0.028876 | LHC: 0.000000 (lambda=0.000000) | 41759.1 samples/s | 5.23s
[Coach] >>> TRAIN @Epoch: 249 >>>  || LOSS Avg: 0.02888
[Wall TIME] >>> Coach.train takes 5.230968 seconds ...
[Epoch 250 Telemetry] BPR: 0.028555 | LHC: 0.000000 (lambda=0.000000) | 45161.8 samples/s | 4.84s
[Coach] >>> TRAIN @Epoch: 250 >>>  || LOSS Avg: 0.02856
[Wall TIME] >>> Coach.train takes 4.927894 seconds ...
[Coach] >>> Better ***NDCG@20*** of ***0.0471*** 
[Coach] >>> VALID @Epoch: 250 >>>  || RECALL@1 Avg: 0.0137 || RECALL@10 Avg: 0.0707 || RECALL@20 Avg: 0.1066 || NDCG@10 Avg: 0.0379 || NDCG@20 Avg: 0.0471
[Wall TIME] >>> Coach.valid takes 1.510630 seconds ...
[Epoch 251 Telemetry] BPR: 0.028793 | LHC: 0.000000 (lambda=0.000000) | 41654.0 samples/s | 5.24s
[Coach] >>> TRAIN @Epoch: 251 >>>  || LOSS Avg: 0.02879
[Wall TIME] >>> Coach.train takes 5.244040 seconds ...
[Epoch 252 Telemetry] BPR: 0.028629 | LHC: 0.000000 (lambda=0.000000) | 44503.1 samples/s | 4.91s
[Coach] >>> TRAIN @Epoch: 252 >>>  || LOSS Avg: 0.02863
[Wall TIME] >>> Coach.train takes 4.908369 seconds ...
[Epoch 253 Telemetry] BPR: 0.028716 | LHC: 0.000000 (lambda=0.000000) | 45145.1 samples/s | 4.84s
[Coach] >>> TRAIN @Epoch: 253 >>>  || LOSS Avg: 0.02872
[Wall TIME] >>> Coach.train takes 4.838555 seconds ...
[Epoch 254 Telemetry] BPR: 0.028552 | LHC: 0.000000 (lambda=0.000000) | 41872.9 samples/s | 5.22s
[Coach] >>> TRAIN @Epoch: 254 >>>  || LOSS Avg: 0.02855
[Wall TIME] >>> Coach.train takes 5.216773 seconds ...
[Epoch 255 Telemetry] BPR: 0.028465 | LHC: 0.000000 (lambda=0.000000) | 45004.4 samples/s | 4.85s
[Coach] >>> TRAIN @Epoch: 255 >>>  || LOSS Avg: 0.02846
[Wall TIME] >>> Coach.train takes 4.853801 seconds ...
[Coach] >>> Better ***NDCG@20*** of ***0.0474*** 
[Coach] >>> VALID @Epoch: 255 >>>  || RECALL@1 Avg: 0.0135 || RECALL@10 Avg: 0.0702 || RECALL@20 Avg: 0.1078 || NDCG@10 Avg: 0.0378 || NDCG@20 Avg: 0.0474
[Wall TIME] >>> Coach.valid takes 1.500807 seconds ...
[Epoch 256 Telemetry] BPR: 0.028541 | LHC: 0.000000 (lambda=0.000000) | 41488.0 samples/s | 5.26s
[Coach] >>> TRAIN @Epoch: 256 >>>  || LOSS Avg: 0.02854
[Wall TIME] >>> Coach.train takes 5.265110 seconds ...
[Epoch 257 Telemetry] BPR: 0.028704 | LHC: 0.000000 (lambda=0.000000) | 45119.9 samples/s | 4.84s
[Coach] >>> TRAIN @Epoch: 257 >>>  || LOSS Avg: 0.02870
[Wall TIME] >>> Coach.train takes 4.841344 seconds ...
[Epoch 258 Telemetry] BPR: 0.028420 | LHC: 0.000000 (lambda=0.000000) | 44675.8 samples/s | 4.89s
[Coach] >>> TRAIN @Epoch: 258 >>>  || LOSS Avg: 0.02842
[Wall TIME] >>> Coach.train takes 4.889425 seconds ...
[Epoch 259 Telemetry] BPR: 0.028412 | LHC: 0.000000 (lambda=0.000000) | 41962.0 samples/s | 5.20s
[Coach] >>> TRAIN @Epoch: 259 >>>  || LOSS Avg: 0.02841
[Wall TIME] >>> Coach.train takes 5.205646 seconds ...
[Epoch 260 Telemetry] BPR: 0.028716 | LHC: 0.000000 (lambda=0.000000) | 44595.0 samples/s | 4.90s
[Coach] >>> TRAIN @Epoch: 260 >>>  || LOSS Avg: 0.02872
[Wall TIME] >>> Coach.train takes 4.982921 seconds ...
[Coach] >>> Better ***NDCG@20*** of ***0.0474*** 
[Coach] >>> VALID @Epoch: 260 >>>  || RECALL@1 Avg: 0.0136 || RECALL@10 Avg: 0.0704 || RECALL@20 Avg: 0.1078 || NDCG@10 Avg: 0.0379 || NDCG@20 Avg: 0.0474
[Wall TIME] >>> Coach.valid takes 1.504050 seconds ...
[Epoch 261 Telemetry] BPR: 0.028330 | LHC: 0.000000 (lambda=0.000000) | 42005.9 samples/s | 5.20s
[Coach] >>> TRAIN @Epoch: 261 >>>  || LOSS Avg: 0.02833
[Wall TIME] >>> Coach.train takes 5.200089 seconds ...
[Epoch 262 Telemetry] BPR: 0.028336 | LHC: 0.000000 (lambda=0.000000) | 44824.3 samples/s | 4.87s
[Coach] >>> TRAIN @Epoch: 262 >>>  || LOSS Avg: 0.02834
[Wall TIME] >>> Coach.train takes 4.873202 seconds ...
[Epoch 263 Telemetry] BPR: 0.028440 | LHC: 0.000000 (lambda=0.000000) | 44891.8 samples/s | 4.87s
[Coach] >>> TRAIN @Epoch: 263 >>>  || LOSS Avg: 0.02844
[Wall TIME] >>> Coach.train takes 4.865959 seconds ...
[Epoch 264 Telemetry] BPR: 0.028292 | LHC: 0.000000 (lambda=0.000000) | 41472.8 samples/s | 5.27s
[Coach] >>> TRAIN @Epoch: 264 >>>  || LOSS Avg: 0.02829
[Wall TIME] >>> Coach.train takes 5.267140 seconds ...
[Epoch 265 Telemetry] BPR: 0.028376 | LHC: 0.000000 (lambda=0.000000) | 45045.0 samples/s | 4.85s
[Coach] >>> TRAIN @Epoch: 265 >>>  || LOSS Avg: 0.02838
[Wall TIME] >>> Coach.train takes 4.849475 seconds ...
[Coach] >>> VALID @Epoch: 265 >>>  || RECALL@1 Avg: 0.0133 || RECALL@10 Avg: 0.0710 || RECALL@20 Avg: 0.1079 || NDCG@10 Avg: 0.0380 || NDCG@20 Avg: 0.0473
[Wall TIME] >>> Coach.valid takes 1.447908 seconds ...
[Epoch 266 Telemetry] BPR: 0.028462 | LHC: 0.000000 (lambda=0.000000) | 41947.2 samples/s | 5.21s
[Coach] >>> TRAIN @Epoch: 266 >>>  || LOSS Avg: 0.02846
[Wall TIME] >>> Coach.train takes 5.207519 seconds ...
[Epoch 267 Telemetry] BPR: 0.028381 | LHC: 0.000000 (lambda=0.000000) | 45219.9 samples/s | 4.83s
[Coach] >>> TRAIN @Epoch: 267 >>>  || LOSS Avg: 0.02838
[Wall TIME] >>> Coach.train takes 4.830629 seconds ...
[Epoch 268 Telemetry] BPR: 0.028519 | LHC: 0.000000 (lambda=0.000000) | 44783.2 samples/s | 4.88s
[Coach] >>> TRAIN @Epoch: 268 >>>  || LOSS Avg: 0.02852
[Wall TIME] >>> Coach.train takes 4.877713 seconds ...
[Epoch 269 Telemetry] BPR: 0.028282 | LHC: 0.000000 (lambda=0.000000) | 41965.4 samples/s | 5.20s
[Coach] >>> TRAIN @Epoch: 269 >>>  || LOSS Avg: 0.02828
[Wall TIME] >>> Coach.train takes 5.205247 seconds ...
[Epoch 270 Telemetry] BPR: 0.028082 | LHC: 0.000000 (lambda=0.000000) | 44423.9 samples/s | 4.92s
[Coach] >>> TRAIN @Epoch: 270 >>>  || LOSS Avg: 0.02808
[Wall TIME] >>> Coach.train takes 5.015020 seconds ...
[Coach] >>> VALID @Epoch: 270 >>>  || RECALL@1 Avg: 0.0139 || RECALL@10 Avg: 0.0707 || RECALL@20 Avg: 0.1076 || NDCG@10 Avg: 0.0380 || NDCG@20 Avg: 0.0473
[Wall TIME] >>> Coach.valid takes 1.461314 seconds ...
[Epoch 271 Telemetry] BPR: 0.028251 | LHC: 0.000000 (lambda=0.000000) | 41332.7 samples/s | 5.28s
[Coach] >>> TRAIN @Epoch: 271 >>>  || LOSS Avg: 0.02825
[Wall TIME] >>> Coach.train takes 5.284934 seconds ...
[Epoch 272 Telemetry] BPR: 0.028200 | LHC: 0.000000 (lambda=0.000000) | 44819.7 samples/s | 4.87s
[Coach] >>> TRAIN @Epoch: 272 >>>  || LOSS Avg: 0.02820
[Wall TIME] >>> Coach.train takes 4.873900 seconds ...
[Epoch 273 Telemetry] BPR: 0.028074 | LHC: 0.000000 (lambda=0.000000) | 44873.8 samples/s | 4.87s
[Coach] >>> TRAIN @Epoch: 273 >>>  || LOSS Avg: 0.02807
[Wall TIME] >>> Coach.train takes 4.867835 seconds ...
[Epoch 274 Telemetry] BPR: 0.028156 | LHC: 0.000000 (lambda=0.000000) | 42047.6 samples/s | 5.19s
[Coach] >>> TRAIN @Epoch: 274 >>>  || LOSS Avg: 0.02816
[Wall TIME] >>> Coach.train takes 5.195113 seconds ...
[Epoch 275 Telemetry] BPR: 0.027910 | LHC: 0.000000 (lambda=0.000000) | 44852.7 samples/s | 4.87s
[Coach] >>> TRAIN @Epoch: 275 >>>  || LOSS Avg: 0.02791
[Wall TIME] >>> Coach.train takes 4.870243 seconds ...
[Coach] >>> Better ***NDCG@20*** of ***0.0476*** 
[Coach] >>> VALID @Epoch: 275 >>>  || RECALL@1 Avg: 0.0140 || RECALL@10 Avg: 0.0709 || RECALL@20 Avg: 0.1082 || NDCG@10 Avg: 0.0381 || NDCG@20 Avg: 0.0476
[Wall TIME] >>> Coach.valid takes 1.496108 seconds ...
[Epoch 276 Telemetry] BPR: 0.028048 | LHC: 0.000000 (lambda=0.000000) | 41321.2 samples/s | 5.29s
[Coach] >>> TRAIN @Epoch: 276 >>>  || LOSS Avg: 0.02805
[Wall TIME] >>> Coach.train takes 5.286456 seconds ...
[Epoch 277 Telemetry] BPR: 0.028016 | LHC: 0.000000 (lambda=0.000000) | 44434.9 samples/s | 4.92s
[Coach] >>> TRAIN @Epoch: 277 >>>  || LOSS Avg: 0.02802
[Wall TIME] >>> Coach.train takes 4.915905 seconds ...
[Epoch 278 Telemetry] BPR: 0.028076 | LHC: 0.000000 (lambda=0.000000) | 45200.7 samples/s | 4.83s
[Coach] >>> TRAIN @Epoch: 278 >>>  || LOSS Avg: 0.02808
[Wall TIME] >>> Coach.train takes 4.832691 seconds ...
[Epoch 279 Telemetry] BPR: 0.027906 | LHC: 0.000000 (lambda=0.000000) | 41917.6 samples/s | 5.21s
[Coach] >>> TRAIN @Epoch: 279 >>>  || LOSS Avg: 0.02791
[Wall TIME] >>> Coach.train takes 5.211226 seconds ...
[Epoch 280 Telemetry] BPR: 0.027911 | LHC: 0.000000 (lambda=0.000000) | 44308.9 samples/s | 4.93s
[Coach] >>> TRAIN @Epoch: 280 >>>  || LOSS Avg: 0.02791
[Wall TIME] >>> Coach.train takes 5.012920 seconds ...
[Coach] >>> VALID @Epoch: 280 >>>  || RECALL@1 Avg: 0.0135 || RECALL@10 Avg: 0.0705 || RECALL@20 Avg: 0.1076 || NDCG@10 Avg: 0.0378 || NDCG@20 Avg: 0.0473
[Wall TIME] >>> Coach.valid takes 1.467395 seconds ...
[Epoch 281 Telemetry] BPR: 0.027964 | LHC: 0.000000 (lambda=0.000000) | 40920.3 samples/s | 5.34s
[Coach] >>> TRAIN @Epoch: 281 >>>  || LOSS Avg: 0.02796
[Wall TIME] >>> Coach.train takes 5.338032 seconds ...
[Epoch 282 Telemetry] BPR: 0.028069 | LHC: 0.000000 (lambda=0.000000) | 44863.1 samples/s | 4.87s
[Coach] >>> TRAIN @Epoch: 282 >>>  || LOSS Avg: 0.02807
[Wall TIME] >>> Coach.train takes 4.869117 seconds ...
[Epoch 283 Telemetry] BPR: 0.027627 | LHC: 0.000000 (lambda=0.000000) | 45064.2 samples/s | 4.85s
[Coach] >>> TRAIN @Epoch: 283 >>>  || LOSS Avg: 0.02763
[Wall TIME] >>> Coach.train takes 4.847283 seconds ...
[Epoch 284 Telemetry] BPR: 0.027883 | LHC: 0.000000 (lambda=0.000000) | 41420.4 samples/s | 5.27s
[Coach] >>> TRAIN @Epoch: 284 >>>  || LOSS Avg: 0.02788
[Wall TIME] >>> Coach.train takes 5.273829 seconds ...
[Epoch 285 Telemetry] BPR: 0.027818 | LHC: 0.000000 (lambda=0.000000) | 44492.4 samples/s | 4.91s
[Coach] >>> TRAIN @Epoch: 285 >>>  || LOSS Avg: 0.02782
[Wall TIME] >>> Coach.train takes 4.909666 seconds ...
[Coach] >>> VALID @Epoch: 285 >>>  || RECALL@1 Avg: 0.0135 || RECALL@10 Avg: 0.0712 || RECALL@20 Avg: 0.1083 || NDCG@10 Avg: 0.0380 || NDCG@20 Avg: 0.0474
[Wall TIME] >>> Coach.valid takes 1.456392 seconds ...
[Epoch 286 Telemetry] BPR: 0.027775 | LHC: 0.000000 (lambda=0.000000) | 41630.5 samples/s | 5.25s
[Coach] >>> TRAIN @Epoch: 286 >>>  || LOSS Avg: 0.02777
[Wall TIME] >>> Coach.train takes 5.247089 seconds ...
[Epoch 287 Telemetry] BPR: 0.027681 | LHC: 0.000000 (lambda=0.000000) | 44826.3 samples/s | 4.87s
[Coach] >>> TRAIN @Epoch: 287 >>>  || LOSS Avg: 0.02768
[Wall TIME] >>> Coach.train takes 4.873059 seconds ...
[Epoch 288 Telemetry] BPR: 0.027836 | LHC: 0.000000 (lambda=0.000000) | 44570.1 samples/s | 4.90s
[Coach] >>> TRAIN @Epoch: 288 >>>  || LOSS Avg: 0.02784
[Wall TIME] >>> Coach.train takes 4.901101 seconds ...
[Epoch 289 Telemetry] BPR: 0.027571 | LHC: 0.000000 (lambda=0.000000) | 41128.1 samples/s | 5.31s
[Coach] >>> TRAIN @Epoch: 289 >>>  || LOSS Avg: 0.02757
[Wall TIME] >>> Coach.train takes 5.311271 seconds ...
[Epoch 290 Telemetry] BPR: 0.027625 | LHC: 0.000000 (lambda=0.000000) | 44792.2 samples/s | 4.88s
[Coach] >>> TRAIN @Epoch: 290 >>>  || LOSS Avg: 0.02763
[Wall TIME] >>> Coach.train takes 4.959078 seconds ...
[Coach] >>> VALID @Epoch: 290 >>>  || RECALL@1 Avg: 0.0138 || RECALL@10 Avg: 0.0708 || RECALL@20 Avg: 0.1074 || NDCG@10 Avg: 0.0380 || NDCG@20 Avg: 0.0474
[Wall TIME] >>> Coach.valid takes 1.447829 seconds ...
[Epoch 291 Telemetry] BPR: 0.027774 | LHC: 0.000000 (lambda=0.000000) | 41989.5 samples/s | 5.20s
[Coach] >>> TRAIN @Epoch: 291 >>>  || LOSS Avg: 0.02777
[Wall TIME] >>> Coach.train takes 5.202159 seconds ...
[Epoch 292 Telemetry] BPR: 0.027603 | LHC: 0.000000 (lambda=0.000000) | 44853.9 samples/s | 4.87s
[Coach] >>> TRAIN @Epoch: 292 >>>  || LOSS Avg: 0.02760
[Wall TIME] >>> Coach.train takes 4.870012 seconds ...
[Epoch 293 Telemetry] BPR: 0.027638 | LHC: 0.000000 (lambda=0.000000) | 44674.6 samples/s | 4.89s
[Coach] >>> TRAIN @Epoch: 293 >>>  || LOSS Avg: 0.02764
[Wall TIME] >>> Coach.train takes 4.889677 seconds ...
[Epoch 294 Telemetry] BPR: 0.027703 | LHC: 0.000000 (lambda=0.000000) | 41533.7 samples/s | 5.26s
[Coach] >>> TRAIN @Epoch: 294 >>>  || LOSS Avg: 0.02770
[Wall TIME] >>> Coach.train takes 5.259325 seconds ...
[Epoch 295 Telemetry] BPR: 0.027783 | LHC: 0.000000 (lambda=0.000000) | 45061.1 samples/s | 4.85s
[Coach] >>> TRAIN @Epoch: 295 >>>  || LOSS Avg: 0.02778
[Wall TIME] >>> Coach.train takes 4.847692 seconds ...
[Coach] >>> VALID @Epoch: 295 >>>  || RECALL@1 Avg: 0.0134 || RECALL@10 Avg: 0.0709 || RECALL@20 Avg: 0.1075 || NDCG@10 Avg: 0.0379 || NDCG@20 Avg: 0.0472
[Wall TIME] >>> Coach.valid takes 1.443990 seconds ...
[Epoch 296 Telemetry] BPR: 0.027697 | LHC: 0.000000 (lambda=0.000000) | 41746.0 samples/s | 5.23s
[Coach] >>> TRAIN @Epoch: 296 >>>  || LOSS Avg: 0.02770
[Wall TIME] >>> Coach.train takes 5.232597 seconds ...
[Epoch 297 Telemetry] BPR: 0.027296 | LHC: 0.000000 (lambda=0.000000) | 44411.8 samples/s | 4.92s
[Coach] >>> TRAIN @Epoch: 297 >>>  || LOSS Avg: 0.02730
[Wall TIME] >>> Coach.train takes 4.918567 seconds ...
[Epoch 298 Telemetry] BPR: 0.027511 | LHC: 0.000000 (lambda=0.000000) | 45107.3 samples/s | 4.84s
[Coach] >>> TRAIN @Epoch: 298 >>>  || LOSS Avg: 0.02751
[Wall TIME] >>> Coach.train takes 4.842707 seconds ...
[Epoch 299 Telemetry] BPR: 0.027595 | LHC: 0.000000 (lambda=0.000000) | 41844.6 samples/s | 5.22s
[Coach] >>> TRAIN @Epoch: 299 >>>  || LOSS Avg: 0.02759
[Wall TIME] >>> Coach.train takes 5.220209 seconds ...
[Epoch 300 Telemetry] BPR: 0.027680 | LHC: 0.000000 (lambda=0.000000) | 45067.0 samples/s | 4.85s
[Coach] >>> TRAIN @Epoch: 300 >>>  || LOSS Avg: 0.02768
[Wall TIME] >>> Coach.train takes 4.931767 seconds ...
[Coach] >>> VALID @Epoch: 300 >>>  || RECALL@1 Avg: 0.0138 || RECALL@10 Avg: 0.0710 || RECALL@20 Avg: 0.1073 || NDCG@10 Avg: 0.0381 || NDCG@20 Avg: 0.0473
[Wall TIME] >>> Coach.valid takes 1.454298 seconds ...
[Epoch 301 Telemetry] BPR: 0.027597 | LHC: 0.000000 (lambda=0.000000) | 41714.5 samples/s | 5.24s
[Coach] >>> TRAIN @Epoch: 301 >>>  || LOSS Avg: 0.02760
[Wall TIME] >>> Coach.train takes 5.236434 seconds ...
[Epoch 302 Telemetry] BPR: 0.027454 | LHC: 0.000000 (lambda=0.000000) | 44577.3 samples/s | 4.90s
[Coach] >>> TRAIN @Epoch: 302 >>>  || LOSS Avg: 0.02745
[Wall TIME] >>> Coach.train takes 4.900343 seconds ...
[Epoch 303 Telemetry] BPR: 0.027743 | LHC: 0.000000 (lambda=0.000000) | 44725.7 samples/s | 4.88s
[Coach] >>> TRAIN @Epoch: 303 >>>  || LOSS Avg: 0.02774
[Wall TIME] >>> Coach.train takes 4.883929 seconds ...
[Epoch 304 Telemetry] BPR: 0.027635 | LHC: 0.000000 (lambda=0.000000) | 42048.7 samples/s | 5.19s
[Coach] >>> TRAIN @Epoch: 304 >>>  || LOSS Avg: 0.02764
[Wall TIME] >>> Coach.train takes 5.194903 seconds ...
[Epoch 305 Telemetry] BPR: 0.027440 | LHC: 0.000000 (lambda=0.000000) | 44795.8 samples/s | 4.88s
[Coach] >>> TRAIN @Epoch: 305 >>>  || LOSS Avg: 0.02744
[Wall TIME] >>> Coach.train takes 4.876460 seconds ...
[Coach] >>> VALID @Epoch: 305 >>>  || RECALL@1 Avg: 0.0137 || RECALL@10 Avg: 0.0705 || RECALL@20 Avg: 0.1070 || NDCG@10 Avg: 0.0380 || NDCG@20 Avg: 0.0473
[Wall TIME] >>> Coach.valid takes 1.449222 seconds ...
[Epoch 306 Telemetry] BPR: 0.027080 | LHC: 0.000000 (lambda=0.000000) | 41792.8 samples/s | 5.23s
[Coach] >>> TRAIN @Epoch: 306 >>>  || LOSS Avg: 0.02708
[Wall TIME] >>> Coach.train takes 5.226813 seconds ...
[Epoch 307 Telemetry] BPR: 0.027289 | LHC: 0.000000 (lambda=0.000000) | 44886.8 samples/s | 4.87s
[Coach] >>> TRAIN @Epoch: 307 >>>  || LOSS Avg: 0.02729
[Wall TIME] >>> Coach.train takes 4.866489 seconds ...
[Epoch 308 Telemetry] BPR: 0.027091 | LHC: 0.000000 (lambda=0.000000) | 45143.1 samples/s | 4.84s
[Coach] >>> TRAIN @Epoch: 308 >>>  || LOSS Avg: 0.02709
[Wall TIME] >>> Coach.train takes 4.838985 seconds ...
[Epoch 309 Telemetry] BPR: 0.027510 | LHC: 0.000000 (lambda=0.000000) | 41823.2 samples/s | 5.22s
[Coach] >>> TRAIN @Epoch: 309 >>>  || LOSS Avg: 0.02751
[Wall TIME] >>> Coach.train takes 5.223076 seconds ...
[Epoch 310 Telemetry] BPR: 0.027594 | LHC: 0.000000 (lambda=0.000000) | 44843.4 samples/s | 4.87s
[Coach] >>> TRAIN @Epoch: 310 >>>  || LOSS Avg: 0.02759
[Wall TIME] >>> Coach.train takes 4.956596 seconds ...
[Coach] >>> Better ***NDCG@20*** of ***0.0476*** 
[Coach] >>> VALID @Epoch: 310 >>>  || RECALL@1 Avg: 0.0139 || RECALL@10 Avg: 0.0704 || RECALL@20 Avg: 0.1078 || NDCG@10 Avg: 0.0380 || NDCG@20 Avg: 0.0476
[Wall TIME] >>> Coach.valid takes 1.522620 seconds ...
[Epoch 311 Telemetry] BPR: 0.027022 | LHC: 0.000000 (lambda=0.000000) | 41544.9 samples/s | 5.26s
[Coach] >>> TRAIN @Epoch: 311 >>>  || LOSS Avg: 0.02702
[Wall TIME] >>> Coach.train takes 5.257802 seconds ...
[Epoch 312 Telemetry] BPR: 0.027586 | LHC: 0.000000 (lambda=0.000000) | 45032.9 samples/s | 4.85s
[Coach] >>> TRAIN @Epoch: 312 >>>  || LOSS Avg: 0.02759
[Wall TIME] >>> Coach.train takes 4.850685 seconds ...
[Epoch 313 Telemetry] BPR: 0.027235 | LHC: 0.000000 (lambda=0.000000) | 45041.3 samples/s | 4.85s
[Coach] >>> TRAIN @Epoch: 313 >>>  || LOSS Avg: 0.02724
[Wall TIME] >>> Coach.train takes 4.849758 seconds ...
[Epoch 314 Telemetry] BPR: 0.027033 | LHC: 0.000000 (lambda=0.000000) | 41979.2 samples/s | 5.20s
[Coach] >>> TRAIN @Epoch: 314 >>>  || LOSS Avg: 0.02703
[Wall TIME] >>> Coach.train takes 5.203583 seconds ...
[Epoch 315 Telemetry] BPR: 0.027161 | LHC: 0.000000 (lambda=0.000000) | 44708.7 samples/s | 4.89s
[Coach] >>> TRAIN @Epoch: 315 >>>  || LOSS Avg: 0.02716
[Wall TIME] >>> Coach.train takes 4.885892 seconds ...
[Coach] >>> VALID @Epoch: 315 >>>  || RECALL@1 Avg: 0.0141 || RECALL@10 Avg: 0.0707 || RECALL@20 Avg: 0.1076 || NDCG@10 Avg: 0.0382 || NDCG@20 Avg: 0.0476
[Wall TIME] >>> Coach.valid takes 1.434710 seconds ...
[Epoch 316 Telemetry] BPR: 0.027084 | LHC: 0.000000 (lambda=0.000000) | 41770.1 samples/s | 5.23s
[Coach] >>> TRAIN @Epoch: 316 >>>  || LOSS Avg: 0.02708
[Wall TIME] >>> Coach.train takes 5.229565 seconds ...
[Epoch 317 Telemetry] BPR: 0.027026 | LHC: 0.000000 (lambda=0.000000) | 45177.8 samples/s | 4.83s
[Coach] >>> TRAIN @Epoch: 317 >>>  || LOSS Avg: 0.02703
[Wall TIME] >>> Coach.train takes 4.835084 seconds ...
[Epoch 318 Telemetry] BPR: 0.027070 | LHC: 0.000000 (lambda=0.000000) | 44974.6 samples/s | 4.86s
[Coach] >>> TRAIN @Epoch: 318 >>>  || LOSS Avg: 0.02707
[Wall TIME] >>> Coach.train takes 4.856942 seconds ...
[Epoch 319 Telemetry] BPR: 0.027048 | LHC: 0.000000 (lambda=0.000000) | 41671.8 samples/s | 5.24s
[Coach] >>> TRAIN @Epoch: 319 >>>  || LOSS Avg: 0.02705
[Wall TIME] >>> Coach.train takes 5.241848 seconds ...
[Epoch 320 Telemetry] BPR: 0.026993 | LHC: 0.000000 (lambda=0.000000) | 44476.8 samples/s | 4.91s
[Coach] >>> TRAIN @Epoch: 320 >>>  || LOSS Avg: 0.02699
[Wall TIME] >>> Coach.train takes 5.001070 seconds ...
[Coach] >>> VALID @Epoch: 320 >>>  || RECALL@1 Avg: 0.0141 || RECALL@10 Avg: 0.0713 || RECALL@20 Avg: 0.1073 || NDCG@10 Avg: 0.0384 || NDCG@20 Avg: 0.0475
[Wall TIME] >>> Coach.valid takes 1.451358 seconds ...
[Epoch 321 Telemetry] BPR: 0.026976 | LHC: 0.000000 (lambda=0.000000) | 41979.6 samples/s | 5.20s
[Coach] >>> TRAIN @Epoch: 321 >>>  || LOSS Avg: 0.02698
[Wall TIME] >>> Coach.train takes 5.203346 seconds ...
[Epoch 322 Telemetry] BPR: 0.026991 | LHC: 0.000000 (lambda=0.000000) | 44874.0 samples/s | 4.87s
[Coach] >>> TRAIN @Epoch: 322 >>>  || LOSS Avg: 0.02699
[Wall TIME] >>> Coach.train takes 4.867801 seconds ...
[Epoch 323 Telemetry] BPR: 0.027049 | LHC: 0.000000 (lambda=0.000000) | 45187.3 samples/s | 4.83s
[Coach] >>> TRAIN @Epoch: 323 >>>  || LOSS Avg: 0.02705
[Wall TIME] >>> Coach.train takes 4.834130 seconds ...
[Epoch 324 Telemetry] BPR: 0.027004 | LHC: 0.000000 (lambda=0.000000) | 41751.5 samples/s | 5.23s
[Coach] >>> TRAIN @Epoch: 324 >>>  || LOSS Avg: 0.02700
[Wall TIME] >>> Coach.train takes 5.231927 seconds ...
[Epoch 325 Telemetry] BPR: 0.026920 | LHC: 0.000000 (lambda=0.000000) | 44937.2 samples/s | 4.86s
[Coach] >>> TRAIN @Epoch: 325 >>>  || LOSS Avg: 0.02692
[Wall TIME] >>> Coach.train takes 4.861075 seconds ...
[Coach] >>> Better ***NDCG@20*** of ***0.0476*** 
[Coach] >>> VALID @Epoch: 325 >>>  || RECALL@1 Avg: 0.0141 || RECALL@10 Avg: 0.0710 || RECALL@20 Avg: 0.1078 || NDCG@10 Avg: 0.0383 || NDCG@20 Avg: 0.0476
[Wall TIME] >>> Coach.valid takes 1.489387 seconds ...
[Epoch 326 Telemetry] BPR: 0.027035 | LHC: 0.000000 (lambda=0.000000) | 41246.5 samples/s | 5.30s
[Coach] >>> TRAIN @Epoch: 326 >>>  || LOSS Avg: 0.02703
[Wall TIME] >>> Coach.train takes 5.295897 seconds ...
[Epoch 327 Telemetry] BPR: 0.026885 | LHC: 0.000000 (lambda=0.000000) | 45229.1 samples/s | 4.83s
[Coach] >>> TRAIN @Epoch: 327 >>>  || LOSS Avg: 0.02688
[Wall TIME] >>> Coach.train takes 4.829569 seconds ...
[Epoch 328 Telemetry] BPR: 0.026927 | LHC: 0.000000 (lambda=0.000000) | 44585.6 samples/s | 4.90s
[Coach] >>> TRAIN @Epoch: 328 >>>  || LOSS Avg: 0.02693
[Wall TIME] >>> Coach.train takes 4.899327 seconds ...
[Epoch 329 Telemetry] BPR: 0.026787 | LHC: 0.000000 (lambda=0.000000) | 41686.4 samples/s | 5.24s
[Coach] >>> TRAIN @Epoch: 329 >>>  || LOSS Avg: 0.02679
[Wall TIME] >>> Coach.train takes 5.240168 seconds ...
[Epoch 330 Telemetry] BPR: 0.026617 | LHC: 0.000000 (lambda=0.000000) | 44748.8 samples/s | 4.88s
[Coach] >>> TRAIN @Epoch: 330 >>>  || LOSS Avg: 0.02662
[Wall TIME] >>> Coach.train takes 4.963016 seconds ...
[Coach] >>> Better ***NDCG@20*** of ***0.0477*** 
[Coach] >>> VALID @Epoch: 330 >>>  || RECALL@1 Avg: 0.0139 || RECALL@10 Avg: 0.0710 || RECALL@20 Avg: 0.1080 || NDCG@10 Avg: 0.0383 || NDCG@20 Avg: 0.0477
[Wall TIME] >>> Coach.valid takes 1.512952 seconds ...
[Epoch 331 Telemetry] BPR: 0.026792 | LHC: 0.000000 (lambda=0.000000) | 41722.2 samples/s | 5.23s
[Coach] >>> TRAIN @Epoch: 331 >>>  || LOSS Avg: 0.02679
[Wall TIME] >>> Coach.train takes 5.235515 seconds ...
[Epoch 332 Telemetry] BPR: 0.026737 | LHC: 0.000000 (lambda=0.000000) | 44886.4 samples/s | 4.87s
[Coach] >>> TRAIN @Epoch: 332 >>>  || LOSS Avg: 0.02674
[Wall TIME] >>> Coach.train takes 4.866606 seconds ...
[Epoch 333 Telemetry] BPR: 0.027017 | LHC: 0.000000 (lambda=0.000000) | 45110.4 samples/s | 4.84s
[Coach] >>> TRAIN @Epoch: 333 >>>  || LOSS Avg: 0.02702
[Wall TIME] >>> Coach.train takes 4.842328 seconds ...
[Epoch 334 Telemetry] BPR: 0.026899 | LHC: 0.000000 (lambda=0.000000) | 41797.9 samples/s | 5.23s
[Coach] >>> TRAIN @Epoch: 334 >>>  || LOSS Avg: 0.02690
[Wall TIME] >>> Coach.train takes 5.226135 seconds ...
[Epoch 335 Telemetry] BPR: 0.026911 | LHC: 0.000000 (lambda=0.000000) | 44868.3 samples/s | 4.87s
[Coach] >>> TRAIN @Epoch: 335 >>>  || LOSS Avg: 0.02691
[Wall TIME] >>> Coach.train takes 4.868562 seconds ...
[Coach] >>> Better ***NDCG@20*** of ***0.0477*** 
[Coach] >>> VALID @Epoch: 335 >>>  || RECALL@1 Avg: 0.0139 || RECALL@10 Avg: 0.0708 || RECALL@20 Avg: 0.1081 || NDCG@10 Avg: 0.0382 || NDCG@20 Avg: 0.0477
[Wall TIME] >>> Coach.valid takes 1.490907 seconds ...
[Epoch 336 Telemetry] BPR: 0.026977 | LHC: 0.000000 (lambda=0.000000) | 41978.2 samples/s | 5.20s
[Coach] >>> TRAIN @Epoch: 336 >>>  || LOSS Avg: 0.02698
[Wall TIME] >>> Coach.train takes 5.203741 seconds ...
[Epoch 337 Telemetry] BPR: 0.027070 | LHC: 0.000000 (lambda=0.000000) | 44872.6 samples/s | 4.87s
[Coach] >>> TRAIN @Epoch: 337 >>>  || LOSS Avg: 0.02707
[Wall TIME] >>> Coach.train takes 4.868090 seconds ...
[Epoch 338 Telemetry] BPR: 0.026655 | LHC: 0.000000 (lambda=0.000000) | 45235.7 samples/s | 4.83s
[Coach] >>> TRAIN @Epoch: 338 >>>  || LOSS Avg: 0.02666
[Wall TIME] >>> Coach.train takes 4.829025 seconds ...
[Epoch 339 Telemetry] BPR: 0.027007 | LHC: 0.000000 (lambda=0.000000) | 41794.2 samples/s | 5.23s
[Coach] >>> TRAIN @Epoch: 339 >>>  || LOSS Avg: 0.02701
[Wall TIME] >>> Coach.train takes 5.226624 seconds ...
[Epoch 340 Telemetry] BPR: 0.026743 | LHC: 0.000000 (lambda=0.000000) | 45049.6 samples/s | 4.85s
[Coach] >>> TRAIN @Epoch: 340 >>>  || LOSS Avg: 0.02674
[Wall TIME] >>> Coach.train takes 4.934839 seconds ...
[Coach] >>> Better ***NDCG@20*** of ***0.0478*** 
[Coach] >>> VALID @Epoch: 340 >>>  || RECALL@1 Avg: 0.0136 || RECALL@10 Avg: 0.0705 || RECALL@20 Avg: 0.1085 || NDCG@10 Avg: 0.0381 || NDCG@20 Avg: 0.0478
[Wall TIME] >>> Coach.valid takes 1.509228 seconds ...
[Epoch 341 Telemetry] BPR: 0.026824 | LHC: 0.000000 (lambda=0.000000) | 40768.2 samples/s | 5.36s
[Coach] >>> TRAIN @Epoch: 341 >>>  || LOSS Avg: 0.02682
[Wall TIME] >>> Coach.train takes 5.358066 seconds ...
[Epoch 342 Telemetry] BPR: 0.026821 | LHC: 0.000000 (lambda=0.000000) | 44392.5 samples/s | 4.92s
[Coach] >>> TRAIN @Epoch: 342 >>>  || LOSS Avg: 0.02682
[Wall TIME] >>> Coach.train takes 4.920725 seconds ...
[Epoch 343 Telemetry] BPR: 0.026510 | LHC: 0.000000 (lambda=0.000000) | 43899.7 samples/s | 4.98s
[Coach] >>> TRAIN @Epoch: 343 >>>  || LOSS Avg: 0.02651
[Wall TIME] >>> Coach.train takes 4.975965 seconds ...
[Epoch 344 Telemetry] BPR: 0.026651 | LHC: 0.000000 (lambda=0.000000) | 40889.4 samples/s | 5.34s
[Coach] >>> TRAIN @Epoch: 344 >>>  || LOSS Avg: 0.02665
[Wall TIME] >>> Coach.train takes 5.342263 seconds ...
[Epoch 345 Telemetry] BPR: 0.026714 | LHC: 0.000000 (lambda=0.000000) | 44716.0 samples/s | 4.88s
[Coach] >>> TRAIN @Epoch: 345 >>>  || LOSS Avg: 0.02671
[Wall TIME] >>> Coach.train takes 4.885072 seconds ...
[Coach] >>> Better ***NDCG@20*** of ***0.0479*** 
[Coach] >>> VALID @Epoch: 345 >>>  || RECALL@1 Avg: 0.0137 || RECALL@10 Avg: 0.0712 || RECALL@20 Avg: 0.1084 || NDCG@10 Avg: 0.0384 || NDCG@20 Avg: 0.0479
[Wall TIME] >>> Coach.valid takes 1.494305 seconds ...
[Epoch 346 Telemetry] BPR: 0.026721 | LHC: 0.000000 (lambda=0.000000) | 41948.0 samples/s | 5.21s
[Coach] >>> TRAIN @Epoch: 346 >>>  || LOSS Avg: 0.02672
[Wall TIME] >>> Coach.train takes 5.207372 seconds ...
[Epoch 347 Telemetry] BPR: 0.026833 | LHC: 0.000000 (lambda=0.000000) | 44972.7 samples/s | 4.86s
[Coach] >>> TRAIN @Epoch: 347 >>>  || LOSS Avg: 0.02683
[Wall TIME] >>> Coach.train takes 4.857248 seconds ...
[Epoch 348 Telemetry] BPR: 0.026720 | LHC: 0.000000 (lambda=0.000000) | 44740.3 samples/s | 4.88s
[Coach] >>> TRAIN @Epoch: 348 >>>  || LOSS Avg: 0.02672
[Wall TIME] >>> Coach.train takes 4.882328 seconds ...
[Epoch 349 Telemetry] BPR: 0.026912 | LHC: 0.000000 (lambda=0.000000) | 41978.3 samples/s | 5.20s
[Coach] >>> TRAIN @Epoch: 349 >>>  || LOSS Avg: 0.02691
[Wall TIME] >>> Coach.train takes 5.203551 seconds ...
[Epoch 350 Telemetry] BPR: 0.026600 | LHC: 0.000000 (lambda=0.000000) | 45018.5 samples/s | 4.85s
[Coach] >>> TRAIN @Epoch: 350 >>>  || LOSS Avg: 0.02660
[Wall TIME] >>> Coach.train takes 4.937238 seconds ...
[Coach] >>> VALID @Epoch: 350 >>>  || RECALL@1 Avg: 0.0138 || RECALL@10 Avg: 0.0707 || RECALL@20 Avg: 0.1080 || NDCG@10 Avg: 0.0383 || NDCG@20 Avg: 0.0478
[Wall TIME] >>> Coach.valid takes 1.477603 seconds ...
[Epoch 351 Telemetry] BPR: 0.026375 | LHC: 0.000000 (lambda=0.000000) | 42231.2 samples/s | 5.17s
[Coach] >>> TRAIN @Epoch: 351 >>>  || LOSS Avg: 0.02638
[Wall TIME] >>> Coach.train takes 5.172473 seconds ...
[Epoch 352 Telemetry] BPR: 0.026728 | LHC: 0.000000 (lambda=0.000000) | 44643.1 samples/s | 4.89s
[Coach] >>> TRAIN @Epoch: 352 >>>  || LOSS Avg: 0.02673
[Wall TIME] >>> Coach.train takes 4.893177 seconds ...
[Epoch 353 Telemetry] BPR: 0.026606 | LHC: 0.000000 (lambda=0.000000) | 45262.5 samples/s | 4.83s
[Coach] >>> TRAIN @Epoch: 353 >>>  || LOSS Avg: 0.02661
[Wall TIME] >>> Coach.train takes 4.826067 seconds ...
[Epoch 354 Telemetry] BPR: 0.026682 | LHC: 0.000000 (lambda=0.000000) | 41870.1 samples/s | 5.22s
[Coach] >>> TRAIN @Epoch: 354 >>>  || LOSS Avg: 0.02668
[Wall TIME] >>> Coach.train takes 5.217120 seconds ...
[Epoch 355 Telemetry] BPR: 0.026739 | LHC: 0.000000 (lambda=0.000000) | 45293.5 samples/s | 4.82s
[Coach] >>> TRAIN @Epoch: 355 >>>  || LOSS Avg: 0.02674
[Wall TIME] >>> Coach.train takes 4.822819 seconds ...
[Coach] >>> VALID @Epoch: 355 >>>  || RECALL@1 Avg: 0.0133 || RECALL@10 Avg: 0.0710 || RECALL@20 Avg: 0.1078 || NDCG@10 Avg: 0.0381 || NDCG@20 Avg: 0.0475
[Wall TIME] >>> Coach.valid takes 1.436558 seconds ...
[Epoch 356 Telemetry] BPR: 0.026756 | LHC: 0.000000 (lambda=0.000000) | 41399.0 samples/s | 5.28s
[Coach] >>> TRAIN @Epoch: 356 >>>  || LOSS Avg: 0.02676
[Wall TIME] >>> Coach.train takes 5.276559 seconds ...
[Epoch 357 Telemetry] BPR: 0.026669 | LHC: 0.000000 (lambda=0.000000) | 44763.8 samples/s | 4.88s
[Coach] >>> TRAIN @Epoch: 357 >>>  || LOSS Avg: 0.02667
[Wall TIME] >>> Coach.train takes 4.879915 seconds ...
[Epoch 358 Telemetry] BPR: 0.026277 | LHC: 0.000000 (lambda=0.000000) | 45029.6 samples/s | 4.85s
[Coach] >>> TRAIN @Epoch: 358 >>>  || LOSS Avg: 0.02628
[Wall TIME] >>> Coach.train takes 4.850992 seconds ...
[Epoch 359 Telemetry] BPR: 0.026586 | LHC: 0.000000 (lambda=0.000000) | 42010.8 samples/s | 5.20s
[Coach] >>> TRAIN @Epoch: 359 >>>  || LOSS Avg: 0.02659
[Wall TIME] >>> Coach.train takes 5.199611 seconds ...
[Epoch 360 Telemetry] BPR: 0.026764 | LHC: 0.000000 (lambda=0.000000) | 44982.5 samples/s | 4.86s
[Coach] >>> TRAIN @Epoch: 360 >>>  || LOSS Avg: 0.02676
[Wall TIME] >>> Coach.train takes 4.942003 seconds ...
[Coach] >>> VALID @Epoch: 360 >>>  || RECALL@1 Avg: 0.0135 || RECALL@10 Avg: 0.0717 || RECALL@20 Avg: 0.1082 || NDCG@10 Avg: 0.0384 || NDCG@20 Avg: 0.0477
[Wall TIME] >>> Coach.valid takes 1.452164 seconds ...
[Epoch 361 Telemetry] BPR: 0.026389 | LHC: 0.000000 (lambda=0.000000) | 41413.9 samples/s | 5.27s
[Coach] >>> TRAIN @Epoch: 361 >>>  || LOSS Avg: 0.02639
[Wall TIME] >>> Coach.train takes 5.274435 seconds ...
[Epoch 362 Telemetry] BPR: 0.026449 | LHC: 0.000000 (lambda=0.000000) | 44974.5 samples/s | 4.86s
[Coach] >>> TRAIN @Epoch: 362 >>>  || LOSS Avg: 0.02645
[Wall TIME] >>> Coach.train takes 4.856986 seconds ...
[Epoch 363 Telemetry] BPR: 0.026229 | LHC: 0.000000 (lambda=0.000000) | 44908.7 samples/s | 4.86s
[Coach] >>> TRAIN @Epoch: 363 >>>  || LOSS Avg: 0.02623
[Wall TIME] >>> Coach.train takes 4.864181 seconds ...
[Epoch 364 Telemetry] BPR: 0.026718 | LHC: 0.000000 (lambda=0.000000) | 42072.0 samples/s | 5.19s
[Coach] >>> TRAIN @Epoch: 364 >>>  || LOSS Avg: 0.02672
[Wall TIME] >>> Coach.train takes 5.191958 seconds ...
[Epoch 365 Telemetry] BPR: 0.026644 | LHC: 0.000000 (lambda=0.000000) | 44761.3 samples/s | 4.88s
[Coach] >>> TRAIN @Epoch: 365 >>>  || LOSS Avg: 0.02664
[Wall TIME] >>> Coach.train takes 4.880170 seconds ...
[Coach] >>> VALID @Epoch: 365 >>>  || RECALL@1 Avg: 0.0134 || RECALL@10 Avg: 0.0710 || RECALL@20 Avg: 0.1080 || NDCG@10 Avg: 0.0382 || NDCG@20 Avg: 0.0476
[Wall TIME] >>> Coach.valid takes 1.457082 seconds ...
[Epoch 366 Telemetry] BPR: 0.026367 | LHC: 0.000000 (lambda=0.000000) | 41920.8 samples/s | 5.21s
[Coach] >>> TRAIN @Epoch: 366 >>>  || LOSS Avg: 0.02637
[Wall TIME] >>> Coach.train takes 5.210739 seconds ...
[Epoch 367 Telemetry] BPR: 0.026424 | LHC: 0.000000 (lambda=0.000000) | 44834.3 samples/s | 4.87s
[Coach] >>> TRAIN @Epoch: 367 >>>  || LOSS Avg: 0.02642
[Wall TIME] >>> Coach.train takes 4.872092 seconds ...
[Epoch 368 Telemetry] BPR: 0.026622 | LHC: 0.000000 (lambda=0.000000) | 44955.8 samples/s | 4.86s
[Coach] >>> TRAIN @Epoch: 368 >>>  || LOSS Avg: 0.02662
[Wall TIME] >>> Coach.train takes 4.859017 seconds ...
[Epoch 369 Telemetry] BPR: 0.026409 | LHC: 0.000000 (lambda=0.000000) | 41680.1 samples/s | 5.24s
[Coach] >>> TRAIN @Epoch: 369 >>>  || LOSS Avg: 0.02641
[Wall TIME] >>> Coach.train takes 5.240917 seconds ...
[Epoch 370 Telemetry] BPR: 0.026310 | LHC: 0.000000 (lambda=0.000000) | 44856.0 samples/s | 4.87s
[Coach] >>> TRAIN @Epoch: 370 >>>  || LOSS Avg: 0.02631
[Wall TIME] >>> Coach.train takes 4.988479 seconds ...
[Coach] >>> VALID @Epoch: 370 >>>  || RECALL@1 Avg: 0.0135 || RECALL@10 Avg: 0.0719 || RECALL@20 Avg: 0.1078 || NDCG@10 Avg: 0.0385 || NDCG@20 Avg: 0.0476
[Wall TIME] >>> Coach.valid takes 1.449733 seconds ...
[Epoch 371 Telemetry] BPR: 0.026546 | LHC: 0.000000 (lambda=0.000000) | 41600.8 samples/s | 5.25s
[Coach] >>> TRAIN @Epoch: 371 >>>  || LOSS Avg: 0.02655
[Wall TIME] >>> Coach.train takes 5.250876 seconds ...
[Epoch 372 Telemetry] BPR: 0.026464 | LHC: 0.000000 (lambda=0.000000) | 45001.2 samples/s | 4.85s
[Coach] >>> TRAIN @Epoch: 372 >>>  || LOSS Avg: 0.02646
[Wall TIME] >>> Coach.train takes 4.854166 seconds ...
[Epoch 373 Telemetry] BPR: 0.026338 | LHC: 0.000000 (lambda=0.000000) | 44863.4 samples/s | 4.87s
[Coach] >>> TRAIN @Epoch: 373 >>>  || LOSS Avg: 0.02634
[Wall TIME] >>> Coach.train takes 4.868973 seconds ...
[Epoch 374 Telemetry] BPR: 0.026151 | LHC: 0.000000 (lambda=0.000000) | 41479.4 samples/s | 5.27s
[Coach] >>> TRAIN @Epoch: 374 >>>  || LOSS Avg: 0.02615
[Wall TIME] >>> Coach.train takes 5.266280 seconds ...
[Epoch 375 Telemetry] BPR: 0.026301 | LHC: 0.000000 (lambda=0.000000) | 44747.8 samples/s | 4.88s
[Coach] >>> TRAIN @Epoch: 375 >>>  || LOSS Avg: 0.02630
[Wall TIME] >>> Coach.train takes 4.881613 seconds ...
[Coach] >>> VALID @Epoch: 375 >>>  || RECALL@1 Avg: 0.0135 || RECALL@10 Avg: 0.0714 || RECALL@20 Avg: 0.1077 || NDCG@10 Avg: 0.0384 || NDCG@20 Avg: 0.0476
[Wall TIME] >>> Coach.valid takes 1.446403 seconds ...
[Epoch 376 Telemetry] BPR: 0.026327 | LHC: 0.000000 (lambda=0.000000) | 41822.6 samples/s | 5.22s
[Coach] >>> TRAIN @Epoch: 376 >>>  || LOSS Avg: 0.02633
[Wall TIME] >>> Coach.train takes 5.223082 seconds ...
[Epoch 377 Telemetry] BPR: 0.026482 | LHC: 0.000000 (lambda=0.000000) | 44952.1 samples/s | 4.86s
[Coach] >>> TRAIN @Epoch: 377 >>>  || LOSS Avg: 0.02648
[Wall TIME] >>> Coach.train takes 4.859344 seconds ...
[Epoch 378 Telemetry] BPR: 0.026219 | LHC: 0.000000 (lambda=0.000000) | 44772.3 samples/s | 4.88s
[Coach] >>> TRAIN @Epoch: 378 >>>  || LOSS Avg: 0.02622
[Wall TIME] >>> Coach.train takes 4.878958 seconds ...
[Epoch 379 Telemetry] BPR: 0.026257 | LHC: 0.000000 (lambda=0.000000) | 41266.3 samples/s | 5.29s
[Coach] >>> TRAIN @Epoch: 379 >>>  || LOSS Avg: 0.02626
[Wall TIME] >>> Coach.train takes 5.293482 seconds ...
[Epoch 380 Telemetry] BPR: 0.026493 | LHC: 0.000000 (lambda=0.000000) | 44807.3 samples/s | 4.87s
[Coach] >>> TRAIN @Epoch: 380 >>>  || LOSS Avg: 0.02649
[Wall TIME] >>> Coach.train takes 4.961348 seconds ...
[Coach] >>> Better ***NDCG@20*** of ***0.0479*** 
[Coach] >>> VALID @Epoch: 380 >>>  || RECALL@1 Avg: 0.0137 || RECALL@10 Avg: 0.0715 || RECALL@20 Avg: 0.1089 || NDCG@10 Avg: 0.0384 || NDCG@20 Avg: 0.0479
[Wall TIME] >>> Coach.valid takes 1.505454 seconds ...
[Epoch 381 Telemetry] BPR: 0.026053 | LHC: 0.000000 (lambda=0.000000) | 41843.8 samples/s | 5.22s
[Coach] >>> TRAIN @Epoch: 381 >>>  || LOSS Avg: 0.02605
[Wall TIME] >>> Coach.train takes 5.220285 seconds ...
[Epoch 382 Telemetry] BPR: 0.026222 | LHC: 0.000000 (lambda=0.000000) | 44930.2 samples/s | 4.86s
[Coach] >>> TRAIN @Epoch: 382 >>>  || LOSS Avg: 0.02622
[Wall TIME] >>> Coach.train takes 4.861790 seconds ...
[Epoch 383 Telemetry] BPR: 0.026227 | LHC: 0.000000 (lambda=0.000000) | 44529.6 samples/s | 4.90s
[Coach] >>> TRAIN @Epoch: 383 >>>  || LOSS Avg: 0.02623
[Wall TIME] >>> Coach.train takes 4.905490 seconds ...
[Epoch 384 Telemetry] BPR: 0.026302 | LHC: 0.000000 (lambda=0.000000) | 41779.5 samples/s | 5.23s
[Coach] >>> TRAIN @Epoch: 384 >>>  || LOSS Avg: 0.02630
[Wall TIME] >>> Coach.train takes 5.228425 seconds ...
[Epoch 385 Telemetry] BPR: 0.026129 | LHC: 0.000000 (lambda=0.000000) | 44931.5 samples/s | 4.86s
[Coach] >>> TRAIN @Epoch: 385 >>>  || LOSS Avg: 0.02613
[Wall TIME] >>> Coach.train takes 4.861669 seconds ...
[Coach] >>> VALID @Epoch: 385 >>>  || RECALL@1 Avg: 0.0133 || RECALL@10 Avg: 0.0713 || RECALL@20 Avg: 0.1077 || NDCG@10 Avg: 0.0382 || NDCG@20 Avg: 0.0475
[Wall TIME] >>> Coach.valid takes 1.433409 seconds ...
[Epoch 386 Telemetry] BPR: 0.026026 | LHC: 0.000000 (lambda=0.000000) | 41713.7 samples/s | 5.24s
[Coach] >>> TRAIN @Epoch: 386 >>>  || LOSS Avg: 0.02603
[Wall TIME] >>> Coach.train takes 5.236711 seconds ...
[Epoch 387 Telemetry] BPR: 0.026001 | LHC: 0.000000 (lambda=0.000000) | 44559.8 samples/s | 4.90s
[Coach] >>> TRAIN @Epoch: 387 >>>  || LOSS Avg: 0.02600
[Wall TIME] >>> Coach.train takes 4.902234 seconds ...
[Epoch 388 Telemetry] BPR: 0.026278 | LHC: 0.000000 (lambda=0.000000) | 44549.3 samples/s | 4.90s
[Coach] >>> TRAIN @Epoch: 388 >>>  || LOSS Avg: 0.02628
[Wall TIME] >>> Coach.train takes 4.903285 seconds ...
[Epoch 389 Telemetry] BPR: 0.026340 | LHC: 0.000000 (lambda=0.000000) | 41755.9 samples/s | 5.23s
[Coach] >>> TRAIN @Epoch: 389 >>>  || LOSS Avg: 0.02634
[Wall TIME] >>> Coach.train takes 5.231400 seconds ...
[Epoch 390 Telemetry] BPR: 0.026120 | LHC: 0.000000 (lambda=0.000000) | 44720.6 samples/s | 4.88s
[Coach] >>> TRAIN @Epoch: 390 >>>  || LOSS Avg: 0.02612
[Wall TIME] >>> Coach.train takes 4.970700 seconds ...
[Coach] >>> VALID @Epoch: 390 >>>  || RECALL@1 Avg: 0.0134 || RECALL@10 Avg: 0.0716 || RECALL@20 Avg: 0.1079 || NDCG@10 Avg: 0.0384 || NDCG@20 Avg: 0.0476
[Wall TIME] >>> Coach.valid takes 1.453296 seconds ...
[Epoch 391 Telemetry] BPR: 0.026045 | LHC: 0.000000 (lambda=0.000000) | 41958.5 samples/s | 5.21s
[Coach] >>> TRAIN @Epoch: 391 >>>  || LOSS Avg: 0.02605
[Wall TIME] >>> Coach.train takes 5.206049 seconds ...
[Epoch 392 Telemetry] BPR: 0.026217 | LHC: 0.000000 (lambda=0.000000) | 44986.4 samples/s | 4.85s
[Coach] >>> TRAIN @Epoch: 392 >>>  || LOSS Avg: 0.02622
[Wall TIME] >>> Coach.train takes 4.855767 seconds ...
[Epoch 393 Telemetry] BPR: 0.026239 | LHC: 0.000000 (lambda=0.000000) | 44798.8 samples/s | 4.88s
[Coach] >>> TRAIN @Epoch: 393 >>>  || LOSS Avg: 0.02624
[Wall TIME] >>> Coach.train takes 4.876026 seconds ...
[Epoch 394 Telemetry] BPR: 0.026179 | LHC: 0.000000 (lambda=0.000000) | 41821.8 samples/s | 5.22s
[Coach] >>> TRAIN @Epoch: 394 >>>  || LOSS Avg: 0.02618
[Wall TIME] >>> Coach.train takes 5.223169 seconds ...
[Epoch 395 Telemetry] BPR: 0.026067 | LHC: 0.000000 (lambda=0.000000) | 45082.6 samples/s | 4.84s
[Coach] >>> TRAIN @Epoch: 395 >>>  || LOSS Avg: 0.02607
[Wall TIME] >>> Coach.train takes 4.845304 seconds ...
[Coach] >>> VALID @Epoch: 395 >>>  || RECALL@1 Avg: 0.0134 || RECALL@10 Avg: 0.0721 || RECALL@20 Avg: 0.1082 || NDCG@10 Avg: 0.0385 || NDCG@20 Avg: 0.0477
[Wall TIME] >>> Coach.valid takes 1.454496 seconds ...
[Epoch 396 Telemetry] BPR: 0.025992 | LHC: 0.000000 (lambda=0.000000) | 41608.3 samples/s | 5.25s
[Coach] >>> TRAIN @Epoch: 396 >>>  || LOSS Avg: 0.02599
[Wall TIME] >>> Coach.train takes 5.249934 seconds ...
[Epoch 397 Telemetry] BPR: 0.026086 | LHC: 0.000000 (lambda=0.000000) | 44574.6 samples/s | 4.90s
[Coach] >>> TRAIN @Epoch: 397 >>>  || LOSS Avg: 0.02609
[Wall TIME] >>> Coach.train takes 4.900501 seconds ...
[Epoch 398 Telemetry] BPR: 0.026175 | LHC: 0.000000 (lambda=0.000000) | 44948.6 samples/s | 4.86s
[Coach] >>> TRAIN @Epoch: 398 >>>  || LOSS Avg: 0.02617
[Wall TIME] >>> Coach.train takes 4.859784 seconds ...
[Epoch 399 Telemetry] BPR: 0.025871 | LHC: 0.000000 (lambda=0.000000) | 41731.3 samples/s | 5.23s
[Coach] >>> TRAIN @Epoch: 399 >>>  || LOSS Avg: 0.02587
[Wall TIME] >>> Coach.train takes 5.234502 seconds ...
[Epoch 400 Telemetry] BPR: 0.025922 | LHC: 0.000000 (lambda=0.000000) | 45090.2 samples/s | 4.84s
[Coach] >>> TRAIN @Epoch: 400 >>>  || LOSS Avg: 0.02592
[Wall TIME] >>> Coach.train takes 4.933866 seconds ...
[Coach] >>> VALID @Epoch: 400 >>>  || RECALL@1 Avg: 0.0137 || RECALL@10 Avg: 0.0718 || RECALL@20 Avg: 0.1076 || NDCG@10 Avg: 0.0385 || NDCG@20 Avg: 0.0477
[Wall TIME] >>> Coach.valid takes 1.449312 seconds ...
[Epoch 401 Telemetry] BPR: 0.026026 | LHC: 0.000000 (lambda=0.000000) | 41326.9 samples/s | 5.28s
[Coach] >>> TRAIN @Epoch: 401 >>>  || LOSS Avg: 0.02603
[Wall TIME] >>> Coach.train takes 5.285688 seconds ...
[Epoch 402 Telemetry] BPR: 0.026137 | LHC: 0.000000 (lambda=0.000000) | 44622.4 samples/s | 4.89s
[Coach] >>> TRAIN @Epoch: 402 >>>  || LOSS Avg: 0.02614
[Wall TIME] >>> Coach.train takes 4.895440 seconds ...
[Epoch 403 Telemetry] BPR: 0.025946 | LHC: 0.000000 (lambda=0.000000) | 45115.6 samples/s | 4.84s
[Coach] >>> TRAIN @Epoch: 403 >>>  || LOSS Avg: 0.02595
[Wall TIME] >>> Coach.train takes 4.841817 seconds ...
[Epoch 404 Telemetry] BPR: 0.025720 | LHC: 0.000000 (lambda=0.000000) | 42165.3 samples/s | 5.18s
[Coach] >>> TRAIN @Epoch: 404 >>>  || LOSS Avg: 0.02572
[Wall TIME] >>> Coach.train takes 5.180570 seconds ...
[Epoch 405 Telemetry] BPR: 0.026170 | LHC: 0.000000 (lambda=0.000000) | 45008.1 samples/s | 4.85s
[Coach] >>> TRAIN @Epoch: 405 >>>  || LOSS Avg: 0.02617
[Wall TIME] >>> Coach.train takes 4.853397 seconds ...
[Coach] >>> VALID @Epoch: 405 >>>  || RECALL@1 Avg: 0.0138 || RECALL@10 Avg: 0.0720 || RECALL@20 Avg: 0.1078 || NDCG@10 Avg: 0.0386 || NDCG@20 Avg: 0.0477
[Wall TIME] >>> Coach.valid takes 1.460219 seconds ...
[Epoch 406 Telemetry] BPR: 0.026058 | LHC: 0.000000 (lambda=0.000000) | 41809.3 samples/s | 5.22s
[Coach] >>> TRAIN @Epoch: 406 >>>  || LOSS Avg: 0.02606
[Wall TIME] >>> Coach.train takes 5.224743 seconds ...
[Epoch 407 Telemetry] BPR: 0.025682 | LHC: 0.000000 (lambda=0.000000) | 45164.1 samples/s | 4.84s
[Coach] >>> TRAIN @Epoch: 407 >>>  || LOSS Avg: 0.02568
[Wall TIME] >>> Coach.train takes 4.836540 seconds ...
[Epoch 408 Telemetry] BPR: 0.025775 | LHC: 0.000000 (lambda=0.000000) | 44987.2 samples/s | 4.85s
[Coach] >>> TRAIN @Epoch: 408 >>>  || LOSS Avg: 0.02578
[Wall TIME] >>> Coach.train takes 4.855596 seconds ...
[Epoch 409 Telemetry] BPR: 0.026281 | LHC: 0.000000 (lambda=0.000000) | 41846.5 samples/s | 5.22s
[Coach] >>> TRAIN @Epoch: 409 >>>  || LOSS Avg: 0.02628
[Wall TIME] >>> Coach.train takes 5.220063 seconds ...
[Epoch 410 Telemetry] BPR: 0.025909 | LHC: 0.000000 (lambda=0.000000) | 44782.8 samples/s | 4.88s
[Coach] >>> TRAIN @Epoch: 410 >>>  || LOSS Avg: 0.02591
[Wall TIME] >>> Coach.train takes 4.965562 seconds ...
[Coach] >>> Better ***NDCG@20*** of ***0.0480*** 
[Coach] >>> VALID @Epoch: 410 >>>  || RECALL@1 Avg: 0.0138 || RECALL@10 Avg: 0.0727 || RECALL@20 Avg: 0.1083 || NDCG@10 Avg: 0.0389 || NDCG@20 Avg: 0.0480
[Wall TIME] >>> Coach.valid takes 1.511270 seconds ...
[Epoch 411 Telemetry] BPR: 0.025866 | LHC: 0.000000 (lambda=0.000000) | 41899.3 samples/s | 5.21s
[Coach] >>> TRAIN @Epoch: 411 >>>  || LOSS Avg: 0.02587
[Wall TIME] >>> Coach.train takes 5.213375 seconds ...
[Epoch 412 Telemetry] BPR: 0.025930 | LHC: 0.000000 (lambda=0.000000) | 44855.2 samples/s | 4.87s
[Coach] >>> TRAIN @Epoch: 412 >>>  || LOSS Avg: 0.02593
[Wall TIME] >>> Coach.train takes 4.869928 seconds ...
[Epoch 413 Telemetry] BPR: 0.025550 | LHC: 0.000000 (lambda=0.000000) | 44898.6 samples/s | 4.86s
[Coach] >>> TRAIN @Epoch: 413 >>>  || LOSS Avg: 0.02555
[Wall TIME] >>> Coach.train takes 4.865196 seconds ...
[Epoch 414 Telemetry] BPR: 0.025785 | LHC: 0.000000 (lambda=0.000000) | 41885.1 samples/s | 5.21s
[Coach] >>> TRAIN @Epoch: 414 >>>  || LOSS Avg: 0.02578
[Wall TIME] >>> Coach.train takes 5.215159 seconds ...
[Epoch 415 Telemetry] BPR: 0.025851 | LHC: 0.000000 (lambda=0.000000) | 44724.7 samples/s | 4.88s
[Coach] >>> TRAIN @Epoch: 415 >>>  || LOSS Avg: 0.02585
[Wall TIME] >>> Coach.train takes 4.884167 seconds ...
[Coach] >>> VALID @Epoch: 415 >>>  || RECALL@1 Avg: 0.0136 || RECALL@10 Avg: 0.0724 || RECALL@20 Avg: 0.1082 || NDCG@10 Avg: 0.0388 || NDCG@20 Avg: 0.0479
[Wall TIME] >>> Coach.valid takes 1.446086 seconds ...
[Epoch 416 Telemetry] BPR: 0.026196 | LHC: 0.000000 (lambda=0.000000) | 41655.4 samples/s | 5.24s
[Coach] >>> TRAIN @Epoch: 416 >>>  || LOSS Avg: 0.02620
[Wall TIME] >>> Coach.train takes 5.243959 seconds ...
[Epoch 417 Telemetry] BPR: 0.025772 | LHC: 0.000000 (lambda=0.000000) | 44675.9 samples/s | 4.89s
[Coach] >>> TRAIN @Epoch: 417 >>>  || LOSS Avg: 0.02577
[Wall TIME] >>> Coach.train takes 4.889513 seconds ...
[Epoch 418 Telemetry] BPR: 0.025922 | LHC: 0.000000 (lambda=0.000000) | 44910.6 samples/s | 4.86s
[Coach] >>> TRAIN @Epoch: 418 >>>  || LOSS Avg: 0.02592
[Wall TIME] >>> Coach.train takes 4.863907 seconds ...
[Epoch 419 Telemetry] BPR: 0.025466 | LHC: 0.000000 (lambda=0.000000) | 41629.9 samples/s | 5.25s
[Coach] >>> TRAIN @Epoch: 419 >>>  || LOSS Avg: 0.02547
[Wall TIME] >>> Coach.train takes 5.247212 seconds ...
[Epoch 420 Telemetry] BPR: 0.025804 | LHC: 0.000000 (lambda=0.000000) | 44063.1 samples/s | 4.96s
[Coach] >>> TRAIN @Epoch: 420 >>>  || LOSS Avg: 0.02580
[Wall TIME] >>> Coach.train takes 5.055481 seconds ...
[Coach] >>> VALID @Epoch: 420 >>>  || RECALL@1 Avg: 0.0136 || RECALL@10 Avg: 0.0726 || RECALL@20 Avg: 0.1082 || NDCG@10 Avg: 0.0388 || NDCG@20 Avg: 0.0478
[Wall TIME] >>> Coach.valid takes 1.462220 seconds ...
[Epoch 421 Telemetry] BPR: 0.025959 | LHC: 0.000000 (lambda=0.000000) | 40974.5 samples/s | 5.33s
[Coach] >>> TRAIN @Epoch: 421 >>>  || LOSS Avg: 0.02596
[Wall TIME] >>> Coach.train takes 5.331124 seconds ...
[Epoch 422 Telemetry] BPR: 0.025885 | LHC: 0.000000 (lambda=0.000000) | 44685.3 samples/s | 4.89s
[Coach] >>> TRAIN @Epoch: 422 >>>  || LOSS Avg: 0.02588
[Wall TIME] >>> Coach.train takes 4.888426 seconds ...
[Epoch 423 Telemetry] BPR: 0.025892 | LHC: 0.000000 (lambda=0.000000) | 45032.9 samples/s | 4.85s
[Coach] >>> TRAIN @Epoch: 423 >>>  || LOSS Avg: 0.02589
[Wall TIME] >>> Coach.train takes 4.850736 seconds ...
[Epoch 424 Telemetry] BPR: 0.025756 | LHC: 0.000000 (lambda=0.000000) | 41718.0 samples/s | 5.24s
[Coach] >>> TRAIN @Epoch: 424 >>>  || LOSS Avg: 0.02576
[Wall TIME] >>> Coach.train takes 5.236156 seconds ...
[Epoch 425 Telemetry] BPR: 0.025801 | LHC: 0.000000 (lambda=0.000000) | 44661.6 samples/s | 4.89s
[Coach] >>> TRAIN @Epoch: 425 >>>  || LOSS Avg: 0.02580
[Wall TIME] >>> Coach.train takes 4.890996 seconds ...
[Coach] >>> VALID @Epoch: 425 >>>  || RECALL@1 Avg: 0.0135 || RECALL@10 Avg: 0.0721 || RECALL@20 Avg: 0.1087 || NDCG@10 Avg: 0.0385 || NDCG@20 Avg: 0.0478
[Wall TIME] >>> Coach.valid takes 1.447880 seconds ...
[Epoch 426 Telemetry] BPR: 0.025562 | LHC: 0.000000 (lambda=0.000000) | 41936.5 samples/s | 5.21s
[Coach] >>> TRAIN @Epoch: 426 >>>  || LOSS Avg: 0.02556
[Wall TIME] >>> Coach.train takes 5.208889 seconds ...
[Epoch 427 Telemetry] BPR: 0.025902 | LHC: 0.000000 (lambda=0.000000) | 45003.8 samples/s | 4.85s
[Coach] >>> TRAIN @Epoch: 427 >>>  || LOSS Avg: 0.02590
[Wall TIME] >>> Coach.train takes 4.853810 seconds ...
[Epoch 428 Telemetry] BPR: 0.025622 | LHC: 0.000000 (lambda=0.000000) | 45245.2 samples/s | 4.83s
[Coach] >>> TRAIN @Epoch: 428 >>>  || LOSS Avg: 0.02562
[Wall TIME] >>> Coach.train takes 4.827973 seconds ...
[Epoch 429 Telemetry] BPR: 0.025683 | LHC: 0.000000 (lambda=0.000000) | 41733.3 samples/s | 5.23s
[Coach] >>> TRAIN @Epoch: 429 >>>  || LOSS Avg: 0.02568
[Wall TIME] >>> Coach.train takes 5.234113 seconds ...
[Epoch 430 Telemetry] BPR: 0.025821 | LHC: 0.000000 (lambda=0.000000) | 44879.3 samples/s | 4.87s
[Coach] >>> TRAIN @Epoch: 430 >>>  || LOSS Avg: 0.02582
[Wall TIME] >>> Coach.train takes 4.951124 seconds ...
[Coach] >>> VALID @Epoch: 430 >>>  || RECALL@1 Avg: 0.0137 || RECALL@10 Avg: 0.0719 || RECALL@20 Avg: 0.1088 || NDCG@10 Avg: 0.0385 || NDCG@20 Avg: 0.0479
[Wall TIME] >>> Coach.valid takes 1.449051 seconds ...
[Epoch 431 Telemetry] BPR: 0.025506 | LHC: 0.000000 (lambda=0.000000) | 41700.2 samples/s | 5.24s
[Coach] >>> TRAIN @Epoch: 431 >>>  || LOSS Avg: 0.02551
[Wall TIME] >>> Coach.train takes 5.238417 seconds ...
[Epoch 432 Telemetry] BPR: 0.025982 | LHC: 0.000000 (lambda=0.000000) | 45090.2 samples/s | 4.84s
[Coach] >>> TRAIN @Epoch: 432 >>>  || LOSS Avg: 0.02598
[Wall TIME] >>> Coach.train takes 4.844545 seconds ...
[Epoch 433 Telemetry] BPR: 0.025734 | LHC: 0.000000 (lambda=0.000000) | 44873.7 samples/s | 4.87s
[Coach] >>> TRAIN @Epoch: 433 >>>  || LOSS Avg: 0.02573
[Wall TIME] >>> Coach.train takes 4.867939 seconds ...
[Epoch 434 Telemetry] BPR: 0.025817 | LHC: 0.000000 (lambda=0.000000) | 41517.9 samples/s | 5.26s
[Coach] >>> TRAIN @Epoch: 434 >>>  || LOSS Avg: 0.02582
[Wall TIME] >>> Coach.train takes 5.261320 seconds ...
[Epoch 435 Telemetry] BPR: 0.025839 | LHC: 0.000000 (lambda=0.000000) | 44803.6 samples/s | 4.87s
[Coach] >>> TRAIN @Epoch: 435 >>>  || LOSS Avg: 0.02584
[Wall TIME] >>> Coach.train takes 4.875505 seconds ...
[Coach] >>> VALID @Epoch: 435 >>>  || RECALL@1 Avg: 0.0136 || RECALL@10 Avg: 0.0718 || RECALL@20 Avg: 0.1083 || NDCG@10 Avg: 0.0384 || NDCG@20 Avg: 0.0477
[Wall TIME] >>> Coach.valid takes 1.446042 seconds ...
[Epoch 436 Telemetry] BPR: 0.025958 | LHC: 0.000000 (lambda=0.000000) | 41649.5 samples/s | 5.24s
[Coach] >>> TRAIN @Epoch: 436 >>>  || LOSS Avg: 0.02596
[Wall TIME] >>> Coach.train takes 5.244707 seconds ...
[Epoch 437 Telemetry] BPR: 0.025611 | LHC: 0.000000 (lambda=0.000000) | 44984.3 samples/s | 4.86s
[Coach] >>> TRAIN @Epoch: 437 >>>  || LOSS Avg: 0.02561
[Wall TIME] >>> Coach.train takes 4.855915 seconds ...
[Epoch 438 Telemetry] BPR: 0.025643 | LHC: 0.000000 (lambda=0.000000) | 44752.4 samples/s | 4.88s
[Coach] >>> TRAIN @Epoch: 438 >>>  || LOSS Avg: 0.02564
[Wall TIME] >>> Coach.train takes 4.881189 seconds ...
[Epoch 439 Telemetry] BPR: 0.025729 | LHC: 0.000000 (lambda=0.000000) | 41828.0 samples/s | 5.22s
[Coach] >>> TRAIN @Epoch: 439 >>>  || LOSS Avg: 0.02573
[Wall TIME] >>> Coach.train takes 5.222345 seconds ...
[Epoch 440 Telemetry] BPR: 0.025491 | LHC: 0.000000 (lambda=0.000000) | 44918.2 samples/s | 4.86s
[Coach] >>> TRAIN @Epoch: 440 >>>  || LOSS Avg: 0.02549
[Wall TIME] >>> Coach.train takes 4.945945 seconds ...
[Coach] >>> VALID @Epoch: 440 >>>  || RECALL@1 Avg: 0.0136 || RECALL@10 Avg: 0.0719 || RECALL@20 Avg: 0.1078 || NDCG@10 Avg: 0.0384 || NDCG@20 Avg: 0.0476
[Wall TIME] >>> Coach.valid takes 1.453621 seconds ...
[Epoch 441 Telemetry] BPR: 0.025612 | LHC: 0.000000 (lambda=0.000000) | 42008.0 samples/s | 5.20s
[Coach] >>> TRAIN @Epoch: 441 >>>  || LOSS Avg: 0.02561
[Wall TIME] >>> Coach.train takes 5.199866 seconds ...
[Epoch 442 Telemetry] BPR: 0.025716 | LHC: 0.000000 (lambda=0.000000) | 44823.6 samples/s | 4.87s
[Coach] >>> TRAIN @Epoch: 442 >>>  || LOSS Avg: 0.02572
[Wall TIME] >>> Coach.train takes 4.873512 seconds ...
[Epoch 443 Telemetry] BPR: 0.025628 | LHC: 0.000000 (lambda=0.000000) | 44455.2 samples/s | 4.91s
[Coach] >>> TRAIN @Epoch: 443 >>>  || LOSS Avg: 0.02563
[Wall TIME] >>> Coach.train takes 4.913739 seconds ...
[Epoch 444 Telemetry] BPR: 0.025895 | LHC: 0.000000 (lambda=0.000000) | 41528.3 samples/s | 5.26s
[Coach] >>> TRAIN @Epoch: 444 >>>  || LOSS Avg: 0.02590
[Wall TIME] >>> Coach.train takes 5.260105 seconds ...
[Epoch 445 Telemetry] BPR: 0.025817 | LHC: 0.000000 (lambda=0.000000) | 44942.7 samples/s | 4.86s
[Coach] >>> TRAIN @Epoch: 445 >>>  || LOSS Avg: 0.02582
[Wall TIME] >>> Coach.train takes 4.860436 seconds ...
[Coach] >>> VALID @Epoch: 445 >>>  || RECALL@1 Avg: 0.0130 || RECALL@10 Avg: 0.0719 || RECALL@20 Avg: 0.1084 || NDCG@10 Avg: 0.0383 || NDCG@20 Avg: 0.0476
[Wall TIME] >>> Coach.valid takes 1.442050 seconds ...
[Epoch 446 Telemetry] BPR: 0.025497 | LHC: 0.000000 (lambda=0.000000) | 41549.8 samples/s | 5.26s
[Coach] >>> TRAIN @Epoch: 446 >>>  || LOSS Avg: 0.02550
[Wall TIME] >>> Coach.train takes 5.257310 seconds ...
[Epoch 447 Telemetry] BPR: 0.025588 | LHC: 0.000000 (lambda=0.000000) | 44825.1 samples/s | 4.87s
[Coach] >>> TRAIN @Epoch: 447 >>>  || LOSS Avg: 0.02559
[Wall TIME] >>> Coach.train takes 4.873201 seconds ...
[Epoch 448 Telemetry] BPR: 0.025730 | LHC: 0.000000 (lambda=0.000000) | 44366.0 samples/s | 4.92s
[Coach] >>> TRAIN @Epoch: 448 >>>  || LOSS Avg: 0.02573
[Wall TIME] >>> Coach.train takes 4.923598 seconds ...
[Epoch 449 Telemetry] BPR: 0.025545 | LHC: 0.000000 (lambda=0.000000) | 41823.9 samples/s | 5.22s
[Coach] >>> TRAIN @Epoch: 449 >>>  || LOSS Avg: 0.02555
[Wall TIME] >>> Coach.train takes 5.222923 seconds ...
[Epoch 450 Telemetry] BPR: 0.025657 | LHC: 0.000000 (lambda=0.000000) | 44787.4 samples/s | 4.88s
[Coach] >>> TRAIN @Epoch: 450 >>>  || LOSS Avg: 0.02566
[Wall TIME] >>> Coach.train takes 4.960356 seconds ...
[Coach] >>> VALID @Epoch: 450 >>>  || RECALL@1 Avg: 0.0135 || RECALL@10 Avg: 0.0716 || RECALL@20 Avg: 0.1088 || NDCG@10 Avg: 0.0385 || NDCG@20 Avg: 0.0479
[Wall TIME] >>> Coach.valid takes 1.458450 seconds ...
[Epoch 451 Telemetry] BPR: 0.025658 | LHC: 0.000000 (lambda=0.000000) | 41687.5 samples/s | 5.24s
[Coach] >>> TRAIN @Epoch: 451 >>>  || LOSS Avg: 0.02566
[Wall TIME] >>> Coach.train takes 5.239934 seconds ...
[Epoch 452 Telemetry] BPR: 0.025391 | LHC: 0.000000 (lambda=0.000000) | 44825.0 samples/s | 4.87s
[Coach] >>> TRAIN @Epoch: 452 >>>  || LOSS Avg: 0.02539
[Wall TIME] >>> Coach.train takes 4.873120 seconds ...
[Epoch 453 Telemetry] BPR: 0.025494 | LHC: 0.000000 (lambda=0.000000) | 45086.3 samples/s | 4.84s
[Coach] >>> TRAIN @Epoch: 453 >>>  || LOSS Avg: 0.02549
[Wall TIME] >>> Coach.train takes 4.844909 seconds ...
[Epoch 454 Telemetry] BPR: 0.025714 | LHC: 0.000000 (lambda=0.000000) | 41805.4 samples/s | 5.22s
[Coach] >>> TRAIN @Epoch: 454 >>>  || LOSS Avg: 0.02571
[Wall TIME] >>> Coach.train takes 5.225243 seconds ...
[Epoch 455 Telemetry] BPR: 0.025503 | LHC: 0.000000 (lambda=0.000000) | 44741.9 samples/s | 4.88s
[Coach] >>> TRAIN @Epoch: 455 >>>  || LOSS Avg: 0.02550
[Wall TIME] >>> Coach.train takes 4.882177 seconds ...
[Coach] >>> VALID @Epoch: 455 >>>  || RECALL@1 Avg: 0.0132 || RECALL@10 Avg: 0.0719 || RECALL@20 Avg: 0.1083 || NDCG@10 Avg: 0.0384 || NDCG@20 Avg: 0.0477
[Wall TIME] >>> Coach.valid takes 1.437298 seconds ...
[Epoch 456 Telemetry] BPR: 0.025845 | LHC: 0.000000 (lambda=0.000000) | 41774.1 samples/s | 5.23s
[Coach] >>> TRAIN @Epoch: 456 >>>  || LOSS Avg: 0.02585
[Wall TIME] >>> Coach.train takes 5.229172 seconds ...
[Epoch 457 Telemetry] BPR: 0.025741 | LHC: 0.000000 (lambda=0.000000) | 44819.1 samples/s | 4.87s
[Coach] >>> TRAIN @Epoch: 457 >>>  || LOSS Avg: 0.02574
[Wall TIME] >>> Coach.train takes 4.873828 seconds ...
[Epoch 458 Telemetry] BPR: 0.025352 | LHC: 0.000000 (lambda=0.000000) | 44857.5 samples/s | 4.87s
[Coach] >>> TRAIN @Epoch: 458 >>>  || LOSS Avg: 0.02535
[Wall TIME] >>> Coach.train takes 4.869645 seconds ...
[Epoch 459 Telemetry] BPR: 0.025400 | LHC: 0.000000 (lambda=0.000000) | 41589.7 samples/s | 5.25s
[Coach] >>> TRAIN @Epoch: 459 >>>  || LOSS Avg: 0.02540
[Wall TIME] >>> Coach.train takes 5.252282 seconds ...
[Epoch 460 Telemetry] BPR: 0.025588 | LHC: 0.000000 (lambda=0.000000) | 45167.0 samples/s | 4.84s
[Coach] >>> TRAIN @Epoch: 460 >>>  || LOSS Avg: 0.02559
[Wall TIME] >>> Coach.train takes 4.919397 seconds ...
[Coach] >>> VALID @Epoch: 460 >>>  || RECALL@1 Avg: 0.0134 || RECALL@10 Avg: 0.0717 || RECALL@20 Avg: 0.1081 || NDCG@10 Avg: 0.0384 || NDCG@20 Avg: 0.0477
[Wall TIME] >>> Coach.valid takes 1.465566 seconds ...
[Epoch 461 Telemetry] BPR: 0.025554 | LHC: 0.000000 (lambda=0.000000) | 41686.2 samples/s | 5.24s
[Coach] >>> TRAIN @Epoch: 461 >>>  || LOSS Avg: 0.02555
[Wall TIME] >>> Coach.train takes 5.239965 seconds ...
[Epoch 462 Telemetry] BPR: 0.025441 | LHC: 0.000000 (lambda=0.000000) | 44800.9 samples/s | 4.88s
[Coach] >>> TRAIN @Epoch: 462 >>>  || LOSS Avg: 0.02544
[Wall TIME] >>> Coach.train takes 4.875929 seconds ...
[Epoch 463 Telemetry] BPR: 0.025429 | LHC: 0.000000 (lambda=0.000000) | 44918.5 samples/s | 4.86s
[Coach] >>> TRAIN @Epoch: 463 >>>  || LOSS Avg: 0.02543
[Wall TIME] >>> Coach.train takes 4.863113 seconds ...
[Epoch 464 Telemetry] BPR: 0.025447 | LHC: 0.000000 (lambda=0.000000) | 41474.6 samples/s | 5.27s
[Coach] >>> TRAIN @Epoch: 464 >>>  || LOSS Avg: 0.02545
[Wall TIME] >>> Coach.train takes 5.266859 seconds ...
[Epoch 465 Telemetry] BPR: 0.025361 | LHC: 0.000000 (lambda=0.000000) | 44501.9 samples/s | 4.91s
[Coach] >>> TRAIN @Epoch: 465 >>>  || LOSS Avg: 0.02536
[Wall TIME] >>> Coach.train takes 4.908559 seconds ...
[Coach] >>> VALID @Epoch: 465 >>>  || RECALL@1 Avg: 0.0137 || RECALL@10 Avg: 0.0713 || RECALL@20 Avg: 0.1082 || NDCG@10 Avg: 0.0384 || NDCG@20 Avg: 0.0479
[Wall TIME] >>> Coach.valid takes 1.443782 seconds ...
[Epoch 466 Telemetry] BPR: 0.025524 | LHC: 0.000000 (lambda=0.000000) | 41536.6 samples/s | 5.26s
[Coach] >>> TRAIN @Epoch: 466 >>>  || LOSS Avg: 0.02552
[Wall TIME] >>> Coach.train takes 5.258918 seconds ...
[Epoch 467 Telemetry] BPR: 0.025334 | LHC: 0.000000 (lambda=0.000000) | 45079.8 samples/s | 4.84s
[Coach] >>> TRAIN @Epoch: 467 >>>  || LOSS Avg: 0.02533
[Wall TIME] >>> Coach.train takes 4.845704 seconds ...
[Epoch 468 Telemetry] BPR: 0.025337 | LHC: 0.000000 (lambda=0.000000) | 44383.8 samples/s | 4.92s
[Coach] >>> TRAIN @Epoch: 468 >>>  || LOSS Avg: 0.02534
[Wall TIME] >>> Coach.train takes 4.921616 seconds ...
[Epoch 469 Telemetry] BPR: 0.025456 | LHC: 0.000000 (lambda=0.000000) | 41697.0 samples/s | 5.24s
[Coach] >>> TRAIN @Epoch: 469 >>>  || LOSS Avg: 0.02546
[Wall TIME] >>> Coach.train takes 5.238714 seconds ...
[Epoch 470 Telemetry] BPR: 0.025536 | LHC: 0.000000 (lambda=0.000000) | 45018.2 samples/s | 4.85s
[Coach] >>> TRAIN @Epoch: 470 >>>  || LOSS Avg: 0.02554
[Wall TIME] >>> Coach.train takes 4.934304 seconds ...
[Coach] >>> VALID @Epoch: 470 >>>  || RECALL@1 Avg: 0.0137 || RECALL@10 Avg: 0.0717 || RECALL@20 Avg: 0.1085 || NDCG@10 Avg: 0.0385 || NDCG@20 Avg: 0.0479
[Wall TIME] >>> Coach.valid takes 1.454085 seconds ...
[Epoch 471 Telemetry] BPR: 0.025396 | LHC: 0.000000 (lambda=0.000000) | 41890.7 samples/s | 5.21s
[Coach] >>> TRAIN @Epoch: 471 >>>  || LOSS Avg: 0.02540
[Wall TIME] >>> Coach.train takes 5.214501 seconds ...
[Epoch 472 Telemetry] BPR: 0.025148 | LHC: 0.000000 (lambda=0.000000) | 44988.6 samples/s | 4.85s
[Coach] >>> TRAIN @Epoch: 472 >>>  || LOSS Avg: 0.02515
[Wall TIME] >>> Coach.train takes 4.855436 seconds ...
[Epoch 473 Telemetry] BPR: 0.025403 | LHC: 0.000000 (lambda=0.000000) | 44783.0 samples/s | 4.88s
[Coach] >>> TRAIN @Epoch: 473 >>>  || LOSS Avg: 0.02540
[Wall TIME] >>> Coach.train takes 4.877834 seconds ...
[Epoch 474 Telemetry] BPR: 0.025092 | LHC: 0.000000 (lambda=0.000000) | 41341.1 samples/s | 5.28s
[Coach] >>> TRAIN @Epoch: 474 >>>  || LOSS Avg: 0.02509
[Wall TIME] >>> Coach.train takes 5.283983 seconds ...
[Epoch 475 Telemetry] BPR: 0.025586 | LHC: 0.000000 (lambda=0.000000) | 44347.2 samples/s | 4.92s
[Coach] >>> TRAIN @Epoch: 475 >>>  || LOSS Avg: 0.02559
[Wall TIME] >>> Coach.train takes 4.925755 seconds ...
[Coach] >>> Better ***NDCG@20*** of ***0.0480*** 
[Coach] >>> VALID @Epoch: 475 >>>  || RECALL@1 Avg: 0.0135 || RECALL@10 Avg: 0.0717 || RECALL@20 Avg: 0.1093 || NDCG@10 Avg: 0.0384 || NDCG@20 Avg: 0.0480
[Wall TIME] >>> Coach.valid takes 1.508273 seconds ...
[Epoch 476 Telemetry] BPR: 0.025183 | LHC: 0.000000 (lambda=0.000000) | 41071.4 samples/s | 5.32s
[Coach] >>> TRAIN @Epoch: 476 >>>  || LOSS Avg: 0.02518
[Wall TIME] >>> Coach.train takes 5.318541 seconds ...
[Epoch 477 Telemetry] BPR: 0.025414 | LHC: 0.000000 (lambda=0.000000) | 44191.8 samples/s | 4.94s
[Coach] >>> TRAIN @Epoch: 477 >>>  || LOSS Avg: 0.02541
[Wall TIME] >>> Coach.train takes 4.942943 seconds ...
[Epoch 478 Telemetry] BPR: 0.025211 | LHC: 0.000000 (lambda=0.000000) | 44124.7 samples/s | 4.95s
[Coach] >>> TRAIN @Epoch: 478 >>>  || LOSS Avg: 0.02521
[Wall TIME] >>> Coach.train takes 4.950486 seconds ...
[Epoch 479 Telemetry] BPR: 0.025219 | LHC: 0.000000 (lambda=0.000000) | 41648.4 samples/s | 5.24s
[Coach] >>> TRAIN @Epoch: 479 >>>  || LOSS Avg: 0.02522
[Wall TIME] >>> Coach.train takes 5.244931 seconds ...
[Epoch 480 Telemetry] BPR: 0.025583 | LHC: 0.000000 (lambda=0.000000) | 44485.9 samples/s | 4.91s
[Coach] >>> TRAIN @Epoch: 480 >>>  || LOSS Avg: 0.02558
[Wall TIME] >>> Coach.train takes 4.997041 seconds ...
[Coach] >>> Better ***NDCG@20*** of ***0.0480*** 
[Coach] >>> VALID @Epoch: 480 >>>  || RECALL@1 Avg: 0.0135 || RECALL@10 Avg: 0.0717 || RECALL@20 Avg: 0.1091 || NDCG@10 Avg: 0.0385 || NDCG@20 Avg: 0.0480
[Wall TIME] >>> Coach.valid takes 1.508711 seconds ...
[Epoch 481 Telemetry] BPR: 0.025249 | LHC: 0.000000 (lambda=0.000000) | 41426.2 samples/s | 5.27s
[Coach] >>> TRAIN @Epoch: 481 >>>  || LOSS Avg: 0.02525
[Wall TIME] >>> Coach.train takes 5.272928 seconds ...
[Epoch 482 Telemetry] BPR: 0.025077 | LHC: 0.000000 (lambda=0.000000) | 45017.4 samples/s | 4.85s
[Coach] >>> TRAIN @Epoch: 482 >>>  || LOSS Avg: 0.02508
[Wall TIME] >>> Coach.train takes 4.852344 seconds ...
[Epoch 483 Telemetry] BPR: 0.024992 | LHC: 0.000000 (lambda=0.000000) | 44389.7 samples/s | 4.92s
[Coach] >>> TRAIN @Epoch: 483 >>>  || LOSS Avg: 0.02499
[Wall TIME] >>> Coach.train takes 4.920977 seconds ...
[Epoch 484 Telemetry] BPR: 0.025141 | LHC: 0.000000 (lambda=0.000000) | 41867.9 samples/s | 5.22s
[Coach] >>> TRAIN @Epoch: 484 >>>  || LOSS Avg: 0.02514
[Wall TIME] >>> Coach.train takes 5.217329 seconds ...
[Epoch 485 Telemetry] BPR: 0.025297 | LHC: 0.000000 (lambda=0.000000) | 44840.7 samples/s | 4.87s
[Coach] >>> TRAIN @Epoch: 485 >>>  || LOSS Avg: 0.02530
[Wall TIME] >>> Coach.train takes 4.871560 seconds ...
[Coach] >>> VALID @Epoch: 485 >>>  || RECALL@1 Avg: 0.0131 || RECALL@10 Avg: 0.0719 || RECALL@20 Avg: 0.1086 || NDCG@10 Avg: 0.0384 || NDCG@20 Avg: 0.0478
[Wall TIME] >>> Coach.valid takes 1.451090 seconds ...
[Epoch 486 Telemetry] BPR: 0.025172 | LHC: 0.000000 (lambda=0.000000) | 41855.9 samples/s | 5.22s
[Coach] >>> TRAIN @Epoch: 486 >>>  || LOSS Avg: 0.02517
[Wall TIME] >>> Coach.train takes 5.218867 seconds ...
[Epoch 487 Telemetry] BPR: 0.025192 | LHC: 0.000000 (lambda=0.000000) | 44461.2 samples/s | 4.91s
[Coach] >>> TRAIN @Epoch: 487 >>>  || LOSS Avg: 0.02519
[Wall TIME] >>> Coach.train takes 4.913126 seconds ...
[Epoch 488 Telemetry] BPR: 0.024983 | LHC: 0.000000 (lambda=0.000000) | 44614.4 samples/s | 4.90s
[Coach] >>> TRAIN @Epoch: 488 >>>  || LOSS Avg: 0.02498
[Wall TIME] >>> Coach.train takes 4.896317 seconds ...
[Epoch 489 Telemetry] BPR: 0.024913 | LHC: 0.000000 (lambda=0.000000) | 41861.2 samples/s | 5.22s
[Coach] >>> TRAIN @Epoch: 489 >>>  || LOSS Avg: 0.02491
[Wall TIME] >>> Coach.train takes 5.218306 seconds ...
[Epoch 490 Telemetry] BPR: 0.025469 | LHC: 0.000000 (lambda=0.000000) | 45018.3 samples/s | 4.85s
[Coach] >>> TRAIN @Epoch: 490 >>>  || LOSS Avg: 0.02547
[Wall TIME] >>> Coach.train takes 4.940129 seconds ...
[Coach] >>> VALID @Epoch: 490 >>>  || RECALL@1 Avg: 0.0137 || RECALL@10 Avg: 0.0725 || RECALL@20 Avg: 0.1087 || NDCG@10 Avg: 0.0388 || NDCG@20 Avg: 0.0480
[Wall TIME] >>> Coach.valid takes 1.445653 seconds ...
[Epoch 491 Telemetry] BPR: 0.025041 | LHC: 0.000000 (lambda=0.000000) | 41487.2 samples/s | 5.26s
[Coach] >>> TRAIN @Epoch: 491 >>>  || LOSS Avg: 0.02504
[Wall TIME] >>> Coach.train takes 5.265150 seconds ...
[Epoch 492 Telemetry] BPR: 0.025278 | LHC: 0.000000 (lambda=0.000000) | 44952.7 samples/s | 4.86s
[Coach] >>> TRAIN @Epoch: 492 >>>  || LOSS Avg: 0.02528
[Wall TIME] >>> Coach.train takes 4.859305 seconds ...
[Epoch 493 Telemetry] BPR: 0.025149 | LHC: 0.000000 (lambda=0.000000) | 44493.1 samples/s | 4.91s
[Coach] >>> TRAIN @Epoch: 493 >>>  || LOSS Avg: 0.02515
[Wall TIME] >>> Coach.train takes 4.909595 seconds ...
[Epoch 494 Telemetry] BPR: 0.025103 | LHC: 0.000000 (lambda=0.000000) | 41823.7 samples/s | 5.22s
[Coach] >>> TRAIN @Epoch: 494 >>>  || LOSS Avg: 0.02510
[Wall TIME] >>> Coach.train takes 5.222964 seconds ...
[Epoch 495 Telemetry] BPR: 0.025103 | LHC: 0.000000 (lambda=0.000000) | 44636.6 samples/s | 4.89s
[Coach] >>> TRAIN @Epoch: 495 >>>  || LOSS Avg: 0.02510
[Wall TIME] >>> Coach.train takes 4.893698 seconds ...
[Coach] >>> Better ***NDCG@20*** of ***0.0481*** 
[Coach] >>> VALID @Epoch: 495 >>>  || RECALL@1 Avg: 0.0141 || RECALL@10 Avg: 0.0720 || RECALL@20 Avg: 0.1085 || NDCG@10 Avg: 0.0388 || NDCG@20 Avg: 0.0481
[Wall TIME] >>> Coach.valid takes 1.499430 seconds ...
[Epoch 496 Telemetry] BPR: 0.025083 | LHC: 0.000000 (lambda=0.000000) | 41637.1 samples/s | 5.25s
[Coach] >>> TRAIN @Epoch: 496 >>>  || LOSS Avg: 0.02508
[Wall TIME] >>> Coach.train takes 5.246246 seconds ...
[Epoch 497 Telemetry] BPR: 0.025264 | LHC: 0.000000 (lambda=0.000000) | 44958.6 samples/s | 4.86s
[Coach] >>> TRAIN @Epoch: 497 >>>  || LOSS Avg: 0.02526
[Wall TIME] >>> Coach.train takes 4.858766 seconds ...
[Epoch 498 Telemetry] BPR: 0.025169 | LHC: 0.000000 (lambda=0.000000) | 44208.3 samples/s | 4.94s
[Coach] >>> TRAIN @Epoch: 498 >>>  || LOSS Avg: 0.02517
[Wall TIME] >>> Coach.train takes 4.941279 seconds ...
[Epoch 499 Telemetry] BPR: 0.025160 | LHC: 0.000000 (lambda=0.000000) | 41492.7 samples/s | 5.26s
[Coach] >>> TRAIN @Epoch: 499 >>>  || LOSS Avg: 0.02516
[Wall TIME] >>> Coach.train takes 5.264566 seconds ...
[Epoch 500 Telemetry] BPR: 0.025156 | LHC: 0.000000 (lambda=0.000000) | 44803.0 samples/s | 4.87s
[Coach] >>> TRAIN @Epoch: 500 >>>  || LOSS Avg: 0.02516
[Wall TIME] >>> Coach.train takes 4.965409 seconds ...
[Coach] >>> Better ***NDCG@20*** of ***0.0482*** 
[Coach] >>> VALID @Epoch: 500 >>>  || RECALL@1 Avg: 0.0139 || RECALL@10 Avg: 0.0721 || RECALL@20 Avg: 0.1088 || NDCG@10 Avg: 0.0388 || NDCG@20 Avg: 0.0482
[Wall TIME] >>> Coach.valid takes 1.504627 seconds ...
[Coach] >>> TEST  @Epoch: 500 >>>  || RECALL@1 Avg: 0.0140 || RECALL@10 Avg: 0.0744 || RECALL@20 Avg: 0.1129 || NDCG@10 Avg: 0.0406 || NDCG@20 Avg: 0.0505
[Wall TIME] >>> Coach.test takes 1.463542 seconds ...
     Mode     Metric      Best  @Step
0   train       LOSS  0.024913    488
1   valid   RECALL@1  0.014078    320
2   valid  RECALL@10  0.072670    410
3   valid  RECALL@20  0.109288    475
4   valid    NDCG@10  0.038889    410
5   valid    NDCG@20  0.048188    500
6    test   RECALL@1  0.013999      0
7    test  RECALL@10  0.074415      0
8    test  RECALL@20  0.112907      0
9    test    NDCG@10  0.040560      0
10   test    NDCG@20  0.050483      0
[LoG_PaTH] >>> ./logs/STAIR5-v3-DP-PC-BSC/Amazon2014Sports_550_MMRec/1002135909
[Wall TIME] >>> Coach.summary takes 2.161155 seconds ...
[Coach] >>> Load best model @Epoch: 500 (-1) 
[Coach] >>> VALID @Epoch: 500 >>>  || RECALL@1 Avg: 0.0139 || RECALL@10 Avg: 0.0721 || RECALL@20 Avg: 0.1088 || NDCG@10 Avg: 0.0388 || NDCG@20 Avg: 0.0482
[Wall TIME] >>> Coach.valid takes 1.525820 seconds ...
[Coach] >>> TEST  @Epoch: 500 >>>  || RECALL@1 Avg: 0.0140 || RECALL@10 Avg: 0.0744 || RECALL@20 Avg: 0.1129 || NDCG@10 Avg: 0.0406 || NDCG@20 Avg: 0.0505
[Wall TIME] >>> Coach.test takes 1.478197 seconds ...
[Wall TIME] >>> Coach.fit takes 2669.774381 seconds ...
