[Benchmark] >>> cudnn.benchmark == False | cudnn.deterministic == True
[Seed] >>> Set seed: 1
[PARSER] >>>
[SAVED_FILENAME: model.pt] 
[BEST_FILENAME: best.pt] 
[CHECKPOINT_FREQ: 10] 
[CHECKPOINT_MODULES: ['model', 'optimizer', 'lr_scheduler']] 
[CHECKPOINT_FILENAME: checkpoint.tar] 
[SUMMARY_FILENAME: SUMMARY.md] 
[MONITOR_FILENAME: monitors.pkl] 
[MONITOR_BEST_FILENAME: best.pkl] 
[CONFIG_FILENAME: config.json] 
[RESULTS_FILENAME: results.json] 
[monitors: ['LOSS', 'Recall@1', 'Recall@10', 'Recall@20', 'NDCG@10', 'NDCG@20']] 
[which4best: NDCG@20] 
[config: /kaggle/working/STAIR-Enhanced/configs/Amazon2014Baby_STAIR5_v1.yaml] 
[id: 0930132222] 
[description: STAIR-LHC-v1] 
[root: /kaggle/data] 
[dataset: Amazon2014Baby_550_MMRec] 
[tasktag: None] 
[ranking: full] 
[retain_seen: False] 
[device: cuda:0] 
[ddp_backend: nccl] 
[num_workers: 4] 
[optimizer: adamwsevo] 
[optim_first_moment_decay: 0.9] 
[optim_second_moment_decay: 0.999] 
[weight_decay: 0.3] 
[lr: 0.001] 
[batch_size: 1024] 
[gradient_accumulation_steps: 1] 
[epochs: 500] 
[eval_valid: True] 
[eval_test: False] 
[eval_freq: 5] 
[early_stop_patience: 1e+23] 
[seed: 1] 
[benchmark: False] 
[resume: False] 
[log2file: True] 
[log2console: True] 
[embedding_dim: 64] 
[num_layers: 3] 
[mfiles: textual_modality.pkl,visual_modality.pkl] 
[num_neighbors: 5-1] 
[gamma: 0.1] 
[beta1: 0.9] 
[beta2: 0.999] 
[momentum: 0.9] 
[nesterov: False] 
[lhc_arm: H0] 
[lambda_lhc: 0.0003] 
[lhc_tau: 0.3] 
[lhc_kappa: 1.0] 
[radius_cap: 2.0] 
[w_hybrid: 0.0] 
[eps_taylor: 0.0001] 
[eps_floor: 0.01] 
[eps_beta: 0.05] 
[warmup_start: 20] 
[warmup_end: 50] 
[grad_diag_every: 10] 
[grad_cosine_thresh: -0.1] 
[DATA_DIR: data] 
[SUMMARY_DIR: summary] 
[CHECKPOINT_PATH: ./infos/STAIR-LHC-v1/Amazon2014Baby_550_MMRec/0] 
[LOG_PATH: ./logs/STAIR-LHC-v1/Amazon2014Baby_550_MMRec/0930132222] 

[Wall TIME] >>> Parser.compile takes 0.219623 seconds ...
[DataSet] >>> Fitting fields over `train` set ...
[DataSet] >>> Fitting fields over `valid` set ...
[DataSet] >>> Fitting fields over `test` set ...
[DataSet] >>> Normalizing fields over `train` set ...
[DataSet] >>> Normalizing fields over `valid` set ...
[DataSet] >>> Normalizing fields over `test` set ...
[Amazon2014Baby_550_MMRec] >>> USER:19445:ID,USER | ITEM:7050:ID,ITEM | TIMESTAMP:3711:TIMESTAMP
+--------+--------+---------------+--------+--------+-------+-----------------------+
| #Users | #Items | #Interactions | #Train | #Valid | #Test |        Density        |
+--------+--------+---------------+--------+--------+-------+-----------------------+
| 19445  |  7050  |     160792    | 118551 | 20559  | 21682 | 0.0011729172479570493 |
+--------+--------+---------------+--------+--------+-------+-----------------------+
[Wall TIME] >>> BaseSet.compile takes 0.233601 seconds ...
[Wall TIME] >>> RecDataSet.to_heterograph takes 0.041026 seconds ...
[Wall TIME] >>> RecDataSet.to_heterograph takes 0.040743 seconds ...
[Wall TIME] >>> GenTrainNegativeSampler.prepare takes 0.575271 seconds ...
[Wall TIME] >>> ValidSampler.prepare takes 0.614190 seconds ...
[Wall TIME] >>> TestSampler.prepare takes 0.664287 seconds ...
[Coach] >>> Set best meter: NDCG@20 
[Coach] >>> Better ***NDCG@20*** of ***0.0152*** 
[Coach] >>> VALID @Epoch: 0 >>>  || RECALL@1 Avg: 0.0043 || RECALL@10 Avg: 0.0229 || RECALL@20 Avg: 0.0344 || NDCG@10 Avg: 0.0123 || NDCG@20 Avg: 0.0152
[Wall TIME] >>> Coach.valid takes 1.642875 seconds ...
[Coach] >>> TRAIN @Epoch: 1 >>>  || LOSS Avg: 0.62824
[Wall TIME] >>> Coach.train takes 2.141477 seconds ...
[Coach] >>> TRAIN @Epoch: 2 >>>  || LOSS Avg: 0.61460
[Wall TIME] >>> Coach.train takes 1.992777 seconds ...
[Coach] >>> TRAIN @Epoch: 3 >>>  || LOSS Avg: 0.59821
[Wall TIME] >>> Coach.train takes 2.392629 seconds ...
[Coach] >>> TRAIN @Epoch: 4 >>>  || LOSS Avg: 0.57851
[Wall TIME] >>> Coach.train takes 2.038170 seconds ...
[Coach] >>> TRAIN @Epoch: 5 >>>  || LOSS Avg: 0.55495
[Wall TIME] >>> Coach.train takes 2.053387 seconds ...
[Coach] >>> Better ***NDCG@20*** of ***0.0307*** 
[Coach] >>> VALID @Epoch: 5 >>>  || RECALL@1 Avg: 0.0096 || RECALL@10 Avg: 0.0451 || RECALL@20 Avg: 0.0695 || NDCG@10 Avg: 0.0245 || NDCG@20 Avg: 0.0307
[Wall TIME] >>> Coach.valid takes 0.564648 seconds ...
[Coach] >>> TRAIN @Epoch: 6 >>>  || LOSS Avg: 0.52842
[Wall TIME] >>> Coach.train takes 1.973708 seconds ...
[Coach] >>> TRAIN @Epoch: 7 >>>  || LOSS Avg: 0.50143
[Wall TIME] >>> Coach.train takes 2.345950 seconds ...
[Coach] >>> TRAIN @Epoch: 8 >>>  || LOSS Avg: 0.47472
[Wall TIME] >>> Coach.train takes 1.992007 seconds ...
[Coach] >>> TRAIN @Epoch: 9 >>>  || LOSS Avg: 0.44927
[Wall TIME] >>> Coach.train takes 2.009054 seconds ...
[Coach] >>> TRAIN @Epoch: 10 >>>  || LOSS Avg: 0.42653
[Wall TIME] >>> Coach.train takes 2.032625 seconds ...
[Coach] >>> Better ***NDCG@20*** of ***0.0361*** 
[Coach] >>> VALID @Epoch: 10 >>>  || RECALL@1 Avg: 0.0096 || RECALL@10 Avg: 0.0527 || RECALL@20 Avg: 0.0834 || NDCG@10 Avg: 0.0283 || NDCG@20 Avg: 0.0361
[Wall TIME] >>> Coach.valid takes 0.575496 seconds ...
[Coach] >>> TRAIN @Epoch: 11 >>>  || LOSS Avg: 0.40540
[Wall TIME] >>> Coach.train takes 2.317009 seconds ...
[Coach] >>> TRAIN @Epoch: 12 >>>  || LOSS Avg: 0.38710
[Wall TIME] >>> Coach.train takes 1.947293 seconds ...
[Coach] >>> TRAIN @Epoch: 13 >>>  || LOSS Avg: 0.37109
[Wall TIME] >>> Coach.train takes 2.007519 seconds ...
[Coach] >>> TRAIN @Epoch: 14 >>>  || LOSS Avg: 0.35634
[Wall TIME] >>> Coach.train takes 1.992078 seconds ...
[Coach] >>> TRAIN @Epoch: 15 >>>  || LOSS Avg: 0.34299
[Wall TIME] >>> Coach.train takes 2.436956 seconds ...
[Coach] >>> Better ***NDCG@20*** of ***0.0374*** 
[Coach] >>> VALID @Epoch: 15 >>>  || RECALL@1 Avg: 0.0101 || RECALL@10 Avg: 0.0554 || RECALL@20 Avg: 0.0865 || NDCG@10 Avg: 0.0295 || NDCG@20 Avg: 0.0374
[Wall TIME] >>> Coach.valid takes 0.569017 seconds ...
[Coach] >>> TRAIN @Epoch: 16 >>>  || LOSS Avg: 0.33154
[Wall TIME] >>> Coach.train takes 1.935722 seconds ...
[Coach] >>> TRAIN @Epoch: 17 >>>  || LOSS Avg: 0.32103
[Wall TIME] >>> Coach.train takes 1.939003 seconds ...
[Coach] >>> TRAIN @Epoch: 18 >>>  || LOSS Avg: 0.31162
[Wall TIME] >>> Coach.train takes 1.964717 seconds ...
[Coach] >>> TRAIN @Epoch: 19 >>>  || LOSS Avg: 0.30298
[Wall TIME] >>> Coach.train takes 2.371431 seconds ...
[Coach] >>> TRAIN @Epoch: 20 >>>  || LOSS Avg: 0.29445
[Wall TIME] >>> Coach.train takes 2.088067 seconds ...
[Coach] >>> Better ***NDCG@20*** of ***0.0380*** 
[Coach] >>> VALID @Epoch: 20 >>>  || RECALL@1 Avg: 0.0101 || RECALL@10 Avg: 0.0567 || RECALL@20 Avg: 0.0883 || NDCG@10 Avg: 0.0300 || NDCG@20 Avg: 0.0380
[Wall TIME] >>> Coach.valid takes 0.558390 seconds ...
[Coach] >>> TRAIN @Epoch: 21 >>>  || LOSS Avg: 0.28757
[Wall TIME] >>> Coach.train takes 17.780821 seconds ...
[Coach] >>> TRAIN @Epoch: 22 >>>  || LOSS Avg: 0.28052
[Wall TIME] >>> Coach.train takes 17.786458 seconds ...
[Coach] >>> TRAIN @Epoch: 23 >>>  || LOSS Avg: 0.27519
[Wall TIME] >>> Coach.train takes 18.225871 seconds ...
[Coach] >>> TRAIN @Epoch: 24 >>>  || LOSS Avg: 0.26912
[Wall TIME] >>> Coach.train takes 17.868457 seconds ...
[Coach] >>> TRAIN @Epoch: 25 >>>  || LOSS Avg: 0.26400
[Wall TIME] >>> Coach.train takes 17.829995 seconds ...
[Coach] >>> Better ***NDCG@20*** of ***0.0387*** 
[Coach] >>> VALID @Epoch: 25 >>>  || RECALL@1 Avg: 0.0104 || RECALL@10 Avg: 0.0581 || RECALL@20 Avg: 0.0895 || NDCG@10 Avg: 0.0307 || NDCG@20 Avg: 0.0387
[Wall TIME] >>> Coach.valid takes 0.611906 seconds ...
[Coach] >>> TRAIN @Epoch: 26 >>>  || LOSS Avg: 0.25937
[Wall TIME] >>> Coach.train takes 17.736001 seconds ...
[Coach] >>> TRAIN @Epoch: 27 >>>  || LOSS Avg: 0.25538
[Wall TIME] >>> Coach.train takes 18.302160 seconds ...
[Coach] >>> TRAIN @Epoch: 28 >>>  || LOSS Avg: 0.25050
[Wall TIME] >>> Coach.train takes 17.866747 seconds ...
[Coach] >>> TRAIN @Epoch: 29 >>>  || LOSS Avg: 0.24639
[Wall TIME] >>> Coach.train takes 17.783612 seconds ...
[Coach] >>> TRAIN @Epoch: 30 >>>  || LOSS Avg: 0.24292
[Wall TIME] >>> Coach.train takes 18.056779 seconds ...
[Coach] >>> Better ***NDCG@20*** of ***0.0395*** 
[Coach] >>> VALID @Epoch: 30 >>>  || RECALL@1 Avg: 0.0105 || RECALL@10 Avg: 0.0580 || RECALL@20 Avg: 0.0915 || NDCG@10 Avg: 0.0310 || NDCG@20 Avg: 0.0395
[Wall TIME] >>> Coach.valid takes 0.618984 seconds ...
[Coach] >>> TRAIN @Epoch: 31 >>>  || LOSS Avg: 0.23977
[Wall TIME] >>> Coach.train takes 17.770298 seconds ...
[Coach] >>> TRAIN @Epoch: 32 >>>  || LOSS Avg: 0.23643
[Wall TIME] >>> Coach.train takes 18.238373 seconds ...
[Coach] >>> TRAIN @Epoch: 33 >>>  || LOSS Avg: 0.23307
[Wall TIME] >>> Coach.train takes 17.842700 seconds ...
[Coach] >>> TRAIN @Epoch: 34 >>>  || LOSS Avg: 0.23043
[Wall TIME] >>> Coach.train takes 17.820870 seconds ...
[Coach] >>> TRAIN @Epoch: 35 >>>  || LOSS Avg: 0.22712
[Wall TIME] >>> Coach.train takes 17.738782 seconds ...
[Coach] >>> Better ***NDCG@20*** of ***0.0401*** 
[Coach] >>> VALID @Epoch: 35 >>>  || RECALL@1 Avg: 0.0110 || RECALL@10 Avg: 0.0589 || RECALL@20 Avg: 0.0930 || NDCG@10 Avg: 0.0315 || NDCG@20 Avg: 0.0401
[Wall TIME] >>> Coach.valid takes 0.609202 seconds ...
[Coach] >>> TRAIN @Epoch: 36 >>>  || LOSS Avg: 0.22441
[Wall TIME] >>> Coach.train takes 18.084843 seconds ...
[Coach] >>> TRAIN @Epoch: 37 >>>  || LOSS Avg: 0.22179
[Wall TIME] >>> Coach.train takes 17.808241 seconds ...
[Coach] >>> TRAIN @Epoch: 38 >>>  || LOSS Avg: 0.21927
[Wall TIME] >>> Coach.train takes 17.759923 seconds ...
[Coach] >>> TRAIN @Epoch: 39 >>>  || LOSS Avg: 0.21694
[Wall TIME] >>> Coach.train takes 17.803695 seconds ...
[Coach] >>> TRAIN @Epoch: 40 >>>  || LOSS Avg: 0.21522
[Wall TIME] >>> Coach.train takes 18.386131 seconds ...
[Coach] >>> Better ***NDCG@20*** of ***0.0406*** 
[Coach] >>> VALID @Epoch: 40 >>>  || RECALL@1 Avg: 0.0110 || RECALL@10 Avg: 0.0593 || RECALL@20 Avg: 0.0941 || NDCG@10 Avg: 0.0317 || NDCG@20 Avg: 0.0406
[Wall TIME] >>> Coach.valid takes 0.615654 seconds ...
[Coach] >>> TRAIN @Epoch: 41 >>>  || LOSS Avg: 0.21279
[Wall TIME] >>> Coach.train takes 17.743031 seconds ...
[Coach] >>> TRAIN @Epoch: 42 >>>  || LOSS Avg: 0.21138
[Wall TIME] >>> Coach.train takes 17.788798 seconds ...
[Coach] >>> TRAIN @Epoch: 43 >>>  || LOSS Avg: 0.20934
[Wall TIME] >>> Coach.train takes 17.940489 seconds ...
[Coach] >>> TRAIN @Epoch: 44 >>>  || LOSS Avg: 0.20700
[Wall TIME] >>> Coach.train takes 18.183270 seconds ...
[Coach] >>> TRAIN @Epoch: 45 >>>  || LOSS Avg: 0.20534
[Wall TIME] >>> Coach.train takes 17.814518 seconds ...
[Coach] >>> Better ***NDCG@20*** of ***0.0408*** 
[Coach] >>> VALID @Epoch: 45 >>>  || RECALL@1 Avg: 0.0111 || RECALL@10 Avg: 0.0593 || RECALL@20 Avg: 0.0949 || NDCG@10 Avg: 0.0317 || NDCG@20 Avg: 0.0408
[Wall TIME] >>> Coach.valid takes 0.609781 seconds ...
[Coach] >>> TRAIN @Epoch: 46 >>>  || LOSS Avg: 0.20459
[Wall TIME] >>> Coach.train takes 17.784148 seconds ...
[Coach] >>> TRAIN @Epoch: 47 >>>  || LOSS Avg: 0.20247
[Wall TIME] >>> Coach.train takes 18.052318 seconds ...
[Coach] >>> TRAIN @Epoch: 48 >>>  || LOSS Avg: 0.20072
[Wall TIME] >>> Coach.train takes 18.238367 seconds ...
[Coach] >>> TRAIN @Epoch: 49 >>>  || LOSS Avg: 0.19934
[Wall TIME] >>> Coach.train takes 17.804457 seconds ...
[Coach] >>> TRAIN @Epoch: 50 >>>  || LOSS Avg: 0.19752
[Wall TIME] >>> Coach.train takes 17.999601 seconds ...
[Coach] >>> Better ***NDCG@20*** of ***0.0409*** 
[Coach] >>> VALID @Epoch: 50 >>>  || RECALL@1 Avg: 0.0110 || RECALL@10 Avg: 0.0599 || RECALL@20 Avg: 0.0950 || NDCG@10 Avg: 0.0319 || NDCG@20 Avg: 0.0409
[Wall TIME] >>> Coach.valid takes 0.613647 seconds ...
[Coach] >>> TRAIN @Epoch: 51 >>>  || LOSS Avg: 0.19579
[Wall TIME] >>> Coach.train takes 17.831628 seconds ...
[Coach] >>> TRAIN @Epoch: 52 >>>  || LOSS Avg: 0.19449
[Wall TIME] >>> Coach.train takes 18.307653 seconds ...
[Coach] >>> TRAIN @Epoch: 53 >>>  || LOSS Avg: 0.19251
[Wall TIME] >>> Coach.train takes 17.948800 seconds ...
[Coach] >>> TRAIN @Epoch: 54 >>>  || LOSS Avg: 0.19246
[Wall TIME] >>> Coach.train takes 17.852695 seconds ...
[Coach] >>> TRAIN @Epoch: 55 >>>  || LOSS Avg: 0.19106
[Wall TIME] >>> Coach.train takes 17.841638 seconds ...
[Coach] >>> Better ***NDCG@20*** of ***0.0410*** 
[Coach] >>> VALID @Epoch: 55 >>>  || RECALL@1 Avg: 0.0107 || RECALL@10 Avg: 0.0605 || RECALL@20 Avg: 0.0956 || NDCG@10 Avg: 0.0320 || NDCG@20 Avg: 0.0410
[Wall TIME] >>> Coach.valid takes 0.634077 seconds ...
[Coach] >>> TRAIN @Epoch: 56 >>>  || LOSS Avg: 0.19005
[Wall TIME] >>> Coach.train takes 18.151651 seconds ...
[Coach] >>> TRAIN @Epoch: 57 >>>  || LOSS Avg: 0.18897
[Wall TIME] >>> Coach.train takes 17.871494 seconds ...
[Coach] >>> TRAIN @Epoch: 58 >>>  || LOSS Avg: 0.18721
[Wall TIME] >>> Coach.train takes 17.728179 seconds ...
[Coach] >>> TRAIN @Epoch: 59 >>>  || LOSS Avg: 0.18639
[Wall TIME] >>> Coach.train takes 17.883697 seconds ...
[Coach] >>> TRAIN @Epoch: 60 >>>  || LOSS Avg: 0.18507
[Wall TIME] >>> Coach.train takes 17.879913 seconds ...
[Coach] >>> Better ***NDCG@20*** of ***0.0413*** 
[Coach] >>> VALID @Epoch: 60 >>>  || RECALL@1 Avg: 0.0114 || RECALL@10 Avg: 0.0612 || RECALL@20 Avg: 0.0960 || NDCG@10 Avg: 0.0324 || NDCG@20 Avg: 0.0413
[Wall TIME] >>> Coach.valid takes 0.615631 seconds ...
[Coach] >>> TRAIN @Epoch: 61 >>>  || LOSS Avg: 0.18465
[Wall TIME] >>> Coach.train takes 18.158951 seconds ...
[Coach] >>> TRAIN @Epoch: 62 >>>  || LOSS Avg: 0.18296
[Wall TIME] >>> Coach.train takes 18.024146 seconds ...
[Coach] >>> TRAIN @Epoch: 63 >>>  || LOSS Avg: 0.18221
[Wall TIME] >>> Coach.train takes 17.781176 seconds ...
[Coach] >>> TRAIN @Epoch: 64 >>>  || LOSS Avg: 0.18145
[Wall TIME] >>> Coach.train takes 17.814387 seconds ...
[Coach] >>> TRAIN @Epoch: 65 >>>  || LOSS Avg: 0.18004
[Wall TIME] >>> Coach.train takes 18.296210 seconds ...
[Coach] >>> Better ***NDCG@20*** of ***0.0414*** 
[Coach] >>> VALID @Epoch: 65 >>>  || RECALL@1 Avg: 0.0111 || RECALL@10 Avg: 0.0624 || RECALL@20 Avg: 0.0964 || NDCG@10 Avg: 0.0327 || NDCG@20 Avg: 0.0414
[Wall TIME] >>> Coach.valid takes 0.618086 seconds ...
[Coach] >>> TRAIN @Epoch: 66 >>>  || LOSS Avg: 0.17992
[Wall TIME] >>> Coach.train takes 17.821972 seconds ...
[Coach] >>> TRAIN @Epoch: 67 >>>  || LOSS Avg: 0.17893
[Wall TIME] >>> Coach.train takes 17.776284 seconds ...
[Coach] >>> TRAIN @Epoch: 68 >>>  || LOSS Avg: 0.17751
[Wall TIME] >>> Coach.train takes 17.789796 seconds ...
[Coach] >>> TRAIN @Epoch: 69 >>>  || LOSS Avg: 0.17778
[Wall TIME] >>> Coach.train takes 18.144542 seconds ...
[Coach] >>> TRAIN @Epoch: 70 >>>  || LOSS Avg: 0.17643
[Wall TIME] >>> Coach.train takes 17.914064 seconds ...
[Coach] >>> Better ***NDCG@20*** of ***0.0417*** 
[Coach] >>> VALID @Epoch: 70 >>>  || RECALL@1 Avg: 0.0115 || RECALL@10 Avg: 0.0623 || RECALL@20 Avg: 0.0967 || NDCG@10 Avg: 0.0330 || NDCG@20 Avg: 0.0417
[Wall TIME] >>> Coach.valid takes 0.604395 seconds ...
[Coach] >>> TRAIN @Epoch: 71 >>>  || LOSS Avg: 0.17574
[Wall TIME] >>> Coach.train takes 17.639320 seconds ...
[1;31m[Warning] FreeRec version of 0.8.5 is required but current version is 0.9.7 [0m
[Wall TIME] >>> Parser.parse takes 0.046358 seconds ...
[Wall TIME] >>> Parser.load takes 0.002576 seconds ...
============================================================
           STAIR-LHC v1 (REVISED) EXPERIMENTAL RUN          
============================================================
Dataset      : Amazon2014Baby_550_MMRec
Arm          : H0
Curvature    : kappa=1.0
Lambda Max   : 0.0003
Tau          : 0.3
Radius Cap   : R=2.0
Warmup Range : Epoch 20 -> Epoch 50
============================================================
[STAIR-LHC v1 Scale Initialization] q_u0=0.4130, q_i0=0.8395, q_u1=0.0286, q_i1=0.0414, M_norm=0.9119
[Epoch 001 Telemetry] BPR: 0.6282 | LHC: 0.0000 (lambda=0.000000) | Align: 0.0000 | Unif: 0.0000
[Epoch 002 Telemetry] BPR: 0.6146 | LHC: 0.0000 (lambda=0.000000) | Align: 0.0000 | Unif: 0.0000
[Epoch 003 Telemetry] BPR: 0.5982 | LHC: 0.0000 (lambda=0.000000) | Align: 0.0000 | Unif: 0.0000
[Epoch 004 Telemetry] BPR: 0.5785 | LHC: 0.0000 (lambda=0.000000) | Align: 0.0000 | Unif: 0.0000
[Epoch 005 Telemetry] BPR: 0.5549 | LHC: 0.0000 (lambda=0.000000) | Align: 0.0000 | Unif: 0.0000
[Epoch 006 Telemetry] BPR: 0.5284 | LHC: 0.0000 (lambda=0.000000) | Align: 0.0000 | Unif: 0.0000
[Epoch 007 Telemetry] BPR: 0.5014 | LHC: 0.0000 (lambda=0.000000) | Align: 0.0000 | Unif: 0.0000
[Epoch 008 Telemetry] BPR: 0.4747 | LHC: 0.0000 (lambda=0.000000) | Align: 0.0000 | Unif: 0.0000
[Epoch 009 Telemetry] BPR: 0.4492 | LHC: 0.0000 (lambda=0.000000) | Align: 0.0000 | Unif: 0.0000
[Epoch 010 Telemetry] BPR: 0.4265 | LHC: 0.0000 (lambda=0.000000) | Align: 0.0000 | Unif: 0.0000
[Epoch 011 Telemetry] BPR: 0.4054 | LHC: 0.0000 (lambda=0.000000) | Align: 0.0000 | Unif: 0.0000
[Epoch 012 Telemetry] BPR: 0.3871 | LHC: 0.0000 (lambda=0.000000) | Align: 0.0000 | Unif: 0.0000
[Epoch 013 Telemetry] BPR: 0.3711 | LHC: 0.0000 (lambda=0.000000) | Align: 0.0000 | Unif: 0.0000
[Epoch 014 Telemetry] BPR: 0.3563 | LHC: 0.0000 (lambda=0.000000) | Align: 0.0000 | Unif: 0.0000
[Epoch 015 Telemetry] BPR: 0.3430 | LHC: 0.0000 (lambda=0.000000) | Align: 0.0000 | Unif: 0.0000
[Epoch 016 Telemetry] BPR: 0.3315 | LHC: 0.0000 (lambda=0.000000) | Align: 0.0000 | Unif: 0.0000
[Epoch 017 Telemetry] BPR: 0.3210 | LHC: 0.0000 (lambda=0.000000) | Align: 0.0000 | Unif: 0.0000
[Epoch 018 Telemetry] BPR: 0.3116 | LHC: 0.0000 (lambda=0.000000) | Align: 0.0000 | Unif: 0.0000
[Epoch 019 Telemetry] BPR: 0.3030 | LHC: 0.0000 (lambda=0.000000) | Align: 0.0000 | Unif: 0.0000
[Epoch 020 Telemetry] BPR: 0.2944 | LHC: 0.0000 (lambda=0.000000) | Align: 0.0000 | Unif: 0.0000
[Epoch 021 Telemetry] BPR: 0.2875 | LHC: 6.1783 (lambda=0.000010) | Align: 5.8830 | Unif: -12.3533
[Epoch 022 Telemetry] BPR: 0.2804 | LHC: 6.1718 (lambda=0.000020) | Align: 5.9180 | Unif: -12.3780
[Epoch 023 Telemetry] BPR: 0.2750 | LHC: 6.1666 (lambda=0.000030) | Align: 5.9547 | Unif: -12.3831
[Epoch 024 Telemetry] BPR: 0.2689 | LHC: 6.1635 (lambda=0.000040) | Align: 5.9917 | Unif: -12.3971
[Epoch 025 Telemetry] BPR: 0.2637 | LHC: 6.1572 (lambda=0.000050) | Align: 6.0236 | Unif: -12.4152
[Epoch 026 Telemetry] BPR: 0.2590 | LHC: 6.1531 (lambda=0.000060) | Align: 6.0598 | Unif: -12.4385
[Epoch 027 Telemetry] BPR: 0.2550 | LHC: 6.1503 (lambda=0.000070) | Align: 6.0961 | Unif: -12.4368
[Epoch 028 Telemetry] BPR: 0.2500 | LHC: 6.1452 (lambda=0.000080) | Align: 6.1253 | Unif: -12.4531
[Epoch 029 Telemetry] BPR: 0.2458 | LHC: 6.1415 (lambda=0.000090) | Align: 6.1547 | Unif: -12.4708
[Gradient Diagnostics @ Epoch 30] rho_grad(BPR, LHC) = +0.2790 | Status: OK
[Epoch 030 Telemetry] BPR: 0.2423 | LHC: 6.1379 (lambda=0.000100) | Align: 6.1846 | Unif: -12.4796
[Epoch 031 Telemetry] BPR: 0.2391 | LHC: 6.1353 (lambda=0.000110) | Align: 6.2113 | Unif: -12.4856
[Epoch 032 Telemetry] BPR: 0.2357 | LHC: 6.1318 (lambda=0.000120) | Align: 6.2388 | Unif: -12.5046
[Epoch 033 Telemetry] BPR: 0.2323 | LHC: 6.1273 (lambda=0.000130) | Align: 6.2636 | Unif: -12.5110
[Epoch 034 Telemetry] BPR: 0.2296 | LHC: 6.1240 (lambda=0.000140) | Align: 6.2902 | Unif: -12.5093
[Epoch 035 Telemetry] BPR: 0.2262 | LHC: 6.1207 (lambda=0.000150) | Align: 6.3141 | Unif: -12.5173
[Epoch 036 Telemetry] BPR: 0.2234 | LHC: 6.1181 (lambda=0.000160) | Align: 6.3327 | Unif: -12.5201
[Epoch 037 Telemetry] BPR: 0.2208 | LHC: 6.1137 (lambda=0.000170) | Align: 6.3515 | Unif: -12.5212
[Epoch 038 Telemetry] BPR: 0.2182 | LHC: 6.1122 (lambda=0.000180) | Align: 6.3743 | Unif: -12.5356
[Epoch 039 Telemetry] BPR: 0.2158 | LHC: 6.1092 (lambda=0.000190) | Align: 6.3942 | Unif: -12.5356
[Gradient Diagnostics @ Epoch 40] rho_grad(BPR, LHC) = +0.2813 | Status: OK
[Epoch 040 Telemetry] BPR: 0.2140 | LHC: 6.1086 (lambda=0.000200) | Align: 6.4128 | Unif: -12.5308
[Epoch 041 Telemetry] BPR: 0.2115 | LHC: 6.1036 (lambda=0.000210) | Align: 6.4254 | Unif: -12.5428
[Epoch 042 Telemetry] BPR: 0.2100 | LHC: 6.1020 (lambda=0.000220) | Align: 6.4479 | Unif: -12.5408
[Epoch 043 Telemetry] BPR: 0.2080 | LHC: 6.1008 (lambda=0.000230) | Align: 6.4695 | Unif: -12.5337
[Epoch 044 Telemetry] BPR: 0.2055 | LHC: 6.0988 (lambda=0.000240) | Align: 6.4849 | Unif: -12.5442
[Epoch 045 Telemetry] BPR: 0.2038 | LHC: 6.0955 (lambda=0.000250) | Align: 6.4988 | Unif: -12.5589
[Epoch 046 Telemetry] BPR: 0.2030 | LHC: 6.0944 (lambda=0.000260) | Align: 6.5102 | Unif: -12.5552
[Epoch 047 Telemetry] BPR: 0.2008 | LHC: 6.0912 (lambda=0.000270) | Align: 6.5256 | Unif: -12.5368
[Epoch 048 Telemetry] BPR: 0.1990 | LHC: 6.0891 (lambda=0.000280) | Align: 6.5384 | Unif: -12.5395
[Epoch 049 Telemetry] BPR: 0.1976 | LHC: 6.0880 (lambda=0.000290) | Align: 6.5542 | Unif: -12.5460
[Gradient Diagnostics @ Epoch 50] rho_grad(BPR, LHC) = +0.2634 | Status: OK
[Epoch 050 Telemetry] BPR: 0.1957 | LHC: 6.0864 (lambda=0.000300) | Align: 6.5645 | Unif: -12.5276
[Epoch 051 Telemetry] BPR: 0.1940 | LHC: 6.0847 (lambda=0.000300) | Align: 6.5770 | Unif: -12.5422
[Epoch 052 Telemetry] BPR: 0.1927 | LHC: 6.0824 (lambda=0.000300) | Align: 6.5854 | Unif: -12.5223
[Epoch 053 Telemetry] BPR: 0.1907 | LHC: 6.0821 (lambda=0.000300) | Align: 6.5972 | Unif: -12.5271
[Epoch 054 Telemetry] BPR: 0.1906 | LHC: 6.0793 (lambda=0.000300) | Align: 6.6028 | Unif: -12.5141
[Epoch 055 Telemetry] BPR: 0.1892 | LHC: 6.0774 (lambda=0.000300) | Align: 6.6137 | Unif: -12.5066
[Epoch 056 Telemetry] BPR: 0.1882 | LHC: 6.0767 (lambda=0.000300) | Align: 6.6245 | Unif: -12.4948
[Epoch 057 Telemetry] BPR: 0.1872 | LHC: 6.0739 (lambda=0.000300) | Align: 6.6321 | Unif: -12.4825
[Epoch 058 Telemetry] BPR: 0.1854 | LHC: 6.0739 (lambda=0.000300) | Align: 6.6414 | Unif: -12.4858
[Epoch 059 Telemetry] BPR: 0.1846 | LHC: 6.0718 (lambda=0.000300) | Align: 6.6510 | Unif: -12.4818
[Gradient Diagnostics @ Epoch 60] rho_grad(BPR, LHC) = +0.2644 | Status: OK
[Epoch 060 Telemetry] BPR: 0.1833 | LHC: 6.0711 (lambda=0.000300) | Align: 6.6582 | Unif: -12.4811
[Epoch 061 Telemetry] BPR: 0.1828 | LHC: 6.0704 (lambda=0.000300) | Align: 6.6640 | Unif: -12.4701
[Epoch 062 Telemetry] BPR: 0.1812 | LHC: 6.0688 (lambda=0.000300) | Align: 6.6701 | Unif: -12.4708
[Epoch 063 Telemetry] BPR: 0.1804 | LHC: 6.0687 (lambda=0.000300) | Align: 6.6811 | Unif: -12.4539
[Epoch 064 Telemetry] BPR: 0.1796 | LHC: 6.0637 (lambda=0.000300) | Align: 6.6857 | Unif: -12.4507
[Epoch 065 Telemetry] BPR: 0.1782 | LHC: 6.0661 (lambda=0.000300) | Align: 6.6949 | Unif: -12.4557
[Epoch 066 Telemetry] BPR: 0.1781 | LHC: 6.0643 (lambda=0.000300) | Align: 6.6980 | Unif: -12.4369
[Epoch 067 Telemetry] BPR: 0.1771 | LHC: 6.0631 (lambda=0.000300) | Align: 6.7039 | Unif: -12.4273
[Epoch 068 Telemetry] BPR: 0.1757 | LHC: 6.0604 (lambda=0.000300) | Align: 6.7031 | Unif: -12.4008
[Epoch 069 Telemetry] BPR: 0.1760 | LHC: 6.0611 (lambda=0.000300) | Align: 6.7172 | Unif: -12.4121
[Gradient Diagnostics @ Epoch 70] rho_grad(BPR, LHC) = +0.2589 | Status: OK
[Epoch 070 Telemetry] BPR: 0.1746 | LHC: 6.0593 (lambda=0.000300) | Align: 6.7242 | Unif: -12.4087
[Epoch 071 Telemetry] BPR: 0.1739 | LHC: 6.0584 (lambda=0.000300) | Align: 6.7261 | Unif: -12.4097
[Epoch 072 Telemetry] BPR: 0.1729 | LHC: 6.0596 (lambda=0.000300) | Align: 6.7287 | Unif: -12.4025[Coach] >>> TRAIN @Epoch: 72 >>>  || LOSS Avg: 0.17472
[Wall TIME] >>> Coach.train takes 17.904622 seconds ...
[Coach] >>> TRAIN @Epoch: 73 >>>  || LOSS Avg: 0.17467
[Wall TIME] >>> Coach.train takes 18.251508 seconds ...
[Coach] >>> TRAIN @Epoch: 74 >>>  || LOSS Avg: 0.17368
[Wall TIME] >>> Coach.train takes 17.801986 seconds ...
[Coach] >>> TRAIN @Epoch: 75 >>>  || LOSS Avg: 0.17305
[Wall TIME] >>> Coach.train takes 17.759726 seconds ...
[Coach] >>> Better ***NDCG@20*** of ***0.0422*** 
[Coach] >>> VALID @Epoch: 75 >>>  || RECALL@1 Avg: 0.0119 || RECALL@10 Avg: 0.0619 || RECALL@20 Avg: 0.0975 || NDCG@10 Avg: 0.0331 || NDCG@20 Avg: 0.0422
[Wall TIME] >>> Coach.valid takes 0.615273 seconds ...
[Coach] >>> TRAIN @Epoch: 76 >>>  || LOSS Avg: 0.17176
[Wall TIME] >>> Coach.train takes 17.776721 seconds ...
[Coach] >>> TRAIN @Epoch: 77 >>>  || LOSS Avg: 0.17211
[Wall TIME] >>> Coach.train takes 17.941084 seconds ...
[Coach] >>> TRAIN @Epoch: 78 >>>  || LOSS Avg: 0.17062
[Wall TIME] >>> Coach.train takes 18.189055 seconds ...
[Coach] >>> TRAIN @Epoch: 79 >>>  || LOSS Avg: 0.17079
[Wall TIME] >>> Coach.train takes 17.850487 seconds ...
[Coach] >>> TRAIN @Epoch: 80 >>>  || LOSS Avg: 0.17008
[Wall TIME] >>> Coach.train takes 17.974988 seconds ...
[Coach] >>> VALID @Epoch: 80 >>>  || RECALL@1 Avg: 0.0115 || RECALL@10 Avg: 0.0616 || RECALL@20 Avg: 0.0973 || NDCG@10 Avg: 0.0329 || NDCG@20 Avg: 0.0419
[Wall TIME] >>> Coach.valid takes 0.597375 seconds ...
[Coach] >>> TRAIN @Epoch: 81 >>>  || LOSS Avg: 0.16937
[Wall TIME] >>> Coach.train takes 17.747641 seconds ...
[Coach] >>> TRAIN @Epoch: 82 >>>  || LOSS Avg: 0.16871
[Wall TIME] >>> Coach.train takes 18.301374 seconds ...
[Coach] >>> TRAIN @Epoch: 83 >>>  || LOSS Avg: 0.16867
[Wall TIME] >>> Coach.train takes 17.965226 seconds ...
[Coach] >>> TRAIN @Epoch: 84 >>>  || LOSS Avg: 0.16817
[Wall TIME] >>> Coach.train takes 17.782719 seconds ...
[Coach] >>> TRAIN @Epoch: 85 >>>  || LOSS Avg: 0.16752
[Wall TIME] >>> Coach.train takes 17.865547 seconds ...
[Coach] >>> VALID @Epoch: 85 >>>  || RECALL@1 Avg: 0.0117 || RECALL@10 Avg: 0.0619 || RECALL@20 Avg: 0.0978 || NDCG@10 Avg: 0.0330 || NDCG@20 Avg: 0.0421
[Wall TIME] >>> Coach.valid takes 0.614962 seconds ...
[Coach] >>> TRAIN @Epoch: 86 >>>  || LOSS Avg: 0.16671
[Wall TIME] >>> Coach.train takes 18.205992 seconds ...
[Coach] >>> TRAIN @Epoch: 87 >>>  || LOSS Avg: 0.16668
[Wall TIME] >>> Coach.train takes 17.807925 seconds ...
[Coach] >>> TRAIN @Epoch: 88 >>>  || LOSS Avg: 0.16584
[Wall TIME] >>> Coach.train takes 17.824607 seconds ...
[Coach] >>> TRAIN @Epoch: 89 >>>  || LOSS Avg: 0.16540
[Wall TIME] >>> Coach.train takes 17.892130 seconds ...
[Coach] >>> TRAIN @Epoch: 90 >>>  || LOSS Avg: 0.16484
[Wall TIME] >>> Coach.train takes 18.381994 seconds ...
[Coach] >>> Better ***NDCG@20*** of ***0.0422*** 
[Coach] >>> VALID @Epoch: 90 >>>  || RECALL@1 Avg: 0.0120 || RECALL@10 Avg: 0.0628 || RECALL@20 Avg: 0.0973 || NDCG@10 Avg: 0.0335 || NDCG@20 Avg: 0.0422
[Wall TIME] >>> Coach.valid takes 0.599851 seconds ...
[Coach] >>> TRAIN @Epoch: 91 >>>  || LOSS Avg: 0.16493
[Wall TIME] >>> Coach.train takes 17.758935 seconds ...
[Coach] >>> TRAIN @Epoch: 92 >>>  || LOSS Avg: 0.16390
[Wall TIME] >>> Coach.train takes 17.908660 seconds ...
[Coach] >>> TRAIN @Epoch: 93 >>>  || LOSS Avg: 0.16338
[Wall TIME] >>> Coach.train takes 17.846728 seconds ...
[Coach] >>> TRAIN @Epoch: 94 >>>  || LOSS Avg: 0.16309
[Wall TIME] >>> Coach.train takes 18.221983 seconds ...
[Coach] >>> TRAIN @Epoch: 95 >>>  || LOSS Avg: 0.16306
[Wall TIME] >>> Coach.train takes 17.767191 seconds ...
[Coach] >>> Better ***NDCG@20*** of ***0.0427*** 
[Coach] >>> VALID @Epoch: 95 >>>  || RECALL@1 Avg: 0.0122 || RECALL@10 Avg: 0.0623 || RECALL@20 Avg: 0.0984 || NDCG@10 Avg: 0.0335 || NDCG@20 Avg: 0.0427
[Wall TIME] >>> Coach.valid takes 0.599700 seconds ...
[Coach] >>> TRAIN @Epoch: 96 >>>  || LOSS Avg: 0.16213
[Wall TIME] >>> Coach.train takes 17.757333 seconds ...
[Coach] >>> TRAIN @Epoch: 97 >>>  || LOSS Avg: 0.16296
[Wall TIME] >>> Coach.train takes 17.782948 seconds ...
[Coach] >>> TRAIN @Epoch: 98 >>>  || LOSS Avg: 0.16158
[Wall TIME] >>> Coach.train takes 18.224443 seconds ...
[Coach] >>> TRAIN @Epoch: 99 >>>  || LOSS Avg: 0.16113
[Wall TIME] >>> Coach.train takes 17.890162 seconds ...
[Coach] >>> TRAIN @Epoch: 100 >>>  || LOSS Avg: 0.16025
[Wall TIME] >>> Coach.train takes 17.861807 seconds ...
[Coach] >>> VALID @Epoch: 100 >>>  || RECALL@1 Avg: 0.0121 || RECALL@10 Avg: 0.0631 || RECALL@20 Avg: 0.0978 || NDCG@10 Avg: 0.0336 || NDCG@20 Avg: 0.0424
[Wall TIME] >>> Coach.valid takes 0.597558 seconds ...
[Coach] >>> TRAIN @Epoch: 101 >>>  || LOSS Avg: 0.16084
[Wall TIME] >>> Coach.train takes 17.677665 seconds ...
[Coach] >>> TRAIN @Epoch: 102 >>>  || LOSS Avg: 0.15973
[Wall TIME] >>> Coach.train takes 18.285716 seconds ...
[Coach] >>> TRAIN @Epoch: 103 >>>  || LOSS Avg: 0.16037
[Wall TIME] >>> Coach.train takes 17.800628 seconds ...
[Coach] >>> TRAIN @Epoch: 104 >>>  || LOSS Avg: 0.15990
[Wall TIME] >>> Coach.train takes 17.742470 seconds ...
[Coach] >>> TRAIN @Epoch: 105 >>>  || LOSS Avg: 0.15938
[Wall TIME] >>> Coach.train takes 17.693043 seconds ...
[Coach] >>> VALID @Epoch: 105 >>>  || RECALL@1 Avg: 0.0123 || RECALL@10 Avg: 0.0625 || RECALL@20 Avg: 0.0974 || NDCG@10 Avg: 0.0335 || NDCG@20 Avg: 0.0425
[Wall TIME] >>> Coach.valid takes 0.602643 seconds ...
[Coach] >>> TRAIN @Epoch: 106 >>>  || LOSS Avg: 0.15861
[Wall TIME] >>> Coach.train takes 17.743988 seconds ...
[Coach] >>> TRAIN @Epoch: 107 >>>  || LOSS Avg: 0.15832
[Wall TIME] >>> Coach.train takes 18.302544 seconds ...
[Coach] >>> TRAIN @Epoch: 108 >>>  || LOSS Avg: 0.15913
[Wall TIME] >>> Coach.train takes 17.780722 seconds ...
[Coach] >>> TRAIN @Epoch: 109 >>>  || LOSS Avg: 0.15791
[Wall TIME] >>> Coach.train takes 17.775286 seconds ...
[Coach] >>> TRAIN @Epoch: 110 >>>  || LOSS Avg: 0.15721
[Wall TIME] >>> Coach.train takes 17.897288 seconds ...
[Coach] >>> VALID @Epoch: 110 >>>  || RECALL@1 Avg: 0.0121 || RECALL@10 Avg: 0.0638 || RECALL@20 Avg: 0.0984 || NDCG@10 Avg: 0.0338 || NDCG@20 Avg: 0.0426
[Wall TIME] >>> Coach.valid takes 0.605118 seconds ...
[Coach] >>> TRAIN @Epoch: 111 >>>  || LOSS Avg: 0.15650
[Wall TIME] >>> Coach.train takes 18.081221 seconds ...
[Coach] >>> TRAIN @Epoch: 112 >>>  || LOSS Avg: 0.15727
[Wall TIME] >>> Coach.train takes 17.807468 seconds ...
[Coach] >>> TRAIN @Epoch: 113 >>>  || LOSS Avg: 0.15675
[Wall TIME] >>> Coach.train takes 17.727468 seconds ...
[Coach] >>> TRAIN @Epoch: 114 >>>  || LOSS Avg: 0.15613
[Wall TIME] >>> Coach.train takes 17.738407 seconds ...
[Coach] >>> TRAIN @Epoch: 115 >>>  || LOSS Avg: 0.15608
[Wall TIME] >>> Coach.train takes 18.184633 seconds ...
[Coach] >>> VALID @Epoch: 115 >>>  || RECALL@1 Avg: 0.0120 || RECALL@10 Avg: 0.0632 || RECALL@20 Avg: 0.0976 || NDCG@10 Avg: 0.0336 || NDCG@20 Avg: 0.0424
[Wall TIME] >>> Coach.valid takes 0.596206 seconds ...
[Coach] >>> TRAIN @Epoch: 116 >>>  || LOSS Avg: 0.15569
[Wall TIME] >>> Coach.train takes 17.864704 seconds ...
[Coach] >>> TRAIN @Epoch: 117 >>>  || LOSS Avg: 0.15547
[Wall TIME] >>> Coach.train takes 17.809342 seconds ...
[Coach] >>> TRAIN @Epoch: 118 >>>  || LOSS Avg: 0.15506
[Wall TIME] >>> Coach.train takes 17.776939 seconds ...
[Coach] >>> TRAIN @Epoch: 119 >>>  || LOSS Avg: 0.15524
[Wall TIME] >>> Coach.train takes 18.137301 seconds ...
[Coach] >>> TRAIN @Epoch: 120 >>>  || LOSS Avg: 0.15469
[Wall TIME] >>> Coach.train takes 17.978280 seconds ...
[Coach] >>> Better ***NDCG@20*** of ***0.0427*** 
[Coach] >>> VALID @Epoch: 120 >>>  || RECALL@1 Avg: 0.0120 || RECALL@10 Avg: 0.0626 || RECALL@20 Avg: 0.0987 || NDCG@10 Avg: 0.0335 || NDCG@20 Avg: 0.0427
[Wall TIME] >>> Coach.valid takes 0.604096 seconds ...
[Coach] >>> TRAIN @Epoch: 121 >>>  || LOSS Avg: 0.15472
[Wall TIME] >>> Coach.train takes 17.720728 seconds ...
[Coach] >>> TRAIN @Epoch: 122 >>>  || LOSS Avg: 0.15509
[Wall TIME] >>> Coach.train takes 17.850015 seconds ...
[Coach] >>> TRAIN @Epoch: 123 >>>  || LOSS Avg: 0.15394
[Wall TIME] >>> Coach.train takes 18.210427 seconds ...
[Coach] >>> TRAIN @Epoch: 124 >>>  || LOSS Avg: 0.15400
[Wall TIME] >>> Coach.train takes 17.774215 seconds ...
[Coach] >>> TRAIN @Epoch: 125 >>>  || LOSS Avg: 0.15438
[Wall TIME] >>> Coach.train takes 17.699317 seconds ...
[Coach] >>> VALID @Epoch: 125 >>>  || RECALL@1 Avg: 0.0118 || RECALL@10 Avg: 0.0631 || RECALL@20 Avg: 0.0990 || NDCG@10 Avg: 0.0335 || NDCG@20 Avg: 0.0427
[Wall TIME] >>> Coach.valid takes 0.595339 seconds ...
[Coach] >>> TRAIN @Epoch: 126 >>>  || LOSS Avg: 0.15382
[Wall TIME] >>> Coach.train takes 17.680844 seconds ...
[Coach] >>> TRAIN @Epoch: 127 >>>  || LOSS Avg: 0.15314
[Wall TIME] >>> Coach.train takes 18.147189 seconds ...
[Coach] >>> TRAIN @Epoch: 128 >>>  || LOSS Avg: 0.15283
[Wall TIME] >>> Coach.train takes 17.822471 seconds ...
[Coach] >>> TRAIN @Epoch: 129 >>>  || LOSS Avg: 0.15326
[Wall TIME] >>> Coach.train takes 17.744242 seconds ...
[Coach] >>> TRAIN @Epoch: 130 >>>  || LOSS Avg: 0.15243
[Wall TIME] >>> Coach.train takes 17.863858 seconds ...
[Coach] >>> VALID @Epoch: 130 >>>  || RECALL@1 Avg: 0.0119 || RECALL@10 Avg: 0.0630 || RECALL@20 Avg: 0.0982 || NDCG@10 Avg: 0.0335 || NDCG@20 Avg: 0.0425
[Wall TIME] >>> Coach.valid takes 0.579309 seconds ...
[Coach] >>> TRAIN @Epoch: 131 >>>  || LOSS Avg: 0.15217
[Wall TIME] >>> Coach.train takes 18.010301 seconds ...
[Coach] >>> TRAIN @Epoch: 132 >>>  || LOSS Avg: 0.15269
[Wall TIME] >>> Coach.train takes 17.752939 seconds ...
[Coach] >>> TRAIN @Epoch: 133 >>>  || LOSS Avg: 0.15295
[Wall TIME] >>> Coach.train takes 17.938569 seconds ...
[Coach] >>> TRAIN @Epoch: 134 >>>  || LOSS Avg: 0.15241
[Wall TIME] >>> Coach.train takes 17.879601 seconds ...
[Coach] >>> TRAIN @Epoch: 135 >>>  || LOSS Avg: 0.15184
[Wall TIME] >>> Coach.train takes 17.748045 seconds ...
[Coach] >>> VALID @Epoch: 135 >>>  || RECALL@1 Avg: 0.0121 || RECALL@10 Avg: 0.0627 || RECALL@20 Avg: 0.0986 || NDCG@10 Avg: 0.0335 || NDCG@20 Avg: 0.0427
[Wall TIME] >>> Coach.valid takes 0.593407 seconds ...
[Coach] >>> TRAIN @Epoch: 136 >>>  || LOSS Avg: 0.15215
[Wall TIME] >>> Coach.train takes 18.051936 seconds ...
[Coach] >>> TRAIN @Epoch: 137 >>>  || LOSS Avg: 0.15110
[Wall TIME] >>> Coach.train takes 17.799704 seconds ...
[Coach] >>> TRAIN @Epoch: 138 >>>  || LOSS Avg: 0.15117
[Wall TIME] >>> Coach.train takes 17.808395 seconds ...
[Coach] >>> TRAIN @Epoch: 139 >>>  || LOSS Avg: 0.15120
[Wall TIME] >>> Coach.train takes 17.743528 seconds ...
[Coach] >>> TRAIN @Epoch: 140 >>>  || LOSS Avg: 0.15083
[Wall TIME] >>> Coach.train takes 18.222777 seconds ...
[Coach] >>> VALID @Epoch: 140 >>>  || RECALL@1 Avg: 0.0120 || RECALL@10 Avg: 0.0632 || RECALL@20 Avg: 0.0987 || NDCG@10 Avg: 0.0337 || NDCG@20 Avg: 0.0427
[Wall TIME] >>> Coach.valid takes 0.592918 seconds ...
[Coach] >>> TRAIN @Epoch: 141 >>>  || LOSS Avg: 0.15072
[Wall TIME] >>> Coach.train takes 17.771773 seconds ...
[Coach] >>> TRAIN @Epoch: 142 >>>  || LOSS Avg: 0.15083
[Wall TIME] >>> Coach.train takes 17.773096 seconds ...
[Coach] >>> TRAIN @Epoch: 143 >>>  || LOSS Avg: 0.15082
[Wall TIME] >>> Coach.train takes 17.900613 seconds ...
[Coach] >>> TRAIN @Epoch: 144 >>>  || LOSS Avg: 0.15001
[Wall TIME] >>> Coach.train takes 18.145677 seconds ...
[Coach] >>> TRAIN @Epoch: 145 >>>  || LOSS Avg: 0.14999
[Wall TIME] >>> Coach.train takes 17.767714 seconds ...
[Coach] >>> Better ***NDCG@20*** of ***0.0427*** 
[Coach] >>> VALID @Epoch: 145 >>>  || RECALL@1 Avg: 0.0121 || RECALL@10 Avg: 0.0633 || RECALL@20 Avg: 0.0988 || NDCG@10 Avg: 0.0337 || NDCG@20 Avg: 0.0427
[Wall TIME] >>> Coach.valid takes 0.606994 seconds ...
[Coach] >>> TRAIN @Epoch: 146 >>>  || LOSS Avg: 0.14957
[Wall TIME] >>> Coach.train takes 17.706878 seconds ...
[Coach] >>> TRAIN @Epoch: 147 >>>  || LOSS Avg: 0.15017
[Wall TIME] >>> Coach.train takes 17.798299 seconds ...
[Coach] >>> TRAIN @Epoch: 148 >>>  || LOSS Avg: 0.14997
[Wall TIME] >>> Coach.train takes 18.196819 seconds ...
[Coach] >>> TRAIN @Epoch: 149 >>>  || LOSS Avg: 0.14948
[Wall TIME] >>> Coach.train takes 17.717336 seconds ...

[Epoch 073 Telemetry] BPR: 0.1728 | LHC: 6.0586 (lambda=0.000300) | Align: 6.7367 | Unif: -12.3922
[Epoch 074 Telemetry] BPR: 0.1719 | LHC: 6.0568 (lambda=0.000300) | Align: 6.7397 | Unif: -12.3852
[Epoch 075 Telemetry] BPR: 0.1712 | LHC: 6.0548 (lambda=0.000300) | Align: 6.7420 | Unif: -12.3798
[Epoch 076 Telemetry] BPR: 0.1700 | LHC: 6.0563 (lambda=0.000300) | Align: 6.7489 | Unif: -12.3712
[Epoch 077 Telemetry] BPR: 0.1703 | LHC: 6.0545 (lambda=0.000300) | Align: 6.7538 | Unif: -12.3646
[Epoch 078 Telemetry] BPR: 0.1688 | LHC: 6.0526 (lambda=0.000300) | Align: 6.7561 | Unif: -12.3573
[Epoch 079 Telemetry] BPR: 0.1690 | LHC: 6.0534 (lambda=0.000300) | Align: 6.7612 | Unif: -12.3775
[Gradient Diagnostics @ Epoch 80] rho_grad(BPR, LHC) = +0.2531 | Status: OK
[Epoch 080 Telemetry] BPR: 0.1683 | LHC: 6.0512 (lambda=0.000300) | Align: 6.7644 | Unif: -12.3530
[Epoch 081 Telemetry] BPR: 0.1676 | LHC: 6.0489 (lambda=0.000300) | Align: 6.7644 | Unif: -12.3364
[Epoch 082 Telemetry] BPR: 0.1669 | LHC: 6.0481 (lambda=0.000300) | Align: 6.7690 | Unif: -12.3432
[Epoch 083 Telemetry] BPR: 0.1669 | LHC: 6.0485 (lambda=0.000300) | Align: 6.7743 | Unif: -12.3400
[Epoch 084 Telemetry] BPR: 0.1664 | LHC: 6.0474 (lambda=0.000300) | Align: 6.7798 | Unif: -12.3506
[Epoch 085 Telemetry] BPR: 0.1657 | LHC: 6.0480 (lambda=0.000300) | Align: 6.7826 | Unif: -12.3418
[Epoch 086 Telemetry] BPR: 0.1649 | LHC: 6.0472 (lambda=0.000300) | Align: 6.7859 | Unif: -12.3412
[Epoch 087 Telemetry] BPR: 0.1649 | LHC: 6.0465 (lambda=0.000300) | Align: 6.7866 | Unif: -12.3505
[Epoch 088 Telemetry] BPR: 0.1640 | LHC: 6.0448 (lambda=0.000300) | Align: 6.7870 | Unif: -12.3146
[Epoch 089 Telemetry] BPR: 0.1636 | LHC: 6.0445 (lambda=0.000300) | Align: 6.7917 | Unif: -12.3326
[Gradient Diagnostics @ Epoch 90] rho_grad(BPR, LHC) = +0.2492 | Status: OK
[Epoch 090 Telemetry] BPR: 0.1630 | LHC: 6.0436 (lambda=0.000300) | Align: 6.7955 | Unif: -12.3313
[Epoch 091 Telemetry] BPR: 0.1631 | LHC: 6.0435 (lambda=0.000300) | Align: 6.7975 | Unif: -12.3411
[Epoch 092 Telemetry] BPR: 0.1621 | LHC: 6.0424 (lambda=0.000300) | Align: 6.8009 | Unif: -12.3270
[Epoch 093 Telemetry] BPR: 0.1616 | LHC: 6.0413 (lambda=0.000300) | Align: 6.8019 | Unif: -12.3182
[Epoch 094 Telemetry] BPR: 0.1613 | LHC: 6.0423 (lambda=0.000300) | Align: 6.8077 | Unif: -12.2929
[Epoch 095 Telemetry] BPR: 0.1612 | LHC: 6.0412 (lambda=0.000300) | Align: 6.8110 | Unif: -12.2863
[Epoch 096 Telemetry] BPR: 0.1603 | LHC: 6.0404 (lambda=0.000300) | Align: 6.8156 | Unif: -12.2855
[Epoch 097 Telemetry] BPR: 0.1612 | LHC: 6.0404 (lambda=0.000300) | Align: 6.8197 | Unif: -12.2934
[Epoch 098 Telemetry] BPR: 0.1598 | LHC: 6.0401 (lambda=0.000300) | Align: 6.8209 | Unif: -12.2916
[Epoch 099 Telemetry] BPR: 0.1593 | LHC: 6.0406 (lambda=0.000300) | Align: 6.8212 | Unif: -12.2727
[Gradient Diagnostics @ Epoch 100] rho_grad(BPR, LHC) = +0.2523 | Status: OK
[Epoch 100 Telemetry] BPR: 0.1584 | LHC: 6.0379 (lambda=0.000300) | Align: 6.8208 | Unif: -12.2613
[Epoch 101 Telemetry] BPR: 0.1590 | LHC: 6.0388 (lambda=0.000300) | Align: 6.8213 | Unif: -12.2528
[Epoch 102 Telemetry] BPR: 0.1579 | LHC: 6.0372 (lambda=0.000300) | Align: 6.8230 | Unif: -12.2676
[Epoch 103 Telemetry] BPR: 0.1586 | LHC: 6.0370 (lambda=0.000300) | Align: 6.8237 | Unif: -12.2453
[Epoch 104 Telemetry] BPR: 0.1581 | LHC: 6.0357 (lambda=0.000300) | Align: 6.8238 | Unif: -12.2577
[Epoch 105 Telemetry] BPR: 0.1576 | LHC: 6.0344 (lambda=0.000300) | Align: 6.8250 | Unif: -12.2506
[Epoch 106 Telemetry] BPR: 0.1568 | LHC: 6.0347 (lambda=0.000300) | Align: 6.8274 | Unif: -12.2624
[Epoch 107 Telemetry] BPR: 0.1565 | LHC: 6.0348 (lambda=0.000300) | Align: 6.8291 | Unif: -12.2434
[Epoch 108 Telemetry] BPR: 0.1573 | LHC: 6.0343 (lambda=0.000300) | Align: 6.8309 | Unif: -12.2427
[Epoch 109 Telemetry] BPR: 0.1561 | LHC: 6.0342 (lambda=0.000300) | Align: 6.8332 | Unif: -12.2471
[Gradient Diagnostics @ Epoch 110] rho_grad(BPR, LHC) = +0.2602 | Status: OK
[Epoch 110 Telemetry] BPR: 0.1554 | LHC: 6.0338 (lambda=0.000300) | Align: 6.8348 | Unif: -12.2442
[Epoch 111 Telemetry] BPR: 0.1547 | LHC: 6.0333 (lambda=0.000300) | Align: 6.8303 | Unif: -12.2267
[Epoch 112 Telemetry] BPR: 0.1555 | LHC: 6.0325 (lambda=0.000300) | Align: 6.8304 | Unif: -12.2224
[Epoch 113 Telemetry] BPR: 0.1550 | LHC: 6.0321 (lambda=0.000300) | Align: 6.8332 | Unif: -12.2159
[Epoch 114 Telemetry] BPR: 0.1543 | LHC: 6.0320 (lambda=0.000300) | Align: 6.8324 | Unif: -12.2226
[Epoch 115 Telemetry] BPR: 0.1543 | LHC: 6.0315 (lambda=0.000300) | Align: 6.8332 | Unif: -12.2152
[Epoch 116 Telemetry] BPR: 0.1539 | LHC: 6.0316 (lambda=0.000300) | Align: 6.8384 | Unif: -12.2237
[Epoch 117 Telemetry] BPR: 0.1536 | LHC: 6.0303 (lambda=0.000300) | Align: 6.8372 | Unif: -12.2235
[Epoch 118 Telemetry] BPR: 0.1533 | LHC: 6.0298 (lambda=0.000300) | Align: 6.8355 | Unif: -12.2061
[Epoch 119 Telemetry] BPR: 0.1534 | LHC: 6.0294 (lambda=0.000300) | Align: 6.8355 | Unif: -12.2032
[Gradient Diagnostics @ Epoch 120] rho_grad(BPR, LHC) = +0.2565 | Status: OK
[Epoch 120 Telemetry] BPR: 0.1529 | LHC: 6.0296 (lambda=0.000300) | Align: 6.8418 | Unif: -12.2003
[Epoch 121 Telemetry] BPR: 0.1529 | LHC: 6.0291 (lambda=0.000300) | Align: 6.8427 | Unif: -12.1981
[Epoch 122 Telemetry] BPR: 0.1533 | LHC: 6.0287 (lambda=0.000300) | Align: 6.8413 | Unif: -12.1994
[Epoch 123 Telemetry] BPR: 0.1522 | LHC: 6.0290 (lambda=0.000300) | Align: 6.8468 | Unif: -12.2159
[Epoch 124 Telemetry] BPR: 0.1522 | LHC: 6.0280 (lambda=0.000300) | Align: 6.8480 | Unif: -12.1863
[Epoch 125 Telemetry] BPR: 0.1526 | LHC: 6.0280 (lambda=0.000300) | Align: 6.8493 | Unif: -12.2101
[Epoch 126 Telemetry] BPR: 0.1520 | LHC: 6.0266 (lambda=0.000300) | Align: 6.8489 | Unif: -12.1910
[Epoch 127 Telemetry] BPR: 0.1513 | LHC: 6.0272 (lambda=0.000300) | Align: 6.8522 | Unif: -12.1760
[Epoch 128 Telemetry] BPR: 0.1510 | LHC: 6.0263 (lambda=0.000300) | Align: 6.8475 | Unif: -12.1817
[Epoch 129 Telemetry] BPR: 0.1515 | LHC: 6.0270 (lambda=0.000300) | Align: 6.8499 | Unif: -12.1771
[Gradient Diagnostics @ Epoch 130] rho_grad(BPR, LHC) = +0.2604 | Status: OK
[Epoch 130 Telemetry] BPR: 0.1506 | LHC: 6.0251 (lambda=0.000300) | Align: 6.8480 | Unif: -12.1745
[Epoch 131 Telemetry] BPR: 0.1504 | LHC: 6.0250 (lambda=0.000300) | Align: 6.8490 | Unif: -12.1658
[Epoch 132 Telemetry] BPR: 0.1509 | LHC: 6.0252 (lambda=0.000300) | Align: 6.8523 | Unif: -12.1664
[Epoch 133 Telemetry] BPR: 0.1511 | LHC: 6.0237 (lambda=0.000300) | Align: 6.8527 | Unif: -12.1857
[Epoch 134 Telemetry] BPR: 0.1506 | LHC: 6.0234 (lambda=0.000300) | Align: 6.8508 | Unif: -12.1591
[Epoch 135 Telemetry] BPR: 0.1500 | LHC: 6.0248 (lambda=0.000300) | Align: 6.8594 | Unif: -12.1756
[Epoch 136 Telemetry] BPR: 0.1503 | LHC: 6.0255 (lambda=0.000300) | Align: 6.8609 | Unif: -12.1802
[Epoch 137 Telemetry] BPR: 0.1493 | LHC: 6.0250 (lambda=0.000300) | Align: 6.8586 | Unif: -12.1725
[Epoch 138 Telemetry] BPR: 0.1494 | LHC: 6.0245 (lambda=0.000300) | Align: 6.8591 | Unif: -12.1559
[Epoch 139 Telemetry] BPR: 0.1494 | LHC: 6.0244 (lambda=0.000300) | Align: 6.8577 | Unif: -12.1623
[Gradient Diagnostics @ Epoch 140] rho_grad(BPR, LHC) = +0.2527 | Status: OK
[Epoch 140 Telemetry] BPR: 0.1490 | LHC: 6.0225 (lambda=0.000300) | Align: 6.8560 | Unif: -12.1379
[Epoch 141 Telemetry] BPR: 0.1489 | LHC: 6.0237 (lambda=0.000300) | Align: 6.8598 | Unif: -12.1369
[Epoch 142 Telemetry] BPR: 0.1490 | LHC: 6.0237 (lambda=0.000300) | Align: 6.8590 | Unif: -12.1517
[Epoch 143 Telemetry] BPR: 0.1490 | LHC: 6.0229 (lambda=0.000300) | Align: 6.8607 | Unif: -12.1134
[Epoch 144 Telemetry] BPR: 0.1482 | LHC: 6.0204 (lambda=0.000300) | Align: 6.8544 | Unif: -12.1335
[Epoch 145 Telemetry] BPR: 0.1482 | LHC: 6.0217 (lambda=0.000300) | Align: 6.8604 | Unif: -12.1189
[Epoch 146 Telemetry] BPR: 0.1478 | LHC: 6.0203 (lambda=0.000300) | Align: 6.8574 | Unif: -12.1163
[Epoch 147 Telemetry] BPR: 0.1484 | LHC: 6.0205 (lambda=0.000300) | Align: 6.8631 | Unif: -12.1240
[Epoch 148 Telemetry] BPR: 0.1482 | LHC: 6.0215 (lambda=0.000300) | Align: 6.8648 | Unif: -12.1209
[Epoch 149 Telemetry] BPR: 0.1477 | LHC: 6.0202 (lambda=0.000300) | Align: 6.8631 | Unif: -12.1220
[Gradient Diagnostics @ Epoch 150] rho_grad(BPR, LHC) = +0.2537 | Status: OK[Coach] >>> TRAIN @Epoch: 150 >>>  || LOSS Avg: 0.14925
[Wall TIME] >>> Coach.train takes 18.087433 seconds ...
[Coach] >>> Better ***NDCG@20*** of ***0.0427*** 
[Coach] >>> VALID @Epoch: 150 >>>  || RECALL@1 Avg: 0.0124 || RECALL@10 Avg: 0.0635 || RECALL@20 Avg: 0.0985 || NDCG@10 Avg: 0.0338 || NDCG@20 Avg: 0.0427
[Wall TIME] >>> Coach.valid takes 0.618326 seconds ...
[Coach] >>> TRAIN @Epoch: 151 >>>  || LOSS Avg: 0.14961
[Wall TIME] >>> Coach.train takes 17.774123 seconds ...
[Coach] >>> TRAIN @Epoch: 152 >>>  || LOSS Avg: 0.14958
[Wall TIME] >>> Coach.train takes 17.783082 seconds ...
[Coach] >>> TRAIN @Epoch: 153 >>>  || LOSS Avg: 0.14858
[Wall TIME] >>> Coach.train takes 18.285761 seconds ...
[Coach] >>> TRAIN @Epoch: 154 >>>  || LOSS Avg: 0.14925
[Wall TIME] >>> Coach.train takes 17.824278 seconds ...
[Coach] >>> TRAIN @Epoch: 155 >>>  || LOSS Avg: 0.14857
[Wall TIME] >>> Coach.train takes 17.760889 seconds ...
[Coach] >>> Better ***NDCG@20*** of ***0.0428*** 
[Coach] >>> VALID @Epoch: 155 >>>  || RECALL@1 Avg: 0.0124 || RECALL@10 Avg: 0.0639 || RECALL@20 Avg: 0.0989 || NDCG@10 Avg: 0.0340 || NDCG@20 Avg: 0.0428
[Wall TIME] >>> Coach.valid takes 0.622173 seconds ...
[Coach] >>> TRAIN @Epoch: 156 >>>  || LOSS Avg: 0.14836
[Wall TIME] >>> Coach.train takes 17.704771 seconds ...
[Coach] >>> TRAIN @Epoch: 157 >>>  || LOSS Avg: 0.14879
[Wall TIME] >>> Coach.train takes 18.175395 seconds ...
[Coach] >>> TRAIN @Epoch: 158 >>>  || LOSS Avg: 0.14907
[Wall TIME] >>> Coach.train takes 17.799830 seconds ...
[Coach] >>> TRAIN @Epoch: 159 >>>  || LOSS Avg: 0.14813
[Wall TIME] >>> Coach.train takes 17.784768 seconds ...
[Coach] >>> TRAIN @Epoch: 160 >>>  || LOSS Avg: 0.14784
[Wall TIME] >>> Coach.train takes 17.981527 seconds ...
[Coach] >>> VALID @Epoch: 160 >>>  || RECALL@1 Avg: 0.0122 || RECALL@10 Avg: 0.0636 || RECALL@20 Avg: 0.0989 || NDCG@10 Avg: 0.0338 || NDCG@20 Avg: 0.0428
[Wall TIME] >>> Coach.valid takes 0.597005 seconds ...
[Coach] >>> TRAIN @Epoch: 161 >>>  || LOSS Avg: 0.14779
[Wall TIME] >>> Coach.train takes 18.155539 seconds ...
[Coach] >>> TRAIN @Epoch: 162 >>>  || LOSS Avg: 0.14871
[Wall TIME] >>> Coach.train takes 17.850055 seconds ...
[Coach] >>> TRAIN @Epoch: 163 >>>  || LOSS Avg: 0.14761
[Wall TIME] >>> Coach.train takes 17.862413 seconds ...
[Coach] >>> TRAIN @Epoch: 164 >>>  || LOSS Avg: 0.14792
[Wall TIME] >>> Coach.train takes 17.809460 seconds ...
[Coach] >>> TRAIN @Epoch: 165 >>>  || LOSS Avg: 0.14817
[Wall TIME] >>> Coach.train takes 18.227767 seconds ...
[Coach] >>> VALID @Epoch: 165 >>>  || RECALL@1 Avg: 0.0121 || RECALL@10 Avg: 0.0641 || RECALL@20 Avg: 0.0988 || NDCG@10 Avg: 0.0339 || NDCG@20 Avg: 0.0427
[Wall TIME] >>> Coach.valid takes 0.598318 seconds ...
[Coach] >>> TRAIN @Epoch: 166 >>>  || LOSS Avg: 0.14733
[Wall TIME] >>> Coach.train takes 17.754507 seconds ...
[Coach] >>> TRAIN @Epoch: 167 >>>  || LOSS Avg: 0.14759
[Wall TIME] >>> Coach.train takes 17.823744 seconds ...
[Coach] >>> TRAIN @Epoch: 168 >>>  || LOSS Avg: 0.14758
[Wall TIME] >>> Coach.train takes 18.107138 seconds ...
[Coach] >>> TRAIN @Epoch: 169 >>>  || LOSS Avg: 0.14741
[Wall TIME] >>> Coach.train takes 18.164244 seconds ...
[Coach] >>> TRAIN @Epoch: 170 >>>  || LOSS Avg: 0.14675
[Wall TIME] >>> Coach.train takes 18.059151 seconds ...
[Coach] >>> VALID @Epoch: 170 >>>  || RECALL@1 Avg: 0.0121 || RECALL@10 Avg: 0.0633 || RECALL@20 Avg: 0.0988 || NDCG@10 Avg: 0.0337 || NDCG@20 Avg: 0.0428
[Wall TIME] >>> Coach.valid takes 0.596507 seconds ...
[Coach] >>> TRAIN @Epoch: 171 >>>  || LOSS Avg: 0.14671
[Wall TIME] >>> Coach.train takes 17.786572 seconds ...
[Coach] >>> TRAIN @Epoch: 172 >>>  || LOSS Avg: 0.14670
[Wall TIME] >>> Coach.train takes 17.940209 seconds ...
[Coach] >>> TRAIN @Epoch: 173 >>>  || LOSS Avg: 0.14672
[Wall TIME] >>> Coach.train takes 18.292228 seconds ...
[Coach] >>> TRAIN @Epoch: 174 >>>  || LOSS Avg: 0.14678
[Wall TIME] >>> Coach.train takes 18.016867 seconds ...
[Coach] >>> TRAIN @Epoch: 175 >>>  || LOSS Avg: 0.14625
[Wall TIME] >>> Coach.train takes 17.855917 seconds ...
[Coach] >>> VALID @Epoch: 175 >>>  || RECALL@1 Avg: 0.0120 || RECALL@10 Avg: 0.0645 || RECALL@20 Avg: 0.0983 || NDCG@10 Avg: 0.0341 || NDCG@20 Avg: 0.0427
[Wall TIME] >>> Coach.valid takes 0.582526 seconds ...
[Coach] >>> TRAIN @Epoch: 176 >>>  || LOSS Avg: 0.14593
[Wall TIME] >>> Coach.train takes 17.743157 seconds ...
[Coach] >>> TRAIN @Epoch: 177 >>>  || LOSS Avg: 0.14604
[Wall TIME] >>> Coach.train takes 18.272275 seconds ...
[Coach] >>> TRAIN @Epoch: 178 >>>  || LOSS Avg: 0.14691
[Wall TIME] >>> Coach.train takes 17.794750 seconds ...
[Coach] >>> TRAIN @Epoch: 179 >>>  || LOSS Avg: 0.14701
[Wall TIME] >>> Coach.train takes 17.901752 seconds ...
[Coach] >>> TRAIN @Epoch: 180 >>>  || LOSS Avg: 0.14601
[Wall TIME] >>> Coach.train takes 17.969734 seconds ...
[Coach] >>> Better ***NDCG@20*** of ***0.0430*** 
[Coach] >>> VALID @Epoch: 180 >>>  || RECALL@1 Avg: 0.0123 || RECALL@10 Avg: 0.0635 || RECALL@20 Avg: 0.0993 || NDCG@10 Avg: 0.0339 || NDCG@20 Avg: 0.0430
[Wall TIME] >>> Coach.valid takes 0.614697 seconds ...
[Coach] >>> TRAIN @Epoch: 181 >>>  || LOSS Avg: 0.14632
[Wall TIME] >>> Coach.train takes 17.712684 seconds ...
[Coach] >>> TRAIN @Epoch: 182 >>>  || LOSS Avg: 0.14552
[Wall TIME] >>> Coach.train takes 18.235516 seconds ...
[Coach] >>> TRAIN @Epoch: 183 >>>  || LOSS Avg: 0.14583
[Wall TIME] >>> Coach.train takes 17.949817 seconds ...
[Coach] >>> TRAIN @Epoch: 184 >>>  || LOSS Avg: 0.14552
[Wall TIME] >>> Coach.train takes 17.851388 seconds ...
[Coach] >>> TRAIN @Epoch: 185 >>>  || LOSS Avg: 0.14558
[Wall TIME] >>> Coach.train takes 17.965272 seconds ...
[Coach] >>> VALID @Epoch: 185 >>>  || RECALL@1 Avg: 0.0124 || RECALL@10 Avg: 0.0634 || RECALL@20 Avg: 0.0986 || NDCG@10 Avg: 0.0338 || NDCG@20 Avg: 0.0428
[Wall TIME] >>> Coach.valid takes 0.594118 seconds ...
[Coach] >>> TRAIN @Epoch: 186 >>>  || LOSS Avg: 0.14507
[Wall TIME] >>> Coach.train takes 18.139464 seconds ...
[Coach] >>> TRAIN @Epoch: 187 >>>  || LOSS Avg: 0.14532
[Wall TIME] >>> Coach.train takes 17.875415 seconds ...
[Coach] >>> TRAIN @Epoch: 188 >>>  || LOSS Avg: 0.14574
[Wall TIME] >>> Coach.train takes 17.863208 seconds ...
[Coach] >>> TRAIN @Epoch: 189 >>>  || LOSS Avg: 0.14599
[Wall TIME] >>> Coach.train takes 17.914140 seconds ...
[Coach] >>> TRAIN @Epoch: 190 >>>  || LOSS Avg: 0.14528
[Wall TIME] >>> Coach.train takes 18.401400 seconds ...
[Coach] >>> VALID @Epoch: 190 >>>  || RECALL@1 Avg: 0.0123 || RECALL@10 Avg: 0.0633 || RECALL@20 Avg: 0.0992 || NDCG@10 Avg: 0.0337 || NDCG@20 Avg: 0.0428
[Wall TIME] >>> Coach.valid takes 0.615193 seconds ...
[Coach] >>> TRAIN @Epoch: 191 >>>  || LOSS Avg: 0.14489
[Wall TIME] >>> Coach.train takes 17.719791 seconds ...
[Coach] >>> TRAIN @Epoch: 192 >>>  || LOSS Avg: 0.14526
[Wall TIME] >>> Coach.train takes 17.920719 seconds ...
[Coach] >>> TRAIN @Epoch: 193 >>>  || LOSS Avg: 0.14552
[Wall TIME] >>> Coach.train takes 17.924172 seconds ...
[Coach] >>> TRAIN @Epoch: 194 >>>  || LOSS Avg: 0.14509
[Wall TIME] >>> Coach.train takes 18.331422 seconds ...
[Coach] >>> TRAIN @Epoch: 195 >>>  || LOSS Avg: 0.14492
[Wall TIME] >>> Coach.train takes 17.914255 seconds ...
[Coach] >>> VALID @Epoch: 195 >>>  || RECALL@1 Avg: 0.0124 || RECALL@10 Avg: 0.0636 || RECALL@20 Avg: 0.0989 || NDCG@10 Avg: 0.0339 || NDCG@20 Avg: 0.0429
[Wall TIME] >>> Coach.valid takes 0.600058 seconds ...
[Coach] >>> TRAIN @Epoch: 196 >>>  || LOSS Avg: 0.14507
[Wall TIME] >>> Coach.train takes 17.733574 seconds ...
[Coach] >>> TRAIN @Epoch: 197 >>>  || LOSS Avg: 0.14493
[Wall TIME] >>> Coach.train takes 17.833980 seconds ...
[Coach] >>> TRAIN @Epoch: 198 >>>  || LOSS Avg: 0.14481
[Wall TIME] >>> Coach.train takes 18.137478 seconds ...
[Coach] >>> TRAIN @Epoch: 199 >>>  || LOSS Avg: 0.14418
[Wall TIME] >>> Coach.train takes 17.787890 seconds ...
[Coach] >>> TRAIN @Epoch: 200 >>>  || LOSS Avg: 0.14423
[Wall TIME] >>> Coach.train takes 17.863313 seconds ...
[Coach] >>> Better ***NDCG@20*** of ***0.0430*** 
[Coach] >>> VALID @Epoch: 200 >>>  || RECALL@1 Avg: 0.0122 || RECALL@10 Avg: 0.0640 || RECALL@20 Avg: 0.0996 || NDCG@10 Avg: 0.0340 || NDCG@20 Avg: 0.0430
[Wall TIME] >>> Coach.valid takes 0.616940 seconds ...
[Coach] >>> TRAIN @Epoch: 201 >>>  || LOSS Avg: 0.14412
[Wall TIME] >>> Coach.train takes 17.646912 seconds ...
[Coach] >>> TRAIN @Epoch: 202 >>>  || LOSS Avg: 0.14435
[Wall TIME] >>> Coach.train takes 18.207238 seconds ...
[Coach] >>> TRAIN @Epoch: 203 >>>  || LOSS Avg: 0.14446
[Wall TIME] >>> Coach.train takes 17.786200 seconds ...
[Coach] >>> TRAIN @Epoch: 204 >>>  || LOSS Avg: 0.14388
[Wall TIME] >>> Coach.train takes 17.717195 seconds ...
[Coach] >>> TRAIN @Epoch: 205 >>>  || LOSS Avg: 0.14402
[Wall TIME] >>> Coach.train takes 17.717140 seconds ...
[Coach] >>> VALID @Epoch: 205 >>>  || RECALL@1 Avg: 0.0123 || RECALL@10 Avg: 0.0641 || RECALL@20 Avg: 0.0990 || NDCG@10 Avg: 0.0341 || NDCG@20 Avg: 0.0429
[Wall TIME] >>> Coach.valid takes 0.617022 seconds ...
[Coach] >>> TRAIN @Epoch: 206 >>>  || LOSS Avg: 0.14410
[Wall TIME] >>> Coach.train takes 18.097186 seconds ...
[Coach] >>> TRAIN @Epoch: 207 >>>  || LOSS Avg: 0.14370
[Wall TIME] >>> Coach.train takes 17.783439 seconds ...
[Coach] >>> TRAIN @Epoch: 208 >>>  || LOSS Avg: 0.14418
[Wall TIME] >>> Coach.train takes 17.822061 seconds ...
[Coach] >>> TRAIN @Epoch: 209 >>>  || LOSS Avg: 0.14346
[Wall TIME] >>> Coach.train takes 17.753291 seconds ...
[Coach] >>> TRAIN @Epoch: 210 >>>  || LOSS Avg: 0.14353
[Wall TIME] >>> Coach.train takes 17.952109 seconds ...
[Coach] >>> Better ***NDCG@20*** of ***0.0431*** 
[Coach] >>> VALID @Epoch: 210 >>>  || RECALL@1 Avg: 0.0124 || RECALL@10 Avg: 0.0646 || RECALL@20 Avg: 0.0997 || NDCG@10 Avg: 0.0342 || NDCG@20 Avg: 0.0431
[Wall TIME] >>> Coach.valid takes 0.623368 seconds ...
[Coach] >>> TRAIN @Epoch: 211 >>>  || LOSS Avg: 0.14334
[Wall TIME] >>> Coach.train takes 18.140098 seconds ...
[Coach] >>> TRAIN @Epoch: 212 >>>  || LOSS Avg: 0.14356
[Wall TIME] >>> Coach.train takes 17.828159 seconds ...
[Coach] >>> TRAIN @Epoch: 213 >>>  || LOSS Avg: 0.14291
[Wall TIME] >>> Coach.train takes 17.902065 seconds ...
[Coach] >>> TRAIN @Epoch: 214 >>>  || LOSS Avg: 0.14361
[Wall TIME] >>> Coach.train takes 17.823596 seconds ...
[Coach] >>> TRAIN @Epoch: 215 >>>  || LOSS Avg: 0.14384
[Wall TIME] >>> Coach.train takes 18.353301 seconds ...
[Coach] >>> Better ***NDCG@20*** of ***0.0434*** 
[Coach] >>> VALID @Epoch: 215 >>>  || RECALL@1 Avg: 0.0128 || RECALL@10 Avg: 0.0642 || RECALL@20 Avg: 0.0999 || NDCG@10 Avg: 0.0343 || NDCG@20 Avg: 0.0434
[Wall TIME] >>> Coach.valid takes 0.621991 seconds ...
[Coach] >>> TRAIN @Epoch: 216 >>>  || LOSS Avg: 0.14441
[Wall TIME] >>> Coach.train takes 17.726050 seconds ...
[Coach] >>> TRAIN @Epoch: 217 >>>  || LOSS Avg: 0.14336
[Wall TIME] >>> Coach.train takes 17.835510 seconds ...
[Coach] >>> TRAIN @Epoch: 218 >>>  || LOSS Avg: 0.14319
[Wall TIME] >>> Coach.train takes 17.956825 seconds ...
[Coach] >>> TRAIN @Epoch: 219 >>>  || LOSS Avg: 0.14341
[Wall TIME] >>> Coach.train takes 18.390349 seconds ...
[Coach] >>> TRAIN @Epoch: 220 >>>  || LOSS Avg: 0.14333
[Wall TIME] >>> Coach.train takes 18.076411 seconds ...
[Coach] >>> VALID @Epoch: 220 >>>  || RECALL@1 Avg: 0.0128 || RECALL@10 Avg: 0.0642 || RECALL@20 Avg: 0.0991 || NDCG@10 Avg: 0.0342 || NDCG@20 Avg: 0.0431
[Wall TIME] >>> Coach.valid takes 0.597981 seconds ...
[Coach] >>> TRAIN @Epoch: 221 >>>  || LOSS Avg: 0.14326
[Wall TIME] >>> Coach.train takes 17.732493 seconds ...
[Coach] >>> TRAIN @Epoch: 222 >>>  || LOSS Avg: 0.14322
[Wall TIME] >>> Coach.train takes 17.799604 seconds ...
[Coach] >>> TRAIN @Epoch: 223 >>>  || LOSS Avg: 0.14326
[Wall TIME] >>> Coach.train takes 18.337467 seconds ...
[Coach] >>> TRAIN @Epoch: 224 >>>  || LOSS Avg: 0.14243
[Wall TIME] >>> Coach.train takes 17.814369 seconds ...
[Coach] >>> TRAIN @Epoch: 225 >>>  || LOSS Avg: 0.14275
[Wall TIME] >>> Coach.train takes 17.921265 seconds ...
[Coach] >>> VALID @Epoch: 225 >>>  || RECALL@1 Avg: 0.0129 || RECALL@10 Avg: 0.0637 || RECALL@20 Avg: 0.0989 || NDCG@10 Avg: 0.0342 || NDCG@20 Avg: 0.0431
[Wall TIME] >>> Coach.valid takes 0.585495 seconds ...
[Coach] >>> TRAIN @Epoch: 226 >>>  || LOSS Avg: 0.14280
[Wall TIME] >>> Coach.train takes 17.729345 seconds ...

[Epoch 150 Telemetry] BPR: 0.1474 | LHC: 6.0219 (lambda=0.000300) | Align: 6.8647 | Unif: -12.1049
[Epoch 151 Telemetry] BPR: 0.1478 | LHC: 6.0211 (lambda=0.000300) | Align: 6.8636 | Unif: -12.1052
[Epoch 152 Telemetry] BPR: 0.1478 | LHC: 6.0203 (lambda=0.000300) | Align: 6.8683 | Unif: -12.1030
[Epoch 153 Telemetry] BPR: 0.1468 | LHC: 6.0204 (lambda=0.000300) | Align: 6.8642 | Unif: -12.0962
[Epoch 154 Telemetry] BPR: 0.1475 | LHC: 6.0187 (lambda=0.000300) | Align: 6.8685 | Unif: -12.1113
[Epoch 155 Telemetry] BPR: 0.1468 | LHC: 6.0202 (lambda=0.000300) | Align: 6.8690 | Unif: -12.1096
[Epoch 156 Telemetry] BPR: 0.1466 | LHC: 6.0187 (lambda=0.000300) | Align: 6.8639 | Unif: -12.0890
[Epoch 157 Telemetry] BPR: 0.1470 | LHC: 6.0191 (lambda=0.000300) | Align: 6.8673 | Unif: -12.0753
[Epoch 158 Telemetry] BPR: 0.1473 | LHC: 6.0185 (lambda=0.000300) | Align: 6.8694 | Unif: -12.1079
[Epoch 159 Telemetry] BPR: 0.1463 | LHC: 6.0174 (lambda=0.000300) | Align: 6.8676 | Unif: -12.0855
[Gradient Diagnostics @ Epoch 160] rho_grad(BPR, LHC) = +0.2586 | Status: OK
[Epoch 160 Telemetry] BPR: 0.1461 | LHC: 6.0180 (lambda=0.000300) | Align: 6.8690 | Unif: -12.0916
[Epoch 161 Telemetry] BPR: 0.1460 | LHC: 6.0181 (lambda=0.000300) | Align: 6.8663 | Unif: -12.0656
[Epoch 162 Telemetry] BPR: 0.1469 | LHC: 6.0179 (lambda=0.000300) | Align: 6.8680 | Unif: -12.0727
[Epoch 163 Telemetry] BPR: 0.1458 | LHC: 6.0183 (lambda=0.000300) | Align: 6.8678 | Unif: -12.0608
[Epoch 164 Telemetry] BPR: 0.1461 | LHC: 6.0170 (lambda=0.000300) | Align: 6.8645 | Unif: -12.0703
[Epoch 165 Telemetry] BPR: 0.1464 | LHC: 6.0172 (lambda=0.000300) | Align: 6.8671 | Unif: -12.0704
[Epoch 166 Telemetry] BPR: 0.1455 | LHC: 6.0179 (lambda=0.000300) | Align: 6.8684 | Unif: -12.0499
[Epoch 167 Telemetry] BPR: 0.1458 | LHC: 6.0151 (lambda=0.000300) | Align: 6.8686 | Unif: -12.0602
[Epoch 168 Telemetry] BPR: 0.1458 | LHC: 6.0165 (lambda=0.000300) | Align: 6.8729 | Unif: -12.0360
[Epoch 169 Telemetry] BPR: 0.1456 | LHC: 6.0160 (lambda=0.000300) | Align: 6.8696 | Unif: -12.0412
[Gradient Diagnostics @ Epoch 170] rho_grad(BPR, LHC) = +0.2627 | Status: OK
[Epoch 170 Telemetry] BPR: 0.1450 | LHC: 6.0160 (lambda=0.000300) | Align: 6.8718 | Unif: -12.0315
[Epoch 171 Telemetry] BPR: 0.1449 | LHC: 6.0136 (lambda=0.000300) | Align: 6.8693 | Unif: -12.0250
[Epoch 172 Telemetry] BPR: 0.1449 | LHC: 6.0162 (lambda=0.000300) | Align: 6.8725 | Unif: -12.0358
[Epoch 173 Telemetry] BPR: 0.1449 | LHC: 6.0148 (lambda=0.000300) | Align: 6.8682 | Unif: -12.0465
[Epoch 174 Telemetry] BPR: 0.1450 | LHC: 6.0159 (lambda=0.000300) | Align: 6.8664 | Unif: -12.0315
[Epoch 175 Telemetry] BPR: 0.1444 | LHC: 6.0146 (lambda=0.000300) | Align: 6.8683 | Unif: -12.0076
[Epoch 176 Telemetry] BPR: 0.1441 | LHC: 6.0141 (lambda=0.000300) | Align: 6.8702 | Unif: -12.0222
[Epoch 177 Telemetry] BPR: 0.1442 | LHC: 6.0152 (lambda=0.000300) | Align: 6.8666 | Unif: -12.0255
[Epoch 178 Telemetry] BPR: 0.1451 | LHC: 6.0143 (lambda=0.000300) | Align: 6.8691 | Unif: -12.0164
[Epoch 179 Telemetry] BPR: 0.1452 | LHC: 6.0138 (lambda=0.000300) | Align: 6.8719 | Unif: -12.0053
[Gradient Diagnostics @ Epoch 180] rho_grad(BPR, LHC) = +0.2549 | Status: OK
[Epoch 180 Telemetry] BPR: 0.1442 | LHC: 6.0145 (lambda=0.000300) | Align: 6.8705 | Unif: -12.0223
[Epoch 181 Telemetry] BPR: 0.1445 | LHC: 6.0128 (lambda=0.000300) | Align: 6.8699 | Unif: -12.0131
[Epoch 182 Telemetry] BPR: 0.1437 | LHC: 6.0143 (lambda=0.000300) | Align: 6.8733 | Unif: -12.0104
[Epoch 183 Telemetry] BPR: 0.1440 | LHC: 6.0133 (lambda=0.000300) | Align: 6.8738 | Unif: -12.0067
[Epoch 184 Telemetry] BPR: 0.1437 | LHC: 6.0130 (lambda=0.000300) | Align: 6.8675 | Unif: -11.9993
[Epoch 185 Telemetry] BPR: 0.1438 | LHC: 6.0122 (lambda=0.000300) | Align: 6.8697 | Unif: -12.0020
[Epoch 186 Telemetry] BPR: 0.1433 | LHC: 6.0118 (lambda=0.000300) | Align: 6.8703 | Unif: -11.9992
[Epoch 187 Telemetry] BPR: 0.1435 | LHC: 6.0119 (lambda=0.000300) | Align: 6.8689 | Unif: -12.0077
[Epoch 188 Telemetry] BPR: 0.1439 | LHC: 6.0135 (lambda=0.000300) | Align: 6.8686 | Unif: -12.0028
[Epoch 189 Telemetry] BPR: 0.1442 | LHC: 6.0118 (lambda=0.000300) | Align: 6.8687 | Unif: -11.9975
[Gradient Diagnostics @ Epoch 190] rho_grad(BPR, LHC) = +0.2524 | Status: OK
[Epoch 190 Telemetry] BPR: 0.1435 | LHC: 6.0106 (lambda=0.000300) | Align: 6.8715 | Unif: -12.0158
[Epoch 191 Telemetry] BPR: 0.1431 | LHC: 6.0115 (lambda=0.000300) | Align: 6.8748 | Unif: -12.0098
[Epoch 192 Telemetry] BPR: 0.1435 | LHC: 6.0117 (lambda=0.000300) | Align: 6.8729 | Unif: -12.0107
[Epoch 193 Telemetry] BPR: 0.1437 | LHC: 6.0104 (lambda=0.000300) | Align: 6.8734 | Unif: -12.0201
[Epoch 194 Telemetry] BPR: 0.1433 | LHC: 6.0109 (lambda=0.000300) | Align: 6.8712 | Unif: -12.0042
[Epoch 195 Telemetry] BPR: 0.1431 | LHC: 6.0115 (lambda=0.000300) | Align: 6.8717 | Unif: -12.0004
[Epoch 196 Telemetry] BPR: 0.1433 | LHC: 6.0098 (lambda=0.000300) | Align: 6.8726 | Unif: -12.0128
[Epoch 197 Telemetry] BPR: 0.1431 | LHC: 6.0099 (lambda=0.000300) | Align: 6.8710 | Unif: -12.0242
[Epoch 198 Telemetry] BPR: 0.1430 | LHC: 6.0110 (lambda=0.000300) | Align: 6.8720 | Unif: -12.0203
[Epoch 199 Telemetry] BPR: 0.1424 | LHC: 6.0102 (lambda=0.000300) | Align: 6.8716 | Unif: -12.0045
[Gradient Diagnostics @ Epoch 200] rho_grad(BPR, LHC) = +0.2521 | Status: OK
[Epoch 200 Telemetry] BPR: 0.1424 | LHC: 6.0110 (lambda=0.000300) | Align: 6.8719 | Unif: -12.0244
[Epoch 201 Telemetry] BPR: 0.1423 | LHC: 6.0115 (lambda=0.000300) | Align: 6.8746 | Unif: -12.0279
[Epoch 202 Telemetry] BPR: 0.1426 | LHC: 6.0107 (lambda=0.000300) | Align: 6.8718 | Unif: -12.0076
[Epoch 203 Telemetry] BPR: 0.1427 | LHC: 6.0101 (lambda=0.000300) | Align: 6.8716 | Unif: -12.0085
[Epoch 204 Telemetry] BPR: 0.1421 | LHC: 6.0094 (lambda=0.000300) | Align: 6.8711 | Unif: -12.0161
[Epoch 205 Telemetry] BPR: 0.1422 | LHC: 6.0107 (lambda=0.000300) | Align: 6.8718 | Unif: -12.0069
[Epoch 206 Telemetry] BPR: 0.1423 | LHC: 6.0095 (lambda=0.000300) | Align: 6.8740 | Unif: -12.0101
[Epoch 207 Telemetry] BPR: 0.1419 | LHC: 6.0085 (lambda=0.000300) | Align: 6.8721 | Unif: -11.9877
[Epoch 208 Telemetry] BPR: 0.1424 | LHC: 6.0092 (lambda=0.000300) | Align: 6.8763 | Unif: -11.9941
[Epoch 209 Telemetry] BPR: 0.1417 | LHC: 6.0086 (lambda=0.000300) | Align: 6.8702 | Unif: -11.9881
[Gradient Diagnostics @ Epoch 210] rho_grad(BPR, LHC) = +0.2612 | Status: OK
[Epoch 210 Telemetry] BPR: 0.1417 | LHC: 6.0097 (lambda=0.000300) | Align: 6.8728 | Unif: -11.9883
[Epoch 211 Telemetry] BPR: 0.1415 | LHC: 6.0099 (lambda=0.000300) | Align: 6.8710 | Unif: -11.9765
[Epoch 212 Telemetry] BPR: 0.1418 | LHC: 6.0079 (lambda=0.000300) | Align: 6.8700 | Unif: -11.9864
[Epoch 213 Telemetry] BPR: 0.1411 | LHC: 6.0084 (lambda=0.000300) | Align: 6.8691 | Unif: -11.9901
[Epoch 214 Telemetry] BPR: 0.1418 | LHC: 6.0086 (lambda=0.000300) | Align: 6.8751 | Unif: -11.9960
[Epoch 215 Telemetry] BPR: 0.1420 | LHC: 6.0094 (lambda=0.000300) | Align: 6.8743 | Unif: -11.9912
[Epoch 216 Telemetry] BPR: 0.1426 | LHC: 6.0103 (lambda=0.000300) | Align: 6.8724 | Unif: -11.9923
[Epoch 217 Telemetry] BPR: 0.1416 | LHC: 6.0076 (lambda=0.000300) | Align: 6.8720 | Unif: -11.9858
[Epoch 218 Telemetry] BPR: 0.1414 | LHC: 6.0079 (lambda=0.000300) | Align: 6.8698 | Unif: -11.9816
[Epoch 219 Telemetry] BPR: 0.1416 | LHC: 6.0076 (lambda=0.000300) | Align: 6.8678 | Unif: -11.9940
[Gradient Diagnostics @ Epoch 220] rho_grad(BPR, LHC) = +0.2573 | Status: OK
[Epoch 220 Telemetry] BPR: 0.1415 | LHC: 6.0074 (lambda=0.000300) | Align: 6.8716 | Unif: -11.9806
[Epoch 221 Telemetry] BPR: 0.1415 | LHC: 6.0080 (lambda=0.000300) | Align: 6.8744 | Unif: -11.9943
[Epoch 222 Telemetry] BPR: 0.1414 | LHC: 6.0073 (lambda=0.000300) | Align: 6.8733 | Unif: -11.9686
[Epoch 223 Telemetry] BPR: 0.1415 | LHC: 6.0073 (lambda=0.000300) | Align: 6.8752 | Unif: -11.9626
[Epoch 224 Telemetry] BPR: 0.1406 | LHC: 6.0060 (lambda=0.000300) | Align: 6.8716 | Unif: -11.9712
[Epoch 225 Telemetry] BPR: 0.1410 | LHC: 6.0081 (lambda=0.000300) | Align: 6.8769 | Unif: -11.9727
[Epoch 226 Telemetry] BPR: 0.1410 | LHC: 6.0076 (lambda=0.000300) | Align: 6.8743 | Unif: -11.9675
[Epoch 227 Telemetry] BPR: 0.1407 | LHC: 6.0056 (lambda=0.000300) | Align: 6.8674 | Unif: -11.9496[Coach] >>> TRAIN @Epoch: 227 >>>  || LOSS Avg: 0.14248
[Wall TIME] >>> Coach.train takes 17.789070 seconds ...
[Coach] >>> TRAIN @Epoch: 228 >>>  || LOSS Avg: 0.14230
[Wall TIME] >>> Coach.train takes 18.327019 seconds ...
[Coach] >>> TRAIN @Epoch: 229 >>>  || LOSS Avg: 0.14291
[Wall TIME] >>> Coach.train takes 17.921113 seconds ...
[Coach] >>> TRAIN @Epoch: 230 >>>  || LOSS Avg: 0.14176
[Wall TIME] >>> Coach.train takes 18.033028 seconds ...
[Coach] >>> VALID @Epoch: 230 >>>  || RECALL@1 Avg: 0.0123 || RECALL@10 Avg: 0.0644 || RECALL@20 Avg: 0.1000 || NDCG@10 Avg: 0.0341 || NDCG@20 Avg: 0.0431
[Wall TIME] >>> Coach.valid takes 0.586078 seconds ...
[Coach] >>> TRAIN @Epoch: 231 >>>  || LOSS Avg: 0.14201
[Wall TIME] >>> Coach.train takes 17.784574 seconds ...
[Coach] >>> TRAIN @Epoch: 232 >>>  || LOSS Avg: 0.14251
[Wall TIME] >>> Coach.train takes 18.229614 seconds ...
[Coach] >>> TRAIN @Epoch: 233 >>>  || LOSS Avg: 0.14247
[Wall TIME] >>> Coach.train takes 17.797887 seconds ...
[Coach] >>> TRAIN @Epoch: 234 >>>  || LOSS Avg: 0.14229
[Wall TIME] >>> Coach.train takes 17.946477 seconds ...
[Coach] >>> TRAIN @Epoch: 235 >>>  || LOSS Avg: 0.14261
[Wall TIME] >>> Coach.train takes 17.846156 seconds ...
[Coach] >>> VALID @Epoch: 235 >>>  || RECALL@1 Avg: 0.0118 || RECALL@10 Avg: 0.0641 || RECALL@20 Avg: 0.1001 || NDCG@10 Avg: 0.0339 || NDCG@20 Avg: 0.0431
[Wall TIME] >>> Coach.valid takes 0.597676 seconds ...
[Coach] >>> TRAIN @Epoch: 236 >>>  || LOSS Avg: 0.14193
[Wall TIME] >>> Coach.train takes 18.102270 seconds ...
[Coach] >>> TRAIN @Epoch: 237 >>>  || LOSS Avg: 0.14207
[Wall TIME] >>> Coach.train takes 17.881109 seconds ...
[Coach] >>> TRAIN @Epoch: 238 >>>  || LOSS Avg: 0.14221
[Wall TIME] >>> Coach.train takes 17.831007 seconds ...
[Coach] >>> TRAIN @Epoch: 239 >>>  || LOSS Avg: 0.14176
[Wall TIME] >>> Coach.train takes 17.911254 seconds ...
[Coach] >>> TRAIN @Epoch: 240 >>>  || LOSS Avg: 0.14195
[Wall TIME] >>> Coach.train takes 18.439927 seconds ...
[Coach] >>> VALID @Epoch: 240 >>>  || RECALL@1 Avg: 0.0121 || RECALL@10 Avg: 0.0643 || RECALL@20 Avg: 0.0997 || NDCG@10 Avg: 0.0341 || NDCG@20 Avg: 0.0431
[Wall TIME] >>> Coach.valid takes 0.590355 seconds ...
[Coach] >>> TRAIN @Epoch: 241 >>>  || LOSS Avg: 0.14219
[Wall TIME] >>> Coach.train takes 17.694541 seconds ...
[Coach] >>> TRAIN @Epoch: 242 >>>  || LOSS Avg: 0.14159
[Wall TIME] >>> Coach.train takes 17.641566 seconds ...
[Coach] >>> TRAIN @Epoch: 243 >>>  || LOSS Avg: 0.14221
[Wall TIME] >>> Coach.train takes 17.787063 seconds ...
[Coach] >>> TRAIN @Epoch: 244 >>>  || LOSS Avg: 0.14195
[Wall TIME] >>> Coach.train takes 18.173334 seconds ...
[Coach] >>> TRAIN @Epoch: 245 >>>  || LOSS Avg: 0.14228
[Wall TIME] >>> Coach.train takes 17.815129 seconds ...
[Coach] >>> VALID @Epoch: 245 >>>  || RECALL@1 Avg: 0.0121 || RECALL@10 Avg: 0.0637 || RECALL@20 Avg: 0.0988 || NDCG@10 Avg: 0.0339 || NDCG@20 Avg: 0.0429
[Wall TIME] >>> Coach.valid takes 0.579494 seconds ...
[Coach] >>> TRAIN @Epoch: 246 >>>  || LOSS Avg: 0.14116
[Wall TIME] >>> Coach.train takes 17.780413 seconds ...
[Coach] >>> TRAIN @Epoch: 247 >>>  || LOSS Avg: 0.14148
[Wall TIME] >>> Coach.train takes 17.820857 seconds ...
[Coach] >>> TRAIN @Epoch: 248 >>>  || LOSS Avg: 0.14144
[Wall TIME] >>> Coach.train takes 18.233622 seconds ...
[Coach] >>> TRAIN @Epoch: 249 >>>  || LOSS Avg: 0.14174
[Wall TIME] >>> Coach.train takes 17.966212 seconds ...
[Coach] >>> TRAIN @Epoch: 250 >>>  || LOSS Avg: 0.14138
[Wall TIME] >>> Coach.train takes 17.995402 seconds ...
[Coach] >>> VALID @Epoch: 250 >>>  || RECALL@1 Avg: 0.0121 || RECALL@10 Avg: 0.0650 || RECALL@20 Avg: 0.0994 || NDCG@10 Avg: 0.0342 || NDCG@20 Avg: 0.0430
[Wall TIME] >>> Coach.valid takes 0.603317 seconds ...
[Coach] >>> TRAIN @Epoch: 251 >>>  || LOSS Avg: 0.14137
[Wall TIME] >>> Coach.train takes 17.721866 seconds ...
[Coach] >>> TRAIN @Epoch: 252 >>>  || LOSS Avg: 0.14107
[Wall TIME] >>> Coach.train takes 18.057015 seconds ...
[Coach] >>> TRAIN @Epoch: 253 >>>  || LOSS Avg: 0.14130
[Wall TIME] >>> Coach.train takes 17.750680 seconds ...
[Coach] >>> TRAIN @Epoch: 254 >>>  || LOSS Avg: 0.14192
[Wall TIME] >>> Coach.train takes 17.937818 seconds ...
[Coach] >>> TRAIN @Epoch: 255 >>>  || LOSS Avg: 0.14104
[Wall TIME] >>> Coach.train takes 17.828098 seconds ...
[Coach] >>> VALID @Epoch: 255 >>>  || RECALL@1 Avg: 0.0119 || RECALL@10 Avg: 0.0647 || RECALL@20 Avg: 0.0998 || NDCG@10 Avg: 0.0341 || NDCG@20 Avg: 0.0430
[Wall TIME] >>> Coach.valid takes 0.596098 seconds ...
[Coach] >>> TRAIN @Epoch: 256 >>>  || LOSS Avg: 0.14108
[Wall TIME] >>> Coach.train takes 17.676724 seconds ...
[Coach] >>> TRAIN @Epoch: 257 >>>  || LOSS Avg: 0.14102
[Wall TIME] >>> Coach.train takes 18.109908 seconds ...
[Coach] >>> TRAIN @Epoch: 258 >>>  || LOSS Avg: 0.14132
[Wall TIME] >>> Coach.train takes 17.842424 seconds ...
[Coach] >>> TRAIN @Epoch: 259 >>>  || LOSS Avg: 0.14141
[Wall TIME] >>> Coach.train takes 17.923380 seconds ...
[Coach] >>> TRAIN @Epoch: 260 >>>  || LOSS Avg: 0.14106
[Wall TIME] >>> Coach.train takes 18.183904 seconds ...
[Coach] >>> VALID @Epoch: 260 >>>  || RECALL@1 Avg: 0.0116 || RECALL@10 Avg: 0.0641 || RECALL@20 Avg: 0.0982 || NDCG@10 Avg: 0.0337 || NDCG@20 Avg: 0.0424
[Wall TIME] >>> Coach.valid takes 0.607543 seconds ...
[Coach] >>> TRAIN @Epoch: 261 >>>  || LOSS Avg: 0.14047
[Wall TIME] >>> Coach.train takes 18.183115 seconds ...
[Coach] >>> TRAIN @Epoch: 262 >>>  || LOSS Avg: 0.14121
[Wall TIME] >>> Coach.train takes 17.731917 seconds ...
[Coach] >>> TRAIN @Epoch: 263 >>>  || LOSS Avg: 0.14098
[Wall TIME] >>> Coach.train takes 17.842680 seconds ...
[Coach] >>> TRAIN @Epoch: 264 >>>  || LOSS Avg: 0.14099
[Wall TIME] >>> Coach.train takes 17.953478 seconds ...
[Coach] >>> TRAIN @Epoch: 265 >>>  || LOSS Avg: 0.14082
[Wall TIME] >>> Coach.train takes 18.246897 seconds ...
[Coach] >>> VALID @Epoch: 265 >>>  || RECALL@1 Avg: 0.0120 || RECALL@10 Avg: 0.0644 || RECALL@20 Avg: 0.0989 || NDCG@10 Avg: 0.0340 || NDCG@20 Avg: 0.0428
[Wall TIME] >>> Coach.valid takes 0.598590 seconds ...
[Coach] >>> TRAIN @Epoch: 266 >>>  || LOSS Avg: 0.14110
[Wall TIME] >>> Coach.train takes 17.855022 seconds ...
[Coach] >>> TRAIN @Epoch: 267 >>>  || LOSS Avg: 0.14121
[Wall TIME] >>> Coach.train takes 17.811482 seconds ...
[Coach] >>> TRAIN @Epoch: 268 >>>  || LOSS Avg: 0.14139
[Wall TIME] >>> Coach.train takes 17.807557 seconds ...
[Coach] >>> TRAIN @Epoch: 269 >>>  || LOSS Avg: 0.14053
[Wall TIME] >>> Coach.train takes 18.280740 seconds ...
[Coach] >>> TRAIN @Epoch: 270 >>>  || LOSS Avg: 0.14020
[Wall TIME] >>> Coach.train takes 18.068170 seconds ...
[Coach] >>> VALID @Epoch: 270 >>>  || RECALL@1 Avg: 0.0122 || RECALL@10 Avg: 0.0634 || RECALL@20 Avg: 0.0986 || NDCG@10 Avg: 0.0338 || NDCG@20 Avg: 0.0428
[Wall TIME] >>> Coach.valid takes 0.593253 seconds ...
[Coach] >>> TRAIN @Epoch: 271 >>>  || LOSS Avg: 0.14102
[Wall TIME] >>> Coach.train takes 17.902196 seconds ...
[Coach] >>> TRAIN @Epoch: 272 >>>  || LOSS Avg: 0.14037
[Wall TIME] >>> Coach.train takes 17.780657 seconds ...
[Coach] >>> TRAIN @Epoch: 273 >>>  || LOSS Avg: 0.14061
[Wall TIME] >>> Coach.train takes 18.080108 seconds ...
[Coach] >>> TRAIN @Epoch: 274 >>>  || LOSS Avg: 0.14110
[Wall TIME] >>> Coach.train takes 17.775535 seconds ...
[Coach] >>> TRAIN @Epoch: 275 >>>  || LOSS Avg: 0.14039
[Wall TIME] >>> Coach.train takes 17.801196 seconds ...
[Coach] >>> VALID @Epoch: 275 >>>  || RECALL@1 Avg: 0.0121 || RECALL@10 Avg: 0.0633 || RECALL@20 Avg: 0.0991 || NDCG@10 Avg: 0.0339 || NDCG@20 Avg: 0.0430
[Wall TIME] >>> Coach.valid takes 0.577346 seconds ...
[Coach] >>> TRAIN @Epoch: 276 >>>  || LOSS Avg: 0.14063
[Wall TIME] >>> Coach.train takes 17.717120 seconds ...
[Coach] >>> TRAIN @Epoch: 277 >>>  || LOSS Avg: 0.14081
[Wall TIME] >>> Coach.train takes 18.119866 seconds ...
[Coach] >>> TRAIN @Epoch: 278 >>>  || LOSS Avg: 0.14054
[Wall TIME] >>> Coach.train takes 17.691284 seconds ...
[Coach] >>> TRAIN @Epoch: 279 >>>  || LOSS Avg: 0.14092
[Wall TIME] >>> Coach.train takes 18.343593 seconds ...
[Coach] >>> TRAIN @Epoch: 280 >>>  || LOSS Avg: 0.14059
[Wall TIME] >>> Coach.train takes 19.595151 seconds ...
[Coach] >>> VALID @Epoch: 280 >>>  || RECALL@1 Avg: 0.0118 || RECALL@10 Avg: 0.0643 || RECALL@20 Avg: 0.0987 || NDCG@10 Avg: 0.0340 || NDCG@20 Avg: 0.0428
[Wall TIME] >>> Coach.valid takes 0.624657 seconds ...
[Coach] >>> TRAIN @Epoch: 281 >>>  || LOSS Avg: 0.14087
[Wall TIME] >>> Coach.train takes 18.792892 seconds ...
[Coach] >>> TRAIN @Epoch: 282 >>>  || LOSS Avg: 0.14030
[Wall TIME] >>> Coach.train takes 17.846026 seconds ...
[Coach] >>> TRAIN @Epoch: 283 >>>  || LOSS Avg: 0.14059
[Wall TIME] >>> Coach.train takes 17.812337 seconds ...
[Coach] >>> TRAIN @Epoch: 284 >>>  || LOSS Avg: 0.14044
[Wall TIME] >>> Coach.train takes 17.733100 seconds ...
[Coach] >>> TRAIN @Epoch: 285 >>>  || LOSS Avg: 0.14012
[Wall TIME] >>> Coach.train takes 17.802997 seconds ...
[Coach] >>> VALID @Epoch: 285 >>>  || RECALL@1 Avg: 0.0122 || RECALL@10 Avg: 0.0633 || RECALL@20 Avg: 0.0984 || NDCG@10 Avg: 0.0339 || NDCG@20 Avg: 0.0428
[Wall TIME] >>> Coach.valid takes 0.591443 seconds ...
[Coach] >>> TRAIN @Epoch: 286 >>>  || LOSS Avg: 0.14056
[Wall TIME] >>> Coach.train takes 18.012127 seconds ...
[Coach] >>> TRAIN @Epoch: 287 >>>  || LOSS Avg: 0.13998
[Wall TIME] >>> Coach.train takes 17.767326 seconds ...
[Coach] >>> TRAIN @Epoch: 288 >>>  || LOSS Avg: 0.14005
[Wall TIME] >>> Coach.train takes 17.913396 seconds ...
[Coach] >>> TRAIN @Epoch: 289 >>>  || LOSS Avg: 0.13992
[Wall TIME] >>> Coach.train takes 17.747176 seconds ...
[Coach] >>> TRAIN @Epoch: 290 >>>  || LOSS Avg: 0.14034
[Wall TIME] >>> Coach.train takes 18.259476 seconds ...
[Coach] >>> VALID @Epoch: 290 >>>  || RECALL@1 Avg: 0.0126 || RECALL@10 Avg: 0.0642 || RECALL@20 Avg: 0.0981 || NDCG@10 Avg: 0.0344 || NDCG@20 Avg: 0.0431
[Wall TIME] >>> Coach.valid takes 0.595215 seconds ...
[Coach] >>> TRAIN @Epoch: 291 >>>  || LOSS Avg: 0.14017
[Wall TIME] >>> Coach.train takes 17.696059 seconds ...
[Coach] >>> TRAIN @Epoch: 292 >>>  || LOSS Avg: 0.14041
[Wall TIME] >>> Coach.train takes 17.808717 seconds ...
[Coach] >>> TRAIN @Epoch: 293 >>>  || LOSS Avg: 0.14029
[Wall TIME] >>> Coach.train takes 17.644794 seconds ...
[Coach] >>> TRAIN @Epoch: 294 >>>  || LOSS Avg: 0.13970
[Wall TIME] >>> Coach.train takes 18.222936 seconds ...
[Coach] >>> TRAIN @Epoch: 295 >>>  || LOSS Avg: 0.14004
[Wall TIME] >>> Coach.train takes 17.846319 seconds ...
[Coach] >>> VALID @Epoch: 295 >>>  || RECALL@1 Avg: 0.0123 || RECALL@10 Avg: 0.0629 || RECALL@20 Avg: 0.0979 || NDCG@10 Avg: 0.0339 || NDCG@20 Avg: 0.0428
[Wall TIME] >>> Coach.valid takes 0.602454 seconds ...
[Coach] >>> TRAIN @Epoch: 296 >>>  || LOSS Avg: 0.13957
[Wall TIME] >>> Coach.train takes 17.761422 seconds ...
[Coach] >>> TRAIN @Epoch: 297 >>>  || LOSS Avg: 0.14059
[Wall TIME] >>> Coach.train takes 17.700738 seconds ...
[Coach] >>> TRAIN @Epoch: 298 >>>  || LOSS Avg: 0.13978
[Wall TIME] >>> Coach.train takes 18.038029 seconds ...
[Coach] >>> TRAIN @Epoch: 299 >>>  || LOSS Avg: 0.13987
[Wall TIME] >>> Coach.train takes 17.929926 seconds ...
[Coach] >>> TRAIN @Epoch: 300 >>>  || LOSS Avg: 0.13998
[Wall TIME] >>> Coach.train takes 17.897540 seconds ...
[Coach] >>> VALID @Epoch: 300 >>>  || RECALL@1 Avg: 0.0122 || RECALL@10 Avg: 0.0636 || RECALL@20 Avg: 0.0983 || NDCG@10 Avg: 0.0339 || NDCG@20 Avg: 0.0427
[Wall TIME] >>> Coach.valid takes 0.595394 seconds ...
[Coach] >>> TRAIN @Epoch: 301 >>>  || LOSS Avg: 0.13970
[Wall TIME] >>> Coach.train takes 17.741112 seconds ...
[Coach] >>> TRAIN @Epoch: 302 >>>  || LOSS Avg: 0.13942
[Wall TIME] >>> Coach.train takes 17.798407 seconds ...
[Coach] >>> TRAIN @Epoch: 303 >>>  || LOSS Avg: 0.13995
[Wall TIME] >>> Coach.train takes 18.153922 seconds ...

[Epoch 228 Telemetry] BPR: 0.1405 | LHC: 6.0066 (lambda=0.000300) | Align: 6.8715 | Unif: -11.9460
[Epoch 229 Telemetry] BPR: 0.1411 | LHC: 6.0074 (lambda=0.000300) | Align: 6.8693 | Unif: -11.9508
[Gradient Diagnostics @ Epoch 230] rho_grad(BPR, LHC) = +0.2548 | Status: OK
[Epoch 230 Telemetry] BPR: 0.1400 | LHC: 6.0064 (lambda=0.000300) | Align: 6.8711 | Unif: -11.9537
[Epoch 231 Telemetry] BPR: 0.1402 | LHC: 6.0068 (lambda=0.000300) | Align: 6.8704 | Unif: -11.9408
[Epoch 232 Telemetry] BPR: 0.1407 | LHC: 6.0062 (lambda=0.000300) | Align: 6.8705 | Unif: -11.9485
[Epoch 233 Telemetry] BPR: 0.1407 | LHC: 6.0058 (lambda=0.000300) | Align: 6.8710 | Unif: -11.9304
[Epoch 234 Telemetry] BPR: 0.1405 | LHC: 6.0057 (lambda=0.000300) | Align: 6.8705 | Unif: -11.9424
[Epoch 235 Telemetry] BPR: 0.1408 | LHC: 6.0069 (lambda=0.000300) | Align: 6.8692 | Unif: -11.9343
[Epoch 236 Telemetry] BPR: 0.1401 | LHC: 6.0065 (lambda=0.000300) | Align: 6.8683 | Unif: -11.9429
[Epoch 237 Telemetry] BPR: 0.1403 | LHC: 6.0064 (lambda=0.000300) | Align: 6.8706 | Unif: -11.9373
[Epoch 238 Telemetry] BPR: 0.1404 | LHC: 6.0056 (lambda=0.000300) | Align: 6.8681 | Unif: -11.9354
[Epoch 239 Telemetry] BPR: 0.1400 | LHC: 6.0063 (lambda=0.000300) | Align: 6.8708 | Unif: -11.9335
[Gradient Diagnostics @ Epoch 240] rho_grad(BPR, LHC) = +0.2628 | Status: OK
[Epoch 240 Telemetry] BPR: 0.1402 | LHC: 6.0060 (lambda=0.000300) | Align: 6.8676 | Unif: -11.9152
[Epoch 241 Telemetry] BPR: 0.1404 | LHC: 6.0050 (lambda=0.000300) | Align: 6.8670 | Unif: -11.9399
[Epoch 242 Telemetry] BPR: 0.1398 | LHC: 6.0043 (lambda=0.000300) | Align: 6.8718 | Unif: -11.9305
[Epoch 243 Telemetry] BPR: 0.1404 | LHC: 6.0048 (lambda=0.000300) | Align: 6.8705 | Unif: -11.9416
[Epoch 244 Telemetry] BPR: 0.1402 | LHC: 6.0054 (lambda=0.000300) | Align: 6.8710 | Unif: -11.9219
[Epoch 245 Telemetry] BPR: 0.1405 | LHC: 6.0059 (lambda=0.000300) | Align: 6.8668 | Unif: -11.9170
[Epoch 246 Telemetry] BPR: 0.1394 | LHC: 6.0048 (lambda=0.000300) | Align: 6.8729 | Unif: -11.9441
[Epoch 247 Telemetry] BPR: 0.1397 | LHC: 6.0064 (lambda=0.000300) | Align: 6.8671 | Unif: -11.9168
[Epoch 248 Telemetry] BPR: 0.1396 | LHC: 6.0043 (lambda=0.000300) | Align: 6.8685 | Unif: -11.9233
[Epoch 249 Telemetry] BPR: 0.1399 | LHC: 6.0047 (lambda=0.000300) | Align: 6.8677 | Unif: -11.9256
[Gradient Diagnostics @ Epoch 250] rho_grad(BPR, LHC) = +0.2547 | Status: OK
[Epoch 250 Telemetry] BPR: 0.1396 | LHC: 6.0038 (lambda=0.000300) | Align: 6.8650 | Unif: -11.9181
[Epoch 251 Telemetry] BPR: 0.1396 | LHC: 6.0054 (lambda=0.000300) | Align: 6.8711 | Unif: -11.9170
[Epoch 252 Telemetry] BPR: 0.1393 | LHC: 6.0048 (lambda=0.000300) | Align: 6.8674 | Unif: -11.9096
[Epoch 253 Telemetry] BPR: 0.1395 | LHC: 6.0032 (lambda=0.000300) | Align: 6.8604 | Unif: -11.9117
[Epoch 254 Telemetry] BPR: 0.1401 | LHC: 6.0051 (lambda=0.000300) | Align: 6.8646 | Unif: -11.9056
[Epoch 255 Telemetry] BPR: 0.1392 | LHC: 6.0045 (lambda=0.000300) | Align: 6.8631 | Unif: -11.9154
[Epoch 256 Telemetry] BPR: 0.1393 | LHC: 6.0038 (lambda=0.000300) | Align: 6.8664 | Unif: -11.9139
[Epoch 257 Telemetry] BPR: 0.1392 | LHC: 6.0043 (lambda=0.000300) | Align: 6.8671 | Unif: -11.8960
[Epoch 258 Telemetry] BPR: 0.1395 | LHC: 6.0019 (lambda=0.000300) | Align: 6.8627 | Unif: -11.8823
[Epoch 259 Telemetry] BPR: 0.1396 | LHC: 6.0030 (lambda=0.000300) | Align: 6.8653 | Unif: -11.8969
[Gradient Diagnostics @ Epoch 260] rho_grad(BPR, LHC) = +0.2580 | Status: OK
[Epoch 260 Telemetry] BPR: 0.1393 | LHC: 6.0036 (lambda=0.000300) | Align: 6.8653 | Unif: -11.8997
[Epoch 261 Telemetry] BPR: 0.1387 | LHC: 6.0030 (lambda=0.000300) | Align: 6.8632 | Unif: -11.9097
[Epoch 262 Telemetry] BPR: 0.1394 | LHC: 6.0036 (lambda=0.000300) | Align: 6.8669 | Unif: -11.9081
[Epoch 263 Telemetry] BPR: 0.1392 | LHC: 6.0035 (lambda=0.000300) | Align: 6.8645 | Unif: -11.9023
[Epoch 264 Telemetry] BPR: 0.1392 | LHC: 6.0034 (lambda=0.000300) | Align: 6.8649 | Unif: -11.8986
[Epoch 265 Telemetry] BPR: 0.1390 | LHC: 6.0037 (lambda=0.000300) | Align: 6.8665 | Unif: -11.9044
[Epoch 266 Telemetry] BPR: 0.1393 | LHC: 6.0040 (lambda=0.000300) | Align: 6.8660 | Unif: -11.8968
[Epoch 267 Telemetry] BPR: 0.1394 | LHC: 6.0047 (lambda=0.000300) | Align: 6.8689 | Unif: -11.8945
[Epoch 268 Telemetry] BPR: 0.1396 | LHC: 6.0034 (lambda=0.000300) | Align: 6.8659 | Unif: -11.8941
[Epoch 269 Telemetry] BPR: 0.1387 | LHC: 6.0026 (lambda=0.000300) | Align: 6.8643 | Unif: -11.9026
[Gradient Diagnostics @ Epoch 270] rho_grad(BPR, LHC) = +0.2543 | Status: OK
[Epoch 270 Telemetry] BPR: 0.1384 | LHC: 6.0045 (lambda=0.000300) | Align: 6.8657 | Unif: -11.8949
[Epoch 271 Telemetry] BPR: 0.1392 | LHC: 6.0038 (lambda=0.000300) | Align: 6.8651 | Unif: -11.8841
[Epoch 272 Telemetry] BPR: 0.1386 | LHC: 6.0016 (lambda=0.000300) | Align: 6.8643 | Unif: -11.9047
[Epoch 273 Telemetry] BPR: 0.1388 | LHC: 6.0028 (lambda=0.000300) | Align: 6.8650 | Unif: -11.8799
[Epoch 274 Telemetry] BPR: 0.1393 | LHC: 6.0028 (lambda=0.000300) | Align: 6.8636 | Unif: -11.8873
[Epoch 275 Telemetry] BPR: 0.1386 | LHC: 6.0024 (lambda=0.000300) | Align: 6.8628 | Unif: -11.8879
[Epoch 276 Telemetry] BPR: 0.1388 | LHC: 6.0016 (lambda=0.000300) | Align: 6.8613 | Unif: -11.8756
[Epoch 277 Telemetry] BPR: 0.1390 | LHC: 6.0015 (lambda=0.000300) | Align: 6.8577 | Unif: -11.8794
[Epoch 278 Telemetry] BPR: 0.1388 | LHC: 6.0014 (lambda=0.000300) | Align: 6.8610 | Unif: -11.8624
[Epoch 279 Telemetry] BPR: 0.1391 | LHC: 6.0024 (lambda=0.000300) | Align: 6.8650 | Unif: -11.8942
[Gradient Diagnostics @ Epoch 280] rho_grad(BPR, LHC) = +0.2517 | Status: OK
[Epoch 280 Telemetry] BPR: 0.1388 | LHC: 6.0012 (lambda=0.000300) | Align: 6.8614 | Unif: -11.8918
[Epoch 281 Telemetry] BPR: 0.1391 | LHC: 6.0025 (lambda=0.000300) | Align: 6.8647 | Unif: -11.8876
[Epoch 282 Telemetry] BPR: 0.1385 | LHC: 6.0015 (lambda=0.000300) | Align: 6.8653 | Unif: -11.9098
[Epoch 283 Telemetry] BPR: 0.1388 | LHC: 6.0027 (lambda=0.000300) | Align: 6.8656 | Unif: -11.8885
[Epoch 284 Telemetry] BPR: 0.1386 | LHC: 6.0010 (lambda=0.000300) | Align: 6.8626 | Unif: -11.8876
[Epoch 285 Telemetry] BPR: 0.1383 | LHC: 6.0016 (lambda=0.000300) | Align: 6.8662 | Unif: -11.8844
[Epoch 286 Telemetry] BPR: 0.1388 | LHC: 6.0026 (lambda=0.000300) | Align: 6.8659 | Unif: -11.9040
[Epoch 287 Telemetry] BPR: 0.1382 | LHC: 6.0015 (lambda=0.000300) | Align: 6.8651 | Unif: -11.9012
[Epoch 288 Telemetry] BPR: 0.1383 | LHC: 6.0017 (lambda=0.000300) | Align: 6.8670 | Unif: -11.8810
[Epoch 289 Telemetry] BPR: 0.1381 | LHC: 6.0016 (lambda=0.000300) | Align: 6.8653 | Unif: -11.8928
[Gradient Diagnostics @ Epoch 290] rho_grad(BPR, LHC) = +0.2533 | Status: OK
[Epoch 290 Telemetry] BPR: 0.1385 | LHC: 6.0011 (lambda=0.000300) | Align: 6.8706 | Unif: -11.8709
[Epoch 291 Telemetry] BPR: 0.1384 | LHC: 6.0025 (lambda=0.000300) | Align: 6.8674 | Unif: -11.8779
[Epoch 292 Telemetry] BPR: 0.1386 | LHC: 6.0008 (lambda=0.000300) | Align: 6.8642 | Unif: -11.8830
[Epoch 293 Telemetry] BPR: 0.1385 | LHC: 6.0006 (lambda=0.000300) | Align: 6.8634 | Unif: -11.8970
[Epoch 294 Telemetry] BPR: 0.1379 | LHC: 6.0022 (lambda=0.000300) | Align: 6.8631 | Unif: -11.8866
[Epoch 295 Telemetry] BPR: 0.1382 | LHC: 6.0017 (lambda=0.000300) | Align: 6.8603 | Unif: -11.8753
[Epoch 296 Telemetry] BPR: 0.1378 | LHC: 6.0013 (lambda=0.000300) | Align: 6.8584 | Unif: -11.8795
[Epoch 297 Telemetry] BPR: 0.1388 | LHC: 6.0014 (lambda=0.000300) | Align: 6.8593 | Unif: -11.8570
[Epoch 298 Telemetry] BPR: 0.1380 | LHC: 6.0007 (lambda=0.000300) | Align: 6.8626 | Unif: -11.8674
[Epoch 299 Telemetry] BPR: 0.1381 | LHC: 6.0014 (lambda=0.000300) | Align: 6.8619 | Unif: -11.8642
[Gradient Diagnostics @ Epoch 300] rho_grad(BPR, LHC) = +0.2577 | Status: OK
[Epoch 300 Telemetry] BPR: 0.1382 | LHC: 6.0003 (lambda=0.000300) | Align: 6.8657 | Unif: -11.8689
[Epoch 301 Telemetry] BPR: 0.1379 | LHC: 6.0006 (lambda=0.000300) | Align: 6.8578 | Unif: -11.8662
[Epoch 302 Telemetry] BPR: 0.1376 | LHC: 6.0011 (lambda=0.000300) | Align: 6.8594 | Unif: -11.8559
[Epoch 303 Telemetry] BPR: 0.1382 | LHC: 6.0004 (lambda=0.000300) | Align: 6.8598 | Unif: -11.8704
[Epoch 304 Telemetry] BPR: 0.1382 | LHC: 6.0015 (lambda=0.000300) | Align: 6.8634 | Unif: -11.8823[Coach] >>> TRAIN @Epoch: 304 >>>  || LOSS Avg: 0.13996
[Wall TIME] >>> Coach.train takes 17.877732 seconds ...
[Coach] >>> TRAIN @Epoch: 305 >>>  || LOSS Avg: 0.13955
[Wall TIME] >>> Coach.train takes 17.960247 seconds ...
[Coach] >>> VALID @Epoch: 305 >>>  || RECALL@1 Avg: 0.0125 || RECALL@10 Avg: 0.0631 || RECALL@20 Avg: 0.0991 || NDCG@10 Avg: 0.0339 || NDCG@20 Avg: 0.0430
[Wall TIME] >>> Coach.valid takes 0.626641 seconds ...
[Coach] >>> TRAIN @Epoch: 306 >>>  || LOSS Avg: 0.13986
[Wall TIME] >>> Coach.train takes 17.736059 seconds ...
[Coach] >>> TRAIN @Epoch: 307 >>>  || LOSS Avg: 0.13961
[Wall TIME] >>> Coach.train takes 18.158486 seconds ...
[Coach] >>> TRAIN @Epoch: 308 >>>  || LOSS Avg: 0.13951
[Wall TIME] >>> Coach.train takes 17.752856 seconds ...
[Coach] >>> TRAIN @Epoch: 309 >>>  || LOSS Avg: 0.13934
[Wall TIME] >>> Coach.train takes 17.695214 seconds ...
[Coach] >>> TRAIN @Epoch: 310 >>>  || LOSS Avg: 0.13980
[Wall TIME] >>> Coach.train takes 17.933557 seconds ...
[Coach] >>> VALID @Epoch: 310 >>>  || RECALL@1 Avg: 0.0120 || RECALL@10 Avg: 0.0623 || RECALL@20 Avg: 0.0990 || NDCG@10 Avg: 0.0334 || NDCG@20 Avg: 0.0427
[Wall TIME] >>> Coach.valid takes 0.583384 seconds ...
[Coach] >>> TRAIN @Epoch: 311 >>>  || LOSS Avg: 0.13970
[Wall TIME] >>> Coach.train takes 18.068675 seconds ...
[Coach] >>> TRAIN @Epoch: 312 >>>  || LOSS Avg: 0.13909
[Wall TIME] >>> Coach.train takes 17.818198 seconds ...
[Coach] >>> TRAIN @Epoch: 313 >>>  || LOSS Avg: 0.13888
[Wall TIME] >>> Coach.train takes 17.799829 seconds ...
[Coach] >>> TRAIN @Epoch: 314 >>>  || LOSS Avg: 0.13902
[Wall TIME] >>> Coach.train takes 17.866071 seconds ...
[Coach] >>> TRAIN @Epoch: 315 >>>  || LOSS Avg: 0.13908
[Wall TIME] >>> Coach.train takes 18.165641 seconds ...
[Coach] >>> VALID @Epoch: 315 >>>  || RECALL@1 Avg: 0.0125 || RECALL@10 Avg: 0.0638 || RECALL@20 Avg: 0.0985 || NDCG@10 Avg: 0.0340 || NDCG@20 Avg: 0.0429
[Wall TIME] >>> Coach.valid takes 0.576692 seconds ...
[Coach] >>> TRAIN @Epoch: 316 >>>  || LOSS Avg: 0.13959
[Wall TIME] >>> Coach.train takes 17.655374 seconds ...
[Coach] >>> TRAIN @Epoch: 317 >>>  || LOSS Avg: 0.13929
[Wall TIME] >>> Coach.train takes 17.775292 seconds ...
[Coach] >>> TRAIN @Epoch: 318 >>>  || LOSS Avg: 0.13931
[Wall TIME] >>> Coach.train takes 17.766796 seconds ...
[Coach] >>> TRAIN @Epoch: 319 >>>  || LOSS Avg: 0.13924
[Wall TIME] >>> Coach.train takes 18.246420 seconds ...
[Coach] >>> TRAIN @Epoch: 320 >>>  || LOSS Avg: 0.13927
[Wall TIME] >>> Coach.train takes 17.986667 seconds ...
[Coach] >>> VALID @Epoch: 320 >>>  || RECALL@1 Avg: 0.0125 || RECALL@10 Avg: 0.0632 || RECALL@20 Avg: 0.0992 || NDCG@10 Avg: 0.0339 || NDCG@20 Avg: 0.0431
[Wall TIME] >>> Coach.valid takes 0.588107 seconds ...
[Coach] >>> TRAIN @Epoch: 321 >>>  || LOSS Avg: 0.13938
[Wall TIME] >>> Coach.train takes 17.669782 seconds ...
[Coach] >>> TRAIN @Epoch: 322 >>>  || LOSS Avg: 0.13936
[Wall TIME] >>> Coach.train takes 17.823242 seconds ...
[Coach] >>> TRAIN @Epoch: 323 >>>  || LOSS Avg: 0.13913
[Wall TIME] >>> Coach.train takes 18.158339 seconds ...
[Coach] >>> TRAIN @Epoch: 324 >>>  || LOSS Avg: 0.13894
[Wall TIME] >>> Coach.train takes 17.715115 seconds ...
[Coach] >>> TRAIN @Epoch: 325 >>>  || LOSS Avg: 0.13892
[Wall TIME] >>> Coach.train takes 17.713195 seconds ...
[Coach] >>> VALID @Epoch: 325 >>>  || RECALL@1 Avg: 0.0124 || RECALL@10 Avg: 0.0635 || RECALL@20 Avg: 0.1000 || NDCG@10 Avg: 0.0340 || NDCG@20 Avg: 0.0433
[Wall TIME] >>> Coach.valid takes 0.587581 seconds ...
[Coach] >>> TRAIN @Epoch: 326 >>>  || LOSS Avg: 0.13881
[Wall TIME] >>> Coach.train takes 17.649180 seconds ...
[Coach] >>> TRAIN @Epoch: 327 >>>  || LOSS Avg: 0.13899
[Wall TIME] >>> Coach.train takes 18.077042 seconds ...
[Coach] >>> TRAIN @Epoch: 328 >>>  || LOSS Avg: 0.13877
[Wall TIME] >>> Coach.train takes 17.691301 seconds ...
[Coach] >>> TRAIN @Epoch: 329 >>>  || LOSS Avg: 0.13935
[Wall TIME] >>> Coach.train takes 17.662400 seconds ...
[Coach] >>> TRAIN @Epoch: 330 >>>  || LOSS Avg: 0.13910
[Wall TIME] >>> Coach.train takes 17.827632 seconds ...
[Coach] >>> VALID @Epoch: 330 >>>  || RECALL@1 Avg: 0.0123 || RECALL@10 Avg: 0.0629 || RECALL@20 Avg: 0.0989 || NDCG@10 Avg: 0.0338 || NDCG@20 Avg: 0.0429
[Wall TIME] >>> Coach.valid takes 0.582242 seconds ...
[Coach] >>> TRAIN @Epoch: 331 >>>  || LOSS Avg: 0.13875
[Wall TIME] >>> Coach.train takes 17.772294 seconds ...
[Coach] >>> TRAIN @Epoch: 332 >>>  || LOSS Avg: 0.13843
[Wall TIME] >>> Coach.train takes 18.225500 seconds ...
[Coach] >>> TRAIN @Epoch: 333 >>>  || LOSS Avg: 0.13902
[Wall TIME] >>> Coach.train takes 17.744992 seconds ...
[Coach] >>> TRAIN @Epoch: 334 >>>  || LOSS Avg: 0.13828
[Wall TIME] >>> Coach.train takes 17.862699 seconds ...
[Coach] >>> TRAIN @Epoch: 335 >>>  || LOSS Avg: 0.13876
[Wall TIME] >>> Coach.train takes 17.896107 seconds ...
[Coach] >>> VALID @Epoch: 335 >>>  || RECALL@1 Avg: 0.0123 || RECALL@10 Avg: 0.0629 || RECALL@20 Avg: 0.0989 || NDCG@10 Avg: 0.0339 || NDCG@20 Avg: 0.0431
[Wall TIME] >>> Coach.valid takes 0.605829 seconds ...
[Coach] >>> TRAIN @Epoch: 336 >>>  || LOSS Avg: 0.13836
[Wall TIME] >>> Coach.train takes 18.185968 seconds ...
[Coach] >>> TRAIN @Epoch: 337 >>>  || LOSS Avg: 0.13871
[Wall TIME] >>> Coach.train takes 17.691808 seconds ...
[Coach] >>> TRAIN @Epoch: 338 >>>  || LOSS Avg: 0.13879
[Wall TIME] >>> Coach.train takes 17.727353 seconds ...
[Coach] >>> TRAIN @Epoch: 339 >>>  || LOSS Avg: 0.13913
[Wall TIME] >>> Coach.train takes 17.865263 seconds ...
[Coach] >>> TRAIN @Epoch: 340 >>>  || LOSS Avg: 0.13852
[Wall TIME] >>> Coach.train takes 18.532475 seconds ...
[Coach] >>> VALID @Epoch: 340 >>>  || RECALL@1 Avg: 0.0126 || RECALL@10 Avg: 0.0635 || RECALL@20 Avg: 0.0987 || NDCG@10 Avg: 0.0341 || NDCG@20 Avg: 0.0430
[Wall TIME] >>> Coach.valid takes 0.611473 seconds ...
[Coach] >>> TRAIN @Epoch: 341 >>>  || LOSS Avg: 0.13849
[Wall TIME] >>> Coach.train takes 17.837021 seconds ...
[Coach] >>> TRAIN @Epoch: 342 >>>  || LOSS Avg: 0.13884
[Wall TIME] >>> Coach.train takes 17.883542 seconds ...
[Coach] >>> TRAIN @Epoch: 343 >>>  || LOSS Avg: 0.13883
[Wall TIME] >>> Coach.train takes 17.835269 seconds ...
[Coach] >>> TRAIN @Epoch: 344 >>>  || LOSS Avg: 0.13869
[Wall TIME] >>> Coach.train takes 18.169405 seconds ...
[Coach] >>> TRAIN @Epoch: 345 >>>  || LOSS Avg: 0.13861
[Wall TIME] >>> Coach.train takes 17.556075 seconds ...
[Coach] >>> VALID @Epoch: 345 >>>  || RECALL@1 Avg: 0.0126 || RECALL@10 Avg: 0.0634 || RECALL@20 Avg: 0.0985 || NDCG@10 Avg: 0.0342 || NDCG@20 Avg: 0.0431
[Wall TIME] >>> Coach.valid takes 0.576029 seconds ...
[Coach] >>> TRAIN @Epoch: 346 >>>  || LOSS Avg: 0.13857
[Wall TIME] >>> Coach.train takes 17.385284 seconds ...
[Coach] >>> TRAIN @Epoch: 347 >>>  || LOSS Avg: 0.13785
[Wall TIME] >>> Coach.train takes 17.431641 seconds ...
[Coach] >>> TRAIN @Epoch: 348 >>>  || LOSS Avg: 0.13794
[Wall TIME] >>> Coach.train takes 17.751440 seconds ...
[Coach] >>> TRAIN @Epoch: 349 >>>  || LOSS Avg: 0.13821
[Wall TIME] >>> Coach.train takes 17.270839 seconds ...
[Coach] >>> TRAIN @Epoch: 350 >>>  || LOSS Avg: 0.13860
[Wall TIME] >>> Coach.train takes 17.433204 seconds ...
[Coach] >>> VALID @Epoch: 350 >>>  || RECALL@1 Avg: 0.0122 || RECALL@10 Avg: 0.0635 || RECALL@20 Avg: 0.0980 || NDCG@10 Avg: 0.0340 || NDCG@20 Avg: 0.0428
[Wall TIME] >>> Coach.valid takes 0.579843 seconds ...
[Coach] >>> TRAIN @Epoch: 351 >>>  || LOSS Avg: 0.13873
[Wall TIME] >>> Coach.train takes 17.220845 seconds ...
[Coach] >>> TRAIN @Epoch: 352 >>>  || LOSS Avg: 0.13853
[Wall TIME] >>> Coach.train takes 18.292303 seconds ...
[Coach] >>> TRAIN @Epoch: 353 >>>  || LOSS Avg: 0.13788
[Wall TIME] >>> Coach.train takes 17.749840 seconds ...
[Coach] >>> TRAIN @Epoch: 354 >>>  || LOSS Avg: 0.13881
[Wall TIME] >>> Coach.train takes 17.920158 seconds ...
[Coach] >>> TRAIN @Epoch: 355 >>>  || LOSS Avg: 0.13825
[Wall TIME] >>> Coach.train takes 18.030065 seconds ...
[Coach] >>> VALID @Epoch: 355 >>>  || RECALL@1 Avg: 0.0124 || RECALL@10 Avg: 0.0639 || RECALL@20 Avg: 0.0994 || NDCG@10 Avg: 0.0342 || NDCG@20 Avg: 0.0432
[Wall TIME] >>> Coach.valid takes 0.591235 seconds ...
[Coach] >>> TRAIN @Epoch: 356 >>>  || LOSS Avg: 0.13861
[Wall TIME] >>> Coach.train takes 18.184546 seconds ...
[Coach] >>> TRAIN @Epoch: 357 >>>  || LOSS Avg: 0.13820
[Wall TIME] >>> Coach.train takes 18.151226 seconds ...
[Coach] >>> TRAIN @Epoch: 358 >>>  || LOSS Avg: 0.13819
[Wall TIME] >>> Coach.train takes 18.215459 seconds ...
[Coach] >>> TRAIN @Epoch: 359 >>>  || LOSS Avg: 0.13892
[Wall TIME] >>> Coach.train takes 17.628847 seconds ...
[Coach] >>> TRAIN @Epoch: 360 >>>  || LOSS Avg: 0.13814
[Wall TIME] >>> Coach.train takes 17.517456 seconds ...
[Coach] >>> VALID @Epoch: 360 >>>  || RECALL@1 Avg: 0.0127 || RECALL@10 Avg: 0.0635 || RECALL@20 Avg: 0.0993 || NDCG@10 Avg: 0.0341 || NDCG@20 Avg: 0.0432
[Wall TIME] >>> Coach.valid takes 0.575355 seconds ...
[Coach] >>> TRAIN @Epoch: 361 >>>  || LOSS Avg: 0.13859
[Wall TIME] >>> Coach.train takes 17.643579 seconds ...
[Coach] >>> TRAIN @Epoch: 362 >>>  || LOSS Avg: 0.13753
[Wall TIME] >>> Coach.train takes 17.418212 seconds ...
[Coach] >>> TRAIN @Epoch: 363 >>>  || LOSS Avg: 0.13772
[Wall TIME] >>> Coach.train takes 17.282274 seconds ...
[Coach] >>> TRAIN @Epoch: 364 >>>  || LOSS Avg: 0.13896
[Wall TIME] >>> Coach.train takes 17.365091 seconds ...
[Coach] >>> TRAIN @Epoch: 365 >>>  || LOSS Avg: 0.13844
[Wall TIME] >>> Coach.train takes 17.862940 seconds ...
[Coach] >>> VALID @Epoch: 365 >>>  || RECALL@1 Avg: 0.0129 || RECALL@10 Avg: 0.0639 || RECALL@20 Avg: 0.0993 || NDCG@10 Avg: 0.0343 || NDCG@20 Avg: 0.0433
[Wall TIME] >>> Coach.valid takes 0.565436 seconds ...
[Coach] >>> TRAIN @Epoch: 366 >>>  || LOSS Avg: 0.13766
[Wall TIME] >>> Coach.train takes 17.247684 seconds ...
[Coach] >>> TRAIN @Epoch: 367 >>>  || LOSS Avg: 0.13803
[Wall TIME] >>> Coach.train takes 17.310197 seconds ...
[Coach] >>> TRAIN @Epoch: 368 >>>  || LOSS Avg: 0.13769
[Wall TIME] >>> Coach.train takes 17.245830 seconds ...
[Coach] >>> TRAIN @Epoch: 369 >>>  || LOSS Avg: 0.13815
[Wall TIME] >>> Coach.train takes 17.718051 seconds ...
[Coach] >>> TRAIN @Epoch: 370 >>>  || LOSS Avg: 0.13813
[Wall TIME] >>> Coach.train takes 17.553245 seconds ...
[Coach] >>> VALID @Epoch: 370 >>>  || RECALL@1 Avg: 0.0129 || RECALL@10 Avg: 0.0639 || RECALL@20 Avg: 0.0993 || NDCG@10 Avg: 0.0344 || NDCG@20 Avg: 0.0434
[Wall TIME] >>> Coach.valid takes 0.589316 seconds ...
[Coach] >>> TRAIN @Epoch: 371 >>>  || LOSS Avg: 0.13805
[Wall TIME] >>> Coach.train takes 17.271653 seconds ...
[Coach] >>> TRAIN @Epoch: 372 >>>  || LOSS Avg: 0.13770
[Wall TIME] >>> Coach.train takes 17.369732 seconds ...
[Coach] >>> TRAIN @Epoch: 373 >>>  || LOSS Avg: 0.13741
[Wall TIME] >>> Coach.train takes 17.568179 seconds ...
[Coach] >>> TRAIN @Epoch: 374 >>>  || LOSS Avg: 0.13798
[Wall TIME] >>> Coach.train takes 17.300142 seconds ...
[Coach] >>> TRAIN @Epoch: 375 >>>  || LOSS Avg: 0.13832
[Wall TIME] >>> Coach.train takes 17.443975 seconds ...
[Coach] >>> VALID @Epoch: 375 >>>  || RECALL@1 Avg: 0.0124 || RECALL@10 Avg: 0.0640 || RECALL@20 Avg: 0.0993 || NDCG@10 Avg: 0.0342 || NDCG@20 Avg: 0.0431
[Wall TIME] >>> Coach.valid takes 0.585487 seconds ...
[Coach] >>> TRAIN @Epoch: 376 >>>  || LOSS Avg: 0.13743
[Wall TIME] >>> Coach.train takes 17.317671 seconds ...
[Coach] >>> TRAIN @Epoch: 377 >>>  || LOSS Avg: 0.13818
[Wall TIME] >>> Coach.train takes 17.320809 seconds ...
[Coach] >>> TRAIN @Epoch: 378 >>>  || LOSS Avg: 0.13795
[Wall TIME] >>> Coach.train takes 17.575464 seconds ...
[Coach] >>> TRAIN @Epoch: 379 >>>  || LOSS Avg: 0.13782
[Wall TIME] >>> Coach.train takes 17.253454 seconds ...
[Coach] >>> TRAIN @Epoch: 380 >>>  || LOSS Avg: 0.13749
[Wall TIME] >>> Coach.train takes 17.533031 seconds ...
[Coach] >>> VALID @Epoch: 380 >>>  || RECALL@1 Avg: 0.0122 || RECALL@10 Avg: 0.0627 || RECALL@20 Avg: 0.0989 || NDCG@10 Avg: 0.0338 || NDCG@20 Avg: 0.0430
[Wall TIME] >>> Coach.valid takes 0.570724 seconds ...

[Epoch 305 Telemetry] BPR: 0.1378 | LHC: 5.9987 (lambda=0.000300) | Align: 6.8576 | Unif: -11.8667
[Epoch 306 Telemetry] BPR: 0.1381 | LHC: 6.0002 (lambda=0.000300) | Align: 6.8595 | Unif: -11.8532
[Epoch 307 Telemetry] BPR: 0.1378 | LHC: 6.0000 (lambda=0.000300) | Align: 6.8607 | Unif: -11.8697
[Epoch 308 Telemetry] BPR: 0.1377 | LHC: 6.0003 (lambda=0.000300) | Align: 6.8621 | Unif: -11.8687
[Epoch 309 Telemetry] BPR: 0.1375 | LHC: 6.0009 (lambda=0.000300) | Align: 6.8604 | Unif: -11.8735
[Gradient Diagnostics @ Epoch 310] rho_grad(BPR, LHC) = +0.2466 | Status: OK
[Epoch 310 Telemetry] BPR: 0.1380 | LHC: 6.0012 (lambda=0.000300) | Align: 6.8578 | Unif: -11.8605
[Epoch 311 Telemetry] BPR: 0.1379 | LHC: 5.9992 (lambda=0.000300) | Align: 6.8572 | Unif: -11.8713
[Epoch 312 Telemetry] BPR: 0.1373 | LHC: 6.0004 (lambda=0.000300) | Align: 6.8620 | Unif: -11.8607
[Epoch 313 Telemetry] BPR: 0.1371 | LHC: 5.9997 (lambda=0.000300) | Align: 6.8621 | Unif: -11.8546
[Epoch 314 Telemetry] BPR: 0.1372 | LHC: 5.9999 (lambda=0.000300) | Align: 6.8617 | Unif: -11.8780
[Epoch 315 Telemetry] BPR: 0.1373 | LHC: 5.9996 (lambda=0.000300) | Align: 6.8591 | Unif: -11.8750
[Epoch 316 Telemetry] BPR: 0.1378 | LHC: 5.9998 (lambda=0.000300) | Align: 6.8610 | Unif: -11.8673
[Epoch 317 Telemetry] BPR: 0.1375 | LHC: 5.9994 (lambda=0.000300) | Align: 6.8596 | Unif: -11.8895
[Epoch 318 Telemetry] BPR: 0.1375 | LHC: 5.9983 (lambda=0.000300) | Align: 6.8593 | Unif: -11.8763
[Epoch 319 Telemetry] BPR: 0.1375 | LHC: 6.0010 (lambda=0.000300) | Align: 6.8623 | Unif: -11.8633
[Gradient Diagnostics @ Epoch 320] rho_grad(BPR, LHC) = +0.2499 | Status: OK
[Epoch 320 Telemetry] BPR: 0.1375 | LHC: 6.0002 (lambda=0.000300) | Align: 6.8600 | Unif: -11.8626
[Epoch 321 Telemetry] BPR: 0.1376 | LHC: 5.9985 (lambda=0.000300) | Align: 6.8597 | Unif: -11.8767
[Epoch 322 Telemetry] BPR: 0.1376 | LHC: 5.9999 (lambda=0.000300) | Align: 6.8594 | Unif: -11.8732
[Epoch 323 Telemetry] BPR: 0.1373 | LHC: 5.9998 (lambda=0.000300) | Align: 6.8626 | Unif: -11.8655
[Epoch 324 Telemetry] BPR: 0.1372 | LHC: 5.9990 (lambda=0.000300) | Align: 6.8605 | Unif: -11.8848
[Epoch 325 Telemetry] BPR: 0.1371 | LHC: 6.0008 (lambda=0.000300) | Align: 6.8588 | Unif: -11.8721
[Epoch 326 Telemetry] BPR: 0.1370 | LHC: 5.9981 (lambda=0.000300) | Align: 6.8586 | Unif: -11.8830
[Epoch 327 Telemetry] BPR: 0.1372 | LHC: 5.9994 (lambda=0.000300) | Align: 6.8599 | Unif: -11.8669
[Epoch 328 Telemetry] BPR: 0.1370 | LHC: 5.9995 (lambda=0.000300) | Align: 6.8578 | Unif: -11.8662
[Epoch 329 Telemetry] BPR: 0.1375 | LHC: 5.9992 (lambda=0.000300) | Align: 6.8563 | Unif: -11.8573
[Gradient Diagnostics @ Epoch 330] rho_grad(BPR, LHC) = +0.2645 | Status: OK
[Epoch 330 Telemetry] BPR: 0.1373 | LHC: 5.9991 (lambda=0.000300) | Align: 6.8592 | Unif: -11.8409
[Epoch 331 Telemetry] BPR: 0.1369 | LHC: 5.9996 (lambda=0.000300) | Align: 6.8592 | Unif: -11.8728
[Epoch 332 Telemetry] BPR: 0.1366 | LHC: 6.0001 (lambda=0.000300) | Align: 6.8584 | Unif: -11.8660
[Epoch 333 Telemetry] BPR: 0.1372 | LHC: 5.9980 (lambda=0.000300) | Align: 6.8581 | Unif: -11.8639
[Epoch 334 Telemetry] BPR: 0.1365 | LHC: 5.9997 (lambda=0.000300) | Align: 6.8600 | Unif: -11.8658
[Epoch 335 Telemetry] BPR: 0.1370 | LHC: 5.9996 (lambda=0.000300) | Align: 6.8563 | Unif: -11.8602
[Epoch 336 Telemetry] BPR: 0.1366 | LHC: 5.9986 (lambda=0.000300) | Align: 6.8582 | Unif: -11.8455
[Epoch 337 Telemetry] BPR: 0.1369 | LHC: 5.9986 (lambda=0.000300) | Align: 6.8557 | Unif: -11.8365
[Epoch 338 Telemetry] BPR: 0.1370 | LHC: 5.9976 (lambda=0.000300) | Align: 6.8570 | Unif: -11.8464
[Epoch 339 Telemetry] BPR: 0.1373 | LHC: 5.9978 (lambda=0.000300) | Align: 6.8575 | Unif: -11.8537
[Gradient Diagnostics @ Epoch 340] rho_grad(BPR, LHC) = +0.2670 | Status: OK
[Epoch 340 Telemetry] BPR: 0.1367 | LHC: 5.9982 (lambda=0.000300) | Align: 6.8550 | Unif: -11.8540
[Epoch 341 Telemetry] BPR: 0.1367 | LHC: 5.9997 (lambda=0.000300) | Align: 6.8571 | Unif: -11.8366
[Epoch 342 Telemetry] BPR: 0.1370 | LHC: 5.9995 (lambda=0.000300) | Align: 6.8541 | Unif: -11.8330
[Epoch 343 Telemetry] BPR: 0.1370 | LHC: 5.9986 (lambda=0.000300) | Align: 6.8540 | Unif: -11.8315
[Epoch 344 Telemetry] BPR: 0.1369 | LHC: 5.9999 (lambda=0.000300) | Align: 6.8604 | Unif: -11.8325
[Epoch 345 Telemetry] BPR: 0.1368 | LHC: 5.9976 (lambda=0.000300) | Align: 6.8559 | Unif: -11.8316
[Epoch 346 Telemetry] BPR: 0.1368 | LHC: 5.9979 (lambda=0.000300) | Align: 6.8561 | Unif: -11.8229
[Epoch 347 Telemetry] BPR: 0.1360 | LHC: 5.9999 (lambda=0.000300) | Align: 6.8569 | Unif: -11.8123
[Epoch 348 Telemetry] BPR: 0.1361 | LHC: 5.9995 (lambda=0.000300) | Align: 6.8535 | Unif: -11.8211
[Epoch 349 Telemetry] BPR: 0.1364 | LHC: 5.9992 (lambda=0.000300) | Align: 6.8499 | Unif: -11.8267
[Gradient Diagnostics @ Epoch 350] rho_grad(BPR, LHC) = +0.2592 | Status: OK
[Epoch 350 Telemetry] BPR: 0.1368 | LHC: 5.9989 (lambda=0.000300) | Align: 6.8540 | Unif: -11.8142
[Epoch 351 Telemetry] BPR: 0.1369 | LHC: 5.9983 (lambda=0.000300) | Align: 6.8545 | Unif: -11.8127
[Epoch 352 Telemetry] BPR: 0.1367 | LHC: 5.9980 (lambda=0.000300) | Align: 6.8508 | Unif: -11.8171
[Epoch 353 Telemetry] BPR: 0.1361 | LHC: 5.9978 (lambda=0.000300) | Align: 6.8536 | Unif: -11.8150
[Epoch 354 Telemetry] BPR: 0.1370 | LHC: 5.9976 (lambda=0.000300) | Align: 6.8522 | Unif: -11.8256
[Epoch 355 Telemetry] BPR: 0.1365 | LHC: 5.9971 (lambda=0.000300) | Align: 6.8520 | Unif: -11.8314
[Epoch 356 Telemetry] BPR: 0.1368 | LHC: 5.9985 (lambda=0.000300) | Align: 6.8525 | Unif: -11.8077
[Epoch 357 Telemetry] BPR: 0.1364 | LHC: 5.9995 (lambda=0.000300) | Align: 6.8554 | Unif: -11.8158
[Epoch 358 Telemetry] BPR: 0.1364 | LHC: 5.9983 (lambda=0.000300) | Align: 6.8543 | Unif: -11.8096
[Epoch 359 Telemetry] BPR: 0.1371 | LHC: 5.9981 (lambda=0.000300) | Align: 6.8536 | Unif: -11.8213
[Gradient Diagnostics @ Epoch 360] rho_grad(BPR, LHC) = +0.2545 | Status: OK
[Epoch 360 Telemetry] BPR: 0.1363 | LHC: 5.9978 (lambda=0.000300) | Align: 6.8521 | Unif: -11.7985
[Epoch 361 Telemetry] BPR: 0.1368 | LHC: 5.9982 (lambda=0.000300) | Align: 6.8564 | Unif: -11.8026
[Epoch 362 Telemetry] BPR: 0.1357 | LHC: 5.9982 (lambda=0.000300) | Align: 6.8562 | Unif: -11.8032
[Epoch 363 Telemetry] BPR: 0.1359 | LHC: 5.9984 (lambda=0.000300) | Align: 6.8550 | Unif: -11.7894
[Epoch 364 Telemetry] BPR: 0.1372 | LHC: 5.9963 (lambda=0.000300) | Align: 6.8532 | Unif: -11.7842
[Epoch 365 Telemetry] BPR: 0.1367 | LHC: 5.9988 (lambda=0.000300) | Align: 6.8548 | Unif: -11.7864
[Epoch 366 Telemetry] BPR: 0.1359 | LHC: 5.9989 (lambda=0.000300) | Align: 6.8560 | Unif: -11.7829
[Epoch 367 Telemetry] BPR: 0.1362 | LHC: 5.9976 (lambda=0.000300) | Align: 6.8545 | Unif: -11.7962
[Epoch 368 Telemetry] BPR: 0.1359 | LHC: 5.9976 (lambda=0.000300) | Align: 6.8518 | Unif: -11.7948
[Epoch 369 Telemetry] BPR: 0.1364 | LHC: 5.9976 (lambda=0.000300) | Align: 6.8530 | Unif: -11.7918
[Gradient Diagnostics @ Epoch 370] rho_grad(BPR, LHC) = +0.2583 | Status: OK
[Epoch 370 Telemetry] BPR: 0.1363 | LHC: 5.9993 (lambda=0.000300) | Align: 6.8527 | Unif: -11.7997
[Epoch 371 Telemetry] BPR: 0.1363 | LHC: 5.9984 (lambda=0.000300) | Align: 6.8505 | Unif: -11.8060
[Epoch 372 Telemetry] BPR: 0.1359 | LHC: 5.9983 (lambda=0.000300) | Align: 6.8500 | Unif: -11.8096
[Epoch 373 Telemetry] BPR: 0.1356 | LHC: 5.9967 (lambda=0.000300) | Align: 6.8513 | Unif: -11.7979
[Epoch 374 Telemetry] BPR: 0.1362 | LHC: 5.9974 (lambda=0.000300) | Align: 6.8544 | Unif: -11.8107
[Epoch 375 Telemetry] BPR: 0.1365 | LHC: 5.9974 (lambda=0.000300) | Align: 6.8522 | Unif: -11.8038
[Epoch 376 Telemetry] BPR: 0.1356 | LHC: 5.9980 (lambda=0.000300) | Align: 6.8558 | Unif: -11.8098
[Epoch 377 Telemetry] BPR: 0.1364 | LHC: 5.9983 (lambda=0.000300) | Align: 6.8546 | Unif: -11.8215
[Epoch 378 Telemetry] BPR: 0.1362 | LHC: 5.9964 (lambda=0.000300) | Align: 6.8505 | Unif: -11.8003
[Epoch 379 Telemetry] BPR: 0.1360 | LHC: 5.9969 (lambda=0.000300) | Align: 6.8510 | Unif: -11.7840
[Gradient Diagnostics @ Epoch 380] rho_grad(BPR, LHC) = +0.2436 | Status: OK
[Epoch 380 Telemetry] BPR: 0.1357 | LHC: 5.9973 (lambda=0.000300) | Align: 6.8506 | Unif: -11.8127
[Epoch 381 Telemetry] BPR: 0.1356 | LHC: 5.9979 (lambda=0.000300) | Align: 6.8516 | Unif: -11.8146[Coach] >>> TRAIN @Epoch: 381 >>>  || LOSS Avg: 0.13733
[Wall TIME] >>> Coach.train takes 17.255877 seconds ...
[Coach] >>> TRAIN @Epoch: 382 >>>  || LOSS Avg: 0.13833
[Wall TIME] >>> Coach.train takes 17.746316 seconds ...
[Coach] >>> TRAIN @Epoch: 383 >>>  || LOSS Avg: 0.13688
[Wall TIME] >>> Coach.train takes 17.229049 seconds ...
[Coach] >>> TRAIN @Epoch: 384 >>>  || LOSS Avg: 0.13752
[Wall TIME] >>> Coach.train takes 17.270257 seconds ...
[Coach] >>> TRAIN @Epoch: 385 >>>  || LOSS Avg: 0.13787
[Wall TIME] >>> Coach.train takes 17.300300 seconds ...
[Coach] >>> VALID @Epoch: 385 >>>  || RECALL@1 Avg: 0.0122 || RECALL@10 Avg: 0.0634 || RECALL@20 Avg: 0.0992 || NDCG@10 Avg: 0.0339 || NDCG@20 Avg: 0.0430
[Wall TIME] >>> Coach.valid takes 0.569580 seconds ...
[Coach] >>> TRAIN @Epoch: 386 >>>  || LOSS Avg: 0.13759
[Wall TIME] >>> Coach.train takes 17.568618 seconds ...
[Coach] >>> TRAIN @Epoch: 387 >>>  || LOSS Avg: 0.13710
[Wall TIME] >>> Coach.train takes 17.214672 seconds ...
[Coach] >>> TRAIN @Epoch: 388 >>>  || LOSS Avg: 0.13745
[Wall TIME] >>> Coach.train takes 17.316381 seconds ...
[Coach] >>> TRAIN @Epoch: 389 >>>  || LOSS Avg: 0.13732
[Wall TIME] >>> Coach.train takes 17.256922 seconds ...
[Coach] >>> TRAIN @Epoch: 390 >>>  || LOSS Avg: 0.13785
[Wall TIME] >>> Coach.train takes 17.695584 seconds ...
[Coach] >>> VALID @Epoch: 390 >>>  || RECALL@1 Avg: 0.0125 || RECALL@10 Avg: 0.0625 || RECALL@20 Avg: 0.0991 || NDCG@10 Avg: 0.0337 || NDCG@20 Avg: 0.0431
[Wall TIME] >>> Coach.valid takes 0.571035 seconds ...
[Coach] >>> TRAIN @Epoch: 391 >>>  || LOSS Avg: 0.13748
[Wall TIME] >>> Coach.train takes 17.264027 seconds ...
[Coach] >>> TRAIN @Epoch: 392 >>>  || LOSS Avg: 0.13713
[Wall TIME] >>> Coach.train takes 17.301008 seconds ...
[Coach] >>> TRAIN @Epoch: 393 >>>  || LOSS Avg: 0.13764
[Wall TIME] >>> Coach.train takes 17.409876 seconds ...
[Coach] >>> TRAIN @Epoch: 394 >>>  || LOSS Avg: 0.13720
[Wall TIME] >>> Coach.train takes 17.642793 seconds ...
[Coach] >>> TRAIN @Epoch: 395 >>>  || LOSS Avg: 0.13727
[Wall TIME] >>> Coach.train takes 17.312896 seconds ...
[Coach] >>> VALID @Epoch: 395 >>>  || RECALL@1 Avg: 0.0123 || RECALL@10 Avg: 0.0633 || RECALL@20 Avg: 0.0990 || NDCG@10 Avg: 0.0338 || NDCG@20 Avg: 0.0429
[Wall TIME] >>> Coach.valid takes 0.575996 seconds ...
[Coach] >>> TRAIN @Epoch: 396 >>>  || LOSS Avg: 0.13747
[Wall TIME] >>> Coach.train takes 17.337366 seconds ...
[Coach] >>> TRAIN @Epoch: 397 >>>  || LOSS Avg: 0.13776
[Wall TIME] >>> Coach.train takes 17.379361 seconds ...
[Coach] >>> TRAIN @Epoch: 398 >>>  || LOSS Avg: 0.13694
[Wall TIME] >>> Coach.train takes 18.144155 seconds ...
[Coach] >>> TRAIN @Epoch: 399 >>>  || LOSS Avg: 0.13716
[Wall TIME] >>> Coach.train takes 17.591762 seconds ...
[Coach] >>> TRAIN @Epoch: 400 >>>  || LOSS Avg: 0.13775
[Wall TIME] >>> Coach.train takes 17.713132 seconds ...
[Coach] >>> VALID @Epoch: 400 >>>  || RECALL@1 Avg: 0.0120 || RECALL@10 Avg: 0.0631 || RECALL@20 Avg: 0.1000 || NDCG@10 Avg: 0.0336 || NDCG@20 Avg: 0.0430
[Wall TIME] >>> Coach.valid takes 0.581304 seconds ...
[Coach] >>> TRAIN @Epoch: 401 >>>  || LOSS Avg: 0.13800
[Wall TIME] >>> Coach.train takes 17.662961 seconds ...
[Coach] >>> TRAIN @Epoch: 402 >>>  || LOSS Avg: 0.13762
[Wall TIME] >>> Coach.train takes 18.647370 seconds ...
[Coach] >>> TRAIN @Epoch: 403 >>>  || LOSS Avg: 0.13790
[Wall TIME] >>> Coach.train takes 17.709788 seconds ...
[Coach] >>> TRAIN @Epoch: 404 >>>  || LOSS Avg: 0.13726
[Wall TIME] >>> Coach.train takes 17.645080 seconds ...
[Coach] >>> TRAIN @Epoch: 405 >>>  || LOSS Avg: 0.13774
[Wall TIME] >>> Coach.train takes 17.504731 seconds ...
[Coach] >>> VALID @Epoch: 405 >>>  || RECALL@1 Avg: 0.0119 || RECALL@10 Avg: 0.0637 || RECALL@20 Avg: 0.0997 || NDCG@10 Avg: 0.0339 || NDCG@20 Avg: 0.0430
[Wall TIME] >>> Coach.valid takes 0.586363 seconds ...
[Coach] >>> TRAIN @Epoch: 406 >>>  || LOSS Avg: 0.13792
[Wall TIME] >>> Coach.train takes 17.373913 seconds ...
[Coach] >>> TRAIN @Epoch: 407 >>>  || LOSS Avg: 0.13737
[Wall TIME] >>> Coach.train takes 17.682878 seconds ...
[Coach] >>> TRAIN @Epoch: 408 >>>  || LOSS Avg: 0.13736
[Wall TIME] >>> Coach.train takes 17.396345 seconds ...
[Coach] >>> TRAIN @Epoch: 409 >>>  || LOSS Avg: 0.13725
[Wall TIME] >>> Coach.train takes 17.335352 seconds ...
[Coach] >>> TRAIN @Epoch: 410 >>>  || LOSS Avg: 0.13711
[Wall TIME] >>> Coach.train takes 17.715815 seconds ...
[Coach] >>> VALID @Epoch: 410 >>>  || RECALL@1 Avg: 0.0120 || RECALL@10 Avg: 0.0638 || RECALL@20 Avg: 0.0991 || NDCG@10 Avg: 0.0339 || NDCG@20 Avg: 0.0429
[Wall TIME] >>> Coach.valid takes 0.576537 seconds ...
[Coach] >>> TRAIN @Epoch: 411 >>>  || LOSS Avg: 0.13733
[Wall TIME] >>> Coach.train takes 17.752930 seconds ...
[Coach] >>> TRAIN @Epoch: 412 >>>  || LOSS Avg: 0.13737
[Wall TIME] >>> Coach.train takes 17.463614 seconds ...
[Coach] >>> TRAIN @Epoch: 413 >>>  || LOSS Avg: 0.13776
[Wall TIME] >>> Coach.train takes 17.361497 seconds ...
[Coach] >>> TRAIN @Epoch: 414 >>>  || LOSS Avg: 0.13719
[Wall TIME] >>> Coach.train takes 17.292297 seconds ...
[Coach] >>> TRAIN @Epoch: 415 >>>  || LOSS Avg: 0.13742
[Wall TIME] >>> Coach.train takes 17.674795 seconds ...
[Coach] >>> VALID @Epoch: 415 >>>  || RECALL@1 Avg: 0.0122 || RECALL@10 Avg: 0.0634 || RECALL@20 Avg: 0.0987 || NDCG@10 Avg: 0.0338 || NDCG@20 Avg: 0.0428
[Wall TIME] >>> Coach.valid takes 0.568553 seconds ...
[Coach] >>> TRAIN @Epoch: 416 >>>  || LOSS Avg: 0.13658
[Wall TIME] >>> Coach.train takes 17.240946 seconds ...
[Coach] >>> TRAIN @Epoch: 417 >>>  || LOSS Avg: 0.13705
[Wall TIME] >>> Coach.train takes 17.245329 seconds ...
[Coach] >>> TRAIN @Epoch: 418 >>>  || LOSS Avg: 0.13711
[Wall TIME] >>> Coach.train takes 17.281725 seconds ...
[Coach] >>> TRAIN @Epoch: 419 >>>  || LOSS Avg: 0.13689
[Wall TIME] >>> Coach.train takes 17.642040 seconds ...
[Coach] >>> TRAIN @Epoch: 420 >>>  || LOSS Avg: 0.13698
[Wall TIME] >>> Coach.train takes 17.421414 seconds ...
[Coach] >>> VALID @Epoch: 420 >>>  || RECALL@1 Avg: 0.0124 || RECALL@10 Avg: 0.0633 || RECALL@20 Avg: 0.0980 || NDCG@10 Avg: 0.0340 || NDCG@20 Avg: 0.0428
[Wall TIME] >>> Coach.valid takes 0.578243 seconds ...
[Coach] >>> TRAIN @Epoch: 421 >>>  || LOSS Avg: 0.13742
[Wall TIME] >>> Coach.train takes 17.202793 seconds ...
[Coach] >>> TRAIN @Epoch: 422 >>>  || LOSS Avg: 0.13670
[Wall TIME] >>> Coach.train takes 17.342714 seconds ...
[Coach] >>> TRAIN @Epoch: 423 >>>  || LOSS Avg: 0.13719
[Wall TIME] >>> Coach.train takes 17.684139 seconds ...
[Coach] >>> TRAIN @Epoch: 424 >>>  || LOSS Avg: 0.13694
[Wall TIME] >>> Coach.train takes 17.302426 seconds ...
[Coach] >>> TRAIN @Epoch: 425 >>>  || LOSS Avg: 0.13659
[Wall TIME] >>> Coach.train takes 17.226787 seconds ...
[Coach] >>> VALID @Epoch: 425 >>>  || RECALL@1 Avg: 0.0126 || RECALL@10 Avg: 0.0637 || RECALL@20 Avg: 0.0994 || NDCG@10 Avg: 0.0340 || NDCG@20 Avg: 0.0431
[Wall TIME] >>> Coach.valid takes 0.582524 seconds ...
[Coach] >>> TRAIN @Epoch: 426 >>>  || LOSS Avg: 0.13707
[Wall TIME] >>> Coach.train takes 17.196977 seconds ...
[Coach] >>> TRAIN @Epoch: 427 >>>  || LOSS Avg: 0.13704
[Wall TIME] >>> Coach.train takes 17.742811 seconds ...
[Coach] >>> TRAIN @Epoch: 428 >>>  || LOSS Avg: 0.13737
[Wall TIME] >>> Coach.train takes 17.423863 seconds ...
[Coach] >>> TRAIN @Epoch: 429 >>>  || LOSS Avg: 0.13687
[Wall TIME] >>> Coach.train takes 17.200254 seconds ...
[Coach] >>> TRAIN @Epoch: 430 >>>  || LOSS Avg: 0.13673
[Wall TIME] >>> Coach.train takes 17.422738 seconds ...
[Coach] >>> VALID @Epoch: 430 >>>  || RECALL@1 Avg: 0.0128 || RECALL@10 Avg: 0.0634 || RECALL@20 Avg: 0.0991 || NDCG@10 Avg: 0.0341 || NDCG@20 Avg: 0.0432
[Wall TIME] >>> Coach.valid takes 0.570435 seconds ...
[Coach] >>> TRAIN @Epoch: 431 >>>  || LOSS Avg: 0.13687
[Wall TIME] >>> Coach.train takes 17.488610 seconds ...
[Coach] >>> TRAIN @Epoch: 432 >>>  || LOSS Avg: 0.13689
[Wall TIME] >>> Coach.train takes 17.281500 seconds ...
[Coach] >>> TRAIN @Epoch: 433 >>>  || LOSS Avg: 0.13750
[Wall TIME] >>> Coach.train takes 17.164437 seconds ...
[Coach] >>> TRAIN @Epoch: 434 >>>  || LOSS Avg: 0.13677
[Wall TIME] >>> Coach.train takes 17.239907 seconds ...
[Coach] >>> TRAIN @Epoch: 435 >>>  || LOSS Avg: 0.13682
[Wall TIME] >>> Coach.train takes 17.246834 seconds ...
[Coach] >>> VALID @Epoch: 435 >>>  || RECALL@1 Avg: 0.0124 || RECALL@10 Avg: 0.0643 || RECALL@20 Avg: 0.0982 || NDCG@10 Avg: 0.0343 || NDCG@20 Avg: 0.0429
[Wall TIME] >>> Coach.valid takes 0.574974 seconds ...
[Coach] >>> TRAIN @Epoch: 436 >>>  || LOSS Avg: 0.13707
[Wall TIME] >>> Coach.train takes 17.581059 seconds ...
[Coach] >>> TRAIN @Epoch: 437 >>>  || LOSS Avg: 0.13688
[Wall TIME] >>> Coach.train takes 17.349073 seconds ...
[Coach] >>> TRAIN @Epoch: 438 >>>  || LOSS Avg: 0.13741
[Wall TIME] >>> Coach.train takes 17.334981 seconds ...
[Coach] >>> TRAIN @Epoch: 439 >>>  || LOSS Avg: 0.13745
[Wall TIME] >>> Coach.train takes 17.221416 seconds ...
[Coach] >>> TRAIN @Epoch: 440 >>>  || LOSS Avg: 0.13757
[Wall TIME] >>> Coach.train takes 17.905459 seconds ...
[Coach] >>> VALID @Epoch: 440 >>>  || RECALL@1 Avg: 0.0124 || RECALL@10 Avg: 0.0645 || RECALL@20 Avg: 0.0982 || NDCG@10 Avg: 0.0343 || NDCG@20 Avg: 0.0429
[Wall TIME] >>> Coach.valid takes 0.578720 seconds ...
[Coach] >>> TRAIN @Epoch: 441 >>>  || LOSS Avg: 0.13690
[Wall TIME] >>> Coach.train takes 17.231043 seconds ...
[Coach] >>> TRAIN @Epoch: 442 >>>  || LOSS Avg: 0.13676
[Wall TIME] >>> Coach.train takes 17.333500 seconds ...
[Coach] >>> TRAIN @Epoch: 443 >>>  || LOSS Avg: 0.13682
[Wall TIME] >>> Coach.train takes 17.408945 seconds ...
[Coach] >>> TRAIN @Epoch: 444 >>>  || LOSS Avg: 0.13623
[Wall TIME] >>> Coach.train takes 17.674863 seconds ...
[Coach] >>> TRAIN @Epoch: 445 >>>  || LOSS Avg: 0.13653
[Wall TIME] >>> Coach.train takes 17.290686 seconds ...
[Coach] >>> VALID @Epoch: 445 >>>  || RECALL@1 Avg: 0.0124 || RECALL@10 Avg: 0.0639 || RECALL@20 Avg: 0.0982 || NDCG@10 Avg: 0.0341 || NDCG@20 Avg: 0.0428
[Wall TIME] >>> Coach.valid takes 0.576581 seconds ...
[Coach] >>> TRAIN @Epoch: 446 >>>  || LOSS Avg: 0.13706
[Wall TIME] >>> Coach.train takes 17.339889 seconds ...
[Coach] >>> TRAIN @Epoch: 447 >>>  || LOSS Avg: 0.13682
[Wall TIME] >>> Coach.train takes 17.325088 seconds ...
[Coach] >>> TRAIN @Epoch: 448 >>>  || LOSS Avg: 0.13691
[Wall TIME] >>> Coach.train takes 17.690898 seconds ...
[Coach] >>> TRAIN @Epoch: 449 >>>  || LOSS Avg: 0.13644
[Wall TIME] >>> Coach.train takes 17.359688 seconds ...
[Coach] >>> TRAIN @Epoch: 450 >>>  || LOSS Avg: 0.13669
[Wall TIME] >>> Coach.train takes 17.461319 seconds ...
[Coach] >>> VALID @Epoch: 450 >>>  || RECALL@1 Avg: 0.0122 || RECALL@10 Avg: 0.0643 || RECALL@20 Avg: 0.0991 || NDCG@10 Avg: 0.0342 || NDCG@20 Avg: 0.0431
[Wall TIME] >>> Coach.valid takes 0.576102 seconds ...
[Coach] >>> TRAIN @Epoch: 451 >>>  || LOSS Avg: 0.13632
[Wall TIME] >>> Coach.train takes 17.283662 seconds ...
[Coach] >>> TRAIN @Epoch: 452 >>>  || LOSS Avg: 0.13683
[Wall TIME] >>> Coach.train takes 17.353196 seconds ...
[Coach] >>> TRAIN @Epoch: 453 >>>  || LOSS Avg: 0.13648
[Wall TIME] >>> Coach.train takes 17.740236 seconds ...
[Coach] >>> TRAIN @Epoch: 454 >>>  || LOSS Avg: 0.13668
[Wall TIME] >>> Coach.train takes 17.411288 seconds ...
[Coach] >>> TRAIN @Epoch: 455 >>>  || LOSS Avg: 0.13662
[Wall TIME] >>> Coach.train takes 17.385757 seconds ...
[Coach] >>> VALID @Epoch: 455 >>>  || RECALL@1 Avg: 0.0124 || RECALL@10 Avg: 0.0635 || RECALL@20 Avg: 0.0980 || NDCG@10 Avg: 0.0340 || NDCG@20 Avg: 0.0427
[Wall TIME] >>> Coach.valid takes 0.569785 seconds ...
[Coach] >>> TRAIN @Epoch: 456 >>>  || LOSS Avg: 0.13688
[Wall TIME] >>> Coach.train takes 17.247228 seconds ...
[Coach] >>> TRAIN @Epoch: 457 >>>  || LOSS Avg: 0.13676
[Wall TIME] >>> Coach.train takes 17.684408 seconds ...
[Coach] >>> TRAIN @Epoch: 458 >>>  || LOSS Avg: 0.13662
[Wall TIME] >>> Coach.train takes 17.448193 seconds ...

[Epoch 382 Telemetry] BPR: 0.1365 | LHC: 5.9987 (lambda=0.000300) | Align: 6.8518 | Unif: -11.8047
[Epoch 383 Telemetry] BPR: 0.1351 | LHC: 5.9969 (lambda=0.000300) | Align: 6.8500 | Unif: -11.7962
[Epoch 384 Telemetry] BPR: 0.1357 | LHC: 5.9969 (lambda=0.000300) | Align: 6.8513 | Unif: -11.8026
[Epoch 385 Telemetry] BPR: 0.1361 | LHC: 5.9968 (lambda=0.000300) | Align: 6.8473 | Unif: -11.7921
[Epoch 386 Telemetry] BPR: 0.1358 | LHC: 5.9957 (lambda=0.000300) | Align: 6.8486 | Unif: -11.8032
[Epoch 387 Telemetry] BPR: 0.1353 | LHC: 5.9975 (lambda=0.000300) | Align: 6.8484 | Unif: -11.8137
[Epoch 388 Telemetry] BPR: 0.1357 | LHC: 5.9966 (lambda=0.000300) | Align: 6.8500 | Unif: -11.8025
[Epoch 389 Telemetry] BPR: 0.1355 | LHC: 5.9957 (lambda=0.000300) | Align: 6.8501 | Unif: -11.7648
[Gradient Diagnostics @ Epoch 390] rho_grad(BPR, LHC) = +0.2560 | Status: OK
[Epoch 390 Telemetry] BPR: 0.1360 | LHC: 5.9968 (lambda=0.000300) | Align: 6.8505 | Unif: -11.7828
[Epoch 391 Telemetry] BPR: 0.1357 | LHC: 5.9975 (lambda=0.000300) | Align: 6.8500 | Unif: -11.7795
[Epoch 392 Telemetry] BPR: 0.1353 | LHC: 5.9974 (lambda=0.000300) | Align: 6.8503 | Unif: -11.7851
[Epoch 393 Telemetry] BPR: 0.1358 | LHC: 5.9971 (lambda=0.000300) | Align: 6.8456 | Unif: -11.7813
[Epoch 394 Telemetry] BPR: 0.1354 | LHC: 5.9976 (lambda=0.000300) | Align: 6.8466 | Unif: -11.7674
[Epoch 395 Telemetry] BPR: 0.1355 | LHC: 5.9978 (lambda=0.000300) | Align: 6.8484 | Unif: -11.7736
[Epoch 396 Telemetry] BPR: 0.1357 | LHC: 5.9956 (lambda=0.000300) | Align: 6.8453 | Unif: -11.7889
[Epoch 397 Telemetry] BPR: 0.1360 | LHC: 5.9970 (lambda=0.000300) | Align: 6.8480 | Unif: -11.7818
[Epoch 398 Telemetry] BPR: 0.1351 | LHC: 5.9963 (lambda=0.000300) | Align: 6.8456 | Unif: -11.7948
[Epoch 399 Telemetry] BPR: 0.1354 | LHC: 5.9977 (lambda=0.000300) | Align: 6.8416 | Unif: -11.7869
[Gradient Diagnostics @ Epoch 400] rho_grad(BPR, LHC) = +0.2501 | Status: OK
[Epoch 400 Telemetry] BPR: 0.1360 | LHC: 5.9964 (lambda=0.000300) | Align: 6.8456 | Unif: -11.7945
[Epoch 401 Telemetry] BPR: 0.1362 | LHC: 5.9962 (lambda=0.000300) | Align: 6.8455 | Unif: -11.7833
[Epoch 402 Telemetry] BPR: 0.1358 | LHC: 5.9973 (lambda=0.000300) | Align: 6.8470 | Unif: -11.7754
[Epoch 403 Telemetry] BPR: 0.1361 | LHC: 5.9966 (lambda=0.000300) | Align: 6.8478 | Unif: -11.7905
[Epoch 404 Telemetry] BPR: 0.1355 | LHC: 5.9979 (lambda=0.000300) | Align: 6.8482 | Unif: -11.8032
[Epoch 405 Telemetry] BPR: 0.1360 | LHC: 5.9969 (lambda=0.000300) | Align: 6.8460 | Unif: -11.8077
[Epoch 406 Telemetry] BPR: 0.1361 | LHC: 5.9969 (lambda=0.000300) | Align: 6.8446 | Unif: -11.8116
[Epoch 407 Telemetry] BPR: 0.1356 | LHC: 5.9958 (lambda=0.000300) | Align: 6.8497 | Unif: -11.8053
[Epoch 408 Telemetry] BPR: 0.1356 | LHC: 5.9970 (lambda=0.000300) | Align: 6.8512 | Unif: -11.8025
[Epoch 409 Telemetry] BPR: 0.1354 | LHC: 5.9954 (lambda=0.000300) | Align: 6.8510 | Unif: -11.8068
[Gradient Diagnostics @ Epoch 410] rho_grad(BPR, LHC) = +0.2604 | Status: OK
[Epoch 410 Telemetry] BPR: 0.1353 | LHC: 5.9960 (lambda=0.000300) | Align: 6.8478 | Unif: -11.8109
[Epoch 411 Telemetry] BPR: 0.1355 | LHC: 5.9956 (lambda=0.000300) | Align: 6.8474 | Unif: -11.8031
[Epoch 412 Telemetry] BPR: 0.1356 | LHC: 5.9964 (lambda=0.000300) | Align: 6.8475 | Unif: -11.8000
[Epoch 413 Telemetry] BPR: 0.1360 | LHC: 5.9958 (lambda=0.000300) | Align: 6.8431 | Unif: -11.7894
[Epoch 414 Telemetry] BPR: 0.1354 | LHC: 5.9962 (lambda=0.000300) | Align: 6.8476 | Unif: -11.7852
[Epoch 415 Telemetry] BPR: 0.1356 | LHC: 5.9963 (lambda=0.000300) | Align: 6.8456 | Unif: -11.7936
[Epoch 416 Telemetry] BPR: 0.1348 | LHC: 5.9966 (lambda=0.000300) | Align: 6.8454 | Unif: -11.7940
[Epoch 417 Telemetry] BPR: 0.1352 | LHC: 5.9958 (lambda=0.000300) | Align: 6.8431 | Unif: -11.7913
[Epoch 418 Telemetry] BPR: 0.1353 | LHC: 5.9966 (lambda=0.000300) | Align: 6.8438 | Unif: -11.7924
[Epoch 419 Telemetry] BPR: 0.1351 | LHC: 5.9955 (lambda=0.000300) | Align: 6.8418 | Unif: -11.7816
[Gradient Diagnostics @ Epoch 420] rho_grad(BPR, LHC) = +0.2539 | Status: OK
[Epoch 420 Telemetry] BPR: 0.1352 | LHC: 5.9958 (lambda=0.000300) | Align: 6.8434 | Unif: -11.7893
[Epoch 421 Telemetry] BPR: 0.1356 | LHC: 5.9971 (lambda=0.000300) | Align: 6.8492 | Unif: -11.7756
[Epoch 422 Telemetry] BPR: 0.1349 | LHC: 5.9967 (lambda=0.000300) | Align: 6.8431 | Unif: -11.7812
[Epoch 423 Telemetry] BPR: 0.1354 | LHC: 5.9962 (lambda=0.000300) | Align: 6.8471 | Unif: -11.7698
[Epoch 424 Telemetry] BPR: 0.1352 | LHC: 5.9965 (lambda=0.000300) | Align: 6.8471 | Unif: -11.7753
[Epoch 425 Telemetry] BPR: 0.1348 | LHC: 5.9963 (lambda=0.000300) | Align: 6.8492 | Unif: -11.7912
[Epoch 426 Telemetry] BPR: 0.1353 | LHC: 5.9952 (lambda=0.000300) | Align: 6.8423 | Unif: -11.7956
[Epoch 427 Telemetry] BPR: 0.1353 | LHC: 5.9958 (lambda=0.000300) | Align: 6.8466 | Unif: -11.7862
[Epoch 428 Telemetry] BPR: 0.1356 | LHC: 5.9947 (lambda=0.000300) | Align: 6.8430 | Unif: -11.7773
[Epoch 429 Telemetry] BPR: 0.1351 | LHC: 5.9960 (lambda=0.000300) | Align: 6.8479 | Unif: -11.8185
[Gradient Diagnostics @ Epoch 430] rho_grad(BPR, LHC) = +0.2464 | Status: OK
[Epoch 430 Telemetry] BPR: 0.1349 | LHC: 5.9961 (lambda=0.000300) | Align: 6.8459 | Unif: -11.8143
[Epoch 431 Telemetry] BPR: 0.1351 | LHC: 5.9951 (lambda=0.000300) | Align: 6.8458 | Unif: -11.7984
[Epoch 432 Telemetry] BPR: 0.1351 | LHC: 5.9947 (lambda=0.000300) | Align: 6.8422 | Unif: -11.7861
[Epoch 433 Telemetry] BPR: 0.1357 | LHC: 5.9959 (lambda=0.000300) | Align: 6.8447 | Unif: -11.7894
[Epoch 434 Telemetry] BPR: 0.1350 | LHC: 5.9946 (lambda=0.000300) | Align: 6.8477 | Unif: -11.7994
[Epoch 435 Telemetry] BPR: 0.1350 | LHC: 5.9956 (lambda=0.000300) | Align: 6.8419 | Unif: -11.7896
[Epoch 436 Telemetry] BPR: 0.1353 | LHC: 5.9955 (lambda=0.000300) | Align: 6.8473 | Unif: -11.7923
[Epoch 437 Telemetry] BPR: 0.1351 | LHC: 5.9967 (lambda=0.000300) | Align: 6.8446 | Unif: -11.7855
[Epoch 438 Telemetry] BPR: 0.1356 | LHC: 5.9947 (lambda=0.000300) | Align: 6.8417 | Unif: -11.7711
[Epoch 439 Telemetry] BPR: 0.1356 | LHC: 5.9937 (lambda=0.000300) | Align: 6.8452 | Unif: -11.7766
[Gradient Diagnostics @ Epoch 440] rho_grad(BPR, LHC) = +0.2481 | Status: OK
[Epoch 440 Telemetry] BPR: 0.1358 | LHC: 5.9947 (lambda=0.000300) | Align: 6.8423 | Unif: -11.7849
[Epoch 441 Telemetry] BPR: 0.1351 | LHC: 5.9955 (lambda=0.000300) | Align: 6.8463 | Unif: -11.7899
[Epoch 442 Telemetry] BPR: 0.1350 | LHC: 5.9954 (lambda=0.000300) | Align: 6.8443 | Unif: -11.7887
[Epoch 443 Telemetry] BPR: 0.1350 | LHC: 5.9947 (lambda=0.000300) | Align: 6.8438 | Unif: -11.7912
[Epoch 444 Telemetry] BPR: 0.1345 | LHC: 5.9954 (lambda=0.000300) | Align: 6.8430 | Unif: -11.7761
[Epoch 445 Telemetry] BPR: 0.1347 | LHC: 5.9949 (lambda=0.000300) | Align: 6.8408 | Unif: -11.7679
[Epoch 446 Telemetry] BPR: 0.1353 | LHC: 5.9962 (lambda=0.000300) | Align: 6.8446 | Unif: -11.7783
[Epoch 447 Telemetry] BPR: 0.1350 | LHC: 5.9950 (lambda=0.000300) | Align: 6.8447 | Unif: -11.7503
[Epoch 448 Telemetry] BPR: 0.1351 | LHC: 5.9956 (lambda=0.000300) | Align: 6.8453 | Unif: -11.7679
[Epoch 449 Telemetry] BPR: 0.1346 | LHC: 5.9954 (lambda=0.000300) | Align: 6.8430 | Unif: -11.7612
[Gradient Diagnostics @ Epoch 450] rho_grad(BPR, LHC) = +0.2619 | Status: OK
[Epoch 450 Telemetry] BPR: 0.1349 | LHC: 5.9960 (lambda=0.000300) | Align: 6.8432 | Unif: -11.7715
[Epoch 451 Telemetry] BPR: 0.1345 | LHC: 5.9960 (lambda=0.000300) | Align: 6.8412 | Unif: -11.7846
[Epoch 452 Telemetry] BPR: 0.1350 | LHC: 5.9954 (lambda=0.000300) | Align: 6.8418 | Unif: -11.7689
[Epoch 453 Telemetry] BPR: 0.1347 | LHC: 5.9948 (lambda=0.000300) | Align: 6.8398 | Unif: -11.7703
[Epoch 454 Telemetry] BPR: 0.1349 | LHC: 5.9941 (lambda=0.000300) | Align: 6.8381 | Unif: -11.7554
[Epoch 455 Telemetry] BPR: 0.1348 | LHC: 5.9949 (lambda=0.000300) | Align: 6.8406 | Unif: -11.7615
[Epoch 456 Telemetry] BPR: 0.1351 | LHC: 5.9949 (lambda=0.000300) | Align: 6.8452 | Unif: -11.7545
[Epoch 457 Telemetry] BPR: 0.1350 | LHC: 5.9957 (lambda=0.000300) | Align: 6.8455 | Unif: -11.7524
[Epoch 458 Telemetry] BPR: 0.1348 | LHC: 5.9952 (lambda=0.000300) | Align: 6.8419 | Unif: -11.7404
[Epoch 459 Telemetry] BPR: 0.1348 | LHC: 5.9952 (lambda=0.000300) | Align: 6.8426 | Unif: -11.7408[Coach] >>> TRAIN @Epoch: 459 >>>  || LOSS Avg: 0.13660
[Wall TIME] >>> Coach.train takes 17.336716 seconds ...
[Coach] >>> TRAIN @Epoch: 460 >>>  || LOSS Avg: 0.13682
[Wall TIME] >>> Coach.train takes 17.547160 seconds ...
[Coach] >>> VALID @Epoch: 460 >>>  || RECALL@1 Avg: 0.0127 || RECALL@10 Avg: 0.0630 || RECALL@20 Avg: 0.0984 || NDCG@10 Avg: 0.0338 || NDCG@20 Avg: 0.0428
[Wall TIME] >>> Coach.valid takes 0.576900 seconds ...
[Coach] >>> TRAIN @Epoch: 461 >>>  || LOSS Avg: 0.13638
[Wall TIME] >>> Coach.train takes 17.602185 seconds ...
[Coach] >>> TRAIN @Epoch: 462 >>>  || LOSS Avg: 0.13676
[Wall TIME] >>> Coach.train takes 17.308577 seconds ...
[Coach] >>> TRAIN @Epoch: 463 >>>  || LOSS Avg: 0.13666
[Wall TIME] >>> Coach.train takes 17.472730 seconds ...
[Coach] >>> TRAIN @Epoch: 464 >>>  || LOSS Avg: 0.13671
[Wall TIME] >>> Coach.train takes 17.405779 seconds ...
[Coach] >>> TRAIN @Epoch: 465 >>>  || LOSS Avg: 0.13652
[Wall TIME] >>> Coach.train takes 17.644963 seconds ...
[Coach] >>> VALID @Epoch: 465 >>>  || RECALL@1 Avg: 0.0126 || RECALL@10 Avg: 0.0629 || RECALL@20 Avg: 0.0992 || NDCG@10 Avg: 0.0339 || NDCG@20 Avg: 0.0431
[Wall TIME] >>> Coach.valid takes 0.584685 seconds ...
[Coach] >>> TRAIN @Epoch: 466 >>>  || LOSS Avg: 0.13669
[Wall TIME] >>> Coach.train takes 17.234427 seconds ...
[Coach] >>> TRAIN @Epoch: 467 >>>  || LOSS Avg: 0.13652
[Wall TIME] >>> Coach.train takes 17.249527 seconds ...
[Coach] >>> TRAIN @Epoch: 468 >>>  || LOSS Avg: 0.13640
[Wall TIME] >>> Coach.train takes 17.425935 seconds ...
[Coach] >>> TRAIN @Epoch: 469 >>>  || LOSS Avg: 0.13647
[Wall TIME] >>> Coach.train takes 17.658808 seconds ...
[Coach] >>> TRAIN @Epoch: 470 >>>  || LOSS Avg: 0.13688
[Wall TIME] >>> Coach.train takes 17.480522 seconds ...
[Coach] >>> VALID @Epoch: 470 >>>  || RECALL@1 Avg: 0.0128 || RECALL@10 Avg: 0.0630 || RECALL@20 Avg: 0.0989 || NDCG@10 Avg: 0.0340 || NDCG@20 Avg: 0.0431
[Wall TIME] >>> Coach.valid takes 0.571353 seconds ...
[Coach] >>> TRAIN @Epoch: 471 >>>  || LOSS Avg: 0.13634
[Wall TIME] >>> Coach.train takes 17.261902 seconds ...
[Coach] >>> TRAIN @Epoch: 472 >>>  || LOSS Avg: 0.13637
[Wall TIME] >>> Coach.train takes 17.283788 seconds ...
[Coach] >>> TRAIN @Epoch: 473 >>>  || LOSS Avg: 0.13675
[Wall TIME] >>> Coach.train takes 17.612499 seconds ...
[Coach] >>> TRAIN @Epoch: 474 >>>  || LOSS Avg: 0.13660
[Wall TIME] >>> Coach.train takes 17.326555 seconds ...
[Coach] >>> TRAIN @Epoch: 475 >>>  || LOSS Avg: 0.13663
[Wall TIME] >>> Coach.train takes 17.328070 seconds ...
[Coach] >>> VALID @Epoch: 475 >>>  || RECALL@1 Avg: 0.0128 || RECALL@10 Avg: 0.0624 || RECALL@20 Avg: 0.0978 || NDCG@10 Avg: 0.0340 || NDCG@20 Avg: 0.0431
[Wall TIME] >>> Coach.valid takes 0.582508 seconds ...
[Coach] >>> TRAIN @Epoch: 476 >>>  || LOSS Avg: 0.13614
[Wall TIME] >>> Coach.train takes 17.171511 seconds ...
[Coach] >>> TRAIN @Epoch: 477 >>>  || LOSS Avg: 0.13681
[Wall TIME] >>> Coach.train takes 17.624801 seconds ...
[Coach] >>> TRAIN @Epoch: 478 >>>  || LOSS Avg: 0.13690
[Wall TIME] >>> Coach.train takes 17.254442 seconds ...
[Coach] >>> TRAIN @Epoch: 479 >>>  || LOSS Avg: 0.13616
[Wall TIME] >>> Coach.train takes 17.335247 seconds ...
[Coach] >>> TRAIN @Epoch: 480 >>>  || LOSS Avg: 0.13639
[Wall TIME] >>> Coach.train takes 17.373739 seconds ...
[Coach] >>> VALID @Epoch: 480 >>>  || RECALL@1 Avg: 0.0126 || RECALL@10 Avg: 0.0629 || RECALL@20 Avg: 0.0976 || NDCG@10 Avg: 0.0340 || NDCG@20 Avg: 0.0428
[Wall TIME] >>> Coach.valid takes 0.572990 seconds ...
[Coach] >>> TRAIN @Epoch: 481 >>>  || LOSS Avg: 0.13583
[Wall TIME] >>> Coach.train takes 17.298065 seconds ...
[Coach] >>> TRAIN @Epoch: 482 >>>  || LOSS Avg: 0.13676
[Wall TIME] >>> Coach.train takes 17.492993 seconds ...
[Coach] >>> TRAIN @Epoch: 483 >>>  || LOSS Avg: 0.13668
[Wall TIME] >>> Coach.train takes 17.218180 seconds ...
[Coach] >>> TRAIN @Epoch: 484 >>>  || LOSS Avg: 0.13672
[Wall TIME] >>> Coach.train takes 17.176173 seconds ...
[Coach] >>> TRAIN @Epoch: 485 >>>  || LOSS Avg: 0.13673
[Wall TIME] >>> Coach.train takes 17.202323 seconds ...
[Coach] >>> VALID @Epoch: 485 >>>  || RECALL@1 Avg: 0.0122 || RECALL@10 Avg: 0.0629 || RECALL@20 Avg: 0.0980 || NDCG@10 Avg: 0.0338 || NDCG@20 Avg: 0.0428
[Wall TIME] >>> Coach.valid takes 0.599692 seconds ...
[Coach] >>> TRAIN @Epoch: 486 >>>  || LOSS Avg: 0.13643
[Wall TIME] >>> Coach.train takes 17.398101 seconds ...
[Coach] >>> TRAIN @Epoch: 487 >>>  || LOSS Avg: 0.13609
[Wall TIME] >>> Coach.train takes 17.164287 seconds ...
[Coach] >>> TRAIN @Epoch: 488 >>>  || LOSS Avg: 0.13546
[Wall TIME] >>> Coach.train takes 17.208721 seconds ...
[Coach] >>> TRAIN @Epoch: 489 >>>  || LOSS Avg: 0.13642
[Wall TIME] >>> Coach.train takes 17.114888 seconds ...
[Coach] >>> TRAIN @Epoch: 490 >>>  || LOSS Avg: 0.13628
[Wall TIME] >>> Coach.train takes 17.701118 seconds ...
[Coach] >>> VALID @Epoch: 490 >>>  || RECALL@1 Avg: 0.0128 || RECALL@10 Avg: 0.0636 || RECALL@20 Avg: 0.0982 || NDCG@10 Avg: 0.0342 || NDCG@20 Avg: 0.0430
[Wall TIME] >>> Coach.valid takes 0.578097 seconds ...
[Coach] >>> TRAIN @Epoch: 491 >>>  || LOSS Avg: 0.13599
[Wall TIME] >>> Coach.train takes 17.163496 seconds ...
[Coach] >>> TRAIN @Epoch: 492 >>>  || LOSS Avg: 0.13652
[Wall TIME] >>> Coach.train takes 17.245683 seconds ...
[Coach] >>> TRAIN @Epoch: 493 >>>  || LOSS Avg: 0.13654
[Wall TIME] >>> Coach.train takes 17.144830 seconds ...
[Coach] >>> TRAIN @Epoch: 494 >>>  || LOSS Avg: 0.13629
[Wall TIME] >>> Coach.train takes 17.553216 seconds ...
[Coach] >>> TRAIN @Epoch: 495 >>>  || LOSS Avg: 0.13622
[Wall TIME] >>> Coach.train takes 17.279828 seconds ...
[Coach] >>> VALID @Epoch: 495 >>>  || RECALL@1 Avg: 0.0127 || RECALL@10 Avg: 0.0630 || RECALL@20 Avg: 0.0990 || NDCG@10 Avg: 0.0341 || NDCG@20 Avg: 0.0433
[Wall TIME] >>> Coach.valid takes 0.566601 seconds ...
[Coach] >>> TRAIN @Epoch: 496 >>>  || LOSS Avg: 0.13594
[Wall TIME] >>> Coach.train takes 17.179793 seconds ...
[Coach] >>> TRAIN @Epoch: 497 >>>  || LOSS Avg: 0.13663
[Wall TIME] >>> Coach.train takes 17.217098 seconds ...
[Coach] >>> TRAIN @Epoch: 498 >>>  || LOSS Avg: 0.13608
[Wall TIME] >>> Coach.train takes 17.621175 seconds ...
[Coach] >>> TRAIN @Epoch: 499 >>>  || LOSS Avg: 0.13595
[Wall TIME] >>> Coach.train takes 18.083200 seconds ...
[Coach] >>> TRAIN @Epoch: 500 >>>  || LOSS Avg: 0.13627
[Wall TIME] >>> Coach.train takes 17.833364 seconds ...
[Coach] >>> VALID @Epoch: 500 >>>  || RECALL@1 Avg: 0.0122 || RECALL@10 Avg: 0.0630 || RECALL@20 Avg: 0.0992 || NDCG@10 Avg: 0.0339 || NDCG@20 Avg: 0.0431
[Wall TIME] >>> Coach.valid takes 0.576839 seconds ...
[Coach] >>> TEST  @Epoch: 500 >>>  || RECALL@1 Avg: 0.0122 || RECALL@10 Avg: 0.0668 || RECALL@20 Avg: 0.1039 || NDCG@10 Avg: 0.0359 || NDCG@20 Avg: 0.0454
[Wall TIME] >>> Coach.test takes 0.496143 seconds ...
     Mode     Metric      Best  @Step
0   train       LOSS  0.135455    487
1   valid   RECALL@1  0.012890    365
2   valid  RECALL@10  0.064957    250
3   valid  RECALL@20  0.100135    235
4   valid    NDCG@10  0.034428    290
5   valid    NDCG@20  0.043388    215
6    test   RECALL@1  0.012240      0
7    test  RECALL@10  0.066768      0
8    test  RECALL@20  0.103873      0
9    test    NDCG@10  0.035859      0
10   test    NDCG@20  0.045417      0
[LoG_PaTH] >>> ./logs/STAIR-LHC-v1/Amazon2014Baby_550_MMRec/0930132222
[Wall TIME] >>> Coach.summary takes 2.005036 seconds ...
[Coach] >>> Load best model @Epoch: 215 (-1) 
[Coach] >>> VALID @Epoch: 215 >>>  || RECALL@1 Avg: 0.0128 || RECALL@10 Avg: 0.0642 || RECALL@20 Avg: 0.0999 || NDCG@10 Avg: 0.0343 || NDCG@20 Avg: 0.0434
[Wall TIME] >>> Coach.valid takes 0.582272 seconds ...
[Coach] >>> TEST  @Epoch: 215 >>>  || RECALL@1 Avg: 0.0115 || RECALL@10 Avg: 0.0660 || RECALL@20 Avg: 0.1030 || NDCG@10 Avg: 0.0352 || NDCG@20 Avg: 0.0447
[Wall TIME] >>> Coach.test takes 0.495949 seconds ...
[Wall TIME] >>> Coach.fit takes 8640.211488 seconds ...

[Gradient Diagnostics @ Epoch 460] rho_grad(BPR, LHC) = +0.2596 | Status: OK
[Epoch 460 Telemetry] BPR: 0.1350 | LHC: 5.9954 (lambda=0.000300) | Align: 6.8424 | Unif: -11.7378
[Epoch 461 Telemetry] BPR: 0.1346 | LHC: 5.9944 (lambda=0.000300) | Align: 6.8464 | Unif: -11.7469
[Epoch 462 Telemetry] BPR: 0.1350 | LHC: 5.9954 (lambda=0.000300) | Align: 6.8425 | Unif: -11.7651
[Epoch 463 Telemetry] BPR: 0.1349 | LHC: 5.9950 (lambda=0.000300) | Align: 6.8425 | Unif: -11.7591
[Epoch 464 Telemetry] BPR: 0.1349 | LHC: 5.9939 (lambda=0.000300) | Align: 6.8406 | Unif: -11.7748
[Epoch 465 Telemetry] BPR: 0.1347 | LHC: 5.9959 (lambda=0.000300) | Align: 6.8473 | Unif: -11.7673
[Epoch 466 Telemetry] BPR: 0.1349 | LHC: 5.9949 (lambda=0.000300) | Align: 6.8446 | Unif: -11.7741
[Epoch 467 Telemetry] BPR: 0.1347 | LHC: 5.9943 (lambda=0.000300) | Align: 6.8396 | Unif: -11.7578
[Epoch 468 Telemetry] BPR: 0.1346 | LHC: 5.9959 (lambda=0.000300) | Align: 6.8435 | Unif: -11.7702
[Epoch 469 Telemetry] BPR: 0.1347 | LHC: 5.9968 (lambda=0.000300) | Align: 6.8441 | Unif: -11.7650
[Gradient Diagnostics @ Epoch 470] rho_grad(BPR, LHC) = +0.2467 | Status: OK
[Epoch 470 Telemetry] BPR: 0.1351 | LHC: 5.9946 (lambda=0.000300) | Align: 6.8409 | Unif: -11.7729
[Epoch 471 Telemetry] BPR: 0.1346 | LHC: 5.9940 (lambda=0.000300) | Align: 6.8409 | Unif: -11.7734
[Epoch 472 Telemetry] BPR: 0.1346 | LHC: 5.9947 (lambda=0.000300) | Align: 6.8421 | Unif: -11.7776
[Epoch 473 Telemetry] BPR: 0.1350 | LHC: 5.9951 (lambda=0.000300) | Align: 6.8426 | Unif: -11.7845
[Epoch 474 Telemetry] BPR: 0.1348 | LHC: 5.9939 (lambda=0.000300) | Align: 6.8436 | Unif: -11.7959
[Epoch 475 Telemetry] BPR: 0.1349 | LHC: 5.9945 (lambda=0.000300) | Align: 6.8416 | Unif: -11.8045
[Epoch 476 Telemetry] BPR: 0.1343 | LHC: 5.9951 (lambda=0.000300) | Align: 6.8408 | Unif: -11.7782
[Epoch 477 Telemetry] BPR: 0.1350 | LHC: 5.9948 (lambda=0.000300) | Align: 6.8376 | Unif: -11.7885
[Epoch 478 Telemetry] BPR: 0.1351 | LHC: 5.9956 (lambda=0.000300) | Align: 6.8412 | Unif: -11.8002
[Epoch 479 Telemetry] BPR: 0.1344 | LHC: 5.9967 (lambda=0.000300) | Align: 6.8400 | Unif: -11.8208
[Gradient Diagnostics @ Epoch 480] rho_grad(BPR, LHC) = +0.2671 | Status: OK
[Epoch 480 Telemetry] BPR: 0.1346 | LHC: 5.9955 (lambda=0.000300) | Align: 6.8416 | Unif: -11.8054
[Epoch 481 Telemetry] BPR: 0.1340 | LHC: 5.9955 (lambda=0.000300) | Align: 6.8411 | Unif: -11.8155
[Epoch 482 Telemetry] BPR: 0.1350 | LHC: 5.9955 (lambda=0.000300) | Align: 6.8391 | Unif: -11.8101
[Epoch 483 Telemetry] BPR: 0.1349 | LHC: 5.9953 (lambda=0.000300) | Align: 6.8408 | Unif: -11.8040
[Epoch 484 Telemetry] BPR: 0.1349 | LHC: 5.9947 (lambda=0.000300) | Align: 6.8382 | Unif: -11.7971
[Epoch 485 Telemetry] BPR: 0.1349 | LHC: 5.9943 (lambda=0.000300) | Align: 6.8424 | Unif: -11.7951
[Epoch 486 Telemetry] BPR: 0.1346 | LHC: 5.9944 (lambda=0.000300) | Align: 6.8421 | Unif: -11.7729
[Epoch 487 Telemetry] BPR: 0.1343 | LHC: 5.9948 (lambda=0.000300) | Align: 6.8399 | Unif: -11.7768
[Epoch 488 Telemetry] BPR: 0.1337 | LHC: 5.9950 (lambda=0.000300) | Align: 6.8369 | Unif: -11.7759
[Epoch 489 Telemetry] BPR: 0.1346 | LHC: 5.9939 (lambda=0.000300) | Align: 6.8393 | Unif: -11.7752
[Gradient Diagnostics @ Epoch 490] rho_grad(BPR, LHC) = +0.2369 | Status: OK
[Epoch 490 Telemetry] BPR: 0.1345 | LHC: 5.9944 (lambda=0.000300) | Align: 6.8373 | Unif: -11.7581
[Epoch 491 Telemetry] BPR: 0.1342 | LHC: 5.9948 (lambda=0.000300) | Align: 6.8373 | Unif: -11.7527
[Epoch 492 Telemetry] BPR: 0.1347 | LHC: 5.9955 (lambda=0.000300) | Align: 6.8393 | Unif: -11.7433
[Epoch 493 Telemetry] BPR: 0.1347 | LHC: 5.9950 (lambda=0.000300) | Align: 6.8368 | Unif: -11.7473
[Epoch 494 Telemetry] BPR: 0.1345 | LHC: 5.9946 (lambda=0.000300) | Align: 6.8388 | Unif: -11.7479
[Epoch 495 Telemetry] BPR: 0.1344 | LHC: 5.9951 (lambda=0.000300) | Align: 6.8384 | Unif: -11.7416
[Epoch 496 Telemetry] BPR: 0.1342 | LHC: 5.9936 (lambda=0.000300) | Align: 6.8382 | Unif: -11.7538
[Epoch 497 Telemetry] BPR: 0.1348 | LHC: 5.9951 (lambda=0.000300) | Align: 6.8404 | Unif: -11.7350
[Epoch 498 Telemetry] BPR: 0.1343 | LHC: 5.9947 (lambda=0.000300) | Align: 6.8376 | Unif: -11.7471
[Epoch 499 Telemetry] BPR: 0.1342 | LHC: 5.9956 (lambda=0.000300) | Align: 6.8424 | Unif: -11.7490
[Gradient Diagnostics @ Epoch 500] rho_grad(BPR, LHC) = +0.2457 | Status: OK
[Epoch 500 Telemetry] BPR: 0.1345 | LHC: 5.9931 (lambda=0.000300) | Align: 6.8355 | Unif: -11.7293
