[Benchmark] >>> cudnn.benchmark == False | cudnn.deterministic == True
[Seed] >>> Set seed: 1
[PARSER] >>>
[SAVED_FILENAME: model.pt] 
[BEST_FILENAME: best.pt] 
[CHECKPOINT_FREQ: 10] 
[CHECKPOINT_MODULES: ['model', 'optimizer', 'lr_scheduler']] 
[CHECKPOINT_FILENAME: checkpoint.tar] 
[SUMMARY_FILENAME: SUMMARY.md] 
[MONITOR_FILENAME: monitors.pkl] 
[MONITOR_BEST_FILENAME: best.pkl] 
[CONFIG_FILENAME: config.json] 
[RESULTS_FILENAME: results.json] 
[monitors: ['LOSS', 'Recall@1', 'Recall@10', 'Recall@20', 'NDCG@10', 'NDCG@20']] 
[which4best: NDCG@20] 
[config: /kaggle/working/STAIR-Enhanced/configs/Amazon2014Electronics_STAIR5_v1.yaml] 
[id: 1001043413] 
[description: STAIR-LHC-v1] 
[root: /kaggle/data] 
[dataset: Amazon2014Electronics_550_MMRec] 
[tasktag: None] 
[ranking: full] 
[retain_seen: False] 
[device: cuda:0] 
[ddp_backend: nccl] 
[num_workers: 4] 
[optimizer: adamwsevo] 
[optim_first_moment_decay: 0.9] 
[optim_second_moment_decay: 0.999] 
[weight_decay: 0.1] 
[lr: 0.001] 
[batch_size: 4096] 
[gradient_accumulation_steps: 1] 
[epochs: 500] 
[eval_valid: True] 
[eval_test: False] 
[eval_freq: 5] 
[early_stop_patience: 1e+23] 
[seed: 1] 
[benchmark: False] 
[resume: False] 
[log2file: True] 
[log2console: True] 
[embedding_dim: 64] 
[num_layers: 3] 
[mfiles: textual_modality.pkl,visual_modality.pkl] 
[num_neighbors: 5-1] 
[gamma: 0.2] 
[beta1: 0.9] 
[beta2: 0.999] 
[momentum: 0.9] 
[nesterov: False] 
[lhc_arm: H0] 
[lambda_lhc: 0.0001] 
[lhc_tau: 0.3] 
[lhc_kappa: 1.0] 
[radius_cap: 2.0] 
[w_hybrid: 0.0] 
[eps_taylor: 0.0001] 
[eps_floor: 0.01] 
[eps_beta: 0.05] 
[warmup_start: 20] 
[warmup_end: 50] 
[grad_diag_every: 10] 
[grad_cosine_thresh: -0.1] 
[DATA_DIR: data] 
[SUMMARY_DIR: summary] 
[CHECKPOINT_PATH: ./infos/STAIR-LHC-v1/Amazon2014Electronics_550_MMRec/0] 
[LOG_PATH: ./logs/STAIR-LHC-v1/Amazon2014Electronics_550_MMRec/1001043413] 

[Wall TIME] >>> Parser.compile takes 0.224953 seconds ...
[DataSet] >>> Fitting fields over `train` set ...
[DataSet] >>> Fitting fields over `valid` set ...
[DataSet] >>> Fitting fields over `test` set ...
[DataSet] >>> Normalizing fields over `train` set ...
[DataSet] >>> Normalizing fields over `valid` set ...
[DataSet] >>> Normalizing fields over `test` set ...
[Amazon2014Electronics_550_MMRec] >>> USER:192403:ID,USER | ITEM:63001:ID,ITEM | TIMESTAMP:5277:TIMESTAMP
+--------+--------+---------------+---------+--------+--------+------------------------+
| #Users | #Items | #Interactions |  #Train | #Valid | #Test  |        Density         |
+--------+--------+---------------+---------+--------+--------+------------------------+
| 192403 | 63001  |    1689188    | 1254441 | 211296 | 223451 | 0.00013935376448339807 |
+--------+--------+---------------+---------+--------+--------+------------------------+
[Wall TIME] >>> BaseSet.compile takes 1.895858 seconds ...
[Wall TIME] >>> RecDataSet.to_heterograph takes 0.521511 seconds ...
[Wall TIME] >>> RecDataSet.to_heterograph takes 0.500875 seconds ...
[Wall TIME] >>> GenTrainNegativeSampler.prepare takes 4.643548 seconds ...
[Wall TIME] >>> ValidSampler.prepare takes 5.117674 seconds ...
[Wall TIME] >>> TestSampler.prepare takes 6.523789 seconds ...
[Coach] >>> Set best meter: NDCG@20 
[Coach] >>> Better ***NDCG@20*** of ***0.0107*** 
[Coach] >>> VALID @Epoch: 0 >>>  || RECALL@1 Avg: 0.0037 || RECALL@10 Avg: 0.0153 || RECALL@20 Avg: 0.0228 || NDCG@10 Avg: 0.0088 || NDCG@20 Avg: 0.0107
[Wall TIME] >>> Coach.valid takes 26.011804 seconds ...
[Coach] >>> TRAIN @Epoch: 1 >>>  || LOSS Avg: 0.60831
[Wall TIME] >>> Coach.train takes 37.753586 seconds ...
[Coach] >>> TRAIN @Epoch: 2 >>>  || LOSS Avg: 0.55003
[Wall TIME] >>> Coach.train takes 37.830507 seconds ...
[Coach] >>> TRAIN @Epoch: 3 >>>  || LOSS Avg: 0.47766
[Wall TIME] >>> Coach.train takes 36.939193 seconds ...
[Coach] >>> TRAIN @Epoch: 4 >>>  || LOSS Avg: 0.41011
[Wall TIME] >>> Coach.train takes 37.545727 seconds ...
[Coach] >>> TRAIN @Epoch: 5 >>>  || LOSS Avg: 0.35695
[Wall TIME] >>> Coach.train takes 37.638427 seconds ...
[Coach] >>> Better ***NDCG@20*** of ***0.0217*** 
[Coach] >>> VALID @Epoch: 5 >>>  || RECALL@1 Avg: 0.0060 || RECALL@10 Avg: 0.0323 || RECALL@20 Avg: 0.0497 || NDCG@10 Avg: 0.0172 || NDCG@20 Avg: 0.0217
[Wall TIME] >>> Coach.valid takes 20.507083 seconds ...
[Coach] >>> TRAIN @Epoch: 6 >>>  || LOSS Avg: 0.31728
[Wall TIME] >>> Coach.train takes 37.565975 seconds ...
[Coach] >>> TRAIN @Epoch: 7 >>>  || LOSS Avg: 0.28647
[Wall TIME] >>> Coach.train takes 37.237916 seconds ...
[Coach] >>> TRAIN @Epoch: 8 >>>  || LOSS Avg: 0.26228
[Wall TIME] >>> Coach.train takes 38.128069 seconds ...
[Coach] >>> TRAIN @Epoch: 9 >>>  || LOSS Avg: 0.24230
[Wall TIME] >>> Coach.train takes 38.216987 seconds ...
[Coach] >>> TRAIN @Epoch: 10 >>>  || LOSS Avg: 0.22536
[Wall TIME] >>> Coach.train takes 37.512975 seconds ...
[Coach] >>> Better ***NDCG@20*** of ***0.0226*** 
[Coach] >>> VALID @Epoch: 10 >>>  || RECALL@1 Avg: 0.0061 || RECALL@10 Avg: 0.0336 || RECALL@20 Avg: 0.0521 || NDCG@10 Avg: 0.0179 || NDCG@20 Avg: 0.0226
[Wall TIME] >>> Coach.valid takes 20.567598 seconds ...
[Coach] >>> TRAIN @Epoch: 11 >>>  || LOSS Avg: 0.21058
[Wall TIME] >>> Coach.train takes 38.170707 seconds ...
[Coach] >>> TRAIN @Epoch: 12 >>>  || LOSS Avg: 0.19776
[Wall TIME] >>> Coach.train takes 38.199413 seconds ...
[Coach] >>> TRAIN @Epoch: 13 >>>  || LOSS Avg: 0.18659
[Wall TIME] >>> Coach.train takes 37.591063 seconds ...
[Coach] >>> TRAIN @Epoch: 14 >>>  || LOSS Avg: 0.17652
[Wall TIME] >>> Coach.train takes 38.021925 seconds ...
[Coach] >>> TRAIN @Epoch: 15 >>>  || LOSS Avg: 0.16758
[Wall TIME] >>> Coach.train takes 37.971751 seconds ...
[Coach] >>> Better ***NDCG@20*** of ***0.0237*** 
[Coach] >>> VALID @Epoch: 15 >>>  || RECALL@1 Avg: 0.0066 || RECALL@10 Avg: 0.0354 || RECALL@20 Avg: 0.0543 || NDCG@10 Avg: 0.0189 || NDCG@20 Avg: 0.0237
[Wall TIME] >>> Coach.valid takes 20.495974 seconds ...
[Coach] >>> TRAIN @Epoch: 16 >>>  || LOSS Avg: 0.15936
[Wall TIME] >>> Coach.train takes 36.738947 seconds ...
[Coach] >>> TRAIN @Epoch: 17 >>>  || LOSS Avg: 0.15220
[Wall TIME] >>> Coach.train takes 37.443886 seconds ...
[Coach] >>> TRAIN @Epoch: 18 >>>  || LOSS Avg: 0.14549
[Wall TIME] >>> Coach.train takes 37.319143 seconds ...
[Coach] >>> TRAIN @Epoch: 19 >>>  || LOSS Avg: 0.13938
[Wall TIME] >>> Coach.train takes 36.634562 seconds ...
[Coach] >>> TRAIN @Epoch: 20 >>>  || LOSS Avg: 0.13387
[Wall TIME] >>> Coach.train takes 37.109595 seconds ...
[Coach] >>> Better ***NDCG@20*** of ***0.0246*** 
[Coach] >>> VALID @Epoch: 20 >>>  || RECALL@1 Avg: 0.0069 || RECALL@10 Avg: 0.0365 || RECALL@20 Avg: 0.0563 || NDCG@10 Avg: 0.0196 || NDCG@20 Avg: 0.0246
[Wall TIME] >>> Coach.valid takes 20.419433 seconds ...
[Coach] >>> TRAIN @Epoch: 21 >>>  || LOSS Avg: 0.12894
[Wall TIME] >>> Coach.train takes 78.266883 seconds ...
[Coach] >>> TRAIN @Epoch: 22 >>>  || LOSS Avg: 0.12408
[Wall TIME] >>> Coach.train takes 78.261901 seconds ...
[Coach] >>> TRAIN @Epoch: 23 >>>  || LOSS Avg: 0.11997
[Wall TIME] >>> Coach.train takes 78.334749 seconds ...
[Coach] >>> TRAIN @Epoch: 24 >>>  || LOSS Avg: 0.11600
[Wall TIME] >>> Coach.train takes 78.990612 seconds ...
[Coach] >>> TRAIN @Epoch: 25 >>>  || LOSS Avg: 0.11204
[Wall TIME] >>> Coach.train takes 78.260099 seconds ...
[Coach] >>> Better ***NDCG@20*** of ***0.0252*** 
[Coach] >>> VALID @Epoch: 25 >>>  || RECALL@1 Avg: 0.0072 || RECALL@10 Avg: 0.0371 || RECALL@20 Avg: 0.0575 || NDCG@10 Avg: 0.0200 || NDCG@20 Avg: 0.0252
[Wall TIME] >>> Coach.valid takes 20.362036 seconds ...
[Coach] >>> TRAIN @Epoch: 26 >>>  || LOSS Avg: 0.10862
[Wall TIME] >>> Coach.train takes 78.337637 seconds ...
[Coach] >>> TRAIN @Epoch: 27 >>>  || LOSS Avg: 0.10570
[Wall TIME] >>> Coach.train takes 78.442131 seconds ...
[Coach] >>> TRAIN @Epoch: 28 >>>  || LOSS Avg: 0.10274
[Wall TIME] >>> Coach.train takes 79.047302 seconds ...
[Coach] >>> TRAIN @Epoch: 29 >>>  || LOSS Avg: 0.10028
[Wall TIME] >>> Coach.train takes 79.121478 seconds ...
[Coach] >>> TRAIN @Epoch: 30 >>>  || LOSS Avg: 0.09748
[Wall TIME] >>> Coach.train takes 79.453670 seconds ...
[Coach] >>> Better ***NDCG@20*** of ***0.0255*** 
[Coach] >>> VALID @Epoch: 30 >>>  || RECALL@1 Avg: 0.0073 || RECALL@10 Avg: 0.0376 || RECALL@20 Avg: 0.0578 || NDCG@10 Avg: 0.0203 || NDCG@20 Avg: 0.0255
[Wall TIME] >>> Coach.valid takes 20.544623 seconds ...
[Coach] >>> TRAIN @Epoch: 31 >>>  || LOSS Avg: 0.09486
[Wall TIME] >>> Coach.train takes 79.298428 seconds ...
[Coach] >>> TRAIN @Epoch: 32 >>>  || LOSS Avg: 0.09278
[Wall TIME] >>> Coach.train takes 78.814080 seconds ...
[Coach] >>> TRAIN @Epoch: 33 >>>  || LOSS Avg: 0.09096
[Wall TIME] >>> Coach.train takes 78.568602 seconds ...
[Coach] >>> TRAIN @Epoch: 34 >>>  || LOSS Avg: 0.08897
[Wall TIME] >>> Coach.train takes 79.329176 seconds ...
[Coach] >>> TRAIN @Epoch: 35 >>>  || LOSS Avg: 0.08672
[Wall TIME] >>> Coach.train takes 78.310868 seconds ...
[Coach] >>> Better ***NDCG@20*** of ***0.0258*** 
[Coach] >>> VALID @Epoch: 35 >>>  || RECALL@1 Avg: 0.0075 || RECALL@10 Avg: 0.0382 || RECALL@20 Avg: 0.0587 || NDCG@10 Avg: 0.0206 || NDCG@20 Avg: 0.0258
[Wall TIME] >>> Coach.valid takes 20.429844 seconds ...
[Coach] >>> TRAIN @Epoch: 36 >>>  || LOSS Avg: 0.08537
[Wall TIME] >>> Coach.train takes 78.301354 seconds ...
[Coach] >>> TRAIN @Epoch: 37 >>>  || LOSS Avg: 0.08371
[Wall TIME] >>> Coach.train takes 78.294408 seconds ...
[Coach] >>> TRAIN @Epoch: 38 >>>  || LOSS Avg: 0.08215
[Wall TIME] >>> Coach.train takes 78.477068 seconds ...
[Coach] >>> TRAIN @Epoch: 39 >>>  || LOSS Avg: 0.08089
[Wall TIME] >>> Coach.train takes 78.818688 seconds ...
[Coach] >>> TRAIN @Epoch: 40 >>>  || LOSS Avg: 0.07925
[Wall TIME] >>> Coach.train takes 78.660245 seconds ...
[Coach] >>> Better ***NDCG@20*** of ***0.0261*** 
[Coach] >>> VALID @Epoch: 40 >>>  || RECALL@1 Avg: 0.0076 || RECALL@10 Avg: 0.0384 || RECALL@20 Avg: 0.0592 || NDCG@10 Avg: 0.0208 || NDCG@20 Avg: 0.0261
[Wall TIME] >>> Coach.valid takes 20.379578 seconds ...
[Coach] >>> TRAIN @Epoch: 41 >>>  || LOSS Avg: 0.07807
[Wall TIME] >>> Coach.train takes 78.555472 seconds ...
[Coach] >>> TRAIN @Epoch: 42 >>>  || LOSS Avg: 0.07679
[Wall TIME] >>> Coach.train takes 78.580638 seconds ...
[Coach] >>> TRAIN @Epoch: 43 >>>  || LOSS Avg: 0.07583
[Wall TIME] >>> Coach.train takes 78.347842 seconds ...
[Coach] >>> TRAIN @Epoch: 44 >>>  || LOSS Avg: 0.07455
[Wall TIME] >>> Coach.train takes 78.877139 seconds ...
[Coach] >>> TRAIN @Epoch: 45 >>>  || LOSS Avg: 0.07343
[Wall TIME] >>> Coach.train takes 78.076484 seconds ...
[Coach] >>> Better ***NDCG@20*** of ***0.0263*** 
[Coach] >>> VALID @Epoch: 45 >>>  || RECALL@1 Avg: 0.0076 || RECALL@10 Avg: 0.0388 || RECALL@20 Avg: 0.0596 || NDCG@10 Avg: 0.0210 || NDCG@20 Avg: 0.0263
[Wall TIME] >>> Coach.valid takes 20.377202 seconds ...
[Coach] >>> TRAIN @Epoch: 46 >>>  || LOSS Avg: 0.07276
[Wall TIME] >>> Coach.train takes 78.034889 seconds ...
[Coach] >>> TRAIN @Epoch: 47 >>>  || LOSS Avg: 0.07173
[Wall TIME] >>> Coach.train takes 77.801543 seconds ...
[Coach] >>> TRAIN @Epoch: 48 >>>  || LOSS Avg: 0.07066
[Wall TIME] >>> Coach.train takes 77.759193 seconds ...
[Coach] >>> TRAIN @Epoch: 49 >>>  || LOSS Avg: 0.07002
[Wall TIME] >>> Coach.train takes 77.624534 seconds ...
[Coach] >>> TRAIN @Epoch: 50 >>>  || LOSS Avg: 0.06932
[Wall TIME] >>> Coach.train takes 77.875320 seconds ...
[Coach] >>> Better ***NDCG@20*** of ***0.0265*** 
[Coach] >>> VALID @Epoch: 50 >>>  || RECALL@1 Avg: 0.0076 || RECALL@10 Avg: 0.0393 || RECALL@20 Avg: 0.0600 || NDCG@10 Avg: 0.0212 || NDCG@20 Avg: 0.0265
[Wall TIME] >>> Coach.valid takes 20.437804 seconds ...
[Coach] >>> TRAIN @Epoch: 51 >>>  || LOSS Avg: 0.06845
[Wall TIME] >>> Coach.train takes 77.721592 seconds ...
[Coach] >>> TRAIN @Epoch: 52 >>>  || LOSS Avg: 0.06764
[Wall TIME] >>> Coach.train takes 77.949520 seconds ...
[Coach] >>> TRAIN @Epoch: 53 >>>  || LOSS Avg: 0.06711
[Wall TIME] >>> Coach.train takes 79.075071 seconds ...
[Coach] >>> TRAIN @Epoch: 54 >>>  || LOSS Avg: 0.06621
[Wall TIME] >>> Coach.train takes 79.859562 seconds ...
[Coach] >>> TRAIN @Epoch: 55 >>>  || LOSS Avg: 0.06555
[Wall TIME] >>> Coach.train takes 79.497860 seconds ...
[Coach] >>> Better ***NDCG@20*** of ***0.0267*** 
[Coach] >>> VALID @Epoch: 55 >>>  || RECALL@1 Avg: 0.0077 || RECALL@10 Avg: 0.0397 || RECALL@20 Avg: 0.0606 || NDCG@10 Avg: 0.0214 || NDCG@20 Avg: 0.0267
[Wall TIME] >>> Coach.valid takes 20.476909 seconds ...
[Coach] >>> TRAIN @Epoch: 56 >>>  || LOSS Avg: 0.06493
[Wall TIME] >>> Coach.train takes 78.763623 seconds ...
[Coach] >>> TRAIN @Epoch: 57 >>>  || LOSS Avg: 0.06433
[Wall TIME] >>> Coach.train takes 79.349298 seconds ...
[Coach] >>> TRAIN @Epoch: 58 >>>  || LOSS Avg: 0.06400
[Wall TIME] >>> Coach.train takes 79.428362 seconds ...
[Coach] >>> TRAIN @Epoch: 59 >>>  || LOSS Avg: 0.06302
[Wall TIME] >>> Coach.train takes 79.296068 seconds ...
[Coach] >>> TRAIN @Epoch: 60 >>>  || LOSS Avg: 0.06268
[Wall TIME] >>> Coach.train takes 79.755951 seconds ...
[Coach] >>> Better ***NDCG@20*** of ***0.0270*** 
[Coach] >>> VALID @Epoch: 60 >>>  || RECALL@1 Avg: 0.0078 || RECALL@10 Avg: 0.0397 || RECALL@20 Avg: 0.0612 || NDCG@10 Avg: 0.0215 || NDCG@20 Avg: 0.0270
[Wall TIME] >>> Coach.valid takes 20.637659 seconds ...
[Coach] >>> TRAIN @Epoch: 61 >>>  || LOSS Avg: 0.06223
[Wall TIME] >>> Coach.train takes 79.423654 seconds ...
[Coach] >>> TRAIN @Epoch: 62 >>>  || LOSS Avg: 0.06178
[Wall TIME] >>> Coach.train takes 78.912860 seconds ...
[Coach] >>> TRAIN @Epoch: 63 >>>  || LOSS Avg: 0.06125
[Wall TIME] >>> Coach.train takes 78.746242 seconds ...
[Coach] >>> TRAIN @Epoch: 64 >>>  || LOSS Avg: 0.06095
[Wall TIME] >>> Coach.train takes 78.977343 seconds ...
[Coach] >>> TRAIN @Epoch: 65 >>>  || LOSS Avg: 0.06050
[Wall TIME] >>> Coach.train takes 78.653982 seconds ...
[Coach] >>> Better ***NDCG@20*** of ***0.0272*** 
[Coach] >>> VALID @Epoch: 65 >>>  || RECALL@1 Avg: 0.0080 || RECALL@10 Avg: 0.0400 || RECALL@20 Avg: 0.0614 || NDCG@10 Avg: 0.0217 || NDCG@20 Avg: 0.0272
[Wall TIME] >>> Coach.valid takes 20.666303 seconds ...
[Coach] >>> TRAIN @Epoch: 66 >>>  || LOSS Avg: 0.06006
[Wall TIME] >>> Coach.train takes 79.773050 seconds ...
[Coach] >>> TRAIN @Epoch: 67 >>>  || LOSS Avg: 0.05953
[Wall TIME] >>> Coach.train takes 79.409738 seconds ...
[Coach] >>> TRAIN @Epoch: 68 >>>  || LOSS Avg: 0.05910
[Wall TIME] >>> Coach.train takes 79.918615 seconds ...
[Coach] >>> TRAIN @Epoch: 69 >>>  || LOSS Avg: 0.05884
[Wall TIME] >>> Coach.train takes 79.951790 seconds ...
[Coach] >>> TRAIN @Epoch: 70 >>>  || LOSS Avg: 0.05840
[Wall TIME] >>> Coach.train takes 79.975838 seconds ...
[Coach] >>> Better ***NDCG@20*** of ***0.0273*** 
[Coach] >>> VALID @Epoch: 70 >>>  || RECALL@1 Avg: 0.0080 || RECALL@10 Avg: 0.0404 || RECALL@20 Avg: 0.0618 || NDCG@10 Avg: 0.0218 || NDCG@20 Avg: 0.0273
[Wall TIME] >>> Coach.valid takes 20.730621 seconds ...
[Coach] >>> TRAIN @Epoch: 71 >>>  || LOSS Avg: 0.05796
[Wall TIME] >>> Coach.train takes 80.784492 seconds ...
[1;31m[Warning] FreeRec version of 0.8.5 is required but current version is 0.9.7 [0m
[Wall TIME] >>> Parser.parse takes 0.048114 seconds ...
[Wall TIME] >>> Parser.load takes 0.002884 seconds ...
============================================================
           STAIR-LHC v1 (REVISED) EXPERIMENTAL RUN          
============================================================
Dataset      : Amazon2014Electronics_550_MMRec
Arm          : H0
Curvature    : kappa=1.0
Lambda Max   : 0.0001
Tau          : 0.3
Radius Cap   : R=2.0
Warmup Range : Epoch 20 -> Epoch 50
============================================================
[STAIR-LHC v1 Scale Initialization] q_u0=0.4233, q_i0=0.8433, q_u1=0.0435, q_i1=0.0689, M_norm=0.9069
[Epoch 001 Telemetry] BPR: 0.6083 | LHC: 0.0000 (lambda=0.000000) | Align: 0.0000 | Unif: 0.0000
[Epoch 002 Telemetry] BPR: 0.5500 | LHC: 0.0000 (lambda=0.000000) | Align: 0.0000 | Unif: 0.0000
[Epoch 003 Telemetry] BPR: 0.4776 | LHC: 0.0000 (lambda=0.000000) | Align: 0.0000 | Unif: 0.0000
[Epoch 004 Telemetry] BPR: 0.4101 | LHC: 0.0000 (lambda=0.000000) | Align: 0.0000 | Unif: 0.0000
[Epoch 005 Telemetry] BPR: 0.3569 | LHC: 0.0000 (lambda=0.000000) | Align: 0.0000 | Unif: 0.0000
[Epoch 006 Telemetry] BPR: 0.3173 | LHC: 0.0000 (lambda=0.000000) | Align: 0.0000 | Unif: 0.0000
[Epoch 007 Telemetry] BPR: 0.2864 | LHC: 0.0000 (lambda=0.000000) | Align: 0.0000 | Unif: 0.0000
[Epoch 008 Telemetry] BPR: 0.2622 | LHC: 0.0000 (lambda=0.000000) | Align: 0.0000 | Unif: 0.0000
[Epoch 009 Telemetry] BPR: 0.2423 | LHC: 0.0000 (lambda=0.000000) | Align: 0.0000 | Unif: 0.0000
[Epoch 010 Telemetry] BPR: 0.2254 | LHC: 0.0000 (lambda=0.000000) | Align: 0.0000 | Unif: 0.0000
[Epoch 011 Telemetry] BPR: 0.2106 | LHC: 0.0000 (lambda=0.000000) | Align: 0.0000 | Unif: 0.0000
[Epoch 012 Telemetry] BPR: 0.1977 | LHC: 0.0000 (lambda=0.000000) | Align: 0.0000 | Unif: 0.0000
[Epoch 013 Telemetry] BPR: 0.1866 | LHC: 0.0000 (lambda=0.000000) | Align: 0.0000 | Unif: 0.0000
[Epoch 014 Telemetry] BPR: 0.1765 | LHC: 0.0000 (lambda=0.000000) | Align: 0.0000 | Unif: 0.0000
[Epoch 015 Telemetry] BPR: 0.1676 | LHC: 0.0000 (lambda=0.000000) | Align: 0.0000 | Unif: 0.0000
[Epoch 016 Telemetry] BPR: 0.1593 | LHC: 0.0000 (lambda=0.000000) | Align: 0.0000 | Unif: 0.0000
[Epoch 017 Telemetry] BPR: 0.1522 | LHC: 0.0000 (lambda=0.000000) | Align: 0.0000 | Unif: 0.0000
[Epoch 018 Telemetry] BPR: 0.1455 | LHC: 0.0000 (lambda=0.000000) | Align: 0.0000 | Unif: 0.0000
[Epoch 019 Telemetry] BPR: 0.1394 | LHC: 0.0000 (lambda=0.000000) | Align: 0.0000 | Unif: 0.0000
[Epoch 020 Telemetry] BPR: 0.1338 | LHC: 0.0000 (lambda=0.000000) | Align: 0.0000 | Unif: 0.0000
[Epoch 021 Telemetry] BPR: 0.1289 | LHC: 7.4261 (lambda=0.000003) | Align: 6.4065 | Unif: -12.2375
[Epoch 022 Telemetry] BPR: 0.1240 | LHC: 7.4210 (lambda=0.000007) | Align: 6.4572 | Unif: -12.2959
[Epoch 023 Telemetry] BPR: 0.1199 | LHC: 7.4178 (lambda=0.000010) | Align: 6.5062 | Unif: -12.3547
[Epoch 024 Telemetry] BPR: 0.1159 | LHC: 7.4136 (lambda=0.000013) | Align: 6.5503 | Unif: -12.4073
[Epoch 025 Telemetry] BPR: 0.1119 | LHC: 7.4108 (lambda=0.000017) | Align: 6.5881 | Unif: -12.4595
[Epoch 026 Telemetry] BPR: 0.1085 | LHC: 7.4077 (lambda=0.000020) | Align: 6.6258 | Unif: -12.4996
[Epoch 027 Telemetry] BPR: 0.1055 | LHC: 7.4044 (lambda=0.000023) | Align: 6.6593 | Unif: -12.5458
[Epoch 028 Telemetry] BPR: 0.1026 | LHC: 7.4017 (lambda=0.000027) | Align: 6.6902 | Unif: -12.5893
[Epoch 029 Telemetry] BPR: 0.1000 | LHC: 7.3993 (lambda=0.000030) | Align: 6.7196 | Unif: -12.6337
[Gradient Diagnostics @ Epoch 30] rho_grad(BPR, LHC) = +0.2293 | Status: OK
[Epoch 030 Telemetry] BPR: 0.0972 | LHC: 7.3962 (lambda=0.000033) | Align: 6.7467 | Unif: -12.6701
[Epoch 031 Telemetry] BPR: 0.0946 | LHC: 7.3947 (lambda=0.000037) | Align: 6.7736 | Unif: -12.7110
[Epoch 032 Telemetry] BPR: 0.0925 | LHC: 7.3924 (lambda=0.000040) | Align: 6.7966 | Unif: -12.7392
[Epoch 033 Telemetry] BPR: 0.0906 | LHC: 7.3897 (lambda=0.000043) | Align: 6.8144 | Unif: -12.7679
[Epoch 034 Telemetry] BPR: 0.0886 | LHC: 7.3878 (lambda=0.000047) | Align: 6.8358 | Unif: -12.7995
[Epoch 035 Telemetry] BPR: 0.0863 | LHC: 7.3859 (lambda=0.000050) | Align: 6.8555 | Unif: -12.8278
[Epoch 036 Telemetry] BPR: 0.0850 | LHC: 7.3846 (lambda=0.000053) | Align: 6.8745 | Unif: -12.8513
[Epoch 037 Telemetry] BPR: 0.0833 | LHC: 7.3825 (lambda=0.000057) | Align: 6.8918 | Unif: -12.8775
[Epoch 038 Telemetry] BPR: 0.0817 | LHC: 7.3807 (lambda=0.000060) | Align: 6.9069 | Unif: -12.9000
[Epoch 039 Telemetry] BPR: 0.0804 | LHC: 7.3789 (lambda=0.000063) | Align: 6.9224 | Unif: -12.9211
[Gradient Diagnostics @ Epoch 40] rho_grad(BPR, LHC) = +0.2053 | Status: OK
[Epoch 040 Telemetry] BPR: 0.0788 | LHC: 7.3777 (lambda=0.000067) | Align: 6.9367 | Unif: -12.9427
[Epoch 041 Telemetry] BPR: 0.0776 | LHC: 7.3758 (lambda=0.000070) | Align: 6.9482 | Unif: -12.9598
[Epoch 042 Telemetry] BPR: 0.0763 | LHC: 7.3752 (lambda=0.000073) | Align: 6.9609 | Unif: -12.9757
[Epoch 043 Telemetry] BPR: 0.0753 | LHC: 7.3740 (lambda=0.000077) | Align: 6.9756 | Unif: -12.9983
[Epoch 044 Telemetry] BPR: 0.0740 | LHC: 7.3719 (lambda=0.000080) | Align: 6.9851 | Unif: -13.0220
[Epoch 045 Telemetry] BPR: 0.0728 | LHC: 7.3711 (lambda=0.000083) | Align: 6.9964 | Unif: -13.0405
[Epoch 046 Telemetry] BPR: 0.0721 | LHC: 7.3701 (lambda=0.000087) | Align: 7.0050 | Unif: -13.0559
[Epoch 047 Telemetry] BPR: 0.0711 | LHC: 7.3689 (lambda=0.000090) | Align: 7.0147 | Unif: -13.0736
[Epoch 048 Telemetry] BPR: 0.0700 | LHC: 7.3680 (lambda=0.000093) | Align: 7.0246 | Unif: -13.0916
[Epoch 049 Telemetry] BPR: 0.0693 | LHC: 7.3663 (lambda=0.000097) | Align: 7.0340 | Unif: -13.1056
[Gradient Diagnostics @ Epoch 50] rho_grad(BPR, LHC) = +0.1971 | Status: OK
[Epoch 050 Telemetry] BPR: 0.0686 | LHC: 7.3657 (lambda=0.000100) | Align: 7.0445 | Unif: -13.1233
[Epoch 051 Telemetry] BPR: 0.0677 | LHC: 7.3644 (lambda=0.000100) | Align: 7.0529 | Unif: -13.1311
[Epoch 052 Telemetry] BPR: 0.0669 | LHC: 7.3635 (lambda=0.000100) | Align: 7.0585 | Unif: -13.1494
[Epoch 053 Telemetry] BPR: 0.0664 | LHC: 7.3625 (lambda=0.000100) | Align: 7.0661 | Unif: -13.1641
[Epoch 054 Telemetry] BPR: 0.0655 | LHC: 7.3615 (lambda=0.000100) | Align: 7.0706 | Unif: -13.1760
[Epoch 055 Telemetry] BPR: 0.0648 | LHC: 7.3613 (lambda=0.000100) | Align: 7.0794 | Unif: -13.1873
[Epoch 056 Telemetry] BPR: 0.0642 | LHC: 7.3599 (lambda=0.000100) | Align: 7.0837 | Unif: -13.1991
[Epoch 057 Telemetry] BPR: 0.0636 | LHC: 7.3590 (lambda=0.000100) | Align: 7.0928 | Unif: -13.2073
[Epoch 058 Telemetry] BPR: 0.0633 | LHC: 7.3585 (lambda=0.000100) | Align: 7.0992 | Unif: -13.2190
[Epoch 059 Telemetry] BPR: 0.0623 | LHC: 7.3576 (lambda=0.000100) | Align: 7.1060 | Unif: -13.2338
[Gradient Diagnostics @ Epoch 60] rho_grad(BPR, LHC) = +0.1953 | Status: OK
[Epoch 060 Telemetry] BPR: 0.0620 | LHC: 7.3568 (lambda=0.000100) | Align: 7.1089 | Unif: -13.2497
[Epoch 061 Telemetry] BPR: 0.0615 | LHC: 7.3565 (lambda=0.000100) | Align: 7.1148 | Unif: -13.2588
[Epoch 062 Telemetry] BPR: 0.0611 | LHC: 7.3558 (lambda=0.000100) | Align: 7.1197 | Unif: -13.2629
[Epoch 063 Telemetry] BPR: 0.0605 | LHC: 7.3547 (lambda=0.000100) | Align: 7.1271 | Unif: -13.2717
[Epoch 064 Telemetry] BPR: 0.0602 | LHC: 7.3544 (lambda=0.000100) | Align: 7.1299 | Unif: -13.2786
[Epoch 065 Telemetry] BPR: 0.0598 | LHC: 7.3537 (lambda=0.000100) | Align: 7.1344 | Unif: -13.2921
[Epoch 066 Telemetry] BPR: 0.0593 | LHC: 7.3527 (lambda=0.000100) | Align: 7.1384 | Unif: -13.3032
[Epoch 067 Telemetry] BPR: 0.0588 | LHC: 7.3523 (lambda=0.000100) | Align: 7.1435 | Unif: -13.3136
[Epoch 068 Telemetry] BPR: 0.0584 | LHC: 7.3518 (lambda=0.000100) | Align: 7.1474 | Unif: -13.3200
[Epoch 069 Telemetry] BPR: 0.0581 | LHC: 7.3515 (lambda=0.000100) | Align: 7.1519 | Unif: -13.3291
[Gradient Diagnostics @ Epoch 70] rho_grad(BPR, LHC) = +0.1920 | Status: OK
[Epoch 070 Telemetry] BPR: 0.0577 | LHC: 7.3506 (lambda=0.000100) | Align: 7.1565 | Unif: -13.3396
[Epoch 071 Telemetry] BPR: 0.0572 | LHC: 7.3504 (lambda=0.000100) | Align: 7.1618 | Unif: -13.3455
[Epoch 072 Telemetry] BPR: 0.0570 | LHC: 7.3493 (lambda=0.000100) | Align: 7.1644 | Unif: -13.3505[Coach] >>> TRAIN @Epoch: 72 >>>  || LOSS Avg: 0.05776
[Wall TIME] >>> Coach.train takes 79.358105 seconds ...
[Coach] >>> TRAIN @Epoch: 73 >>>  || LOSS Avg: 0.05743
[Wall TIME] >>> Coach.train takes 79.887947 seconds ...
[Coach] >>> TRAIN @Epoch: 74 >>>  || LOSS Avg: 0.05717
[Wall TIME] >>> Coach.train takes 79.682011 seconds ...
[Coach] >>> TRAIN @Epoch: 75 >>>  || LOSS Avg: 0.05679
[Wall TIME] >>> Coach.train takes 78.383304 seconds ...
[Coach] >>> Better ***NDCG@20*** of ***0.0274*** 
[Coach] >>> VALID @Epoch: 75 >>>  || RECALL@1 Avg: 0.0079 || RECALL@10 Avg: 0.0406 || RECALL@20 Avg: 0.0621 || NDCG@10 Avg: 0.0219 || NDCG@20 Avg: 0.0274
[Wall TIME] >>> Coach.valid takes 20.441095 seconds ...
[Coach] >>> TRAIN @Epoch: 76 >>>  || LOSS Avg: 0.05652
[Wall TIME] >>> Coach.train takes 79.123607 seconds ...
[Coach] >>> TRAIN @Epoch: 77 >>>  || LOSS Avg: 0.05634
[Wall TIME] >>> Coach.train takes 78.716231 seconds ...
[Coach] >>> TRAIN @Epoch: 78 >>>  || LOSS Avg: 0.05598
[Wall TIME] >>> Coach.train takes 78.321865 seconds ...
[Coach] >>> TRAIN @Epoch: 79 >>>  || LOSS Avg: 0.05576
[Wall TIME] >>> Coach.train takes 77.968948 seconds ...
[Coach] >>> TRAIN @Epoch: 80 >>>  || LOSS Avg: 0.05538
[Wall TIME] >>> Coach.train takes 77.988569 seconds ...
[Coach] >>> Better ***NDCG@20*** of ***0.0275*** 
[Coach] >>> VALID @Epoch: 80 >>>  || RECALL@1 Avg: 0.0080 || RECALL@10 Avg: 0.0406 || RECALL@20 Avg: 0.0623 || NDCG@10 Avg: 0.0220 || NDCG@20 Avg: 0.0275
[Wall TIME] >>> Coach.valid takes 20.328960 seconds ...
[Coach] >>> TRAIN @Epoch: 81 >>>  || LOSS Avg: 0.05518
[Wall TIME] >>> Coach.train takes 77.762138 seconds ...
[Coach] >>> TRAIN @Epoch: 82 >>>  || LOSS Avg: 0.05492
[Wall TIME] >>> Coach.train takes 77.811542 seconds ...
[Coach] >>> TRAIN @Epoch: 83 >>>  || LOSS Avg: 0.05487
[Wall TIME] >>> Coach.train takes 77.502759 seconds ...
[Coach] >>> TRAIN @Epoch: 84 >>>  || LOSS Avg: 0.05447
[Wall TIME] >>> Coach.train takes 77.985460 seconds ...
[Coach] >>> TRAIN @Epoch: 85 >>>  || LOSS Avg: 0.05432
[Wall TIME] >>> Coach.train takes 76.974570 seconds ...
[Coach] >>> Better ***NDCG@20*** of ***0.0276*** 
[Coach] >>> VALID @Epoch: 85 >>>  || RECALL@1 Avg: 0.0079 || RECALL@10 Avg: 0.0408 || RECALL@20 Avg: 0.0627 || NDCG@10 Avg: 0.0220 || NDCG@20 Avg: 0.0276
[Wall TIME] >>> Coach.valid takes 20.318469 seconds ...
[Coach] >>> TRAIN @Epoch: 86 >>>  || LOSS Avg: 0.05395
[Wall TIME] >>> Coach.train takes 77.168056 seconds ...
[Coach] >>> TRAIN @Epoch: 87 >>>  || LOSS Avg: 0.05371
[Wall TIME] >>> Coach.train takes 77.097961 seconds ...
[Coach] >>> TRAIN @Epoch: 88 >>>  || LOSS Avg: 0.05352
[Wall TIME] >>> Coach.train takes 77.120312 seconds ...
[Coach] >>> TRAIN @Epoch: 89 >>>  || LOSS Avg: 0.05349
[Wall TIME] >>> Coach.train takes 77.603356 seconds ...
[Coach] >>> TRAIN @Epoch: 90 >>>  || LOSS Avg: 0.05338
[Wall TIME] >>> Coach.train takes 78.634765 seconds ...
[Coach] >>> Better ***NDCG@20*** of ***0.0277*** 
[Coach] >>> VALID @Epoch: 90 >>>  || RECALL@1 Avg: 0.0081 || RECALL@10 Avg: 0.0409 || RECALL@20 Avg: 0.0628 || NDCG@10 Avg: 0.0221 || NDCG@20 Avg: 0.0277
[Wall TIME] >>> Coach.valid takes 20.439116 seconds ...
[Coach] >>> TRAIN @Epoch: 91 >>>  || LOSS Avg: 0.05295
[Wall TIME] >>> Coach.train takes 79.097802 seconds ...
[Coach] >>> TRAIN @Epoch: 92 >>>  || LOSS Avg: 0.05278
[Wall TIME] >>> Coach.train takes 78.685787 seconds ...
[Coach] >>> TRAIN @Epoch: 93 >>>  || LOSS Avg: 0.05263
[Wall TIME] >>> Coach.train takes 79.087360 seconds ...
[Coach] >>> TRAIN @Epoch: 94 >>>  || LOSS Avg: 0.05240
[Wall TIME] >>> Coach.train takes 77.693976 seconds ...
[Coach] >>> TRAIN @Epoch: 95 >>>  || LOSS Avg: 0.05229
[Wall TIME] >>> Coach.train takes 77.788344 seconds ...
[Coach] >>> Better ***NDCG@20*** of ***0.0279*** 
[Coach] >>> VALID @Epoch: 95 >>>  || RECALL@1 Avg: 0.0082 || RECALL@10 Avg: 0.0410 || RECALL@20 Avg: 0.0631 || NDCG@10 Avg: 0.0223 || NDCG@20 Avg: 0.0279
[Wall TIME] >>> Coach.valid takes 20.340946 seconds ...
[Coach] >>> TRAIN @Epoch: 96 >>>  || LOSS Avg: 0.05199
[Wall TIME] >>> Coach.train takes 78.322879 seconds ...
[Coach] >>> TRAIN @Epoch: 97 >>>  || LOSS Avg: 0.05202
[Wall TIME] >>> Coach.train takes 79.230659 seconds ...
[Coach] >>> TRAIN @Epoch: 98 >>>  || LOSS Avg: 0.05188
[Wall TIME] >>> Coach.train takes 78.325334 seconds ...
[Coach] >>> TRAIN @Epoch: 99 >>>  || LOSS Avg: 0.05159
[Wall TIME] >>> Coach.train takes 78.662339 seconds ...
[Coach] >>> TRAIN @Epoch: 100 >>>  || LOSS Avg: 0.05162
[Wall TIME] >>> Coach.train takes 78.743761 seconds ...
[Coach] >>> Better ***NDCG@20*** of ***0.0279*** 
[Coach] >>> VALID @Epoch: 100 >>>  || RECALL@1 Avg: 0.0082 || RECALL@10 Avg: 0.0410 || RECALL@20 Avg: 0.0634 || NDCG@10 Avg: 0.0222 || NDCG@20 Avg: 0.0279
[Wall TIME] >>> Coach.valid takes 20.392519 seconds ...
[Coach] >>> TRAIN @Epoch: 101 >>>  || LOSS Avg: 0.05133
[Wall TIME] >>> Coach.train takes 78.340372 seconds ...
[Coach] >>> TRAIN @Epoch: 102 >>>  || LOSS Avg: 0.05121
[Wall TIME] >>> Coach.train takes 78.402698 seconds ...
[Coach] >>> TRAIN @Epoch: 103 >>>  || LOSS Avg: 0.05116
[Wall TIME] >>> Coach.train takes 77.877451 seconds ...
[Coach] >>> TRAIN @Epoch: 104 >>>  || LOSS Avg: 0.05090
[Wall TIME] >>> Coach.train takes 76.526075 seconds ...
[Coach] >>> TRAIN @Epoch: 105 >>>  || LOSS Avg: 0.05099
[Wall TIME] >>> Coach.train takes 76.726878 seconds ...
[Coach] >>> Better ***NDCG@20*** of ***0.0280*** 
[Coach] >>> VALID @Epoch: 105 >>>  || RECALL@1 Avg: 0.0082 || RECALL@10 Avg: 0.0413 || RECALL@20 Avg: 0.0633 || NDCG@10 Avg: 0.0224 || NDCG@20 Avg: 0.0280
[Wall TIME] >>> Coach.valid takes 20.225824 seconds ...
[Coach] >>> TRAIN @Epoch: 106 >>>  || LOSS Avg: 0.05049
[Wall TIME] >>> Coach.train takes 76.574541 seconds ...
[Coach] >>> TRAIN @Epoch: 107 >>>  || LOSS Avg: 0.05039
[Wall TIME] >>> Coach.train takes 76.593977 seconds ...
[Coach] >>> TRAIN @Epoch: 108 >>>  || LOSS Avg: 0.05038
[Wall TIME] >>> Coach.train takes 76.584398 seconds ...
[Coach] >>> TRAIN @Epoch: 109 >>>  || LOSS Avg: 0.05026
[Wall TIME] >>> Coach.train takes 76.641953 seconds ...
[Coach] >>> TRAIN @Epoch: 110 >>>  || LOSS Avg: 0.05014
[Wall TIME] >>> Coach.train takes 77.619322 seconds ...
[Coach] >>> Better ***NDCG@20*** of ***0.0281*** 
[Coach] >>> VALID @Epoch: 110 >>>  || RECALL@1 Avg: 0.0083 || RECALL@10 Avg: 0.0414 || RECALL@20 Avg: 0.0633 || NDCG@10 Avg: 0.0225 || NDCG@20 Avg: 0.0281
[Wall TIME] >>> Coach.valid takes 20.439159 seconds ...
[Coach] >>> TRAIN @Epoch: 111 >>>  || LOSS Avg: 0.04998
[Wall TIME] >>> Coach.train takes 78.923368 seconds ...
[Coach] >>> TRAIN @Epoch: 112 >>>  || LOSS Avg: 0.04991
[Wall TIME] >>> Coach.train takes 78.521759 seconds ...
[Coach] >>> TRAIN @Epoch: 113 >>>  || LOSS Avg: 0.04964
[Wall TIME] >>> Coach.train takes 79.017845 seconds ...
[Coach] >>> TRAIN @Epoch: 114 >>>  || LOSS Avg: 0.04955
[Wall TIME] >>> Coach.train takes 78.250696 seconds ...
[Coach] >>> TRAIN @Epoch: 115 >>>  || LOSS Avg: 0.04952
[Wall TIME] >>> Coach.train takes 78.356407 seconds ...
[Coach] >>> Better ***NDCG@20*** of ***0.0282*** 
[Coach] >>> VALID @Epoch: 115 >>>  || RECALL@1 Avg: 0.0082 || RECALL@10 Avg: 0.0416 || RECALL@20 Avg: 0.0638 || NDCG@10 Avg: 0.0225 || NDCG@20 Avg: 0.0282
[Wall TIME] >>> Coach.valid takes 20.400620 seconds ...
[Coach] >>> TRAIN @Epoch: 116 >>>  || LOSS Avg: 0.04923
[Wall TIME] >>> Coach.train takes 77.830676 seconds ...
[Coach] >>> TRAIN @Epoch: 117 >>>  || LOSS Avg: 0.04937
[Wall TIME] >>> Coach.train takes 77.890865 seconds ...
[Coach] >>> TRAIN @Epoch: 118 >>>  || LOSS Avg: 0.04919
[Wall TIME] >>> Coach.train takes 77.903245 seconds ...
[Coach] >>> TRAIN @Epoch: 119 >>>  || LOSS Avg: 0.04896
[Wall TIME] >>> Coach.train takes 77.848555 seconds ...
[Coach] >>> TRAIN @Epoch: 120 >>>  || LOSS Avg: 0.04886
[Wall TIME] >>> Coach.train takes 78.375032 seconds ...
[Coach] >>> Better ***NDCG@20*** of ***0.0283*** 
[Coach] >>> VALID @Epoch: 120 >>>  || RECALL@1 Avg: 0.0083 || RECALL@10 Avg: 0.0417 || RECALL@20 Avg: 0.0639 || NDCG@10 Avg: 0.0226 || NDCG@20 Avg: 0.0283
[Wall TIME] >>> Coach.valid takes 20.378672 seconds ...
[Coach] >>> TRAIN @Epoch: 121 >>>  || LOSS Avg: 0.04885
[Wall TIME] >>> Coach.train takes 78.440397 seconds ...
[Coach] >>> TRAIN @Epoch: 122 >>>  || LOSS Avg: 0.04887
[Wall TIME] >>> Coach.train takes 80.258039 seconds ...
[Coach] >>> TRAIN @Epoch: 123 >>>  || LOSS Avg: 0.04891
[Wall TIME] >>> Coach.train takes 81.120116 seconds ...
[Coach] >>> TRAIN @Epoch: 124 >>>  || LOSS Avg: 0.04865
[Wall TIME] >>> Coach.train takes 79.792878 seconds ...
[Coach] >>> TRAIN @Epoch: 125 >>>  || LOSS Avg: 0.04846
[Wall TIME] >>> Coach.train takes 79.571938 seconds ...
[Coach] >>> Better ***NDCG@20*** of ***0.0283*** 
[Coach] >>> VALID @Epoch: 125 >>>  || RECALL@1 Avg: 0.0084 || RECALL@10 Avg: 0.0419 || RECALL@20 Avg: 0.0640 || NDCG@10 Avg: 0.0227 || NDCG@20 Avg: 0.0283
[Wall TIME] >>> Coach.valid takes 20.629820 seconds ...
[Coach] >>> TRAIN @Epoch: 126 >>>  || LOSS Avg: 0.04843
[Wall TIME] >>> Coach.train takes 79.756330 seconds ...
[Coach] >>> TRAIN @Epoch: 127 >>>  || LOSS Avg: 0.04819
[Wall TIME] >>> Coach.train takes 80.282768 seconds ...
[Coach] >>> TRAIN @Epoch: 128 >>>  || LOSS Avg: 0.04822
[Wall TIME] >>> Coach.train takes 80.259330 seconds ...
[Coach] >>> TRAIN @Epoch: 129 >>>  || LOSS Avg: 0.04827
[Wall TIME] >>> Coach.train takes 79.708546 seconds ...
[Coach] >>> TRAIN @Epoch: 130 >>>  || LOSS Avg: 0.04788
[Wall TIME] >>> Coach.train takes 79.962205 seconds ...
[Coach] >>> VALID @Epoch: 130 >>>  || RECALL@1 Avg: 0.0083 || RECALL@10 Avg: 0.0418 || RECALL@20 Avg: 0.0640 || NDCG@10 Avg: 0.0227 || NDCG@20 Avg: 0.0283
[Wall TIME] >>> Coach.valid takes 20.369870 seconds ...
[Coach] >>> TRAIN @Epoch: 131 >>>  || LOSS Avg: 0.04798
[Wall TIME] >>> Coach.train takes 79.896493 seconds ...
[Coach] >>> TRAIN @Epoch: 132 >>>  || LOSS Avg: 0.04780
[Wall TIME] >>> Coach.train takes 80.200558 seconds ...
[Coach] >>> TRAIN @Epoch: 133 >>>  || LOSS Avg: 0.04781
[Wall TIME] >>> Coach.train takes 80.956381 seconds ...
[Coach] >>> TRAIN @Epoch: 134 >>>  || LOSS Avg: 0.04784
[Wall TIME] >>> Coach.train takes 80.584896 seconds ...
[Coach] >>> TRAIN @Epoch: 135 >>>  || LOSS Avg: 0.04777
[Wall TIME] >>> Coach.train takes 80.732783 seconds ...
[Coach] >>> Better ***NDCG@20*** of ***0.0284*** 
[Coach] >>> VALID @Epoch: 135 >>>  || RECALL@1 Avg: 0.0084 || RECALL@10 Avg: 0.0419 || RECALL@20 Avg: 0.0642 || NDCG@10 Avg: 0.0227 || NDCG@20 Avg: 0.0284
[Wall TIME] >>> Coach.valid takes 20.773902 seconds ...
[Coach] >>> TRAIN @Epoch: 136 >>>  || LOSS Avg: 0.04745
[Wall TIME] >>> Coach.train takes 80.623920 seconds ...
[Coach] >>> TRAIN @Epoch: 137 >>>  || LOSS Avg: 0.04764
[Wall TIME] >>> Coach.train takes 80.377331 seconds ...
[Coach] >>> TRAIN @Epoch: 138 >>>  || LOSS Avg: 0.04737
[Wall TIME] >>> Coach.train takes 80.440038 seconds ...
[Coach] >>> TRAIN @Epoch: 139 >>>  || LOSS Avg: 0.04733
[Wall TIME] >>> Coach.train takes 80.616208 seconds ...
[Coach] >>> TRAIN @Epoch: 140 >>>  || LOSS Avg: 0.04717
[Wall TIME] >>> Coach.train takes 80.662569 seconds ...
[Coach] >>> Better ***NDCG@20*** of ***0.0284*** 
[Coach] >>> VALID @Epoch: 140 >>>  || RECALL@1 Avg: 0.0084 || RECALL@10 Avg: 0.0419 || RECALL@20 Avg: 0.0643 || NDCG@10 Avg: 0.0227 || NDCG@20 Avg: 0.0284
[Wall TIME] >>> Coach.valid takes 20.654287 seconds ...
[Coach] >>> TRAIN @Epoch: 141 >>>  || LOSS Avg: 0.04717
[Wall TIME] >>> Coach.train takes 80.257113 seconds ...
[Coach] >>> TRAIN @Epoch: 142 >>>  || LOSS Avg: 0.04712
[Wall TIME] >>> Coach.train takes 80.313796 seconds ...
[Coach] >>> TRAIN @Epoch: 143 >>>  || LOSS Avg: 0.04706
[Wall TIME] >>> Coach.train takes 81.110824 seconds ...
[Coach] >>> TRAIN @Epoch: 144 >>>  || LOSS Avg: 0.04696
[Wall TIME] >>> Coach.train takes 80.119328 seconds ...
[Coach] >>> TRAIN @Epoch: 145 >>>  || LOSS Avg: 0.04689
[Wall TIME] >>> Coach.train takes 80.206282 seconds ...
[Coach] >>> Better ***NDCG@20*** of ***0.0285*** 
[Coach] >>> VALID @Epoch: 145 >>>  || RECALL@1 Avg: 0.0083 || RECALL@10 Avg: 0.0420 || RECALL@20 Avg: 0.0647 || NDCG@10 Avg: 0.0227 || NDCG@20 Avg: 0.0285
[Wall TIME] >>> Coach.valid takes 20.644997 seconds ...
[Coach] >>> TRAIN @Epoch: 146 >>>  || LOSS Avg: 0.04687
[Wall TIME] >>> Coach.train takes 81.097400 seconds ...
[Coach] >>> TRAIN @Epoch: 147 >>>  || LOSS Avg: 0.04688
[Wall TIME] >>> Coach.train takes 80.195063 seconds ...
[Coach] >>> TRAIN @Epoch: 148 >>>  || LOSS Avg: 0.04667
[Wall TIME] >>> Coach.train takes 79.906900 seconds ...
[Coach] >>> TRAIN @Epoch: 149 >>>  || LOSS Avg: 0.04680
[Wall TIME] >>> Coach.train takes 79.967166 seconds ...

[Epoch 073 Telemetry] BPR: 0.0567 | LHC: 7.3487 (lambda=0.000100) | Align: 7.1684 | Unif: -13.3593
[Epoch 074 Telemetry] BPR: 0.0564 | LHC: 7.3485 (lambda=0.000100) | Align: 7.1719 | Unif: -13.3672
[Epoch 075 Telemetry] BPR: 0.0560 | LHC: 7.3482 (lambda=0.000100) | Align: 7.1743 | Unif: -13.3785
[Epoch 076 Telemetry] BPR: 0.0558 | LHC: 7.3475 (lambda=0.000100) | Align: 7.1783 | Unif: -13.3880
[Epoch 077 Telemetry] BPR: 0.0556 | LHC: 7.3469 (lambda=0.000100) | Align: 7.1812 | Unif: -13.3893
[Epoch 078 Telemetry] BPR: 0.0552 | LHC: 7.3465 (lambda=0.000100) | Align: 7.1845 | Unif: -13.3968
[Epoch 079 Telemetry] BPR: 0.0550 | LHC: 7.3455 (lambda=0.000100) | Align: 7.1878 | Unif: -13.3983
[Gradient Diagnostics @ Epoch 80] rho_grad(BPR, LHC) = +0.1869 | Status: OK
[Epoch 080 Telemetry] BPR: 0.0546 | LHC: 7.3462 (lambda=0.000100) | Align: 7.1917 | Unif: -13.4054
[Epoch 081 Telemetry] BPR: 0.0545 | LHC: 7.3455 (lambda=0.000100) | Align: 7.1941 | Unif: -13.4086
[Epoch 082 Telemetry] BPR: 0.0542 | LHC: 7.3445 (lambda=0.000100) | Align: 7.1978 | Unif: -13.4166
[Epoch 083 Telemetry] BPR: 0.0541 | LHC: 7.3442 (lambda=0.000100) | Align: 7.2017 | Unif: -13.4276
[Epoch 084 Telemetry] BPR: 0.0537 | LHC: 7.3441 (lambda=0.000100) | Align: 7.2051 | Unif: -13.4337
[Epoch 085 Telemetry] BPR: 0.0536 | LHC: 7.3434 (lambda=0.000100) | Align: 7.2066 | Unif: -13.4348
[Epoch 086 Telemetry] BPR: 0.0532 | LHC: 7.3434 (lambda=0.000100) | Align: 7.2100 | Unif: -13.4380
[Epoch 087 Telemetry] BPR: 0.0530 | LHC: 7.3431 (lambda=0.000100) | Align: 7.2129 | Unif: -13.4373
[Epoch 088 Telemetry] BPR: 0.0528 | LHC: 7.3424 (lambda=0.000100) | Align: 7.2145 | Unif: -13.4470
[Epoch 089 Telemetry] BPR: 0.0528 | LHC: 7.3420 (lambda=0.000100) | Align: 7.2177 | Unif: -13.4603
[Gradient Diagnostics @ Epoch 90] rho_grad(BPR, LHC) = +0.1706 | Status: OK
[Epoch 090 Telemetry] BPR: 0.0526 | LHC: 7.3420 (lambda=0.000100) | Align: 7.2214 | Unif: -13.4714
[Epoch 091 Telemetry] BPR: 0.0522 | LHC: 7.3414 (lambda=0.000100) | Align: 7.2247 | Unif: -13.4764
[Epoch 092 Telemetry] BPR: 0.0520 | LHC: 7.3410 (lambda=0.000100) | Align: 7.2269 | Unif: -13.4780
[Epoch 093 Telemetry] BPR: 0.0519 | LHC: 7.3405 (lambda=0.000100) | Align: 7.2275 | Unif: -13.4808
[Epoch 094 Telemetry] BPR: 0.0517 | LHC: 7.3407 (lambda=0.000100) | Align: 7.2297 | Unif: -13.4871
[Epoch 095 Telemetry] BPR: 0.0516 | LHC: 7.3400 (lambda=0.000100) | Align: 7.2314 | Unif: -13.4992
[Epoch 096 Telemetry] BPR: 0.0513 | LHC: 7.3395 (lambda=0.000100) | Align: 7.2338 | Unif: -13.5058
[Epoch 097 Telemetry] BPR: 0.0513 | LHC: 7.3392 (lambda=0.000100) | Align: 7.2355 | Unif: -13.5029
[Epoch 098 Telemetry] BPR: 0.0511 | LHC: 7.3389 (lambda=0.000100) | Align: 7.2385 | Unif: -13.5061
[Epoch 099 Telemetry] BPR: 0.0508 | LHC: 7.3385 (lambda=0.000100) | Align: 7.2412 | Unif: -13.5217
[Gradient Diagnostics @ Epoch 100] rho_grad(BPR, LHC) = +0.1802 | Status: OK
[Epoch 100 Telemetry] BPR: 0.0509 | LHC: 7.3385 (lambda=0.000100) | Align: 7.2434 | Unif: -13.5273
[Epoch 101 Telemetry] BPR: 0.0506 | LHC: 7.3379 (lambda=0.000100) | Align: 7.2447 | Unif: -13.5288
[Epoch 102 Telemetry] BPR: 0.0505 | LHC: 7.3379 (lambda=0.000100) | Align: 7.2468 | Unif: -13.5252
[Epoch 103 Telemetry] BPR: 0.0504 | LHC: 7.3373 (lambda=0.000100) | Align: 7.2486 | Unif: -13.5253
[Epoch 104 Telemetry] BPR: 0.0502 | LHC: 7.3370 (lambda=0.000100) | Align: 7.2512 | Unif: -13.5250
[Epoch 105 Telemetry] BPR: 0.0503 | LHC: 7.3371 (lambda=0.000100) | Align: 7.2545 | Unif: -13.5323
[Epoch 106 Telemetry] BPR: 0.0498 | LHC: 7.3367 (lambda=0.000100) | Align: 7.2576 | Unif: -13.5424
[Epoch 107 Telemetry] BPR: 0.0496 | LHC: 7.3367 (lambda=0.000100) | Align: 7.2571 | Unif: -13.5492
[Epoch 108 Telemetry] BPR: 0.0497 | LHC: 7.3361 (lambda=0.000100) | Align: 7.2576 | Unif: -13.5539
[Epoch 109 Telemetry] BPR: 0.0495 | LHC: 7.3361 (lambda=0.000100) | Align: 7.2589 | Unif: -13.5627
[Gradient Diagnostics @ Epoch 110] rho_grad(BPR, LHC) = +0.1789 | Status: OK
[Epoch 110 Telemetry] BPR: 0.0494 | LHC: 7.3359 (lambda=0.000100) | Align: 7.2615 | Unif: -13.5687
[Epoch 111 Telemetry] BPR: 0.0493 | LHC: 7.3354 (lambda=0.000100) | Align: 7.2615 | Unif: -13.5733
[Epoch 112 Telemetry] BPR: 0.0492 | LHC: 7.3352 (lambda=0.000100) | Align: 7.2640 | Unif: -13.5711
[Epoch 113 Telemetry] BPR: 0.0489 | LHC: 7.3346 (lambda=0.000100) | Align: 7.2639 | Unif: -13.5723
[Epoch 114 Telemetry] BPR: 0.0488 | LHC: 7.3346 (lambda=0.000100) | Align: 7.2670 | Unif: -13.5717
[Epoch 115 Telemetry] BPR: 0.0488 | LHC: 7.3343 (lambda=0.000100) | Align: 7.2714 | Unif: -13.5799
[Epoch 116 Telemetry] BPR: 0.0485 | LHC: 7.3345 (lambda=0.000100) | Align: 7.2727 | Unif: -13.5862
[Epoch 117 Telemetry] BPR: 0.0486 | LHC: 7.3340 (lambda=0.000100) | Align: 7.2749 | Unif: -13.5892
[Epoch 118 Telemetry] BPR: 0.0485 | LHC: 7.3335 (lambda=0.000100) | Align: 7.2756 | Unif: -13.5971
[Epoch 119 Telemetry] BPR: 0.0482 | LHC: 7.3334 (lambda=0.000100) | Align: 7.2784 | Unif: -13.5956
[Gradient Diagnostics @ Epoch 120] rho_grad(BPR, LHC) = +0.1921 | Status: OK
[Epoch 120 Telemetry] BPR: 0.0481 | LHC: 7.3328 (lambda=0.000100) | Align: 7.2795 | Unif: -13.6007
[Epoch 121 Telemetry] BPR: 0.0481 | LHC: 7.3327 (lambda=0.000100) | Align: 7.2807 | Unif: -13.5997
[Epoch 122 Telemetry] BPR: 0.0481 | LHC: 7.3322 (lambda=0.000100) | Align: 7.2844 | Unif: -13.5981
[Epoch 123 Telemetry] BPR: 0.0482 | LHC: 7.3320 (lambda=0.000100) | Align: 7.2859 | Unif: -13.6026
[Epoch 124 Telemetry] BPR: 0.0479 | LHC: 7.3322 (lambda=0.000100) | Align: 7.2883 | Unif: -13.6134
[Epoch 125 Telemetry] BPR: 0.0477 | LHC: 7.3318 (lambda=0.000100) | Align: 7.2899 | Unif: -13.6159
[Epoch 126 Telemetry] BPR: 0.0477 | LHC: 7.3315 (lambda=0.000100) | Align: 7.2910 | Unif: -13.6083
[Epoch 127 Telemetry] BPR: 0.0475 | LHC: 7.3314 (lambda=0.000100) | Align: 7.2921 | Unif: -13.6128
[Epoch 128 Telemetry] BPR: 0.0475 | LHC: 7.3317 (lambda=0.000100) | Align: 7.2942 | Unif: -13.6071
[Epoch 129 Telemetry] BPR: 0.0475 | LHC: 7.3311 (lambda=0.000100) | Align: 7.2944 | Unif: -13.6155
[Gradient Diagnostics @ Epoch 130] rho_grad(BPR, LHC) = +0.1823 | Status: OK
[Epoch 130 Telemetry] BPR: 0.0471 | LHC: 7.3307 (lambda=0.000100) | Align: 7.2969 | Unif: -13.6098
[Epoch 131 Telemetry] BPR: 0.0472 | LHC: 7.3307 (lambda=0.000100) | Align: 7.2975 | Unif: -13.6159
[Epoch 132 Telemetry] BPR: 0.0470 | LHC: 7.3303 (lambda=0.000100) | Align: 7.2968 | Unif: -13.6179
[Epoch 133 Telemetry] BPR: 0.0471 | LHC: 7.3302 (lambda=0.000100) | Align: 7.2982 | Unif: -13.6155
[Epoch 134 Telemetry] BPR: 0.0471 | LHC: 7.3298 (lambda=0.000100) | Align: 7.3003 | Unif: -13.6147
[Epoch 135 Telemetry] BPR: 0.0470 | LHC: 7.3296 (lambda=0.000100) | Align: 7.3023 | Unif: -13.6257
[Epoch 136 Telemetry] BPR: 0.0467 | LHC: 7.3290 (lambda=0.000100) | Align: 7.3054 | Unif: -13.6319
[Epoch 137 Telemetry] BPR: 0.0469 | LHC: 7.3294 (lambda=0.000100) | Align: 7.3076 | Unif: -13.6296
[Epoch 138 Telemetry] BPR: 0.0467 | LHC: 7.3292 (lambda=0.000100) | Align: 7.3072 | Unif: -13.6285
[Epoch 139 Telemetry] BPR: 0.0466 | LHC: 7.3289 (lambda=0.000100) | Align: 7.3087 | Unif: -13.6405
[Gradient Diagnostics @ Epoch 140] rho_grad(BPR, LHC) = +0.1810 | Status: OK
[Epoch 140 Telemetry] BPR: 0.0464 | LHC: 7.3284 (lambda=0.000100) | Align: 7.3072 | Unif: -13.6394
[Epoch 141 Telemetry] BPR: 0.0464 | LHC: 7.3286 (lambda=0.000100) | Align: 7.3100 | Unif: -13.6444
[Epoch 142 Telemetry] BPR: 0.0464 | LHC: 7.3281 (lambda=0.000100) | Align: 7.3112 | Unif: -13.6494
[Epoch 143 Telemetry] BPR: 0.0464 | LHC: 7.3280 (lambda=0.000100) | Align: 7.3143 | Unif: -13.6440
[Epoch 144 Telemetry] BPR: 0.0462 | LHC: 7.3276 (lambda=0.000100) | Align: 7.3152 | Unif: -13.6467
[Epoch 145 Telemetry] BPR: 0.0462 | LHC: 7.3274 (lambda=0.000100) | Align: 7.3158 | Unif: -13.6528
[Epoch 146 Telemetry] BPR: 0.0461 | LHC: 7.3274 (lambda=0.000100) | Align: 7.3172 | Unif: -13.6566
[Epoch 147 Telemetry] BPR: 0.0461 | LHC: 7.3268 (lambda=0.000100) | Align: 7.3197 | Unif: -13.6623
[Epoch 148 Telemetry] BPR: 0.0459 | LHC: 7.3265 (lambda=0.000100) | Align: 7.3212 | Unif: -13.6585
[Epoch 149 Telemetry] BPR: 0.0461 | LHC: 7.3268 (lambda=0.000100) | Align: 7.3231 | Unif: -13.6610
[Gradient Diagnostics @ Epoch 150] rho_grad(BPR, LHC) = +0.1800 | Status: OK[Coach] >>> TRAIN @Epoch: 150 >>>  || LOSS Avg: 0.04665
[Wall TIME] >>> Coach.train takes 80.453790 seconds ...
[Coach] >>> Better ***NDCG@20*** of ***0.0285*** 
[Coach] >>> VALID @Epoch: 150 >>>  || RECALL@1 Avg: 0.0084 || RECALL@10 Avg: 0.0420 || RECALL@20 Avg: 0.0645 || NDCG@10 Avg: 0.0228 || NDCG@20 Avg: 0.0285
[Wall TIME] >>> Coach.valid takes 20.687919 seconds ...
[Coach] >>> TRAIN @Epoch: 151 >>>  || LOSS Avg: 0.04658
[Wall TIME] >>> Coach.train takes 80.416748 seconds ...
[Coach] >>> TRAIN @Epoch: 152 >>>  || LOSS Avg: 0.04653
[Wall TIME] >>> Coach.train takes 80.905568 seconds ...
[Coach] >>> TRAIN @Epoch: 153 >>>  || LOSS Avg: 0.04630
[Wall TIME] >>> Coach.train takes 80.077073 seconds ...
[Coach] >>> TRAIN @Epoch: 154 >>>  || LOSS Avg: 0.04627
[Wall TIME] >>> Coach.train takes 80.235006 seconds ...
[Coach] >>> TRAIN @Epoch: 155 >>>  || LOSS Avg: 0.04631
[Wall TIME] >>> Coach.train takes 80.849582 seconds ...
[Coach] >>> VALID @Epoch: 155 >>>  || RECALL@1 Avg: 0.0083 || RECALL@10 Avg: 0.0422 || RECALL@20 Avg: 0.0645 || NDCG@10 Avg: 0.0228 || NDCG@20 Avg: 0.0285
[Wall TIME] >>> Coach.valid takes 20.382515 seconds ...
[Coach] >>> TRAIN @Epoch: 156 >>>  || LOSS Avg: 0.04632
[Wall TIME] >>> Coach.train takes 80.112066 seconds ...
[Coach] >>> TRAIN @Epoch: 157 >>>  || LOSS Avg: 0.04613
[Wall TIME] >>> Coach.train takes 79.670168 seconds ...
[Coach] >>> TRAIN @Epoch: 158 >>>  || LOSS Avg: 0.04616
[Wall TIME] >>> Coach.train takes 79.506942 seconds ...
[Coach] >>> TRAIN @Epoch: 159 >>>  || LOSS Avg: 0.04624
[Wall TIME] >>> Coach.train takes 79.938814 seconds ...
[Coach] >>> TRAIN @Epoch: 160 >>>  || LOSS Avg: 0.04605
[Wall TIME] >>> Coach.train takes 79.612774 seconds ...
[Coach] >>> Better ***NDCG@20*** of ***0.0286*** 
[Coach] >>> VALID @Epoch: 160 >>>  || RECALL@1 Avg: 0.0084 || RECALL@10 Avg: 0.0422 || RECALL@20 Avg: 0.0646 || NDCG@10 Avg: 0.0229 || NDCG@20 Avg: 0.0286
[Wall TIME] >>> Coach.valid takes 20.556483 seconds ...
[Coach] >>> TRAIN @Epoch: 161 >>>  || LOSS Avg: 0.04593
[Wall TIME] >>> Coach.train takes 79.562963 seconds ...
[Coach] >>> TRAIN @Epoch: 162 >>>  || LOSS Avg: 0.04594
[Wall TIME] >>> Coach.train takes 81.233770 seconds ...
[Coach] >>> TRAIN @Epoch: 163 >>>  || LOSS Avg: 0.04586
[Wall TIME] >>> Coach.train takes 80.800890 seconds ...
[Coach] >>> TRAIN @Epoch: 164 >>>  || LOSS Avg: 0.04600
[Wall TIME] >>> Coach.train takes 80.571864 seconds ...
[Coach] >>> TRAIN @Epoch: 165 >>>  || LOSS Avg: 0.04583
[Wall TIME] >>> Coach.train takes 80.752559 seconds ...
[Coach] >>> Better ***NDCG@20*** of ***0.0287*** 
[Coach] >>> VALID @Epoch: 165 >>>  || RECALL@1 Avg: 0.0084 || RECALL@10 Avg: 0.0424 || RECALL@20 Avg: 0.0647 || NDCG@10 Avg: 0.0230 || NDCG@20 Avg: 0.0287
[Wall TIME] >>> Coach.valid takes 20.721577 seconds ...
[Coach] >>> TRAIN @Epoch: 166 >>>  || LOSS Avg: 0.04575
[Wall TIME] >>> Coach.train takes 80.585343 seconds ...
[Coach] >>> TRAIN @Epoch: 167 >>>  || LOSS Avg: 0.04570
[Wall TIME] >>> Coach.train takes 80.571634 seconds ...
[Coach] >>> TRAIN @Epoch: 168 >>>  || LOSS Avg: 0.04548
[Wall TIME] >>> Coach.train takes 80.648129 seconds ...
[Coach] >>> TRAIN @Epoch: 169 >>>  || LOSS Avg: 0.04550
[Wall TIME] >>> Coach.train takes 80.596718 seconds ...
[Coach] >>> TRAIN @Epoch: 170 >>>  || LOSS Avg: 0.04540
[Wall TIME] >>> Coach.train takes 80.795247 seconds ...
[Coach] >>> Better ***NDCG@20*** of ***0.0287*** 
[Coach] >>> VALID @Epoch: 170 >>>  || RECALL@1 Avg: 0.0083 || RECALL@10 Avg: 0.0425 || RECALL@20 Avg: 0.0648 || NDCG@10 Avg: 0.0230 || NDCG@20 Avg: 0.0287
[Wall TIME] >>> Coach.valid takes 20.682190 seconds ...
[Coach] >>> TRAIN @Epoch: 171 >>>  || LOSS Avg: 0.04548
[Wall TIME] >>> Coach.train takes 80.733243 seconds ...
[Coach] >>> TRAIN @Epoch: 172 >>>  || LOSS Avg: 0.04531
[Wall TIME] >>> Coach.train takes 81.387638 seconds ...
[Coach] >>> TRAIN @Epoch: 173 >>>  || LOSS Avg: 0.04520
[Wall TIME] >>> Coach.train takes 80.760365 seconds ...
[Coach] >>> TRAIN @Epoch: 174 >>>  || LOSS Avg: 0.04535
[Wall TIME] >>> Coach.train takes 80.415845 seconds ...
[Coach] >>> TRAIN @Epoch: 175 >>>  || LOSS Avg: 0.04537
[Wall TIME] >>> Coach.train takes 80.401425 seconds ...
[Coach] >>> Better ***NDCG@20*** of ***0.0287*** 
[Coach] >>> VALID @Epoch: 175 >>>  || RECALL@1 Avg: 0.0083 || RECALL@10 Avg: 0.0425 || RECALL@20 Avg: 0.0648 || NDCG@10 Avg: 0.0230 || NDCG@20 Avg: 0.0287
[Wall TIME] >>> Coach.valid takes 20.682285 seconds ...
[Coach] >>> TRAIN @Epoch: 176 >>>  || LOSS Avg: 0.04520
[Wall TIME] >>> Coach.train takes 80.370128 seconds ...
[Coach] >>> TRAIN @Epoch: 177 >>>  || LOSS Avg: 0.04513
[Wall TIME] >>> Coach.train takes 80.441558 seconds ...
[Coach] >>> TRAIN @Epoch: 178 >>>  || LOSS Avg: 0.04508
[Wall TIME] >>> Coach.train takes 80.272530 seconds ...
[Coach] >>> TRAIN @Epoch: 179 >>>  || LOSS Avg: 0.04514
[Wall TIME] >>> Coach.train takes 80.485917 seconds ...
[Coach] >>> TRAIN @Epoch: 180 >>>  || LOSS Avg: 0.04509
[Wall TIME] >>> Coach.train takes 80.581989 seconds ...
[Coach] >>> Better ***NDCG@20*** of ***0.0287*** 
[Coach] >>> VALID @Epoch: 180 >>>  || RECALL@1 Avg: 0.0084 || RECALL@10 Avg: 0.0426 || RECALL@20 Avg: 0.0648 || NDCG@10 Avg: 0.0230 || NDCG@20 Avg: 0.0287
[Wall TIME] >>> Coach.valid takes 20.646183 seconds ...
[Coach] >>> TRAIN @Epoch: 181 >>>  || LOSS Avg: 0.04495
[Wall TIME] >>> Coach.train takes 80.261643 seconds ...
[Coach] >>> TRAIN @Epoch: 182 >>>  || LOSS Avg: 0.04508
[Wall TIME] >>> Coach.train takes 80.897818 seconds ...
[Coach] >>> TRAIN @Epoch: 183 >>>  || LOSS Avg: 0.04484
[Wall TIME] >>> Coach.train takes 80.134436 seconds ...
[Coach] >>> TRAIN @Epoch: 184 >>>  || LOSS Avg: 0.04481
[Wall TIME] >>> Coach.train takes 80.234971 seconds ...
[Coach] >>> TRAIN @Epoch: 185 >>>  || LOSS Avg: 0.04481
[Wall TIME] >>> Coach.train takes 80.055457 seconds ...
[Coach] >>> Better ***NDCG@20*** of ***0.0287*** 
[Coach] >>> VALID @Epoch: 185 >>>  || RECALL@1 Avg: 0.0083 || RECALL@10 Avg: 0.0426 || RECALL@20 Avg: 0.0650 || NDCG@10 Avg: 0.0230 || NDCG@20 Avg: 0.0287
[Wall TIME] >>> Coach.valid takes 20.663143 seconds ...
[Coach] >>> TRAIN @Epoch: 186 >>>  || LOSS Avg: 0.04491
[Wall TIME] >>> Coach.train takes 80.300782 seconds ...
[Coach] >>> TRAIN @Epoch: 187 >>>  || LOSS Avg: 0.04489
[Wall TIME] >>> Coach.train takes 80.145165 seconds ...
[Coach] >>> TRAIN @Epoch: 188 >>>  || LOSS Avg: 0.04467
[Wall TIME] >>> Coach.train takes 79.590619 seconds ...
[Coach] >>> TRAIN @Epoch: 189 >>>  || LOSS Avg: 0.04463
[Wall TIME] >>> Coach.train takes 79.266352 seconds ...
[Coach] >>> TRAIN @Epoch: 190 >>>  || LOSS Avg: 0.04450
[Wall TIME] >>> Coach.train takes 79.246511 seconds ...
[Coach] >>> VALID @Epoch: 190 >>>  || RECALL@1 Avg: 0.0083 || RECALL@10 Avg: 0.0428 || RECALL@20 Avg: 0.0650 || NDCG@10 Avg: 0.0231 || NDCG@20 Avg: 0.0287
[Wall TIME] >>> Coach.valid takes 20.194535 seconds ...
[Coach] >>> TRAIN @Epoch: 191 >>>  || LOSS Avg: 0.04452
[Wall TIME] >>> Coach.train takes 78.471932 seconds ...
[Coach] >>> TRAIN @Epoch: 192 >>>  || LOSS Avg: 0.04432
[Wall TIME] >>> Coach.train takes 78.137902 seconds ...
[Coach] >>> TRAIN @Epoch: 193 >>>  || LOSS Avg: 0.04450
[Wall TIME] >>> Coach.train takes 76.708808 seconds ...
[Coach] >>> TRAIN @Epoch: 194 >>>  || LOSS Avg: 0.04457
[Wall TIME] >>> Coach.train takes 76.553703 seconds ...
[Coach] >>> TRAIN @Epoch: 195 >>>  || LOSS Avg: 0.04441
[Wall TIME] >>> Coach.train takes 76.631163 seconds ...
[Coach] >>> Better ***NDCG@20*** of ***0.0288*** 
[Coach] >>> VALID @Epoch: 195 >>>  || RECALL@1 Avg: 0.0084 || RECALL@10 Avg: 0.0427 || RECALL@20 Avg: 0.0649 || NDCG@10 Avg: 0.0231 || NDCG@20 Avg: 0.0288
[Wall TIME] >>> Coach.valid takes 20.230166 seconds ...
[Coach] >>> TRAIN @Epoch: 196 >>>  || LOSS Avg: 0.04445
[Wall TIME] >>> Coach.train takes 77.077984 seconds ...
[Coach] >>> TRAIN @Epoch: 197 >>>  || LOSS Avg: 0.04421
[Wall TIME] >>> Coach.train takes 78.396931 seconds ...
[Coach] >>> TRAIN @Epoch: 198 >>>  || LOSS Avg: 0.04427
[Wall TIME] >>> Coach.train takes 79.227175 seconds ...
[Coach] >>> TRAIN @Epoch: 199 >>>  || LOSS Avg: 0.04413
[Wall TIME] >>> Coach.train takes 79.679612 seconds ...
[Coach] >>> TRAIN @Epoch: 200 >>>  || LOSS Avg: 0.04430
[Wall TIME] >>> Coach.train takes 79.207589 seconds ...
[Coach] >>> Better ***NDCG@20*** of ***0.0288*** 
[Coach] >>> VALID @Epoch: 200 >>>  || RECALL@1 Avg: 0.0085 || RECALL@10 Avg: 0.0427 || RECALL@20 Avg: 0.0649 || NDCG@10 Avg: 0.0231 || NDCG@20 Avg: 0.0288
[Wall TIME] >>> Coach.valid takes 20.511679 seconds ...
[Coach] >>> TRAIN @Epoch: 201 >>>  || LOSS Avg: 0.04413
[Wall TIME] >>> Coach.train takes 78.959668 seconds ...
[Coach] >>> TRAIN @Epoch: 202 >>>  || LOSS Avg: 0.04410
[Wall TIME] >>> Coach.train takes 79.763872 seconds ...
[Coach] >>> TRAIN @Epoch: 203 >>>  || LOSS Avg: 0.04409
[Wall TIME] >>> Coach.train takes 78.999847 seconds ...
[Coach] >>> TRAIN @Epoch: 204 >>>  || LOSS Avg: 0.04417
[Wall TIME] >>> Coach.train takes 79.076042 seconds ...
[Coach] >>> TRAIN @Epoch: 205 >>>  || LOSS Avg: 0.04410
[Wall TIME] >>> Coach.train takes 79.153211 seconds ...
[Coach] >>> Better ***NDCG@20*** of ***0.0288*** 
[Coach] >>> VALID @Epoch: 205 >>>  || RECALL@1 Avg: 0.0085 || RECALL@10 Avg: 0.0425 || RECALL@20 Avg: 0.0649 || NDCG@10 Avg: 0.0231 || NDCG@20 Avg: 0.0288
[Wall TIME] >>> Coach.valid takes 20.491024 seconds ...
[Coach] >>> TRAIN @Epoch: 206 >>>  || LOSS Avg: 0.04398
[Wall TIME] >>> Coach.train takes 79.239573 seconds ...
[Coach] >>> TRAIN @Epoch: 207 >>>  || LOSS Avg: 0.04386
[Wall TIME] >>> Coach.train takes 79.512141 seconds ...
[Coach] >>> TRAIN @Epoch: 208 >>>  || LOSS Avg: 0.04403
[Wall TIME] >>> Coach.train takes 79.213403 seconds ...
[Coach] >>> TRAIN @Epoch: 209 >>>  || LOSS Avg: 0.04392
[Wall TIME] >>> Coach.train takes 79.070426 seconds ...
[Coach] >>> TRAIN @Epoch: 210 >>>  || LOSS Avg: 0.04384
[Wall TIME] >>> Coach.train takes 78.718041 seconds ...
[Coach] >>> Better ***NDCG@20*** of ***0.0290*** 
[Coach] >>> VALID @Epoch: 210 >>>  || RECALL@1 Avg: 0.0087 || RECALL@10 Avg: 0.0427 || RECALL@20 Avg: 0.0652 || NDCG@10 Avg: 0.0232 || NDCG@20 Avg: 0.0290
[Wall TIME] >>> Coach.valid takes 20.440087 seconds ...
[Coach] >>> TRAIN @Epoch: 211 >>>  || LOSS Avg: 0.04371
[Wall TIME] >>> Coach.train takes 78.287457 seconds ...
[Coach] >>> TRAIN @Epoch: 212 >>>  || LOSS Avg: 0.04388
[Wall TIME] >>> Coach.train takes 79.904896 seconds ...
[Coach] >>> TRAIN @Epoch: 213 >>>  || LOSS Avg: 0.04375
[Wall TIME] >>> Coach.train takes 78.854136 seconds ...
[Coach] >>> TRAIN @Epoch: 214 >>>  || LOSS Avg: 0.04383
[Wall TIME] >>> Coach.train takes 78.889587 seconds ...
[Coach] >>> TRAIN @Epoch: 215 >>>  || LOSS Avg: 0.04375
[Wall TIME] >>> Coach.train takes 79.257852 seconds ...
[Coach] >>> Better ***NDCG@20*** of ***0.0290*** 
[Coach] >>> VALID @Epoch: 215 >>>  || RECALL@1 Avg: 0.0086 || RECALL@10 Avg: 0.0430 || RECALL@20 Avg: 0.0652 || NDCG@10 Avg: 0.0233 || NDCG@20 Avg: 0.0290
[Wall TIME] >>> Coach.valid takes 20.583950 seconds ...
[Coach] >>> TRAIN @Epoch: 216 >>>  || LOSS Avg: 0.04372
[Wall TIME] >>> Coach.train takes 80.403145 seconds ...
[Coach] >>> TRAIN @Epoch: 217 >>>  || LOSS Avg: 0.04359
[Wall TIME] >>> Coach.train takes 80.448974 seconds ...
[Coach] >>> TRAIN @Epoch: 218 >>>  || LOSS Avg: 0.04368
[Wall TIME] >>> Coach.train takes 79.726288 seconds ...
[Coach] >>> TRAIN @Epoch: 219 >>>  || LOSS Avg: 0.04361
[Wall TIME] >>> Coach.train takes 79.392486 seconds ...
[Coach] >>> TRAIN @Epoch: 220 >>>  || LOSS Avg: 0.04366
[Wall TIME] >>> Coach.train takes 79.608861 seconds ...
[Coach] >>> Better ***NDCG@20*** of ***0.0291*** 
[Coach] >>> VALID @Epoch: 220 >>>  || RECALL@1 Avg: 0.0086 || RECALL@10 Avg: 0.0427 || RECALL@20 Avg: 0.0654 || NDCG@10 Avg: 0.0233 || NDCG@20 Avg: 0.0291
[Wall TIME] >>> Coach.valid takes 20.616327 seconds ...
[Coach] >>> TRAIN @Epoch: 221 >>>  || LOSS Avg: 0.04351
[Wall TIME] >>> Coach.train takes 79.975145 seconds ...
[Coach] >>> TRAIN @Epoch: 222 >>>  || LOSS Avg: 0.04353
[Wall TIME] >>> Coach.train takes 80.255447 seconds ...
[Coach] >>> TRAIN @Epoch: 223 >>>  || LOSS Avg: 0.04342
[Wall TIME] >>> Coach.train takes 79.962177 seconds ...
[Coach] >>> TRAIN @Epoch: 224 >>>  || LOSS Avg: 0.04339
[Wall TIME] >>> Coach.train takes 78.409510 seconds ...
[Coach] >>> TRAIN @Epoch: 225 >>>  || LOSS Avg: 0.04337
[Wall TIME] >>> Coach.train takes 77.932374 seconds ...
[Coach] >>> Better ***NDCG@20*** of ***0.0291*** 
[Coach] >>> VALID @Epoch: 225 >>>  || RECALL@1 Avg: 0.0087 || RECALL@10 Avg: 0.0431 || RECALL@20 Avg: 0.0655 || NDCG@10 Avg: 0.0234 || NDCG@20 Avg: 0.0291
[Wall TIME] >>> Coach.valid takes 20.377966 seconds ...
[Coach] >>> TRAIN @Epoch: 226 >>>  || LOSS Avg: 0.04348
[Wall TIME] >>> Coach.train takes 77.814479 seconds ...

[Epoch 150 Telemetry] BPR: 0.0459 | LHC: 7.3260 (lambda=0.000100) | Align: 7.3238 | Unif: -13.6628
[Epoch 151 Telemetry] BPR: 0.0458 | LHC: 7.3264 (lambda=0.000100) | Align: 7.3257 | Unif: -13.6604
[Epoch 152 Telemetry] BPR: 0.0458 | LHC: 7.3263 (lambda=0.000100) | Align: 7.3248 | Unif: -13.6638
[Epoch 153 Telemetry] BPR: 0.0456 | LHC: 7.3256 (lambda=0.000100) | Align: 7.3267 | Unif: -13.6688
[Epoch 154 Telemetry] BPR: 0.0456 | LHC: 7.3258 (lambda=0.000100) | Align: 7.3278 | Unif: -13.6743
[Epoch 155 Telemetry] BPR: 0.0456 | LHC: 7.3255 (lambda=0.000100) | Align: 7.3280 | Unif: -13.6746
[Epoch 156 Telemetry] BPR: 0.0456 | LHC: 7.3255 (lambda=0.000100) | Align: 7.3305 | Unif: -13.6771
[Epoch 157 Telemetry] BPR: 0.0454 | LHC: 7.3249 (lambda=0.000100) | Align: 7.3302 | Unif: -13.6821
[Epoch 158 Telemetry] BPR: 0.0454 | LHC: 7.3249 (lambda=0.000100) | Align: 7.3304 | Unif: -13.6841
[Epoch 159 Telemetry] BPR: 0.0455 | LHC: 7.3248 (lambda=0.000100) | Align: 7.3326 | Unif: -13.6907
[Gradient Diagnostics @ Epoch 160] rho_grad(BPR, LHC) = +0.1745 | Status: OK
[Epoch 160 Telemetry] BPR: 0.0453 | LHC: 7.3243 (lambda=0.000100) | Align: 7.3338 | Unif: -13.6884
[Epoch 161 Telemetry] BPR: 0.0452 | LHC: 7.3241 (lambda=0.000100) | Align: 7.3353 | Unif: -13.6854
[Epoch 162 Telemetry] BPR: 0.0452 | LHC: 7.3243 (lambda=0.000100) | Align: 7.3378 | Unif: -13.6885
[Epoch 163 Telemetry] BPR: 0.0451 | LHC: 7.3240 (lambda=0.000100) | Align: 7.3389 | Unif: -13.6869
[Epoch 164 Telemetry] BPR: 0.0453 | LHC: 7.3234 (lambda=0.000100) | Align: 7.3398 | Unif: -13.6891
[Epoch 165 Telemetry] BPR: 0.0451 | LHC: 7.3237 (lambda=0.000100) | Align: 7.3422 | Unif: -13.6890
[Epoch 166 Telemetry] BPR: 0.0450 | LHC: 7.3233 (lambda=0.000100) | Align: 7.3446 | Unif: -13.6964
[Epoch 167 Telemetry] BPR: 0.0450 | LHC: 7.3233 (lambda=0.000100) | Align: 7.3439 | Unif: -13.6938
[Epoch 168 Telemetry] BPR: 0.0448 | LHC: 7.3228 (lambda=0.000100) | Align: 7.3432 | Unif: -13.6947
[Epoch 169 Telemetry] BPR: 0.0448 | LHC: 7.3227 (lambda=0.000100) | Align: 7.3459 | Unif: -13.7036
[Gradient Diagnostics @ Epoch 170] rho_grad(BPR, LHC) = +0.1825 | Status: OK
[Epoch 170 Telemetry] BPR: 0.0447 | LHC: 7.3225 (lambda=0.000100) | Align: 7.3485 | Unif: -13.7064
[Epoch 171 Telemetry] BPR: 0.0448 | LHC: 7.3225 (lambda=0.000100) | Align: 7.3474 | Unif: -13.7050
[Epoch 172 Telemetry] BPR: 0.0446 | LHC: 7.3226 (lambda=0.000100) | Align: 7.3470 | Unif: -13.7091
[Epoch 173 Telemetry] BPR: 0.0445 | LHC: 7.3222 (lambda=0.000100) | Align: 7.3485 | Unif: -13.7069
[Epoch 174 Telemetry] BPR: 0.0446 | LHC: 7.3216 (lambda=0.000100) | Align: 7.3488 | Unif: -13.7081
[Epoch 175 Telemetry] BPR: 0.0446 | LHC: 7.3220 (lambda=0.000100) | Align: 7.3513 | Unif: -13.7103
[Epoch 176 Telemetry] BPR: 0.0445 | LHC: 7.3218 (lambda=0.000100) | Align: 7.3515 | Unif: -13.7108
[Epoch 177 Telemetry] BPR: 0.0444 | LHC: 7.3212 (lambda=0.000100) | Align: 7.3527 | Unif: -13.7054
[Epoch 178 Telemetry] BPR: 0.0443 | LHC: 7.3211 (lambda=0.000100) | Align: 7.3531 | Unif: -13.7056
[Epoch 179 Telemetry] BPR: 0.0444 | LHC: 7.3214 (lambda=0.000100) | Align: 7.3548 | Unif: -13.7018
[Gradient Diagnostics @ Epoch 180] rho_grad(BPR, LHC) = +0.1642 | Status: OK
[Epoch 180 Telemetry] BPR: 0.0444 | LHC: 7.3208 (lambda=0.000100) | Align: 7.3565 | Unif: -13.7080
[Epoch 181 Telemetry] BPR: 0.0442 | LHC: 7.3206 (lambda=0.000100) | Align: 7.3566 | Unif: -13.7043
[Epoch 182 Telemetry] BPR: 0.0444 | LHC: 7.3207 (lambda=0.000100) | Align: 7.3583 | Unif: -13.7001
[Epoch 183 Telemetry] BPR: 0.0441 | LHC: 7.3202 (lambda=0.000100) | Align: 7.3588 | Unif: -13.7059
[Epoch 184 Telemetry] BPR: 0.0441 | LHC: 7.3206 (lambda=0.000100) | Align: 7.3614 | Unif: -13.7123
[Epoch 185 Telemetry] BPR: 0.0441 | LHC: 7.3203 (lambda=0.000100) | Align: 7.3630 | Unif: -13.7138
[Epoch 186 Telemetry] BPR: 0.0442 | LHC: 7.3203 (lambda=0.000100) | Align: 7.3627 | Unif: -13.7142
[Epoch 187 Telemetry] BPR: 0.0442 | LHC: 7.3199 (lambda=0.000100) | Align: 7.3623 | Unif: -13.7243
[Epoch 188 Telemetry] BPR: 0.0439 | LHC: 7.3197 (lambda=0.000100) | Align: 7.3637 | Unif: -13.7258
[Epoch 189 Telemetry] BPR: 0.0439 | LHC: 7.3194 (lambda=0.000100) | Align: 7.3639 | Unif: -13.7218
[Gradient Diagnostics @ Epoch 190] rho_grad(BPR, LHC) = +0.1760 | Status: OK
[Epoch 190 Telemetry] BPR: 0.0438 | LHC: 7.3196 (lambda=0.000100) | Align: 7.3649 | Unif: -13.7284
[Epoch 191 Telemetry] BPR: 0.0438 | LHC: 7.3191 (lambda=0.000100) | Align: 7.3649 | Unif: -13.7207
[Epoch 192 Telemetry] BPR: 0.0436 | LHC: 7.3191 (lambda=0.000100) | Align: 7.3646 | Unif: -13.7194
[Epoch 193 Telemetry] BPR: 0.0438 | LHC: 7.3192 (lambda=0.000100) | Align: 7.3649 | Unif: -13.7169
[Epoch 194 Telemetry] BPR: 0.0439 | LHC: 7.3191 (lambda=0.000100) | Align: 7.3672 | Unif: -13.7198
[Epoch 195 Telemetry] BPR: 0.0437 | LHC: 7.3186 (lambda=0.000100) | Align: 7.3676 | Unif: -13.7216
[Epoch 196 Telemetry] BPR: 0.0437 | LHC: 7.3185 (lambda=0.000100) | Align: 7.3675 | Unif: -13.7214
[Epoch 197 Telemetry] BPR: 0.0435 | LHC: 7.3185 (lambda=0.000100) | Align: 7.3673 | Unif: -13.7268
[Epoch 198 Telemetry] BPR: 0.0435 | LHC: 7.3182 (lambda=0.000100) | Align: 7.3692 | Unif: -13.7282
[Epoch 199 Telemetry] BPR: 0.0434 | LHC: 7.3183 (lambda=0.000100) | Align: 7.3685 | Unif: -13.7352
[Gradient Diagnostics @ Epoch 200] rho_grad(BPR, LHC) = +0.1821 | Status: OK
[Epoch 200 Telemetry] BPR: 0.0436 | LHC: 7.3182 (lambda=0.000100) | Align: 7.3724 | Unif: -13.7381
[Epoch 201 Telemetry] BPR: 0.0434 | LHC: 7.3176 (lambda=0.000100) | Align: 7.3713 | Unif: -13.7314
[Epoch 202 Telemetry] BPR: 0.0434 | LHC: 7.3181 (lambda=0.000100) | Align: 7.3731 | Unif: -13.7313
[Epoch 203 Telemetry] BPR: 0.0433 | LHC: 7.3175 (lambda=0.000100) | Align: 7.3753 | Unif: -13.7412
[Epoch 204 Telemetry] BPR: 0.0434 | LHC: 7.3173 (lambda=0.000100) | Align: 7.3738 | Unif: -13.7358
[Epoch 205 Telemetry] BPR: 0.0434 | LHC: 7.3172 (lambda=0.000100) | Align: 7.3780 | Unif: -13.7327
[Epoch 206 Telemetry] BPR: 0.0432 | LHC: 7.3170 (lambda=0.000100) | Align: 7.3791 | Unif: -13.7361
[Epoch 207 Telemetry] BPR: 0.0431 | LHC: 7.3171 (lambda=0.000100) | Align: 7.3769 | Unif: -13.7338
[Epoch 208 Telemetry] BPR: 0.0433 | LHC: 7.3169 (lambda=0.000100) | Align: 7.3780 | Unif: -13.7329
[Epoch 209 Telemetry] BPR: 0.0432 | LHC: 7.3171 (lambda=0.000100) | Align: 7.3808 | Unif: -13.7397
[Gradient Diagnostics @ Epoch 210] rho_grad(BPR, LHC) = +0.1744 | Status: OK
[Epoch 210 Telemetry] BPR: 0.0431 | LHC: 7.3169 (lambda=0.000100) | Align: 7.3806 | Unif: -13.7454
[Epoch 211 Telemetry] BPR: 0.0430 | LHC: 7.3165 (lambda=0.000100) | Align: 7.3800 | Unif: -13.7456
[Epoch 212 Telemetry] BPR: 0.0432 | LHC: 7.3160 (lambda=0.000100) | Align: 7.3811 | Unif: -13.7437
[Epoch 213 Telemetry] BPR: 0.0430 | LHC: 7.3164 (lambda=0.000100) | Align: 7.3840 | Unif: -13.7482
[Epoch 214 Telemetry] BPR: 0.0431 | LHC: 7.3164 (lambda=0.000100) | Align: 7.3855 | Unif: -13.7426
[Epoch 215 Telemetry] BPR: 0.0430 | LHC: 7.3157 (lambda=0.000100) | Align: 7.3852 | Unif: -13.7409
[Epoch 216 Telemetry] BPR: 0.0430 | LHC: 7.3159 (lambda=0.000100) | Align: 7.3857 | Unif: -13.7488
[Epoch 217 Telemetry] BPR: 0.0429 | LHC: 7.3157 (lambda=0.000100) | Align: 7.3890 | Unif: -13.7494
[Epoch 218 Telemetry] BPR: 0.0430 | LHC: 7.3155 (lambda=0.000100) | Align: 7.3861 | Unif: -13.7474
[Epoch 219 Telemetry] BPR: 0.0429 | LHC: 7.3155 (lambda=0.000100) | Align: 7.3869 | Unif: -13.7477
[Gradient Diagnostics @ Epoch 220] rho_grad(BPR, LHC) = +0.1768 | Status: OK
[Epoch 220 Telemetry] BPR: 0.0429 | LHC: 7.3154 (lambda=0.000100) | Align: 7.3875 | Unif: -13.7408
[Epoch 221 Telemetry] BPR: 0.0428 | LHC: 7.3147 (lambda=0.000100) | Align: 7.3865 | Unif: -13.7384
[Epoch 222 Telemetry] BPR: 0.0428 | LHC: 7.3148 (lambda=0.000100) | Align: 7.3895 | Unif: -13.7490
[Epoch 223 Telemetry] BPR: 0.0427 | LHC: 7.3148 (lambda=0.000100) | Align: 7.3895 | Unif: -13.7480
[Epoch 224 Telemetry] BPR: 0.0427 | LHC: 7.3147 (lambda=0.000100) | Align: 7.3892 | Unif: -13.7416
[Epoch 225 Telemetry] BPR: 0.0426 | LHC: 7.3146 (lambda=0.000100) | Align: 7.3908 | Unif: -13.7449
[Epoch 226 Telemetry] BPR: 0.0427 | LHC: 7.3145 (lambda=0.000100) | Align: 7.3909 | Unif: -13.7467
[Epoch 227 Telemetry] BPR: 0.0426 | LHC: 7.3144 (lambda=0.000100) | Align: 7.3914 | Unif: -13.7612[Coach] >>> TRAIN @Epoch: 227 >>>  || LOSS Avg: 0.04337
[Wall TIME] >>> Coach.train takes 78.242496 seconds ...
[Coach] >>> TRAIN @Epoch: 228 >>>  || LOSS Avg: 0.04331
[Wall TIME] >>> Coach.train takes 78.395626 seconds ...
[Coach] >>> TRAIN @Epoch: 229 >>>  || LOSS Avg: 0.04339
[Wall TIME] >>> Coach.train takes 78.181884 seconds ...
[Coach] >>> TRAIN @Epoch: 230 >>>  || LOSS Avg: 0.04328
[Wall TIME] >>> Coach.train takes 78.437097 seconds ...
[Coach] >>> Better ***NDCG@20*** of ***0.0291*** 
[Coach] >>> VALID @Epoch: 230 >>>  || RECALL@1 Avg: 0.0088 || RECALL@10 Avg: 0.0429 || RECALL@20 Avg: 0.0653 || NDCG@10 Avg: 0.0234 || NDCG@20 Avg: 0.0291
[Wall TIME] >>> Coach.valid takes 20.400637 seconds ...
[Coach] >>> TRAIN @Epoch: 231 >>>  || LOSS Avg: 0.04316
[Wall TIME] >>> Coach.train takes 78.059659 seconds ...
[Coach] >>> TRAIN @Epoch: 232 >>>  || LOSS Avg: 0.04321
[Wall TIME] >>> Coach.train takes 78.492155 seconds ...
[Coach] >>> TRAIN @Epoch: 233 >>>  || LOSS Avg: 0.04337
[Wall TIME] >>> Coach.train takes 77.756937 seconds ...
[Coach] >>> TRAIN @Epoch: 234 >>>  || LOSS Avg: 0.04333
[Wall TIME] >>> Coach.train takes 77.594462 seconds ...
[Coach] >>> TRAIN @Epoch: 235 >>>  || LOSS Avg: 0.04316
[Wall TIME] >>> Coach.train takes 77.619806 seconds ...
[Coach] >>> Better ***NDCG@20*** of ***0.0292*** 
[Coach] >>> VALID @Epoch: 235 >>>  || RECALL@1 Avg: 0.0087 || RECALL@10 Avg: 0.0429 || RECALL@20 Avg: 0.0655 || NDCG@10 Avg: 0.0234 || NDCG@20 Avg: 0.0292
[Wall TIME] >>> Coach.valid takes 20.364134 seconds ...
[Coach] >>> TRAIN @Epoch: 236 >>>  || LOSS Avg: 0.04318
[Wall TIME] >>> Coach.train takes 77.940832 seconds ...
[Coach] >>> TRAIN @Epoch: 237 >>>  || LOSS Avg: 0.04301
[Wall TIME] >>> Coach.train takes 78.662190 seconds ...
[Coach] >>> TRAIN @Epoch: 238 >>>  || LOSS Avg: 0.04317
[Wall TIME] >>> Coach.train takes 78.452548 seconds ...
[Coach] >>> TRAIN @Epoch: 239 >>>  || LOSS Avg: 0.04293
[Wall TIME] >>> Coach.train takes 78.383719 seconds ...
[Coach] >>> TRAIN @Epoch: 240 >>>  || LOSS Avg: 0.04299
[Wall TIME] >>> Coach.train takes 78.945594 seconds ...
[Coach] >>> Better ***NDCG@20*** of ***0.0292*** 
[Coach] >>> VALID @Epoch: 240 >>>  || RECALL@1 Avg: 0.0088 || RECALL@10 Avg: 0.0431 || RECALL@20 Avg: 0.0655 || NDCG@10 Avg: 0.0235 || NDCG@20 Avg: 0.0292
[Wall TIME] >>> Coach.valid takes 20.530304 seconds ...
[Coach] >>> TRAIN @Epoch: 241 >>>  || LOSS Avg: 0.04290
[Wall TIME] >>> Coach.train takes 79.060670 seconds ...
[Coach] >>> TRAIN @Epoch: 242 >>>  || LOSS Avg: 0.04292
[Wall TIME] >>> Coach.train takes 80.900426 seconds ...
[Coach] >>> TRAIN @Epoch: 243 >>>  || LOSS Avg: 0.04308
[Wall TIME] >>> Coach.train takes 80.392707 seconds ...
[Coach] >>> TRAIN @Epoch: 244 >>>  || LOSS Avg: 0.04286
[Wall TIME] >>> Coach.train takes 80.452798 seconds ...
[Coach] >>> TRAIN @Epoch: 245 >>>  || LOSS Avg: 0.04300
[Wall TIME] >>> Coach.train takes 80.286967 seconds ...
[Coach] >>> Better ***NDCG@20*** of ***0.0292*** 
[Coach] >>> VALID @Epoch: 245 >>>  || RECALL@1 Avg: 0.0088 || RECALL@10 Avg: 0.0429 || RECALL@20 Avg: 0.0658 || NDCG@10 Avg: 0.0234 || NDCG@20 Avg: 0.0292
[Wall TIME] >>> Coach.valid takes 20.687115 seconds ...
[Coach] >>> TRAIN @Epoch: 246 >>>  || LOSS Avg: 0.04295
[Wall TIME] >>> Coach.train takes 80.572371 seconds ...
[Coach] >>> TRAIN @Epoch: 247 >>>  || LOSS Avg: 0.04274
[Wall TIME] >>> Coach.train takes 80.417247 seconds ...
[Coach] >>> TRAIN @Epoch: 248 >>>  || LOSS Avg: 0.04274
[Wall TIME] >>> Coach.train takes 80.348348 seconds ...
[Coach] >>> TRAIN @Epoch: 249 >>>  || LOSS Avg: 0.04281
[Wall TIME] >>> Coach.train takes 80.538114 seconds ...
[Coach] >>> TRAIN @Epoch: 250 >>>  || LOSS Avg: 0.04280
[Wall TIME] >>> Coach.train takes 80.694082 seconds ...
[Coach] >>> VALID @Epoch: 250 >>>  || RECALL@1 Avg: 0.0087 || RECALL@10 Avg: 0.0430 || RECALL@20 Avg: 0.0656 || NDCG@10 Avg: 0.0234 || NDCG@20 Avg: 0.0292
[Wall TIME] >>> Coach.valid takes 20.374915 seconds ...
[Coach] >>> TRAIN @Epoch: 251 >>>  || LOSS Avg: 0.04285
[Wall TIME] >>> Coach.train takes 80.270167 seconds ...
[Coach] >>> TRAIN @Epoch: 252 >>>  || LOSS Avg: 0.04271
[Wall TIME] >>> Coach.train takes 81.030750 seconds ...
[Coach] >>> TRAIN @Epoch: 253 >>>  || LOSS Avg: 0.04280
[Wall TIME] >>> Coach.train takes 80.114850 seconds ...
[Coach] >>> TRAIN @Epoch: 254 >>>  || LOSS Avg: 0.04267
[Wall TIME] >>> Coach.train takes 80.023699 seconds ...
[Coach] >>> TRAIN @Epoch: 255 >>>  || LOSS Avg: 0.04278
[Wall TIME] >>> Coach.train takes 80.342465 seconds ...
[Coach] >>> VALID @Epoch: 255 >>>  || RECALL@1 Avg: 0.0085 || RECALL@10 Avg: 0.0429 || RECALL@20 Avg: 0.0655 || NDCG@10 Avg: 0.0233 || NDCG@20 Avg: 0.0291
[Wall TIME] >>> Coach.valid takes 20.374061 seconds ...
[Coach] >>> TRAIN @Epoch: 256 >>>  || LOSS Avg: 0.04264
[Wall TIME] >>> Coach.train takes 80.350807 seconds ...
[Coach] >>> TRAIN @Epoch: 257 >>>  || LOSS Avg: 0.04271
[Wall TIME] >>> Coach.train takes 80.470536 seconds ...
[Coach] >>> TRAIN @Epoch: 258 >>>  || LOSS Avg: 0.04251
[Wall TIME] >>> Coach.train takes 80.312730 seconds ...
[Coach] >>> TRAIN @Epoch: 259 >>>  || LOSS Avg: 0.04272
[Wall TIME] >>> Coach.train takes 80.330664 seconds ...
[Coach] >>> TRAIN @Epoch: 260 >>>  || LOSS Avg: 0.04252
[Wall TIME] >>> Coach.train takes 80.518538 seconds ...
[Coach] >>> VALID @Epoch: 260 >>>  || RECALL@1 Avg: 0.0086 || RECALL@10 Avg: 0.0429 || RECALL@20 Avg: 0.0660 || NDCG@10 Avg: 0.0233 || NDCG@20 Avg: 0.0292
[Wall TIME] >>> Coach.valid takes 20.368666 seconds ...
[Coach] >>> TRAIN @Epoch: 261 >>>  || LOSS Avg: 0.04249
[Wall TIME] >>> Coach.train takes 80.609301 seconds ...
[Coach] >>> TRAIN @Epoch: 262 >>>  || LOSS Avg: 0.04243
[Wall TIME] >>> Coach.train takes 80.212776 seconds ...
[Coach] >>> TRAIN @Epoch: 263 >>>  || LOSS Avg: 0.04239
[Wall TIME] >>> Coach.train takes 79.610494 seconds ...
[Coach] >>> TRAIN @Epoch: 264 >>>  || LOSS Avg: 0.04251
[Wall TIME] >>> Coach.train takes 80.136797 seconds ...
[Coach] >>> TRAIN @Epoch: 265 >>>  || LOSS Avg: 0.04249
[Wall TIME] >>> Coach.train takes 79.978770 seconds ...
[Coach] >>> VALID @Epoch: 265 >>>  || RECALL@1 Avg: 0.0085 || RECALL@10 Avg: 0.0430 || RECALL@20 Avg: 0.0657 || NDCG@10 Avg: 0.0233 || NDCG@20 Avg: 0.0291
[Wall TIME] >>> Coach.valid takes 20.375346 seconds ...
[Coach] >>> TRAIN @Epoch: 266 >>>  || LOSS Avg: 0.04237
[Wall TIME] >>> Coach.train takes 79.976406 seconds ...
[Coach] >>> TRAIN @Epoch: 267 >>>  || LOSS Avg: 0.04241
[Wall TIME] >>> Coach.train takes 79.940503 seconds ...
[Coach] >>> TRAIN @Epoch: 268 >>>  || LOSS Avg: 0.04252
[Wall TIME] >>> Coach.train takes 80.010938 seconds ...
[Coach] >>> TRAIN @Epoch: 269 >>>  || LOSS Avg: 0.04224
[Wall TIME] >>> Coach.train takes 79.905669 seconds ...
[Coach] >>> TRAIN @Epoch: 270 >>>  || LOSS Avg: 0.04236
[Wall TIME] >>> Coach.train takes 80.269626 seconds ...
[Coach] >>> VALID @Epoch: 270 >>>  || RECALL@1 Avg: 0.0085 || RECALL@10 Avg: 0.0431 || RECALL@20 Avg: 0.0660 || NDCG@10 Avg: 0.0234 || NDCG@20 Avg: 0.0292
[Wall TIME] >>> Coach.valid takes 20.355327 seconds ...
[Coach] >>> TRAIN @Epoch: 271 >>>  || LOSS Avg: 0.04229
[Wall TIME] >>> Coach.train takes 80.731461 seconds ...
[Coach] >>> TRAIN @Epoch: 272 >>>  || LOSS Avg: 0.04240
[Wall TIME] >>> Coach.train takes 79.609719 seconds ...
[Coach] >>> TRAIN @Epoch: 273 >>>  || LOSS Avg: 0.04243
[Wall TIME] >>> Coach.train takes 79.714168 seconds ...
[Coach] >>> TRAIN @Epoch: 274 >>>  || LOSS Avg: 0.04234
[Wall TIME] >>> Coach.train takes 79.414172 seconds ...
[Coach] >>> TRAIN @Epoch: 275 >>>  || LOSS Avg: 0.04221
[Wall TIME] >>> Coach.train takes 78.479751 seconds ...
[Coach] >>> VALID @Epoch: 275 >>>  || RECALL@1 Avg: 0.0085 || RECALL@10 Avg: 0.0431 || RECALL@20 Avg: 0.0657 || NDCG@10 Avg: 0.0234 || NDCG@20 Avg: 0.0292
[Wall TIME] >>> Coach.valid takes 20.394252 seconds ...
[Coach] >>> TRAIN @Epoch: 276 >>>  || LOSS Avg: 0.04240
[Wall TIME] >>> Coach.train takes 80.307339 seconds ...
[Coach] >>> TRAIN @Epoch: 277 >>>  || LOSS Avg: 0.04208
[Wall TIME] >>> Coach.train takes 80.460859 seconds ...
[Coach] >>> TRAIN @Epoch: 278 >>>  || LOSS Avg: 0.04211
[Wall TIME] >>> Coach.train takes 80.213231 seconds ...
[Coach] >>> TRAIN @Epoch: 279 >>>  || LOSS Avg: 0.04220
[Wall TIME] >>> Coach.train takes 79.033077 seconds ...
[Coach] >>> TRAIN @Epoch: 280 >>>  || LOSS Avg: 0.04215
[Wall TIME] >>> Coach.train takes 79.129117 seconds ...
[Coach] >>> VALID @Epoch: 280 >>>  || RECALL@1 Avg: 0.0086 || RECALL@10 Avg: 0.0433 || RECALL@20 Avg: 0.0659 || NDCG@10 Avg: 0.0235 || NDCG@20 Avg: 0.0292
[Wall TIME] >>> Coach.valid takes 20.240329 seconds ...
[Coach] >>> TRAIN @Epoch: 281 >>>  || LOSS Avg: 0.04218
[Wall TIME] >>> Coach.train takes 79.022513 seconds ...
[Coach] >>> TRAIN @Epoch: 282 >>>  || LOSS Avg: 0.04224
[Wall TIME] >>> Coach.train takes 79.459183 seconds ...
[Coach] >>> TRAIN @Epoch: 283 >>>  || LOSS Avg: 0.04228
[Wall TIME] >>> Coach.train takes 78.828849 seconds ...
[Coach] >>> TRAIN @Epoch: 284 >>>  || LOSS Avg: 0.04220
[Wall TIME] >>> Coach.train takes 78.585257 seconds ...
[Coach] >>> TRAIN @Epoch: 285 >>>  || LOSS Avg: 0.04219
[Wall TIME] >>> Coach.train takes 78.319570 seconds ...
[Coach] >>> Better ***NDCG@20*** of ***0.0293*** 
[Coach] >>> VALID @Epoch: 285 >>>  || RECALL@1 Avg: 0.0087 || RECALL@10 Avg: 0.0433 || RECALL@20 Avg: 0.0660 || NDCG@10 Avg: 0.0235 || NDCG@20 Avg: 0.0293
[Wall TIME] >>> Coach.valid takes 20.434468 seconds ...
[Coach] >>> TRAIN @Epoch: 286 >>>  || LOSS Avg: 0.04219
[Wall TIME] >>> Coach.train takes 78.216459 seconds ...
[Coach] >>> TRAIN @Epoch: 287 >>>  || LOSS Avg: 0.04219
[Wall TIME] >>> Coach.train takes 78.141082 seconds ...
[Coach] >>> TRAIN @Epoch: 288 >>>  || LOSS Avg: 0.04205
[Wall TIME] >>> Coach.train takes 78.292952 seconds ...
[Coach] >>> TRAIN @Epoch: 289 >>>  || LOSS Avg: 0.04197
[Wall TIME] >>> Coach.train takes 77.977536 seconds ...
[Coach] >>> TRAIN @Epoch: 290 >>>  || LOSS Avg: 0.04182
[Wall TIME] >>> Coach.train takes 78.198990 seconds ...
[Coach] >>> VALID @Epoch: 290 >>>  || RECALL@1 Avg: 0.0086 || RECALL@10 Avg: 0.0431 || RECALL@20 Avg: 0.0659 || NDCG@10 Avg: 0.0234 || NDCG@20 Avg: 0.0292
[Wall TIME] >>> Coach.valid takes 20.221889 seconds ...
[Coach] >>> TRAIN @Epoch: 291 >>>  || LOSS Avg: 0.04199
[Wall TIME] >>> Coach.train takes 78.757952 seconds ...
[Coach] >>> TRAIN @Epoch: 292 >>>  || LOSS Avg: 0.04212
[Wall TIME] >>> Coach.train takes 79.516319 seconds ...
[Coach] >>> TRAIN @Epoch: 293 >>>  || LOSS Avg: 0.04198
[Wall TIME] >>> Coach.train takes 78.536389 seconds ...
[Coach] >>> TRAIN @Epoch: 294 >>>  || LOSS Avg: 0.04194
[Wall TIME] >>> Coach.train takes 78.380664 seconds ...
[Coach] >>> TRAIN @Epoch: 295 >>>  || LOSS Avg: 0.04193
[Wall TIME] >>> Coach.train takes 78.645529 seconds ...
[Coach] >>> VALID @Epoch: 295 >>>  || RECALL@1 Avg: 0.0086 || RECALL@10 Avg: 0.0432 || RECALL@20 Avg: 0.0661 || NDCG@10 Avg: 0.0234 || NDCG@20 Avg: 0.0293
[Wall TIME] >>> Coach.valid takes 20.209955 seconds ...
[Coach] >>> TRAIN @Epoch: 296 >>>  || LOSS Avg: 0.04200
[Wall TIME] >>> Coach.train takes 78.506641 seconds ...
[Coach] >>> TRAIN @Epoch: 297 >>>  || LOSS Avg: 0.04189
[Wall TIME] >>> Coach.train takes 78.723173 seconds ...
[Coach] >>> TRAIN @Epoch: 298 >>>  || LOSS Avg: 0.04184
[Wall TIME] >>> Coach.train takes 79.213520 seconds ...
[Coach] >>> TRAIN @Epoch: 299 >>>  || LOSS Avg: 0.04193
[Wall TIME] >>> Coach.train takes 78.432142 seconds ...
[Coach] >>> TRAIN @Epoch: 300 >>>  || LOSS Avg: 0.04181
[Wall TIME] >>> Coach.train takes 78.619436 seconds ...
[Coach] >>> Better ***NDCG@20*** of ***0.0294*** 
[Coach] >>> VALID @Epoch: 300 >>>  || RECALL@1 Avg: 0.0087 || RECALL@10 Avg: 0.0434 || RECALL@20 Avg: 0.0661 || NDCG@10 Avg: 0.0236 || NDCG@20 Avg: 0.0294
[Wall TIME] >>> Coach.valid takes 20.443203 seconds ...
[Coach] >>> TRAIN @Epoch: 301 >>>  || LOSS Avg: 0.04201
[Wall TIME] >>> Coach.train takes 78.924612 seconds ...
[Coach] >>> TRAIN @Epoch: 302 >>>  || LOSS Avg: 0.04184
[Wall TIME] >>> Coach.train takes 81.008275 seconds ...
[Coach] >>> TRAIN @Epoch: 303 >>>  || LOSS Avg: 0.04183
[Wall TIME] >>> Coach.train takes 79.644603 seconds ...

[Epoch 228 Telemetry] BPR: 0.0426 | LHC: 7.3146 (lambda=0.000100) | Align: 7.3918 | Unif: -13.7491
[Epoch 229 Telemetry] BPR: 0.0427 | LHC: 7.3139 (lambda=0.000100) | Align: 7.3920 | Unif: -13.7596
[Gradient Diagnostics @ Epoch 230] rho_grad(BPR, LHC) = +0.1596 | Status: OK
[Epoch 230 Telemetry] BPR: 0.0426 | LHC: 7.3140 (lambda=0.000100) | Align: 7.3921 | Unif: -13.7561
[Epoch 231 Telemetry] BPR: 0.0424 | LHC: 7.3141 (lambda=0.000100) | Align: 7.3921 | Unif: -13.7531
[Epoch 232 Telemetry] BPR: 0.0425 | LHC: 7.3140 (lambda=0.000100) | Align: 7.3941 | Unif: -13.7517
[Epoch 233 Telemetry] BPR: 0.0426 | LHC: 7.3138 (lambda=0.000100) | Align: 7.3956 | Unif: -13.7421
[Epoch 234 Telemetry] BPR: 0.0426 | LHC: 7.3137 (lambda=0.000100) | Align: 7.3980 | Unif: -13.7449
[Epoch 235 Telemetry] BPR: 0.0424 | LHC: 7.3132 (lambda=0.000100) | Align: 7.3990 | Unif: -13.7505
[Epoch 236 Telemetry] BPR: 0.0425 | LHC: 7.3131 (lambda=0.000100) | Align: 7.3980 | Unif: -13.7418
[Epoch 237 Telemetry] BPR: 0.0423 | LHC: 7.3129 (lambda=0.000100) | Align: 7.3968 | Unif: -13.7455
[Epoch 238 Telemetry] BPR: 0.0425 | LHC: 7.3127 (lambda=0.000100) | Align: 7.3989 | Unif: -13.7500
[Epoch 239 Telemetry] BPR: 0.0422 | LHC: 7.3127 (lambda=0.000100) | Align: 7.4006 | Unif: -13.7419
[Gradient Diagnostics @ Epoch 240] rho_grad(BPR, LHC) = +0.1793 | Status: OK
[Epoch 240 Telemetry] BPR: 0.0423 | LHC: 7.3128 (lambda=0.000100) | Align: 7.3994 | Unif: -13.7485
[Epoch 241 Telemetry] BPR: 0.0422 | LHC: 7.3125 (lambda=0.000100) | Align: 7.4000 | Unif: -13.7428
[Epoch 242 Telemetry] BPR: 0.0422 | LHC: 7.3126 (lambda=0.000100) | Align: 7.3994 | Unif: -13.7310
[Epoch 243 Telemetry] BPR: 0.0423 | LHC: 7.3128 (lambda=0.000100) | Align: 7.4036 | Unif: -13.7365
[Epoch 244 Telemetry] BPR: 0.0421 | LHC: 7.3121 (lambda=0.000100) | Align: 7.4027 | Unif: -13.7372
[Epoch 245 Telemetry] BPR: 0.0423 | LHC: 7.3119 (lambda=0.000100) | Align: 7.4031 | Unif: -13.7448
[Epoch 246 Telemetry] BPR: 0.0422 | LHC: 7.3121 (lambda=0.000100) | Align: 7.4053 | Unif: -13.7567
[Epoch 247 Telemetry] BPR: 0.0420 | LHC: 7.3117 (lambda=0.000100) | Align: 7.4033 | Unif: -13.7611
[Epoch 248 Telemetry] BPR: 0.0420 | LHC: 7.3119 (lambda=0.000100) | Align: 7.4043 | Unif: -13.7666
[Epoch 249 Telemetry] BPR: 0.0421 | LHC: 7.3114 (lambda=0.000100) | Align: 7.4045 | Unif: -13.7633
[Gradient Diagnostics @ Epoch 250] rho_grad(BPR, LHC) = +0.1707 | Status: OK
[Epoch 250 Telemetry] BPR: 0.0421 | LHC: 7.3119 (lambda=0.000100) | Align: 7.4065 | Unif: -13.7645
[Epoch 251 Telemetry] BPR: 0.0421 | LHC: 7.3114 (lambda=0.000100) | Align: 7.4093 | Unif: -13.7716
[Epoch 252 Telemetry] BPR: 0.0420 | LHC: 7.3114 (lambda=0.000100) | Align: 7.4089 | Unif: -13.7727
[Epoch 253 Telemetry] BPR: 0.0421 | LHC: 7.3117 (lambda=0.000100) | Align: 7.4094 | Unif: -13.7675
[Epoch 254 Telemetry] BPR: 0.0419 | LHC: 7.3111 (lambda=0.000100) | Align: 7.4109 | Unif: -13.7772
[Epoch 255 Telemetry] BPR: 0.0421 | LHC: 7.3111 (lambda=0.000100) | Align: 7.4102 | Unif: -13.7711
[Epoch 256 Telemetry] BPR: 0.0419 | LHC: 7.3111 (lambda=0.000100) | Align: 7.4113 | Unif: -13.7729
[Epoch 257 Telemetry] BPR: 0.0420 | LHC: 7.3110 (lambda=0.000100) | Align: 7.4115 | Unif: -13.7721
[Epoch 258 Telemetry] BPR: 0.0418 | LHC: 7.3108 (lambda=0.000100) | Align: 7.4114 | Unif: -13.7634
[Epoch 259 Telemetry] BPR: 0.0420 | LHC: 7.3110 (lambda=0.000100) | Align: 7.4133 | Unif: -13.7618
[Gradient Diagnostics @ Epoch 260] rho_grad(BPR, LHC) = +0.1745 | Status: OK
[Epoch 260 Telemetry] BPR: 0.0418 | LHC: 7.3106 (lambda=0.000100) | Align: 7.4146 | Unif: -13.7634
[Epoch 261 Telemetry] BPR: 0.0417 | LHC: 7.3108 (lambda=0.000100) | Align: 7.4135 | Unif: -13.7654
[Epoch 262 Telemetry] BPR: 0.0417 | LHC: 7.3107 (lambda=0.000100) | Align: 7.4134 | Unif: -13.7608
[Epoch 263 Telemetry] BPR: 0.0417 | LHC: 7.3105 (lambda=0.000100) | Align: 7.4131 | Unif: -13.7577
[Epoch 264 Telemetry] BPR: 0.0418 | LHC: 7.3103 (lambda=0.000100) | Align: 7.4134 | Unif: -13.7593
[Epoch 265 Telemetry] BPR: 0.0418 | LHC: 7.3103 (lambda=0.000100) | Align: 7.4136 | Unif: -13.7618
[Epoch 266 Telemetry] BPR: 0.0416 | LHC: 7.3103 (lambda=0.000100) | Align: 7.4146 | Unif: -13.7526
[Epoch 267 Telemetry] BPR: 0.0417 | LHC: 7.3103 (lambda=0.000100) | Align: 7.4140 | Unif: -13.7566
[Epoch 268 Telemetry] BPR: 0.0418 | LHC: 7.3099 (lambda=0.000100) | Align: 7.4155 | Unif: -13.7619
[Epoch 269 Telemetry] BPR: 0.0415 | LHC: 7.3098 (lambda=0.000100) | Align: 7.4158 | Unif: -13.7650
[Gradient Diagnostics @ Epoch 270] rho_grad(BPR, LHC) = +0.1750 | Status: OK
[Epoch 270 Telemetry] BPR: 0.0416 | LHC: 7.3102 (lambda=0.000100) | Align: 7.4166 | Unif: -13.7670
[Epoch 271 Telemetry] BPR: 0.0416 | LHC: 7.3096 (lambda=0.000100) | Align: 7.4183 | Unif: -13.7695
[Epoch 272 Telemetry] BPR: 0.0417 | LHC: 7.3096 (lambda=0.000100) | Align: 7.4180 | Unif: -13.7640
[Epoch 273 Telemetry] BPR: 0.0417 | LHC: 7.3092 (lambda=0.000100) | Align: 7.4186 | Unif: -13.7656
[Epoch 274 Telemetry] BPR: 0.0416 | LHC: 7.3094 (lambda=0.000100) | Align: 7.4196 | Unif: -13.7705
[Epoch 275 Telemetry] BPR: 0.0415 | LHC: 7.3092 (lambda=0.000100) | Align: 7.4200 | Unif: -13.7837
[Epoch 276 Telemetry] BPR: 0.0417 | LHC: 7.3085 (lambda=0.000100) | Align: 7.4180 | Unif: -13.7818
[Epoch 277 Telemetry] BPR: 0.0413 | LHC: 7.3091 (lambda=0.000100) | Align: 7.4191 | Unif: -13.7856
[Epoch 278 Telemetry] BPR: 0.0414 | LHC: 7.3091 (lambda=0.000100) | Align: 7.4202 | Unif: -13.7858
[Epoch 279 Telemetry] BPR: 0.0415 | LHC: 7.3089 (lambda=0.000100) | Align: 7.4189 | Unif: -13.7835
[Gradient Diagnostics @ Epoch 280] rho_grad(BPR, LHC) = +0.1724 | Status: OK
[Epoch 280 Telemetry] BPR: 0.0414 | LHC: 7.3083 (lambda=0.000100) | Align: 7.4184 | Unif: -13.7850
[Epoch 281 Telemetry] BPR: 0.0414 | LHC: 7.3083 (lambda=0.000100) | Align: 7.4198 | Unif: -13.7776
[Epoch 282 Telemetry] BPR: 0.0415 | LHC: 7.3084 (lambda=0.000100) | Align: 7.4195 | Unif: -13.7762
[Epoch 283 Telemetry] BPR: 0.0415 | LHC: 7.3086 (lambda=0.000100) | Align: 7.4237 | Unif: -13.7808
[Epoch 284 Telemetry] BPR: 0.0415 | LHC: 7.3087 (lambda=0.000100) | Align: 7.4251 | Unif: -13.7795
[Epoch 285 Telemetry] BPR: 0.0415 | LHC: 7.3082 (lambda=0.000100) | Align: 7.4248 | Unif: -13.7752
[Epoch 286 Telemetry] BPR: 0.0415 | LHC: 7.3083 (lambda=0.000100) | Align: 7.4260 | Unif: -13.7805
[Epoch 287 Telemetry] BPR: 0.0415 | LHC: 7.3082 (lambda=0.000100) | Align: 7.4249 | Unif: -13.7764
[Epoch 288 Telemetry] BPR: 0.0413 | LHC: 7.3080 (lambda=0.000100) | Align: 7.4251 | Unif: -13.7776
[Epoch 289 Telemetry] BPR: 0.0412 | LHC: 7.3080 (lambda=0.000100) | Align: 7.4269 | Unif: -13.7754
[Gradient Diagnostics @ Epoch 290] rho_grad(BPR, LHC) = +0.1887 | Status: OK
[Epoch 290 Telemetry] BPR: 0.0411 | LHC: 7.3078 (lambda=0.000100) | Align: 7.4251 | Unif: -13.7676
[Epoch 291 Telemetry] BPR: 0.0413 | LHC: 7.3077 (lambda=0.000100) | Align: 7.4280 | Unif: -13.7709
[Epoch 292 Telemetry] BPR: 0.0414 | LHC: 7.3078 (lambda=0.000100) | Align: 7.4273 | Unif: -13.7698
[Epoch 293 Telemetry] BPR: 0.0412 | LHC: 7.3079 (lambda=0.000100) | Align: 7.4266 | Unif: -13.7710
[Epoch 294 Telemetry] BPR: 0.0412 | LHC: 7.3076 (lambda=0.000100) | Align: 7.4288 | Unif: -13.7748
[Epoch 295 Telemetry] BPR: 0.0412 | LHC: 7.3078 (lambda=0.000100) | Align: 7.4300 | Unif: -13.7841
[Epoch 296 Telemetry] BPR: 0.0413 | LHC: 7.3078 (lambda=0.000100) | Align: 7.4307 | Unif: -13.7952
[Epoch 297 Telemetry] BPR: 0.0412 | LHC: 7.3077 (lambda=0.000100) | Align: 7.4318 | Unif: -13.7934
[Epoch 298 Telemetry] BPR: 0.0411 | LHC: 7.3073 (lambda=0.000100) | Align: 7.4319 | Unif: -13.7899
[Epoch 299 Telemetry] BPR: 0.0412 | LHC: 7.3069 (lambda=0.000100) | Align: 7.4305 | Unif: -13.7970
[Gradient Diagnostics @ Epoch 300] rho_grad(BPR, LHC) = +0.1858 | Status: OK
[Epoch 300 Telemetry] BPR: 0.0411 | LHC: 7.3069 (lambda=0.000100) | Align: 7.4315 | Unif: -13.7903
[Epoch 301 Telemetry] BPR: 0.0413 | LHC: 7.3072 (lambda=0.000100) | Align: 7.4334 | Unif: -13.7915
[Epoch 302 Telemetry] BPR: 0.0411 | LHC: 7.3069 (lambda=0.000100) | Align: 7.4343 | Unif: -13.8002
[Epoch 303 Telemetry] BPR: 0.0411 | LHC: 7.3072 (lambda=0.000100) | Align: 7.4337 | Unif: -13.8048
[Epoch 304 Telemetry] BPR: 0.0411 | LHC: 7.3070 (lambda=0.000100) | Align: 7.4348 | Unif: -13.8110[Coach] >>> TRAIN @Epoch: 304 >>>  || LOSS Avg: 0.04187
[Wall TIME] >>> Coach.train takes 79.418078 seconds ...
[Coach] >>> TRAIN @Epoch: 305 >>>  || LOSS Avg: 0.04164
[Wall TIME] >>> Coach.train takes 78.670880 seconds ...
[Coach] >>> Better ***NDCG@20*** of ***0.0294*** 
[Coach] >>> VALID @Epoch: 305 >>>  || RECALL@1 Avg: 0.0088 || RECALL@10 Avg: 0.0433 || RECALL@20 Avg: 0.0661 || NDCG@10 Avg: 0.0236 || NDCG@20 Avg: 0.0294
[Wall TIME] >>> Coach.valid takes 20.452353 seconds ...
[Coach] >>> TRAIN @Epoch: 306 >>>  || LOSS Avg: 0.04195
[Wall TIME] >>> Coach.train takes 79.659224 seconds ...
[Coach] >>> TRAIN @Epoch: 307 >>>  || LOSS Avg: 0.04180
[Wall TIME] >>> Coach.train takes 79.863282 seconds ...
[Coach] >>> TRAIN @Epoch: 308 >>>  || LOSS Avg: 0.04180
[Wall TIME] >>> Coach.train takes 79.464570 seconds ...
[Coach] >>> TRAIN @Epoch: 309 >>>  || LOSS Avg: 0.04165
[Wall TIME] >>> Coach.train takes 79.373386 seconds ...
[Coach] >>> TRAIN @Epoch: 310 >>>  || LOSS Avg: 0.04161
[Wall TIME] >>> Coach.train takes 80.250642 seconds ...
[Coach] >>> VALID @Epoch: 310 >>>  || RECALL@1 Avg: 0.0088 || RECALL@10 Avg: 0.0431 || RECALL@20 Avg: 0.0661 || NDCG@10 Avg: 0.0235 || NDCG@20 Avg: 0.0294
[Wall TIME] >>> Coach.valid takes 20.398309 seconds ...
[Coach] >>> TRAIN @Epoch: 311 >>>  || LOSS Avg: 0.04173
[Wall TIME] >>> Coach.train takes 79.549103 seconds ...
[Coach] >>> TRAIN @Epoch: 312 >>>  || LOSS Avg: 0.04151
[Wall TIME] >>> Coach.train takes 79.574418 seconds ...
[Coach] >>> TRAIN @Epoch: 313 >>>  || LOSS Avg: 0.04170
[Wall TIME] >>> Coach.train takes 78.588732 seconds ...
[Coach] >>> TRAIN @Epoch: 314 >>>  || LOSS Avg: 0.04167
[Wall TIME] >>> Coach.train takes 78.419535 seconds ...
[Coach] >>> TRAIN @Epoch: 315 >>>  || LOSS Avg: 0.04156
[Wall TIME] >>> Coach.train takes 79.081926 seconds ...
[Coach] >>> VALID @Epoch: 315 >>>  || RECALL@1 Avg: 0.0087 || RECALL@10 Avg: 0.0432 || RECALL@20 Avg: 0.0660 || NDCG@10 Avg: 0.0235 || NDCG@20 Avg: 0.0293
[Wall TIME] >>> Coach.valid takes 20.291581 seconds ...
[Coach] >>> TRAIN @Epoch: 316 >>>  || LOSS Avg: 0.04159
[Wall TIME] >>> Coach.train takes 78.788213 seconds ...
[Coach] >>> TRAIN @Epoch: 317 >>>  || LOSS Avg: 0.04153
[Wall TIME] >>> Coach.train takes 78.211885 seconds ...
[Coach] >>> TRAIN @Epoch: 318 >>>  || LOSS Avg: 0.04170
[Wall TIME] >>> Coach.train takes 79.914969 seconds ...
[Coach] >>> TRAIN @Epoch: 319 >>>  || LOSS Avg: 0.04167
[Wall TIME] >>> Coach.train takes 80.308508 seconds ...
[Coach] >>> TRAIN @Epoch: 320 >>>  || LOSS Avg: 0.04147
[Wall TIME] >>> Coach.train takes 79.278669 seconds ...
[Coach] >>> VALID @Epoch: 320 >>>  || RECALL@1 Avg: 0.0087 || RECALL@10 Avg: 0.0434 || RECALL@20 Avg: 0.0662 || NDCG@10 Avg: 0.0236 || NDCG@20 Avg: 0.0294
[Wall TIME] >>> Coach.valid takes 20.371077 seconds ...
[Coach] >>> TRAIN @Epoch: 321 >>>  || LOSS Avg: 0.04154
[Wall TIME] >>> Coach.train takes 78.745723 seconds ...
[Coach] >>> TRAIN @Epoch: 322 >>>  || LOSS Avg: 0.04158
[Wall TIME] >>> Coach.train takes 80.534797 seconds ...
[Coach] >>> TRAIN @Epoch: 323 >>>  || LOSS Avg: 0.04155
[Wall TIME] >>> Coach.train takes 79.612960 seconds ...
[Coach] >>> TRAIN @Epoch: 324 >>>  || LOSS Avg: 0.04149
[Wall TIME] >>> Coach.train takes 78.629067 seconds ...
[Coach] >>> TRAIN @Epoch: 325 >>>  || LOSS Avg: 0.04151
[Wall TIME] >>> Coach.train takes 78.488202 seconds ...
[Coach] >>> VALID @Epoch: 325 >>>  || RECALL@1 Avg: 0.0086 || RECALL@10 Avg: 0.0435 || RECALL@20 Avg: 0.0662 || NDCG@10 Avg: 0.0235 || NDCG@20 Avg: 0.0294
[Wall TIME] >>> Coach.valid takes 20.168923 seconds ...
[Coach] >>> TRAIN @Epoch: 326 >>>  || LOSS Avg: 0.04154
[Wall TIME] >>> Coach.train takes 78.930204 seconds ...
[Coach] >>> TRAIN @Epoch: 327 >>>  || LOSS Avg: 0.04137
[Wall TIME] >>> Coach.train takes 78.815232 seconds ...
[Coach] >>> TRAIN @Epoch: 328 >>>  || LOSS Avg: 0.04151
[Wall TIME] >>> Coach.train takes 78.445037 seconds ...
[Coach] >>> TRAIN @Epoch: 329 >>>  || LOSS Avg: 0.04163
[Wall TIME] >>> Coach.train takes 78.057170 seconds ...
[Coach] >>> TRAIN @Epoch: 330 >>>  || LOSS Avg: 0.04142
[Wall TIME] >>> Coach.train takes 78.252841 seconds ...
[Coach] >>> VALID @Epoch: 330 >>>  || RECALL@1 Avg: 0.0087 || RECALL@10 Avg: 0.0434 || RECALL@20 Avg: 0.0662 || NDCG@10 Avg: 0.0235 || NDCG@20 Avg: 0.0293
[Wall TIME] >>> Coach.valid takes 20.151028 seconds ...
[Coach] >>> TRAIN @Epoch: 331 >>>  || LOSS Avg: 0.04141
[Wall TIME] >>> Coach.train takes 80.144409 seconds ...
[Coach] >>> TRAIN @Epoch: 332 >>>  || LOSS Avg: 0.04147
[Wall TIME] >>> Coach.train takes 80.297349 seconds ...
[Coach] >>> TRAIN @Epoch: 333 >>>  || LOSS Avg: 0.04141
[Wall TIME] >>> Coach.train takes 79.253052 seconds ...
[Coach] >>> TRAIN @Epoch: 334 >>>  || LOSS Avg: 0.04140
[Wall TIME] >>> Coach.train takes 79.967095 seconds ...
[Coach] >>> TRAIN @Epoch: 335 >>>  || LOSS Avg: 0.04140
[Wall TIME] >>> Coach.train takes 78.777532 seconds ...
[Coach] >>> VALID @Epoch: 335 >>>  || RECALL@1 Avg: 0.0087 || RECALL@10 Avg: 0.0435 || RECALL@20 Avg: 0.0661 || NDCG@10 Avg: 0.0236 || NDCG@20 Avg: 0.0294
[Wall TIME] >>> Coach.valid takes 20.434718 seconds ...
[Coach] >>> TRAIN @Epoch: 336 >>>  || LOSS Avg: 0.04125
[Wall TIME] >>> Coach.train takes 79.843136 seconds ...
[Coach] >>> TRAIN @Epoch: 337 >>>  || LOSS Avg: 0.04132
[Wall TIME] >>> Coach.train takes 80.166629 seconds ...
[Coach] >>> TRAIN @Epoch: 338 >>>  || LOSS Avg: 0.04118
[Wall TIME] >>> Coach.train takes 79.352591 seconds ...
[Coach] >>> TRAIN @Epoch: 339 >>>  || LOSS Avg: 0.04136
[Wall TIME] >>> Coach.train takes 79.368600 seconds ...
[Coach] >>> TRAIN @Epoch: 340 >>>  || LOSS Avg: 0.04126
[Wall TIME] >>> Coach.train takes 78.957398 seconds ...
[Coach] >>> Better ***NDCG@20*** of ***0.0294*** 
[Coach] >>> VALID @Epoch: 340 >>>  || RECALL@1 Avg: 0.0086 || RECALL@10 Avg: 0.0433 || RECALL@20 Avg: 0.0663 || NDCG@10 Avg: 0.0235 || NDCG@20 Avg: 0.0294
[Wall TIME] >>> Coach.valid takes 20.517695 seconds ...
[Coach] >>> TRAIN @Epoch: 341 >>>  || LOSS Avg: 0.04143
[Wall TIME] >>> Coach.train takes 78.877113 seconds ...
[Coach] >>> TRAIN @Epoch: 342 >>>  || LOSS Avg: 0.04115
[Wall TIME] >>> Coach.train takes 79.370239 seconds ...
[Coach] >>> TRAIN @Epoch: 343 >>>  || LOSS Avg: 0.04123
[Wall TIME] >>> Coach.train takes 78.757752 seconds ...
[Coach] >>> TRAIN @Epoch: 344 >>>  || LOSS Avg: 0.04124
[Wall TIME] >>> Coach.train takes 78.529982 seconds ...
[Coach] >>> TRAIN @Epoch: 345 >>>  || LOSS Avg: 0.04131
[Wall TIME] >>> Coach.train takes 78.823136 seconds ...
[Coach] >>> Better ***NDCG@20*** of ***0.0294*** 
[Coach] >>> VALID @Epoch: 345 >>>  || RECALL@1 Avg: 0.0087 || RECALL@10 Avg: 0.0434 || RECALL@20 Avg: 0.0663 || NDCG@10 Avg: 0.0236 || NDCG@20 Avg: 0.0294
[Wall TIME] >>> Coach.valid takes 20.467323 seconds ...
[Coach] >>> TRAIN @Epoch: 346 >>>  || LOSS Avg: 0.04136
[Wall TIME] >>> Coach.train takes 78.918940 seconds ...
[Coach] >>> TRAIN @Epoch: 347 >>>  || LOSS Avg: 0.04118
[Wall TIME] >>> Coach.train takes 78.565956 seconds ...
[Coach] >>> TRAIN @Epoch: 348 >>>  || LOSS Avg: 0.04126
[Wall TIME] >>> Coach.train takes 78.696052 seconds ...
[Coach] >>> TRAIN @Epoch: 349 >>>  || LOSS Avg: 0.04139
[Wall TIME] >>> Coach.train takes 79.563061 seconds ...
[Coach] >>> TRAIN @Epoch: 350 >>>  || LOSS Avg: 0.04128
[Wall TIME] >>> Coach.train takes 79.825687 seconds ...
[Coach] >>> VALID @Epoch: 350 >>>  || RECALL@1 Avg: 0.0086 || RECALL@10 Avg: 0.0433 || RECALL@20 Avg: 0.0664 || NDCG@10 Avg: 0.0235 || NDCG@20 Avg: 0.0294
[Wall TIME] >>> Coach.valid takes 20.290437 seconds ...
[Coach] >>> TRAIN @Epoch: 351 >>>  || LOSS Avg: 0.04137
[Wall TIME] >>> Coach.train takes 79.601092 seconds ...
[Coach] >>> TRAIN @Epoch: 352 >>>  || LOSS Avg: 0.04099
[Wall TIME] >>> Coach.train takes 79.693604 seconds ...
[Coach] >>> TRAIN @Epoch: 353 >>>  || LOSS Avg: 0.04115
[Wall TIME] >>> Coach.train takes 78.256207 seconds ...
[Coach] >>> TRAIN @Epoch: 354 >>>  || LOSS Avg: 0.04122
[Wall TIME] >>> Coach.train takes 78.391872 seconds ...
[Coach] >>> TRAIN @Epoch: 355 >>>  || LOSS Avg: 0.04125
[Wall TIME] >>> Coach.train takes 78.139988 seconds ...
[Coach] >>> VALID @Epoch: 355 >>>  || RECALL@1 Avg: 0.0086 || RECALL@10 Avg: 0.0434 || RECALL@20 Avg: 0.0660 || NDCG@10 Avg: 0.0235 || NDCG@20 Avg: 0.0293
[Wall TIME] >>> Coach.valid takes 20.171017 seconds ...
[Coach] >>> TRAIN @Epoch: 356 >>>  || LOSS Avg: 0.04114
[Wall TIME] >>> Coach.train takes 78.666304 seconds ...
[Coach] >>> TRAIN @Epoch: 357 >>>  || LOSS Avg: 0.04120
[Wall TIME] >>> Coach.train takes 78.396259 seconds ...
[Coach] >>> TRAIN @Epoch: 358 >>>  || LOSS Avg: 0.04116
[Wall TIME] >>> Coach.train takes 78.479620 seconds ...
[Coach] >>> TRAIN @Epoch: 359 >>>  || LOSS Avg: 0.04112
[Wall TIME] >>> Coach.train takes 78.231808 seconds ...
[Coach] >>> TRAIN @Epoch: 360 >>>  || LOSS Avg: 0.04120
[Wall TIME] >>> Coach.train takes 78.361962 seconds ...
[Coach] >>> VALID @Epoch: 360 >>>  || RECALL@1 Avg: 0.0086 || RECALL@10 Avg: 0.0433 || RECALL@20 Avg: 0.0663 || NDCG@10 Avg: 0.0235 || NDCG@20 Avg: 0.0294
[Wall TIME] >>> Coach.valid takes 20.128395 seconds ...
[Coach] >>> TRAIN @Epoch: 361 >>>  || LOSS Avg: 0.04109
[Wall TIME] >>> Coach.train takes 77.613606 seconds ...
[Coach] >>> TRAIN @Epoch: 362 >>>  || LOSS Avg: 0.04115
[Wall TIME] >>> Coach.train takes 78.731065 seconds ...
[Coach] >>> TRAIN @Epoch: 363 >>>  || LOSS Avg: 0.04100
[Wall TIME] >>> Coach.train takes 77.792799 seconds ...
[Coach] >>> TRAIN @Epoch: 364 >>>  || LOSS Avg: 0.04105
[Wall TIME] >>> Coach.train takes 78.514505 seconds ...
[Coach] >>> TRAIN @Epoch: 365 >>>  || LOSS Avg: 0.04102
[Wall TIME] >>> Coach.train takes 78.398271 seconds ...
[Coach] >>> VALID @Epoch: 365 >>>  || RECALL@1 Avg: 0.0085 || RECALL@10 Avg: 0.0435 || RECALL@20 Avg: 0.0662 || NDCG@10 Avg: 0.0235 || NDCG@20 Avg: 0.0293
[Wall TIME] >>> Coach.valid takes 20.217011 seconds ...
[Coach] >>> TRAIN @Epoch: 366 >>>  || LOSS Avg: 0.04108
[Wall TIME] >>> Coach.train takes 78.626137 seconds ...
[Coach] >>> TRAIN @Epoch: 367 >>>  || LOSS Avg: 0.04119
[Wall TIME] >>> Coach.train takes 78.839294 seconds ...
[Coach] >>> TRAIN @Epoch: 368 >>>  || LOSS Avg: 0.04107
[Wall TIME] >>> Coach.train takes 78.745306 seconds ...
[Coach] >>> TRAIN @Epoch: 369 >>>  || LOSS Avg: 0.04101
[Wall TIME] >>> Coach.train takes 79.814086 seconds ...
[Coach] >>> TRAIN @Epoch: 370 >>>  || LOSS Avg: 0.04112
[Wall TIME] >>> Coach.train takes 80.139395 seconds ...
[Coach] >>> VALID @Epoch: 370 >>>  || RECALL@1 Avg: 0.0086 || RECALL@10 Avg: 0.0434 || RECALL@20 Avg: 0.0662 || NDCG@10 Avg: 0.0236 || NDCG@20 Avg: 0.0294
[Wall TIME] >>> Coach.valid takes 20.374252 seconds ...
[Coach] >>> TRAIN @Epoch: 371 >>>  || LOSS Avg: 0.04097
[Wall TIME] >>> Coach.train takes 79.783818 seconds ...
[Coach] >>> TRAIN @Epoch: 372 >>>  || LOSS Avg: 0.04097
[Wall TIME] >>> Coach.train takes 81.154649 seconds ...
[Coach] >>> TRAIN @Epoch: 373 >>>  || LOSS Avg: 0.04101
[Wall TIME] >>> Coach.train takes 80.475046 seconds ...
[Coach] >>> TRAIN @Epoch: 374 >>>  || LOSS Avg: 0.04079
[Wall TIME] >>> Coach.train takes 80.140482 seconds ...
[Coach] >>> TRAIN @Epoch: 375 >>>  || LOSS Avg: 0.04089
[Wall TIME] >>> Coach.train takes 79.912522 seconds ...
[Coach] >>> VALID @Epoch: 375 >>>  || RECALL@1 Avg: 0.0086 || RECALL@10 Avg: 0.0433 || RECALL@20 Avg: 0.0662 || NDCG@10 Avg: 0.0236 || NDCG@20 Avg: 0.0294
[Wall TIME] >>> Coach.valid takes 20.401953 seconds ...
[Coach] >>> TRAIN @Epoch: 376 >>>  || LOSS Avg: 0.04104
[Wall TIME] >>> Coach.train takes 80.098964 seconds ...
[Coach] >>> TRAIN @Epoch: 377 >>>  || LOSS Avg: 0.04092
[Wall TIME] >>> Coach.train takes 81.029625 seconds ...
[Coach] >>> TRAIN @Epoch: 378 >>>  || LOSS Avg: 0.04084
[Wall TIME] >>> Coach.train takes 80.319594 seconds ...
[Coach] >>> TRAIN @Epoch: 379 >>>  || LOSS Avg: 0.04092
[Wall TIME] >>> Coach.train takes 80.333669 seconds ...
[Coach] >>> TRAIN @Epoch: 380 >>>  || LOSS Avg: 0.04095
[Wall TIME] >>> Coach.train takes 80.414927 seconds ...
[Coach] >>> Better ***NDCG@20*** of ***0.0295*** 
[Coach] >>> VALID @Epoch: 380 >>>  || RECALL@1 Avg: 0.0087 || RECALL@10 Avg: 0.0434 || RECALL@20 Avg: 0.0664 || NDCG@10 Avg: 0.0236 || NDCG@20 Avg: 0.0295
[Wall TIME] >>> Coach.valid takes 20.679710 seconds ...

[Epoch 305 Telemetry] BPR: 0.0409 | LHC: 7.3065 (lambda=0.000100) | Align: 7.4358 | Unif: -13.8101
[Epoch 306 Telemetry] BPR: 0.0412 | LHC: 7.3067 (lambda=0.000100) | Align: 7.4359 | Unif: -13.8054
[Epoch 307 Telemetry] BPR: 0.0411 | LHC: 7.3065 (lambda=0.000100) | Align: 7.4370 | Unif: -13.8076
[Epoch 308 Telemetry] BPR: 0.0411 | LHC: 7.3063 (lambda=0.000100) | Align: 7.4369 | Unif: -13.8081
[Epoch 309 Telemetry] BPR: 0.0409 | LHC: 7.3069 (lambda=0.000100) | Align: 7.4364 | Unif: -13.8017
[Gradient Diagnostics @ Epoch 310] rho_grad(BPR, LHC) = +0.1785 | Status: OK
[Epoch 310 Telemetry] BPR: 0.0409 | LHC: 7.3064 (lambda=0.000100) | Align: 7.4367 | Unif: -13.7976
[Epoch 311 Telemetry] BPR: 0.0410 | LHC: 7.3063 (lambda=0.000100) | Align: 7.4365 | Unif: -13.7969
[Epoch 312 Telemetry] BPR: 0.0408 | LHC: 7.3062 (lambda=0.000100) | Align: 7.4364 | Unif: -13.8012
[Epoch 313 Telemetry] BPR: 0.0410 | LHC: 7.3059 (lambda=0.000100) | Align: 7.4372 | Unif: -13.8044
[Epoch 314 Telemetry] BPR: 0.0409 | LHC: 7.3058 (lambda=0.000100) | Align: 7.4378 | Unif: -13.8118
[Epoch 315 Telemetry] BPR: 0.0408 | LHC: 7.3056 (lambda=0.000100) | Align: 7.4373 | Unif: -13.8056
[Epoch 316 Telemetry] BPR: 0.0409 | LHC: 7.3054 (lambda=0.000100) | Align: 7.4365 | Unif: -13.8043
[Epoch 317 Telemetry] BPR: 0.0408 | LHC: 7.3059 (lambda=0.000100) | Align: 7.4381 | Unif: -13.7970
[Epoch 318 Telemetry] BPR: 0.0410 | LHC: 7.3056 (lambda=0.000100) | Align: 7.4363 | Unif: -13.7970
[Epoch 319 Telemetry] BPR: 0.0409 | LHC: 7.3054 (lambda=0.000100) | Align: 7.4372 | Unif: -13.7941
[Gradient Diagnostics @ Epoch 320] rho_grad(BPR, LHC) = +0.1827 | Status: OK
[Epoch 320 Telemetry] BPR: 0.0407 | LHC: 7.3058 (lambda=0.000100) | Align: 7.4395 | Unif: -13.7953
[Epoch 321 Telemetry] BPR: 0.0408 | LHC: 7.3051 (lambda=0.000100) | Align: 7.4385 | Unif: -13.7963
[Epoch 322 Telemetry] BPR: 0.0409 | LHC: 7.3057 (lambda=0.000100) | Align: 7.4396 | Unif: -13.7957
[Epoch 323 Telemetry] BPR: 0.0408 | LHC: 7.3051 (lambda=0.000100) | Align: 7.4413 | Unif: -13.8052
[Epoch 324 Telemetry] BPR: 0.0408 | LHC: 7.3052 (lambda=0.000100) | Align: 7.4406 | Unif: -13.8023
[Epoch 325 Telemetry] BPR: 0.0408 | LHC: 7.3051 (lambda=0.000100) | Align: 7.4407 | Unif: -13.8036
[Epoch 326 Telemetry] BPR: 0.0408 | LHC: 7.3050 (lambda=0.000100) | Align: 7.4415 | Unif: -13.8003
[Epoch 327 Telemetry] BPR: 0.0406 | LHC: 7.3051 (lambda=0.000100) | Align: 7.4422 | Unif: -13.7880
[Epoch 328 Telemetry] BPR: 0.0408 | LHC: 7.3051 (lambda=0.000100) | Align: 7.4415 | Unif: -13.7864
[Epoch 329 Telemetry] BPR: 0.0409 | LHC: 7.3049 (lambda=0.000100) | Align: 7.4417 | Unif: -13.7854
[Gradient Diagnostics @ Epoch 330] rho_grad(BPR, LHC) = +0.1846 | Status: OK
[Epoch 330 Telemetry] BPR: 0.0407 | LHC: 7.3050 (lambda=0.000100) | Align: 7.4451 | Unif: -13.7964
[Epoch 331 Telemetry] BPR: 0.0407 | LHC: 7.3044 (lambda=0.000100) | Align: 7.4445 | Unif: -13.7919
[Epoch 332 Telemetry] BPR: 0.0407 | LHC: 7.3047 (lambda=0.000100) | Align: 7.4438 | Unif: -13.7927
[Epoch 333 Telemetry] BPR: 0.0407 | LHC: 7.3050 (lambda=0.000100) | Align: 7.4463 | Unif: -13.7968
[Epoch 334 Telemetry] BPR: 0.0407 | LHC: 7.3045 (lambda=0.000100) | Align: 7.4458 | Unif: -13.7914
[Epoch 335 Telemetry] BPR: 0.0407 | LHC: 7.3044 (lambda=0.000100) | Align: 7.4462 | Unif: -13.7922
[Epoch 336 Telemetry] BPR: 0.0405 | LHC: 7.3044 (lambda=0.000100) | Align: 7.4464 | Unif: -13.7928
[Epoch 337 Telemetry] BPR: 0.0406 | LHC: 7.3043 (lambda=0.000100) | Align: 7.4465 | Unif: -13.8032
[Epoch 338 Telemetry] BPR: 0.0405 | LHC: 7.3039 (lambda=0.000100) | Align: 7.4448 | Unif: -13.8080
[Epoch 339 Telemetry] BPR: 0.0406 | LHC: 7.3039 (lambda=0.000100) | Align: 7.4455 | Unif: -13.8153
[Gradient Diagnostics @ Epoch 340] rho_grad(BPR, LHC) = +0.1786 | Status: OK
[Epoch 340 Telemetry] BPR: 0.0405 | LHC: 7.3041 (lambda=0.000100) | Align: 7.4469 | Unif: -13.8074
[Epoch 341 Telemetry] BPR: 0.0407 | LHC: 7.3037 (lambda=0.000100) | Align: 7.4463 | Unif: -13.7992
[Epoch 342 Telemetry] BPR: 0.0404 | LHC: 7.3036 (lambda=0.000100) | Align: 7.4470 | Unif: -13.7973
[Epoch 343 Telemetry] BPR: 0.0405 | LHC: 7.3034 (lambda=0.000100) | Align: 7.4459 | Unif: -13.7951
[Epoch 344 Telemetry] BPR: 0.0405 | LHC: 7.3041 (lambda=0.000100) | Align: 7.4480 | Unif: -13.7925
[Epoch 345 Telemetry] BPR: 0.0406 | LHC: 7.3036 (lambda=0.000100) | Align: 7.4484 | Unif: -13.7944
[Epoch 346 Telemetry] BPR: 0.0406 | LHC: 7.3038 (lambda=0.000100) | Align: 7.4478 | Unif: -13.7971
[Epoch 347 Telemetry] BPR: 0.0405 | LHC: 7.3036 (lambda=0.000100) | Align: 7.4500 | Unif: -13.7983
[Epoch 348 Telemetry] BPR: 0.0405 | LHC: 7.3036 (lambda=0.000100) | Align: 7.4486 | Unif: -13.7988
[Epoch 349 Telemetry] BPR: 0.0407 | LHC: 7.3027 (lambda=0.000100) | Align: 7.4497 | Unif: -13.7976
[Gradient Diagnostics @ Epoch 350] rho_grad(BPR, LHC) = +0.1703 | Status: OK
[Epoch 350 Telemetry] BPR: 0.0405 | LHC: 7.3031 (lambda=0.000100) | Align: 7.4523 | Unif: -13.7994
[Epoch 351 Telemetry] BPR: 0.0406 | LHC: 7.3034 (lambda=0.000100) | Align: 7.4516 | Unif: -13.7988
[Epoch 352 Telemetry] BPR: 0.0403 | LHC: 7.3035 (lambda=0.000100) | Align: 7.4519 | Unif: -13.8004
[Epoch 353 Telemetry] BPR: 0.0404 | LHC: 7.3033 (lambda=0.000100) | Align: 7.4524 | Unif: -13.7982
[Epoch 354 Telemetry] BPR: 0.0405 | LHC: 7.3036 (lambda=0.000100) | Align: 7.4522 | Unif: -13.8016
[Epoch 355 Telemetry] BPR: 0.0405 | LHC: 7.3035 (lambda=0.000100) | Align: 7.4506 | Unif: -13.8051
[Epoch 356 Telemetry] BPR: 0.0404 | LHC: 7.3030 (lambda=0.000100) | Align: 7.4521 | Unif: -13.8080
[Epoch 357 Telemetry] BPR: 0.0405 | LHC: 7.3031 (lambda=0.000100) | Align: 7.4528 | Unif: -13.7992
[Epoch 358 Telemetry] BPR: 0.0404 | LHC: 7.3033 (lambda=0.000100) | Align: 7.4538 | Unif: -13.7938
[Epoch 359 Telemetry] BPR: 0.0404 | LHC: 7.3025 (lambda=0.000100) | Align: 7.4534 | Unif: -13.7969
[Gradient Diagnostics @ Epoch 360] rho_grad(BPR, LHC) = +0.1786 | Status: OK
[Epoch 360 Telemetry] BPR: 0.0405 | LHC: 7.3029 (lambda=0.000100) | Align: 7.4537 | Unif: -13.7895
[Epoch 361 Telemetry] BPR: 0.0403 | LHC: 7.3028 (lambda=0.000100) | Align: 7.4546 | Unif: -13.7879
[Epoch 362 Telemetry] BPR: 0.0404 | LHC: 7.3030 (lambda=0.000100) | Align: 7.4544 | Unif: -13.7824
[Epoch 363 Telemetry] BPR: 0.0403 | LHC: 7.3027 (lambda=0.000100) | Align: 7.4552 | Unif: -13.7845
[Epoch 364 Telemetry] BPR: 0.0403 | LHC: 7.3025 (lambda=0.000100) | Align: 7.4550 | Unif: -13.7943
[Epoch 365 Telemetry] BPR: 0.0403 | LHC: 7.3024 (lambda=0.000100) | Align: 7.4557 | Unif: -13.7950
[Epoch 366 Telemetry] BPR: 0.0403 | LHC: 7.3025 (lambda=0.000100) | Align: 7.4565 | Unif: -13.7928
[Epoch 367 Telemetry] BPR: 0.0405 | LHC: 7.3021 (lambda=0.000100) | Align: 7.4544 | Unif: -13.7973
[Epoch 368 Telemetry] BPR: 0.0403 | LHC: 7.3022 (lambda=0.000100) | Align: 7.4550 | Unif: -13.7960
[Epoch 369 Telemetry] BPR: 0.0403 | LHC: 7.3022 (lambda=0.000100) | Align: 7.4564 | Unif: -13.7970
[Gradient Diagnostics @ Epoch 370] rho_grad(BPR, LHC) = +0.1822 | Status: OK
[Epoch 370 Telemetry] BPR: 0.0404 | LHC: 7.3022 (lambda=0.000100) | Align: 7.4567 | Unif: -13.8022
[Epoch 371 Telemetry] BPR: 0.0402 | LHC: 7.3022 (lambda=0.000100) | Align: 7.4592 | Unif: -13.8062
[Epoch 372 Telemetry] BPR: 0.0402 | LHC: 7.3022 (lambda=0.000100) | Align: 7.4594 | Unif: -13.8138
[Epoch 373 Telemetry] BPR: 0.0403 | LHC: 7.3020 (lambda=0.000100) | Align: 7.4581 | Unif: -13.8113
[Epoch 374 Telemetry] BPR: 0.0401 | LHC: 7.3017 (lambda=0.000100) | Align: 7.4566 | Unif: -13.8173
[Epoch 375 Telemetry] BPR: 0.0402 | LHC: 7.3018 (lambda=0.000100) | Align: 7.4559 | Unif: -13.8124
[Epoch 376 Telemetry] BPR: 0.0403 | LHC: 7.3021 (lambda=0.000100) | Align: 7.4575 | Unif: -13.8101
[Epoch 377 Telemetry] BPR: 0.0402 | LHC: 7.3017 (lambda=0.000100) | Align: 7.4566 | Unif: -13.8102
[Epoch 378 Telemetry] BPR: 0.0401 | LHC: 7.3016 (lambda=0.000100) | Align: 7.4581 | Unif: -13.8115
[Epoch 379 Telemetry] BPR: 0.0402 | LHC: 7.3019 (lambda=0.000100) | Align: 7.4574 | Unif: -13.8086
[Gradient Diagnostics @ Epoch 380] rho_grad(BPR, LHC) = +0.1860 | Status: OK
[Epoch 380 Telemetry] BPR: 0.0402 | LHC: 7.3018 (lambda=0.000100) | Align: 7.4582 | Unif: -13.8046
[Epoch 381 Telemetry] BPR: 0.0402 | LHC: 7.3013 (lambda=0.000100) | Align: 7.4594 | Unif: -13.8091[Coach] >>> TRAIN @Epoch: 381 >>>  || LOSS Avg: 0.04092
[Wall TIME] >>> Coach.train takes 80.164547 seconds ...
[Coach] >>> TRAIN @Epoch: 382 >>>  || LOSS Avg: 0.04091
[Wall TIME] >>> Coach.train takes 80.711738 seconds ...
[Coach] >>> TRAIN @Epoch: 383 >>>  || LOSS Avg: 0.04093
[Wall TIME] >>> Coach.train takes 80.266260 seconds ...
[Coach] >>> TRAIN @Epoch: 384 >>>  || LOSS Avg: 0.04084
[Wall TIME] >>> Coach.train takes 80.191445 seconds ...
[Coach] >>> TRAIN @Epoch: 385 >>>  || LOSS Avg: 0.04087
[Wall TIME] >>> Coach.train takes 80.174229 seconds ...
[Coach] >>> VALID @Epoch: 385 >>>  || RECALL@1 Avg: 0.0088 || RECALL@10 Avg: 0.0435 || RECALL@20 Avg: 0.0661 || NDCG@10 Avg: 0.0237 || NDCG@20 Avg: 0.0294
[Wall TIME] >>> Coach.valid takes 20.405311 seconds ...
[Coach] >>> TRAIN @Epoch: 386 >>>  || LOSS Avg: 0.04090
[Wall TIME] >>> Coach.train takes 80.138578 seconds ...
[Coach] >>> TRAIN @Epoch: 387 >>>  || LOSS Avg: 0.04092
[Wall TIME] >>> Coach.train takes 80.325388 seconds ...
[Coach] >>> TRAIN @Epoch: 388 >>>  || LOSS Avg: 0.04085
[Wall TIME] >>> Coach.train takes 80.344480 seconds ...
[Coach] >>> TRAIN @Epoch: 389 >>>  || LOSS Avg: 0.04069
[Wall TIME] >>> Coach.train takes 80.297560 seconds ...
[Coach] >>> TRAIN @Epoch: 390 >>>  || LOSS Avg: 0.04077
[Wall TIME] >>> Coach.train takes 80.457764 seconds ...
[Coach] >>> VALID @Epoch: 390 >>>  || RECALL@1 Avg: 0.0087 || RECALL@10 Avg: 0.0431 || RECALL@20 Avg: 0.0663 || NDCG@10 Avg: 0.0235 || NDCG@20 Avg: 0.0294
[Wall TIME] >>> Coach.valid takes 20.378025 seconds ...
[Coach] >>> TRAIN @Epoch: 391 >>>  || LOSS Avg: 0.04082
[Wall TIME] >>> Coach.train takes 80.340586 seconds ...
[Coach] >>> TRAIN @Epoch: 392 >>>  || LOSS Avg: 0.04066
[Wall TIME] >>> Coach.train takes 81.447152 seconds ...
[Coach] >>> TRAIN @Epoch: 393 >>>  || LOSS Avg: 0.04090
[Wall TIME] >>> Coach.train takes 80.765420 seconds ...
[Coach] >>> TRAIN @Epoch: 394 >>>  || LOSS Avg: 0.04082
[Wall TIME] >>> Coach.train takes 80.512728 seconds ...
[Coach] >>> TRAIN @Epoch: 395 >>>  || LOSS Avg: 0.04089
[Wall TIME] >>> Coach.train takes 80.510792 seconds ...
[Coach] >>> VALID @Epoch: 395 >>>  || RECALL@1 Avg: 0.0087 || RECALL@10 Avg: 0.0431 || RECALL@20 Avg: 0.0663 || NDCG@10 Avg: 0.0235 || NDCG@20 Avg: 0.0294
[Wall TIME] >>> Coach.valid takes 20.372379 seconds ...
[Coach] >>> TRAIN @Epoch: 396 >>>  || LOSS Avg: 0.04083
[Wall TIME] >>> Coach.train takes 80.557908 seconds ...
[Coach] >>> TRAIN @Epoch: 397 >>>  || LOSS Avg: 0.04076
[Wall TIME] >>> Coach.train takes 80.389832 seconds ...
[Coach] >>> TRAIN @Epoch: 398 >>>  || LOSS Avg: 0.04074
[Wall TIME] >>> Coach.train takes 80.495924 seconds ...
[Coach] >>> TRAIN @Epoch: 399 >>>  || LOSS Avg: 0.04078
[Wall TIME] >>> Coach.train takes 80.501633 seconds ...
[Coach] >>> TRAIN @Epoch: 400 >>>  || LOSS Avg: 0.04068
[Wall TIME] >>> Coach.train takes 80.676358 seconds ...
[Coach] >>> Better ***NDCG@20*** of ***0.0295*** 
[Coach] >>> VALID @Epoch: 400 >>>  || RECALL@1 Avg: 0.0088 || RECALL@10 Avg: 0.0434 || RECALL@20 Avg: 0.0666 || NDCG@10 Avg: 0.0236 || NDCG@20 Avg: 0.0295
[Wall TIME] >>> Coach.valid takes 20.687602 seconds ...
[Coach] >>> TRAIN @Epoch: 401 >>>  || LOSS Avg: 0.04065
[Wall TIME] >>> Coach.train takes 80.531415 seconds ...
[Coach] >>> TRAIN @Epoch: 402 >>>  || LOSS Avg: 0.04065
[Wall TIME] >>> Coach.train takes 81.145769 seconds ...
[Coach] >>> TRAIN @Epoch: 403 >>>  || LOSS Avg: 0.04070
[Wall TIME] >>> Coach.train takes 80.611582 seconds ...
[Coach] >>> TRAIN @Epoch: 404 >>>  || LOSS Avg: 0.04068
[Wall TIME] >>> Coach.train takes 80.495428 seconds ...
[Coach] >>> TRAIN @Epoch: 405 >>>  || LOSS Avg: 0.04074
[Wall TIME] >>> Coach.train takes 80.363183 seconds ...
[Coach] >>> Better ***NDCG@20*** of ***0.0296*** 
[Coach] >>> VALID @Epoch: 405 >>>  || RECALL@1 Avg: 0.0089 || RECALL@10 Avg: 0.0435 || RECALL@20 Avg: 0.0664 || NDCG@10 Avg: 0.0237 || NDCG@20 Avg: 0.0296
[Wall TIME] >>> Coach.valid takes 20.681917 seconds ...
[Coach] >>> TRAIN @Epoch: 406 >>>  || LOSS Avg: 0.04058
[Wall TIME] >>> Coach.train takes 80.506367 seconds ...
[Coach] >>> TRAIN @Epoch: 407 >>>  || LOSS Avg: 0.04064
[Wall TIME] >>> Coach.train takes 80.456017 seconds ...
[Coach] >>> TRAIN @Epoch: 408 >>>  || LOSS Avg: 0.04062
[Wall TIME] >>> Coach.train takes 80.481953 seconds ...
[Coach] >>> TRAIN @Epoch: 409 >>>  || LOSS Avg: 0.04075
[Wall TIME] >>> Coach.train takes 80.435524 seconds ...
[Coach] >>> TRAIN @Epoch: 410 >>>  || LOSS Avg: 0.04066
[Wall TIME] >>> Coach.train takes 80.643339 seconds ...
[Coach] >>> Better ***NDCG@20*** of ***0.0296*** 
[Coach] >>> VALID @Epoch: 410 >>>  || RECALL@1 Avg: 0.0090 || RECALL@10 Avg: 0.0435 || RECALL@20 Avg: 0.0664 || NDCG@10 Avg: 0.0238 || NDCG@20 Avg: 0.0296
[Wall TIME] >>> Coach.valid takes 20.673973 seconds ...
[Coach] >>> TRAIN @Epoch: 411 >>>  || LOSS Avg: 0.04062
[Wall TIME] >>> Coach.train takes 80.474069 seconds ...
[Coach] >>> TRAIN @Epoch: 412 >>>  || LOSS Avg: 0.04064
[Wall TIME] >>> Coach.train takes 81.144727 seconds ...
[Coach] >>> TRAIN @Epoch: 413 >>>  || LOSS Avg: 0.04056
[Wall TIME] >>> Coach.train takes 80.505489 seconds ...
[Coach] >>> TRAIN @Epoch: 414 >>>  || LOSS Avg: 0.04050
[Wall TIME] >>> Coach.train takes 80.419402 seconds ...
[Coach] >>> TRAIN @Epoch: 415 >>>  || LOSS Avg: 0.04052
[Wall TIME] >>> Coach.train takes 80.466634 seconds ...
[Coach] >>> VALID @Epoch: 415 >>>  || RECALL@1 Avg: 0.0089 || RECALL@10 Avg: 0.0435 || RECALL@20 Avg: 0.0663 || NDCG@10 Avg: 0.0238 || NDCG@20 Avg: 0.0296
[Wall TIME] >>> Coach.valid takes 20.377579 seconds ...
[Coach] >>> TRAIN @Epoch: 416 >>>  || LOSS Avg: 0.04050
[Wall TIME] >>> Coach.train takes 80.610918 seconds ...
[Coach] >>> TRAIN @Epoch: 417 >>>  || LOSS Avg: 0.04053
[Wall TIME] >>> Coach.train takes 80.907316 seconds ...
[Coach] >>> TRAIN @Epoch: 418 >>>  || LOSS Avg: 0.04064
[Wall TIME] >>> Coach.train takes 81.177479 seconds ...
[Coach] >>> TRAIN @Epoch: 419 >>>  || LOSS Avg: 0.04052
[Wall TIME] >>> Coach.train takes 80.380320 seconds ...
[Coach] >>> TRAIN @Epoch: 420 >>>  || LOSS Avg: 0.04061
[Wall TIME] >>> Coach.train takes 80.677827 seconds ...
[Coach] >>> VALID @Epoch: 420 >>>  || RECALL@1 Avg: 0.0088 || RECALL@10 Avg: 0.0435 || RECALL@20 Avg: 0.0665 || NDCG@10 Avg: 0.0237 || NDCG@20 Avg: 0.0296
[Wall TIME] >>> Coach.valid takes 20.388078 seconds ...
[Coach] >>> TRAIN @Epoch: 421 >>>  || LOSS Avg: 0.04056
[Wall TIME] >>> Coach.train takes 80.326632 seconds ...
[Coach] >>> TRAIN @Epoch: 422 >>>  || LOSS Avg: 0.04047
[Wall TIME] >>> Coach.train takes 80.953001 seconds ...
[Coach] >>> TRAIN @Epoch: 423 >>>  || LOSS Avg: 0.04042
[Wall TIME] >>> Coach.train takes 80.398682 seconds ...
[Coach] >>> TRAIN @Epoch: 424 >>>  || LOSS Avg: 0.04047
[Wall TIME] >>> Coach.train takes 80.651303 seconds ...
[Coach] >>> TRAIN @Epoch: 425 >>>  || LOSS Avg: 0.04047
[Wall TIME] >>> Coach.train takes 81.346207 seconds ...
[Coach] >>> VALID @Epoch: 425 >>>  || RECALL@1 Avg: 0.0088 || RECALL@10 Avg: 0.0435 || RECALL@20 Avg: 0.0665 || NDCG@10 Avg: 0.0237 || NDCG@20 Avg: 0.0296
[Wall TIME] >>> Coach.valid takes 20.379114 seconds ...
[Coach] >>> TRAIN @Epoch: 426 >>>  || LOSS Avg: 0.04047
[Wall TIME] >>> Coach.train takes 80.361333 seconds ...
[Coach] >>> TRAIN @Epoch: 427 >>>  || LOSS Avg: 0.04054
[Wall TIME] >>> Coach.train takes 80.363150 seconds ...
[Coach] >>> TRAIN @Epoch: 428 >>>  || LOSS Avg: 0.04059
[Wall TIME] >>> Coach.train takes 80.372818 seconds ...
[Coach] >>> TRAIN @Epoch: 429 >>>  || LOSS Avg: 0.04050
[Wall TIME] >>> Coach.train takes 80.339519 seconds ...
[Coach] >>> TRAIN @Epoch: 430 >>>  || LOSS Avg: 0.04044
[Wall TIME] >>> Coach.train takes 80.286048 seconds ...
[Coach] >>> VALID @Epoch: 430 >>>  || RECALL@1 Avg: 0.0088 || RECALL@10 Avg: 0.0435 || RECALL@20 Avg: 0.0663 || NDCG@10 Avg: 0.0237 || NDCG@20 Avg: 0.0295
[Wall TIME] >>> Coach.valid takes 20.336981 seconds ...
[Coach] >>> TRAIN @Epoch: 431 >>>  || LOSS Avg: 0.04045
[Wall TIME] >>> Coach.train takes 80.031785 seconds ...
[Coach] >>> TRAIN @Epoch: 432 >>>  || LOSS Avg: 0.04053
[Wall TIME] >>> Coach.train takes 81.048883 seconds ...
[Coach] >>> TRAIN @Epoch: 433 >>>  || LOSS Avg: 0.04046
[Wall TIME] >>> Coach.train takes 80.612351 seconds ...
[Coach] >>> TRAIN @Epoch: 434 >>>  || LOSS Avg: 0.04044
[Wall TIME] >>> Coach.train takes 80.228487 seconds ...
[Coach] >>> TRAIN @Epoch: 435 >>>  || LOSS Avg: 0.04060
[Wall TIME] >>> Coach.train takes 79.602714 seconds ...
[Coach] >>> VALID @Epoch: 435 >>>  || RECALL@1 Avg: 0.0088 || RECALL@10 Avg: 0.0438 || RECALL@20 Avg: 0.0665 || NDCG@10 Avg: 0.0238 || NDCG@20 Avg: 0.0296
[Wall TIME] >>> Coach.valid takes 20.363377 seconds ...
[Coach] >>> TRAIN @Epoch: 436 >>>  || LOSS Avg: 0.04051
[Wall TIME] >>> Coach.train takes 80.501666 seconds ...
[Coach] >>> TRAIN @Epoch: 437 >>>  || LOSS Avg: 0.04047
[Wall TIME] >>> Coach.train takes 80.435352 seconds ...
[Coach] >>> TRAIN @Epoch: 438 >>>  || LOSS Avg: 0.04026
[Wall TIME] >>> Coach.train takes 81.231766 seconds ...
[Coach] >>> TRAIN @Epoch: 439 >>>  || LOSS Avg: 0.04041
[Wall TIME] >>> Coach.train takes 80.125599 seconds ...
[Coach] >>> TRAIN @Epoch: 440 >>>  || LOSS Avg: 0.04034
[Wall TIME] >>> Coach.train takes 79.110271 seconds ...
[Coach] >>> VALID @Epoch: 440 >>>  || RECALL@1 Avg: 0.0089 || RECALL@10 Avg: 0.0436 || RECALL@20 Avg: 0.0663 || NDCG@10 Avg: 0.0238 || NDCG@20 Avg: 0.0296
[Wall TIME] >>> Coach.valid takes 20.180353 seconds ...
[Coach] >>> TRAIN @Epoch: 441 >>>  || LOSS Avg: 0.04048
[Wall TIME] >>> Coach.train takes 78.696879 seconds ...
[Coach] >>> TRAIN @Epoch: 442 >>>  || LOSS Avg: 0.04029
[Wall TIME] >>> Coach.train takes 80.811749 seconds ...
[Coach] >>> TRAIN @Epoch: 443 >>>  || LOSS Avg: 0.04043
[Wall TIME] >>> Coach.train takes 79.367958 seconds ...
[Coach] >>> TRAIN @Epoch: 444 >>>  || LOSS Avg: 0.04030
[Wall TIME] >>> Coach.train takes 79.241978 seconds ...
[Coach] >>> TRAIN @Epoch: 445 >>>  || LOSS Avg: 0.04044
[Wall TIME] >>> Coach.train takes 80.282135 seconds ...
[Coach] >>> VALID @Epoch: 445 >>>  || RECALL@1 Avg: 0.0089 || RECALL@10 Avg: 0.0436 || RECALL@20 Avg: 0.0663 || NDCG@10 Avg: 0.0238 || NDCG@20 Avg: 0.0296
[Wall TIME] >>> Coach.valid takes 20.385151 seconds ...
[Coach] >>> TRAIN @Epoch: 446 >>>  || LOSS Avg: 0.04045
[Wall TIME] >>> Coach.train takes 80.141454 seconds ...
[Coach] >>> TRAIN @Epoch: 447 >>>  || LOSS Avg: 0.04034
[Wall TIME] >>> Coach.train takes 80.198071 seconds ...
[Coach] >>> TRAIN @Epoch: 448 >>>  || LOSS Avg: 0.04034
[Wall TIME] >>> Coach.train takes 80.318532 seconds ...
[Coach] >>> TRAIN @Epoch: 449 >>>  || LOSS Avg: 0.04015
[Wall TIME] >>> Coach.train takes 80.370986 seconds ...
[Coach] >>> TRAIN @Epoch: 450 >>>  || LOSS Avg: 0.04033
[Wall TIME] >>> Coach.train takes 80.715823 seconds ...
[Coach] >>> Better ***NDCG@20*** of ***0.0296*** 
[Coach] >>> VALID @Epoch: 450 >>>  || RECALL@1 Avg: 0.0089 || RECALL@10 Avg: 0.0435 || RECALL@20 Avg: 0.0664 || NDCG@10 Avg: 0.0238 || NDCG@20 Avg: 0.0296
[Wall TIME] >>> Coach.valid takes 20.667439 seconds ...
[Coach] >>> TRAIN @Epoch: 451 >>>  || LOSS Avg: 0.04030
[Wall TIME] >>> Coach.train takes 80.101448 seconds ...
[Coach] >>> TRAIN @Epoch: 452 >>>  || LOSS Avg: 0.04034
[Wall TIME] >>> Coach.train takes 80.255904 seconds ...
[Coach] >>> TRAIN @Epoch: 453 >>>  || LOSS Avg: 0.04041
[Wall TIME] >>> Coach.train takes 79.621707 seconds ...
[Coach] >>> TRAIN @Epoch: 454 >>>  || LOSS Avg: 0.04033
[Wall TIME] >>> Coach.train takes 79.797256 seconds ...
[Coach] >>> TRAIN @Epoch: 455 >>>  || LOSS Avg: 0.04023
[Wall TIME] >>> Coach.train takes 79.346568 seconds ...
[Coach] >>> VALID @Epoch: 455 >>>  || RECALL@1 Avg: 0.0088 || RECALL@10 Avg: 0.0436 || RECALL@20 Avg: 0.0665 || NDCG@10 Avg: 0.0237 || NDCG@20 Avg: 0.0296
[Wall TIME] >>> Coach.valid takes 20.338741 seconds ...
[Coach] >>> TRAIN @Epoch: 456 >>>  || LOSS Avg: 0.04034
[Wall TIME] >>> Coach.train takes 80.540487 seconds ...
[Coach] >>> TRAIN @Epoch: 457 >>>  || LOSS Avg: 0.04008
[Wall TIME] >>> Coach.train takes 80.348397 seconds ...
[Coach] >>> TRAIN @Epoch: 458 >>>  || LOSS Avg: 0.04027
[Wall TIME] >>> Coach.train takes 80.222712 seconds ...

[Epoch 382 Telemetry] BPR: 0.0402 | LHC: 7.3018 (lambda=0.000100) | Align: 7.4612 | Unif: -13.8047
[Epoch 383 Telemetry] BPR: 0.0402 | LHC: 7.3017 (lambda=0.000100) | Align: 7.4601 | Unif: -13.8069
[Epoch 384 Telemetry] BPR: 0.0401 | LHC: 7.3015 (lambda=0.000100) | Align: 7.4595 | Unif: -13.8067
[Epoch 385 Telemetry] BPR: 0.0401 | LHC: 7.3011 (lambda=0.000100) | Align: 7.4603 | Unif: -13.8206
[Epoch 386 Telemetry] BPR: 0.0402 | LHC: 7.3013 (lambda=0.000100) | Align: 7.4613 | Unif: -13.8121
[Epoch 387 Telemetry] BPR: 0.0402 | LHC: 7.3012 (lambda=0.000100) | Align: 7.4619 | Unif: -13.8214
[Epoch 388 Telemetry] BPR: 0.0401 | LHC: 7.3014 (lambda=0.000100) | Align: 7.4606 | Unif: -13.8281
[Epoch 389 Telemetry] BPR: 0.0400 | LHC: 7.3014 (lambda=0.000100) | Align: 7.4615 | Unif: -13.8216
[Gradient Diagnostics @ Epoch 390] rho_grad(BPR, LHC) = +0.1733 | Status: OK
[Epoch 390 Telemetry] BPR: 0.0400 | LHC: 7.3012 (lambda=0.000100) | Align: 7.4612 | Unif: -13.8216
[Epoch 391 Telemetry] BPR: 0.0401 | LHC: 7.3014 (lambda=0.000100) | Align: 7.4611 | Unif: -13.8276
[Epoch 392 Telemetry] BPR: 0.0399 | LHC: 7.3011 (lambda=0.000100) | Align: 7.4624 | Unif: -13.8311
[Epoch 393 Telemetry] BPR: 0.0402 | LHC: 7.3008 (lambda=0.000100) | Align: 7.4627 | Unif: -13.8383
[Epoch 394 Telemetry] BPR: 0.0401 | LHC: 7.3010 (lambda=0.000100) | Align: 7.4629 | Unif: -13.8360
[Epoch 395 Telemetry] BPR: 0.0401 | LHC: 7.3011 (lambda=0.000100) | Align: 7.4643 | Unif: -13.8379
[Epoch 396 Telemetry] BPR: 0.0401 | LHC: 7.3010 (lambda=0.000100) | Align: 7.4663 | Unif: -13.8312
[Epoch 397 Telemetry] BPR: 0.0401 | LHC: 7.3011 (lambda=0.000100) | Align: 7.4660 | Unif: -13.8307
[Epoch 398 Telemetry] BPR: 0.0400 | LHC: 7.3005 (lambda=0.000100) | Align: 7.4643 | Unif: -13.8374
[Epoch 399 Telemetry] BPR: 0.0401 | LHC: 7.3009 (lambda=0.000100) | Align: 7.4650 | Unif: -13.8339
[Gradient Diagnostics @ Epoch 400] rho_grad(BPR, LHC) = +0.1823 | Status: OK
[Epoch 400 Telemetry] BPR: 0.0400 | LHC: 7.3005 (lambda=0.000100) | Align: 7.4654 | Unif: -13.8358
[Epoch 401 Telemetry] BPR: 0.0399 | LHC: 7.3006 (lambda=0.000100) | Align: 7.4651 | Unif: -13.8323
[Epoch 402 Telemetry] BPR: 0.0399 | LHC: 7.3002 (lambda=0.000100) | Align: 7.4645 | Unif: -13.8321
[Epoch 403 Telemetry] BPR: 0.0400 | LHC: 7.3002 (lambda=0.000100) | Align: 7.4653 | Unif: -13.8173
[Epoch 404 Telemetry] BPR: 0.0399 | LHC: 7.3004 (lambda=0.000100) | Align: 7.4655 | Unif: -13.8251
[Epoch 405 Telemetry] BPR: 0.0400 | LHC: 7.3002 (lambda=0.000100) | Align: 7.4665 | Unif: -13.8285
[Epoch 406 Telemetry] BPR: 0.0398 | LHC: 7.3003 (lambda=0.000100) | Align: 7.4677 | Unif: -13.8299
[Epoch 407 Telemetry] BPR: 0.0399 | LHC: 7.3001 (lambda=0.000100) | Align: 7.4676 | Unif: -13.8327
[Epoch 408 Telemetry] BPR: 0.0399 | LHC: 7.3000 (lambda=0.000100) | Align: 7.4669 | Unif: -13.8292
[Epoch 409 Telemetry] BPR: 0.0400 | LHC: 7.2999 (lambda=0.000100) | Align: 7.4678 | Unif: -13.8284
[Gradient Diagnostics @ Epoch 410] rho_grad(BPR, LHC) = +0.1789 | Status: OK
[Epoch 410 Telemetry] BPR: 0.0399 | LHC: 7.2999 (lambda=0.000100) | Align: 7.4666 | Unif: -13.8266
[Epoch 411 Telemetry] BPR: 0.0399 | LHC: 7.2999 (lambda=0.000100) | Align: 7.4675 | Unif: -13.8281
[Epoch 412 Telemetry] BPR: 0.0399 | LHC: 7.2997 (lambda=0.000100) | Align: 7.4684 | Unif: -13.8312
[Epoch 413 Telemetry] BPR: 0.0398 | LHC: 7.2997 (lambda=0.000100) | Align: 7.4690 | Unif: -13.8363
[Epoch 414 Telemetry] BPR: 0.0398 | LHC: 7.2995 (lambda=0.000100) | Align: 7.4669 | Unif: -13.8359
[Epoch 415 Telemetry] BPR: 0.0398 | LHC: 7.3000 (lambda=0.000100) | Align: 7.4700 | Unif: -13.8414
[Epoch 416 Telemetry] BPR: 0.0398 | LHC: 7.2994 (lambda=0.000100) | Align: 7.4688 | Unif: -13.8421
[Epoch 417 Telemetry] BPR: 0.0398 | LHC: 7.2999 (lambda=0.000100) | Align: 7.4689 | Unif: -13.8510
[Epoch 418 Telemetry] BPR: 0.0399 | LHC: 7.2996 (lambda=0.000100) | Align: 7.4681 | Unif: -13.8516
[Epoch 419 Telemetry] BPR: 0.0398 | LHC: 7.2993 (lambda=0.000100) | Align: 7.4706 | Unif: -13.8490
[Gradient Diagnostics @ Epoch 420] rho_grad(BPR, LHC) = +0.1884 | Status: OK
[Epoch 420 Telemetry] BPR: 0.0399 | LHC: 7.2994 (lambda=0.000100) | Align: 7.4707 | Unif: -13.8552
[Epoch 421 Telemetry] BPR: 0.0398 | LHC: 7.2996 (lambda=0.000100) | Align: 7.4694 | Unif: -13.8557
[Epoch 422 Telemetry] BPR: 0.0397 | LHC: 7.2994 (lambda=0.000100) | Align: 7.4689 | Unif: -13.8623
[Epoch 423 Telemetry] BPR: 0.0397 | LHC: 7.2989 (lambda=0.000100) | Align: 7.4682 | Unif: -13.8558
[Epoch 424 Telemetry] BPR: 0.0397 | LHC: 7.2994 (lambda=0.000100) | Align: 7.4697 | Unif: -13.8572
[Epoch 425 Telemetry] BPR: 0.0397 | LHC: 7.2991 (lambda=0.000100) | Align: 7.4698 | Unif: -13.8573
[Epoch 426 Telemetry] BPR: 0.0397 | LHC: 7.2991 (lambda=0.000100) | Align: 7.4707 | Unif: -13.8504
[Epoch 427 Telemetry] BPR: 0.0398 | LHC: 7.2991 (lambda=0.000100) | Align: 7.4701 | Unif: -13.8625
[Epoch 428 Telemetry] BPR: 0.0399 | LHC: 7.2993 (lambda=0.000100) | Align: 7.4725 | Unif: -13.8607
[Epoch 429 Telemetry] BPR: 0.0398 | LHC: 7.2989 (lambda=0.000100) | Align: 7.4712 | Unif: -13.8534
[Gradient Diagnostics @ Epoch 430] rho_grad(BPR, LHC) = +0.1809 | Status: OK
[Epoch 430 Telemetry] BPR: 0.0397 | LHC: 7.2990 (lambda=0.000100) | Align: 7.4707 | Unif: -13.8582
[Epoch 431 Telemetry] BPR: 0.0397 | LHC: 7.2991 (lambda=0.000100) | Align: 7.4718 | Unif: -13.8596
[Epoch 432 Telemetry] BPR: 0.0398 | LHC: 7.2994 (lambda=0.000100) | Align: 7.4711 | Unif: -13.8599
[Epoch 433 Telemetry] BPR: 0.0397 | LHC: 7.2993 (lambda=0.000100) | Align: 7.4719 | Unif: -13.8597
[Epoch 434 Telemetry] BPR: 0.0397 | LHC: 7.2992 (lambda=0.000100) | Align: 7.4734 | Unif: -13.8524
[Epoch 435 Telemetry] BPR: 0.0399 | LHC: 7.2990 (lambda=0.000100) | Align: 7.4747 | Unif: -13.8641
[Epoch 436 Telemetry] BPR: 0.0398 | LHC: 7.2993 (lambda=0.000100) | Align: 7.4731 | Unif: -13.8589
[Epoch 437 Telemetry] BPR: 0.0397 | LHC: 7.2988 (lambda=0.000100) | Align: 7.4739 | Unif: -13.8625
[Epoch 438 Telemetry] BPR: 0.0395 | LHC: 7.2991 (lambda=0.000100) | Align: 7.4729 | Unif: -13.8634
[Epoch 439 Telemetry] BPR: 0.0397 | LHC: 7.2989 (lambda=0.000100) | Align: 7.4739 | Unif: -13.8567
[Gradient Diagnostics @ Epoch 440] rho_grad(BPR, LHC) = +0.1850 | Status: OK
[Epoch 440 Telemetry] BPR: 0.0396 | LHC: 7.2992 (lambda=0.000100) | Align: 7.4745 | Unif: -13.8550
[Epoch 441 Telemetry] BPR: 0.0397 | LHC: 7.2986 (lambda=0.000100) | Align: 7.4749 | Unif: -13.8583
[Epoch 442 Telemetry] BPR: 0.0396 | LHC: 7.2985 (lambda=0.000100) | Align: 7.4736 | Unif: -13.8507
[Epoch 443 Telemetry] BPR: 0.0397 | LHC: 7.2986 (lambda=0.000100) | Align: 7.4736 | Unif: -13.8464
[Epoch 444 Telemetry] BPR: 0.0396 | LHC: 7.2986 (lambda=0.000100) | Align: 7.4737 | Unif: -13.8470
[Epoch 445 Telemetry] BPR: 0.0397 | LHC: 7.2984 (lambda=0.000100) | Align: 7.4743 | Unif: -13.8449
[Epoch 446 Telemetry] BPR: 0.0397 | LHC: 7.2981 (lambda=0.000100) | Align: 7.4739 | Unif: -13.8417
[Epoch 447 Telemetry] BPR: 0.0396 | LHC: 7.2985 (lambda=0.000100) | Align: 7.4740 | Unif: -13.8486
[Epoch 448 Telemetry] BPR: 0.0396 | LHC: 7.2981 (lambda=0.000100) | Align: 7.4753 | Unif: -13.8491
[Epoch 449 Telemetry] BPR: 0.0394 | LHC: 7.2985 (lambda=0.000100) | Align: 7.4752 | Unif: -13.8517
[Gradient Diagnostics @ Epoch 450] rho_grad(BPR, LHC) = +0.1845 | Status: OK
[Epoch 450 Telemetry] BPR: 0.0396 | LHC: 7.2984 (lambda=0.000100) | Align: 7.4734 | Unif: -13.8527
[Epoch 451 Telemetry] BPR: 0.0396 | LHC: 7.2981 (lambda=0.000100) | Align: 7.4732 | Unif: -13.8565
[Epoch 452 Telemetry] BPR: 0.0396 | LHC: 7.2985 (lambda=0.000100) | Align: 7.4744 | Unif: -13.8572
[Epoch 453 Telemetry] BPR: 0.0397 | LHC: 7.2984 (lambda=0.000100) | Align: 7.4757 | Unif: -13.8669
[Epoch 454 Telemetry] BPR: 0.0396 | LHC: 7.2987 (lambda=0.000100) | Align: 7.4753 | Unif: -13.8621
[Epoch 455 Telemetry] BPR: 0.0395 | LHC: 7.2978 (lambda=0.000100) | Align: 7.4754 | Unif: -13.8717
[Epoch 456 Telemetry] BPR: 0.0396 | LHC: 7.2983 (lambda=0.000100) | Align: 7.4766 | Unif: -13.8736
[Epoch 457 Telemetry] BPR: 0.0393 | LHC: 7.2980 (lambda=0.000100) | Align: 7.4776 | Unif: -13.8709
[Epoch 458 Telemetry] BPR: 0.0395 | LHC: 7.2984 (lambda=0.000100) | Align: 7.4774 | Unif: -13.8669
[Epoch 459 Telemetry] BPR: 0.0395 | LHC: 7.2982 (lambda=0.000100) | Align: 7.4799 | Unif: -13.8675[Coach] >>> TRAIN @Epoch: 459 >>>  || LOSS Avg: 0.04023
[Wall TIME] >>> Coach.train takes 79.461836 seconds ...
[Coach] >>> TRAIN @Epoch: 460 >>>  || LOSS Avg: 0.04034
[Wall TIME] >>> Coach.train takes 79.534664 seconds ...
[Coach] >>> VALID @Epoch: 460 >>>  || RECALL@1 Avg: 0.0088 || RECALL@10 Avg: 0.0437 || RECALL@20 Avg: 0.0665 || NDCG@10 Avg: 0.0237 || NDCG@20 Avg: 0.0296
[Wall TIME] >>> Coach.valid takes 20.249298 seconds ...
[Coach] >>> TRAIN @Epoch: 461 >>>  || LOSS Avg: 0.04014
[Wall TIME] >>> Coach.train takes 78.937036 seconds ...
[Coach] >>> TRAIN @Epoch: 462 >>>  || LOSS Avg: 0.04017
[Wall TIME] >>> Coach.train takes 80.497688 seconds ...
[Coach] >>> TRAIN @Epoch: 463 >>>  || LOSS Avg: 0.04015
[Wall TIME] >>> Coach.train takes 79.099512 seconds ...
[Coach] >>> TRAIN @Epoch: 464 >>>  || LOSS Avg: 0.04031
[Wall TIME] >>> Coach.train takes 78.653899 seconds ...
[Coach] >>> TRAIN @Epoch: 465 >>>  || LOSS Avg: 0.04023
[Wall TIME] >>> Coach.train takes 78.807073 seconds ...
[Coach] >>> VALID @Epoch: 465 >>>  || RECALL@1 Avg: 0.0088 || RECALL@10 Avg: 0.0437 || RECALL@20 Avg: 0.0665 || NDCG@10 Avg: 0.0238 || NDCG@20 Avg: 0.0296
[Wall TIME] >>> Coach.valid takes 20.257346 seconds ...
[Coach] >>> TRAIN @Epoch: 466 >>>  || LOSS Avg: 0.04020
[Wall TIME] >>> Coach.train takes 79.130563 seconds ...
[Coach] >>> TRAIN @Epoch: 467 >>>  || LOSS Avg: 0.04041
[Wall TIME] >>> Coach.train takes 79.073977 seconds ...
[Coach] >>> TRAIN @Epoch: 468 >>>  || LOSS Avg: 0.04027
[Wall TIME] >>> Coach.train takes 79.235792 seconds ...
[Coach] >>> TRAIN @Epoch: 469 >>>  || LOSS Avg: 0.04020
[Wall TIME] >>> Coach.train takes 79.263251 seconds ...
[Coach] >>> TRAIN @Epoch: 470 >>>  || LOSS Avg: 0.04010
[Wall TIME] >>> Coach.train takes 79.585083 seconds ...
[Coach] >>> VALID @Epoch: 470 >>>  || RECALL@1 Avg: 0.0088 || RECALL@10 Avg: 0.0436 || RECALL@20 Avg: 0.0665 || NDCG@10 Avg: 0.0237 || NDCG@20 Avg: 0.0296
[Wall TIME] >>> Coach.valid takes 20.312859 seconds ...
[Coach] >>> TRAIN @Epoch: 471 >>>  || LOSS Avg: 0.04026
[Wall TIME] >>> Coach.train takes 79.579162 seconds ...
[Coach] >>> TRAIN @Epoch: 472 >>>  || LOSS Avg: 0.04005
[Wall TIME] >>> Coach.train takes 80.288814 seconds ...
[Coach] >>> TRAIN @Epoch: 473 >>>  || LOSS Avg: 0.04016
[Wall TIME] >>> Coach.train takes 79.360798 seconds ...
[Coach] >>> TRAIN @Epoch: 474 >>>  || LOSS Avg: 0.04015
[Wall TIME] >>> Coach.train takes 79.229384 seconds ...
[Coach] >>> TRAIN @Epoch: 475 >>>  || LOSS Avg: 0.04023
[Wall TIME] >>> Coach.train takes 80.039634 seconds ...
[Coach] >>> VALID @Epoch: 475 >>>  || RECALL@1 Avg: 0.0089 || RECALL@10 Avg: 0.0433 || RECALL@20 Avg: 0.0663 || NDCG@10 Avg: 0.0237 || NDCG@20 Avg: 0.0296
[Wall TIME] >>> Coach.valid takes 20.288965 seconds ...
[Coach] >>> TRAIN @Epoch: 476 >>>  || LOSS Avg: 0.04030
[Wall TIME] >>> Coach.train takes 78.771575 seconds ...
[Coach] >>> TRAIN @Epoch: 477 >>>  || LOSS Avg: 0.03999
[Wall TIME] >>> Coach.train takes 78.379862 seconds ...
[Coach] >>> TRAIN @Epoch: 478 >>>  || LOSS Avg: 0.04007
[Wall TIME] >>> Coach.train takes 78.015456 seconds ...
[Coach] >>> TRAIN @Epoch: 479 >>>  || LOSS Avg: 0.04010
[Wall TIME] >>> Coach.train takes 77.772015 seconds ...
[Coach] >>> TRAIN @Epoch: 480 >>>  || LOSS Avg: 0.04025
[Wall TIME] >>> Coach.train takes 77.755137 seconds ...
[Coach] >>> Better ***NDCG@20*** of ***0.0296*** 
[Coach] >>> VALID @Epoch: 480 >>>  || RECALL@1 Avg: 0.0089 || RECALL@10 Avg: 0.0436 || RECALL@20 Avg: 0.0664 || NDCG@10 Avg: 0.0238 || NDCG@20 Avg: 0.0296
[Wall TIME] >>> Coach.valid takes 20.309202 seconds ...
[Coach] >>> TRAIN @Epoch: 481 >>>  || LOSS Avg: 0.04026
[Wall TIME] >>> Coach.train takes 77.604096 seconds ...
[Coach] >>> TRAIN @Epoch: 482 >>>  || LOSS Avg: 0.04003
[Wall TIME] >>> Coach.train takes 78.075501 seconds ...
[Coach] >>> TRAIN @Epoch: 483 >>>  || LOSS Avg: 0.04008
[Wall TIME] >>> Coach.train takes 77.570599 seconds ...
[Coach] >>> TRAIN @Epoch: 484 >>>  || LOSS Avg: 0.04025
[Wall TIME] >>> Coach.train takes 77.656262 seconds ...
[Coach] >>> TRAIN @Epoch: 485 >>>  || LOSS Avg: 0.03993
[Wall TIME] >>> Coach.train takes 77.733968 seconds ...
[Coach] >>> Better ***NDCG@20*** of ***0.0297*** 
[Coach] >>> VALID @Epoch: 485 >>>  || RECALL@1 Avg: 0.0088 || RECALL@10 Avg: 0.0437 || RECALL@20 Avg: 0.0667 || NDCG@10 Avg: 0.0238 || NDCG@20 Avg: 0.0297
[Wall TIME] >>> Coach.valid takes 20.333034 seconds ...
[Coach] >>> TRAIN @Epoch: 486 >>>  || LOSS Avg: 0.04016
[Wall TIME] >>> Coach.train takes 77.595153 seconds ...
[Coach] >>> TRAIN @Epoch: 487 >>>  || LOSS Avg: 0.04009
[Wall TIME] >>> Coach.train takes 77.510237 seconds ...
[Coach] >>> TRAIN @Epoch: 488 >>>  || LOSS Avg: 0.04020
[Wall TIME] >>> Coach.train takes 77.372889 seconds ...
[Coach] >>> TRAIN @Epoch: 489 >>>  || LOSS Avg: 0.04024
[Wall TIME] >>> Coach.train takes 77.382568 seconds ...
[Coach] >>> TRAIN @Epoch: 490 >>>  || LOSS Avg: 0.04014
[Wall TIME] >>> Coach.train takes 77.577594 seconds ...
[Coach] >>> VALID @Epoch: 490 >>>  || RECALL@1 Avg: 0.0087 || RECALL@10 Avg: 0.0436 || RECALL@20 Avg: 0.0666 || NDCG@10 Avg: 0.0238 || NDCG@20 Avg: 0.0296
[Wall TIME] >>> Coach.valid takes 20.027516 seconds ...
[Coach] >>> TRAIN @Epoch: 491 >>>  || LOSS Avg: 0.04021
[Wall TIME] >>> Coach.train takes 77.407205 seconds ...
[Coach] >>> TRAIN @Epoch: 492 >>>  || LOSS Avg: 0.04001
[Wall TIME] >>> Coach.train takes 77.999707 seconds ...
[Coach] >>> TRAIN @Epoch: 493 >>>  || LOSS Avg: 0.04004
[Wall TIME] >>> Coach.train takes 77.333265 seconds ...
[Coach] >>> TRAIN @Epoch: 494 >>>  || LOSS Avg: 0.04003
[Wall TIME] >>> Coach.train takes 77.182309 seconds ...
[Coach] >>> TRAIN @Epoch: 495 >>>  || LOSS Avg: 0.04006
[Wall TIME] >>> Coach.train takes 77.224957 seconds ...
[Coach] >>> VALID @Epoch: 495 >>>  || RECALL@1 Avg: 0.0087 || RECALL@10 Avg: 0.0438 || RECALL@20 Avg: 0.0665 || NDCG@10 Avg: 0.0238 || NDCG@20 Avg: 0.0296
[Wall TIME] >>> Coach.valid takes 20.064229 seconds ...
[Coach] >>> TRAIN @Epoch: 496 >>>  || LOSS Avg: 0.04013
[Wall TIME] >>> Coach.train takes 77.409327 seconds ...
[Coach] >>> TRAIN @Epoch: 497 >>>  || LOSS Avg: 0.03992
[Wall TIME] >>> Coach.train takes 77.342893 seconds ...
[Coach] >>> TRAIN @Epoch: 498 >>>  || LOSS Avg: 0.03993
[Wall TIME] >>> Coach.train takes 78.237394 seconds ...
[Coach] >>> TRAIN @Epoch: 499 >>>  || LOSS Avg: 0.04002
[Wall TIME] >>> Coach.train takes 79.709883 seconds ...
[Coach] >>> TRAIN @Epoch: 500 >>>  || LOSS Avg: 0.04009
[Wall TIME] >>> Coach.train takes 80.130174 seconds ...
[Coach] >>> VALID @Epoch: 500 >>>  || RECALL@1 Avg: 0.0086 || RECALL@10 Avg: 0.0439 || RECALL@20 Avg: 0.0664 || NDCG@10 Avg: 0.0237 || NDCG@20 Avg: 0.0295
[Wall TIME] >>> Coach.valid takes 20.331749 seconds ...
[Coach] >>> TEST  @Epoch: 500 >>>  || RECALL@1 Avg: 0.0090 || RECALL@10 Avg: 0.0436 || RECALL@20 Avg: 0.0663 || NDCG@10 Avg: 0.0241 || NDCG@20 Avg: 0.0300
[Wall TIME] >>> Coach.test takes 20.377066 seconds ...
     Mode     Metric      Best  @Step
0   train       LOSS  0.039920    496
1   valid   RECALL@1  0.008972    410
2   valid  RECALL@10  0.043893    500
3   valid  RECALL@20  0.066661    485
4   valid    NDCG@10  0.023817    480
5   valid    NDCG@20  0.029653    485
6    test   RECALL@1  0.009010      0
7    test  RECALL@10  0.043626      0
8    test  RECALL@20  0.066335      0
9    test    NDCG@10  0.024146      0
10   test    NDCG@20  0.030005      0
[LoG_PaTH] >>> ./logs/STAIR-LHC-v1/Amazon2014Electronics_550_MMRec/1001043413
[Wall TIME] >>> Coach.summary takes 2.639083 seconds ...
[Coach] >>> Load best model @Epoch: 485 (-1) 
[Coach] >>> VALID @Epoch: 485 >>>  || RECALL@1 Avg: 0.0088 || RECALL@10 Avg: 0.0437 || RECALL@20 Avg: 0.0667 || NDCG@10 Avg: 0.0238 || NDCG@20 Avg: 0.0297
[Wall TIME] >>> Coach.valid takes 20.421724 seconds ...
[Coach] >>> TEST  @Epoch: 485 >>>  || RECALL@1 Avg: 0.0089 || RECALL@10 Avg: 0.0435 || RECALL@20 Avg: 0.0666 || NDCG@10 Avg: 0.0241 || NDCG@20 Avg: 0.0301
[Wall TIME] >>> Coach.test takes 20.460273 seconds ...
[Wall TIME] >>> Coach.fit takes 41000.320359 seconds ...

[Gradient Diagnostics @ Epoch 460] rho_grad(BPR, LHC) = +0.1718 | Status: OK
[Epoch 460 Telemetry] BPR: 0.0396 | LHC: 7.2981 (lambda=0.000100) | Align: 7.4778 | Unif: -13.8670
[Epoch 461 Telemetry] BPR: 0.0394 | LHC: 7.2979 (lambda=0.000100) | Align: 7.4778 | Unif: -13.8677
[Epoch 462 Telemetry] BPR: 0.0394 | LHC: 7.2978 (lambda=0.000100) | Align: 7.4769 | Unif: -13.8720
[Epoch 463 Telemetry] BPR: 0.0394 | LHC: 7.2980 (lambda=0.000100) | Align: 7.4750 | Unif: -13.8661
[Epoch 464 Telemetry] BPR: 0.0396 | LHC: 7.2976 (lambda=0.000100) | Align: 7.4769 | Unif: -13.8695
[Epoch 465 Telemetry] BPR: 0.0395 | LHC: 7.2978 (lambda=0.000100) | Align: 7.4773 | Unif: -13.8608
[Epoch 466 Telemetry] BPR: 0.0395 | LHC: 7.2975 (lambda=0.000100) | Align: 7.4775 | Unif: -13.8580
[Epoch 467 Telemetry] BPR: 0.0397 | LHC: 7.2974 (lambda=0.000100) | Align: 7.4788 | Unif: -13.8658
[Epoch 468 Telemetry] BPR: 0.0395 | LHC: 7.2974 (lambda=0.000100) | Align: 7.4785 | Unif: -13.8607
[Epoch 469 Telemetry] BPR: 0.0395 | LHC: 7.2976 (lambda=0.000100) | Align: 7.4795 | Unif: -13.8619
[Gradient Diagnostics @ Epoch 470] rho_grad(BPR, LHC) = +0.1866 | Status: OK
[Epoch 470 Telemetry] BPR: 0.0394 | LHC: 7.2975 (lambda=0.000100) | Align: 7.4780 | Unif: -13.8513
[Epoch 471 Telemetry] BPR: 0.0395 | LHC: 7.2974 (lambda=0.000100) | Align: 7.4792 | Unif: -13.8551
[Epoch 472 Telemetry] BPR: 0.0393 | LHC: 7.2975 (lambda=0.000100) | Align: 7.4784 | Unif: -13.8574
[Epoch 473 Telemetry] BPR: 0.0394 | LHC: 7.2975 (lambda=0.000100) | Align: 7.4776 | Unif: -13.8545
[Epoch 474 Telemetry] BPR: 0.0394 | LHC: 7.2974 (lambda=0.000100) | Align: 7.4783 | Unif: -13.8492
[Epoch 475 Telemetry] BPR: 0.0395 | LHC: 7.2973 (lambda=0.000100) | Align: 7.4787 | Unif: -13.8462
[Epoch 476 Telemetry] BPR: 0.0396 | LHC: 7.2971 (lambda=0.000100) | Align: 7.4792 | Unif: -13.8485
[Epoch 477 Telemetry] BPR: 0.0393 | LHC: 7.2971 (lambda=0.000100) | Align: 7.4790 | Unif: -13.8444
[Epoch 478 Telemetry] BPR: 0.0393 | LHC: 7.2970 (lambda=0.000100) | Align: 7.4786 | Unif: -13.8467
[Epoch 479 Telemetry] BPR: 0.0394 | LHC: 7.2971 (lambda=0.000100) | Align: 7.4796 | Unif: -13.8546
[Gradient Diagnostics @ Epoch 480] rho_grad(BPR, LHC) = +0.1839 | Status: OK
[Epoch 480 Telemetry] BPR: 0.0395 | LHC: 7.2969 (lambda=0.000100) | Align: 7.4797 | Unif: -13.8606
[Epoch 481 Telemetry] BPR: 0.0395 | LHC: 7.2974 (lambda=0.000100) | Align: 7.4804 | Unif: -13.8633
[Epoch 482 Telemetry] BPR: 0.0393 | LHC: 7.2966 (lambda=0.000100) | Align: 7.4792 | Unif: -13.8631
[Epoch 483 Telemetry] BPR: 0.0394 | LHC: 7.2970 (lambda=0.000100) | Align: 7.4785 | Unif: -13.8586
[Epoch 484 Telemetry] BPR: 0.0395 | LHC: 7.2969 (lambda=0.000100) | Align: 7.4792 | Unif: -13.8620
[Epoch 485 Telemetry] BPR: 0.0392 | LHC: 7.2973 (lambda=0.000100) | Align: 7.4809 | Unif: -13.8658
[Epoch 486 Telemetry] BPR: 0.0394 | LHC: 7.2969 (lambda=0.000100) | Align: 7.4800 | Unif: -13.8670
[Epoch 487 Telemetry] BPR: 0.0394 | LHC: 7.2966 (lambda=0.000100) | Align: 7.4804 | Unif: -13.8755
[Epoch 488 Telemetry] BPR: 0.0395 | LHC: 7.2966 (lambda=0.000100) | Align: 7.4810 | Unif: -13.8772
[Epoch 489 Telemetry] BPR: 0.0395 | LHC: 7.2965 (lambda=0.000100) | Align: 7.4818 | Unif: -13.8746
[Gradient Diagnostics @ Epoch 490] rho_grad(BPR, LHC) = +0.1720 | Status: OK
[Epoch 490 Telemetry] BPR: 0.0394 | LHC: 7.2969 (lambda=0.000100) | Align: 7.4829 | Unif: -13.8810
[Epoch 491 Telemetry] BPR: 0.0395 | LHC: 7.2966 (lambda=0.000100) | Align: 7.4818 | Unif: -13.8807
[Epoch 492 Telemetry] BPR: 0.0393 | LHC: 7.2967 (lambda=0.000100) | Align: 7.4836 | Unif: -13.8769
[Epoch 493 Telemetry] BPR: 0.0393 | LHC: 7.2968 (lambda=0.000100) | Align: 7.4810 | Unif: -13.8706
[Epoch 494 Telemetry] BPR: 0.0393 | LHC: 7.2966 (lambda=0.000100) | Align: 7.4824 | Unif: -13.8662
[Epoch 495 Telemetry] BPR: 0.0393 | LHC: 7.2969 (lambda=0.000100) | Align: 7.4806 | Unif: -13.8790
[Epoch 496 Telemetry] BPR: 0.0394 | LHC: 7.2964 (lambda=0.000100) | Align: 7.4808 | Unif: -13.8749
[Epoch 497 Telemetry] BPR: 0.0392 | LHC: 7.2967 (lambda=0.000100) | Align: 7.4809 | Unif: -13.8754
[Epoch 498 Telemetry] BPR: 0.0392 | LHC: 7.2961 (lambda=0.000100) | Align: 7.4805 | Unif: -13.8784
[Epoch 499 Telemetry] BPR: 0.0393 | LHC: 7.2966 (lambda=0.000100) | Align: 7.4805 | Unif: -13.8814
[Gradient Diagnostics @ Epoch 500] rho_grad(BPR, LHC) = +0.1693 | Status: OK
[Epoch 500 Telemetry] BPR: 0.0394 | LHC: 7.2960 (lambda=0.000100) | Align: 7.4786 | Unif: -13.8781
