[Benchmark] >>> cudnn.benchmark == False | cudnn.deterministic == True
[Seed] >>> Set seed: 1
[PARSER] >>>
[SAVED_FILENAME: model.pt] 
[BEST_FILENAME: best.pt] 
[CHECKPOINT_FREQ: 10] 
[CHECKPOINT_MODULES: ['model', 'optimizer', 'lr_scheduler']] 
[CHECKPOINT_FILENAME: checkpoint.tar] 
[SUMMARY_FILENAME: SUMMARY.md] 
[MONITOR_FILENAME: monitors.pkl] 
[MONITOR_BEST_FILENAME: best.pkl] 
[CONFIG_FILENAME: config.json] 
[RESULTS_FILENAME: results.json] 
[monitors: ['LOSS', 'Recall@1', 'Recall@10', 'Recall@20', 'NDCG@10', 'NDCG@20']] 
[which4best: NDCG@20] 
[config: /kaggle/working/STAIR-Enhanced/configs/Amazon2014Sports_STAIR5_v1.yaml] 
[id: 0930090605] 
[description: STAIR-LHC-v1] 
[root: /kaggle/data] 
[dataset: Amazon2014Sports_550_MMRec] 
[tasktag: None] 
[ranking: full] 
[retain_seen: False] 
[device: cuda:0] 
[ddp_backend: nccl] 
[num_workers: 4] 
[optimizer: adamwsevo] 
[optim_first_moment_decay: 0.9] 
[optim_second_moment_decay: 0.999] 
[weight_decay: 0.1] 
[lr: 0.001] 
[batch_size: 1024] 
[gradient_accumulation_steps: 1] 
[epochs: 500] 
[eval_valid: True] 
[eval_test: False] 
[eval_freq: 5] 
[early_stop_patience: 1e+23] 
[seed: 1] 
[benchmark: False] 
[resume: False] 
[log2file: True] 
[log2console: True] 
[embedding_dim: 64] 
[num_layers: 3] 
[mfiles: textual_modality.pkl,visual_modality.pkl] 
[num_neighbors: 5-1] 
[gamma: 0.2] 
[beta1: 0.9] 
[beta2: 0.999] 
[momentum: 0.9] 
[nesterov: False] 
[lhc_arm: H0] 
[lambda_lhc: 0.0003] 
[lhc_tau: 0.3] 
[lhc_kappa: 1.0] 
[radius_cap: 2.0] 
[w_hybrid: 0.0] 
[eps_taylor: 0.0001] 
[eps_floor: 0.01] 
[eps_beta: 0.05] 
[warmup_start: 20] 
[warmup_end: 50] 
[grad_diag_every: 10] 
[grad_cosine_thresh: -0.1] 
[DATA_DIR: data] 
[SUMMARY_DIR: summary] 
[CHECKPOINT_PATH: ./infos/STAIR-LHC-v1/Amazon2014Sports_550_MMRec/0] 
[LOG_PATH: ./logs/STAIR-LHC-v1/Amazon2014Sports_550_MMRec/0930090605] 

[Wall TIME] >>> Parser.compile takes 0.218635 seconds ...
[DataSet] >>> Fitting fields over `train` set ...
[DataSet] >>> Fitting fields over `valid` set ...
[DataSet] >>> Fitting fields over `test` set ...
[DataSet] >>> Normalizing fields over `train` set ...
[DataSet] >>> Normalizing fields over `valid` set ...
[DataSet] >>> Normalizing fields over `test` set ...
[Amazon2014Sports_550_MMRec] >>> USER:35598:ID,USER | ITEM:18357:ID,ITEM | TIMESTAMP:2941:TIMESTAMP
+--------+--------+---------------+--------+--------+-------+------------------------+
| #Users | #Items | #Interactions | #Train | #Valid | #Test |        Density         |
+--------+--------+---------------+--------+--------+-------+------------------------+
| 35598  | 18357  |     296337    | 218409 | 37899  | 40029 | 0.00045348045456958995 |
+--------+--------+---------------+--------+--------+-------+------------------------+
[Wall TIME] >>> BaseSet.compile takes 0.602039 seconds ...
[Wall TIME] >>> RecDataSet.to_heterograph takes 0.081935 seconds ...
[Wall TIME] >>> RecDataSet.to_heterograph takes 0.074346 seconds ...
[Wall TIME] >>> GenTrainNegativeSampler.prepare takes 0.767231 seconds ...
[Wall TIME] >>> ValidSampler.prepare takes 1.185758 seconds ...
[Wall TIME] >>> TestSampler.prepare takes 0.946422 seconds ...
[Coach] >>> Set best meter: NDCG@20 
[Coach] >>> Better ***NDCG@20*** of ***0.0223*** 
[Coach] >>> VALID @Epoch: 0 >>>  || RECALL@1 Avg: 0.0058 || RECALL@10 Avg: 0.0343 || RECALL@20 Avg: 0.0511 || NDCG@10 Avg: 0.0180 || NDCG@20 Avg: 0.0223
[Wall TIME] >>> Coach.valid takes 3.202132 seconds ...
[Coach] >>> TRAIN @Epoch: 1 >>>  || LOSS Avg: 0.60913
[Wall TIME] >>> Coach.train takes 4.985802 seconds ...
[Coach] >>> TRAIN @Epoch: 2 >>>  || LOSS Avg: 0.56633
[Wall TIME] >>> Coach.train takes 4.797583 seconds ...
[Coach] >>> TRAIN @Epoch: 3 >>>  || LOSS Avg: 0.51292
[Wall TIME] >>> Coach.train takes 5.158237 seconds ...
[Coach] >>> TRAIN @Epoch: 4 >>>  || LOSS Avg: 0.45712
[Wall TIME] >>> Coach.train takes 4.800674 seconds ...
[Coach] >>> TRAIN @Epoch: 5 >>>  || LOSS Avg: 0.40590
[Wall TIME] >>> Coach.train takes 5.133923 seconds ...
[Coach] >>> Better ***NDCG@20*** of ***0.0376*** 
[Coach] >>> VALID @Epoch: 5 >>>  || RECALL@1 Avg: 0.0104 || RECALL@10 Avg: 0.0563 || RECALL@20 Avg: 0.0869 || NDCG@10 Avg: 0.0298 || NDCG@20 Avg: 0.0376
[Wall TIME] >>> Coach.valid takes 1.452544 seconds ...
[Coach] >>> TRAIN @Epoch: 6 >>>  || LOSS Avg: 0.36184
[Wall TIME] >>> Coach.train takes 4.793061 seconds ...
[Coach] >>> TRAIN @Epoch: 7 >>>  || LOSS Avg: 0.32509
[Wall TIME] >>> Coach.train takes 4.779246 seconds ...
[Coach] >>> TRAIN @Epoch: 8 >>>  || LOSS Avg: 0.29495
[Wall TIME] >>> Coach.train takes 5.185726 seconds ...
[Coach] >>> TRAIN @Epoch: 9 >>>  || LOSS Avg: 0.26923
[Wall TIME] >>> Coach.train takes 4.878998 seconds ...
[Coach] >>> TRAIN @Epoch: 10 >>>  || LOSS Avg: 0.24778
[Wall TIME] >>> Coach.train takes 5.219446 seconds ...
[Coach] >>> Better ***NDCG@20*** of ***0.0383*** 
[Coach] >>> VALID @Epoch: 10 >>>  || RECALL@1 Avg: 0.0105 || RECALL@10 Avg: 0.0581 || RECALL@20 Avg: 0.0883 || NDCG@10 Avg: 0.0306 || NDCG@20 Avg: 0.0383
[Wall TIME] >>> Coach.valid takes 1.453893 seconds ...
[Coach] >>> TRAIN @Epoch: 11 >>>  || LOSS Avg: 0.22990
[Wall TIME] >>> Coach.train takes 4.789859 seconds ...
[Coach] >>> TRAIN @Epoch: 12 >>>  || LOSS Avg: 0.21402
[Wall TIME] >>> Coach.train takes 4.770385 seconds ...
[Coach] >>> TRAIN @Epoch: 13 >>>  || LOSS Avg: 0.20030
[Wall TIME] >>> Coach.train takes 5.167719 seconds ...
[Coach] >>> TRAIN @Epoch: 14 >>>  || LOSS Avg: 0.18856
[Wall TIME] >>> Coach.train takes 4.751794 seconds ...
[Coach] >>> TRAIN @Epoch: 15 >>>  || LOSS Avg: 0.17751
[Wall TIME] >>> Coach.train takes 4.807794 seconds ...
[Coach] >>> Better ***NDCG@20*** of ***0.0395*** 
[Coach] >>> VALID @Epoch: 15 >>>  || RECALL@1 Avg: 0.0110 || RECALL@10 Avg: 0.0595 || RECALL@20 Avg: 0.0908 || NDCG@10 Avg: 0.0315 || NDCG@20 Avg: 0.0395
[Wall TIME] >>> Coach.valid takes 1.446027 seconds ...
[Coach] >>> TRAIN @Epoch: 16 >>>  || LOSS Avg: 0.16828
[Wall TIME] >>> Coach.train takes 5.157062 seconds ...
[Coach] >>> TRAIN @Epoch: 17 >>>  || LOSS Avg: 0.16037
[Wall TIME] >>> Coach.train takes 4.803944 seconds ...
[Coach] >>> TRAIN @Epoch: 18 >>>  || LOSS Avg: 0.15254
[Wall TIME] >>> Coach.train takes 5.130342 seconds ...
[Coach] >>> TRAIN @Epoch: 19 >>>  || LOSS Avg: 0.14596
[Wall TIME] >>> Coach.train takes 4.775604 seconds ...
[Coach] >>> TRAIN @Epoch: 20 >>>  || LOSS Avg: 0.13904
[Wall TIME] >>> Coach.train takes 4.752367 seconds ...
[Coach] >>> Better ***NDCG@20*** of ***0.0406*** 
[Coach] >>> VALID @Epoch: 20 >>>  || RECALL@1 Avg: 0.0116 || RECALL@10 Avg: 0.0612 || RECALL@20 Avg: 0.0933 || NDCG@10 Avg: 0.0324 || NDCG@20 Avg: 0.0406
[Wall TIME] >>> Coach.valid takes 1.446575 seconds ...
[Coach] >>> TRAIN @Epoch: 21 >>>  || LOSS Avg: 0.13314
[Wall TIME] >>> Coach.train takes 30.805170 seconds ...
[Coach] >>> TRAIN @Epoch: 22 >>>  || LOSS Avg: 0.12803
[Wall TIME] >>> Coach.train takes 30.339388 seconds ...
[Coach] >>> TRAIN @Epoch: 23 >>>  || LOSS Avg: 0.12275
[Wall TIME] >>> Coach.train takes 30.616403 seconds ...
[Coach] >>> TRAIN @Epoch: 24 >>>  || LOSS Avg: 0.11817
[Wall TIME] >>> Coach.train takes 30.272903 seconds ...
[Coach] >>> TRAIN @Epoch: 25 >>>  || LOSS Avg: 0.11430
[Wall TIME] >>> Coach.train takes 30.224947 seconds ...
[Coach] >>> Better ***NDCG@20*** of ***0.0411*** 
[Coach] >>> VALID @Epoch: 25 >>>  || RECALL@1 Avg: 0.0114 || RECALL@10 Avg: 0.0618 || RECALL@20 Avg: 0.0946 || NDCG@10 Avg: 0.0328 || NDCG@20 Avg: 0.0411
[Wall TIME] >>> Coach.valid takes 1.534540 seconds ...
[Coach] >>> TRAIN @Epoch: 26 >>>  || LOSS Avg: 0.11051
[Wall TIME] >>> Coach.train takes 30.514938 seconds ...
[Coach] >>> TRAIN @Epoch: 27 >>>  || LOSS Avg: 0.10724
[Wall TIME] >>> Coach.train takes 30.295327 seconds ...
[Coach] >>> TRAIN @Epoch: 28 >>>  || LOSS Avg: 0.10327
[Wall TIME] >>> Coach.train takes 30.280072 seconds ...
[Coach] >>> TRAIN @Epoch: 29 >>>  || LOSS Avg: 0.10019
[Wall TIME] >>> Coach.train takes 30.616992 seconds ...
[Coach] >>> TRAIN @Epoch: 30 >>>  || LOSS Avg: 0.09718
[Wall TIME] >>> Coach.train takes 30.537702 seconds ...
[Coach] >>> Better ***NDCG@20*** of ***0.0419*** 
[Coach] >>> VALID @Epoch: 30 >>>  || RECALL@1 Avg: 0.0118 || RECALL@10 Avg: 0.0625 || RECALL@20 Avg: 0.0961 || NDCG@10 Avg: 0.0334 || NDCG@20 Avg: 0.0419
[Wall TIME] >>> Coach.valid takes 1.541419 seconds ...
[Coach] >>> TRAIN @Epoch: 31 >>>  || LOSS Avg: 0.09524
[Wall TIME] >>> Coach.train takes 30.658519 seconds ...
[Coach] >>> TRAIN @Epoch: 32 >>>  || LOSS Avg: 0.09195
[Wall TIME] >>> Coach.train takes 30.236871 seconds ...
[Coach] >>> TRAIN @Epoch: 33 >>>  || LOSS Avg: 0.08962
[Wall TIME] >>> Coach.train takes 30.216743 seconds ...
[Coach] >>> TRAIN @Epoch: 34 >>>  || LOSS Avg: 0.08737
[Wall TIME] >>> Coach.train takes 30.630533 seconds ...
[Coach] >>> TRAIN @Epoch: 35 >>>  || LOSS Avg: 0.08534
[Wall TIME] >>> Coach.train takes 30.224593 seconds ...
[Coach] >>> Better ***NDCG@20*** of ***0.0421*** 
[Coach] >>> VALID @Epoch: 35 >>>  || RECALL@1 Avg: 0.0117 || RECALL@10 Avg: 0.0628 || RECALL@20 Avg: 0.0968 || NDCG@10 Avg: 0.0335 || NDCG@20 Avg: 0.0421
[Wall TIME] >>> Coach.valid takes 1.541634 seconds ...
[Coach] >>> TRAIN @Epoch: 36 >>>  || LOSS Avg: 0.08302
[Wall TIME] >>> Coach.train takes 30.704926 seconds ...
[Coach] >>> TRAIN @Epoch: 37 >>>  || LOSS Avg: 0.08138
[Wall TIME] >>> Coach.train takes 30.215592 seconds ...
[Coach] >>> TRAIN @Epoch: 38 >>>  || LOSS Avg: 0.07994
[Wall TIME] >>> Coach.train takes 30.189480 seconds ...
[Coach] >>> TRAIN @Epoch: 39 >>>  || LOSS Avg: 0.07815
[Wall TIME] >>> Coach.train takes 30.838172 seconds ...
[Coach] >>> TRAIN @Epoch: 40 >>>  || LOSS Avg: 0.07679
[Wall TIME] >>> Coach.train takes 30.384658 seconds ...
[Coach] >>> Better ***NDCG@20*** of ***0.0423*** 
[Coach] >>> VALID @Epoch: 40 >>>  || RECALL@1 Avg: 0.0118 || RECALL@10 Avg: 0.0628 || RECALL@20 Avg: 0.0970 || NDCG@10 Avg: 0.0335 || NDCG@20 Avg: 0.0423
[Wall TIME] >>> Coach.valid takes 1.538968 seconds ...
[Coach] >>> TRAIN @Epoch: 41 >>>  || LOSS Avg: 0.07466
[Wall TIME] >>> Coach.train takes 30.480224 seconds ...
[Coach] >>> TRAIN @Epoch: 42 >>>  || LOSS Avg: 0.07350
[Wall TIME] >>> Coach.train takes 30.292025 seconds ...
[Coach] >>> TRAIN @Epoch: 43 >>>  || LOSS Avg: 0.07185
[Wall TIME] >>> Coach.train takes 30.266498 seconds ...
[Coach] >>> TRAIN @Epoch: 44 >>>  || LOSS Avg: 0.07105
[Wall TIME] >>> Coach.train takes 30.508101 seconds ...
[Coach] >>> TRAIN @Epoch: 45 >>>  || LOSS Avg: 0.06970
[Wall TIME] >>> Coach.train takes 30.532670 seconds ...
[Coach] >>> Better ***NDCG@20*** of ***0.0426*** 
[Coach] >>> VALID @Epoch: 45 >>>  || RECALL@1 Avg: 0.0118 || RECALL@10 Avg: 0.0641 || RECALL@20 Avg: 0.0977 || NDCG@10 Avg: 0.0340 || NDCG@20 Avg: 0.0426
[Wall TIME] >>> Coach.valid takes 1.522628 seconds ...
[Coach] >>> TRAIN @Epoch: 46 >>>  || LOSS Avg: 0.06827
[Wall TIME] >>> Coach.train takes 30.958406 seconds ...
[Coach] >>> TRAIN @Epoch: 47 >>>  || LOSS Avg: 0.06685
[Wall TIME] >>> Coach.train takes 30.326213 seconds ...
[Coach] >>> TRAIN @Epoch: 48 >>>  || LOSS Avg: 0.06687
[Wall TIME] >>> Coach.train takes 30.418089 seconds ...
[Coach] >>> TRAIN @Epoch: 49 >>>  || LOSS Avg: 0.06529
[Wall TIME] >>> Coach.train takes 30.930721 seconds ...
[Coach] >>> TRAIN @Epoch: 50 >>>  || LOSS Avg: 0.06444
[Wall TIME] >>> Coach.train takes 30.396152 seconds ...
[Coach] >>> Better ***NDCG@20*** of ***0.0430*** 
[Coach] >>> VALID @Epoch: 50 >>>  || RECALL@1 Avg: 0.0119 || RECALL@10 Avg: 0.0637 || RECALL@20 Avg: 0.0988 || NDCG@10 Avg: 0.0340 || NDCG@20 Avg: 0.0430
[Wall TIME] >>> Coach.valid takes 1.548150 seconds ...
[Coach] >>> TRAIN @Epoch: 51 >>>  || LOSS Avg: 0.06372
[Wall TIME] >>> Coach.train takes 30.525623 seconds ...
[Coach] >>> TRAIN @Epoch: 52 >>>  || LOSS Avg: 0.06232
[Wall TIME] >>> Coach.train takes 30.262143 seconds ...
[Coach] >>> TRAIN @Epoch: 53 >>>  || LOSS Avg: 0.06212
[Wall TIME] >>> Coach.train takes 30.266895 seconds ...
[Coach] >>> TRAIN @Epoch: 54 >>>  || LOSS Avg: 0.06070
[Wall TIME] >>> Coach.train takes 30.702468 seconds ...
[Coach] >>> TRAIN @Epoch: 55 >>>  || LOSS Avg: 0.06005
[Wall TIME] >>> Coach.train takes 30.266237 seconds ...
[Coach] >>> Better ***NDCG@20*** of ***0.0434*** 
[Coach] >>> VALID @Epoch: 55 >>>  || RECALL@1 Avg: 0.0124 || RECALL@10 Avg: 0.0649 || RECALL@20 Avg: 0.0992 || NDCG@10 Avg: 0.0347 || NDCG@20 Avg: 0.0434
[Wall TIME] >>> Coach.valid takes 1.525661 seconds ...
[Coach] >>> TRAIN @Epoch: 56 >>>  || LOSS Avg: 0.05951
[Wall TIME] >>> Coach.train takes 30.506435 seconds ...
[Coach] >>> TRAIN @Epoch: 57 >>>  || LOSS Avg: 0.05822
[Wall TIME] >>> Coach.train takes 30.415915 seconds ...
[Coach] >>> TRAIN @Epoch: 58 >>>  || LOSS Avg: 0.05767
[Wall TIME] >>> Coach.train takes 30.783220 seconds ...
[Coach] >>> TRAIN @Epoch: 59 >>>  || LOSS Avg: 0.05689
[Wall TIME] >>> Coach.train takes 31.773767 seconds ...
[Coach] >>> TRAIN @Epoch: 60 >>>  || LOSS Avg: 0.05652
[Wall TIME] >>> Coach.train takes 31.233180 seconds ...
[Coach] >>> Better ***NDCG@20*** of ***0.0437*** 
[Coach] >>> VALID @Epoch: 60 >>>  || RECALL@1 Avg: 0.0124 || RECALL@10 Avg: 0.0646 || RECALL@20 Avg: 0.0999 || NDCG@10 Avg: 0.0347 || NDCG@20 Avg: 0.0437
[Wall TIME] >>> Coach.valid takes 1.613876 seconds ...
[Coach] >>> TRAIN @Epoch: 61 >>>  || LOSS Avg: 0.05546
[Wall TIME] >>> Coach.train takes 31.420042 seconds ...
[Coach] >>> TRAIN @Epoch: 62 >>>  || LOSS Avg: 0.05497
[Wall TIME] >>> Coach.train takes 31.094461 seconds ...
[Coach] >>> TRAIN @Epoch: 63 >>>  || LOSS Avg: 0.05430
[Wall TIME] >>> Coach.train takes 31.197410 seconds ...
[Coach] >>> TRAIN @Epoch: 64 >>>  || LOSS Avg: 0.05405
[Wall TIME] >>> Coach.train takes 31.482322 seconds ...
[Coach] >>> TRAIN @Epoch: 65 >>>  || LOSS Avg: 0.05343
[Wall TIME] >>> Coach.train takes 31.051727 seconds ...
[Coach] >>> Better ***NDCG@20*** of ***0.0437*** 
[Coach] >>> VALID @Epoch: 65 >>>  || RECALL@1 Avg: 0.0122 || RECALL@10 Avg: 0.0649 || RECALL@20 Avg: 0.1000 || NDCG@10 Avg: 0.0348 || NDCG@20 Avg: 0.0437
[Wall TIME] >>> Coach.valid takes 1.544069 seconds ...
[Coach] >>> TRAIN @Epoch: 66 >>>  || LOSS Avg: 0.05256
[Wall TIME] >>> Coach.train takes 31.504421 seconds ...
[Coach] >>> TRAIN @Epoch: 67 >>>  || LOSS Avg: 0.05235
[Wall TIME] >>> Coach.train takes 31.034974 seconds ...
[Coach] >>> TRAIN @Epoch: 68 >>>  || LOSS Avg: 0.05159
[Wall TIME] >>> Coach.train takes 31.274952 seconds ...
[Coach] >>> TRAIN @Epoch: 69 >>>  || LOSS Avg: 0.05121
[Wall TIME] >>> Coach.train takes 31.720916 seconds ...
[Coach] >>> TRAIN @Epoch: 70 >>>  || LOSS Avg: 0.05079
[Wall TIME] >>> Coach.train takes 31.301482 seconds ...
[Coach] >>> Better ***NDCG@20*** of ***0.0440*** 
[Coach] >>> VALID @Epoch: 70 >>>  || RECALL@1 Avg: 0.0123 || RECALL@10 Avg: 0.0658 || RECALL@20 Avg: 0.1007 || NDCG@10 Avg: 0.0351 || NDCG@20 Avg: 0.0440
[Wall TIME] >>> Coach.valid takes 1.550655 seconds ...
[Coach] >>> TRAIN @Epoch: 71 >>>  || LOSS Avg: 0.05032
[Wall TIME] >>> Coach.train takes 31.472976 seconds ...
[1;31m[Warning] FreeRec version of 0.8.5 is required but current version is 0.9.7 [0m
[Wall TIME] >>> Parser.parse takes 0.046371 seconds ...
[Wall TIME] >>> Parser.load takes 0.002552 seconds ...
============================================================
           STAIR-LHC v1 (REVISED) EXPERIMENTAL RUN          
============================================================
Dataset      : Amazon2014Sports_550_MMRec
Arm          : H0
Curvature    : kappa=1.0
Lambda Max   : 0.0003
Tau          : 0.3
Radius Cap   : R=2.0
Warmup Range : Epoch 20 -> Epoch 50
============================================================
[STAIR-LHC v1 Scale Initialization] q_u0=0.4396, q_i0=0.8483, q_u1=0.0686, q_i1=0.0920, M_norm=0.9336
[Epoch 001 Telemetry] BPR: 0.6091 | LHC: 0.0000 (lambda=0.000000) | Align: 0.0000 | Unif: 0.0000
[Epoch 002 Telemetry] BPR: 0.5663 | LHC: 0.0000 (lambda=0.000000) | Align: 0.0000 | Unif: 0.0000
[Epoch 003 Telemetry] BPR: 0.5129 | LHC: 0.0000 (lambda=0.000000) | Align: 0.0000 | Unif: 0.0000
[Epoch 004 Telemetry] BPR: 0.4571 | LHC: 0.0000 (lambda=0.000000) | Align: 0.0000 | Unif: 0.0000
[Epoch 005 Telemetry] BPR: 0.4058 | LHC: 0.0000 (lambda=0.000000) | Align: 0.0000 | Unif: 0.0000
[Epoch 006 Telemetry] BPR: 0.3618 | LHC: 0.0000 (lambda=0.000000) | Align: 0.0000 | Unif: 0.0000
[Epoch 007 Telemetry] BPR: 0.3250 | LHC: 0.0000 (lambda=0.000000) | Align: 0.0000 | Unif: 0.0000
[Epoch 008 Telemetry] BPR: 0.2950 | LHC: 0.0000 (lambda=0.000000) | Align: 0.0000 | Unif: 0.0000
[Epoch 009 Telemetry] BPR: 0.2692 | LHC: 0.0000 (lambda=0.000000) | Align: 0.0000 | Unif: 0.0000
[Epoch 010 Telemetry] BPR: 0.2478 | LHC: 0.0000 (lambda=0.000000) | Align: 0.0000 | Unif: 0.0000
[Epoch 011 Telemetry] BPR: 0.2298 | LHC: 0.0000 (lambda=0.000000) | Align: 0.0000 | Unif: 0.0000
[Epoch 012 Telemetry] BPR: 0.2140 | LHC: 0.0000 (lambda=0.000000) | Align: 0.0000 | Unif: 0.0000
[Epoch 013 Telemetry] BPR: 0.2003 | LHC: 0.0000 (lambda=0.000000) | Align: 0.0000 | Unif: 0.0000
[Epoch 014 Telemetry] BPR: 0.1886 | LHC: 0.0000 (lambda=0.000000) | Align: 0.0000 | Unif: 0.0000
[Epoch 015 Telemetry] BPR: 0.1775 | LHC: 0.0000 (lambda=0.000000) | Align: 0.0000 | Unif: 0.0000
[Epoch 016 Telemetry] BPR: 0.1683 | LHC: 0.0000 (lambda=0.000000) | Align: 0.0000 | Unif: 0.0000
[Epoch 017 Telemetry] BPR: 0.1604 | LHC: 0.0000 (lambda=0.000000) | Align: 0.0000 | Unif: 0.0000
[Epoch 018 Telemetry] BPR: 0.1526 | LHC: 0.0000 (lambda=0.000000) | Align: 0.0000 | Unif: 0.0000
[Epoch 019 Telemetry] BPR: 0.1459 | LHC: 0.0000 (lambda=0.000000) | Align: 0.0000 | Unif: 0.0000
[Epoch 020 Telemetry] BPR: 0.1391 | LHC: 0.0000 (lambda=0.000000) | Align: 0.0000 | Unif: 0.0000
[Epoch 021 Telemetry] BPR: 0.1331 | LHC: 5.7190 (lambda=0.000010) | Align: 6.0960 | Unif: -11.5619
[Epoch 022 Telemetry] BPR: 0.1280 | LHC: 5.7151 (lambda=0.000020) | Align: 6.1402 | Unif: -11.6305
[Epoch 023 Telemetry] BPR: 0.1226 | LHC: 5.7117 (lambda=0.000030) | Align: 6.1810 | Unif: -11.6803
[Epoch 024 Telemetry] BPR: 0.1179 | LHC: 5.7077 (lambda=0.000040) | Align: 6.2165 | Unif: -11.7273
[Epoch 025 Telemetry] BPR: 0.1140 | LHC: 5.7052 (lambda=0.000050) | Align: 6.2518 | Unif: -11.7775
[Epoch 026 Telemetry] BPR: 0.1102 | LHC: 5.7027 (lambda=0.000060) | Align: 6.2824 | Unif: -11.8301
[Epoch 027 Telemetry] BPR: 0.1068 | LHC: 5.7002 (lambda=0.000070) | Align: 6.3197 | Unif: -11.8800
[Epoch 028 Telemetry] BPR: 0.1028 | LHC: 5.6982 (lambda=0.000080) | Align: 6.3485 | Unif: -11.9224
[Epoch 029 Telemetry] BPR: 0.0997 | LHC: 5.6957 (lambda=0.000090) | Align: 6.3725 | Unif: -11.9722
[Gradient Diagnostics @ Epoch 30] rho_grad(BPR, LHC) = +0.2306 | Status: OK
[Epoch 030 Telemetry] BPR: 0.0966 | LHC: 5.6939 (lambda=0.000100) | Align: 6.4006 | Unif: -12.0172
[Epoch 031 Telemetry] BPR: 0.0946 | LHC: 5.6915 (lambda=0.000110) | Align: 6.4191 | Unif: -12.0511
[Epoch 032 Telemetry] BPR: 0.0913 | LHC: 5.6903 (lambda=0.000120) | Align: 6.4402 | Unif: -12.1009
[Epoch 033 Telemetry] BPR: 0.0889 | LHC: 5.6886 (lambda=0.000130) | Align: 6.4626 | Unif: -12.1484
[Epoch 034 Telemetry] BPR: 0.0866 | LHC: 5.6876 (lambda=0.000140) | Align: 6.4878 | Unif: -12.1784
[Epoch 035 Telemetry] BPR: 0.0845 | LHC: 5.6849 (lambda=0.000150) | Align: 6.5054 | Unif: -12.2048
[Epoch 036 Telemetry] BPR: 0.0821 | LHC: 5.6860 (lambda=0.000160) | Align: 6.5312 | Unif: -12.2343
[Epoch 037 Telemetry] BPR: 0.0805 | LHC: 5.6829 (lambda=0.000170) | Align: 6.5380 | Unif: -12.2672
[Epoch 038 Telemetry] BPR: 0.0789 | LHC: 5.6818 (lambda=0.000180) | Align: 6.5513 | Unif: -12.2944
[Epoch 039 Telemetry] BPR: 0.0771 | LHC: 5.6813 (lambda=0.000190) | Align: 6.5743 | Unif: -12.3178
[Gradient Diagnostics @ Epoch 40] rho_grad(BPR, LHC) = +0.2134 | Status: OK
[Epoch 040 Telemetry] BPR: 0.0756 | LHC: 5.6791 (lambda=0.000200) | Align: 6.5793 | Unif: -12.3380
[Epoch 041 Telemetry] BPR: 0.0734 | LHC: 5.6786 (lambda=0.000210) | Align: 6.5954 | Unif: -12.3697
[Epoch 042 Telemetry] BPR: 0.0723 | LHC: 5.6772 (lambda=0.000220) | Align: 6.6112 | Unif: -12.4045
[Epoch 043 Telemetry] BPR: 0.0705 | LHC: 5.6778 (lambda=0.000230) | Align: 6.6239 | Unif: -12.4313
[Epoch 044 Telemetry] BPR: 0.0697 | LHC: 5.6773 (lambda=0.000240) | Align: 6.6377 | Unif: -12.4528
[Epoch 045 Telemetry] BPR: 0.0683 | LHC: 5.6768 (lambda=0.000250) | Align: 6.6495 | Unif: -12.4892
[Epoch 046 Telemetry] BPR: 0.0668 | LHC: 5.6753 (lambda=0.000260) | Align: 6.6606 | Unif: -12.4951
[Epoch 047 Telemetry] BPR: 0.0653 | LHC: 5.6742 (lambda=0.000270) | Align: 6.6666 | Unif: -12.5237
[Epoch 048 Telemetry] BPR: 0.0653 | LHC: 5.6732 (lambda=0.000280) | Align: 6.6754 | Unif: -12.5411
[Epoch 049 Telemetry] BPR: 0.0637 | LHC: 5.6731 (lambda=0.000290) | Align: 6.6881 | Unif: -12.5641
[Gradient Diagnostics @ Epoch 50] rho_grad(BPR, LHC) = +0.2087 | Status: OK
[Epoch 050 Telemetry] BPR: 0.0628 | LHC: 5.6728 (lambda=0.000300) | Align: 6.6975 | Unif: -12.5868
[Epoch 051 Telemetry] BPR: 0.0620 | LHC: 5.6717 (lambda=0.000300) | Align: 6.7049 | Unif: -12.6096
[Epoch 052 Telemetry] BPR: 0.0606 | LHC: 5.6707 (lambda=0.000300) | Align: 6.7111 | Unif: -12.6271
[Epoch 053 Telemetry] BPR: 0.0604 | LHC: 5.6717 (lambda=0.000300) | Align: 6.7200 | Unif: -12.6700
[Epoch 054 Telemetry] BPR: 0.0590 | LHC: 5.6711 (lambda=0.000300) | Align: 6.7263 | Unif: -12.6776
[Epoch 055 Telemetry] BPR: 0.0583 | LHC: 5.6706 (lambda=0.000300) | Align: 6.7373 | Unif: -12.6892
[Epoch 056 Telemetry] BPR: 0.0578 | LHC: 5.6701 (lambda=0.000300) | Align: 6.7437 | Unif: -12.7116
[Epoch 057 Telemetry] BPR: 0.0565 | LHC: 5.6698 (lambda=0.000300) | Align: 6.7457 | Unif: -12.7111
[Epoch 058 Telemetry] BPR: 0.0560 | LHC: 5.6683 (lambda=0.000300) | Align: 6.7520 | Unif: -12.7318
[Epoch 059 Telemetry] BPR: 0.0552 | LHC: 5.6700 (lambda=0.000300) | Align: 6.7555 | Unif: -12.7300
[Gradient Diagnostics @ Epoch 60] rho_grad(BPR, LHC) = +0.1995 | Status: OK
[Epoch 060 Telemetry] BPR: 0.0548 | LHC: 5.6685 (lambda=0.000300) | Align: 6.7622 | Unif: -12.7515
[Epoch 061 Telemetry] BPR: 0.0538 | LHC: 5.6686 (lambda=0.000300) | Align: 6.7694 | Unif: -12.7797
[Epoch 062 Telemetry] BPR: 0.0533 | LHC: 5.6685 (lambda=0.000300) | Align: 6.7739 | Unif: -12.8117
[Epoch 063 Telemetry] BPR: 0.0526 | LHC: 5.6691 (lambda=0.000300) | Align: 6.7802 | Unif: -12.8105
[Epoch 064 Telemetry] BPR: 0.0524 | LHC: 5.6679 (lambda=0.000300) | Align: 6.7858 | Unif: -12.8294
[Epoch 065 Telemetry] BPR: 0.0517 | LHC: 5.6669 (lambda=0.000300) | Align: 6.7842 | Unif: -12.8383
[Epoch 066 Telemetry] BPR: 0.0509 | LHC: 5.6667 (lambda=0.000300) | Align: 6.7901 | Unif: -12.8597
[Epoch 067 Telemetry] BPR: 0.0506 | LHC: 5.6672 (lambda=0.000300) | Align: 6.7971 | Unif: -12.8851
[Epoch 068 Telemetry] BPR: 0.0499 | LHC: 5.6673 (lambda=0.000300) | Align: 6.7978 | Unif: -12.8828
[Epoch 069 Telemetry] BPR: 0.0495 | LHC: 5.6661 (lambda=0.000300) | Align: 6.8019 | Unif: -12.9090
[Gradient Diagnostics @ Epoch 70] rho_grad(BPR, LHC) = +0.1926 | Status: OK
[Epoch 070 Telemetry] BPR: 0.0491 | LHC: 5.6666 (lambda=0.000300) | Align: 6.8061 | Unif: -12.9278
[Epoch 071 Telemetry] BPR: 0.0487 | LHC: 5.6660 (lambda=0.000300) | Align: 6.8090 | Unif: -12.9430
[Epoch 072 Telemetry] BPR: 0.0481 | LHC: 5.6648 (lambda=0.000300) | Align: 6.8090 | Unif: -12.9547[Coach] >>> TRAIN @Epoch: 72 >>>  || LOSS Avg: 0.04980
[Wall TIME] >>> Coach.train takes 30.937469 seconds ...
[Coach] >>> TRAIN @Epoch: 73 >>>  || LOSS Avg: 0.04965
[Wall TIME] >>> Coach.train takes 31.197232 seconds ...
[Coach] >>> TRAIN @Epoch: 74 >>>  || LOSS Avg: 0.04920
[Wall TIME] >>> Coach.train takes 31.380414 seconds ...
[Coach] >>> TRAIN @Epoch: 75 >>>  || LOSS Avg: 0.04854
[Wall TIME] >>> Coach.train takes 30.827658 seconds ...
[Coach] >>> Better ***NDCG@20*** of ***0.0442*** 
[Coach] >>> VALID @Epoch: 75 >>>  || RECALL@1 Avg: 0.0124 || RECALL@10 Avg: 0.0658 || RECALL@20 Avg: 0.1014 || NDCG@10 Avg: 0.0351 || NDCG@20 Avg: 0.0442
[Wall TIME] >>> Coach.valid takes 1.550578 seconds ...
[Coach] >>> TRAIN @Epoch: 76 >>>  || LOSS Avg: 0.04844
[Wall TIME] >>> Coach.train takes 31.295666 seconds ...
[Coach] >>> TRAIN @Epoch: 77 >>>  || LOSS Avg: 0.04770
[Wall TIME] >>> Coach.train takes 31.112402 seconds ...
[Coach] >>> TRAIN @Epoch: 78 >>>  || LOSS Avg: 0.04754
[Wall TIME] >>> Coach.train takes 31.066488 seconds ...
[Coach] >>> TRAIN @Epoch: 79 >>>  || LOSS Avg: 0.04713
[Wall TIME] >>> Coach.train takes 31.583282 seconds ...
[Coach] >>> TRAIN @Epoch: 80 >>>  || LOSS Avg: 0.04641
[Wall TIME] >>> Coach.train takes 31.435841 seconds ...
[Coach] >>> Better ***NDCG@20*** of ***0.0443*** 
[Coach] >>> VALID @Epoch: 80 >>>  || RECALL@1 Avg: 0.0125 || RECALL@10 Avg: 0.0660 || RECALL@20 Avg: 0.1012 || NDCG@10 Avg: 0.0354 || NDCG@20 Avg: 0.0443
[Wall TIME] >>> Coach.valid takes 1.581738 seconds ...
[Coach] >>> TRAIN @Epoch: 81 >>>  || LOSS Avg: 0.04627
[Wall TIME] >>> Coach.train takes 31.584598 seconds ...
[Coach] >>> TRAIN @Epoch: 82 >>>  || LOSS Avg: 0.04635
[Wall TIME] >>> Coach.train takes 31.204041 seconds ...
[Coach] >>> TRAIN @Epoch: 83 >>>  || LOSS Avg: 0.04577
[Wall TIME] >>> Coach.train takes 31.299665 seconds ...
[Coach] >>> TRAIN @Epoch: 84 >>>  || LOSS Avg: 0.04562
[Wall TIME] >>> Coach.train takes 31.672122 seconds ...
[Coach] >>> TRAIN @Epoch: 85 >>>  || LOSS Avg: 0.04529
[Wall TIME] >>> Coach.train takes 31.312690 seconds ...
[Coach] >>> Better ***NDCG@20*** of ***0.0446*** 
[Coach] >>> VALID @Epoch: 85 >>>  || RECALL@1 Avg: 0.0126 || RECALL@10 Avg: 0.0662 || RECALL@20 Avg: 0.1020 || NDCG@10 Avg: 0.0355 || NDCG@20 Avg: 0.0446
[Wall TIME] >>> Coach.valid takes 1.565226 seconds ...
[Coach] >>> TRAIN @Epoch: 86 >>>  || LOSS Avg: 0.04522
[Wall TIME] >>> Coach.train takes 31.433849 seconds ...
[Coach] >>> TRAIN @Epoch: 87 >>>  || LOSS Avg: 0.04465
[Wall TIME] >>> Coach.train takes 31.303016 seconds ...
[Coach] >>> TRAIN @Epoch: 88 >>>  || LOSS Avg: 0.04420
[Wall TIME] >>> Coach.train takes 31.295250 seconds ...
[Coach] >>> TRAIN @Epoch: 89 >>>  || LOSS Avg: 0.04433
[Wall TIME] >>> Coach.train takes 31.623971 seconds ...
[Coach] >>> TRAIN @Epoch: 90 >>>  || LOSS Avg: 0.04388
[Wall TIME] >>> Coach.train takes 31.261854 seconds ...
[Coach] >>> Better ***NDCG@20*** of ***0.0446*** 
[Coach] >>> VALID @Epoch: 90 >>>  || RECALL@1 Avg: 0.0126 || RECALL@10 Avg: 0.0663 || RECALL@20 Avg: 0.1017 || NDCG@10 Avg: 0.0356 || NDCG@20 Avg: 0.0446
[Wall TIME] >>> Coach.valid takes 1.614600 seconds ...
[Coach] >>> TRAIN @Epoch: 91 >>>  || LOSS Avg: 0.04358
[Wall TIME] >>> Coach.train takes 31.761140 seconds ...
[Coach] >>> TRAIN @Epoch: 92 >>>  || LOSS Avg: 0.04291
[Wall TIME] >>> Coach.train takes 31.361519 seconds ...
[Coach] >>> TRAIN @Epoch: 93 >>>  || LOSS Avg: 0.04290
[Wall TIME] >>> Coach.train takes 31.058979 seconds ...
[Coach] >>> TRAIN @Epoch: 94 >>>  || LOSS Avg: 0.04285
[Wall TIME] >>> Coach.train takes 31.480855 seconds ...
[Coach] >>> TRAIN @Epoch: 95 >>>  || LOSS Avg: 0.04274
[Wall TIME] >>> Coach.train takes 31.052360 seconds ...
[Coach] >>> Better ***NDCG@20*** of ***0.0451*** 
[Coach] >>> VALID @Epoch: 95 >>>  || RECALL@1 Avg: 0.0129 || RECALL@10 Avg: 0.0668 || RECALL@20 Avg: 0.1027 || NDCG@10 Avg: 0.0359 || NDCG@20 Avg: 0.0451
[Wall TIME] >>> Coach.valid takes 1.548736 seconds ...
[Coach] >>> TRAIN @Epoch: 96 >>>  || LOSS Avg: 0.04242
[Wall TIME] >>> Coach.train takes 31.581794 seconds ...
[Coach] >>> TRAIN @Epoch: 97 >>>  || LOSS Avg: 0.04254
[Wall TIME] >>> Coach.train takes 31.264339 seconds ...
[Coach] >>> TRAIN @Epoch: 98 >>>  || LOSS Avg: 0.04192
[Wall TIME] >>> Coach.train takes 31.398476 seconds ...
[Coach] >>> TRAIN @Epoch: 99 >>>  || LOSS Avg: 0.04198
[Wall TIME] >>> Coach.train takes 31.683590 seconds ...
[Coach] >>> TRAIN @Epoch: 100 >>>  || LOSS Avg: 0.04171
[Wall TIME] >>> Coach.train takes 31.550830 seconds ...
[Coach] >>> Better ***NDCG@20*** of ***0.0451*** 
[Coach] >>> VALID @Epoch: 100 >>>  || RECALL@1 Avg: 0.0131 || RECALL@10 Avg: 0.0666 || RECALL@20 Avg: 0.1025 || NDCG@10 Avg: 0.0359 || NDCG@20 Avg: 0.0451
[Wall TIME] >>> Coach.valid takes 1.569170 seconds ...
[Coach] >>> TRAIN @Epoch: 101 >>>  || LOSS Avg: 0.04106
[Wall TIME] >>> Coach.train takes 31.565047 seconds ...
[Coach] >>> TRAIN @Epoch: 102 >>>  || LOSS Avg: 0.04125
[Wall TIME] >>> Coach.train takes 31.091237 seconds ...
[Coach] >>> TRAIN @Epoch: 103 >>>  || LOSS Avg: 0.04085
[Wall TIME] >>> Coach.train takes 31.437466 seconds ...
[Coach] >>> TRAIN @Epoch: 104 >>>  || LOSS Avg: 0.04088
[Wall TIME] >>> Coach.train takes 31.780329 seconds ...
[Coach] >>> TRAIN @Epoch: 105 >>>  || LOSS Avg: 0.04109
[Wall TIME] >>> Coach.train takes 31.245048 seconds ...
[Coach] >>> Better ***NDCG@20*** of ***0.0456*** 
[Coach] >>> VALID @Epoch: 105 >>>  || RECALL@1 Avg: 0.0132 || RECALL@10 Avg: 0.0670 || RECALL@20 Avg: 0.1039 || NDCG@10 Avg: 0.0362 || NDCG@20 Avg: 0.0456
[Wall TIME] >>> Coach.valid takes 1.581467 seconds ...
[Coach] >>> TRAIN @Epoch: 106 >>>  || LOSS Avg: 0.04044
[Wall TIME] >>> Coach.train takes 31.705599 seconds ...
[Coach] >>> TRAIN @Epoch: 107 >>>  || LOSS Avg: 0.04007
[Wall TIME] >>> Coach.train takes 31.314717 seconds ...
[Coach] >>> TRAIN @Epoch: 108 >>>  || LOSS Avg: 0.04011
[Wall TIME] >>> Coach.train takes 31.422101 seconds ...
[Coach] >>> TRAIN @Epoch: 109 >>>  || LOSS Avg: 0.04001
[Wall TIME] >>> Coach.train takes 31.689356 seconds ...
[Coach] >>> TRAIN @Epoch: 110 >>>  || LOSS Avg: 0.03982
[Wall TIME] >>> Coach.train takes 31.423977 seconds ...
[Coach] >>> VALID @Epoch: 110 >>>  || RECALL@1 Avg: 0.0131 || RECALL@10 Avg: 0.0669 || RECALL@20 Avg: 0.1042 || NDCG@10 Avg: 0.0360 || NDCG@20 Avg: 0.0455
[Wall TIME] >>> Coach.valid takes 1.524839 seconds ...
[Coach] >>> TRAIN @Epoch: 111 >>>  || LOSS Avg: 0.03954
[Wall TIME] >>> Coach.train takes 31.545580 seconds ...
[Coach] >>> TRAIN @Epoch: 112 >>>  || LOSS Avg: 0.03910
[Wall TIME] >>> Coach.train takes 31.295456 seconds ...
[Coach] >>> TRAIN @Epoch: 113 >>>  || LOSS Avg: 0.03936
[Wall TIME] >>> Coach.train takes 31.243961 seconds ...
[Coach] >>> TRAIN @Epoch: 114 >>>  || LOSS Avg: 0.03898
[Wall TIME] >>> Coach.train takes 31.680806 seconds ...
[Coach] >>> TRAIN @Epoch: 115 >>>  || LOSS Avg: 0.03929
[Wall TIME] >>> Coach.train takes 31.431256 seconds ...
[Coach] >>> VALID @Epoch: 115 >>>  || RECALL@1 Avg: 0.0130 || RECALL@10 Avg: 0.0677 || RECALL@20 Avg: 0.1037 || NDCG@10 Avg: 0.0362 || NDCG@20 Avg: 0.0454
[Wall TIME] >>> Coach.valid takes 1.514942 seconds ...
[Coach] >>> TRAIN @Epoch: 116 >>>  || LOSS Avg: 0.03893
[Wall TIME] >>> Coach.train takes 31.423140 seconds ...
[Coach] >>> TRAIN @Epoch: 117 >>>  || LOSS Avg: 0.03846
[Wall TIME] >>> Coach.train takes 31.338852 seconds ...
[Coach] >>> TRAIN @Epoch: 118 >>>  || LOSS Avg: 0.03903
[Wall TIME] >>> Coach.train takes 31.473761 seconds ...
[Coach] >>> TRAIN @Epoch: 119 >>>  || LOSS Avg: 0.03832
[Wall TIME] >>> Coach.train takes 31.678437 seconds ...
[Coach] >>> TRAIN @Epoch: 120 >>>  || LOSS Avg: 0.03821
[Wall TIME] >>> Coach.train takes 31.341649 seconds ...
[Coach] >>> VALID @Epoch: 120 >>>  || RECALL@1 Avg: 0.0128 || RECALL@10 Avg: 0.0674 || RECALL@20 Avg: 0.1042 || NDCG@10 Avg: 0.0361 || NDCG@20 Avg: 0.0454
[Wall TIME] >>> Coach.valid takes 1.539092 seconds ...
[Coach] >>> TRAIN @Epoch: 121 >>>  || LOSS Avg: 0.03801
[Wall TIME] >>> Coach.train takes 31.655955 seconds ...
[Coach] >>> TRAIN @Epoch: 122 >>>  || LOSS Avg: 0.03800
[Wall TIME] >>> Coach.train takes 31.362207 seconds ...
[Coach] >>> TRAIN @Epoch: 123 >>>  || LOSS Avg: 0.03792
[Wall TIME] >>> Coach.train takes 31.351748 seconds ...
[Coach] >>> TRAIN @Epoch: 124 >>>  || LOSS Avg: 0.03769
[Wall TIME] >>> Coach.train takes 31.619392 seconds ...
[Coach] >>> TRAIN @Epoch: 125 >>>  || LOSS Avg: 0.03740
[Wall TIME] >>> Coach.train takes 31.320028 seconds ...
[Coach] >>> Better ***NDCG@20*** of ***0.0459*** 
[Coach] >>> VALID @Epoch: 125 >>>  || RECALL@1 Avg: 0.0133 || RECALL@10 Avg: 0.0675 || RECALL@20 Avg: 0.1050 || NDCG@10 Avg: 0.0364 || NDCG@20 Avg: 0.0459
[Wall TIME] >>> Coach.valid takes 1.557184 seconds ...
[Coach] >>> TRAIN @Epoch: 126 >>>  || LOSS Avg: 0.03767
[Wall TIME] >>> Coach.train takes 31.605662 seconds ...
[Coach] >>> TRAIN @Epoch: 127 >>>  || LOSS Avg: 0.03738
[Wall TIME] >>> Coach.train takes 31.343060 seconds ...
[Coach] >>> TRAIN @Epoch: 128 >>>  || LOSS Avg: 0.03756
[Wall TIME] >>> Coach.train takes 31.172455 seconds ...
[Coach] >>> TRAIN @Epoch: 129 >>>  || LOSS Avg: 0.03724
[Wall TIME] >>> Coach.train takes 31.680651 seconds ...
[Coach] >>> TRAIN @Epoch: 130 >>>  || LOSS Avg: 0.03703
[Wall TIME] >>> Coach.train takes 31.354211 seconds ...
[Coach] >>> VALID @Epoch: 130 >>>  || RECALL@1 Avg: 0.0132 || RECALL@10 Avg: 0.0682 || RECALL@20 Avg: 0.1039 || NDCG@10 Avg: 0.0365 || NDCG@20 Avg: 0.0456
[Wall TIME] >>> Coach.valid takes 1.566543 seconds ...
[Coach] >>> TRAIN @Epoch: 131 >>>  || LOSS Avg: 0.03710
[Wall TIME] >>> Coach.train takes 31.548224 seconds ...
[Coach] >>> TRAIN @Epoch: 132 >>>  || LOSS Avg: 0.03700
[Wall TIME] >>> Coach.train takes 31.448136 seconds ...
[Coach] >>> TRAIN @Epoch: 133 >>>  || LOSS Avg: 0.03662
[Wall TIME] >>> Coach.train takes 33.510571 seconds ...
[Coach] >>> TRAIN @Epoch: 134 >>>  || LOSS Avg: 0.03672
[Wall TIME] >>> Coach.train takes 32.231285 seconds ...
[Coach] >>> TRAIN @Epoch: 135 >>>  || LOSS Avg: 0.03673
[Wall TIME] >>> Coach.train takes 31.245137 seconds ...
[Coach] >>> VALID @Epoch: 135 >>>  || RECALL@1 Avg: 0.0130 || RECALL@10 Avg: 0.0681 || RECALL@20 Avg: 0.1044 || NDCG@10 Avg: 0.0366 || NDCG@20 Avg: 0.0458
[Wall TIME] >>> Coach.valid takes 1.510330 seconds ...
[Coach] >>> TRAIN @Epoch: 136 >>>  || LOSS Avg: 0.03637
[Wall TIME] >>> Coach.train takes 31.646200 seconds ...
[Coach] >>> TRAIN @Epoch: 137 >>>  || LOSS Avg: 0.03623
[Wall TIME] >>> Coach.train takes 31.301867 seconds ...
[Coach] >>> TRAIN @Epoch: 138 >>>  || LOSS Avg: 0.03606
[Wall TIME] >>> Coach.train takes 31.261148 seconds ...
[Coach] >>> TRAIN @Epoch: 139 >>>  || LOSS Avg: 0.03635
[Wall TIME] >>> Coach.train takes 31.403542 seconds ...
[Coach] >>> TRAIN @Epoch: 140 >>>  || LOSS Avg: 0.03575
[Wall TIME] >>> Coach.train takes 31.276659 seconds ...
[Coach] >>> Better ***NDCG@20*** of ***0.0460*** 
[Coach] >>> VALID @Epoch: 140 >>>  || RECALL@1 Avg: 0.0131 || RECALL@10 Avg: 0.0687 || RECALL@20 Avg: 0.1050 || NDCG@10 Avg: 0.0368 || NDCG@20 Avg: 0.0460
[Wall TIME] >>> Coach.valid takes 1.582698 seconds ...
[Coach] >>> TRAIN @Epoch: 141 >>>  || LOSS Avg: 0.03638
[Wall TIME] >>> Coach.train takes 31.526311 seconds ...
[Coach] >>> TRAIN @Epoch: 142 >>>  || LOSS Avg: 0.03607
[Wall TIME] >>> Coach.train takes 31.288855 seconds ...
[Coach] >>> TRAIN @Epoch: 143 >>>  || LOSS Avg: 0.03565
[Wall TIME] >>> Coach.train takes 31.189298 seconds ...
[Coach] >>> TRAIN @Epoch: 144 >>>  || LOSS Avg: 0.03564
[Wall TIME] >>> Coach.train takes 31.614516 seconds ...
[Coach] >>> TRAIN @Epoch: 145 >>>  || LOSS Avg: 0.03561
[Wall TIME] >>> Coach.train takes 31.163045 seconds ...
[Coach] >>> VALID @Epoch: 145 >>>  || RECALL@1 Avg: 0.0125 || RECALL@10 Avg: 0.0694 || RECALL@20 Avg: 0.1049 || NDCG@10 Avg: 0.0369 || NDCG@20 Avg: 0.0459
[Wall TIME] >>> Coach.valid takes 1.523459 seconds ...
[Coach] >>> TRAIN @Epoch: 146 >>>  || LOSS Avg: 0.03569
[Wall TIME] >>> Coach.train takes 31.623155 seconds ...
[Coach] >>> TRAIN @Epoch: 147 >>>  || LOSS Avg: 0.03538
[Wall TIME] >>> Coach.train takes 31.253531 seconds ...
[Coach] >>> TRAIN @Epoch: 148 >>>  || LOSS Avg: 0.03537
[Wall TIME] >>> Coach.train takes 31.120646 seconds ...
[Coach] >>> TRAIN @Epoch: 149 >>>  || LOSS Avg: 0.03534
[Wall TIME] >>> Coach.train takes 31.751665 seconds ...

[Epoch 073 Telemetry] BPR: 0.0479 | LHC: 5.6669 (lambda=0.000300) | Align: 6.8188 | Unif: -12.9631
[Epoch 074 Telemetry] BPR: 0.0475 | LHC: 5.6662 (lambda=0.000300) | Align: 6.8177 | Unif: -12.9837
[Epoch 075 Telemetry] BPR: 0.0468 | LHC: 5.6665 (lambda=0.000300) | Align: 6.8231 | Unif: -13.0029
[Epoch 076 Telemetry] BPR: 0.0467 | LHC: 5.6663 (lambda=0.000300) | Align: 6.8266 | Unif: -12.9929
[Epoch 077 Telemetry] BPR: 0.0460 | LHC: 5.6663 (lambda=0.000300) | Align: 6.8302 | Unif: -13.0189
[Epoch 078 Telemetry] BPR: 0.0458 | LHC: 5.6649 (lambda=0.000300) | Align: 6.8292 | Unif: -13.0206
[Epoch 079 Telemetry] BPR: 0.0454 | LHC: 5.6646 (lambda=0.000300) | Align: 6.8307 | Unif: -13.0267
[Gradient Diagnostics @ Epoch 80] rho_grad(BPR, LHC) = +0.1878 | Status: OK
[Epoch 080 Telemetry] BPR: 0.0447 | LHC: 5.6649 (lambda=0.000300) | Align: 6.8370 | Unif: -13.0585
[Epoch 081 Telemetry] BPR: 0.0446 | LHC: 5.6646 (lambda=0.000300) | Align: 6.8335 | Unif: -13.0614
[Epoch 082 Telemetry] BPR: 0.0446 | LHC: 5.6652 (lambda=0.000300) | Align: 6.8403 | Unif: -13.0685
[Epoch 083 Telemetry] BPR: 0.0441 | LHC: 5.6653 (lambda=0.000300) | Align: 6.8424 | Unif: -13.0765
[Epoch 084 Telemetry] BPR: 0.0439 | LHC: 5.6650 (lambda=0.000300) | Align: 6.8448 | Unif: -13.0871
[Epoch 085 Telemetry] BPR: 0.0436 | LHC: 5.6647 (lambda=0.000300) | Align: 6.8447 | Unif: -13.0917
[Epoch 086 Telemetry] BPR: 0.0435 | LHC: 5.6646 (lambda=0.000300) | Align: 6.8512 | Unif: -13.0920
[Epoch 087 Telemetry] BPR: 0.0429 | LHC: 5.6641 (lambda=0.000300) | Align: 6.8459 | Unif: -13.0837
[Epoch 088 Telemetry] BPR: 0.0425 | LHC: 5.6640 (lambda=0.000300) | Align: 6.8486 | Unif: -13.0985
[Epoch 089 Telemetry] BPR: 0.0426 | LHC: 5.6636 (lambda=0.000300) | Align: 6.8497 | Unif: -13.1118
[Gradient Diagnostics @ Epoch 90] rho_grad(BPR, LHC) = +0.1841 | Status: OK
[Epoch 090 Telemetry] BPR: 0.0422 | LHC: 5.6637 (lambda=0.000300) | Align: 6.8502 | Unif: -13.1065
[Epoch 091 Telemetry] BPR: 0.0419 | LHC: 5.6641 (lambda=0.000300) | Align: 6.8515 | Unif: -13.1123
[Epoch 092 Telemetry] BPR: 0.0412 | LHC: 5.6638 (lambda=0.000300) | Align: 6.8520 | Unif: -13.1343
[Epoch 093 Telemetry] BPR: 0.0412 | LHC: 5.6636 (lambda=0.000300) | Align: 6.8530 | Unif: -13.1332
[Epoch 094 Telemetry] BPR: 0.0411 | LHC: 5.6628 (lambda=0.000300) | Align: 6.8562 | Unif: -13.1480
[Epoch 095 Telemetry] BPR: 0.0411 | LHC: 5.6645 (lambda=0.000300) | Align: 6.8596 | Unif: -13.1559
[Epoch 096 Telemetry] BPR: 0.0407 | LHC: 5.6635 (lambda=0.000300) | Align: 6.8605 | Unif: -13.1569
[Epoch 097 Telemetry] BPR: 0.0408 | LHC: 5.6630 (lambda=0.000300) | Align: 6.8569 | Unif: -13.1597
[Epoch 098 Telemetry] BPR: 0.0402 | LHC: 5.6632 (lambda=0.000300) | Align: 6.8636 | Unif: -13.1841
[Epoch 099 Telemetry] BPR: 0.0403 | LHC: 5.6635 (lambda=0.000300) | Align: 6.8651 | Unif: -13.1909
[Gradient Diagnostics @ Epoch 100] rho_grad(BPR, LHC) = +0.1954 | Status: OK
[Epoch 100 Telemetry] BPR: 0.0400 | LHC: 5.6633 (lambda=0.000300) | Align: 6.8677 | Unif: -13.1869
[Epoch 101 Telemetry] BPR: 0.0394 | LHC: 5.6630 (lambda=0.000300) | Align: 6.8701 | Unif: -13.2034
[Epoch 102 Telemetry] BPR: 0.0396 | LHC: 5.6629 (lambda=0.000300) | Align: 6.8670 | Unif: -13.2321
[Epoch 103 Telemetry] BPR: 0.0392 | LHC: 5.6642 (lambda=0.000300) | Align: 6.8727 | Unif: -13.2451
[Epoch 104 Telemetry] BPR: 0.0392 | LHC: 5.6623 (lambda=0.000300) | Align: 6.8709 | Unif: -13.2517
[Epoch 105 Telemetry] BPR: 0.0394 | LHC: 5.6629 (lambda=0.000300) | Align: 6.8754 | Unif: -13.2538
[Epoch 106 Telemetry] BPR: 0.0387 | LHC: 5.6624 (lambda=0.000300) | Align: 6.8714 | Unif: -13.2567
[Epoch 107 Telemetry] BPR: 0.0384 | LHC: 5.6630 (lambda=0.000300) | Align: 6.8771 | Unif: -13.2678
[Epoch 108 Telemetry] BPR: 0.0384 | LHC: 5.6620 (lambda=0.000300) | Align: 6.8741 | Unif: -13.2655
[Epoch 109 Telemetry] BPR: 0.0383 | LHC: 5.6632 (lambda=0.000300) | Align: 6.8758 | Unif: -13.2924
[Gradient Diagnostics @ Epoch 110] rho_grad(BPR, LHC) = +0.1624 | Status: OK
[Epoch 110 Telemetry] BPR: 0.0381 | LHC: 5.6624 (lambda=0.000300) | Align: 6.8773 | Unif: -13.2952
[Epoch 111 Telemetry] BPR: 0.0378 | LHC: 5.6619 (lambda=0.000300) | Align: 6.8790 | Unif: -13.2691
[Epoch 112 Telemetry] BPR: 0.0374 | LHC: 5.6622 (lambda=0.000300) | Align: 6.8787 | Unif: -13.2891
[Epoch 113 Telemetry] BPR: 0.0376 | LHC: 5.6618 (lambda=0.000300) | Align: 6.8810 | Unif: -13.2864
[Epoch 114 Telemetry] BPR: 0.0373 | LHC: 5.6620 (lambda=0.000300) | Align: 6.8772 | Unif: -13.3099
[Epoch 115 Telemetry] BPR: 0.0376 | LHC: 5.6624 (lambda=0.000300) | Align: 6.8787 | Unif: -13.3130
[Epoch 116 Telemetry] BPR: 0.0372 | LHC: 5.6613 (lambda=0.000300) | Align: 6.8796 | Unif: -13.2947
[Epoch 117 Telemetry] BPR: 0.0367 | LHC: 5.6614 (lambda=0.000300) | Align: 6.8834 | Unif: -13.3027
[Epoch 118 Telemetry] BPR: 0.0373 | LHC: 5.6617 (lambda=0.000300) | Align: 6.8840 | Unif: -13.3058
[Epoch 119 Telemetry] BPR: 0.0367 | LHC: 5.6619 (lambda=0.000300) | Align: 6.8857 | Unif: -13.3025
[Gradient Diagnostics @ Epoch 120] rho_grad(BPR, LHC) = +0.1868 | Status: OK
[Epoch 120 Telemetry] BPR: 0.0365 | LHC: 5.6614 (lambda=0.000300) | Align: 6.8810 | Unif: -13.3200
[Epoch 121 Telemetry] BPR: 0.0363 | LHC: 5.6620 (lambda=0.000300) | Align: 6.8877 | Unif: -13.3024
[Epoch 122 Telemetry] BPR: 0.0363 | LHC: 5.6610 (lambda=0.000300) | Align: 6.8875 | Unif: -13.3042
[Epoch 123 Telemetry] BPR: 0.0362 | LHC: 5.6617 (lambda=0.000300) | Align: 6.8882 | Unif: -13.3244
[Epoch 124 Telemetry] BPR: 0.0360 | LHC: 5.6614 (lambda=0.000300) | Align: 6.8886 | Unif: -13.3292
[Epoch 125 Telemetry] BPR: 0.0357 | LHC: 5.6612 (lambda=0.000300) | Align: 6.8874 | Unif: -13.3341
[Epoch 126 Telemetry] BPR: 0.0360 | LHC: 5.6614 (lambda=0.000300) | Align: 6.8879 | Unif: -13.3371
[Epoch 127 Telemetry] BPR: 0.0357 | LHC: 5.6612 (lambda=0.000300) | Align: 6.8913 | Unif: -13.3214
[Epoch 128 Telemetry] BPR: 0.0358 | LHC: 5.6622 (lambda=0.000300) | Align: 6.8919 | Unif: -13.3645
[Epoch 129 Telemetry] BPR: 0.0355 | LHC: 5.6617 (lambda=0.000300) | Align: 6.8911 | Unif: -13.3929
[Gradient Diagnostics @ Epoch 130] rho_grad(BPR, LHC) = +0.1702 | Status: OK
[Epoch 130 Telemetry] BPR: 0.0353 | LHC: 5.6607 (lambda=0.000300) | Align: 6.8926 | Unif: -13.3791
[Epoch 131 Telemetry] BPR: 0.0354 | LHC: 5.6606 (lambda=0.000300) | Align: 6.8917 | Unif: -13.3813
[Epoch 132 Telemetry] BPR: 0.0353 | LHC: 5.6620 (lambda=0.000300) | Align: 6.8968 | Unif: -13.3992
[Epoch 133 Telemetry] BPR: 0.0349 | LHC: 5.6617 (lambda=0.000300) | Align: 6.8940 | Unif: -13.3996
[Epoch 134 Telemetry] BPR: 0.0350 | LHC: 5.6602 (lambda=0.000300) | Align: 6.8947 | Unif: -13.3957
[Epoch 135 Telemetry] BPR: 0.0350 | LHC: 5.6602 (lambda=0.000300) | Align: 6.8944 | Unif: -13.3938
[Epoch 136 Telemetry] BPR: 0.0347 | LHC: 5.6597 (lambda=0.000300) | Align: 6.8961 | Unif: -13.4054
[Epoch 137 Telemetry] BPR: 0.0346 | LHC: 5.6604 (lambda=0.000300) | Align: 6.8990 | Unif: -13.4132
[Epoch 138 Telemetry] BPR: 0.0344 | LHC: 5.6606 (lambda=0.000300) | Align: 6.8981 | Unif: -13.4170
[Epoch 139 Telemetry] BPR: 0.0346 | LHC: 5.6609 (lambda=0.000300) | Align: 6.8984 | Unif: -13.4141
[Gradient Diagnostics @ Epoch 140] rho_grad(BPR, LHC) = +0.1770 | Status: OK
[Epoch 140 Telemetry] BPR: 0.0341 | LHC: 5.6602 (lambda=0.000300) | Align: 6.8991 | Unif: -13.4295
[Epoch 141 Telemetry] BPR: 0.0347 | LHC: 5.6616 (lambda=0.000300) | Align: 6.8994 | Unif: -13.4369
[Epoch 142 Telemetry] BPR: 0.0344 | LHC: 5.6606 (lambda=0.000300) | Align: 6.8974 | Unif: -13.4409
[Epoch 143 Telemetry] BPR: 0.0339 | LHC: 5.6609 (lambda=0.000300) | Align: 6.9016 | Unif: -13.4424
[Epoch 144 Telemetry] BPR: 0.0339 | LHC: 5.6605 (lambda=0.000300) | Align: 6.9018 | Unif: -13.4571
[Epoch 145 Telemetry] BPR: 0.0339 | LHC: 5.6598 (lambda=0.000300) | Align: 6.9010 | Unif: -13.4423
[Epoch 146 Telemetry] BPR: 0.0340 | LHC: 5.6600 (lambda=0.000300) | Align: 6.9011 | Unif: -13.4599
[Epoch 147 Telemetry] BPR: 0.0337 | LHC: 5.6605 (lambda=0.000300) | Align: 6.9044 | Unif: -13.4651
[Epoch 148 Telemetry] BPR: 0.0337 | LHC: 5.6604 (lambda=0.000300) | Align: 6.9039 | Unif: -13.4682
[Epoch 149 Telemetry] BPR: 0.0336 | LHC: 5.6607 (lambda=0.000300) | Align: 6.9045 | Unif: -13.4717
[Gradient Diagnostics @ Epoch 150] rho_grad(BPR, LHC) = +0.1769 | Status: OK[Coach] >>> TRAIN @Epoch: 150 >>>  || LOSS Avg: 0.03524
[Wall TIME] >>> Coach.train takes 31.450530 seconds ...
[Coach] >>> VALID @Epoch: 150 >>>  || RECALL@1 Avg: 0.0126 || RECALL@10 Avg: 0.0689 || RECALL@20 Avg: 0.1052 || NDCG@10 Avg: 0.0367 || NDCG@20 Avg: 0.0459
[Wall TIME] >>> Coach.valid takes 1.541760 seconds ...
[Coach] >>> TRAIN @Epoch: 151 >>>  || LOSS Avg: 0.03523
[Wall TIME] >>> Coach.train takes 31.604234 seconds ...
[Coach] >>> TRAIN @Epoch: 152 >>>  || LOSS Avg: 0.03482
[Wall TIME] >>> Coach.train takes 31.282989 seconds ...
[Coach] >>> TRAIN @Epoch: 153 >>>  || LOSS Avg: 0.03462
[Wall TIME] >>> Coach.train takes 31.168056 seconds ...
[Coach] >>> TRAIN @Epoch: 154 >>>  || LOSS Avg: 0.03467
[Wall TIME] >>> Coach.train takes 31.483930 seconds ...
[Coach] >>> TRAIN @Epoch: 155 >>>  || LOSS Avg: 0.03488
[Wall TIME] >>> Coach.train takes 31.342521 seconds ...
[Coach] >>> VALID @Epoch: 155 >>>  || RECALL@1 Avg: 0.0127 || RECALL@10 Avg: 0.0695 || RECALL@20 Avg: 0.1045 || NDCG@10 Avg: 0.0370 || NDCG@20 Avg: 0.0459
[Wall TIME] >>> Coach.valid takes 1.534479 seconds ...
[Coach] >>> TRAIN @Epoch: 156 >>>  || LOSS Avg: 0.03456
[Wall TIME] >>> Coach.train takes 31.457097 seconds ...
[Coach] >>> TRAIN @Epoch: 157 >>>  || LOSS Avg: 0.03468
[Wall TIME] >>> Coach.train takes 31.374812 seconds ...
[Coach] >>> TRAIN @Epoch: 158 >>>  || LOSS Avg: 0.03465
[Wall TIME] >>> Coach.train takes 31.180961 seconds ...
[Coach] >>> TRAIN @Epoch: 159 >>>  || LOSS Avg: 0.03474
[Wall TIME] >>> Coach.train takes 31.652704 seconds ...
[Coach] >>> TRAIN @Epoch: 160 >>>  || LOSS Avg: 0.03436
[Wall TIME] >>> Coach.train takes 31.273152 seconds ...
[Coach] >>> VALID @Epoch: 160 >>>  || RECALL@1 Avg: 0.0128 || RECALL@10 Avg: 0.0683 || RECALL@20 Avg: 0.1046 || NDCG@10 Avg: 0.0366 || NDCG@20 Avg: 0.0458
[Wall TIME] >>> Coach.valid takes 1.520814 seconds ...
[Coach] >>> TRAIN @Epoch: 161 >>>  || LOSS Avg: 0.03400
[Wall TIME] >>> Coach.train takes 31.565315 seconds ...
[Coach] >>> TRAIN @Epoch: 162 >>>  || LOSS Avg: 0.03445
[Wall TIME] >>> Coach.train takes 31.119315 seconds ...
[Coach] >>> TRAIN @Epoch: 163 >>>  || LOSS Avg: 0.03409
[Wall TIME] >>> Coach.train takes 31.201576 seconds ...
[Coach] >>> TRAIN @Epoch: 164 >>>  || LOSS Avg: 0.03437
[Wall TIME] >>> Coach.train takes 31.825588 seconds ...
[Coach] >>> TRAIN @Epoch: 165 >>>  || LOSS Avg: 0.03409
[Wall TIME] >>> Coach.train takes 31.326527 seconds ...
[Coach] >>> VALID @Epoch: 165 >>>  || RECALL@1 Avg: 0.0128 || RECALL@10 Avg: 0.0683 || RECALL@20 Avg: 0.1051 || NDCG@10 Avg: 0.0366 || NDCG@20 Avg: 0.0459
[Wall TIME] >>> Coach.valid takes 1.506328 seconds ...
[Coach] >>> TRAIN @Epoch: 166 >>>  || LOSS Avg: 0.03420
[Wall TIME] >>> Coach.train takes 31.732377 seconds ...
[Coach] >>> TRAIN @Epoch: 167 >>>  || LOSS Avg: 0.03406
[Wall TIME] >>> Coach.train takes 31.432231 seconds ...
[Coach] >>> TRAIN @Epoch: 168 >>>  || LOSS Avg: 0.03374
[Wall TIME] >>> Coach.train takes 31.340276 seconds ...
[Coach] >>> TRAIN @Epoch: 169 >>>  || LOSS Avg: 0.03379
[Wall TIME] >>> Coach.train takes 31.741405 seconds ...
[Coach] >>> TRAIN @Epoch: 170 >>>  || LOSS Avg: 0.03393
[Wall TIME] >>> Coach.train takes 31.490839 seconds ...
[Coach] >>> Better ***NDCG@20*** of ***0.0461*** 
[Coach] >>> VALID @Epoch: 170 >>>  || RECALL@1 Avg: 0.0131 || RECALL@10 Avg: 0.0689 || RECALL@20 Avg: 0.1054 || NDCG@10 Avg: 0.0368 || NDCG@20 Avg: 0.0461
[Wall TIME] >>> Coach.valid takes 1.578472 seconds ...
[Coach] >>> TRAIN @Epoch: 171 >>>  || LOSS Avg: 0.03375
[Wall TIME] >>> Coach.train takes 31.511439 seconds ...
[Coach] >>> TRAIN @Epoch: 172 >>>  || LOSS Avg: 0.03358
[Wall TIME] >>> Coach.train takes 31.510511 seconds ...
[Coach] >>> TRAIN @Epoch: 173 >>>  || LOSS Avg: 0.03326
[Wall TIME] >>> Coach.train takes 31.264617 seconds ...
[Coach] >>> TRAIN @Epoch: 174 >>>  || LOSS Avg: 0.03349
[Wall TIME] >>> Coach.train takes 31.790534 seconds ...
[Coach] >>> TRAIN @Epoch: 175 >>>  || LOSS Avg: 0.03333
[Wall TIME] >>> Coach.train takes 31.379284 seconds ...
[Coach] >>> Better ***NDCG@20*** of ***0.0463*** 
[Coach] >>> VALID @Epoch: 175 >>>  || RECALL@1 Avg: 0.0132 || RECALL@10 Avg: 0.0685 || RECALL@20 Avg: 0.1057 || NDCG@10 Avg: 0.0368 || NDCG@20 Avg: 0.0463
[Wall TIME] >>> Coach.valid takes 1.554844 seconds ...
[Coach] >>> TRAIN @Epoch: 176 >>>  || LOSS Avg: 0.03357
[Wall TIME] >>> Coach.train takes 31.588418 seconds ...
[Coach] >>> TRAIN @Epoch: 177 >>>  || LOSS Avg: 0.03365
[Wall TIME] >>> Coach.train takes 31.236361 seconds ...
[Coach] >>> TRAIN @Epoch: 178 >>>  || LOSS Avg: 0.03324
[Wall TIME] >>> Coach.train takes 31.250529 seconds ...
[Coach] >>> TRAIN @Epoch: 179 >>>  || LOSS Avg: 0.03328
[Wall TIME] >>> Coach.train takes 31.564594 seconds ...
[Coach] >>> TRAIN @Epoch: 180 >>>  || LOSS Avg: 0.03331
[Wall TIME] >>> Coach.train takes 31.497681 seconds ...
[Coach] >>> VALID @Epoch: 180 >>>  || RECALL@1 Avg: 0.0133 || RECALL@10 Avg: 0.0689 || RECALL@20 Avg: 0.1049 || NDCG@10 Avg: 0.0370 || NDCG@20 Avg: 0.0461
[Wall TIME] >>> Coach.valid takes 1.568138 seconds ...
[Coach] >>> TRAIN @Epoch: 181 >>>  || LOSS Avg: 0.03346
[Wall TIME] >>> Coach.train takes 31.693242 seconds ...
[Coach] >>> TRAIN @Epoch: 182 >>>  || LOSS Avg: 0.03309
[Wall TIME] >>> Coach.train takes 31.241063 seconds ...
[Coach] >>> TRAIN @Epoch: 183 >>>  || LOSS Avg: 0.03279
[Wall TIME] >>> Coach.train takes 31.337094 seconds ...
[Coach] >>> TRAIN @Epoch: 184 >>>  || LOSS Avg: 0.03317
[Wall TIME] >>> Coach.train takes 31.659664 seconds ...
[Coach] >>> TRAIN @Epoch: 185 >>>  || LOSS Avg: 0.03300
[Wall TIME] >>> Coach.train takes 31.163659 seconds ...
[Coach] >>> Better ***NDCG@20*** of ***0.0464*** 
[Coach] >>> VALID @Epoch: 185 >>>  || RECALL@1 Avg: 0.0134 || RECALL@10 Avg: 0.0694 || RECALL@20 Avg: 0.1056 || NDCG@10 Avg: 0.0372 || NDCG@20 Avg: 0.0464
[Wall TIME] >>> Coach.valid takes 1.572119 seconds ...
[Coach] >>> TRAIN @Epoch: 186 >>>  || LOSS Avg: 0.03294
[Wall TIME] >>> Coach.train takes 31.718183 seconds ...
[Coach] >>> TRAIN @Epoch: 187 >>>  || LOSS Avg: 0.03281
[Wall TIME] >>> Coach.train takes 31.244897 seconds ...
[Coach] >>> TRAIN @Epoch: 188 >>>  || LOSS Avg: 0.03276
[Wall TIME] >>> Coach.train takes 31.294051 seconds ...
[Coach] >>> TRAIN @Epoch: 189 >>>  || LOSS Avg: 0.03280
[Wall TIME] >>> Coach.train takes 31.597168 seconds ...
[Coach] >>> TRAIN @Epoch: 190 >>>  || LOSS Avg: 0.03274
[Wall TIME] >>> Coach.train takes 31.319613 seconds ...
[Coach] >>> Better ***NDCG@20*** of ***0.0464*** 
[Coach] >>> VALID @Epoch: 190 >>>  || RECALL@1 Avg: 0.0134 || RECALL@10 Avg: 0.0694 || RECALL@20 Avg: 0.1056 || NDCG@10 Avg: 0.0372 || NDCG@20 Avg: 0.0464
[Wall TIME] >>> Coach.valid takes 1.580293 seconds ...
[Coach] >>> TRAIN @Epoch: 191 >>>  || LOSS Avg: 0.03268
[Wall TIME] >>> Coach.train takes 31.477290 seconds ...
[Coach] >>> TRAIN @Epoch: 192 >>>  || LOSS Avg: 0.03253
[Wall TIME] >>> Coach.train takes 31.313067 seconds ...
[Coach] >>> TRAIN @Epoch: 193 >>>  || LOSS Avg: 0.03237
[Wall TIME] >>> Coach.train takes 31.200067 seconds ...
[Coach] >>> TRAIN @Epoch: 194 >>>  || LOSS Avg: 0.03249
[Wall TIME] >>> Coach.train takes 31.684505 seconds ...
[Coach] >>> TRAIN @Epoch: 195 >>>  || LOSS Avg: 0.03219
[Wall TIME] >>> Coach.train takes 31.520605 seconds ...
[Coach] >>> Better ***NDCG@20*** of ***0.0467*** 
[Coach] >>> VALID @Epoch: 195 >>>  || RECALL@1 Avg: 0.0135 || RECALL@10 Avg: 0.0695 || RECALL@20 Avg: 0.1065 || NDCG@10 Avg: 0.0373 || NDCG@20 Avg: 0.0467
[Wall TIME] >>> Coach.valid takes 1.555909 seconds ...
[Coach] >>> TRAIN @Epoch: 196 >>>  || LOSS Avg: 0.03215
[Wall TIME] >>> Coach.train takes 32.009363 seconds ...
[Coach] >>> TRAIN @Epoch: 197 >>>  || LOSS Avg: 0.03207
[Wall TIME] >>> Coach.train takes 31.740737 seconds ...
[Coach] >>> TRAIN @Epoch: 198 >>>  || LOSS Avg: 0.03253
[Wall TIME] >>> Coach.train takes 31.292649 seconds ...
[Coach] >>> TRAIN @Epoch: 199 >>>  || LOSS Avg: 0.03228
[Wall TIME] >>> Coach.train takes 31.723914 seconds ...
[Coach] >>> TRAIN @Epoch: 200 >>>  || LOSS Avg: 0.03235
[Wall TIME] >>> Coach.train takes 31.390537 seconds ...
[Coach] >>> Better ***NDCG@20*** of ***0.0469*** 
[Coach] >>> VALID @Epoch: 200 >>>  || RECALL@1 Avg: 0.0137 || RECALL@10 Avg: 0.0691 || RECALL@20 Avg: 0.1068 || NDCG@10 Avg: 0.0373 || NDCG@20 Avg: 0.0469
[Wall TIME] >>> Coach.valid takes 1.585715 seconds ...
[Coach] >>> TRAIN @Epoch: 201 >>>  || LOSS Avg: 0.03223
[Wall TIME] >>> Coach.train takes 31.612924 seconds ...
[Coach] >>> TRAIN @Epoch: 202 >>>  || LOSS Avg: 0.03208
[Wall TIME] >>> Coach.train takes 31.170553 seconds ...
[Coach] >>> TRAIN @Epoch: 203 >>>  || LOSS Avg: 0.03237
[Wall TIME] >>> Coach.train takes 31.243902 seconds ...
[Coach] >>> TRAIN @Epoch: 204 >>>  || LOSS Avg: 0.03208
[Wall TIME] >>> Coach.train takes 31.667526 seconds ...
[Coach] >>> TRAIN @Epoch: 205 >>>  || LOSS Avg: 0.03148
[Wall TIME] >>> Coach.train takes 31.301659 seconds ...
[Coach] >>> Better ***NDCG@20*** of ***0.0469*** 
[Coach] >>> VALID @Epoch: 205 >>>  || RECALL@1 Avg: 0.0135 || RECALL@10 Avg: 0.0699 || RECALL@20 Avg: 0.1066 || NDCG@10 Avg: 0.0375 || NDCG@20 Avg: 0.0469
[Wall TIME] >>> Coach.valid takes 1.566502 seconds ...
[Coach] >>> TRAIN @Epoch: 206 >>>  || LOSS Avg: 0.03191
[Wall TIME] >>> Coach.train takes 31.627991 seconds ...
[Coach] >>> TRAIN @Epoch: 207 >>>  || LOSS Avg: 0.03205
[Wall TIME] >>> Coach.train takes 31.090718 seconds ...
[Coach] >>> TRAIN @Epoch: 208 >>>  || LOSS Avg: 0.03202
[Wall TIME] >>> Coach.train takes 31.276221 seconds ...
[Coach] >>> TRAIN @Epoch: 209 >>>  || LOSS Avg: 0.03166
[Wall TIME] >>> Coach.train takes 31.728626 seconds ...
[Coach] >>> TRAIN @Epoch: 210 >>>  || LOSS Avg: 0.03189
[Wall TIME] >>> Coach.train takes 31.492808 seconds ...
[Coach] >>> VALID @Epoch: 210 >>>  || RECALL@1 Avg: 0.0135 || RECALL@10 Avg: 0.0700 || RECALL@20 Avg: 0.1062 || NDCG@10 Avg: 0.0375 || NDCG@20 Avg: 0.0467
[Wall TIME] >>> Coach.valid takes 1.521015 seconds ...
[Coach] >>> TRAIN @Epoch: 211 >>>  || LOSS Avg: 0.03178
[Wall TIME] >>> Coach.train takes 31.326674 seconds ...
[Coach] >>> TRAIN @Epoch: 212 >>>  || LOSS Avg: 0.03138
[Wall TIME] >>> Coach.train takes 31.418672 seconds ...
[Coach] >>> TRAIN @Epoch: 213 >>>  || LOSS Avg: 0.03145
[Wall TIME] >>> Coach.train takes 31.277019 seconds ...
[Coach] >>> TRAIN @Epoch: 214 >>>  || LOSS Avg: 0.03157
[Wall TIME] >>> Coach.train takes 31.588071 seconds ...
[Coach] >>> TRAIN @Epoch: 215 >>>  || LOSS Avg: 0.03174
[Wall TIME] >>> Coach.train takes 31.472973 seconds ...
[Coach] >>> VALID @Epoch: 215 >>>  || RECALL@1 Avg: 0.0135 || RECALL@10 Avg: 0.0700 || RECALL@20 Avg: 0.1064 || NDCG@10 Avg: 0.0376 || NDCG@20 Avg: 0.0468
[Wall TIME] >>> Coach.valid takes 1.510050 seconds ...
[Coach] >>> TRAIN @Epoch: 216 >>>  || LOSS Avg: 0.03139
[Wall TIME] >>> Coach.train takes 31.576802 seconds ...
[Coach] >>> TRAIN @Epoch: 217 >>>  || LOSS Avg: 0.03142
[Wall TIME] >>> Coach.train takes 31.292829 seconds ...
[Coach] >>> TRAIN @Epoch: 218 >>>  || LOSS Avg: 0.03133
[Wall TIME] >>> Coach.train takes 31.172306 seconds ...
[Coach] >>> TRAIN @Epoch: 219 >>>  || LOSS Avg: 0.03151
[Wall TIME] >>> Coach.train takes 31.701904 seconds ...
[Coach] >>> TRAIN @Epoch: 220 >>>  || LOSS Avg: 0.03119
[Wall TIME] >>> Coach.train takes 31.372170 seconds ...
[Coach] >>> VALID @Epoch: 220 >>>  || RECALL@1 Avg: 0.0136 || RECALL@10 Avg: 0.0694 || RECALL@20 Avg: 0.1062 || NDCG@10 Avg: 0.0374 || NDCG@20 Avg: 0.0468
[Wall TIME] >>> Coach.valid takes 1.529396 seconds ...
[Coach] >>> TRAIN @Epoch: 221 >>>  || LOSS Avg: 0.03108
[Wall TIME] >>> Coach.train takes 31.558114 seconds ...
[Coach] >>> TRAIN @Epoch: 222 >>>  || LOSS Avg: 0.03134
[Wall TIME] >>> Coach.train takes 31.134642 seconds ...
[Coach] >>> TRAIN @Epoch: 223 >>>  || LOSS Avg: 0.03138
[Wall TIME] >>> Coach.train takes 31.302667 seconds ...
[Coach] >>> TRAIN @Epoch: 224 >>>  || LOSS Avg: 0.03118
[Wall TIME] >>> Coach.train takes 31.512281 seconds ...
[Coach] >>> TRAIN @Epoch: 225 >>>  || LOSS Avg: 0.03120
[Wall TIME] >>> Coach.train takes 31.362531 seconds ...
[Coach] >>> VALID @Epoch: 225 >>>  || RECALL@1 Avg: 0.0133 || RECALL@10 Avg: 0.0703 || RECALL@20 Avg: 0.1056 || NDCG@10 Avg: 0.0376 || NDCG@20 Avg: 0.0465
[Wall TIME] >>> Coach.valid takes 1.512655 seconds ...
[Coach] >>> TRAIN @Epoch: 226 >>>  || LOSS Avg: 0.03106
[Wall TIME] >>> Coach.train takes 31.600351 seconds ...

[Epoch 150 Telemetry] BPR: 0.0335 | LHC: 5.6595 (lambda=0.000300) | Align: 6.9038 | Unif: -13.4752
[Epoch 151 Telemetry] BPR: 0.0336 | LHC: 5.6611 (lambda=0.000300) | Align: 6.9046 | Unif: -13.4843
[Epoch 152 Telemetry] BPR: 0.0331 | LHC: 5.6600 (lambda=0.000300) | Align: 6.9066 | Unif: -13.4739
[Epoch 153 Telemetry] BPR: 0.0329 | LHC: 5.6594 (lambda=0.000300) | Align: 6.9027 | Unif: -13.4821
[Epoch 154 Telemetry] BPR: 0.0330 | LHC: 5.6596 (lambda=0.000300) | Align: 6.9022 | Unif: -13.4907
[Epoch 155 Telemetry] BPR: 0.0332 | LHC: 5.6595 (lambda=0.000300) | Align: 6.9021 | Unif: -13.4803
[Epoch 156 Telemetry] BPR: 0.0328 | LHC: 5.6593 (lambda=0.000300) | Align: 6.9025 | Unif: -13.4705
[Epoch 157 Telemetry] BPR: 0.0330 | LHC: 5.6601 (lambda=0.000300) | Align: 6.9048 | Unif: -13.4792
[Epoch 158 Telemetry] BPR: 0.0329 | LHC: 5.6600 (lambda=0.000300) | Align: 6.9062 | Unif: -13.4873
[Epoch 159 Telemetry] BPR: 0.0331 | LHC: 5.6592 (lambda=0.000300) | Align: 6.9051 | Unif: -13.4842
[Gradient Diagnostics @ Epoch 160] rho_grad(BPR, LHC) = +0.1912 | Status: OK
[Epoch 160 Telemetry] BPR: 0.0327 | LHC: 5.6594 (lambda=0.000300) | Align: 6.9111 | Unif: -13.4870
[Epoch 161 Telemetry] BPR: 0.0323 | LHC: 5.6593 (lambda=0.000300) | Align: 6.9090 | Unif: -13.5033
[Epoch 162 Telemetry] BPR: 0.0328 | LHC: 5.6594 (lambda=0.000300) | Align: 6.9066 | Unif: -13.5060
[Epoch 163 Telemetry] BPR: 0.0324 | LHC: 5.6584 (lambda=0.000300) | Align: 6.9091 | Unif: -13.4915
[Epoch 164 Telemetry] BPR: 0.0327 | LHC: 5.6590 (lambda=0.000300) | Align: 6.9089 | Unif: -13.4911
[Epoch 165 Telemetry] BPR: 0.0324 | LHC: 5.6592 (lambda=0.000300) | Align: 6.9097 | Unif: -13.4796
[Epoch 166 Telemetry] BPR: 0.0325 | LHC: 5.6590 (lambda=0.000300) | Align: 6.9092 | Unif: -13.4797
[Epoch 167 Telemetry] BPR: 0.0324 | LHC: 5.6585 (lambda=0.000300) | Align: 6.9079 | Unif: -13.4936
[Epoch 168 Telemetry] BPR: 0.0320 | LHC: 5.6589 (lambda=0.000300) | Align: 6.9118 | Unif: -13.5068
[Epoch 169 Telemetry] BPR: 0.0321 | LHC: 5.6588 (lambda=0.000300) | Align: 6.9119 | Unif: -13.5139
[Gradient Diagnostics @ Epoch 170] rho_grad(BPR, LHC) = +0.1718 | Status: OK
[Epoch 170 Telemetry] BPR: 0.0322 | LHC: 5.6595 (lambda=0.000300) | Align: 6.9114 | Unif: -13.5032
[Epoch 171 Telemetry] BPR: 0.0320 | LHC: 5.6588 (lambda=0.000300) | Align: 6.9094 | Unif: -13.4949
[Epoch 172 Telemetry] BPR: 0.0319 | LHC: 5.6586 (lambda=0.000300) | Align: 6.9119 | Unif: -13.4913
[Epoch 173 Telemetry] BPR: 0.0316 | LHC: 5.6592 (lambda=0.000300) | Align: 6.9118 | Unif: -13.4973
[Epoch 174 Telemetry] BPR: 0.0318 | LHC: 5.6588 (lambda=0.000300) | Align: 6.9139 | Unif: -13.5216
[Epoch 175 Telemetry] BPR: 0.0317 | LHC: 5.6579 (lambda=0.000300) | Align: 6.9096 | Unif: -13.5116
[Epoch 176 Telemetry] BPR: 0.0319 | LHC: 5.6573 (lambda=0.000300) | Align: 6.9104 | Unif: -13.5045
[Epoch 177 Telemetry] BPR: 0.0319 | LHC: 5.6585 (lambda=0.000300) | Align: 6.9095 | Unif: -13.5040
[Epoch 178 Telemetry] BPR: 0.0316 | LHC: 5.6580 (lambda=0.000300) | Align: 6.9108 | Unif: -13.5260
[Epoch 179 Telemetry] BPR: 0.0316 | LHC: 5.6579 (lambda=0.000300) | Align: 6.9110 | Unif: -13.5321
[Gradient Diagnostics @ Epoch 180] rho_grad(BPR, LHC) = +0.1773 | Status: OK
[Epoch 180 Telemetry] BPR: 0.0316 | LHC: 5.6587 (lambda=0.000300) | Align: 6.9150 | Unif: -13.5269
[Epoch 181 Telemetry] BPR: 0.0318 | LHC: 5.6583 (lambda=0.000300) | Align: 6.9153 | Unif: -13.5219
[Epoch 182 Telemetry] BPR: 0.0314 | LHC: 5.6581 (lambda=0.000300) | Align: 6.9140 | Unif: -13.5335
[Epoch 183 Telemetry] BPR: 0.0311 | LHC: 5.6584 (lambda=0.000300) | Align: 6.9138 | Unif: -13.5622
[Epoch 184 Telemetry] BPR: 0.0315 | LHC: 5.6581 (lambda=0.000300) | Align: 6.9150 | Unif: -13.5686
[Epoch 185 Telemetry] BPR: 0.0313 | LHC: 5.6577 (lambda=0.000300) | Align: 6.9170 | Unif: -13.5680
[Epoch 186 Telemetry] BPR: 0.0312 | LHC: 5.6579 (lambda=0.000300) | Align: 6.9149 | Unif: -13.5543
[Epoch 187 Telemetry] BPR: 0.0311 | LHC: 5.6571 (lambda=0.000300) | Align: 6.9167 | Unif: -13.5798
[Epoch 188 Telemetry] BPR: 0.0311 | LHC: 5.6580 (lambda=0.000300) | Align: 6.9138 | Unif: -13.5714
[Epoch 189 Telemetry] BPR: 0.0311 | LHC: 5.6582 (lambda=0.000300) | Align: 6.9148 | Unif: -13.5806
[Gradient Diagnostics @ Epoch 190] rho_grad(BPR, LHC) = +0.1694 | Status: OK
[Epoch 190 Telemetry] BPR: 0.0310 | LHC: 5.6584 (lambda=0.000300) | Align: 6.9154 | Unif: -13.6177
[Epoch 191 Telemetry] BPR: 0.0310 | LHC: 5.6563 (lambda=0.000300) | Align: 6.9165 | Unif: -13.6003
[Epoch 192 Telemetry] BPR: 0.0308 | LHC: 5.6580 (lambda=0.000300) | Align: 6.9134 | Unif: -13.6073
[Epoch 193 Telemetry] BPR: 0.0307 | LHC: 5.6570 (lambda=0.000300) | Align: 6.9153 | Unif: -13.6169
[Epoch 194 Telemetry] BPR: 0.0308 | LHC: 5.6569 (lambda=0.000300) | Align: 6.9166 | Unif: -13.5959
[Epoch 195 Telemetry] BPR: 0.0305 | LHC: 5.6573 (lambda=0.000300) | Align: 6.9170 | Unif: -13.6143
[Epoch 196 Telemetry] BPR: 0.0304 | LHC: 5.6570 (lambda=0.000300) | Align: 6.9130 | Unif: -13.6204
[Epoch 197 Telemetry] BPR: 0.0304 | LHC: 5.6574 (lambda=0.000300) | Align: 6.9150 | Unif: -13.5869
[Epoch 198 Telemetry] BPR: 0.0309 | LHC: 5.6564 (lambda=0.000300) | Align: 6.9128 | Unif: -13.5896
[Epoch 199 Telemetry] BPR: 0.0306 | LHC: 5.6569 (lambda=0.000300) | Align: 6.9145 | Unif: -13.5928
[Gradient Diagnostics @ Epoch 200] rho_grad(BPR, LHC) = +0.1695 | Status: OK
[Epoch 200 Telemetry] BPR: 0.0307 | LHC: 5.6562 (lambda=0.000300) | Align: 6.9145 | Unif: -13.6113
[Epoch 201 Telemetry] BPR: 0.0306 | LHC: 5.6560 (lambda=0.000300) | Align: 6.9170 | Unif: -13.6037
[Epoch 202 Telemetry] BPR: 0.0304 | LHC: 5.6564 (lambda=0.000300) | Align: 6.9147 | Unif: -13.6003
[Epoch 203 Telemetry] BPR: 0.0307 | LHC: 5.6565 (lambda=0.000300) | Align: 6.9173 | Unif: -13.6081
[Epoch 204 Telemetry] BPR: 0.0304 | LHC: 5.6568 (lambda=0.000300) | Align: 6.9187 | Unif: -13.6054
[Epoch 205 Telemetry] BPR: 0.0298 | LHC: 5.6558 (lambda=0.000300) | Align: 6.9182 | Unif: -13.6091
[Epoch 206 Telemetry] BPR: 0.0302 | LHC: 5.6559 (lambda=0.000300) | Align: 6.9197 | Unif: -13.6041
[Epoch 207 Telemetry] BPR: 0.0303 | LHC: 5.6560 (lambda=0.000300) | Align: 6.9194 | Unif: -13.6115
[Epoch 208 Telemetry] BPR: 0.0303 | LHC: 5.6553 (lambda=0.000300) | Align: 6.9198 | Unif: -13.6271
[Epoch 209 Telemetry] BPR: 0.0300 | LHC: 5.6559 (lambda=0.000300) | Align: 6.9188 | Unif: -13.6128
[Gradient Diagnostics @ Epoch 210] rho_grad(BPR, LHC) = +0.1651 | Status: OK
[Epoch 210 Telemetry] BPR: 0.0302 | LHC: 5.6560 (lambda=0.000300) | Align: 6.9179 | Unif: -13.6279
[Epoch 211 Telemetry] BPR: 0.0301 | LHC: 5.6551 (lambda=0.000300) | Align: 6.9157 | Unif: -13.6451
[Epoch 212 Telemetry] BPR: 0.0297 | LHC: 5.6548 (lambda=0.000300) | Align: 6.9155 | Unif: -13.6446
[Epoch 213 Telemetry] BPR: 0.0298 | LHC: 5.6560 (lambda=0.000300) | Align: 6.9187 | Unif: -13.6334
[Epoch 214 Telemetry] BPR: 0.0299 | LHC: 5.6546 (lambda=0.000300) | Align: 6.9172 | Unif: -13.6499
[Epoch 215 Telemetry] BPR: 0.0300 | LHC: 5.6552 (lambda=0.000300) | Align: 6.9201 | Unif: -13.6616
[Epoch 216 Telemetry] BPR: 0.0297 | LHC: 5.6551 (lambda=0.000300) | Align: 6.9196 | Unif: -13.6468
[Epoch 217 Telemetry] BPR: 0.0297 | LHC: 5.6559 (lambda=0.000300) | Align: 6.9212 | Unif: -13.6684
[Epoch 218 Telemetry] BPR: 0.0296 | LHC: 5.6550 (lambda=0.000300) | Align: 6.9175 | Unif: -13.6470
[Epoch 219 Telemetry] BPR: 0.0298 | LHC: 5.6554 (lambda=0.000300) | Align: 6.9206 | Unif: -13.6414
[Gradient Diagnostics @ Epoch 220] rho_grad(BPR, LHC) = +0.1507 | Status: OK
[Epoch 220 Telemetry] BPR: 0.0295 | LHC: 5.6537 (lambda=0.000300) | Align: 6.9178 | Unif: -13.6439
[Epoch 221 Telemetry] BPR: 0.0294 | LHC: 5.6551 (lambda=0.000300) | Align: 6.9217 | Unif: -13.6393
[Epoch 222 Telemetry] BPR: 0.0296 | LHC: 5.6557 (lambda=0.000300) | Align: 6.9196 | Unif: -13.6440
[Epoch 223 Telemetry] BPR: 0.0297 | LHC: 5.6546 (lambda=0.000300) | Align: 6.9182 | Unif: -13.6512
[Epoch 224 Telemetry] BPR: 0.0295 | LHC: 5.6544 (lambda=0.000300) | Align: 6.9208 | Unif: -13.6695
[Epoch 225 Telemetry] BPR: 0.0295 | LHC: 5.6548 (lambda=0.000300) | Align: 6.9232 | Unif: -13.6679
[Epoch 226 Telemetry] BPR: 0.0293 | LHC: 5.6553 (lambda=0.000300) | Align: 6.9217 | Unif: -13.6489
[Epoch 227 Telemetry] BPR: 0.0294 | LHC: 5.6544 (lambda=0.000300) | Align: 6.9250 | Unif: -13.6434[Coach] >>> TRAIN @Epoch: 227 >>>  || LOSS Avg: 0.03107
[Wall TIME] >>> Coach.train takes 31.320078 seconds ...
[Coach] >>> TRAIN @Epoch: 228 >>>  || LOSS Avg: 0.03133
[Wall TIME] >>> Coach.train takes 31.207813 seconds ...
[Coach] >>> TRAIN @Epoch: 229 >>>  || LOSS Avg: 0.03079
[Wall TIME] >>> Coach.train takes 31.734011 seconds ...
[Coach] >>> TRAIN @Epoch: 230 >>>  || LOSS Avg: 0.03106
[Wall TIME] >>> Coach.train takes 31.348742 seconds ...
[Coach] >>> VALID @Epoch: 230 >>>  || RECALL@1 Avg: 0.0132 || RECALL@10 Avg: 0.0697 || RECALL@20 Avg: 0.1062 || NDCG@10 Avg: 0.0374 || NDCG@20 Avg: 0.0468
[Wall TIME] >>> Coach.valid takes 1.544751 seconds ...
[Coach] >>> TRAIN @Epoch: 231 >>>  || LOSS Avg: 0.03091
[Wall TIME] >>> Coach.train takes 31.607349 seconds ...
[Coach] >>> TRAIN @Epoch: 232 >>>  || LOSS Avg: 0.03103
[Wall TIME] >>> Coach.train takes 31.226628 seconds ...
[Coach] >>> TRAIN @Epoch: 233 >>>  || LOSS Avg: 0.03090
[Wall TIME] >>> Coach.train takes 31.217535 seconds ...
[Coach] >>> TRAIN @Epoch: 234 >>>  || LOSS Avg: 0.03063
[Wall TIME] >>> Coach.train takes 31.555646 seconds ...
[Coach] >>> TRAIN @Epoch: 235 >>>  || LOSS Avg: 0.03090
[Wall TIME] >>> Coach.train takes 31.614158 seconds ...
[Coach] >>> Better ***NDCG@20*** of ***0.0470*** 
[Coach] >>> VALID @Epoch: 235 >>>  || RECALL@1 Avg: 0.0138 || RECALL@10 Avg: 0.0702 || RECALL@20 Avg: 0.1062 || NDCG@10 Avg: 0.0378 || NDCG@20 Avg: 0.0470
[Wall TIME] >>> Coach.valid takes 1.555227 seconds ...
[Coach] >>> TRAIN @Epoch: 236 >>>  || LOSS Avg: 0.03073
[Wall TIME] >>> Coach.train takes 31.655958 seconds ...
[Coach] >>> TRAIN @Epoch: 237 >>>  || LOSS Avg: 0.03083
[Wall TIME] >>> Coach.train takes 31.432435 seconds ...
[Coach] >>> TRAIN @Epoch: 238 >>>  || LOSS Avg: 0.03097
[Wall TIME] >>> Coach.train takes 31.223002 seconds ...
[Coach] >>> TRAIN @Epoch: 239 >>>  || LOSS Avg: 0.03058
[Wall TIME] >>> Coach.train takes 31.667384 seconds ...
[Coach] >>> TRAIN @Epoch: 240 >>>  || LOSS Avg: 0.03084
[Wall TIME] >>> Coach.train takes 31.629116 seconds ...
[Coach] >>> VALID @Epoch: 240 >>>  || RECALL@1 Avg: 0.0135 || RECALL@10 Avg: 0.0703 || RECALL@20 Avg: 0.1062 || NDCG@10 Avg: 0.0378 || NDCG@20 Avg: 0.0469
[Wall TIME] >>> Coach.valid takes 1.531720 seconds ...
[Coach] >>> TRAIN @Epoch: 241 >>>  || LOSS Avg: 0.03097
[Wall TIME] >>> Coach.train takes 31.642191 seconds ...
[Coach] >>> TRAIN @Epoch: 242 >>>  || LOSS Avg: 0.03077
[Wall TIME] >>> Coach.train takes 31.210057 seconds ...
[Coach] >>> TRAIN @Epoch: 243 >>>  || LOSS Avg: 0.03054
[Wall TIME] >>> Coach.train takes 31.341290 seconds ...
[Coach] >>> TRAIN @Epoch: 244 >>>  || LOSS Avg: 0.03059
[Wall TIME] >>> Coach.train takes 31.797640 seconds ...
[Coach] >>> TRAIN @Epoch: 245 >>>  || LOSS Avg: 0.03067
[Wall TIME] >>> Coach.train takes 31.284368 seconds ...
[Coach] >>> Better ***NDCG@20*** of ***0.0471*** 
[Coach] >>> VALID @Epoch: 245 >>>  || RECALL@1 Avg: 0.0136 || RECALL@10 Avg: 0.0707 || RECALL@20 Avg: 0.1068 || NDCG@10 Avg: 0.0379 || NDCG@20 Avg: 0.0471
[Wall TIME] >>> Coach.valid takes 1.547091 seconds ...
[Coach] >>> TRAIN @Epoch: 246 >>>  || LOSS Avg: 0.03082
[Wall TIME] >>> Coach.train takes 31.623222 seconds ...
[Coach] >>> TRAIN @Epoch: 247 >>>  || LOSS Avg: 0.03067
[Wall TIME] >>> Coach.train takes 31.226969 seconds ...
[Coach] >>> TRAIN @Epoch: 248 >>>  || LOSS Avg: 0.03076
[Wall TIME] >>> Coach.train takes 31.287766 seconds ...
[Coach] >>> TRAIN @Epoch: 249 >>>  || LOSS Avg: 0.03059
[Wall TIME] >>> Coach.train takes 31.838715 seconds ...
[Coach] >>> TRAIN @Epoch: 250 >>>  || LOSS Avg: 0.03027
[Wall TIME] >>> Coach.train takes 31.530848 seconds ...
[Coach] >>> VALID @Epoch: 250 >>>  || RECALL@1 Avg: 0.0137 || RECALL@10 Avg: 0.0707 || RECALL@20 Avg: 0.1064 || NDCG@10 Avg: 0.0380 || NDCG@20 Avg: 0.0470
[Wall TIME] >>> Coach.valid takes 1.519164 seconds ...
[Coach] >>> TRAIN @Epoch: 251 >>>  || LOSS Avg: 0.03051
[Wall TIME] >>> Coach.train takes 31.543597 seconds ...
[Coach] >>> TRAIN @Epoch: 252 >>>  || LOSS Avg: 0.03034
[Wall TIME] >>> Coach.train takes 31.338737 seconds ...
[Coach] >>> TRAIN @Epoch: 253 >>>  || LOSS Avg: 0.03043
[Wall TIME] >>> Coach.train takes 31.033269 seconds ...
[Coach] >>> TRAIN @Epoch: 254 >>>  || LOSS Avg: 0.03026
[Wall TIME] >>> Coach.train takes 31.594780 seconds ...
[Coach] >>> TRAIN @Epoch: 255 >>>  || LOSS Avg: 0.03018
[Wall TIME] >>> Coach.train takes 31.424345 seconds ...
[Coach] >>> Better ***NDCG@20*** of ***0.0474*** 
[Coach] >>> VALID @Epoch: 255 >>>  || RECALL@1 Avg: 0.0136 || RECALL@10 Avg: 0.0702 || RECALL@20 Avg: 0.1079 || NDCG@10 Avg: 0.0378 || NDCG@20 Avg: 0.0474
[Wall TIME] >>> Coach.valid takes 1.565576 seconds ...
[Coach] >>> TRAIN @Epoch: 256 >>>  || LOSS Avg: 0.03025
[Wall TIME] >>> Coach.train takes 31.394567 seconds ...
[Coach] >>> TRAIN @Epoch: 257 >>>  || LOSS Avg: 0.03042
[Wall TIME] >>> Coach.train takes 31.224708 seconds ...
[Coach] >>> TRAIN @Epoch: 258 >>>  || LOSS Avg: 0.03013
[Wall TIME] >>> Coach.train takes 31.417314 seconds ...
[Coach] >>> TRAIN @Epoch: 259 >>>  || LOSS Avg: 0.03012
[Wall TIME] >>> Coach.train takes 31.659864 seconds ...
[Coach] >>> TRAIN @Epoch: 260 >>>  || LOSS Avg: 0.03043
[Wall TIME] >>> Coach.train takes 31.362595 seconds ...
[Coach] >>> VALID @Epoch: 260 >>>  || RECALL@1 Avg: 0.0136 || RECALL@10 Avg: 0.0708 || RECALL@20 Avg: 0.1077 || NDCG@10 Avg: 0.0380 || NDCG@20 Avg: 0.0474
[Wall TIME] >>> Coach.valid takes 1.552036 seconds ...
[Coach] >>> TRAIN @Epoch: 261 >>>  || LOSS Avg: 0.03004
[Wall TIME] >>> Coach.train takes 31.305346 seconds ...
[Coach] >>> TRAIN @Epoch: 262 >>>  || LOSS Avg: 0.03005
[Wall TIME] >>> Coach.train takes 31.058164 seconds ...
[Coach] >>> TRAIN @Epoch: 263 >>>  || LOSS Avg: 0.03016
[Wall TIME] >>> Coach.train takes 31.220859 seconds ...
[Coach] >>> TRAIN @Epoch: 264 >>>  || LOSS Avg: 0.03001
[Wall TIME] >>> Coach.train takes 31.642057 seconds ...
[Coach] >>> TRAIN @Epoch: 265 >>>  || LOSS Avg: 0.03009
[Wall TIME] >>> Coach.train takes 31.232728 seconds ...
[Coach] >>> VALID @Epoch: 265 >>>  || RECALL@1 Avg: 0.0133 || RECALL@10 Avg: 0.0713 || RECALL@20 Avg: 0.1080 || NDCG@10 Avg: 0.0381 || NDCG@20 Avg: 0.0474
[Wall TIME] >>> Coach.valid takes 1.520669 seconds ...
[Coach] >>> TRAIN @Epoch: 266 >>>  || LOSS Avg: 0.03018
[Wall TIME] >>> Coach.train takes 31.528606 seconds ...
[Coach] >>> TRAIN @Epoch: 267 >>>  || LOSS Avg: 0.03010
[Wall TIME] >>> Coach.train takes 31.262739 seconds ...
[Coach] >>> TRAIN @Epoch: 268 >>>  || LOSS Avg: 0.03023
[Wall TIME] >>> Coach.train takes 31.123574 seconds ...
[Coach] >>> TRAIN @Epoch: 269 >>>  || LOSS Avg: 0.02999
[Wall TIME] >>> Coach.train takes 31.847330 seconds ...
[Coach] >>> TRAIN @Epoch: 270 >>>  || LOSS Avg: 0.02980
[Wall TIME] >>> Coach.train takes 31.351662 seconds ...
[Coach] >>> VALID @Epoch: 270 >>>  || RECALL@1 Avg: 0.0137 || RECALL@10 Avg: 0.0707 || RECALL@20 Avg: 0.1078 || NDCG@10 Avg: 0.0379 || NDCG@20 Avg: 0.0473
[Wall TIME] >>> Coach.valid takes 1.557018 seconds ...
[Coach] >>> TRAIN @Epoch: 271 >>>  || LOSS Avg: 0.02997
[Wall TIME] >>> Coach.train takes 31.386502 seconds ...
[Coach] >>> TRAIN @Epoch: 272 >>>  || LOSS Avg: 0.02992
[Wall TIME] >>> Coach.train takes 31.277603 seconds ...
[Coach] >>> TRAIN @Epoch: 273 >>>  || LOSS Avg: 0.02979
[Wall TIME] >>> Coach.train takes 31.319129 seconds ...
[Coach] >>> TRAIN @Epoch: 274 >>>  || LOSS Avg: 0.02987
[Wall TIME] >>> Coach.train takes 31.841767 seconds ...
[Coach] >>> TRAIN @Epoch: 275 >>>  || LOSS Avg: 0.02962
[Wall TIME] >>> Coach.train takes 31.248239 seconds ...
[Coach] >>> Better ***NDCG@20*** of ***0.0476*** 
[Coach] >>> VALID @Epoch: 275 >>>  || RECALL@1 Avg: 0.0138 || RECALL@10 Avg: 0.0709 || RECALL@20 Avg: 0.1084 || NDCG@10 Avg: 0.0381 || NDCG@20 Avg: 0.0476
[Wall TIME] >>> Coach.valid takes 1.567955 seconds ...
[Coach] >>> TRAIN @Epoch: 276 >>>  || LOSS Avg: 0.02976
[Wall TIME] >>> Coach.train takes 31.510466 seconds ...
[Coach] >>> TRAIN @Epoch: 277 >>>  || LOSS Avg: 0.02973
[Wall TIME] >>> Coach.train takes 31.308728 seconds ...
[Coach] >>> TRAIN @Epoch: 278 >>>  || LOSS Avg: 0.02979
[Wall TIME] >>> Coach.train takes 31.397953 seconds ...
[Coach] >>> TRAIN @Epoch: 279 >>>  || LOSS Avg: 0.02962
[Wall TIME] >>> Coach.train takes 31.518408 seconds ...
[Coach] >>> TRAIN @Epoch: 280 >>>  || LOSS Avg: 0.02963
[Wall TIME] >>> Coach.train takes 31.347260 seconds ...
[Coach] >>> VALID @Epoch: 280 >>>  || RECALL@1 Avg: 0.0134 || RECALL@10 Avg: 0.0707 || RECALL@20 Avg: 0.1077 || NDCG@10 Avg: 0.0379 || NDCG@20 Avg: 0.0473
[Wall TIME] >>> Coach.valid takes 1.538702 seconds ...
[Coach] >>> TRAIN @Epoch: 281 >>>  || LOSS Avg: 0.02968
[Wall TIME] >>> Coach.train takes 31.616041 seconds ...
[Coach] >>> TRAIN @Epoch: 282 >>>  || LOSS Avg: 0.02978
[Wall TIME] >>> Coach.train takes 31.192909 seconds ...
[Coach] >>> TRAIN @Epoch: 283 >>>  || LOSS Avg: 0.02934
[Wall TIME] >>> Coach.train takes 31.298228 seconds ...
[Coach] >>> TRAIN @Epoch: 284 >>>  || LOSS Avg: 0.02960
[Wall TIME] >>> Coach.train takes 31.790325 seconds ...
[Coach] >>> TRAIN @Epoch: 285 >>>  || LOSS Avg: 0.02953
[Wall TIME] >>> Coach.train takes 31.078981 seconds ...
[Coach] >>> VALID @Epoch: 285 >>>  || RECALL@1 Avg: 0.0135 || RECALL@10 Avg: 0.0714 || RECALL@20 Avg: 0.1081 || NDCG@10 Avg: 0.0381 || NDCG@20 Avg: 0.0475
[Wall TIME] >>> Coach.valid takes 1.499944 seconds ...
[Coach] >>> TRAIN @Epoch: 286 >>>  || LOSS Avg: 0.02949
[Wall TIME] >>> Coach.train takes 31.403524 seconds ...
[Coach] >>> TRAIN @Epoch: 287 >>>  || LOSS Avg: 0.02939
[Wall TIME] >>> Coach.train takes 31.096841 seconds ...
[Coach] >>> TRAIN @Epoch: 288 >>>  || LOSS Avg: 0.02955
[Wall TIME] >>> Coach.train takes 31.150894 seconds ...
[Coach] >>> TRAIN @Epoch: 289 >>>  || LOSS Avg: 0.02929
[Wall TIME] >>> Coach.train takes 31.401063 seconds ...
[Coach] >>> TRAIN @Epoch: 290 >>>  || LOSS Avg: 0.02934
[Wall TIME] >>> Coach.train takes 31.346231 seconds ...
[Coach] >>> VALID @Epoch: 290 >>>  || RECALL@1 Avg: 0.0137 || RECALL@10 Avg: 0.0708 || RECALL@20 Avg: 0.1074 || NDCG@10 Avg: 0.0380 || NDCG@20 Avg: 0.0473
[Wall TIME] >>> Coach.valid takes 1.541221 seconds ...
[Coach] >>> TRAIN @Epoch: 291 >>>  || LOSS Avg: 0.02949
[Wall TIME] >>> Coach.train takes 31.489531 seconds ...
[Coach] >>> TRAIN @Epoch: 292 >>>  || LOSS Avg: 0.02932
[Wall TIME] >>> Coach.train takes 31.285800 seconds ...
[Coach] >>> TRAIN @Epoch: 293 >>>  || LOSS Avg: 0.02935
[Wall TIME] >>> Coach.train takes 31.184952 seconds ...
[Coach] >>> TRAIN @Epoch: 294 >>>  || LOSS Avg: 0.02942
[Wall TIME] >>> Coach.train takes 31.631584 seconds ...
[Coach] >>> TRAIN @Epoch: 295 >>>  || LOSS Avg: 0.02950
[Wall TIME] >>> Coach.train takes 31.222955 seconds ...
[Coach] >>> VALID @Epoch: 295 >>>  || RECALL@1 Avg: 0.0134 || RECALL@10 Avg: 0.0707 || RECALL@20 Avg: 0.1076 || NDCG@10 Avg: 0.0379 || NDCG@20 Avg: 0.0472
[Wall TIME] >>> Coach.valid takes 1.521275 seconds ...
[Coach] >>> TRAIN @Epoch: 296 >>>  || LOSS Avg: 0.02941
[Wall TIME] >>> Coach.train takes 31.588355 seconds ...
[Coach] >>> TRAIN @Epoch: 297 >>>  || LOSS Avg: 0.02901
[Wall TIME] >>> Coach.train takes 31.215829 seconds ...
[Coach] >>> TRAIN @Epoch: 298 >>>  || LOSS Avg: 0.02923
[Wall TIME] >>> Coach.train takes 31.226506 seconds ...
[Coach] >>> TRAIN @Epoch: 299 >>>  || LOSS Avg: 0.02931
[Wall TIME] >>> Coach.train takes 31.526102 seconds ...
[Coach] >>> TRAIN @Epoch: 300 >>>  || LOSS Avg: 0.02940
[Wall TIME] >>> Coach.train takes 31.251101 seconds ...
[Coach] >>> VALID @Epoch: 300 >>>  || RECALL@1 Avg: 0.0139 || RECALL@10 Avg: 0.0709 || RECALL@20 Avg: 0.1071 || NDCG@10 Avg: 0.0381 || NDCG@20 Avg: 0.0473
[Wall TIME] >>> Coach.valid takes 1.534121 seconds ...
[Coach] >>> TRAIN @Epoch: 301 >>>  || LOSS Avg: 0.02931
[Wall TIME] >>> Coach.train takes 31.510352 seconds ...
[Coach] >>> TRAIN @Epoch: 302 >>>  || LOSS Avg: 0.02917
[Wall TIME] >>> Coach.train takes 31.091111 seconds ...
[Coach] >>> TRAIN @Epoch: 303 >>>  || LOSS Avg: 0.02946
[Wall TIME] >>> Coach.train takes 31.125668 seconds ...

[Epoch 228 Telemetry] BPR: 0.0297 | LHC: 5.6542 (lambda=0.000300) | Align: 6.9229 | Unif: -13.6585
[Epoch 229 Telemetry] BPR: 0.0291 | LHC: 5.6546 (lambda=0.000300) | Align: 6.9221 | Unif: -13.6415
[Gradient Diagnostics @ Epoch 230] rho_grad(BPR, LHC) = +0.1564 | Status: OK
[Epoch 230 Telemetry] BPR: 0.0294 | LHC: 5.6536 (lambda=0.000300) | Align: 6.9226 | Unif: -13.6752
[Epoch 231 Telemetry] BPR: 0.0292 | LHC: 5.6539 (lambda=0.000300) | Align: 6.9236 | Unif: -13.6746
[Epoch 232 Telemetry] BPR: 0.0293 | LHC: 5.6543 (lambda=0.000300) | Align: 6.9235 | Unif: -13.6849
[Epoch 233 Telemetry] BPR: 0.0292 | LHC: 5.6543 (lambda=0.000300) | Align: 6.9234 | Unif: -13.6872
[Epoch 234 Telemetry] BPR: 0.0289 | LHC: 5.6539 (lambda=0.000300) | Align: 6.9231 | Unif: -13.6957
[Epoch 235 Telemetry] BPR: 0.0292 | LHC: 5.6550 (lambda=0.000300) | Align: 6.9264 | Unif: -13.6847
[Epoch 236 Telemetry] BPR: 0.0290 | LHC: 5.6538 (lambda=0.000300) | Align: 6.9212 | Unif: -13.6902
[Epoch 237 Telemetry] BPR: 0.0291 | LHC: 5.6542 (lambda=0.000300) | Align: 6.9222 | Unif: -13.6749
[Epoch 238 Telemetry] BPR: 0.0293 | LHC: 5.6532 (lambda=0.000300) | Align: 6.9240 | Unif: -13.6898
[Epoch 239 Telemetry] BPR: 0.0289 | LHC: 5.6536 (lambda=0.000300) | Align: 6.9256 | Unif: -13.7108
[Gradient Diagnostics @ Epoch 240] rho_grad(BPR, LHC) = +0.1640 | Status: OK
[Epoch 240 Telemetry] BPR: 0.0291 | LHC: 5.6541 (lambda=0.000300) | Align: 6.9274 | Unif: -13.7030
[Epoch 241 Telemetry] BPR: 0.0293 | LHC: 5.6529 (lambda=0.000300) | Align: 6.9273 | Unif: -13.7122
[Epoch 242 Telemetry] BPR: 0.0291 | LHC: 5.6537 (lambda=0.000300) | Align: 6.9269 | Unif: -13.7193
[Epoch 243 Telemetry] BPR: 0.0289 | LHC: 5.6532 (lambda=0.000300) | Align: 6.9301 | Unif: -13.7315
[Epoch 244 Telemetry] BPR: 0.0289 | LHC: 5.6538 (lambda=0.000300) | Align: 6.9310 | Unif: -13.7420
[Epoch 245 Telemetry] BPR: 0.0290 | LHC: 5.6539 (lambda=0.000300) | Align: 6.9299 | Unif: -13.7173
[Epoch 246 Telemetry] BPR: 0.0291 | LHC: 5.6541 (lambda=0.000300) | Align: 6.9284 | Unif: -13.7450
[Epoch 247 Telemetry] BPR: 0.0290 | LHC: 5.6541 (lambda=0.000300) | Align: 6.9340 | Unif: -13.7479
[Epoch 248 Telemetry] BPR: 0.0291 | LHC: 5.6538 (lambda=0.000300) | Align: 6.9347 | Unif: -13.7610
[Epoch 249 Telemetry] BPR: 0.0289 | LHC: 5.6535 (lambda=0.000300) | Align: 6.9338 | Unif: -13.7664
[Gradient Diagnostics @ Epoch 250] rho_grad(BPR, LHC) = +0.1580 | Status: OK
[Epoch 250 Telemetry] BPR: 0.0286 | LHC: 5.6528 (lambda=0.000300) | Align: 6.9277 | Unif: -13.7615
[Epoch 251 Telemetry] BPR: 0.0288 | LHC: 5.6541 (lambda=0.000300) | Align: 6.9321 | Unif: -13.7639
[Epoch 252 Telemetry] BPR: 0.0287 | LHC: 5.6532 (lambda=0.000300) | Align: 6.9300 | Unif: -13.7666
[Epoch 253 Telemetry] BPR: 0.0287 | LHC: 5.6530 (lambda=0.000300) | Align: 6.9306 | Unif: -13.7387
[Epoch 254 Telemetry] BPR: 0.0286 | LHC: 5.6518 (lambda=0.000300) | Align: 6.9293 | Unif: -13.7520
[Epoch 255 Telemetry] BPR: 0.0285 | LHC: 5.6532 (lambda=0.000300) | Align: 6.9300 | Unif: -13.7449
[Epoch 256 Telemetry] BPR: 0.0285 | LHC: 5.6527 (lambda=0.000300) | Align: 6.9298 | Unif: -13.7413
[Epoch 257 Telemetry] BPR: 0.0287 | LHC: 5.6525 (lambda=0.000300) | Align: 6.9278 | Unif: -13.7373
[Epoch 258 Telemetry] BPR: 0.0284 | LHC: 5.6524 (lambda=0.000300) | Align: 6.9317 | Unif: -13.7659
[Epoch 259 Telemetry] BPR: 0.0284 | LHC: 5.6536 (lambda=0.000300) | Align: 6.9315 | Unif: -13.7474
[Gradient Diagnostics @ Epoch 260] rho_grad(BPR, LHC) = +0.1823 | Status: OK
[Epoch 260 Telemetry] BPR: 0.0288 | LHC: 5.6518 (lambda=0.000300) | Align: 6.9304 | Unif: -13.7322
[Epoch 261 Telemetry] BPR: 0.0284 | LHC: 5.6528 (lambda=0.000300) | Align: 6.9328 | Unif: -13.7520
[Epoch 262 Telemetry] BPR: 0.0284 | LHC: 5.6513 (lambda=0.000300) | Align: 6.9295 | Unif: -13.7443
[Epoch 263 Telemetry] BPR: 0.0285 | LHC: 5.6524 (lambda=0.000300) | Align: 6.9311 | Unif: -13.7260
[Epoch 264 Telemetry] BPR: 0.0283 | LHC: 5.6519 (lambda=0.000300) | Align: 6.9325 | Unif: -13.7526
[Epoch 265 Telemetry] BPR: 0.0284 | LHC: 5.6522 (lambda=0.000300) | Align: 6.9344 | Unif: -13.7408
[Epoch 266 Telemetry] BPR: 0.0285 | LHC: 5.6519 (lambda=0.000300) | Align: 6.9323 | Unif: -13.7540
[Epoch 267 Telemetry] BPR: 0.0284 | LHC: 5.6523 (lambda=0.000300) | Align: 6.9327 | Unif: -13.7497
[Epoch 268 Telemetry] BPR: 0.0285 | LHC: 5.6522 (lambda=0.000300) | Align: 6.9346 | Unif: -13.7399
[Epoch 269 Telemetry] BPR: 0.0283 | LHC: 5.6531 (lambda=0.000300) | Align: 6.9385 | Unif: -13.7585
[Gradient Diagnostics @ Epoch 270] rho_grad(BPR, LHC) = +0.1633 | Status: OK
[Epoch 270 Telemetry] BPR: 0.0281 | LHC: 5.6513 (lambda=0.000300) | Align: 6.9307 | Unif: -13.7529
[Epoch 271 Telemetry] BPR: 0.0283 | LHC: 5.6518 (lambda=0.000300) | Align: 6.9306 | Unif: -13.7613
[Epoch 272 Telemetry] BPR: 0.0282 | LHC: 5.6511 (lambda=0.000300) | Align: 6.9302 | Unif: -13.7871
[Epoch 273 Telemetry] BPR: 0.0281 | LHC: 5.6515 (lambda=0.000300) | Align: 6.9329 | Unif: -13.7701
[Epoch 274 Telemetry] BPR: 0.0282 | LHC: 5.6519 (lambda=0.000300) | Align: 6.9331 | Unif: -13.7396
[Epoch 275 Telemetry] BPR: 0.0279 | LHC: 5.6513 (lambda=0.000300) | Align: 6.9309 | Unif: -13.7494
[Epoch 276 Telemetry] BPR: 0.0281 | LHC: 5.6513 (lambda=0.000300) | Align: 6.9332 | Unif: -13.7565
[Epoch 277 Telemetry] BPR: 0.0280 | LHC: 5.6515 (lambda=0.000300) | Align: 6.9318 | Unif: -13.7738
[Epoch 278 Telemetry] BPR: 0.0281 | LHC: 5.6511 (lambda=0.000300) | Align: 6.9343 | Unif: -13.7603
[Epoch 279 Telemetry] BPR: 0.0279 | LHC: 5.6509 (lambda=0.000300) | Align: 6.9332 | Unif: -13.7890
[Gradient Diagnostics @ Epoch 280] rho_grad(BPR, LHC) = +0.1713 | Status: OK
[Epoch 280 Telemetry] BPR: 0.0280 | LHC: 5.6513 (lambda=0.000300) | Align: 6.9342 | Unif: -13.7702
[Epoch 281 Telemetry] BPR: 0.0280 | LHC: 5.6516 (lambda=0.000300) | Align: 6.9329 | Unif: -13.7864
[Epoch 282 Telemetry] BPR: 0.0281 | LHC: 5.6514 (lambda=0.000300) | Align: 6.9380 | Unif: -13.8026
[Epoch 283 Telemetry] BPR: 0.0276 | LHC: 5.6510 (lambda=0.000300) | Align: 6.9315 | Unif: -13.7892
[Epoch 284 Telemetry] BPR: 0.0279 | LHC: 5.6515 (lambda=0.000300) | Align: 6.9349 | Unif: -13.7682
[Epoch 285 Telemetry] BPR: 0.0278 | LHC: 5.6502 (lambda=0.000300) | Align: 6.9304 | Unif: -13.7804
[Epoch 286 Telemetry] BPR: 0.0278 | LHC: 5.6507 (lambda=0.000300) | Align: 6.9333 | Unif: -13.7741
[Epoch 287 Telemetry] BPR: 0.0277 | LHC: 5.6495 (lambda=0.000300) | Align: 6.9314 | Unif: -13.7614
[Epoch 288 Telemetry] BPR: 0.0279 | LHC: 5.6506 (lambda=0.000300) | Align: 6.9320 | Unif: -13.7652
[Epoch 289 Telemetry] BPR: 0.0276 | LHC: 5.6504 (lambda=0.000300) | Align: 6.9317 | Unif: -13.7615
[Gradient Diagnostics @ Epoch 290] rho_grad(BPR, LHC) = +0.1416 | Status: OK
[Epoch 290 Telemetry] BPR: 0.0276 | LHC: 5.6498 (lambda=0.000300) | Align: 6.9323 | Unif: -13.7665
[Epoch 291 Telemetry] BPR: 0.0278 | LHC: 5.6503 (lambda=0.000300) | Align: 6.9353 | Unif: -13.7444
[Epoch 292 Telemetry] BPR: 0.0276 | LHC: 5.6497 (lambda=0.000300) | Align: 6.9334 | Unif: -13.7830
[Epoch 293 Telemetry] BPR: 0.0276 | LHC: 5.6496 (lambda=0.000300) | Align: 6.9328 | Unif: -13.7819
[Epoch 294 Telemetry] BPR: 0.0277 | LHC: 5.6493 (lambda=0.000300) | Align: 6.9305 | Unif: -13.7567
[Epoch 295 Telemetry] BPR: 0.0278 | LHC: 5.6499 (lambda=0.000300) | Align: 6.9350 | Unif: -13.7761
[Epoch 296 Telemetry] BPR: 0.0277 | LHC: 5.6504 (lambda=0.000300) | Align: 6.9384 | Unif: -13.7862
[Epoch 297 Telemetry] BPR: 0.0273 | LHC: 5.6497 (lambda=0.000300) | Align: 6.9325 | Unif: -13.7647
[Epoch 298 Telemetry] BPR: 0.0275 | LHC: 5.6497 (lambda=0.000300) | Align: 6.9359 | Unif: -13.7833
[Epoch 299 Telemetry] BPR: 0.0276 | LHC: 5.6493 (lambda=0.000300) | Align: 6.9390 | Unif: -13.7812
[Gradient Diagnostics @ Epoch 300] rho_grad(BPR, LHC) = +0.1642 | Status: OK
[Epoch 300 Telemetry] BPR: 0.0277 | LHC: 5.6492 (lambda=0.000300) | Align: 6.9371 | Unif: -13.7808
[Epoch 301 Telemetry] BPR: 0.0276 | LHC: 5.6495 (lambda=0.000300) | Align: 6.9393 | Unif: -13.7651
[Epoch 302 Telemetry] BPR: 0.0275 | LHC: 5.6502 (lambda=0.000300) | Align: 6.9394 | Unif: -13.7791
[Epoch 303 Telemetry] BPR: 0.0278 | LHC: 5.6492 (lambda=0.000300) | Align: 6.9393 | Unif: -13.7884
[Epoch 304 Telemetry] BPR: 0.0276 | LHC: 5.6493 (lambda=0.000300) | Align: 6.9403 | Unif: -13.7605[Coach] >>> TRAIN @Epoch: 304 >>>  || LOSS Avg: 0.02935
[Wall TIME] >>> Coach.train takes 31.815104 seconds ...
[Coach] >>> TRAIN @Epoch: 305 >>>  || LOSS Avg: 0.02915
[Wall TIME] >>> Coach.train takes 31.245152 seconds ...
[Coach] >>> VALID @Epoch: 305 >>>  || RECALL@1 Avg: 0.0138 || RECALL@10 Avg: 0.0707 || RECALL@20 Avg: 0.1069 || NDCG@10 Avg: 0.0381 || NDCG@20 Avg: 0.0473
[Wall TIME] >>> Coach.valid takes 1.505491 seconds ...
[Coach] >>> TRAIN @Epoch: 306 >>>  || LOSS Avg: 0.02879
[Wall TIME] >>> Coach.train takes 31.556558 seconds ...
[Coach] >>> TRAIN @Epoch: 307 >>>  || LOSS Avg: 0.02900
[Wall TIME] >>> Coach.train takes 31.332883 seconds ...
[Coach] >>> TRAIN @Epoch: 308 >>>  || LOSS Avg: 0.02881
[Wall TIME] >>> Coach.train takes 31.169040 seconds ...
[Coach] >>> TRAIN @Epoch: 309 >>>  || LOSS Avg: 0.02922
[Wall TIME] >>> Coach.train takes 31.617117 seconds ...
[Coach] >>> TRAIN @Epoch: 310 >>>  || LOSS Avg: 0.02931
[Wall TIME] >>> Coach.train takes 31.353014 seconds ...
[Coach] >>> Better ***NDCG@20*** of ***0.0476*** 
[Coach] >>> VALID @Epoch: 310 >>>  || RECALL@1 Avg: 0.0139 || RECALL@10 Avg: 0.0705 || RECALL@20 Avg: 0.1078 || NDCG@10 Avg: 0.0381 || NDCG@20 Avg: 0.0476
[Wall TIME] >>> Coach.valid takes 1.575818 seconds ...
[Coach] >>> TRAIN @Epoch: 311 >>>  || LOSS Avg: 0.02874
[Wall TIME] >>> Coach.train takes 31.569801 seconds ...
[Coach] >>> TRAIN @Epoch: 312 >>>  || LOSS Avg: 0.02930
[Wall TIME] >>> Coach.train takes 31.261480 seconds ...
[Coach] >>> TRAIN @Epoch: 313 >>>  || LOSS Avg: 0.02895
[Wall TIME] >>> Coach.train takes 31.271393 seconds ...
[Coach] >>> TRAIN @Epoch: 314 >>>  || LOSS Avg: 0.02875
[Wall TIME] >>> Coach.train takes 31.555414 seconds ...
[Coach] >>> TRAIN @Epoch: 315 >>>  || LOSS Avg: 0.02888
[Wall TIME] >>> Coach.train takes 31.180005 seconds ...
[Coach] >>> Better ***NDCG@20*** of ***0.0476*** 
[Coach] >>> VALID @Epoch: 315 >>>  || RECALL@1 Avg: 0.0141 || RECALL@10 Avg: 0.0709 || RECALL@20 Avg: 0.1074 || NDCG@10 Avg: 0.0383 || NDCG@20 Avg: 0.0476
[Wall TIME] >>> Coach.valid takes 1.558975 seconds ...
[Coach] >>> TRAIN @Epoch: 316 >>>  || LOSS Avg: 0.02880
[Wall TIME] >>> Coach.train takes 31.396947 seconds ...
[Coach] >>> TRAIN @Epoch: 317 >>>  || LOSS Avg: 0.02874
[Wall TIME] >>> Coach.train takes 31.045285 seconds ...
[Coach] >>> TRAIN @Epoch: 318 >>>  || LOSS Avg: 0.02878
[Wall TIME] >>> Coach.train takes 31.180359 seconds ...
[Coach] >>> TRAIN @Epoch: 319 >>>  || LOSS Avg: 0.02876
[Wall TIME] >>> Coach.train takes 31.609278 seconds ...
[Coach] >>> TRAIN @Epoch: 320 >>>  || LOSS Avg: 0.02871
[Wall TIME] >>> Coach.train takes 31.301109 seconds ...
[Coach] >>> VALID @Epoch: 320 >>>  || RECALL@1 Avg: 0.0140 || RECALL@10 Avg: 0.0715 || RECALL@20 Avg: 0.1075 || NDCG@10 Avg: 0.0385 || NDCG@20 Avg: 0.0476
[Wall TIME] >>> Coach.valid takes 1.516425 seconds ...
[Coach] >>> TRAIN @Epoch: 321 >>>  || LOSS Avg: 0.02869
[Wall TIME] >>> Coach.train takes 31.500659 seconds ...
[Coach] >>> TRAIN @Epoch: 322 >>>  || LOSS Avg: 0.02871
[Wall TIME] >>> Coach.train takes 31.142023 seconds ...
[Coach] >>> TRAIN @Epoch: 323 >>>  || LOSS Avg: 0.02876
[Wall TIME] >>> Coach.train takes 31.276622 seconds ...
[Coach] >>> TRAIN @Epoch: 324 >>>  || LOSS Avg: 0.02872
[Wall TIME] >>> Coach.train takes 31.451360 seconds ...
[Coach] >>> TRAIN @Epoch: 325 >>>  || LOSS Avg: 0.02863
[Wall TIME] >>> Coach.train takes 31.219202 seconds ...
[Coach] >>> Better ***NDCG@20*** of ***0.0476*** 
[Coach] >>> VALID @Epoch: 325 >>>  || RECALL@1 Avg: 0.0141 || RECALL@10 Avg: 0.0711 || RECALL@20 Avg: 0.1077 || NDCG@10 Avg: 0.0384 || NDCG@20 Avg: 0.0476
[Wall TIME] >>> Coach.valid takes 1.605190 seconds ...
[Coach] >>> TRAIN @Epoch: 326 >>>  || LOSS Avg: 0.02875
[Wall TIME] >>> Coach.train takes 31.391598 seconds ...
[Coach] >>> TRAIN @Epoch: 327 >>>  || LOSS Avg: 0.02860
[Wall TIME] >>> Coach.train takes 31.102039 seconds ...
[Coach] >>> TRAIN @Epoch: 328 >>>  || LOSS Avg: 0.02864
[Wall TIME] >>> Coach.train takes 31.089792 seconds ...
[Coach] >>> TRAIN @Epoch: 329 >>>  || LOSS Avg: 0.02850
[Wall TIME] >>> Coach.train takes 31.518815 seconds ...
[Coach] >>> TRAIN @Epoch: 330 >>>  || LOSS Avg: 0.02833
[Wall TIME] >>> Coach.train takes 31.351011 seconds ...
[Coach] >>> Better ***NDCG@20*** of ***0.0478*** 
[Coach] >>> VALID @Epoch: 330 >>>  || RECALL@1 Avg: 0.0139 || RECALL@10 Avg: 0.0711 || RECALL@20 Avg: 0.1082 || NDCG@10 Avg: 0.0384 || NDCG@20 Avg: 0.0478
[Wall TIME] >>> Coach.valid takes 1.585307 seconds ...
[Coach] >>> TRAIN @Epoch: 331 >>>  || LOSS Avg: 0.02851
[Wall TIME] >>> Coach.train takes 31.514032 seconds ...
[Coach] >>> TRAIN @Epoch: 332 >>>  || LOSS Avg: 0.02845
[Wall TIME] >>> Coach.train takes 31.057770 seconds ...
[Coach] >>> TRAIN @Epoch: 333 >>>  || LOSS Avg: 0.02873
[Wall TIME] >>> Coach.train takes 31.276411 seconds ...
[Coach] >>> TRAIN @Epoch: 334 >>>  || LOSS Avg: 0.02861
[Wall TIME] >>> Coach.train takes 31.398651 seconds ...
[Coach] >>> TRAIN @Epoch: 335 >>>  || LOSS Avg: 0.02863
[Wall TIME] >>> Coach.train takes 31.125722 seconds ...
[Coach] >>> VALID @Epoch: 335 >>>  || RECALL@1 Avg: 0.0139 || RECALL@10 Avg: 0.0709 || RECALL@20 Avg: 0.1080 || NDCG@10 Avg: 0.0383 || NDCG@20 Avg: 0.0477
[Wall TIME] >>> Coach.valid takes 1.515713 seconds ...
[Coach] >>> TRAIN @Epoch: 336 >>>  || LOSS Avg: 0.02869
[Wall TIME] >>> Coach.train takes 31.503166 seconds ...
[Coach] >>> TRAIN @Epoch: 337 >>>  || LOSS Avg: 0.02879
[Wall TIME] >>> Coach.train takes 31.152804 seconds ...
[Coach] >>> TRAIN @Epoch: 338 >>>  || LOSS Avg: 0.02837
[Wall TIME] >>> Coach.train takes 31.308220 seconds ...
[Coach] >>> TRAIN @Epoch: 339 >>>  || LOSS Avg: 0.02872
[Wall TIME] >>> Coach.train takes 31.650671 seconds ...
[Coach] >>> TRAIN @Epoch: 340 >>>  || LOSS Avg: 0.02846
[Wall TIME] >>> Coach.train takes 31.382486 seconds ...
[Coach] >>> Better ***NDCG@20*** of ***0.0478*** 
[Coach] >>> VALID @Epoch: 340 >>>  || RECALL@1 Avg: 0.0137 || RECALL@10 Avg: 0.0706 || RECALL@20 Avg: 0.1083 || NDCG@10 Avg: 0.0382 || NDCG@20 Avg: 0.0478
[Wall TIME] >>> Coach.valid takes 1.572905 seconds ...
[Coach] >>> TRAIN @Epoch: 341 >>>  || LOSS Avg: 0.02854
[Wall TIME] >>> Coach.train takes 31.574363 seconds ...
[Coach] >>> TRAIN @Epoch: 342 >>>  || LOSS Avg: 0.02854
[Wall TIME] >>> Coach.train takes 31.177680 seconds ...
[Coach] >>> TRAIN @Epoch: 343 >>>  || LOSS Avg: 0.02822
[Wall TIME] >>> Coach.train takes 31.364058 seconds ...
[Coach] >>> TRAIN @Epoch: 344 >>>  || LOSS Avg: 0.02837
[Wall TIME] >>> Coach.train takes 31.610873 seconds ...
[Coach] >>> TRAIN @Epoch: 345 >>>  || LOSS Avg: 0.02843
[Wall TIME] >>> Coach.train takes 31.228030 seconds ...
[Coach] >>> Better ***NDCG@20*** of ***0.0479*** 
[Coach] >>> VALID @Epoch: 345 >>>  || RECALL@1 Avg: 0.0138 || RECALL@10 Avg: 0.0712 || RECALL@20 Avg: 0.1085 || NDCG@10 Avg: 0.0384 || NDCG@20 Avg: 0.0479
[Wall TIME] >>> Coach.valid takes 1.549830 seconds ...
[Coach] >>> TRAIN @Epoch: 346 >>>  || LOSS Avg: 0.02843
[Wall TIME] >>> Coach.train takes 31.529266 seconds ...
[Coach] >>> TRAIN @Epoch: 347 >>>  || LOSS Avg: 0.02855
[Wall TIME] >>> Coach.train takes 31.223612 seconds ...
[Coach] >>> TRAIN @Epoch: 348 >>>  || LOSS Avg: 0.02843
[Wall TIME] >>> Coach.train takes 31.031770 seconds ...
[Coach] >>> TRAIN @Epoch: 349 >>>  || LOSS Avg: 0.02862
[Wall TIME] >>> Coach.train takes 31.853804 seconds ...
[Coach] >>> TRAIN @Epoch: 350 >>>  || LOSS Avg: 0.02831
[Wall TIME] >>> Coach.train takes 31.375302 seconds ...
[Coach] >>> Better ***NDCG@20*** of ***0.0479*** 
[Coach] >>> VALID @Epoch: 350 >>>  || RECALL@1 Avg: 0.0139 || RECALL@10 Avg: 0.0711 || RECALL@20 Avg: 0.1084 || NDCG@10 Avg: 0.0385 || NDCG@20 Avg: 0.0479
[Wall TIME] >>> Coach.valid takes 1.570429 seconds ...
[Coach] >>> TRAIN @Epoch: 351 >>>  || LOSS Avg: 0.02809
[Wall TIME] >>> Coach.train takes 31.571436 seconds ...
[Coach] >>> TRAIN @Epoch: 352 >>>  || LOSS Avg: 0.02844
[Wall TIME] >>> Coach.train takes 31.390199 seconds ...
[Coach] >>> TRAIN @Epoch: 353 >>>  || LOSS Avg: 0.02832
[Wall TIME] >>> Coach.train takes 31.296267 seconds ...
[Coach] >>> TRAIN @Epoch: 354 >>>  || LOSS Avg: 0.02840
[Wall TIME] >>> Coach.train takes 31.384856 seconds ...
[Coach] >>> TRAIN @Epoch: 355 >>>  || LOSS Avg: 0.02845
[Wall TIME] >>> Coach.train takes 31.271457 seconds ...
[Coach] >>> VALID @Epoch: 355 >>>  || RECALL@1 Avg: 0.0134 || RECALL@10 Avg: 0.0710 || RECALL@20 Avg: 0.1079 || NDCG@10 Avg: 0.0382 || NDCG@20 Avg: 0.0476
[Wall TIME] >>> Coach.valid takes 1.526072 seconds ...
[Coach] >>> TRAIN @Epoch: 356 >>>  || LOSS Avg: 0.02847
[Wall TIME] >>> Coach.train takes 31.520853 seconds ...
[Coach] >>> TRAIN @Epoch: 357 >>>  || LOSS Avg: 0.02838
[Wall TIME] >>> Coach.train takes 31.057674 seconds ...
[Coach] >>> TRAIN @Epoch: 358 >>>  || LOSS Avg: 0.02799
[Wall TIME] >>> Coach.train takes 31.042900 seconds ...
[Coach] >>> TRAIN @Epoch: 359 >>>  || LOSS Avg: 0.02830
[Wall TIME] >>> Coach.train takes 31.613226 seconds ...
[Coach] >>> TRAIN @Epoch: 360 >>>  || LOSS Avg: 0.02848
[Wall TIME] >>> Coach.train takes 31.248779 seconds ...
[Coach] >>> VALID @Epoch: 360 >>>  || RECALL@1 Avg: 0.0136 || RECALL@10 Avg: 0.0716 || RECALL@20 Avg: 0.1081 || NDCG@10 Avg: 0.0384 || NDCG@20 Avg: 0.0477
[Wall TIME] >>> Coach.valid takes 1.524431 seconds ...
[Coach] >>> TRAIN @Epoch: 361 >>>  || LOSS Avg: 0.02810
[Wall TIME] >>> Coach.train takes 31.483707 seconds ...
[Coach] >>> TRAIN @Epoch: 362 >>>  || LOSS Avg: 0.02816
[Wall TIME] >>> Coach.train takes 31.422385 seconds ...
[Coach] >>> TRAIN @Epoch: 363 >>>  || LOSS Avg: 0.02794
[Wall TIME] >>> Coach.train takes 31.347004 seconds ...
[Coach] >>> TRAIN @Epoch: 364 >>>  || LOSS Avg: 0.02843
[Wall TIME] >>> Coach.train takes 31.785375 seconds ...
[Coach] >>> TRAIN @Epoch: 365 >>>  || LOSS Avg: 0.02836
[Wall TIME] >>> Coach.train takes 31.062146 seconds ...
[Coach] >>> VALID @Epoch: 365 >>>  || RECALL@1 Avg: 0.0135 || RECALL@10 Avg: 0.0712 || RECALL@20 Avg: 0.1080 || NDCG@10 Avg: 0.0383 || NDCG@20 Avg: 0.0476
[Wall TIME] >>> Coach.valid takes 1.508116 seconds ...
[Coach] >>> TRAIN @Epoch: 366 >>>  || LOSS Avg: 0.02808
[Wall TIME] >>> Coach.train takes 31.481448 seconds ...
[Coach] >>> TRAIN @Epoch: 367 >>>  || LOSS Avg: 0.02814
[Wall TIME] >>> Coach.train takes 31.500108 seconds ...
[Coach] >>> TRAIN @Epoch: 368 >>>  || LOSS Avg: 0.02834
[Wall TIME] >>> Coach.train takes 31.365399 seconds ...
[Coach] >>> TRAIN @Epoch: 369 >>>  || LOSS Avg: 0.02812
[Wall TIME] >>> Coach.train takes 31.638745 seconds ...
[Coach] >>> TRAIN @Epoch: 370 >>>  || LOSS Avg: 0.02802
[Wall TIME] >>> Coach.train takes 31.426177 seconds ...
[Coach] >>> VALID @Epoch: 370 >>>  || RECALL@1 Avg: 0.0137 || RECALL@10 Avg: 0.0719 || RECALL@20 Avg: 0.1080 || NDCG@10 Avg: 0.0386 || NDCG@20 Avg: 0.0478
[Wall TIME] >>> Coach.valid takes 1.543849 seconds ...
[Coach] >>> TRAIN @Epoch: 371 >>>  || LOSS Avg: 0.02826
[Wall TIME] >>> Coach.train takes 31.389085 seconds ...
[Coach] >>> TRAIN @Epoch: 372 >>>  || LOSS Avg: 0.02818
[Wall TIME] >>> Coach.train takes 31.351778 seconds ...
[Coach] >>> TRAIN @Epoch: 373 >>>  || LOSS Avg: 0.02805
[Wall TIME] >>> Coach.train takes 31.164579 seconds ...
[Coach] >>> TRAIN @Epoch: 374 >>>  || LOSS Avg: 0.02787
[Wall TIME] >>> Coach.train takes 31.468993 seconds ...
[Coach] >>> TRAIN @Epoch: 375 >>>  || LOSS Avg: 0.02802
[Wall TIME] >>> Coach.train takes 31.196013 seconds ...
[Coach] >>> VALID @Epoch: 375 >>>  || RECALL@1 Avg: 0.0135 || RECALL@10 Avg: 0.0717 || RECALL@20 Avg: 0.1079 || NDCG@10 Avg: 0.0385 || NDCG@20 Avg: 0.0477
[Wall TIME] >>> Coach.valid takes 1.507520 seconds ...
[Coach] >>> TRAIN @Epoch: 376 >>>  || LOSS Avg: 0.02804
[Wall TIME] >>> Coach.train takes 31.550196 seconds ...
[Coach] >>> TRAIN @Epoch: 377 >>>  || LOSS Avg: 0.02820
[Wall TIME] >>> Coach.train takes 31.301126 seconds ...
[Coach] >>> TRAIN @Epoch: 378 >>>  || LOSS Avg: 0.02794
[Wall TIME] >>> Coach.train takes 31.146543 seconds ...
[Coach] >>> TRAIN @Epoch: 379 >>>  || LOSS Avg: 0.02797
[Wall TIME] >>> Coach.train takes 31.734841 seconds ...
[Coach] >>> TRAIN @Epoch: 380 >>>  || LOSS Avg: 0.02821
[Wall TIME] >>> Coach.train takes 31.343685 seconds ...
[Coach] >>> Better ***NDCG@20*** of ***0.0480*** 
[Coach] >>> VALID @Epoch: 380 >>>  || RECALL@1 Avg: 0.0137 || RECALL@10 Avg: 0.0716 || RECALL@20 Avg: 0.1091 || NDCG@10 Avg: 0.0385 || NDCG@20 Avg: 0.0480
[Wall TIME] >>> Coach.valid takes 1.566358 seconds ...

[Epoch 305 Telemetry] BPR: 0.0274 | LHC: 5.6486 (lambda=0.000300) | Align: 6.9372 | Unif: -13.7821
[Epoch 306 Telemetry] BPR: 0.0271 | LHC: 5.6499 (lambda=0.000300) | Align: 6.9423 | Unif: -13.7738
[Epoch 307 Telemetry] BPR: 0.0273 | LHC: 5.6490 (lambda=0.000300) | Align: 6.9376 | Unif: -13.7518
[Epoch 308 Telemetry] BPR: 0.0271 | LHC: 5.6495 (lambda=0.000300) | Align: 6.9437 | Unif: -13.7657
[Epoch 309 Telemetry] BPR: 0.0275 | LHC: 5.6483 (lambda=0.000300) | Align: 6.9348 | Unif: -13.7790
[Gradient Diagnostics @ Epoch 310] rho_grad(BPR, LHC) = +0.1612 | Status: OK
[Epoch 310 Telemetry] BPR: 0.0276 | LHC: 5.6489 (lambda=0.000300) | Align: 6.9397 | Unif: -13.7643
[Epoch 311 Telemetry] BPR: 0.0271 | LHC: 5.6491 (lambda=0.000300) | Align: 6.9403 | Unif: -13.7673
[Epoch 312 Telemetry] BPR: 0.0276 | LHC: 5.6488 (lambda=0.000300) | Align: 6.9374 | Unif: -13.7698
[Epoch 313 Telemetry] BPR: 0.0272 | LHC: 5.6488 (lambda=0.000300) | Align: 6.9398 | Unif: -13.7959
[Epoch 314 Telemetry] BPR: 0.0270 | LHC: 5.6483 (lambda=0.000300) | Align: 6.9379 | Unif: -13.8106
[Epoch 315 Telemetry] BPR: 0.0272 | LHC: 5.6478 (lambda=0.000300) | Align: 6.9388 | Unif: -13.7864
[Epoch 316 Telemetry] BPR: 0.0271 | LHC: 5.6483 (lambda=0.000300) | Align: 6.9364 | Unif: -13.7928
[Epoch 317 Telemetry] BPR: 0.0271 | LHC: 5.6475 (lambda=0.000300) | Align: 6.9369 | Unif: -13.7763
[Epoch 318 Telemetry] BPR: 0.0271 | LHC: 5.6480 (lambda=0.000300) | Align: 6.9401 | Unif: -13.7836
[Epoch 319 Telemetry] BPR: 0.0271 | LHC: 5.6484 (lambda=0.000300) | Align: 6.9418 | Unif: -13.7706
[Gradient Diagnostics @ Epoch 320] rho_grad(BPR, LHC) = +0.1689 | Status: OK
[Epoch 320 Telemetry] BPR: 0.0270 | LHC: 5.6477 (lambda=0.000300) | Align: 6.9364 | Unif: -13.7826
[Epoch 321 Telemetry] BPR: 0.0270 | LHC: 5.6474 (lambda=0.000300) | Align: 6.9347 | Unif: -13.7808
[Epoch 322 Telemetry] BPR: 0.0270 | LHC: 5.6482 (lambda=0.000300) | Align: 6.9370 | Unif: -13.7757
[Epoch 323 Telemetry] BPR: 0.0271 | LHC: 5.6477 (lambda=0.000300) | Align: 6.9355 | Unif: -13.7971
[Epoch 324 Telemetry] BPR: 0.0270 | LHC: 5.6474 (lambda=0.000300) | Align: 6.9361 | Unif: -13.7591
[Epoch 325 Telemetry] BPR: 0.0269 | LHC: 5.6480 (lambda=0.000300) | Align: 6.9408 | Unif: -13.7756
[Epoch 326 Telemetry] BPR: 0.0270 | LHC: 5.6468 (lambda=0.000300) | Align: 6.9368 | Unif: -13.7788
[Epoch 327 Telemetry] BPR: 0.0269 | LHC: 5.6476 (lambda=0.000300) | Align: 6.9386 | Unif: -13.8081
[Epoch 328 Telemetry] BPR: 0.0269 | LHC: 5.6469 (lambda=0.000300) | Align: 6.9376 | Unif: -13.7595
[Epoch 329 Telemetry] BPR: 0.0268 | LHC: 5.6476 (lambda=0.000300) | Align: 6.9396 | Unif: -13.8047
[Gradient Diagnostics @ Epoch 330] rho_grad(BPR, LHC) = +0.1673 | Status: OK
[Epoch 330 Telemetry] BPR: 0.0266 | LHC: 5.6471 (lambda=0.000300) | Align: 6.9372 | Unif: -13.7588
[Epoch 331 Telemetry] BPR: 0.0268 | LHC: 5.6472 (lambda=0.000300) | Align: 6.9358 | Unif: -13.7735
[Epoch 332 Telemetry] BPR: 0.0268 | LHC: 5.6471 (lambda=0.000300) | Align: 6.9380 | Unif: -13.7762
[Epoch 333 Telemetry] BPR: 0.0270 | LHC: 5.6469 (lambda=0.000300) | Align: 6.9352 | Unif: -13.7895
[Epoch 334 Telemetry] BPR: 0.0270 | LHC: 5.6459 (lambda=0.000300) | Align: 6.9355 | Unif: -13.7744
[Epoch 335 Telemetry] BPR: 0.0269 | LHC: 5.6468 (lambda=0.000300) | Align: 6.9354 | Unif: -13.8051
[Epoch 336 Telemetry] BPR: 0.0270 | LHC: 5.6462 (lambda=0.000300) | Align: 6.9360 | Unif: -13.7855
[Epoch 337 Telemetry] BPR: 0.0271 | LHC: 5.6474 (lambda=0.000300) | Align: 6.9387 | Unif: -13.7913
[Epoch 338 Telemetry] BPR: 0.0267 | LHC: 5.6465 (lambda=0.000300) | Align: 6.9378 | Unif: -13.8122
[Epoch 339 Telemetry] BPR: 0.0270 | LHC: 5.6465 (lambda=0.000300) | Align: 6.9348 | Unif: -13.8263
[Gradient Diagnostics @ Epoch 340] rho_grad(BPR, LHC) = +0.1477 | Status: OK
[Epoch 340 Telemetry] BPR: 0.0268 | LHC: 5.6468 (lambda=0.000300) | Align: 6.9396 | Unif: -13.8233
[Epoch 341 Telemetry] BPR: 0.0268 | LHC: 5.6463 (lambda=0.000300) | Align: 6.9379 | Unif: -13.8228
[Epoch 342 Telemetry] BPR: 0.0268 | LHC: 5.6467 (lambda=0.000300) | Align: 6.9397 | Unif: -13.8351
[Epoch 343 Telemetry] BPR: 0.0265 | LHC: 5.6468 (lambda=0.000300) | Align: 6.9427 | Unif: -13.8243
[Epoch 344 Telemetry] BPR: 0.0267 | LHC: 5.6473 (lambda=0.000300) | Align: 6.9397 | Unif: -13.8316
[Epoch 345 Telemetry] BPR: 0.0268 | LHC: 5.6471 (lambda=0.000300) | Align: 6.9383 | Unif: -13.8159
[Epoch 346 Telemetry] BPR: 0.0267 | LHC: 5.6456 (lambda=0.000300) | Align: 6.9391 | Unif: -13.8228
[Epoch 347 Telemetry] BPR: 0.0268 | LHC: 5.6462 (lambda=0.000300) | Align: 6.9368 | Unif: -13.8341
[Epoch 348 Telemetry] BPR: 0.0267 | LHC: 5.6461 (lambda=0.000300) | Align: 6.9390 | Unif: -13.8318
[Epoch 349 Telemetry] BPR: 0.0269 | LHC: 5.6461 (lambda=0.000300) | Align: 6.9412 | Unif: -13.8330
[Gradient Diagnostics @ Epoch 350] rho_grad(BPR, LHC) = +0.1890 | Status: OK
[Epoch 350 Telemetry] BPR: 0.0266 | LHC: 5.6461 (lambda=0.000300) | Align: 6.9411 | Unif: -13.8786
[Epoch 351 Telemetry] BPR: 0.0264 | LHC: 5.6454 (lambda=0.000300) | Align: 6.9426 | Unif: -13.8312
[Epoch 352 Telemetry] BPR: 0.0267 | LHC: 5.6460 (lambda=0.000300) | Align: 6.9418 | Unif: -13.8321
[Epoch 353 Telemetry] BPR: 0.0266 | LHC: 5.6459 (lambda=0.000300) | Align: 6.9393 | Unif: -13.8374
[Epoch 354 Telemetry] BPR: 0.0267 | LHC: 5.6455 (lambda=0.000300) | Align: 6.9357 | Unif: -13.8436
[Epoch 355 Telemetry] BPR: 0.0268 | LHC: 5.6466 (lambda=0.000300) | Align: 6.9414 | Unif: -13.8269
[Epoch 356 Telemetry] BPR: 0.0268 | LHC: 5.6457 (lambda=0.000300) | Align: 6.9352 | Unif: -13.8345
[Epoch 357 Telemetry] BPR: 0.0267 | LHC: 5.6450 (lambda=0.000300) | Align: 6.9394 | Unif: -13.8280
[Epoch 358 Telemetry] BPR: 0.0263 | LHC: 5.6459 (lambda=0.000300) | Align: 6.9390 | Unif: -13.8382
[Epoch 359 Telemetry] BPR: 0.0266 | LHC: 5.6456 (lambda=0.000300) | Align: 6.9421 | Unif: -13.8075
[Gradient Diagnostics @ Epoch 360] rho_grad(BPR, LHC) = +0.1631 | Status: OK
[Epoch 360 Telemetry] BPR: 0.0268 | LHC: 5.6463 (lambda=0.000300) | Align: 6.9436 | Unif: -13.8392
[Epoch 361 Telemetry] BPR: 0.0264 | LHC: 5.6458 (lambda=0.000300) | Align: 6.9439 | Unif: -13.8538
[Epoch 362 Telemetry] BPR: 0.0265 | LHC: 5.6445 (lambda=0.000300) | Align: 6.9413 | Unif: -13.8312
[Epoch 363 Telemetry] BPR: 0.0263 | LHC: 5.6450 (lambda=0.000300) | Align: 6.9389 | Unif: -13.8360
[Epoch 364 Telemetry] BPR: 0.0267 | LHC: 5.6454 (lambda=0.000300) | Align: 6.9395 | Unif: -13.8420
[Epoch 365 Telemetry] BPR: 0.0267 | LHC: 5.6453 (lambda=0.000300) | Align: 6.9403 | Unif: -13.8472
[Epoch 366 Telemetry] BPR: 0.0264 | LHC: 5.6460 (lambda=0.000300) | Align: 6.9448 | Unif: -13.8373
[Epoch 367 Telemetry] BPR: 0.0265 | LHC: 5.6448 (lambda=0.000300) | Align: 6.9404 | Unif: -13.8390
[Epoch 368 Telemetry] BPR: 0.0266 | LHC: 5.6455 (lambda=0.000300) | Align: 6.9440 | Unif: -13.8150
[Epoch 369 Telemetry] BPR: 0.0264 | LHC: 5.6453 (lambda=0.000300) | Align: 6.9436 | Unif: -13.8589
[Gradient Diagnostics @ Epoch 370] rho_grad(BPR, LHC) = +0.1618 | Status: OK
[Epoch 370 Telemetry] BPR: 0.0263 | LHC: 5.6445 (lambda=0.000300) | Align: 6.9446 | Unif: -13.8691
[Epoch 371 Telemetry] BPR: 0.0266 | LHC: 5.6458 (lambda=0.000300) | Align: 6.9470 | Unif: -13.8620
[Epoch 372 Telemetry] BPR: 0.0265 | LHC: 5.6449 (lambda=0.000300) | Align: 6.9457 | Unif: -13.8384
[Epoch 373 Telemetry] BPR: 0.0263 | LHC: 5.6467 (lambda=0.000300) | Align: 6.9487 | Unif: -13.8473
[Epoch 374 Telemetry] BPR: 0.0262 | LHC: 5.6447 (lambda=0.000300) | Align: 6.9449 | Unif: -13.8223
[Epoch 375 Telemetry] BPR: 0.0264 | LHC: 5.6450 (lambda=0.000300) | Align: 6.9459 | Unif: -13.8683
[Epoch 376 Telemetry] BPR: 0.0264 | LHC: 5.6450 (lambda=0.000300) | Align: 6.9416 | Unif: -13.8551
[Epoch 377 Telemetry] BPR: 0.0265 | LHC: 5.6451 (lambda=0.000300) | Align: 6.9461 | Unif: -13.8964
[Epoch 378 Telemetry] BPR: 0.0262 | LHC: 5.6444 (lambda=0.000300) | Align: 6.9450 | Unif: -13.9001
[Epoch 379 Telemetry] BPR: 0.0263 | LHC: 5.6453 (lambda=0.000300) | Align: 6.9466 | Unif: -13.8677
[Gradient Diagnostics @ Epoch 380] rho_grad(BPR, LHC) = +0.2001 | Status: OK
[Epoch 380 Telemetry] BPR: 0.0265 | LHC: 5.6440 (lambda=0.000300) | Align: 6.9441 | Unif: -13.8704
[Epoch 381 Telemetry] BPR: 0.0261 | LHC: 5.6450 (lambda=0.000300) | Align: 6.9470 | Unif: -13.8943[Coach] >>> TRAIN @Epoch: 381 >>>  || LOSS Avg: 0.02777
[Wall TIME] >>> Coach.train takes 31.607131 seconds ...
[Coach] >>> TRAIN @Epoch: 382 >>>  || LOSS Avg: 0.02794
[Wall TIME] >>> Coach.train takes 31.512540 seconds ...
[Coach] >>> TRAIN @Epoch: 383 >>>  || LOSS Avg: 0.02794
[Wall TIME] >>> Coach.train takes 31.292139 seconds ...
[Coach] >>> TRAIN @Epoch: 384 >>>  || LOSS Avg: 0.02802
[Wall TIME] >>> Coach.train takes 31.813205 seconds ...
[Coach] >>> TRAIN @Epoch: 385 >>>  || LOSS Avg: 0.02785
[Wall TIME] >>> Coach.train takes 31.262949 seconds ...
[Coach] >>> VALID @Epoch: 385 >>>  || RECALL@1 Avg: 0.0133 || RECALL@10 Avg: 0.0714 || RECALL@20 Avg: 0.1076 || NDCG@10 Avg: 0.0382 || NDCG@20 Avg: 0.0475
[Wall TIME] >>> Coach.valid takes 1.521732 seconds ...
[Coach] >>> TRAIN @Epoch: 386 >>>  || LOSS Avg: 0.02774
[Wall TIME] >>> Coach.train takes 31.564017 seconds ...
[Coach] >>> TRAIN @Epoch: 387 >>>  || LOSS Avg: 0.02772
[Wall TIME] >>> Coach.train takes 31.321056 seconds ...
[Coach] >>> TRAIN @Epoch: 388 >>>  || LOSS Avg: 0.02799
[Wall TIME] >>> Coach.train takes 31.161639 seconds ...
[Coach] >>> TRAIN @Epoch: 389 >>>  || LOSS Avg: 0.02805
[Wall TIME] >>> Coach.train takes 31.465792 seconds ...
[Coach] >>> TRAIN @Epoch: 390 >>>  || LOSS Avg: 0.02784
[Wall TIME] >>> Coach.train takes 31.384280 seconds ...
[Coach] >>> VALID @Epoch: 390 >>>  || RECALL@1 Avg: 0.0135 || RECALL@10 Avg: 0.0715 || RECALL@20 Avg: 0.1079 || NDCG@10 Avg: 0.0384 || NDCG@20 Avg: 0.0477
[Wall TIME] >>> Coach.valid takes 1.541429 seconds ...
[Coach] >>> TRAIN @Epoch: 391 >>>  || LOSS Avg: 0.02776
[Wall TIME] >>> Coach.train takes 31.492884 seconds ...
[Coach] >>> TRAIN @Epoch: 392 >>>  || LOSS Avg: 0.02793
[Wall TIME] >>> Coach.train takes 31.345407 seconds ...
[Coach] >>> TRAIN @Epoch: 393 >>>  || LOSS Avg: 0.02795
[Wall TIME] >>> Coach.train takes 31.268253 seconds ...
[Coach] >>> TRAIN @Epoch: 394 >>>  || LOSS Avg: 0.02790
[Wall TIME] >>> Coach.train takes 31.538471 seconds ...
[Coach] >>> TRAIN @Epoch: 395 >>>  || LOSS Avg: 0.02778
[Wall TIME] >>> Coach.train takes 31.236084 seconds ...
[Coach] >>> VALID @Epoch: 395 >>>  || RECALL@1 Avg: 0.0135 || RECALL@10 Avg: 0.0722 || RECALL@20 Avg: 0.1084 || NDCG@10 Avg: 0.0386 || NDCG@20 Avg: 0.0478
[Wall TIME] >>> Coach.valid takes 1.504725 seconds ...
[Coach] >>> TRAIN @Epoch: 396 >>>  || LOSS Avg: 0.02770
[Wall TIME] >>> Coach.train takes 31.629158 seconds ...
[Coach] >>> TRAIN @Epoch: 397 >>>  || LOSS Avg: 0.02780
[Wall TIME] >>> Coach.train takes 31.446537 seconds ...
[Coach] >>> TRAIN @Epoch: 398 >>>  || LOSS Avg: 0.02789
[Wall TIME] >>> Coach.train takes 31.290306 seconds ...
[Coach] >>> TRAIN @Epoch: 399 >>>  || LOSS Avg: 0.02758
[Wall TIME] >>> Coach.train takes 31.655620 seconds ...
[Coach] >>> TRAIN @Epoch: 400 >>>  || LOSS Avg: 0.02764
[Wall TIME] >>> Coach.train takes 31.287596 seconds ...
[Coach] >>> VALID @Epoch: 400 >>>  || RECALL@1 Avg: 0.0137 || RECALL@10 Avg: 0.0719 || RECALL@20 Avg: 0.1077 || NDCG@10 Avg: 0.0386 || NDCG@20 Avg: 0.0477
[Wall TIME] >>> Coach.valid takes 1.514327 seconds ...
[Coach] >>> TRAIN @Epoch: 401 >>>  || LOSS Avg: 0.02774
[Wall TIME] >>> Coach.train takes 31.623813 seconds ...
[Coach] >>> TRAIN @Epoch: 402 >>>  || LOSS Avg: 0.02785
[Wall TIME] >>> Coach.train takes 31.294370 seconds ...
[Coach] >>> TRAIN @Epoch: 403 >>>  || LOSS Avg: 0.02766
[Wall TIME] >>> Coach.train takes 31.229128 seconds ...
[Coach] >>> TRAIN @Epoch: 404 >>>  || LOSS Avg: 0.02743
[Wall TIME] >>> Coach.train takes 31.521837 seconds ...
[Coach] >>> TRAIN @Epoch: 405 >>>  || LOSS Avg: 0.02789
[Wall TIME] >>> Coach.train takes 31.219940 seconds ...
[Coach] >>> VALID @Epoch: 405 >>>  || RECALL@1 Avg: 0.0137 || RECALL@10 Avg: 0.0720 || RECALL@20 Avg: 0.1078 || NDCG@10 Avg: 0.0386 || NDCG@20 Avg: 0.0477
[Wall TIME] >>> Coach.valid takes 1.509522 seconds ...
[Coach] >>> TRAIN @Epoch: 406 >>>  || LOSS Avg: 0.02777
[Wall TIME] >>> Coach.train takes 31.592692 seconds ...
[Coach] >>> TRAIN @Epoch: 407 >>>  || LOSS Avg: 0.02739
[Wall TIME] >>> Coach.train takes 31.302690 seconds ...
[Coach] >>> TRAIN @Epoch: 408 >>>  || LOSS Avg: 0.02749
[Wall TIME] >>> Coach.train takes 31.290775 seconds ...
[Coach] >>> TRAIN @Epoch: 409 >>>  || LOSS Avg: 0.02800
[Wall TIME] >>> Coach.train takes 31.736452 seconds ...
[Coach] >>> TRAIN @Epoch: 410 >>>  || LOSS Avg: 0.02762
[Wall TIME] >>> Coach.train takes 31.478331 seconds ...
[Coach] >>> Better ***NDCG@20*** of ***0.0480*** 
[Coach] >>> VALID @Epoch: 410 >>>  || RECALL@1 Avg: 0.0140 || RECALL@10 Avg: 0.0725 || RECALL@20 Avg: 0.1083 || NDCG@10 Avg: 0.0389 || NDCG@20 Avg: 0.0480
[Wall TIME] >>> Coach.valid takes 1.589009 seconds ...
[Coach] >>> TRAIN @Epoch: 411 >>>  || LOSS Avg: 0.02758
[Wall TIME] >>> Coach.train takes 31.575099 seconds ...
[Coach] >>> TRAIN @Epoch: 412 >>>  || LOSS Avg: 0.02764
[Wall TIME] >>> Coach.train takes 31.296122 seconds ...
[Coach] >>> TRAIN @Epoch: 413 >>>  || LOSS Avg: 0.02726
[Wall TIME] >>> Coach.train takes 31.184174 seconds ...
[Coach] >>> TRAIN @Epoch: 414 >>>  || LOSS Avg: 0.02750
[Wall TIME] >>> Coach.train takes 31.608565 seconds ...
[Coach] >>> TRAIN @Epoch: 415 >>>  || LOSS Avg: 0.02756
[Wall TIME] >>> Coach.train takes 31.170340 seconds ...
[Coach] >>> VALID @Epoch: 415 >>>  || RECALL@1 Avg: 0.0136 || RECALL@10 Avg: 0.0724 || RECALL@20 Avg: 0.1080 || NDCG@10 Avg: 0.0388 || NDCG@20 Avg: 0.0478
[Wall TIME] >>> Coach.valid takes 1.520753 seconds ...
[Coach] >>> TRAIN @Epoch: 416 >>>  || LOSS Avg: 0.02791
[Wall TIME] >>> Coach.train takes 31.449495 seconds ...
[Coach] >>> TRAIN @Epoch: 417 >>>  || LOSS Avg: 0.02748
[Wall TIME] >>> Coach.train takes 31.039887 seconds ...
[Coach] >>> TRAIN @Epoch: 418 >>>  || LOSS Avg: 0.02764
[Wall TIME] >>> Coach.train takes 31.111711 seconds ...
[Coach] >>> TRAIN @Epoch: 419 >>>  || LOSS Avg: 0.02718
[Wall TIME] >>> Coach.train takes 31.404346 seconds ...
[Coach] >>> TRAIN @Epoch: 420 >>>  || LOSS Avg: 0.02752
[Wall TIME] >>> Coach.train takes 31.473886 seconds ...
[Coach] >>> VALID @Epoch: 420 >>>  || RECALL@1 Avg: 0.0137 || RECALL@10 Avg: 0.0728 || RECALL@20 Avg: 0.1083 || NDCG@10 Avg: 0.0389 || NDCG@20 Avg: 0.0479
[Wall TIME] >>> Coach.valid takes 1.549112 seconds ...
[Coach] >>> TRAIN @Epoch: 421 >>>  || LOSS Avg: 0.02767
[Wall TIME] >>> Coach.train takes 31.802457 seconds ...
[Coach] >>> TRAIN @Epoch: 422 >>>  || LOSS Avg: 0.02760
[Wall TIME] >>> Coach.train takes 31.305748 seconds ...
[Coach] >>> TRAIN @Epoch: 423 >>>  || LOSS Avg: 0.02761
[Wall TIME] >>> Coach.train takes 31.305384 seconds ...
[Coach] >>> TRAIN @Epoch: 424 >>>  || LOSS Avg: 0.02747
[Wall TIME] >>> Coach.train takes 31.872949 seconds ...
[Coach] >>> TRAIN @Epoch: 425 >>>  || LOSS Avg: 0.02752
[Wall TIME] >>> Coach.train takes 31.586054 seconds ...
[Coach] >>> VALID @Epoch: 425 >>>  || RECALL@1 Avg: 0.0136 || RECALL@10 Avg: 0.0723 || RECALL@20 Avg: 0.1088 || NDCG@10 Avg: 0.0386 || NDCG@20 Avg: 0.0479
[Wall TIME] >>> Coach.valid takes 1.535808 seconds ...
[Coach] >>> TRAIN @Epoch: 426 >>>  || LOSS Avg: 0.02728
[Wall TIME] >>> Coach.train takes 31.609957 seconds ...
[Coach] >>> TRAIN @Epoch: 427 >>>  || LOSS Avg: 0.02762
[Wall TIME] >>> Coach.train takes 31.429072 seconds ...
[Coach] >>> TRAIN @Epoch: 428 >>>  || LOSS Avg: 0.02734
[Wall TIME] >>> Coach.train takes 31.438820 seconds ...
[Coach] >>> TRAIN @Epoch: 429 >>>  || LOSS Avg: 0.02740
[Wall TIME] >>> Coach.train takes 31.774698 seconds ...
[Coach] >>> TRAIN @Epoch: 430 >>>  || LOSS Avg: 0.02754
[Wall TIME] >>> Coach.train takes 31.478518 seconds ...
[Coach] >>> VALID @Epoch: 430 >>>  || RECALL@1 Avg: 0.0137 || RECALL@10 Avg: 0.0720 || RECALL@20 Avg: 0.1088 || NDCG@10 Avg: 0.0385 || NDCG@20 Avg: 0.0479
[Wall TIME] >>> Coach.valid takes 1.528114 seconds ...
[Coach] >>> TRAIN @Epoch: 431 >>>  || LOSS Avg: 0.02722
[Wall TIME] >>> Coach.train takes 31.837507 seconds ...
[Coach] >>> TRAIN @Epoch: 432 >>>  || LOSS Avg: 0.02770
[Wall TIME] >>> Coach.train takes 31.340947 seconds ...
[Coach] >>> TRAIN @Epoch: 433 >>>  || LOSS Avg: 0.02745
[Wall TIME] >>> Coach.train takes 31.512410 seconds ...
[Coach] >>> TRAIN @Epoch: 434 >>>  || LOSS Avg: 0.02753
[Wall TIME] >>> Coach.train takes 31.959689 seconds ...
[Coach] >>> TRAIN @Epoch: 435 >>>  || LOSS Avg: 0.02755
[Wall TIME] >>> Coach.train takes 31.450494 seconds ...
[Coach] >>> VALID @Epoch: 435 >>>  || RECALL@1 Avg: 0.0137 || RECALL@10 Avg: 0.0720 || RECALL@20 Avg: 0.1080 || NDCG@10 Avg: 0.0385 || NDCG@20 Avg: 0.0477
[Wall TIME] >>> Coach.valid takes 1.534636 seconds ...
[Coach] >>> TRAIN @Epoch: 436 >>>  || LOSS Avg: 0.02767
[Wall TIME] >>> Coach.train takes 31.593304 seconds ...
[Coach] >>> TRAIN @Epoch: 437 >>>  || LOSS Avg: 0.02733
[Wall TIME] >>> Coach.train takes 31.265213 seconds ...
[Coach] >>> TRAIN @Epoch: 438 >>>  || LOSS Avg: 0.02736
[Wall TIME] >>> Coach.train takes 31.188620 seconds ...
[Coach] >>> TRAIN @Epoch: 439 >>>  || LOSS Avg: 0.02745
[Wall TIME] >>> Coach.train takes 31.692164 seconds ...
[Coach] >>> TRAIN @Epoch: 440 >>>  || LOSS Avg: 0.02721
[Wall TIME] >>> Coach.train takes 31.399748 seconds ...
[Coach] >>> VALID @Epoch: 440 >>>  || RECALL@1 Avg: 0.0137 || RECALL@10 Avg: 0.0720 || RECALL@20 Avg: 0.1077 || NDCG@10 Avg: 0.0386 || NDCG@20 Avg: 0.0476
[Wall TIME] >>> Coach.valid takes 1.532768 seconds ...
[Coach] >>> TRAIN @Epoch: 441 >>>  || LOSS Avg: 0.02733
[Wall TIME] >>> Coach.train takes 31.640161 seconds ...
[Coach] >>> TRAIN @Epoch: 442 >>>  || LOSS Avg: 0.02743
[Wall TIME] >>> Coach.train takes 31.182120 seconds ...
[Coach] >>> TRAIN @Epoch: 443 >>>  || LOSS Avg: 0.02735
[Wall TIME] >>> Coach.train takes 31.221313 seconds ...
[Coach] >>> TRAIN @Epoch: 444 >>>  || LOSS Avg: 0.02761
[Wall TIME] >>> Coach.train takes 31.779265 seconds ...
[Coach] >>> TRAIN @Epoch: 445 >>>  || LOSS Avg: 0.02753
[Wall TIME] >>> Coach.train takes 31.287533 seconds ...
[Coach] >>> VALID @Epoch: 445 >>>  || RECALL@1 Avg: 0.0132 || RECALL@10 Avg: 0.0720 || RECALL@20 Avg: 0.1083 || NDCG@10 Avg: 0.0384 || NDCG@20 Avg: 0.0476
[Wall TIME] >>> Coach.valid takes 1.505377 seconds ...
[Coach] >>> TRAIN @Epoch: 446 >>>  || LOSS Avg: 0.02721
[Wall TIME] >>> Coach.train takes 31.460669 seconds ...
[Coach] >>> TRAIN @Epoch: 447 >>>  || LOSS Avg: 0.02730
[Wall TIME] >>> Coach.train takes 31.125557 seconds ...
[Coach] >>> TRAIN @Epoch: 448 >>>  || LOSS Avg: 0.02745
[Wall TIME] >>> Coach.train takes 31.291947 seconds ...
[Coach] >>> TRAIN @Epoch: 449 >>>  || LOSS Avg: 0.02726
[Wall TIME] >>> Coach.train takes 31.508949 seconds ...
[Coach] >>> TRAIN @Epoch: 450 >>>  || LOSS Avg: 0.02737
[Wall TIME] >>> Coach.train takes 31.539244 seconds ...
[Coach] >>> VALID @Epoch: 450 >>>  || RECALL@1 Avg: 0.0135 || RECALL@10 Avg: 0.0718 || RECALL@20 Avg: 0.1089 || NDCG@10 Avg: 0.0386 || NDCG@20 Avg: 0.0480
[Wall TIME] >>> Coach.valid takes 1.522945 seconds ...
[Coach] >>> TRAIN @Epoch: 451 >>>  || LOSS Avg: 0.02737
[Wall TIME] >>> Coach.train takes 31.499584 seconds ...
[Coach] >>> TRAIN @Epoch: 452 >>>  || LOSS Avg: 0.02711
[Wall TIME] >>> Coach.train takes 31.139065 seconds ...
[Coach] >>> TRAIN @Epoch: 453 >>>  || LOSS Avg: 0.02721
[Wall TIME] >>> Coach.train takes 31.232548 seconds ...
[Coach] >>> TRAIN @Epoch: 454 >>>  || LOSS Avg: 0.02743
[Wall TIME] >>> Coach.train takes 31.680230 seconds ...
[Coach] >>> TRAIN @Epoch: 455 >>>  || LOSS Avg: 0.02722
[Wall TIME] >>> Coach.train takes 31.228040 seconds ...
[Coach] >>> VALID @Epoch: 455 >>>  || RECALL@1 Avg: 0.0133 || RECALL@10 Avg: 0.0723 || RECALL@20 Avg: 0.1081 || NDCG@10 Avg: 0.0386 || NDCG@20 Avg: 0.0477
[Wall TIME] >>> Coach.valid takes 1.544681 seconds ...
[Coach] >>> TRAIN @Epoch: 456 >>>  || LOSS Avg: 0.02756
[Wall TIME] >>> Coach.train takes 31.599340 seconds ...
[Coach] >>> TRAIN @Epoch: 457 >>>  || LOSS Avg: 0.02746
[Wall TIME] >>> Coach.train takes 31.190602 seconds ...
[Coach] >>> TRAIN @Epoch: 458 >>>  || LOSS Avg: 0.02707
[Wall TIME] >>> Coach.train takes 31.339694 seconds ...

[Epoch 382 Telemetry] BPR: 0.0263 | LHC: 5.6441 (lambda=0.000300) | Align: 6.9477 | Unif: -13.8621
[Epoch 383 Telemetry] BPR: 0.0263 | LHC: 5.6445 (lambda=0.000300) | Align: 6.9441 | Unif: -13.8770
[Epoch 384 Telemetry] BPR: 0.0263 | LHC: 5.6441 (lambda=0.000300) | Align: 6.9460 | Unif: -13.8567
[Epoch 385 Telemetry] BPR: 0.0262 | LHC: 5.6443 (lambda=0.000300) | Align: 6.9443 | Unif: -13.8737
[Epoch 386 Telemetry] BPR: 0.0260 | LHC: 5.6435 (lambda=0.000300) | Align: 6.9420 | Unif: -13.8523
[Epoch 387 Telemetry] BPR: 0.0260 | LHC: 5.6445 (lambda=0.000300) | Align: 6.9458 | Unif: -13.8424
[Epoch 388 Telemetry] BPR: 0.0263 | LHC: 5.6429 (lambda=0.000300) | Align: 6.9444 | Unif: -13.8439
[Epoch 389 Telemetry] BPR: 0.0264 | LHC: 5.6442 (lambda=0.000300) | Align: 6.9457 | Unif: -13.8205
[Gradient Diagnostics @ Epoch 390] rho_grad(BPR, LHC) = +0.1744 | Status: OK
[Epoch 390 Telemetry] BPR: 0.0261 | LHC: 5.6438 (lambda=0.000300) | Align: 6.9435 | Unif: -13.8322
[Epoch 391 Telemetry] BPR: 0.0261 | LHC: 5.6439 (lambda=0.000300) | Align: 6.9436 | Unif: -13.8396
[Epoch 392 Telemetry] BPR: 0.0262 | LHC: 5.6439 (lambda=0.000300) | Align: 6.9469 | Unif: -13.8651
[Epoch 393 Telemetry] BPR: 0.0263 | LHC: 5.6439 (lambda=0.000300) | Align: 6.9442 | Unif: -13.8683
[Epoch 394 Telemetry] BPR: 0.0262 | LHC: 5.6449 (lambda=0.000300) | Align: 6.9451 | Unif: -13.8770
[Epoch 395 Telemetry] BPR: 0.0261 | LHC: 5.6438 (lambda=0.000300) | Align: 6.9423 | Unif: -13.8600
[Epoch 396 Telemetry] BPR: 0.0260 | LHC: 5.6441 (lambda=0.000300) | Align: 6.9470 | Unif: -13.8689
[Epoch 397 Telemetry] BPR: 0.0261 | LHC: 5.6444 (lambda=0.000300) | Align: 6.9473 | Unif: -13.8704
[Epoch 398 Telemetry] BPR: 0.0262 | LHC: 5.6430 (lambda=0.000300) | Align: 6.9474 | Unif: -13.8495
[Epoch 399 Telemetry] BPR: 0.0259 | LHC: 5.6448 (lambda=0.000300) | Align: 6.9500 | Unif: -13.8464
[Gradient Diagnostics @ Epoch 400] rho_grad(BPR, LHC) = +0.1842 | Status: OK
[Epoch 400 Telemetry] BPR: 0.0259 | LHC: 5.6437 (lambda=0.000300) | Align: 6.9462 | Unif: -13.8596
[Epoch 401 Telemetry] BPR: 0.0260 | LHC: 5.6438 (lambda=0.000300) | Align: 6.9492 | Unif: -13.8329
[Epoch 402 Telemetry] BPR: 0.0262 | LHC: 5.6425 (lambda=0.000300) | Align: 6.9442 | Unif: -13.8467
[Epoch 403 Telemetry] BPR: 0.0260 | LHC: 5.6433 (lambda=0.000300) | Align: 6.9471 | Unif: -13.8393
[Epoch 404 Telemetry] BPR: 0.0258 | LHC: 5.6426 (lambda=0.000300) | Align: 6.9459 | Unif: -13.8469
[Epoch 405 Telemetry] BPR: 0.0262 | LHC: 5.6428 (lambda=0.000300) | Align: 6.9475 | Unif: -13.8409
[Epoch 406 Telemetry] BPR: 0.0261 | LHC: 5.6431 (lambda=0.000300) | Align: 6.9472 | Unif: -13.8824
[Epoch 407 Telemetry] BPR: 0.0257 | LHC: 5.6428 (lambda=0.000300) | Align: 6.9427 | Unif: -13.8588
[Epoch 408 Telemetry] BPR: 0.0258 | LHC: 5.6428 (lambda=0.000300) | Align: 6.9415 | Unif: -13.8760
[Epoch 409 Telemetry] BPR: 0.0263 | LHC: 5.6430 (lambda=0.000300) | Align: 6.9430 | Unif: -13.9102
[Gradient Diagnostics @ Epoch 410] rho_grad(BPR, LHC) = +0.1681 | Status: OK
[Epoch 410 Telemetry] BPR: 0.0259 | LHC: 5.6431 (lambda=0.000300) | Align: 6.9475 | Unif: -13.8715
[Epoch 411 Telemetry] BPR: 0.0259 | LHC: 5.6432 (lambda=0.000300) | Align: 6.9420 | Unif: -13.8687
[Epoch 412 Telemetry] BPR: 0.0260 | LHC: 5.6435 (lambda=0.000300) | Align: 6.9433 | Unif: -13.8693
[Epoch 413 Telemetry] BPR: 0.0256 | LHC: 5.6432 (lambda=0.000300) | Align: 6.9425 | Unif: -13.8563
[Epoch 414 Telemetry] BPR: 0.0258 | LHC: 5.6419 (lambda=0.000300) | Align: 6.9449 | Unif: -13.8520
[Epoch 415 Telemetry] BPR: 0.0259 | LHC: 5.6423 (lambda=0.000300) | Align: 6.9428 | Unif: -13.8497
[Epoch 416 Telemetry] BPR: 0.0262 | LHC: 5.6427 (lambda=0.000300) | Align: 6.9449 | Unif: -13.9062
[Epoch 417 Telemetry] BPR: 0.0258 | LHC: 5.6426 (lambda=0.000300) | Align: 6.9455 | Unif: -13.8700
[Epoch 418 Telemetry] BPR: 0.0259 | LHC: 5.6428 (lambda=0.000300) | Align: 6.9432 | Unif: -13.8938
[Epoch 419 Telemetry] BPR: 0.0255 | LHC: 5.6427 (lambda=0.000300) | Align: 6.9428 | Unif: -13.9011
[Gradient Diagnostics @ Epoch 420] rho_grad(BPR, LHC) = +0.1518 | Status: OK
[Epoch 420 Telemetry] BPR: 0.0259 | LHC: 5.6425 (lambda=0.000300) | Align: 6.9451 | Unif: -13.8830
[Epoch 421 Telemetry] BPR: 0.0260 | LHC: 5.6421 (lambda=0.000300) | Align: 6.9471 | Unif: -13.8978
[Epoch 422 Telemetry] BPR: 0.0259 | LHC: 5.6431 (lambda=0.000300) | Align: 6.9472 | Unif: -13.9132
[Epoch 423 Telemetry] BPR: 0.0259 | LHC: 5.6432 (lambda=0.000300) | Align: 6.9498 | Unif: -13.9402
[Epoch 424 Telemetry] BPR: 0.0258 | LHC: 5.6425 (lambda=0.000300) | Align: 6.9449 | Unif: -13.9372
[Epoch 425 Telemetry] BPR: 0.0258 | LHC: 5.6427 (lambda=0.000300) | Align: 6.9497 | Unif: -13.9401
[Epoch 426 Telemetry] BPR: 0.0256 | LHC: 5.6431 (lambda=0.000300) | Align: 6.9506 | Unif: -13.9276
[Epoch 427 Telemetry] BPR: 0.0259 | LHC: 5.6429 (lambda=0.000300) | Align: 6.9470 | Unif: -13.9556
[Epoch 428 Telemetry] BPR: 0.0256 | LHC: 5.6424 (lambda=0.000300) | Align: 6.9500 | Unif: -13.9382
[Epoch 429 Telemetry] BPR: 0.0257 | LHC: 5.6420 (lambda=0.000300) | Align: 6.9503 | Unif: -13.9268
[Gradient Diagnostics @ Epoch 430] rho_grad(BPR, LHC) = +0.1451 | Status: OK
[Epoch 430 Telemetry] BPR: 0.0258 | LHC: 5.6421 (lambda=0.000300) | Align: 6.9472 | Unif: -13.9319
[Epoch 431 Telemetry] BPR: 0.0255 | LHC: 5.6419 (lambda=0.000300) | Align: 6.9495 | Unif: -13.9126
[Epoch 432 Telemetry] BPR: 0.0260 | LHC: 5.6435 (lambda=0.000300) | Align: 6.9515 | Unif: -13.9116
[Epoch 433 Telemetry] BPR: 0.0258 | LHC: 5.6424 (lambda=0.000300) | Align: 6.9475 | Unif: -13.9328
[Epoch 434 Telemetry] BPR: 0.0258 | LHC: 5.6432 (lambda=0.000300) | Align: 6.9537 | Unif: -13.9314
[Epoch 435 Telemetry] BPR: 0.0258 | LHC: 5.6422 (lambda=0.000300) | Align: 6.9485 | Unif: -13.9014
[Epoch 436 Telemetry] BPR: 0.0260 | LHC: 5.6420 (lambda=0.000300) | Align: 6.9500 | Unif: -13.9181
[Epoch 437 Telemetry] BPR: 0.0256 | LHC: 5.6416 (lambda=0.000300) | Align: 6.9498 | Unif: -13.9183
[Epoch 438 Telemetry] BPR: 0.0257 | LHC: 5.6419 (lambda=0.000300) | Align: 6.9480 | Unif: -13.9466
[Epoch 439 Telemetry] BPR: 0.0258 | LHC: 5.6416 (lambda=0.000300) | Align: 6.9491 | Unif: -13.9007
[Gradient Diagnostics @ Epoch 440] rho_grad(BPR, LHC) = +0.1623 | Status: OK
[Epoch 440 Telemetry] BPR: 0.0255 | LHC: 5.6420 (lambda=0.000300) | Align: 6.9503 | Unif: -13.9274
[Epoch 441 Telemetry] BPR: 0.0256 | LHC: 5.6423 (lambda=0.000300) | Align: 6.9499 | Unif: -13.9138
[Epoch 442 Telemetry] BPR: 0.0257 | LHC: 5.6413 (lambda=0.000300) | Align: 6.9455 | Unif: -13.8999
[Epoch 443 Telemetry] BPR: 0.0257 | LHC: 5.6422 (lambda=0.000300) | Align: 6.9528 | Unif: -13.9142
[Epoch 444 Telemetry] BPR: 0.0259 | LHC: 5.6415 (lambda=0.000300) | Align: 6.9504 | Unif: -13.9043
[Epoch 445 Telemetry] BPR: 0.0258 | LHC: 5.6422 (lambda=0.000300) | Align: 6.9547 | Unif: -13.9211
[Epoch 446 Telemetry] BPR: 0.0255 | LHC: 5.6417 (lambda=0.000300) | Align: 6.9519 | Unif: -13.9102
[Epoch 447 Telemetry] BPR: 0.0256 | LHC: 5.6417 (lambda=0.000300) | Align: 6.9522 | Unif: -13.9023
[Epoch 448 Telemetry] BPR: 0.0258 | LHC: 5.6415 (lambda=0.000300) | Align: 6.9504 | Unif: -13.9126
[Epoch 449 Telemetry] BPR: 0.0256 | LHC: 5.6409 (lambda=0.000300) | Align: 6.9533 | Unif: -13.8938
[Gradient Diagnostics @ Epoch 450] rho_grad(BPR, LHC) = +0.1524 | Status: OK
[Epoch 450 Telemetry] BPR: 0.0257 | LHC: 5.6416 (lambda=0.000300) | Align: 6.9501 | Unif: -13.8883
[Epoch 451 Telemetry] BPR: 0.0257 | LHC: 5.6413 (lambda=0.000300) | Align: 6.9516 | Unif: -13.8921
[Epoch 452 Telemetry] BPR: 0.0254 | LHC: 5.6415 (lambda=0.000300) | Align: 6.9498 | Unif: -13.8984
[Epoch 453 Telemetry] BPR: 0.0255 | LHC: 5.6424 (lambda=0.000300) | Align: 6.9526 | Unif: -13.9082
[Epoch 454 Telemetry] BPR: 0.0257 | LHC: 5.6410 (lambda=0.000300) | Align: 6.9538 | Unif: -13.8942
[Epoch 455 Telemetry] BPR: 0.0256 | LHC: 5.6412 (lambda=0.000300) | Align: 6.9518 | Unif: -13.8726
[Epoch 456 Telemetry] BPR: 0.0259 | LHC: 5.6411 (lambda=0.000300) | Align: 6.9468 | Unif: -13.9035
[Epoch 457 Telemetry] BPR: 0.0258 | LHC: 5.6410 (lambda=0.000300) | Align: 6.9509 | Unif: -13.8887
[Epoch 458 Telemetry] BPR: 0.0254 | LHC: 5.6409 (lambda=0.000300) | Align: 6.9523 | Unif: -13.8999
[Epoch 459 Telemetry] BPR: 0.0254 | LHC: 5.6410 (lambda=0.000300) | Align: 6.9505 | Unif: -13.9219[Coach] >>> TRAIN @Epoch: 459 >>>  || LOSS Avg: 0.02711
[Wall TIME] >>> Coach.train takes 31.721966 seconds ...
[Coach] >>> TRAIN @Epoch: 460 >>>  || LOSS Avg: 0.02730
[Wall TIME] >>> Coach.train takes 31.502710 seconds ...
[Coach] >>> VALID @Epoch: 460 >>>  || RECALL@1 Avg: 0.0134 || RECALL@10 Avg: 0.0718 || RECALL@20 Avg: 0.1081 || NDCG@10 Avg: 0.0384 || NDCG@20 Avg: 0.0477
[Wall TIME] >>> Coach.valid takes 1.518414 seconds ...
[Coach] >>> TRAIN @Epoch: 461 >>>  || LOSS Avg: 0.02727
[Wall TIME] >>> Coach.train takes 31.547168 seconds ...
[Coach] >>> TRAIN @Epoch: 462 >>>  || LOSS Avg: 0.02716
[Wall TIME] >>> Coach.train takes 31.354501 seconds ...
[Coach] >>> TRAIN @Epoch: 463 >>>  || LOSS Avg: 0.02714
[Wall TIME] >>> Coach.train takes 31.238406 seconds ...
[Coach] >>> TRAIN @Epoch: 464 >>>  || LOSS Avg: 0.02716
[Wall TIME] >>> Coach.train takes 31.587747 seconds ...
[Coach] >>> TRAIN @Epoch: 465 >>>  || LOSS Avg: 0.02707
[Wall TIME] >>> Coach.train takes 31.383995 seconds ...
[Coach] >>> VALID @Epoch: 465 >>>  || RECALL@1 Avg: 0.0137 || RECALL@10 Avg: 0.0714 || RECALL@20 Avg: 0.1082 || NDCG@10 Avg: 0.0385 || NDCG@20 Avg: 0.0479
[Wall TIME] >>> Coach.valid takes 1.532777 seconds ...
[Coach] >>> TRAIN @Epoch: 466 >>>  || LOSS Avg: 0.02724
[Wall TIME] >>> Coach.train takes 31.450033 seconds ...
[Coach] >>> TRAIN @Epoch: 467 >>>  || LOSS Avg: 0.02705
[Wall TIME] >>> Coach.train takes 31.294990 seconds ...
[Coach] >>> TRAIN @Epoch: 468 >>>  || LOSS Avg: 0.02705
[Wall TIME] >>> Coach.train takes 31.120707 seconds ...
[Coach] >>> TRAIN @Epoch: 469 >>>  || LOSS Avg: 0.02717
[Wall TIME] >>> Coach.train takes 31.593436 seconds ...
[Coach] >>> TRAIN @Epoch: 470 >>>  || LOSS Avg: 0.02725
[Wall TIME] >>> Coach.train takes 31.609248 seconds ...
[Coach] >>> VALID @Epoch: 470 >>>  || RECALL@1 Avg: 0.0138 || RECALL@10 Avg: 0.0718 || RECALL@20 Avg: 0.1087 || NDCG@10 Avg: 0.0386 || NDCG@20 Avg: 0.0480
[Wall TIME] >>> Coach.valid takes 1.518750 seconds ...
[Coach] >>> TRAIN @Epoch: 471 >>>  || LOSS Avg: 0.02711
[Wall TIME] >>> Coach.train takes 31.499877 seconds ...
[Coach] >>> TRAIN @Epoch: 472 >>>  || LOSS Avg: 0.02686
[Wall TIME] >>> Coach.train takes 31.191572 seconds ...
[Coach] >>> TRAIN @Epoch: 473 >>>  || LOSS Avg: 0.02712
[Wall TIME] >>> Coach.train takes 31.312771 seconds ...
[Coach] >>> TRAIN @Epoch: 474 >>>  || LOSS Avg: 0.02681
[Wall TIME] >>> Coach.train takes 31.443283 seconds ...
[Coach] >>> TRAIN @Epoch: 475 >>>  || LOSS Avg: 0.02730
[Wall TIME] >>> Coach.train takes 31.272911 seconds ...
[Coach] >>> Better ***NDCG@20*** of ***0.0480*** 
[Coach] >>> VALID @Epoch: 475 >>>  || RECALL@1 Avg: 0.0137 || RECALL@10 Avg: 0.0720 || RECALL@20 Avg: 0.1091 || NDCG@10 Avg: 0.0386 || NDCG@20 Avg: 0.0480
[Wall TIME] >>> Coach.valid takes 1.567180 seconds ...
[Coach] >>> TRAIN @Epoch: 476 >>>  || LOSS Avg: 0.02690
[Wall TIME] >>> Coach.train takes 31.555692 seconds ...
[Coach] >>> TRAIN @Epoch: 477 >>>  || LOSS Avg: 0.02713
[Wall TIME] >>> Coach.train takes 31.204262 seconds ...
[Coach] >>> TRAIN @Epoch: 478 >>>  || LOSS Avg: 0.02692
[Wall TIME] >>> Coach.train takes 31.188781 seconds ...
[Coach] >>> TRAIN @Epoch: 479 >>>  || LOSS Avg: 0.02693
[Wall TIME] >>> Coach.train takes 31.692469 seconds ...
[Coach] >>> TRAIN @Epoch: 480 >>>  || LOSS Avg: 0.02730
[Wall TIME] >>> Coach.train takes 31.356078 seconds ...
[Coach] >>> VALID @Epoch: 480 >>>  || RECALL@1 Avg: 0.0135 || RECALL@10 Avg: 0.0718 || RECALL@20 Avg: 0.1090 || NDCG@10 Avg: 0.0385 || NDCG@20 Avg: 0.0480
[Wall TIME] >>> Coach.valid takes 1.554685 seconds ...
[Coach] >>> TRAIN @Epoch: 481 >>>  || LOSS Avg: 0.02696
[Wall TIME] >>> Coach.train takes 31.461924 seconds ...
[Coach] >>> TRAIN @Epoch: 482 >>>  || LOSS Avg: 0.02679
[Wall TIME] >>> Coach.train takes 31.266862 seconds ...
[Coach] >>> TRAIN @Epoch: 483 >>>  || LOSS Avg: 0.02671
[Wall TIME] >>> Coach.train takes 31.158126 seconds ...
[Coach] >>> TRAIN @Epoch: 484 >>>  || LOSS Avg: 0.02685
[Wall TIME] >>> Coach.train takes 31.659842 seconds ...
[Coach] >>> TRAIN @Epoch: 485 >>>  || LOSS Avg: 0.02701
[Wall TIME] >>> Coach.train takes 31.347925 seconds ...
[Coach] >>> VALID @Epoch: 485 >>>  || RECALL@1 Avg: 0.0132 || RECALL@10 Avg: 0.0721 || RECALL@20 Avg: 0.1085 || NDCG@10 Avg: 0.0385 || NDCG@20 Avg: 0.0478
[Wall TIME] >>> Coach.valid takes 1.519020 seconds ...
[Coach] >>> TRAIN @Epoch: 486 >>>  || LOSS Avg: 0.02689
[Wall TIME] >>> Coach.train takes 31.676862 seconds ...
[Coach] >>> TRAIN @Epoch: 487 >>>  || LOSS Avg: 0.02691
[Wall TIME] >>> Coach.train takes 31.097862 seconds ...
[Coach] >>> TRAIN @Epoch: 488 >>>  || LOSS Avg: 0.02670
[Wall TIME] >>> Coach.train takes 31.245802 seconds ...
[Coach] >>> TRAIN @Epoch: 489 >>>  || LOSS Avg: 0.02663
[Wall TIME] >>> Coach.train takes 31.604376 seconds ...
[Coach] >>> TRAIN @Epoch: 490 >>>  || LOSS Avg: 0.02718
[Wall TIME] >>> Coach.train takes 31.796942 seconds ...
[Coach] >>> VALID @Epoch: 490 >>>  || RECALL@1 Avg: 0.0137 || RECALL@10 Avg: 0.0725 || RECALL@20 Avg: 0.1087 || NDCG@10 Avg: 0.0388 || NDCG@20 Avg: 0.0480
[Wall TIME] >>> Coach.valid takes 1.533671 seconds ...
[Coach] >>> TRAIN @Epoch: 491 >>>  || LOSS Avg: 0.02675
[Wall TIME] >>> Coach.train takes 31.650804 seconds ...
[Coach] >>> TRAIN @Epoch: 492 >>>  || LOSS Avg: 0.02699
[Wall TIME] >>> Coach.train takes 31.463470 seconds ...
[Coach] >>> TRAIN @Epoch: 493 >>>  || LOSS Avg: 0.02687
[Wall TIME] >>> Coach.train takes 31.301180 seconds ...
[Coach] >>> TRAIN @Epoch: 494 >>>  || LOSS Avg: 0.02682
[Wall TIME] >>> Coach.train takes 31.567707 seconds ...
[Coach] >>> TRAIN @Epoch: 495 >>>  || LOSS Avg: 0.02682
[Wall TIME] >>> Coach.train takes 31.115742 seconds ...
[Coach] >>> Better ***NDCG@20*** of ***0.0481*** 
[Coach] >>> VALID @Epoch: 495 >>>  || RECALL@1 Avg: 0.0140 || RECALL@10 Avg: 0.0720 || RECALL@20 Avg: 0.1085 || NDCG@10 Avg: 0.0388 || NDCG@20 Avg: 0.0481
[Wall TIME] >>> Coach.valid takes 1.562539 seconds ...
[Coach] >>> TRAIN @Epoch: 496 >>>  || LOSS Avg: 0.02680
[Wall TIME] >>> Coach.train takes 31.678231 seconds ...
[Coach] >>> TRAIN @Epoch: 497 >>>  || LOSS Avg: 0.02698
[Wall TIME] >>> Coach.train takes 31.236533 seconds ...
[Coach] >>> TRAIN @Epoch: 498 >>>  || LOSS Avg: 0.02688
[Wall TIME] >>> Coach.train takes 31.302318 seconds ...
[Coach] >>> TRAIN @Epoch: 499 >>>  || LOSS Avg: 0.02687
[Wall TIME] >>> Coach.train takes 31.874581 seconds ...
[Coach] >>> TRAIN @Epoch: 500 >>>  || LOSS Avg: 0.02687
[Wall TIME] >>> Coach.train takes 31.419358 seconds ...
[Coach] >>> Better ***NDCG@20*** of ***0.0482*** 
[Coach] >>> VALID @Epoch: 500 >>>  || RECALL@1 Avg: 0.0140 || RECALL@10 Avg: 0.0723 || RECALL@20 Avg: 0.1088 || NDCG@10 Avg: 0.0389 || NDCG@20 Avg: 0.0482
[Wall TIME] >>> Coach.valid takes 1.551969 seconds ...
[Coach] >>> TEST  @Epoch: 500 >>>  || RECALL@1 Avg: 0.0140 || RECALL@10 Avg: 0.0747 || RECALL@20 Avg: 0.1133 || NDCG@10 Avg: 0.0407 || NDCG@20 Avg: 0.0506
[Wall TIME] >>> Coach.test takes 1.457891 seconds ...
     Mode     Metric      Best  @Step
0   train       LOSS  0.026628    488
1   valid   RECALL@1  0.014144    315
2   valid  RECALL@10  0.072831    420
3   valid  RECALL@20  0.109120    475
4   valid    NDCG@10  0.038948    500
5   valid    NDCG@20  0.048237    500
6    test   RECALL@1  0.013975      0
7    test  RECALL@10  0.074747      0
8    test  RECALL@20  0.113296      0
9    test    NDCG@10  0.040689      0
10   test    NDCG@20  0.050611      0
[LoG_PaTH] >>> ./logs/STAIR-LHC-v1/Amazon2014Sports_550_MMRec/0930090605
[Wall TIME] >>> Coach.summary takes 2.200645 seconds ...
[Coach] >>> Load best model @Epoch: 500 (-1) 
[Coach] >>> VALID @Epoch: 500 >>>  || RECALL@1 Avg: 0.0140 || RECALL@10 Avg: 0.0723 || RECALL@20 Avg: 0.1088 || NDCG@10 Avg: 0.0389 || NDCG@20 Avg: 0.0482
[Wall TIME] >>> Coach.valid takes 1.537596 seconds ...
[Coach] >>> TEST  @Epoch: 500 >>>  || RECALL@1 Avg: 0.0140 || RECALL@10 Avg: 0.0747 || RECALL@20 Avg: 0.1133 || NDCG@10 Avg: 0.0407 || NDCG@20 Avg: 0.0506
[Wall TIME] >>> Coach.test takes 1.465896 seconds ...
[Wall TIME] >>> Coach.fit takes 15310.742777 seconds ...

[Gradient Diagnostics @ Epoch 460] rho_grad(BPR, LHC) = +0.1677 | Status: OK
[Epoch 460 Telemetry] BPR: 0.0256 | LHC: 5.6401 (lambda=0.000300) | Align: 6.9500 | Unif: -13.9030
[Epoch 461 Telemetry] BPR: 0.0256 | LHC: 5.6411 (lambda=0.000300) | Align: 6.9533 | Unif: -13.9287
[Epoch 462 Telemetry] BPR: 0.0255 | LHC: 5.6407 (lambda=0.000300) | Align: 6.9491 | Unif: -13.9243
[Epoch 463 Telemetry] BPR: 0.0255 | LHC: 5.6407 (lambda=0.000300) | Align: 6.9495 | Unif: -13.9069
[Epoch 464 Telemetry] BPR: 0.0255 | LHC: 5.6412 (lambda=0.000300) | Align: 6.9509 | Unif: -13.9116
[Epoch 465 Telemetry] BPR: 0.0254 | LHC: 5.6415 (lambda=0.000300) | Align: 6.9521 | Unif: -13.9068
[Epoch 466 Telemetry] BPR: 0.0255 | LHC: 5.6406 (lambda=0.000300) | Align: 6.9488 | Unif: -13.9398
[Epoch 467 Telemetry] BPR: 0.0254 | LHC: 5.6412 (lambda=0.000300) | Align: 6.9501 | Unif: -13.8981
[Epoch 468 Telemetry] BPR: 0.0254 | LHC: 5.6413 (lambda=0.000300) | Align: 6.9511 | Unif: -13.9217
[Epoch 469 Telemetry] BPR: 0.0255 | LHC: 5.6414 (lambda=0.000300) | Align: 6.9495 | Unif: -13.8921
[Gradient Diagnostics @ Epoch 470] rho_grad(BPR, LHC) = +0.1955 | Status: OK
[Epoch 470 Telemetry] BPR: 0.0256 | LHC: 5.6411 (lambda=0.000300) | Align: 6.9494 | Unif: -13.9414
[Epoch 471 Telemetry] BPR: 0.0254 | LHC: 5.6409 (lambda=0.000300) | Align: 6.9494 | Unif: -13.9320
[Epoch 472 Telemetry] BPR: 0.0252 | LHC: 5.6405 (lambda=0.000300) | Align: 6.9529 | Unif: -13.9576
[Epoch 473 Telemetry] BPR: 0.0254 | LHC: 5.6401 (lambda=0.000300) | Align: 6.9471 | Unif: -13.9261
[Epoch 474 Telemetry] BPR: 0.0251 | LHC: 5.6401 (lambda=0.000300) | Align: 6.9494 | Unif: -13.9404
[Epoch 475 Telemetry] BPR: 0.0256 | LHC: 5.6402 (lambda=0.000300) | Align: 6.9499 | Unif: -13.9478
[Epoch 476 Telemetry] BPR: 0.0252 | LHC: 5.6407 (lambda=0.000300) | Align: 6.9481 | Unif: -13.9714
[Epoch 477 Telemetry] BPR: 0.0254 | LHC: 5.6404 (lambda=0.000300) | Align: 6.9504 | Unif: -13.9680
[Epoch 478 Telemetry] BPR: 0.0252 | LHC: 5.6396 (lambda=0.000300) | Align: 6.9462 | Unif: -13.9355
[Epoch 479 Telemetry] BPR: 0.0252 | LHC: 5.6404 (lambda=0.000300) | Align: 6.9512 | Unif: -13.9166
[Gradient Diagnostics @ Epoch 480] rho_grad(BPR, LHC) = +0.1825 | Status: OK
[Epoch 480 Telemetry] BPR: 0.0256 | LHC: 5.6405 (lambda=0.000300) | Align: 6.9494 | Unif: -13.9354
[Epoch 481 Telemetry] BPR: 0.0253 | LHC: 5.6397 (lambda=0.000300) | Align: 6.9492 | Unif: -13.9450
[Epoch 482 Telemetry] BPR: 0.0251 | LHC: 5.6400 (lambda=0.000300) | Align: 6.9491 | Unif: -13.9253
[Epoch 483 Telemetry] BPR: 0.0250 | LHC: 5.6397 (lambda=0.000300) | Align: 6.9485 | Unif: -13.9212
[Epoch 484 Telemetry] BPR: 0.0252 | LHC: 5.6388 (lambda=0.000300) | Align: 6.9503 | Unif: -13.9140
[Epoch 485 Telemetry] BPR: 0.0253 | LHC: 5.6403 (lambda=0.000300) | Align: 6.9482 | Unif: -13.9288
[Epoch 486 Telemetry] BPR: 0.0252 | LHC: 5.6390 (lambda=0.000300) | Align: 6.9477 | Unif: -13.9177
[Epoch 487 Telemetry] BPR: 0.0252 | LHC: 5.6393 (lambda=0.000300) | Align: 6.9507 | Unif: -13.9008
[Epoch 488 Telemetry] BPR: 0.0250 | LHC: 5.6390 (lambda=0.000300) | Align: 6.9492 | Unif: -13.9009
[Epoch 489 Telemetry] BPR: 0.0249 | LHC: 5.6392 (lambda=0.000300) | Align: 6.9483 | Unif: -13.8754
[Gradient Diagnostics @ Epoch 490] rho_grad(BPR, LHC) = +0.1611 | Status: OK
[Epoch 490 Telemetry] BPR: 0.0256 | LHC: 5.6397 (lambda=0.000300) | Align: 6.9482 | Unif: -13.9075
[Epoch 491 Telemetry] BPR: 0.0251 | LHC: 5.6396 (lambda=0.000300) | Align: 6.9522 | Unif: -13.8993
[Epoch 492 Telemetry] BPR: 0.0253 | LHC: 5.6397 (lambda=0.000300) | Align: 6.9530 | Unif: -13.8800
[Epoch 493 Telemetry] BPR: 0.0252 | LHC: 5.6387 (lambda=0.000300) | Align: 6.9533 | Unif: -13.9134
[Epoch 494 Telemetry] BPR: 0.0251 | LHC: 5.6393 (lambda=0.000300) | Align: 6.9489 | Unif: -13.9339
[Epoch 495 Telemetry] BPR: 0.0251 | LHC: 5.6386 (lambda=0.000300) | Align: 6.9482 | Unif: -13.9349
[Epoch 496 Telemetry] BPR: 0.0251 | LHC: 5.6401 (lambda=0.000300) | Align: 6.9510 | Unif: -13.9374
[Epoch 497 Telemetry] BPR: 0.0253 | LHC: 5.6390 (lambda=0.000300) | Align: 6.9484 | Unif: -13.9188
[Epoch 498 Telemetry] BPR: 0.0252 | LHC: 5.6389 (lambda=0.000300) | Align: 6.9480 | Unif: -13.9340
[Epoch 499 Telemetry] BPR: 0.0252 | LHC: 5.6393 (lambda=0.000300) | Align: 6.9524 | Unif: -13.9009
[Gradient Diagnostics @ Epoch 500] rho_grad(BPR, LHC) = +0.1566 | Status: OK
[Epoch 500 Telemetry] BPR: 0.0252 | LHC: 5.6395 (lambda=0.000300) | Align: 6.9546 | Unif: -13.9312
