[Benchmark] >>> cudnn.benchmark == False | cudnn.deterministic == True
[Seed] >>> Set seed: 1
[PARSER] >>>
[SAVED_FILENAME: model.pt] 
[BEST_FILENAME: best.pt] 
[CHECKPOINT_FREQ: 1] 
[CHECKPOINT_MODULES: ['model', 'optimizer', 'lr_scheduler']] 
[CHECKPOINT_FILENAME: checkpoint.tar] 
[SUMMARY_FILENAME: SUMMARY.md] 
[MONITOR_FILENAME: monitors.pkl] 
[MONITOR_BEST_FILENAME: best.pkl] 
[monitors: ['LOSS', 'Recall@1', 'Recall@10', 'Recall@20', 'NDCG@10', 'NDCG@20']] 
[which4best: NDCG@20] 
[root: /kaggle/data] 
[dataset: Amazon2014Electronics_550_MMRec] 
[tasktag: None] 
[config: /kaggle/working/STAIR-Enhanced/configs/Amazon2014Electronics_550_MMRec.yaml] 
[ranking: full] 
[retain_seen: False] 
[device: cuda:0] 
[ddp_backend: nccl] 
[optimizer: adamwsevo] 
[nesterov: False] 
[momentum: 0.9] 
[beta1: 0.9] 
[beta2: 0.999] 
[weight_decay: 0.1] 
[lr: 0.001] 
[batch_size: 4096] 
[epochs: 500] 
[log2file: True] 
[log2console: True] 
[eval_valid: True] 
[eval_test: False] 
[eval_freq: 5] 
[num_workers: 4] 
[seed: 1] 
[benchmark: False] 
[resume: False] 
[id: 0916102144] 
[description: STAIR-CNLGCL-v1-R] 
[embedding_dim: 64] 
[num_layers: 3] 
[mfiles: textual_modality.pkl,visual_modality.pkl] 
[num_neighbors: 5-1] 
[gamma: 0.4] 
[tau: 0.2] 
[alpha_dir: 0.5] 
[eps: 0.08] 
[tau_thresh: 1.0] 
[lambda_cl: 0.005] 
[warmup_epochs: 50] 
[margin_max: 0.02] 
[use_amm: 1] 
[use_fn_mask: 0] 
[use_fused_ops: 1] 
[ssb_mode: full_ssb] 
[ssb_alpha: 0.4] 
[ssb_beta: 0.2] 
[ssb_tau_text: 0.1] 
[ssb_tau_visual: 0.1] 
[ssb_min_weight: 1.0] 
[ssb_max_weight: 3.6] 
[eval_chunk_size: 512] 
[DATA_DIR: data] 
[SUMMARY_DIR: summary] 
[CHECKPOINT_PATH: ./infos/STAIR-CNLGCL-v1-R/Amazon2014Electronics_550_MMRec/0] 
[LOG_PATH: ./logs/STAIR-CNLGCL-v1-R/Amazon2014Electronics_550_MMRec/0916102144] 

[Wall TIME] >>> Parser.compile takes 0.209797 seconds ...
[Amazon2014Electronics_550_MMRec] >>> USER:ID,USER | ITEM:ID,ITEM | TIMESTAMP:TIMESTAMP
+--------+--------+-------------------+---------------+---------+--------+--------+------------------------+
| #Users | #Items |      Avg.Len      | #Interactions |  #Train | #Valid | #Test  |        Density         |
+--------+--------+-------------------+---------------+---------+--------+--------+------------------------+
| 192403 | 63001  | 8.779426516218562 |    1689188    | 1254441 | 211296 | 223451 | 0.00013935376448339807 |
+--------+--------+-------------------+---------------+---------+--------+--------+------------------------+
[Wall TIME] >>> BaseSet.compile takes 7.068189 seconds ...
[Wall TIME] >>> RecDataSet.to_heterograph takes 0.244847 seconds ...
/usr/local/lib/python3.12/dist-packages/freerec/graph.py:57: UserWarning: Sparse CSR tensor support is in beta state. If you miss a functionality in the sparse tensor support, please submit a feature request to https://github.com/pytorch/pytorch/issues. (Triggered internally at /pytorch/aten/src/ATen/SparseCsrTensorImpl.cpp:49.)
  ).to_sparse_csr()
[Wall TIME] >>> RecDataSet.to_heterograph takes 0.241571 seconds ...
[Wall TIME] >>> GenTrainPositiveSampler.prepare takes 0.468683 seconds ...
[Wall TIME] >>> ValidSampler.prepare takes 0.326172 seconds ...
[Wall TIME] >>> TestSampler.prepare takes 0.348355 seconds ...
[Coach] >>> Set best meter: NDCG@20 
[Wall TIME] >>> Parser.parse takes 0.045628 seconds ...
[Wall TIME] >>> Parser.load takes 0.001894 seconds ...
[Config] Giữ nguyên giá trị CLI cho 'root' (không bị YAML ghi đè)
[Config] Nạp dataset = Amazon2014Electronics_550_MMRec từ YAML
[Config] Nạp embedding_dim = 64 từ YAML
[Config] Nạp num_layers = 3 từ YAML
[Config] Nạp epochs = 500 từ YAML
[Config] Nạp batch_size = 4096 từ YAML
[Config] Nạp optimizer = adamwsevo từ YAML
[Config] Nạp lr = 0.001 từ YAML
[Config] Nạp weight_decay = 0.1 từ YAML
[Config] Nạp gamma = 0.4 từ YAML
[Config] Nạp mfiles = textual_modality.pkl,visual_modality.pkl từ YAML
[Config] Nạp num_neighbors = 5-1 từ YAML
[Config] Nạp monitors = ['LOSS', 'Recall@1', 'Recall@10', 'Recall@20', 'NDCG@10', 'NDCG@20'] từ YAML
[Config] Nạp which4best = NDCG@20 từ YAML
==========================================================================================
🚀 STAIR-CNLGCL v1-R (Giai đoạn 4) — Cross-Component Integration
   * Dataset         : Amazon2014Electronics_550_MMRec
   * BSC-Reweight    : mode=full_ssb, α=0.4, β=0.2
   * CNLGCL          : λ_cl=0.005, τ=0.2, ε=0.08
   * AMM             : ON, margin_max=0.02
   * FNF Mask        : OFF, τ_thresh=1.0
   * Fused Ops       : ON
   * STAIR Config    : L=3, D=64, γ=0.4
   * Optimizer       : adamwsevo, LR=0.001, WD=0.1
   * Warmup          : 50 epochs
==========================================================================================
  [v1-R] Modal consistency (Raw): mean=-0.0002, std=0.1254, min=-0.4812, max=0.4567
  [v1-R] Percentile Calibration (5%-95%): c_lo=-0.2063, c_hi=0.2072, span=0.4135 -> Calibrated [0, 1]: mean=0.4983
  [v1-R] Đang xây dựng đồ thị kNN gốc: k_neighbors=[5, 1]...
  [v1-R] kNN gốc hoàn tất: 361,797 cạnh (W: 1.0 - 2.0)
  [v1-R] mAdj SPSD đã đăng ký: nnz=542,714, device=cuda:0, mode=full_ssb
  [v1-R] Item & User embeddings initialized from SVD Whitening.
[Wall TIME] >>> ChiefCoach.valid takes 32.950090 seconds ...
[Coach] >>> Better ***NDCG@20*** of ***0.0128*** 
[Coach] >>> TRAIN @Epoch: 0    >>> 
[Coach] >>> VALID @Epoch: 0    >>>  || RECALL@1 Avg: 0.0043 || RECALL@10 Avg: 0.0186 || RECALL@20 Avg: 0.0268 || NDCG@10 Avg: 0.0106 || NDCG@20 Avg: 0.0128
[Coach] >>> TEST  @Epoch: 0    >>> 
[Wall TIME] >>> ChiefCoach.train takes 38.379543 seconds ...
[Coach] >>> TRAIN @Epoch: 1    >>>  || LOSS Avg: 0.60757
[Coach] >>> VALID @Epoch: 1    >>> 
[Coach] >>> TEST  @Epoch: 1    >>> 
[Wall TIME] >>> ChiefCoach.train takes 34.654723 seconds ...
[Coach] >>> TRAIN @Epoch: 2    >>>  || LOSS Avg: 0.52724
[Coach] >>> VALID @Epoch: 2    >>> 
[Coach] >>> TEST  @Epoch: 2    >>> 
[Wall TIME] >>> ChiefCoach.train takes 32.157645 seconds ...
[Coach] >>> TRAIN @Epoch: 3    >>>  || LOSS Avg: 0.43974
[Coach] >>> VALID @Epoch: 3    >>> 
[Coach] >>> TEST  @Epoch: 3    >>> 
[Wall TIME] >>> ChiefCoach.train takes 32.922310 seconds ...
[Coach] >>> TRAIN @Epoch: 4    >>>  || LOSS Avg: 0.37503
[Coach] >>> VALID @Epoch: 4    >>> 
[Coach] >>> TEST  @Epoch: 4    >>> 
[Wall TIME] >>> ChiefCoach.train takes 32.218127 seconds ...
[Wall TIME] >>> ChiefCoach.valid takes 21.467573 seconds ...
[Coach] >>> Better ***NDCG@20*** of ***0.0198*** 
[Coach] >>> TRAIN @Epoch: 5    >>>  || LOSS Avg: 0.33146
[Coach] >>> VALID @Epoch: 5    >>>  || RECALL@1 Avg: 0.0052 || RECALL@10 Avg: 0.0299 || RECALL@20 Avg: 0.0460 || NDCG@10 Avg: 0.0157 || NDCG@20 Avg: 0.0198
[Coach] >>> TEST  @Epoch: 5    >>> 
[Wall TIME] >>> ChiefCoach.train takes 32.736965 seconds ...
[Coach] >>> TRAIN @Epoch: 6    >>>  || LOSS Avg: 0.30041
[Coach] >>> VALID @Epoch: 6    >>> 
[Coach] >>> TEST  @Epoch: 6    >>> 
[Wall TIME] >>> ChiefCoach.train takes 32.133490 seconds ...
[Coach] >>> TRAIN @Epoch: 7    >>>  || LOSS Avg: 0.27640
[Coach] >>> VALID @Epoch: 7    >>> 
[Coach] >>> TEST  @Epoch: 7    >>> 
[Wall TIME] >>> ChiefCoach.train takes 33.668814 seconds ...
[Coach] >>> TRAIN @Epoch: 8    >>>  || LOSS Avg: 0.25690
[Coach] >>> VALID @Epoch: 8    >>> 
[Coach] >>> TEST  @Epoch: 8    >>> 
[Wall TIME] >>> ChiefCoach.train takes 32.376181 seconds ...
[Coach] >>> TRAIN @Epoch: 9    >>>  || LOSS Avg: 0.24014
[Coach] >>> VALID @Epoch: 9    >>> 
[Coach] >>> TEST  @Epoch: 9    >>> 
[Wall TIME] >>> ChiefCoach.train takes 32.321063 seconds ...
[Wall TIME] >>> ChiefCoach.valid takes 21.545531 seconds ...
[Coach] >>> Better ***NDCG@20*** of ***0.0215*** 
[Coach] >>> TRAIN @Epoch: 10   >>>  || LOSS Avg: 0.22555
[Coach] >>> VALID @Epoch: 10   >>>  || RECALL@1 Avg: 0.0058 || RECALL@10 Avg: 0.0319 || RECALL@20 Avg: 0.0499 || NDCG@10 Avg: 0.0169 || NDCG@20 Avg: 0.0215
[Coach] >>> TEST  @Epoch: 10   >>> 
[Wall TIME] >>> ChiefCoach.train takes 33.743045 seconds ...
[Coach] >>> TRAIN @Epoch: 11   >>>  || LOSS Avg: 0.21306
[Coach] >>> VALID @Epoch: 11   >>> 
[Coach] >>> TEST  @Epoch: 11   >>> 
[Wall TIME] >>> ChiefCoach.train takes 32.189159 seconds ...
[Coach] >>> TRAIN @Epoch: 12   >>>  || LOSS Avg: 0.20167
[Coach] >>> VALID @Epoch: 12   >>> 
[Coach] >>> TEST  @Epoch: 12   >>> 
[Wall TIME] >>> ChiefCoach.train takes 33.025974 seconds ...
[Coach] >>> TRAIN @Epoch: 13   >>>  || LOSS Avg: 0.19189
[Coach] >>> VALID @Epoch: 13   >>> 
[Coach] >>> TEST  @Epoch: 13   >>> 
[Wall TIME] >>> ChiefCoach.train takes 32.161840 seconds ...
[Coach] >>> TRAIN @Epoch: 14   >>>  || LOSS Avg: 0.18311
[Coach] >>> VALID @Epoch: 14   >>> 
[Coach] >>> TEST  @Epoch: 14   >>> 
[Wall TIME] >>> ChiefCoach.train takes 33.104025 seconds ...
[Wall TIME] >>> ChiefCoach.valid takes 21.504403 seconds ...
[Coach] >>> Better ***NDCG@20*** of ***0.0232*** 
[Coach] >>> TRAIN @Epoch: 15   >>>  || LOSS Avg: 0.17504
[Coach] >>> VALID @Epoch: 15   >>>  || RECALL@1 Avg: 0.0064 || RECALL@10 Avg: 0.0346 || RECALL@20 Avg: 0.0537 || NDCG@10 Avg: 0.0183 || NDCG@20 Avg: 0.0232
[Coach] >>> TEST  @Epoch: 15   >>> 
[Wall TIME] >>> ChiefCoach.train takes 32.296383 seconds ...
[Coach] >>> TRAIN @Epoch: 16   >>>  || LOSS Avg: 0.16788
[Coach] >>> VALID @Epoch: 16   >>> 
[Coach] >>> TEST  @Epoch: 16   >>> 
[Wall TIME] >>> ChiefCoach.train takes 33.136115 seconds ...
[Coach] >>> TRAIN @Epoch: 17   >>>  || LOSS Avg: 0.16128
[Coach] >>> VALID @Epoch: 17   >>> 
[Coach] >>> TEST  @Epoch: 17   >>> 
[Wall TIME] >>> ChiefCoach.train takes 32.198885 seconds ...
[Coach] >>> TRAIN @Epoch: 18   >>>  || LOSS Avg: 0.15565
[Coach] >>> VALID @Epoch: 18   >>> 
[Coach] >>> TEST  @Epoch: 18   >>> 
[Wall TIME] >>> ChiefCoach.train takes 32.299566 seconds ...
[Coach] >>> TRAIN @Epoch: 19   >>>  || LOSS Avg: 0.15044
[Coach] >>> VALID @Epoch: 19   >>> 
[Coach] >>> TEST  @Epoch: 19   >>> 
[Wall TIME] >>> ChiefCoach.train takes 33.761308 seconds ...
[Wall TIME] >>> ChiefCoach.valid takes 21.556048 seconds ...
[Coach] >>> Better ***NDCG@20*** of ***0.0244*** 
[Coach] >>> TRAIN @Epoch: 20   >>>  || LOSS Avg: 0.14528
[Coach] >>> VALID @Epoch: 20   >>>  || RECALL@1 Avg: 0.0067 || RECALL@10 Avg: 0.0361 || RECALL@20 Avg: 0.0561 || NDCG@10 Avg: 0.0193 || NDCG@20 Avg: 0.0244
[Coach] >>> TEST  @Epoch: 20   >>> 
[Wall TIME] >>> ChiefCoach.train takes 32.341985 seconds ...
[Coach] >>> TRAIN @Epoch: 21   >>>  || LOSS Avg: 0.14105
[Coach] >>> VALID @Epoch: 21   >>> 
[Coach] >>> TEST  @Epoch: 21   >>> 
[Wall TIME] >>> ChiefCoach.train takes 33.801534 seconds ...
[Coach] >>> TRAIN @Epoch: 22   >>>  || LOSS Avg: 0.13719
[Coach] >>> VALID @Epoch: 22   >>> 
[Coach] >>> TEST  @Epoch: 22   >>> 
[Wall TIME] >>> ChiefCoach.train takes 32.696437 seconds ...
[Coach] >>> TRAIN @Epoch: 23   >>>  || LOSS Avg: 0.13366
[Coach] >>> VALID @Epoch: 23   >>> 
[Coach] >>> TEST  @Epoch: 23   >>> 
[Wall TIME] >>> ChiefCoach.train takes 33.597012 seconds ...
[Coach] >>> TRAIN @Epoch: 24   >>>  || LOSS Avg: 0.13022
[Coach] >>> VALID @Epoch: 24   >>> 
[Coach] >>> TEST  @Epoch: 24   >>> 
[Wall TIME] >>> ChiefCoach.train takes 32.773893 seconds ...
[Wall TIME] >>> ChiefCoach.valid takes 21.656946 seconds ...
[Coach] >>> Better ***NDCG@20*** of ***0.0251*** 
[Coach] >>> TRAIN @Epoch: 25   >>>  || LOSS Avg: 0.12732
[Coach] >>> VALID @Epoch: 25   >>>  || RECALL@1 Avg: 0.0070 || RECALL@10 Avg: 0.0373 || RECALL@20 Avg: 0.0574 || NDCG@10 Avg: 0.0200 || NDCG@20 Avg: 0.0251
[Coach] >>> TEST  @Epoch: 25   >>> 
[Wall TIME] >>> ChiefCoach.train takes 33.610250 seconds ...
[Coach] >>> TRAIN @Epoch: 26   >>>  || LOSS Avg: 0.12463
[Coach] >>> VALID @Epoch: 26   >>> 
[Coach] >>> TEST  @Epoch: 26   >>> 
[Wall TIME] >>> ChiefCoach.train takes 32.544763 seconds ...
[Coach] >>> TRAIN @Epoch: 27   >>>  || LOSS Avg: 0.12221
[Coach] >>> VALID @Epoch: 27   >>> 
[Coach] >>> TEST  @Epoch: 27   >>> 
[Wall TIME] >>> ChiefCoach.train takes 33.072850 seconds ...
[Coach] >>> TRAIN @Epoch: 28   >>>  || LOSS Avg: 0.11971
[Coach] >>> VALID @Epoch: 28   >>> 
[Coach] >>> TEST  @Epoch: 28   >>> 
[Wall TIME] >>> ChiefCoach.train takes 33.623573 seconds ...
[Coach] >>> TRAIN @Epoch: 29   >>>  || LOSS Avg: 0.11763
[Coach] >>> VALID @Epoch: 29   >>> 
[Coach] >>> TEST  @Epoch: 29   >>> 
[Wall TIME] >>> ChiefCoach.train takes 32.864263 seconds ...
[Wall TIME] >>> ChiefCoach.valid takes 21.837537 seconds ...
[Coach] >>> Better ***NDCG@20*** of ***0.0257*** 
[Coach] >>> TRAIN @Epoch: 30   >>>  || LOSS Avg: 0.11575
[Coach] >>> VALID @Epoch: 30   >>>  || RECALL@1 Avg: 0.0073 || RECALL@10 Avg: 0.0382 || RECALL@20 Avg: 0.0586 || NDCG@10 Avg: 0.0205 || NDCG@20 Avg: 0.0257
[Coach] >>> TEST  @Epoch: 30   >>> 
[Wall TIME] >>> ChiefCoach.train takes 33.583420 seconds ...
[Coach] >>> TRAIN @Epoch: 31   >>>  || LOSS Avg: 0.11394
[Coach] >>> VALID @Epoch: 31   >>> 
[Coach] >>> TEST  @Epoch: 31   >>> 
[Wall TIME] >>> ChiefCoach.train takes 32.520022 seconds ...
[Coach] >>> TRAIN @Epoch: 32   >>>  || LOSS Avg: 0.11255
[Coach] >>> VALID @Epoch: 32   >>> 
[Coach] >>> TEST  @Epoch: 32   >>> 
[Wall TIME] >>> ChiefCoach.train takes 33.579444 seconds ...
[Coach] >>> TRAIN @Epoch: 33   >>>  || LOSS Avg: 0.11108
[Coach] >>> VALID @Epoch: 33   >>> 
[Coach] >>> TEST  @Epoch: 33   >>> 
[Wall TIME] >>> ChiefCoach.train takes 32.749895 seconds ...
[Coach] >>> TRAIN @Epoch: 34   >>>  || LOSS Avg: 0.10980
[Coach] >>> VALID @Epoch: 34   >>> 
[Coach] >>> TEST  @Epoch: 34   >>> 
[Wall TIME] >>> ChiefCoach.train takes 33.542177 seconds ...
[Wall TIME] >>> ChiefCoach.valid takes 21.884004 seconds ...
[Coach] >>> Better ***NDCG@20*** of ***0.0262*** 
[Coach] >>> TRAIN @Epoch: 35   >>>  || LOSS Avg: 0.10843
[Coach] >>> VALID @Epoch: 35   >>>  || RECALL@1 Avg: 0.0074 || RECALL@10 Avg: 0.0388 || RECALL@20 Avg: 0.0594 || NDCG@10 Avg: 0.0209 || NDCG@20 Avg: 0.0262
[Coach] >>> TEST  @Epoch: 35   >>> 
[Wall TIME] >>> ChiefCoach.train takes 32.795393 seconds ...
[Coach] >>> TRAIN @Epoch: 36   >>>  || LOSS Avg: 0.10752
[Coach] >>> VALID @Epoch: 36   >>> 
[Coach] >>> TEST  @Epoch: 36   >>> 
[Wall TIME] >>> ChiefCoach.train takes 34.139906 seconds ...
[Coach] >>> TRAIN @Epoch: 37   >>>  || LOSS Avg: 0.10646
[Coach] >>> VALID @Epoch: 37   >>> 
[Coach] >>> TEST  @Epoch: 37   >>> 
[Wall TIME] >>> ChiefCoach.train takes 32.845594 seconds ...
[Coach] >>> TRAIN @Epoch: 38   >>>  || LOSS Avg: 0.10557
[Coach] >>> VALID @Epoch: 38   >>> 
[Coach] >>> TEST  @Epoch: 38   >>> 
[Wall TIME] >>> ChiefCoach.train takes 32.837686 seconds ...
[Coach] >>> TRAIN @Epoch: 39   >>>  || LOSS Avg: 0.10461
[Coach] >>> VALID @Epoch: 39   >>> 
[Coach] >>> TEST  @Epoch: 39   >>> 
[Wall TIME] >>> ChiefCoach.train takes 34.133908 seconds ...
[Wall TIME] >>> ChiefCoach.valid takes 22.040541 seconds ...
[Coach] >>> Better ***NDCG@20*** of ***0.0267*** 
[Coach] >>> TRAIN @Epoch: 40   >>>  || LOSS Avg: 0.10402
[Coach] >>> VALID @Epoch: 40   >>>  || RECALL@1 Avg: 0.0076 || RECALL@10 Avg: 0.0394 || RECALL@20 Avg: 0.0604 || NDCG@10 Avg: 0.0213 || NDCG@20 Avg: 0.0267
[Coach] >>> TEST  @Epoch: 40   >>> 
[Wall TIME] >>> ChiefCoach.train takes 32.872562 seconds ...
[Coach] >>> TRAIN @Epoch: 41   >>>  || LOSS Avg: 0.10318
[Coach] >>> VALID @Epoch: 41   >>> 
[Coach] >>> TEST  @Epoch: 41   >>> 
[Wall TIME] >>> ChiefCoach.train takes 35.077150 seconds ...
[Coach] >>> TRAIN @Epoch: 42   >>>  || LOSS Avg: 0.10284
[Coach] >>> VALID @Epoch: 42   >>> 
[Coach] >>> TEST  @Epoch: 42   >>> 
[Wall TIME] >>> ChiefCoach.train takes 32.991221 seconds ...
[Coach] >>> TRAIN @Epoch: 43   >>>  || LOSS Avg: 0.10213
[Coach] >>> VALID @Epoch: 43   >>> 
[Coach] >>> TEST  @Epoch: 43   >>> 
[Wall TIME] >>> ChiefCoach.train takes 35.006951 seconds ...
[Coach] >>> TRAIN @Epoch: 44   >>>  || LOSS Avg: 0.10167
[Coach] >>> VALID @Epoch: 44   >>> 
[Coach] >>> TEST  @Epoch: 44   >>> 
[Wall TIME] >>> ChiefCoach.train takes 32.538805 seconds ...
[Wall TIME] >>> ChiefCoach.valid takes 21.756147 seconds ...
[Coach] >>> Better ***NDCG@20*** of ***0.0270*** 
[Coach] >>> TRAIN @Epoch: 45   >>>  || LOSS Avg: 0.10130
[Coach] >>> VALID @Epoch: 45   >>>  || RECALL@1 Avg: 0.0078 || RECALL@10 Avg: 0.0398 || RECALL@20 Avg: 0.0612 || NDCG@10 Avg: 0.0215 || NDCG@20 Avg: 0.0270
[Coach] >>> TEST  @Epoch: 45   >>> 
[Wall TIME] >>> ChiefCoach.train takes 34.933524 seconds ...
[Coach] >>> TRAIN @Epoch: 46   >>>  || LOSS Avg: 0.10083
[Coach] >>> VALID @Epoch: 46   >>> 
[Coach] >>> TEST  @Epoch: 46   >>> 
[Wall TIME] >>> ChiefCoach.train takes 32.616332 seconds ...
[Coach] >>> TRAIN @Epoch: 47   >>>  || LOSS Avg: 0.10040
[Coach] >>> VALID @Epoch: 47   >>> 
[Coach] >>> TEST  @Epoch: 47   >>> 
[Wall TIME] >>> ChiefCoach.train takes 32.657194 seconds ...
[Coach] >>> TRAIN @Epoch: 48   >>>  || LOSS Avg: 0.10048
[Coach] >>> VALID @Epoch: 48   >>> 
[Coach] >>> TEST  @Epoch: 48   >>> 
[Wall TIME] >>> ChiefCoach.train takes 34.352256 seconds ...
[Coach] >>> TRAIN @Epoch: 49   >>>  || LOSS Avg: 0.09994
[Coach] >>> VALID @Epoch: 49   >>> 
[Coach] >>> TEST  @Epoch: 49   >>> 
[Wall TIME] >>> ChiefCoach.train takes 32.814651 seconds ...
[Wall TIME] >>> ChiefCoach.valid takes 21.868096 seconds ...
[Coach] >>> Better ***NDCG@20*** of ***0.0274*** 
[Coach] >>> TRAIN @Epoch: 50   >>>  || LOSS Avg: 0.10001
[Coach] >>> VALID @Epoch: 50   >>>  || RECALL@1 Avg: 0.0080 || RECALL@10 Avg: 0.0404 || RECALL@20 Avg: 0.0619 || NDCG@10 Avg: 0.0219 || NDCG@20 Avg: 0.0274
[Coach] >>> TEST  @Epoch: 50   >>> 
[Wall TIME] >>> ChiefCoach.train takes 35.167351 seconds ...
[Coach] >>> TRAIN @Epoch: 51   >>>  || LOSS Avg: 0.09903
[Coach] >>> VALID @Epoch: 51   >>> 
[Coach] >>> TEST  @Epoch: 51   >>> 
[Wall TIME] >>> ChiefCoach.train takes 32.930305 seconds ...
[Coach] >>> TRAIN @Epoch: 52   >>>  || LOSS Avg: 0.09821
[Coach] >>> VALID @Epoch: 52   >>> 
[Coach] >>> TEST  @Epoch: 52   >>> 
[Wall TIME] >>> ChiefCoach.train takes 34.904580 seconds ...
[Coach] >>> TRAIN @Epoch: 53   >>>  || LOSS Avg: 0.09750
[Coach] >>> VALID @Epoch: 53   >>> 
[Coach] >>> TEST  @Epoch: 53   >>> 
[Wall TIME] >>> ChiefCoach.train takes 32.958698 seconds ...
[Coach] >>> TRAIN @Epoch: 54   >>>  || LOSS Avg: 0.09661
[Coach] >>> VALID @Epoch: 54   >>> 
[Coach] >>> TEST  @Epoch: 54   >>> 
[Wall TIME] >>> ChiefCoach.train takes 34.631342 seconds ...
[Wall TIME] >>> ChiefCoach.valid takes 22.038924 seconds ...
[Coach] >>> Better ***NDCG@20*** of ***0.0277*** 
[Coach] >>> TRAIN @Epoch: 55   >>>  || LOSS Avg: 0.09638
[Coach] >>> VALID @Epoch: 55   >>>  || RECALL@1 Avg: 0.0081 || RECALL@10 Avg: 0.0406 || RECALL@20 Avg: 0.0627 || NDCG@10 Avg: 0.0221 || NDCG@20 Avg: 0.0277
[Coach] >>> TEST  @Epoch: 55   >>> 
[Wall TIME] >>> ChiefCoach.train takes 32.641728 seconds ...
[Coach] >>> TRAIN @Epoch: 56   >>>  || LOSS Avg: 0.09544
[Coach] >>> VALID @Epoch: 56   >>> 
[Coach] >>> TEST  @Epoch: 56   >>> 
[Wall TIME] >>> ChiefCoach.train takes 32.832662 seconds ...
[Coach] >>> TRAIN @Epoch: 57   >>>  || LOSS Avg: 0.09473
[Coach] >>> VALID @Epoch: 57   >>> 
[Coach] >>> TEST  @Epoch: 57   >>> 
[Wall TIME] >>> ChiefCoach.train takes 34.533781 seconds ...
[Coach] >>> TRAIN @Epoch: 58   >>>  || LOSS Avg: 0.09393
[Coach] >>> VALID @Epoch: 58   >>> 
[Coach] >>> TEST  @Epoch: 58   >>> 
[Wall TIME] >>> ChiefCoach.train takes 33.370824 seconds ...
[Coach] >>> TRAIN @Epoch: 59   >>>  || LOSS Avg: 0.09331
[Coach] >>> VALID @Epoch: 59   >>> 
[Coach] >>> TEST  @Epoch: 59   >>> 
[Wall TIME] >>> ChiefCoach.train takes 35.751619 seconds ...
[Wall TIME] >>> ChiefCoach.valid takes 22.275151 seconds ...
[Coach] >>> Better ***NDCG@20*** of ***0.0279*** 
[Coach] >>> TRAIN @Epoch: 60   >>>  || LOSS Avg: 0.09277
[Coach] >>> VALID @Epoch: 60   >>>  || RECALL@1 Avg: 0.0082 || RECALL@10 Avg: 0.0409 || RECALL@20 Avg: 0.0631 || NDCG@10 Avg: 0.0223 || NDCG@20 Avg: 0.0279
[Coach] >>> TEST  @Epoch: 60   >>> 
[Wall TIME] >>> ChiefCoach.train takes 33.237173 seconds ...
[Coach] >>> TRAIN @Epoch: 61   >>>  || LOSS Avg: 0.09228
[Coach] >>> VALID @Epoch: 61   >>> 
[Coach] >>> TEST  @Epoch: 61   >>> 
[Wall TIME] >>> ChiefCoach.train takes 35.755677 seconds ...
[Coach] >>> TRAIN @Epoch: 62   >>>  || LOSS Avg: 0.09171
[Coach] >>> VALID @Epoch: 62   >>> 
[Coach] >>> TEST  @Epoch: 62   >>> 
[Wall TIME] >>> ChiefCoach.train takes 33.078536 seconds ...
[Coach] >>> TRAIN @Epoch: 63   >>>  || LOSS Avg: 0.09113
[Coach] >>> VALID @Epoch: 63   >>> 
[Coach] >>> TEST  @Epoch: 63   >>> 
[Wall TIME] >>> ChiefCoach.train takes 34.276710 seconds ...
[Coach] >>> TRAIN @Epoch: 64   >>>  || LOSS Avg: 0.09086
[Coach] >>> VALID @Epoch: 64   >>> 
[Coach] >>> TEST  @Epoch: 64   >>> 
[Wall TIME] >>> ChiefCoach.train takes 32.702145 seconds ...
[Wall TIME] >>> ChiefCoach.valid takes 21.837927 seconds ...
[Coach] >>> Better ***NDCG@20*** of ***0.0281*** 
[Coach] >>> TRAIN @Epoch: 65   >>>  || LOSS Avg: 0.09034
[Coach] >>> VALID @Epoch: 65   >>>  || RECALL@1 Avg: 0.0083 || RECALL@10 Avg: 0.0414 || RECALL@20 Avg: 0.0634 || NDCG@10 Avg: 0.0225 || NDCG@20 Avg: 0.0281
[Coach] >>> TEST  @Epoch: 65   >>> 
[Wall TIME] >>> ChiefCoach.train takes 32.585928 seconds ...
[Coach] >>> TRAIN @Epoch: 66   >>>  || LOSS Avg: 0.08976
[Coach] >>> VALID @Epoch: 66   >>> 
[Coach] >>> TEST  @Epoch: 66   >>> 
[Wall TIME] >>> ChiefCoach.train takes 34.080326 seconds ...
[Coach] >>> TRAIN @Epoch: 67   >>>  || LOSS Avg: 0.08952
[Coach] >>> VALID @Epoch: 67   >>> 
[Coach] >>> TEST  @Epoch: 67   >>> 
[Wall TIME] >>> ChiefCoach.train takes 33.034222 seconds ...
[Coach] >>> TRAIN @Epoch: 68   >>>  || LOSS Avg: 0.08901
[Coach] >>> VALID @Epoch: 68   >>> 
[Coach] >>> TEST  @Epoch: 68   >>> 
[Wall TIME] >>> ChiefCoach.train takes 34.450146 seconds ...
[Coach] >>> TRAIN @Epoch: 69   >>>  || LOSS Avg: 0.08848
[Coach] >>> VALID @Epoch: 69   >>> 
[Coach] >>> TEST  @Epoch: 69   >>> 
[Wall TIME] >>> ChiefCoach.train takes 33.062660 seconds ...
[Wall TIME] >>> ChiefCoach.valid takes 21.886037 seconds ...
[Coach] >>> Better ***NDCG@20*** of ***0.0283*** 
[Coach] >>> TRAIN @Epoch: 70   >>>  || LOSS Avg: 0.08827
[Coach] >>> VALID @Epoch: 70   >>>  || RECALL@1 Avg: 0.0084 || RECALL@10 Avg: 0.0417 || RECALL@20 Avg: 0.0637 || NDCG@10 Avg: 0.0226 || NDCG@20 Avg: 0.0283
[Coach] >>> TEST  @Epoch: 70   >>> 
[Wall TIME] >>> ChiefCoach.train takes 34.228181 seconds ...
[Coach] >>> TRAIN @Epoch: 71   >>>  || LOSS Avg: 0.08774
[Coach] >>> VALID @Epoch: 71   >>> 
[Coach] >>> TEST  @Epoch: 71   >>> 
[Wall TIME] >>> ChiefCoach.train takes 32.877640 seconds ...
[Coach] >>> TRAIN @Epoch: 72   >>>  || LOSS Avg: 0.08728
[Coach] >>> VALID @Epoch: 72   >>> 
[Coach] >>> TEST  @Epoch: 72   >>> 
[Wall TIME] >>> ChiefCoach.train takes 35.107193 seconds ...
[Coach] >>> TRAIN @Epoch: 73   >>>  || LOSS Avg: 0.08695
[Coach] >>> VALID @Epoch: 73   >>> 
[Coach] >>> TEST  @Epoch: 73   >>> 
[Wall TIME] >>> ChiefCoach.train takes 32.982448 seconds ...
[Coach] >>> TRAIN @Epoch: 74   >>>  || LOSS Avg: 0.08674
[Coach] >>> VALID @Epoch: 74   >>> 
[Coach] >>> TEST  @Epoch: 74   >>> 
[Wall TIME] >>> ChiefCoach.train takes 33.015172 seconds ...
[Wall TIME] >>> ChiefCoach.valid takes 21.898401 seconds ...
[Coach] >>> Better ***NDCG@20*** of ***0.0284*** 
[Coach] >>> TRAIN @Epoch: 75   >>>  || LOSS Avg: 0.08641
[Coach] >>> VALID @Epoch: 75   >>>  || RECALL@1 Avg: 0.0084 || RECALL@10 Avg: 0.0418 || RECALL@20 Avg: 0.0642 || NDCG@10 Avg: 0.0227 || NDCG@20 Avg: 0.0284
[Coach] >>> TEST  @Epoch: 75   >>> 
[Wall TIME] >>> ChiefCoach.train takes 34.460285 seconds ...
[Coach] >>> TRAIN @Epoch: 76   >>>  || LOSS Avg: 0.08626
[Coach] >>> VALID @Epoch: 76   >>> 
[Coach] >>> TEST  @Epoch: 76   >>> 
[Wall TIME] >>> ChiefCoach.train takes 32.753716 seconds ...
[Coach] >>> TRAIN @Epoch: 77   >>>  || LOSS Avg: 0.08583
[Coach] >>> VALID @Epoch: 77   >>> 
[Coach] >>> TEST  @Epoch: 77   >>> 
[Wall TIME] >>> ChiefCoach.train takes 34.889378 seconds ...
[Coach] >>> TRAIN @Epoch: 78   >>>  || LOSS Avg: 0.08538
[Coach] >>> VALID @Epoch: 78   >>> 
[Coach] >>> TEST  @Epoch: 78   >>> 
[Wall TIME] >>> ChiefCoach.train takes 32.862381 seconds ...
[Coach] >>> TRAIN @Epoch: 79   >>>  || LOSS Avg: 0.08501
[Coach] >>> VALID @Epoch: 79   >>> 
[Coach] >>> TEST  @Epoch: 79   >>> 
[Wall TIME] >>> ChiefCoach.train takes 34.872671 seconds ...
[Wall TIME] >>> ChiefCoach.valid takes 21.862702 seconds ...
[Coach] >>> Better ***NDCG@20*** of ***0.0285*** 
[Coach] >>> TRAIN @Epoch: 80   >>>  || LOSS Avg: 0.08473
[Coach] >>> VALID @Epoch: 80   >>>  || RECALL@1 Avg: 0.0085 || RECALL@10 Avg: 0.0422 || RECALL@20 Avg: 0.0643 || NDCG@10 Avg: 0.0229 || NDCG@20 Avg: 0.0285
[Coach] >>> TEST  @Epoch: 80   >>> 
[Wall TIME] >>> ChiefCoach.train takes 32.436845 seconds ...
[Coach] >>> TRAIN @Epoch: 81   >>>  || LOSS Avg: 0.08462
[Coach] >>> VALID @Epoch: 81   >>> 
[Coach] >>> TEST  @Epoch: 81   >>> 
[Wall TIME] >>> ChiefCoach.train takes 34.779155 seconds ...
[Coach] >>> TRAIN @Epoch: 82   >>>  || LOSS Avg: 0.08425
[Coach] >>> VALID @Epoch: 82   >>> 
[Coach] >>> TEST  @Epoch: 82   >>> 
[Wall TIME] >>> ChiefCoach.train takes 32.326188 seconds ...
[Coach] >>> TRAIN @Epoch: 83   >>>  || LOSS Avg: 0.08403
[Coach] >>> VALID @Epoch: 83   >>> 
[Coach] >>> TEST  @Epoch: 83   >>> 
[Wall TIME] >>> ChiefCoach.train takes 32.369985 seconds ...
[Coach] >>> TRAIN @Epoch: 84   >>>  || LOSS Avg: 0.08378
[Coach] >>> VALID @Epoch: 84   >>> 
[Coach] >>> TEST  @Epoch: 84   >>> 
[Wall TIME] >>> ChiefCoach.train takes 34.316717 seconds ...
[Wall TIME] >>> ChiefCoach.valid takes 21.741897 seconds ...
[Coach] >>> Better ***NDCG@20*** of ***0.0286*** 
[Coach] >>> TRAIN @Epoch: 85   >>>  || LOSS Avg: 0.08349
[Coach] >>> VALID @Epoch: 85   >>>  || RECALL@1 Avg: 0.0084 || RECALL@10 Avg: 0.0421 || RECALL@20 Avg: 0.0647 || NDCG@10 Avg: 0.0229 || NDCG@20 Avg: 0.0286
[Coach] >>> TEST  @Epoch: 85   >>> 
[Wall TIME] >>> ChiefCoach.train takes 32.321508 seconds ...
[Coach] >>> TRAIN @Epoch: 86   >>>  || LOSS Avg: 0.08311
[Coach] >>> VALID @Epoch: 86   >>> 
[Coach] >>> TEST  @Epoch: 86   >>> 
[Wall TIME] >>> ChiefCoach.train takes 33.813734 seconds ...
[Coach] >>> TRAIN @Epoch: 87   >>>  || LOSS Avg: 0.08301
[Coach] >>> VALID @Epoch: 87   >>> 
[Coach] >>> TEST  @Epoch: 87   >>> 
[Wall TIME] >>> ChiefCoach.train takes 32.349385 seconds ...
[Coach] >>> TRAIN @Epoch: 88   >>>  || LOSS Avg: 0.08276
[Coach] >>> VALID @Epoch: 88   >>> 
[Coach] >>> TEST  @Epoch: 88   >>> 
[Wall TIME] >>> ChiefCoach.train takes 33.811995 seconds ...
[Coach] >>> TRAIN @Epoch: 89   >>>  || LOSS Avg: 0.08246
[Coach] >>> VALID @Epoch: 89   >>> 
[Coach] >>> TEST  @Epoch: 89   >>> 
[Wall TIME] >>> ChiefCoach.train takes 32.638757 seconds ...
[Wall TIME] >>> ChiefCoach.valid takes 21.643986 seconds ...
[Coach] >>> Better ***NDCG@20*** of ***0.0287*** 
[Coach] >>> TRAIN @Epoch: 90   >>>  || LOSS Avg: 0.08226
[Coach] >>> VALID @Epoch: 90   >>>  || RECALL@1 Avg: 0.0084 || RECALL@10 Avg: 0.0422 || RECALL@20 Avg: 0.0648 || NDCG@10 Avg: 0.0229 || NDCG@20 Avg: 0.0287
[Coach] >>> TEST  @Epoch: 90   >>> 
[Wall TIME] >>> ChiefCoach.train takes 33.748456 seconds ...
[Coach] >>> TRAIN @Epoch: 91   >>>  || LOSS Avg: 0.08201
[Coach] >>> VALID @Epoch: 91   >>> 
[Coach] >>> TEST  @Epoch: 91   >>> 
[Wall TIME] >>> ChiefCoach.train takes 32.337235 seconds ...
[Coach] >>> TRAIN @Epoch: 92   >>>  || LOSS Avg: 0.08182
[Coach] >>> VALID @Epoch: 92   >>> 
[Coach] >>> TEST  @Epoch: 92   >>> 
[Wall TIME] >>> ChiefCoach.train takes 32.853273 seconds ...
[Coach] >>> TRAIN @Epoch: 93   >>>  || LOSS Avg: 0.08161
[Coach] >>> VALID @Epoch: 93   >>> 
[Coach] >>> TEST  @Epoch: 93   >>> 
[Wall TIME] >>> ChiefCoach.train takes 33.516041 seconds ...
[Coach] >>> TRAIN @Epoch: 94   >>>  || LOSS Avg: 0.08146
[Coach] >>> VALID @Epoch: 94   >>> 
[Coach] >>> TEST  @Epoch: 94   >>> 
[Wall TIME] >>> ChiefCoach.train takes 32.411224 seconds ...
[Wall TIME] >>> ChiefCoach.valid takes 21.553827 seconds ...
[Coach] >>> Better ***NDCG@20*** of ***0.0289*** 
[Coach] >>> TRAIN @Epoch: 95   >>>  || LOSS Avg: 0.08118
[Coach] >>> VALID @Epoch: 95   >>>  || RECALL@1 Avg: 0.0087 || RECALL@10 Avg: 0.0424 || RECALL@20 Avg: 0.0650 || NDCG@10 Avg: 0.0232 || NDCG@20 Avg: 0.0289
[Coach] >>> TEST  @Epoch: 95   >>> 
[Wall TIME] >>> ChiefCoach.train takes 33.279849 seconds ...
[Coach] >>> TRAIN @Epoch: 96   >>>  || LOSS Avg: 0.08084
[Coach] >>> VALID @Epoch: 96   >>> 
[Coach] >>> TEST  @Epoch: 96   >>> 
[Wall TIME] >>> ChiefCoach.train takes 32.398201 seconds ...
[Coach] >>> TRAIN @Epoch: 97   >>>  || LOSS Avg: 0.08072
[Coach] >>> VALID @Epoch: 97   >>> 
[Coach] >>> TEST  @Epoch: 97   >>> 
[Wall TIME] >>> ChiefCoach.train takes 33.075899 seconds ...
[Coach] >>> TRAIN @Epoch: 98   >>>  || LOSS Avg: 0.08060
[Coach] >>> VALID @Epoch: 98   >>> 
[Coach] >>> TEST  @Epoch: 98   >>> 
[Wall TIME] >>> ChiefCoach.train takes 32.485233 seconds ...
[Coach] >>> TRAIN @Epoch: 99   >>>  || LOSS Avg: 0.08050
[Coach] >>> VALID @Epoch: 99   >>> 
[Coach] >>> TEST  @Epoch: 99   >>> 
[Wall TIME] >>> ChiefCoach.train takes 34.021664 seconds ...
[Wall TIME] >>> ChiefCoach.valid takes 21.800998 seconds ...
[Coach] >>> TRAIN @Epoch: 100  >>>  || LOSS Avg: 0.08031
[Coach] >>> VALID @Epoch: 100  >>>  || RECALL@1 Avg: 0.0086 || RECALL@10 Avg: 0.0425 || RECALL@20 Avg: 0.0651 || NDCG@10 Avg: 0.0231 || NDCG@20 Avg: 0.0289
[Coach] >>> TEST  @Epoch: 100  >>> 
[Wall TIME] >>> ChiefCoach.train takes 32.156541 seconds ...
[Coach] >>> TRAIN @Epoch: 101  >>>  || LOSS Avg: 0.08011
[Coach] >>> VALID @Epoch: 101  >>> 
[Coach] >>> TEST  @Epoch: 101  >>> 
[Wall TIME] >>> ChiefCoach.train takes 33.605774 seconds ...
[Coach] >>> TRAIN @Epoch: 102  >>>  || LOSS Avg: 0.07978
[Coach] >>> VALID @Epoch: 102  >>> 
[Coach] >>> TEST  @Epoch: 102  >>> 
[Wall TIME] >>> ChiefCoach.train takes 32.417157 seconds ...
[Coach] >>> TRAIN @Epoch: 103  >>>  || LOSS Avg: 0.07971
[Coach] >>> VALID @Epoch: 103  >>> 
[Coach] >>> TEST  @Epoch: 103  >>> 
[Wall TIME] >>> ChiefCoach.train takes 32.665353 seconds ...
[Coach] >>> TRAIN @Epoch: 104  >>>  || LOSS Avg: 0.07956
[Coach] >>> VALID @Epoch: 104  >>> 
[Coach] >>> TEST  @Epoch: 104  >>> 
[Wall TIME] >>> ChiefCoach.train takes 33.071991 seconds ...
[Wall TIME] >>> ChiefCoach.valid takes 21.638926 seconds ...
[Coach] >>> Better ***NDCG@20*** of ***0.0290*** 
[Coach] >>> TRAIN @Epoch: 105  >>>  || LOSS Avg: 0.07919
[Coach] >>> VALID @Epoch: 105  >>>  || RECALL@1 Avg: 0.0087 || RECALL@10 Avg: 0.0427 || RECALL@20 Avg: 0.0652 || NDCG@10 Avg: 0.0233 || NDCG@20 Avg: 0.0290
[Coach] >>> TEST  @Epoch: 105  >>> 
[Wall TIME] >>> ChiefCoach.train takes 32.158527 seconds ...
[Coach] >>> TRAIN @Epoch: 106  >>>  || LOSS Avg: 0.07939
[Coach] >>> VALID @Epoch: 106  >>> 
[Coach] >>> TEST  @Epoch: 106  >>> 
[Wall TIME] >>> ChiefCoach.train takes 33.714061 seconds ...
[Coach] >>> TRAIN @Epoch: 107  >>>  || LOSS Avg: 0.07926
[Coach] >>> VALID @Epoch: 107  >>> 
[Coach] >>> TEST  @Epoch: 107  >>> 
[Wall TIME] >>> ChiefCoach.train takes 32.380630 seconds ...
[Coach] >>> TRAIN @Epoch: 108  >>>  || LOSS Avg: 0.07895
[Coach] >>> VALID @Epoch: 108  >>> 
[Coach] >>> TEST  @Epoch: 108  >>> 
[Wall TIME] >>> ChiefCoach.train takes 33.663609 seconds ...
[Coach] >>> TRAIN @Epoch: 109  >>>  || LOSS Avg: 0.07893
[Coach] >>> VALID @Epoch: 109  >>> 
[Coach] >>> TEST  @Epoch: 109  >>> 
[Wall TIME] >>> ChiefCoach.train takes 32.328824 seconds ...
[Wall TIME] >>> ChiefCoach.valid takes 21.709951 seconds ...
[Coach] >>> Better ***NDCG@20*** of ***0.0290*** 
[Coach] >>> TRAIN @Epoch: 110  >>>  || LOSS Avg: 0.07849
[Coach] >>> VALID @Epoch: 110  >>>  || RECALL@1 Avg: 0.0087 || RECALL@10 Avg: 0.0429 || RECALL@20 Avg: 0.0652 || NDCG@10 Avg: 0.0233 || NDCG@20 Avg: 0.0290
[Coach] >>> TEST  @Epoch: 110  >>> 
[Wall TIME] >>> ChiefCoach.train takes 33.614385 seconds ...
[Coach] >>> TRAIN @Epoch: 111  >>>  || LOSS Avg: 0.07848
[Coach] >>> VALID @Epoch: 111  >>> 
[Coach] >>> TEST  @Epoch: 111  >>> 
[Wall TIME] >>> ChiefCoach.train takes 32.399124 seconds ...
[Coach] >>> TRAIN @Epoch: 112  >>>  || LOSS Avg: 0.07848
[Coach] >>> VALID @Epoch: 112  >>> 
[Coach] >>> TEST  @Epoch: 112  >>> 
[Wall TIME] >>> ChiefCoach.train takes 32.334842 seconds ...
[Coach] >>> TRAIN @Epoch: 113  >>>  || LOSS Avg: 0.07840
[Coach] >>> VALID @Epoch: 113  >>> 
[Coach] >>> TEST  @Epoch: 113  >>> 
[Wall TIME] >>> ChiefCoach.train takes 33.890740 seconds ...
[Coach] >>> TRAIN @Epoch: 114  >>>  || LOSS Avg: 0.07820
[Coach] >>> VALID @Epoch: 114  >>> 
[Coach] >>> TEST  @Epoch: 114  >>> 
[Wall TIME] >>> ChiefCoach.train takes 32.426206 seconds ...
[Wall TIME] >>> ChiefCoach.valid takes 21.585018 seconds ...
[Coach] >>> Better ***NDCG@20*** of ***0.0292*** 
[Coach] >>> TRAIN @Epoch: 115  >>>  || LOSS Avg: 0.07791
[Coach] >>> VALID @Epoch: 115  >>>  || RECALL@1 Avg: 0.0087 || RECALL@10 Avg: 0.0430 || RECALL@20 Avg: 0.0657 || NDCG@10 Avg: 0.0234 || NDCG@20 Avg: 0.0292
[Coach] >>> TEST  @Epoch: 115  >>> 
[Wall TIME] >>> ChiefCoach.train takes 33.952590 seconds ...
[Coach] >>> TRAIN @Epoch: 116  >>>  || LOSS Avg: 0.07784
[Coach] >>> VALID @Epoch: 116  >>> 
[Coach] >>> TEST  @Epoch: 116  >>> 
[Wall TIME] >>> ChiefCoach.train takes 32.213179 seconds ...
[Coach] >>> TRAIN @Epoch: 117  >>>  || LOSS Avg: 0.07783
[Coach] >>> VALID @Epoch: 117  >>> 
[Coach] >>> TEST  @Epoch: 117  >>> 
[Wall TIME] >>> ChiefCoach.train takes 33.626764 seconds ...
[Coach] >>> TRAIN @Epoch: 118  >>>  || LOSS Avg: 0.07761
[Coach] >>> VALID @Epoch: 118  >>> 
[Coach] >>> TEST  @Epoch: 118  >>> 
[Wall TIME] >>> ChiefCoach.train takes 32.349162 seconds ...
[Coach] >>> TRAIN @Epoch: 119  >>>  || LOSS Avg: 0.07742
[Coach] >>> VALID @Epoch: 119  >>> 
[Coach] >>> TEST  @Epoch: 119  >>> 
[Wall TIME] >>> ChiefCoach.train takes 34.333483 seconds ...
[Wall TIME] >>> ChiefCoach.valid takes 21.646884 seconds ...
[Coach] >>> TRAIN @Epoch: 120  >>>  || LOSS Avg: 0.07743
[Coach] >>> VALID @Epoch: 120  >>>  || RECALL@1 Avg: 0.0086 || RECALL@10 Avg: 0.0431 || RECALL@20 Avg: 0.0657 || NDCG@10 Avg: 0.0234 || NDCG@20 Avg: 0.0292
[Coach] >>> TEST  @Epoch: 120  >>> 
[Wall TIME] >>> ChiefCoach.train takes 32.350815 seconds ...
[Coach] >>> TRAIN @Epoch: 121  >>>  || LOSS Avg: 0.07728
[Coach] >>> VALID @Epoch: 121  >>> 
[Coach] >>> TEST  @Epoch: 121  >>> 
[Wall TIME] >>> ChiefCoach.train takes 32.242450 seconds ...
[Coach] >>> TRAIN @Epoch: 122  >>>  || LOSS Avg: 0.07709
[Coach] >>> VALID @Epoch: 122  >>> 
[Coach] >>> TEST  @Epoch: 122  >>> 
[Wall TIME] >>> ChiefCoach.train takes 33.714953 seconds ...
[Coach] >>> TRAIN @Epoch: 123  >>>  || LOSS Avg: 0.07695
[Coach] >>> VALID @Epoch: 123  >>> 
[Coach] >>> TEST  @Epoch: 123  >>> 
[Wall TIME] >>> ChiefCoach.train takes 32.358458 seconds ...
[Coach] >>> TRAIN @Epoch: 124  >>>  || LOSS Avg: 0.07693
[Coach] >>> VALID @Epoch: 124  >>> 
[Coach] >>> TEST  @Epoch: 124  >>> 
[Wall TIME] >>> ChiefCoach.train takes 33.389338 seconds ...
[Wall TIME] >>> ChiefCoach.valid takes 21.576953 seconds ...
[Coach] >>> Better ***NDCG@20*** of ***0.0292*** 
[Coach] >>> TRAIN @Epoch: 125  >>>  || LOSS Avg: 0.07684
[Coach] >>> VALID @Epoch: 125  >>>  || RECALL@1 Avg: 0.0087 || RECALL@10 Avg: 0.0432 || RECALL@20 Avg: 0.0657 || NDCG@10 Avg: 0.0235 || NDCG@20 Avg: 0.0292
[Coach] >>> TEST  @Epoch: 125  >>> 
[Wall TIME] >>> ChiefCoach.train takes 32.170884 seconds ...
[Coach] >>> TRAIN @Epoch: 126  >>>  || LOSS Avg: 0.07669
[Coach] >>> VALID @Epoch: 126  >>> 
[Coach] >>> TEST  @Epoch: 126  >>> 
[Wall TIME] >>> ChiefCoach.train takes 33.483904 seconds ...
[Coach] >>> TRAIN @Epoch: 127  >>>  || LOSS Avg: 0.07664
[Coach] >>> VALID @Epoch: 127  >>> 
[Coach] >>> TEST  @Epoch: 127  >>> 
[Wall TIME] >>> ChiefCoach.train takes 32.244728 seconds ...
[Coach] >>> TRAIN @Epoch: 128  >>>  || LOSS Avg: 0.07653
[Coach] >>> VALID @Epoch: 128  >>> 
[Coach] >>> TEST  @Epoch: 128  >>> 
[Wall TIME] >>> ChiefCoach.train takes 33.068840 seconds ...
[Coach] >>> TRAIN @Epoch: 129  >>>  || LOSS Avg: 0.07617
[Coach] >>> VALID @Epoch: 129  >>> 
[Coach] >>> TEST  @Epoch: 129  >>> 
[Wall TIME] >>> ChiefCoach.train takes 32.516484 seconds ...
[Wall TIME] >>> ChiefCoach.valid takes 21.524107 seconds ...
[Coach] >>> Better ***NDCG@20*** of ***0.0293*** 
[Coach] >>> TRAIN @Epoch: 130  >>>  || LOSS Avg: 0.07634
[Coach] >>> VALID @Epoch: 130  >>>  || RECALL@1 Avg: 0.0087 || RECALL@10 Avg: 0.0434 || RECALL@20 Avg: 0.0657 || NDCG@10 Avg: 0.0236 || NDCG@20 Avg: 0.0293
[Coach] >>> TEST  @Epoch: 130  >>> 
[Wall TIME] >>> ChiefCoach.train takes 32.492596 seconds ...
[Coach] >>> TRAIN @Epoch: 131  >>>  || LOSS Avg: 0.07613
[Coach] >>> VALID @Epoch: 131  >>> 
[Coach] >>> TEST  @Epoch: 131  >>> 
[Wall TIME] >>> ChiefCoach.train takes 34.180182 seconds ...
[Coach] >>> TRAIN @Epoch: 132  >>>  || LOSS Avg: 0.07604
[Coach] >>> VALID @Epoch: 132  >>> 
[Coach] >>> TEST  @Epoch: 132  >>> 
[Wall TIME] >>> ChiefCoach.train takes 32.432291 seconds ...
[Coach] >>> TRAIN @Epoch: 133  >>>  || LOSS Avg: 0.07591
[Coach] >>> VALID @Epoch: 133  >>> 
[Coach] >>> TEST  @Epoch: 133  >>> 
[Wall TIME] >>> ChiefCoach.train takes 34.310899 seconds ...
[Coach] >>> TRAIN @Epoch: 134  >>>  || LOSS Avg: 0.07592
[Coach] >>> VALID @Epoch: 134  >>> 
[Coach] >>> TEST  @Epoch: 134  >>> 
[Wall TIME] >>> ChiefCoach.train takes 32.341255 seconds ...
[Wall TIME] >>> ChiefCoach.valid takes 21.527982 seconds ...
[Coach] >>> Better ***NDCG@20*** of ***0.0295*** 
[Coach] >>> TRAIN @Epoch: 135  >>>  || LOSS Avg: 0.07583
[Coach] >>> VALID @Epoch: 135  >>>  || RECALL@1 Avg: 0.0088 || RECALL@10 Avg: 0.0436 || RECALL@20 Avg: 0.0662 || NDCG@10 Avg: 0.0237 || NDCG@20 Avg: 0.0295
[Coach] >>> TEST  @Epoch: 135  >>> 
[Wall TIME] >>> ChiefCoach.train takes 34.175284 seconds ...
[Coach] >>> TRAIN @Epoch: 136  >>>  || LOSS Avg: 0.07555
[Coach] >>> VALID @Epoch: 136  >>> 
[Coach] >>> TEST  @Epoch: 136  >>> 
[Wall TIME] >>> ChiefCoach.train takes 32.435037 seconds ...
[Coach] >>> TRAIN @Epoch: 137  >>>  || LOSS Avg: 0.07551
[Coach] >>> VALID @Epoch: 137  >>> 
[Coach] >>> TEST  @Epoch: 137  >>> 
[Wall TIME] >>> ChiefCoach.train takes 34.831074 seconds ...
[Coach] >>> TRAIN @Epoch: 138  >>>  || LOSS Avg: 0.07554
[Coach] >>> VALID @Epoch: 138  >>> 
[Coach] >>> TEST  @Epoch: 138  >>> 
[Wall TIME] >>> ChiefCoach.train takes 32.405240 seconds ...
[Coach] >>> TRAIN @Epoch: 139  >>>  || LOSS Avg: 0.07543
[Coach] >>> VALID @Epoch: 139  >>> 
[Coach] >>> TEST  @Epoch: 139  >>> 
[Wall TIME] >>> ChiefCoach.train takes 32.191430 seconds ...
[Wall TIME] >>> ChiefCoach.valid takes 21.603116 seconds ...
[Coach] >>> Better ***NDCG@20*** of ***0.0296*** 
[Coach] >>> TRAIN @Epoch: 140  >>>  || LOSS Avg: 0.07542
[Coach] >>> VALID @Epoch: 140  >>>  || RECALL@1 Avg: 0.0088 || RECALL@10 Avg: 0.0435 || RECALL@20 Avg: 0.0666 || NDCG@10 Avg: 0.0238 || NDCG@20 Avg: 0.0296
[Coach] >>> TEST  @Epoch: 140  >>> 
[Wall TIME] >>> ChiefCoach.train takes 34.084980 seconds ...
[Coach] >>> TRAIN @Epoch: 141  >>>  || LOSS Avg: 0.07523
[Coach] >>> VALID @Epoch: 141  >>> 
[Coach] >>> TEST  @Epoch: 141  >>> 
[Wall TIME] >>> ChiefCoach.train takes 32.274396 seconds ...
[Coach] >>> TRAIN @Epoch: 142  >>>  || LOSS Avg: 0.07502
[Coach] >>> VALID @Epoch: 142  >>> 
[Coach] >>> TEST  @Epoch: 142  >>> 
[Wall TIME] >>> ChiefCoach.train takes 34.168156 seconds ...
[Coach] >>> TRAIN @Epoch: 143  >>>  || LOSS Avg: 0.07514
[Coach] >>> VALID @Epoch: 143  >>> 
[Coach] >>> TEST  @Epoch: 143  >>> 
[Wall TIME] >>> ChiefCoach.train takes 32.176592 seconds ...
[Coach] >>> TRAIN @Epoch: 144  >>>  || LOSS Avg: 0.07492
[Coach] >>> VALID @Epoch: 144  >>> 
[Coach] >>> TEST  @Epoch: 144  >>> 
[Wall TIME] >>> ChiefCoach.train takes 34.380899 seconds ...
[Wall TIME] >>> ChiefCoach.valid takes 21.540140 seconds ...
[Coach] >>> TRAIN @Epoch: 145  >>>  || LOSS Avg: 0.07494
[Coach] >>> VALID @Epoch: 145  >>>  || RECALL@1 Avg: 0.0088 || RECALL@10 Avg: 0.0436 || RECALL@20 Avg: 0.0664 || NDCG@10 Avg: 0.0238 || NDCG@20 Avg: 0.0296
[Coach] >>> TEST  @Epoch: 145  >>> 
[Wall TIME] >>> ChiefCoach.train takes 32.264977 seconds ...
[Coach] >>> TRAIN @Epoch: 146  >>>  || LOSS Avg: 0.07475
[Coach] >>> VALID @Epoch: 146  >>> 
[Coach] >>> TEST  @Epoch: 146  >>> 
[Wall TIME] >>> ChiefCoach.train takes 33.501613 seconds ...
[Coach] >>> TRAIN @Epoch: 147  >>>  || LOSS Avg: 0.07475
[Coach] >>> VALID @Epoch: 147  >>> 
[Coach] >>> TEST  @Epoch: 147  >>> 
[Wall TIME] >>> ChiefCoach.train takes 32.075762 seconds ...
[Coach] >>> TRAIN @Epoch: 148  >>>  || LOSS Avg: 0.07447
[Coach] >>> VALID @Epoch: 148  >>> 
[Coach] >>> TEST  @Epoch: 148  >>> 
[Wall TIME] >>> ChiefCoach.train takes 32.377431 seconds ...
[Coach] >>> TRAIN @Epoch: 149  >>>  || LOSS Avg: 0.07470
[Coach] >>> VALID @Epoch: 149  >>> 
[Coach] >>> TEST  @Epoch: 149  >>> 
[Wall TIME] >>> ChiefCoach.train takes 33.641564 seconds ...
[Wall TIME] >>> ChiefCoach.valid takes 21.551688 seconds ...
[Coach] >>> TRAIN @Epoch: 150  >>>  || LOSS Avg: 0.07440
[Coach] >>> VALID @Epoch: 150  >>>  || RECALL@1 Avg: 0.0087 || RECALL@10 Avg: 0.0438 || RECALL@20 Avg: 0.0663 || NDCG@10 Avg: 0.0238 || NDCG@20 Avg: 0.0296
[Coach] >>> TEST  @Epoch: 150  >>> 
[Wall TIME] >>> ChiefCoach.train takes 32.274585 seconds ...
[Coach] >>> TRAIN @Epoch: 151  >>>  || LOSS Avg: 0.07446
[Coach] >>> VALID @Epoch: 151  >>> 
[Coach] >>> TEST  @Epoch: 151  >>> 
[Wall TIME] >>> ChiefCoach.train takes 34.381034 seconds ...
[Coach] >>> TRAIN @Epoch: 152  >>>  || LOSS Avg: 0.07429
[Coach] >>> VALID @Epoch: 152  >>> 
[Coach] >>> TEST  @Epoch: 152  >>> 
[Wall TIME] >>> ChiefCoach.train takes 32.195975 seconds ...
[Coach] >>> TRAIN @Epoch: 153  >>>  || LOSS Avg: 0.07419
[Coach] >>> VALID @Epoch: 153  >>> 
[Coach] >>> TEST  @Epoch: 153  >>> 
[Wall TIME] >>> ChiefCoach.train takes 33.797983 seconds ...
[Coach] >>> TRAIN @Epoch: 154  >>>  || LOSS Avg: 0.07424
[Coach] >>> VALID @Epoch: 154  >>> 
[Coach] >>> TEST  @Epoch: 154  >>> 
[Wall TIME] >>> ChiefCoach.train takes 32.244470 seconds ...
[Wall TIME] >>> ChiefCoach.valid takes 21.468161 seconds ...
[Coach] >>> Better ***NDCG@20*** of ***0.0296*** 
[Coach] >>> TRAIN @Epoch: 155  >>>  || LOSS Avg: 0.07416
[Coach] >>> VALID @Epoch: 155  >>>  || RECALL@1 Avg: 0.0087 || RECALL@10 Avg: 0.0438 || RECALL@20 Avg: 0.0665 || NDCG@10 Avg: 0.0238 || NDCG@20 Avg: 0.0296
[Coach] >>> TEST  @Epoch: 155  >>> 
[Wall TIME] >>> ChiefCoach.train takes 33.596527 seconds ...
[Coach] >>> TRAIN @Epoch: 156  >>>  || LOSS Avg: 0.07414
[Coach] >>> VALID @Epoch: 156  >>> 
[Coach] >>> TEST  @Epoch: 156  >>> 
[Wall TIME] >>> ChiefCoach.train takes 32.351164 seconds ...
[Coach] >>> TRAIN @Epoch: 157  >>>  || LOSS Avg: 0.07404
[Coach] >>> VALID @Epoch: 157  >>> 
[Coach] >>> TEST  @Epoch: 157  >>> 
[Wall TIME] >>> ChiefCoach.train takes 32.771021 seconds ...
[Coach] >>> TRAIN @Epoch: 158  >>>  || LOSS Avg: 0.07398
[Coach] >>> VALID @Epoch: 158  >>> 
[Coach] >>> TEST  @Epoch: 158  >>> 
[Wall TIME] >>> ChiefCoach.train takes 33.508113 seconds ...
[Coach] >>> TRAIN @Epoch: 159  >>>  || LOSS Avg: 0.07380
[Coach] >>> VALID @Epoch: 159  >>> 
[Coach] >>> TEST  @Epoch: 159  >>> 
[Wall TIME] >>> ChiefCoach.train takes 32.402340 seconds ...
[Wall TIME] >>> ChiefCoach.valid takes 21.986310 seconds ...
[Coach] >>> Better ***NDCG@20*** of ***0.0297*** 
[Coach] >>> TRAIN @Epoch: 160  >>>  || LOSS Avg: 0.07356
[Coach] >>> VALID @Epoch: 160  >>>  || RECALL@1 Avg: 0.0088 || RECALL@10 Avg: 0.0438 || RECALL@20 Avg: 0.0665 || NDCG@10 Avg: 0.0239 || NDCG@20 Avg: 0.0297
[Coach] >>> TEST  @Epoch: 160  >>> 
[Wall TIME] >>> ChiefCoach.train takes 35.781509 seconds ...
[Coach] >>> TRAIN @Epoch: 161  >>>  || LOSS Avg: 0.07374
[Coach] >>> VALID @Epoch: 161  >>> 
[Coach] >>> TEST  @Epoch: 161  >>> 
[Wall TIME] >>> ChiefCoach.train takes 32.988590 seconds ...
[Coach] >>> TRAIN @Epoch: 162  >>>  || LOSS Avg: 0.07367
[Coach] >>> VALID @Epoch: 162  >>> 
[Coach] >>> TEST  @Epoch: 162  >>> 
[Wall TIME] >>> ChiefCoach.train takes 35.166620 seconds ...
[Coach] >>> TRAIN @Epoch: 163  >>>  || LOSS Avg: 0.07349
[Coach] >>> VALID @Epoch: 163  >>> 
[Coach] >>> TEST  @Epoch: 163  >>> 
[Wall TIME] >>> ChiefCoach.train takes 32.885818 seconds ...
[Coach] >>> TRAIN @Epoch: 164  >>>  || LOSS Avg: 0.07363
[Coach] >>> VALID @Epoch: 164  >>> 
[Coach] >>> TEST  @Epoch: 164  >>> 
[Wall TIME] >>> ChiefCoach.train takes 34.427647 seconds ...
[Wall TIME] >>> ChiefCoach.valid takes 22.235113 seconds ...
[Coach] >>> TRAIN @Epoch: 165  >>>  || LOSS Avg: 0.07353
[Coach] >>> VALID @Epoch: 165  >>>  || RECALL@1 Avg: 0.0088 || RECALL@10 Avg: 0.0440 || RECALL@20 Avg: 0.0664 || NDCG@10 Avg: 0.0239 || NDCG@20 Avg: 0.0296
[Coach] >>> TEST  @Epoch: 165  >>> 
[Wall TIME] >>> ChiefCoach.train takes 33.253098 seconds ...
[Coach] >>> TRAIN @Epoch: 166  >>>  || LOSS Avg: 0.07350
[Coach] >>> VALID @Epoch: 166  >>> 
[Coach] >>> TEST  @Epoch: 166  >>> 
[Wall TIME] >>> ChiefCoach.train takes 34.673733 seconds ...
[Coach] >>> TRAIN @Epoch: 167  >>>  || LOSS Avg: 0.07330
[Coach] >>> VALID @Epoch: 167  >>> 
[Coach] >>> TEST  @Epoch: 167  >>> 
[Wall TIME] >>> ChiefCoach.train takes 33.317717 seconds ...
[Coach] >>> TRAIN @Epoch: 168  >>>  || LOSS Avg: 0.07316
[Coach] >>> VALID @Epoch: 168  >>> 
[Coach] >>> TEST  @Epoch: 168  >>> 
[Wall TIME] >>> ChiefCoach.train takes 33.147249 seconds ...
[Coach] >>> TRAIN @Epoch: 169  >>>  || LOSS Avg: 0.07348
[Coach] >>> VALID @Epoch: 169  >>> 
[Coach] >>> TEST  @Epoch: 169  >>> 
[Wall TIME] >>> ChiefCoach.train takes 36.279128 seconds ...
[Wall TIME] >>> ChiefCoach.valid takes 22.110770 seconds ...
[Coach] >>> Better ***NDCG@20*** of ***0.0297*** 
[Coach] >>> TRAIN @Epoch: 170  >>>  || LOSS Avg: 0.07318
[Coach] >>> VALID @Epoch: 170  >>>  || RECALL@1 Avg: 0.0088 || RECALL@10 Avg: 0.0439 || RECALL@20 Avg: 0.0665 || NDCG@10 Avg: 0.0239 || NDCG@20 Avg: 0.0297
[Coach] >>> TEST  @Epoch: 170  >>> 
[Wall TIME] >>> ChiefCoach.train takes 32.966089 seconds ...
[Coach] >>> TRAIN @Epoch: 171  >>>  || LOSS Avg: 0.07305
[Coach] >>> VALID @Epoch: 171  >>> 
[Coach] >>> TEST  @Epoch: 171  >>> 
[Wall TIME] >>> ChiefCoach.train takes 34.944343 seconds ...
[Coach] >>> TRAIN @Epoch: 172  >>>  || LOSS Avg: 0.07318
[Coach] >>> VALID @Epoch: 172  >>> 
[Coach] >>> TEST  @Epoch: 172  >>> 
[Wall TIME] >>> ChiefCoach.train takes 32.822871 seconds ...
[Coach] >>> TRAIN @Epoch: 173  >>>  || LOSS Avg: 0.07300
[Coach] >>> VALID @Epoch: 173  >>> 
[Coach] >>> TEST  @Epoch: 173  >>> 
[Wall TIME] >>> ChiefCoach.train takes 33.918726 seconds ...
[Coach] >>> TRAIN @Epoch: 174  >>>  || LOSS Avg: 0.07278
[Coach] >>> VALID @Epoch: 174  >>> 
[Coach] >>> TEST  @Epoch: 174  >>> 
[Wall TIME] >>> ChiefCoach.train takes 33.143205 seconds ...
[Wall TIME] >>> ChiefCoach.valid takes 22.230547 seconds ...
[Coach] >>> TRAIN @Epoch: 175  >>>  || LOSS Avg: 0.07291
[Coach] >>> VALID @Epoch: 175  >>>  || RECALL@1 Avg: 0.0089 || RECALL@10 Avg: 0.0438 || RECALL@20 Avg: 0.0665 || NDCG@10 Avg: 0.0239 || NDCG@20 Avg: 0.0297
[Coach] >>> TEST  @Epoch: 175  >>> 
[Wall TIME] >>> ChiefCoach.train takes 34.288082 seconds ...
[Coach] >>> TRAIN @Epoch: 176  >>>  || LOSS Avg: 0.07292
[Coach] >>> VALID @Epoch: 176  >>> 
[Coach] >>> TEST  @Epoch: 176  >>> 
[Wall TIME] >>> ChiefCoach.train takes 33.223536 seconds ...
[Coach] >>> TRAIN @Epoch: 177  >>>  || LOSS Avg: 0.07283
[Coach] >>> VALID @Epoch: 177  >>> 
[Coach] >>> TEST  @Epoch: 177  >>> 
[Wall TIME] >>> ChiefCoach.train takes 33.434152 seconds ...
[Coach] >>> TRAIN @Epoch: 178  >>>  || LOSS Avg: 0.07278
[Coach] >>> VALID @Epoch: 178  >>> 
[Coach] >>> TEST  @Epoch: 178  >>> 
[Wall TIME] >>> ChiefCoach.train takes 34.733679 seconds ...
[Coach] >>> TRAIN @Epoch: 179  >>>  || LOSS Avg: 0.07276
[Coach] >>> VALID @Epoch: 179  >>> 
[Coach] >>> TEST  @Epoch: 179  >>> 
[Wall TIME] >>> ChiefCoach.train takes 33.554275 seconds ...
[Wall TIME] >>> ChiefCoach.valid takes 22.517833 seconds ...
[Coach] >>> Better ***NDCG@20*** of ***0.0297*** 
[Coach] >>> TRAIN @Epoch: 180  >>>  || LOSS Avg: 0.07264
[Coach] >>> VALID @Epoch: 180  >>>  || RECALL@1 Avg: 0.0088 || RECALL@10 Avg: 0.0441 || RECALL@20 Avg: 0.0666 || NDCG@10 Avg: 0.0240 || NDCG@20 Avg: 0.0297
[Coach] >>> TEST  @Epoch: 180  >>> 
[Wall TIME] >>> ChiefCoach.train takes 34.857097 seconds ...
[Coach] >>> TRAIN @Epoch: 181  >>>  || LOSS Avg: 0.07239
[Coach] >>> VALID @Epoch: 181  >>> 
[Coach] >>> TEST  @Epoch: 181  >>> 
[Wall TIME] >>> ChiefCoach.train takes 33.681382 seconds ...
[Coach] >>> TRAIN @Epoch: 182  >>>  || LOSS Avg: 0.07251
[Coach] >>> VALID @Epoch: 182  >>> 
[Coach] >>> TEST  @Epoch: 182  >>> 
[Wall TIME] >>> ChiefCoach.train takes 35.820694 seconds ...
[Coach] >>> TRAIN @Epoch: 183  >>>  || LOSS Avg: 0.07261
[Coach] >>> VALID @Epoch: 183  >>> 
[Coach] >>> TEST  @Epoch: 183  >>> 
[Wall TIME] >>> ChiefCoach.train takes 33.405901 seconds ...
[Coach] >>> TRAIN @Epoch: 184  >>>  || LOSS Avg: 0.07243
[Coach] >>> VALID @Epoch: 184  >>> 
[Coach] >>> TEST  @Epoch: 184  >>> 
[Wall TIME] >>> ChiefCoach.train takes 35.604181 seconds ...
[Wall TIME] >>> ChiefCoach.valid takes 22.565896 seconds ...
[Coach] >>> Better ***NDCG@20*** of ***0.0298*** 
[Coach] >>> TRAIN @Epoch: 185  >>>  || LOSS Avg: 0.07233
[Coach] >>> VALID @Epoch: 185  >>>  || RECALL@1 Avg: 0.0088 || RECALL@10 Avg: 0.0438 || RECALL@20 Avg: 0.0667 || NDCG@10 Avg: 0.0239 || NDCG@20 Avg: 0.0298
[Coach] >>> TEST  @Epoch: 185  >>> 
[Wall TIME] >>> ChiefCoach.train takes 33.592850 seconds ...
[Coach] >>> TRAIN @Epoch: 186  >>>  || LOSS Avg: 0.07223
[Coach] >>> VALID @Epoch: 186  >>> 
[Coach] >>> TEST  @Epoch: 186  >>> 
[Wall TIME] >>> ChiefCoach.train takes 33.413300 seconds ...
[Coach] >>> TRAIN @Epoch: 187  >>>  || LOSS Avg: 0.07233
[Coach] >>> VALID @Epoch: 187  >>> 
[Coach] >>> TEST  @Epoch: 187  >>> 
[Wall TIME] >>> ChiefCoach.train takes 35.242491 seconds ...
[Coach] >>> TRAIN @Epoch: 188  >>>  || LOSS Avg: 0.07215
[Coach] >>> VALID @Epoch: 188  >>> 
[Coach] >>> TEST  @Epoch: 188  >>> 
[Wall TIME] >>> ChiefCoach.train takes 33.784505 seconds ...
[Coach] >>> TRAIN @Epoch: 189  >>>  || LOSS Avg: 0.07226
[Coach] >>> VALID @Epoch: 189  >>> 
[Coach] >>> TEST  @Epoch: 189  >>> 
[Wall TIME] >>> ChiefCoach.train takes 35.471113 seconds ...
[Wall TIME] >>> ChiefCoach.valid takes 22.737947 seconds ...
[Coach] >>> Better ***NDCG@20*** of ***0.0298*** 
[Coach] >>> TRAIN @Epoch: 190  >>>  || LOSS Avg: 0.07211
[Coach] >>> VALID @Epoch: 190  >>>  || RECALL@1 Avg: 0.0089 || RECALL@10 Avg: 0.0437 || RECALL@20 Avg: 0.0666 || NDCG@10 Avg: 0.0239 || NDCG@20 Avg: 0.0298
[Coach] >>> TEST  @Epoch: 190  >>> 
[Wall TIME] >>> ChiefCoach.train takes 33.356382 seconds ...
[Coach] >>> TRAIN @Epoch: 191  >>>  || LOSS Avg: 0.07209
[Coach] >>> VALID @Epoch: 191  >>> 
[Coach] >>> TEST  @Epoch: 191  >>> 
[Wall TIME] >>> ChiefCoach.train takes 35.792339 seconds ...
[Coach] >>> TRAIN @Epoch: 192  >>>  || LOSS Avg: 0.07214
[Coach] >>> VALID @Epoch: 192  >>> 
[Coach] >>> TEST  @Epoch: 192  >>> 
[Wall TIME] >>> ChiefCoach.train takes 33.784059 seconds ...
[Coach] >>> TRAIN @Epoch: 193  >>>  || LOSS Avg: 0.07209
[Coach] >>> VALID @Epoch: 193  >>> 
[Coach] >>> TEST  @Epoch: 193  >>> 
[Wall TIME] >>> ChiefCoach.train takes 36.680320 seconds ...
[Coach] >>> TRAIN @Epoch: 194  >>>  || LOSS Avg: 0.07190
[Coach] >>> VALID @Epoch: 194  >>> 
[Coach] >>> TEST  @Epoch: 194  >>> 
[Wall TIME] >>> ChiefCoach.train takes 34.287760 seconds ...
[Wall TIME] >>> ChiefCoach.valid takes 22.831027 seconds ...
[Coach] >>> Better ***NDCG@20*** of ***0.0298*** 
[Coach] >>> TRAIN @Epoch: 195  >>>  || LOSS Avg: 0.07191
[Coach] >>> VALID @Epoch: 195  >>>  || RECALL@1 Avg: 0.0090 || RECALL@10 Avg: 0.0440 || RECALL@20 Avg: 0.0665 || NDCG@10 Avg: 0.0241 || NDCG@20 Avg: 0.0298
[Coach] >>> TEST  @Epoch: 195  >>> 
[Wall TIME] >>> ChiefCoach.train takes 33.833452 seconds ...
[Coach] >>> TRAIN @Epoch: 196  >>>  || LOSS Avg: 0.07193
[Coach] >>> VALID @Epoch: 196  >>> 
[Coach] >>> TEST  @Epoch: 196  >>> 
[Wall TIME] >>> ChiefCoach.train takes 36.520773 seconds ...
[Coach] >>> TRAIN @Epoch: 197  >>>  || LOSS Avg: 0.07176
[Coach] >>> VALID @Epoch: 197  >>> 
[Coach] >>> TEST  @Epoch: 197  >>> 
[Wall TIME] >>> ChiefCoach.train takes 34.025510 seconds ...
[Coach] >>> TRAIN @Epoch: 198  >>>  || LOSS Avg: 0.07163
[Coach] >>> VALID @Epoch: 198  >>> 
[Coach] >>> TEST  @Epoch: 198  >>> 
[Wall TIME] >>> ChiefCoach.train takes 35.651585 seconds ...
[Coach] >>> TRAIN @Epoch: 199  >>>  || LOSS Avg: 0.07190
[Coach] >>> VALID @Epoch: 199  >>> 
[Coach] >>> TEST  @Epoch: 199  >>> 
[Wall TIME] >>> ChiefCoach.train takes 33.741466 seconds ...
[Wall TIME] >>> ChiefCoach.valid takes 22.230567 seconds ...
[Coach] >>> Better ***NDCG@20*** of ***0.0299*** 
[Coach] >>> TRAIN @Epoch: 200  >>>  || LOSS Avg: 0.07169
[Coach] >>> VALID @Epoch: 200  >>>  || RECALL@1 Avg: 0.0089 || RECALL@10 Avg: 0.0440 || RECALL@20 Avg: 0.0668 || NDCG@10 Avg: 0.0241 || NDCG@20 Avg: 0.0299
[Coach] >>> TEST  @Epoch: 200  >>> 
[Wall TIME] >>> ChiefCoach.train takes 35.166351 seconds ...
[Coach] >>> TRAIN @Epoch: 201  >>>  || LOSS Avg: 0.07169
[Coach] >>> VALID @Epoch: 201  >>> 
[Coach] >>> TEST  @Epoch: 201  >>> 
[Wall TIME] >>> ChiefCoach.train takes 33.525192 seconds ...
[Coach] >>> TRAIN @Epoch: 202  >>>  || LOSS Avg: 0.07155
[Coach] >>> VALID @Epoch: 202  >>> 
[Coach] >>> TEST  @Epoch: 202  >>> 
[Wall TIME] >>> ChiefCoach.train takes 35.305452 seconds ...
[Coach] >>> TRAIN @Epoch: 203  >>>  || LOSS Avg: 0.07167
[Coach] >>> VALID @Epoch: 203  >>> 
[Coach] >>> TEST  @Epoch: 203  >>> 
[Wall TIME] >>> ChiefCoach.train takes 33.343292 seconds ...
[Coach] >>> TRAIN @Epoch: 204  >>>  || LOSS Avg: 0.07153
[Coach] >>> VALID @Epoch: 204  >>> 
[Coach] >>> TEST  @Epoch: 204  >>> 
[Wall TIME] >>> ChiefCoach.train takes 33.196784 seconds ...
[Wall TIME] >>> ChiefCoach.valid takes 22.329468 seconds ...
[Coach] >>> Better ***NDCG@20*** of ***0.0299*** 
[Coach] >>> TRAIN @Epoch: 205  >>>  || LOSS Avg: 0.07153
[Coach] >>> VALID @Epoch: 205  >>>  || RECALL@1 Avg: 0.0089 || RECALL@10 Avg: 0.0441 || RECALL@20 Avg: 0.0671 || NDCG@10 Avg: 0.0241 || NDCG@20 Avg: 0.0299
[Coach] >>> TEST  @Epoch: 205  >>> 
[Wall TIME] >>> ChiefCoach.train takes 35.413619 seconds ...
[Coach] >>> TRAIN @Epoch: 206  >>>  || LOSS Avg: 0.07147
[Coach] >>> VALID @Epoch: 206  >>> 
[Coach] >>> TEST  @Epoch: 206  >>> 
[Wall TIME] >>> ChiefCoach.train takes 33.621979 seconds ...
[Coach] >>> TRAIN @Epoch: 207  >>>  || LOSS Avg: 0.07153
[Coach] >>> VALID @Epoch: 207  >>> 
[Coach] >>> TEST  @Epoch: 207  >>> 
[Wall TIME] >>> ChiefCoach.train takes 35.263918 seconds ...
[Coach] >>> TRAIN @Epoch: 208  >>>  || LOSS Avg: 0.07131
[Coach] >>> VALID @Epoch: 208  >>> 
[Coach] >>> TEST  @Epoch: 208  >>> 
[Wall TIME] >>> ChiefCoach.train takes 33.824985 seconds ...
[Coach] >>> TRAIN @Epoch: 209  >>>  || LOSS Avg: 0.07149
[Coach] >>> VALID @Epoch: 209  >>> 
[Coach] >>> TEST  @Epoch: 209  >>> 
[Wall TIME] >>> ChiefCoach.train takes 35.054637 seconds ...
[Wall TIME] >>> ChiefCoach.valid takes 22.841267 seconds ...
[Coach] >>> TRAIN @Epoch: 210  >>>  || LOSS Avg: 0.07123
[Coach] >>> VALID @Epoch: 210  >>>  || RECALL@1 Avg: 0.0089 || RECALL@10 Avg: 0.0442 || RECALL@20 Avg: 0.0669 || NDCG@10 Avg: 0.0241 || NDCG@20 Avg: 0.0299
[Coach] >>> TEST  @Epoch: 210  >>> 
[Wall TIME] >>> ChiefCoach.train takes 33.993009 seconds ...
[Coach] >>> TRAIN @Epoch: 211  >>>  || LOSS Avg: 0.07132
[Coach] >>> VALID @Epoch: 211  >>> 
[Coach] >>> TEST  @Epoch: 211  >>> 
[Wall TIME] >>> ChiefCoach.train takes 35.760653 seconds ...
[Coach] >>> TRAIN @Epoch: 212  >>>  || LOSS Avg: 0.07117
[Coach] >>> VALID @Epoch: 212  >>> 
[Coach] >>> TEST  @Epoch: 212  >>> 
[Wall TIME] >>> ChiefCoach.train takes 33.144759 seconds ...
[Coach] >>> TRAIN @Epoch: 213  >>>  || LOSS Avg: 0.07119
[Coach] >>> VALID @Epoch: 213  >>> 
[Coach] >>> TEST  @Epoch: 213  >>> 
[Wall TIME] >>> ChiefCoach.train takes 33.284033 seconds ...
[Coach] >>> TRAIN @Epoch: 214  >>>  || LOSS Avg: 0.07105
[Coach] >>> VALID @Epoch: 214  >>> 
[Coach] >>> TEST  @Epoch: 214  >>> 
[Wall TIME] >>> ChiefCoach.train takes 34.797629 seconds ...
[Wall TIME] >>> ChiefCoach.valid takes 22.179018 seconds ...
[Coach] >>> Better ***NDCG@20*** of ***0.0300*** 
[Coach] >>> TRAIN @Epoch: 215  >>>  || LOSS Avg: 0.07106
[Coach] >>> VALID @Epoch: 215  >>>  || RECALL@1 Avg: 0.0090 || RECALL@10 Avg: 0.0441 || RECALL@20 Avg: 0.0670 || NDCG@10 Avg: 0.0241 || NDCG@20 Avg: 0.0300
[Coach] >>> TEST  @Epoch: 215  >>> 
[Wall TIME] >>> ChiefCoach.train takes 33.109514 seconds ...
[Coach] >>> TRAIN @Epoch: 216  >>>  || LOSS Avg: 0.07119
[Coach] >>> VALID @Epoch: 216  >>> 
[Coach] >>> TEST  @Epoch: 216  >>> 
[Wall TIME] >>> ChiefCoach.train takes 35.485609 seconds ...
[Coach] >>> TRAIN @Epoch: 217  >>>  || LOSS Avg: 0.07115
[Coach] >>> VALID @Epoch: 217  >>> 
[Coach] >>> TEST  @Epoch: 217  >>> 
[Wall TIME] >>> ChiefCoach.train takes 33.121095 seconds ...
[Coach] >>> TRAIN @Epoch: 218  >>>  || LOSS Avg: 0.07100
[Coach] >>> VALID @Epoch: 218  >>> 
[Coach] >>> TEST  @Epoch: 218  >>> 
[Wall TIME] >>> ChiefCoach.train takes 35.206681 seconds ...
[Coach] >>> TRAIN @Epoch: 219  >>>  || LOSS Avg: 0.07104
[Coach] >>> VALID @Epoch: 219  >>> 
[Coach] >>> TEST  @Epoch: 219  >>> 
[Wall TIME] >>> ChiefCoach.train takes 32.964892 seconds ...
[Wall TIME] >>> ChiefCoach.valid takes 22.165578 seconds ...
[Coach] >>> TRAIN @Epoch: 220  >>>  || LOSS Avg: 0.07101
[Coach] >>> VALID @Epoch: 220  >>>  || RECALL@1 Avg: 0.0090 || RECALL@10 Avg: 0.0443 || RECALL@20 Avg: 0.0670 || NDCG@10 Avg: 0.0241 || NDCG@20 Avg: 0.0299
[Coach] >>> TEST  @Epoch: 220  >>> 
[Wall TIME] >>> ChiefCoach.train takes 34.545423 seconds ...
[Coach] >>> TRAIN @Epoch: 221  >>>  || LOSS Avg: 0.07087
[Coach] >>> VALID @Epoch: 221  >>> 
[Coach] >>> TEST  @Epoch: 221  >>> 
[Wall TIME] >>> ChiefCoach.train takes 33.565014 seconds ...
[Coach] >>> TRAIN @Epoch: 222  >>>  || LOSS Avg: 0.07096
[Coach] >>> VALID @Epoch: 222  >>> 
[Coach] >>> TEST  @Epoch: 222  >>> 
[Wall TIME] >>> ChiefCoach.train takes 33.236868 seconds ...
[Coach] >>> TRAIN @Epoch: 223  >>>  || LOSS Avg: 0.07087
[Coach] >>> VALID @Epoch: 223  >>> 
[Coach] >>> TEST  @Epoch: 223  >>> 
[Wall TIME] >>> ChiefCoach.train takes 34.652383 seconds ...
[Coach] >>> TRAIN @Epoch: 224  >>>  || LOSS Avg: 0.07078
[Coach] >>> VALID @Epoch: 224  >>> 
[Coach] >>> TEST  @Epoch: 224  >>> 
[Wall TIME] >>> ChiefCoach.train takes 32.913071 seconds ...
[Wall TIME] >>> ChiefCoach.valid takes 21.944165 seconds ...
[Coach] >>> Better ***NDCG@20*** of ***0.0300*** 
[Coach] >>> TRAIN @Epoch: 225  >>>  || LOSS Avg: 0.07095
[Coach] >>> VALID @Epoch: 225  >>>  || RECALL@1 Avg: 0.0089 || RECALL@10 Avg: 0.0445 || RECALL@20 Avg: 0.0672 || NDCG@10 Avg: 0.0242 || NDCG@20 Avg: 0.0300
[Coach] >>> TEST  @Epoch: 225  >>> 
[Wall TIME] >>> ChiefCoach.train takes 34.111417 seconds ...
[Coach] >>> TRAIN @Epoch: 226  >>>  || LOSS Avg: 0.07070
[Coach] >>> VALID @Epoch: 226  >>> 
[Coach] >>> TEST  @Epoch: 226  >>> 
[Wall TIME] >>> ChiefCoach.train takes 32.934601 seconds ...
[Coach] >>> TRAIN @Epoch: 227  >>>  || LOSS Avg: 0.07083
[Coach] >>> VALID @Epoch: 227  >>> 
[Coach] >>> TEST  @Epoch: 227  >>> 
[Wall TIME] >>> ChiefCoach.train takes 34.629434 seconds ...
[Coach] >>> TRAIN @Epoch: 228  >>>  || LOSS Avg: 0.07076
[Coach] >>> VALID @Epoch: 228  >>> 
[Coach] >>> TEST  @Epoch: 228  >>> 
[Wall TIME] >>> ChiefCoach.train takes 33.856658 seconds ...
[Coach] >>> TRAIN @Epoch: 229  >>>  || LOSS Avg: 0.07066
[Coach] >>> VALID @Epoch: 229  >>> 
[Coach] >>> TEST  @Epoch: 229  >>> 
[Wall TIME] >>> ChiefCoach.train takes 36.066503 seconds ...
[Wall TIME] >>> ChiefCoach.valid takes 22.277229 seconds ...
[Coach] >>> TRAIN @Epoch: 230  >>>  || LOSS Avg: 0.07067
[Coach] >>> VALID @Epoch: 230  >>>  || RECALL@1 Avg: 0.0089 || RECALL@10 Avg: 0.0444 || RECALL@20 Avg: 0.0669 || NDCG@10 Avg: 0.0242 || NDCG@20 Avg: 0.0299
[Coach] >>> TEST  @Epoch: 230  >>> 
[Wall TIME] >>> ChiefCoach.train takes 32.989165 seconds ...
[Coach] >>> TRAIN @Epoch: 231  >>>  || LOSS Avg: 0.07080
[Coach] >>> VALID @Epoch: 231  >>> 
[Coach] >>> TEST  @Epoch: 231  >>> 
[Wall TIME] >>> ChiefCoach.train takes 34.753196 seconds ...
[Coach] >>> TRAIN @Epoch: 232  >>>  || LOSS Avg: 0.07066
[Coach] >>> VALID @Epoch: 232  >>> 
[Coach] >>> TEST  @Epoch: 232  >>> 
[Wall TIME] >>> ChiefCoach.train takes 35.039719 seconds ...
[Coach] >>> TRAIN @Epoch: 233  >>>  || LOSS Avg: 0.07074
[Coach] >>> VALID @Epoch: 233  >>> 
[Coach] >>> TEST  @Epoch: 233  >>> 
[Wall TIME] >>> ChiefCoach.train takes 34.099418 seconds ...
[Coach] >>> TRAIN @Epoch: 234  >>>  || LOSS Avg: 0.07046
[Coach] >>> VALID @Epoch: 234  >>> 
[Coach] >>> TEST  @Epoch: 234  >>> 
[Wall TIME] >>> ChiefCoach.train takes 36.326504 seconds ...
[Wall TIME] >>> ChiefCoach.valid takes 22.363118 seconds ...
[Coach] >>> TRAIN @Epoch: 235  >>>  || LOSS Avg: 0.07042
[Coach] >>> VALID @Epoch: 235  >>>  || RECALL@1 Avg: 0.0090 || RECALL@10 Avg: 0.0445 || RECALL@20 Avg: 0.0668 || NDCG@10 Avg: 0.0243 || NDCG@20 Avg: 0.0299
[Coach] >>> TEST  @Epoch: 235  >>> 
[Wall TIME] >>> ChiefCoach.train takes 33.524316 seconds ...
[Coach] >>> TRAIN @Epoch: 236  >>>  || LOSS Avg: 0.07059
[Coach] >>> VALID @Epoch: 236  >>> 
[Coach] >>> TEST  @Epoch: 236  >>> 
[Wall TIME] >>> ChiefCoach.train takes 36.468726 seconds ...
[Coach] >>> TRAIN @Epoch: 237  >>>  || LOSS Avg: 0.07048
[Coach] >>> VALID @Epoch: 237  >>> 
[Coach] >>> TEST  @Epoch: 237  >>> 
[Wall TIME] >>> ChiefCoach.train takes 33.256495 seconds ...
[Coach] >>> TRAIN @Epoch: 238  >>>  || LOSS Avg: 0.07033
[Coach] >>> VALID @Epoch: 238  >>> 
[Coach] >>> TEST  @Epoch: 238  >>> 
[Wall TIME] >>> ChiefCoach.train takes 34.293817 seconds ...
[Coach] >>> TRAIN @Epoch: 239  >>>  || LOSS Avg: 0.07037
[Coach] >>> VALID @Epoch: 239  >>> 
[Coach] >>> TEST  @Epoch: 239  >>> 
[Wall TIME] >>> ChiefCoach.train takes 33.387147 seconds ...
[Wall TIME] >>> ChiefCoach.valid takes 22.489862 seconds ...
[Coach] >>> Better ***NDCG@20*** of ***0.0301*** 
[Coach] >>> TRAIN @Epoch: 240  >>>  || LOSS Avg: 0.07047
[Coach] >>> VALID @Epoch: 240  >>>  || RECALL@1 Avg: 0.0091 || RECALL@10 Avg: 0.0444 || RECALL@20 Avg: 0.0670 || NDCG@10 Avg: 0.0243 || NDCG@20 Avg: 0.0301
[Coach] >>> TEST  @Epoch: 240  >>> 
[Wall TIME] >>> ChiefCoach.train takes 35.599660 seconds ...
[Coach] >>> TRAIN @Epoch: 241  >>>  || LOSS Avg: 0.07038
[Coach] >>> VALID @Epoch: 241  >>> 
[Coach] >>> TEST  @Epoch: 241  >>> 
[Wall TIME] >>> ChiefCoach.train takes 33.841973 seconds ...
[Coach] >>> TRAIN @Epoch: 242  >>>  || LOSS Avg: 0.07041
[Coach] >>> VALID @Epoch: 242  >>> 
[Coach] >>> TEST  @Epoch: 242  >>> 
[Wall TIME] >>> ChiefCoach.train takes 33.627907 seconds ...
[Coach] >>> TRAIN @Epoch: 243  >>>  || LOSS Avg: 0.07030
[Coach] >>> VALID @Epoch: 243  >>> 
[Coach] >>> TEST  @Epoch: 243  >>> 
[Wall TIME] >>> ChiefCoach.train takes 34.816365 seconds ...
[Coach] >>> TRAIN @Epoch: 244  >>>  || LOSS Avg: 0.07025
[Coach] >>> VALID @Epoch: 244  >>> 
[Coach] >>> TEST  @Epoch: 244  >>> 
[Wall TIME] >>> ChiefCoach.train takes 33.343583 seconds ...
[Wall TIME] >>> ChiefCoach.valid takes 22.545388 seconds ...
[Coach] >>> Better ***NDCG@20*** of ***0.0301*** 
[Coach] >>> TRAIN @Epoch: 245  >>>  || LOSS Avg: 0.07013
[Coach] >>> VALID @Epoch: 245  >>>  || RECALL@1 Avg: 0.0091 || RECALL@10 Avg: 0.0445 || RECALL@20 Avg: 0.0670 || NDCG@10 Avg: 0.0243 || NDCG@20 Avg: 0.0301
[Coach] >>> TEST  @Epoch: 245  >>> 
[Wall TIME] >>> ChiefCoach.train takes 35.678383 seconds ...
[Coach] >>> TRAIN @Epoch: 246  >>>  || LOSS Avg: 0.07017
[Coach] >>> VALID @Epoch: 246  >>> 
[Coach] >>> TEST  @Epoch: 246  >>> 
[Wall TIME] >>> ChiefCoach.train takes 33.876343 seconds ...
[Coach] >>> TRAIN @Epoch: 247  >>>  || LOSS Avg: 0.07018
[Coach] >>> VALID @Epoch: 247  >>> 
[Coach] >>> TEST  @Epoch: 247  >>> 
[Wall TIME] >>> ChiefCoach.train takes 35.688808 seconds ...
[Coach] >>> TRAIN @Epoch: 248  >>>  || LOSS Avg: 0.07018
[Coach] >>> VALID @Epoch: 248  >>> 
[Coach] >>> TEST  @Epoch: 248  >>> 
[Wall TIME] >>> ChiefCoach.train takes 33.452756 seconds ...
[Coach] >>> TRAIN @Epoch: 249  >>>  || LOSS Avg: 0.07016
[Coach] >>> VALID @Epoch: 249  >>> 
[Coach] >>> TEST  @Epoch: 249  >>> 
[Wall TIME] >>> ChiefCoach.train takes 35.072797 seconds ...
[Wall TIME] >>> ChiefCoach.valid takes 21.887180 seconds ...
[Coach] >>> Better ***NDCG@20*** of ***0.0301*** 
[Coach] >>> TRAIN @Epoch: 250  >>>  || LOSS Avg: 0.07024
[Coach] >>> VALID @Epoch: 250  >>>  || RECALL@1 Avg: 0.0091 || RECALL@10 Avg: 0.0445 || RECALL@20 Avg: 0.0672 || NDCG@10 Avg: 0.0243 || NDCG@20 Avg: 0.0301
[Coach] >>> TEST  @Epoch: 250  >>> 
[Wall TIME] >>> ChiefCoach.train takes 32.966195 seconds ...
[Coach] >>> TRAIN @Epoch: 251  >>>  || LOSS Avg: 0.07013
[Coach] >>> VALID @Epoch: 251  >>> 
[Coach] >>> TEST  @Epoch: 251  >>> 
[Wall TIME] >>> ChiefCoach.train takes 32.625125 seconds ...
[Coach] >>> TRAIN @Epoch: 252  >>>  || LOSS Avg: 0.07001
[Coach] >>> VALID @Epoch: 252  >>> 
[Coach] >>> TEST  @Epoch: 252  >>> 
[Wall TIME] >>> ChiefCoach.train takes 34.861753 seconds ...
[Coach] >>> TRAIN @Epoch: 253  >>>  || LOSS Avg: 0.07006
[Coach] >>> VALID @Epoch: 253  >>> 
[Coach] >>> TEST  @Epoch: 253  >>> 
[Wall TIME] >>> ChiefCoach.train takes 33.131120 seconds ...
[Coach] >>> TRAIN @Epoch: 254  >>>  || LOSS Avg: 0.07001
[Coach] >>> VALID @Epoch: 254  >>> 
[Coach] >>> TEST  @Epoch: 254  >>> 
[Wall TIME] >>> ChiefCoach.train takes 34.826534 seconds ...
[Wall TIME] >>> ChiefCoach.valid takes 22.218237 seconds ...
[Coach] >>> TRAIN @Epoch: 255  >>>  || LOSS Avg: 0.07003
[Coach] >>> VALID @Epoch: 255  >>>  || RECALL@1 Avg: 0.0090 || RECALL@10 Avg: 0.0445 || RECALL@20 Avg: 0.0671 || NDCG@10 Avg: 0.0243 || NDCG@20 Avg: 0.0300
[Coach] >>> TEST  @Epoch: 255  >>> 
[Wall TIME] >>> ChiefCoach.train takes 33.205298 seconds ...
[Coach] >>> TRAIN @Epoch: 256  >>>  || LOSS Avg: 0.06990
[Coach] >>> VALID @Epoch: 256  >>> 
[Coach] >>> TEST  @Epoch: 256  >>> 
[Wall TIME] >>> ChiefCoach.train takes 35.042871 seconds ...
[Coach] >>> TRAIN @Epoch: 257  >>>  || LOSS Avg: 0.06985
[Coach] >>> VALID @Epoch: 257  >>> 
[Coach] >>> TEST  @Epoch: 257  >>> 
[Wall TIME] >>> ChiefCoach.train takes 33.328171 seconds ...
[Coach] >>> TRAIN @Epoch: 258  >>>  || LOSS Avg: 0.06988
[Coach] >>> VALID @Epoch: 258  >>> 
[Coach] >>> TEST  @Epoch: 258  >>> 
[Wall TIME] >>> ChiefCoach.train takes 35.189143 seconds ...
[Coach] >>> TRAIN @Epoch: 259  >>>  || LOSS Avg: 0.06997
[Coach] >>> VALID @Epoch: 259  >>> 
[Coach] >>> TEST  @Epoch: 259  >>> 
[Wall TIME] >>> ChiefCoach.train takes 33.430350 seconds ...
[Wall TIME] >>> ChiefCoach.valid takes 22.270947 seconds ...
[Coach] >>> Better ***NDCG@20*** of ***0.0301*** 
[Coach] >>> TRAIN @Epoch: 260  >>>  || LOSS Avg: 0.07002
[Coach] >>> VALID @Epoch: 260  >>>  || RECALL@1 Avg: 0.0090 || RECALL@10 Avg: 0.0446 || RECALL@20 Avg: 0.0673 || NDCG@10 Avg: 0.0243 || NDCG@20 Avg: 0.0301
[Coach] >>> TEST  @Epoch: 260  >>> 
[Wall TIME] >>> ChiefCoach.train takes 33.144449 seconds ...
[Coach] >>> TRAIN @Epoch: 261  >>>  || LOSS Avg: 0.06986
[Coach] >>> VALID @Epoch: 261  >>> 
[Coach] >>> TEST  @Epoch: 261  >>> 
[Wall TIME] >>> ChiefCoach.train takes 35.253572 seconds ...
[Coach] >>> TRAIN @Epoch: 262  >>>  || LOSS Avg: 0.06987
[Coach] >>> VALID @Epoch: 262  >>> 
[Coach] >>> TEST  @Epoch: 262  >>> 
[Wall TIME] >>> ChiefCoach.train takes 33.201370 seconds ...
[Coach] >>> TRAIN @Epoch: 263  >>>  || LOSS Avg: 0.06984
[Coach] >>> VALID @Epoch: 263  >>> 
[Coach] >>> TEST  @Epoch: 263  >>> 
[Wall TIME] >>> ChiefCoach.train takes 35.470093 seconds ...
[Coach] >>> TRAIN @Epoch: 264  >>>  || LOSS Avg: 0.06975
[Coach] >>> VALID @Epoch: 264  >>> 
[Coach] >>> TEST  @Epoch: 264  >>> 
[Wall TIME] >>> ChiefCoach.train takes 33.232974 seconds ...
[Wall TIME] >>> ChiefCoach.valid takes 22.127643 seconds ...
[Coach] >>> Better ***NDCG@20*** of ***0.0302*** 
[Coach] >>> TRAIN @Epoch: 265  >>>  || LOSS Avg: 0.06986
[Coach] >>> VALID @Epoch: 265  >>>  || RECALL@1 Avg: 0.0090 || RECALL@10 Avg: 0.0445 || RECALL@20 Avg: 0.0674 || NDCG@10 Avg: 0.0243 || NDCG@20 Avg: 0.0302
[Coach] >>> TEST  @Epoch: 265  >>> 
[Wall TIME] >>> ChiefCoach.train takes 34.378417 seconds ...
[Coach] >>> TRAIN @Epoch: 266  >>>  || LOSS Avg: 0.06975
[Coach] >>> VALID @Epoch: 266  >>> 
[Coach] >>> TEST  @Epoch: 266  >>> 
[Wall TIME] >>> ChiefCoach.train takes 32.992801 seconds ...
[Coach] >>> TRAIN @Epoch: 267  >>>  || LOSS Avg: 0.06960
[Coach] >>> VALID @Epoch: 267  >>> 
[Coach] >>> TEST  @Epoch: 267  >>> 
[Wall TIME] >>> ChiefCoach.train takes 33.417907 seconds ...
[Coach] >>> TRAIN @Epoch: 268  >>>  || LOSS Avg: 0.06955
[Coach] >>> VALID @Epoch: 268  >>> 
[Coach] >>> TEST  @Epoch: 268  >>> 
[Wall TIME] >>> ChiefCoach.train takes 32.452297 seconds ...
[Coach] >>> TRAIN @Epoch: 269  >>>  || LOSS Avg: 0.06973
[Coach] >>> VALID @Epoch: 269  >>> 
[Coach] >>> TEST  @Epoch: 269  >>> 
[Wall TIME] >>> ChiefCoach.train takes 32.711870 seconds ...
[Wall TIME] >>> ChiefCoach.valid takes 21.745234 seconds ...
[Coach] >>> Better ***NDCG@20*** of ***0.0302*** 
[Coach] >>> TRAIN @Epoch: 270  >>>  || LOSS Avg: 0.06969
[Coach] >>> VALID @Epoch: 270  >>>  || RECALL@1 Avg: 0.0091 || RECALL@10 Avg: 0.0443 || RECALL@20 Avg: 0.0675 || NDCG@10 Avg: 0.0243 || NDCG@20 Avg: 0.0302
[Coach] >>> TEST  @Epoch: 270  >>> 
[Wall TIME] >>> ChiefCoach.train takes 34.470509 seconds ...
[Coach] >>> TRAIN @Epoch: 271  >>>  || LOSS Avg: 0.06941
[Coach] >>> VALID @Epoch: 271  >>> 
[Coach] >>> TEST  @Epoch: 271  >>> 
[Wall TIME] >>> ChiefCoach.train takes 32.607854 seconds ...
[Coach] >>> TRAIN @Epoch: 272  >>>  || LOSS Avg: 0.06953
[Coach] >>> VALID @Epoch: 272  >>> 
[Coach] >>> TEST  @Epoch: 272  >>> 
[Wall TIME] >>> ChiefCoach.train takes 34.053127 seconds ...
[Coach] >>> TRAIN @Epoch: 273  >>>  || LOSS Avg: 0.06952
[Coach] >>> VALID @Epoch: 273  >>> 
[Coach] >>> TEST  @Epoch: 273  >>> 
[Wall TIME] >>> ChiefCoach.train takes 32.919531 seconds ...
[Coach] >>> TRAIN @Epoch: 274  >>>  || LOSS Avg: 0.06946
[Coach] >>> VALID @Epoch: 274  >>> 
[Coach] >>> TEST  @Epoch: 274  >>> 
[Wall TIME] >>> ChiefCoach.train takes 35.217639 seconds ...
[Wall TIME] >>> ChiefCoach.valid takes 22.539345 seconds ...
[Coach] >>> Better ***NDCG@20*** of ***0.0302*** 
[Coach] >>> TRAIN @Epoch: 275  >>>  || LOSS Avg: 0.06956
[Coach] >>> VALID @Epoch: 275  >>>  || RECALL@1 Avg: 0.0091 || RECALL@10 Avg: 0.0445 || RECALL@20 Avg: 0.0674 || NDCG@10 Avg: 0.0244 || NDCG@20 Avg: 0.0302
[Coach] >>> TEST  @Epoch: 275  >>> 
[Wall TIME] >>> ChiefCoach.train takes 33.854502 seconds ...
[Coach] >>> TRAIN @Epoch: 276  >>>  || LOSS Avg: 0.06932
[Coach] >>> VALID @Epoch: 276  >>> 
[Coach] >>> TEST  @Epoch: 276  >>> 
[Wall TIME] >>> ChiefCoach.train takes 36.192043 seconds ...
[Coach] >>> TRAIN @Epoch: 277  >>>  || LOSS Avg: 0.06947
[Coach] >>> VALID @Epoch: 277  >>> 
[Coach] >>> TEST  @Epoch: 277  >>> 
[Wall TIME] >>> ChiefCoach.train takes 33.763371 seconds ...
[Coach] >>> TRAIN @Epoch: 278  >>>  || LOSS Avg: 0.06955
[Coach] >>> VALID @Epoch: 278  >>> 
[Coach] >>> TEST  @Epoch: 278  >>> 
[Wall TIME] >>> ChiefCoach.train takes 34.144110 seconds ...
[Coach] >>> TRAIN @Epoch: 279  >>>  || LOSS Avg: 0.06933
[Coach] >>> VALID @Epoch: 279  >>> 
[Coach] >>> TEST  @Epoch: 279  >>> 
[Wall TIME] >>> ChiefCoach.train takes 35.544556 seconds ...
[Wall TIME] >>> ChiefCoach.valid takes 22.658517 seconds ...
[Coach] >>> TRAIN @Epoch: 280  >>>  || LOSS Avg: 0.06936
[Coach] >>> VALID @Epoch: 280  >>>  || RECALL@1 Avg: 0.0090 || RECALL@10 Avg: 0.0446 || RECALL@20 Avg: 0.0674 || NDCG@10 Avg: 0.0244 || NDCG@20 Avg: 0.0302
[Coach] >>> TEST  @Epoch: 280  >>> 
[Wall TIME] >>> ChiefCoach.train takes 33.658954 seconds ...
[Coach] >>> TRAIN @Epoch: 281  >>>  || LOSS Avg: 0.06935
[Coach] >>> VALID @Epoch: 281  >>> 
[Coach] >>> TEST  @Epoch: 281  >>> 
[Wall TIME] >>> ChiefCoach.train takes 36.208283 seconds ...
[Coach] >>> TRAIN @Epoch: 282  >>>  || LOSS Avg: 0.06942
[Coach] >>> VALID @Epoch: 282  >>> 
[Coach] >>> TEST  @Epoch: 282  >>> 
[Wall TIME] >>> ChiefCoach.train takes 33.620634 seconds ...
[Coach] >>> TRAIN @Epoch: 283  >>>  || LOSS Avg: 0.06930
[Coach] >>> VALID @Epoch: 283  >>> 
[Coach] >>> TEST  @Epoch: 283  >>> 
[Wall TIME] >>> ChiefCoach.train takes 36.734191 seconds ...
[Coach] >>> TRAIN @Epoch: 284  >>>  || LOSS Avg: 0.06942
[Coach] >>> VALID @Epoch: 284  >>> 
[Coach] >>> TEST  @Epoch: 284  >>> 
[Wall TIME] >>> ChiefCoach.train takes 33.768035 seconds ...
[Wall TIME] >>> ChiefCoach.valid takes 22.111985 seconds ...
[Coach] >>> TRAIN @Epoch: 285  >>>  || LOSS Avg: 0.06925
[Coach] >>> VALID @Epoch: 285  >>>  || RECALL@1 Avg: 0.0090 || RECALL@10 Avg: 0.0446 || RECALL@20 Avg: 0.0676 || NDCG@10 Avg: 0.0244 || NDCG@20 Avg: 0.0302
[Coach] >>> TEST  @Epoch: 285  >>> 
[Wall TIME] >>> ChiefCoach.train takes 34.822273 seconds ...
[Coach] >>> TRAIN @Epoch: 286  >>>  || LOSS Avg: 0.06923
[Coach] >>> VALID @Epoch: 286  >>> 
[Coach] >>> TEST  @Epoch: 286  >>> 
[Wall TIME] >>> ChiefCoach.train takes 33.560678 seconds ...
[Coach] >>> TRAIN @Epoch: 287  >>>  || LOSS Avg: 0.06913
[Coach] >>> VALID @Epoch: 287  >>> 
[Coach] >>> TEST  @Epoch: 287  >>> 
[Wall TIME] >>> ChiefCoach.train takes 35.251659 seconds ...
[Coach] >>> TRAIN @Epoch: 288  >>>  || LOSS Avg: 0.06908
[Coach] >>> VALID @Epoch: 288  >>> 
[Coach] >>> TEST  @Epoch: 288  >>> 
[Wall TIME] >>> ChiefCoach.train takes 35.679669 seconds ...
[Coach] >>> TRAIN @Epoch: 289  >>>  || LOSS Avg: 0.06933
[Coach] >>> VALID @Epoch: 289  >>> 
[Coach] >>> TEST  @Epoch: 289  >>> 
[Wall TIME] >>> ChiefCoach.train takes 33.949579 seconds ...
[Wall TIME] >>> ChiefCoach.valid takes 22.537688 seconds ...
[Coach] >>> Better ***NDCG@20*** of ***0.0303*** 
[Coach] >>> TRAIN @Epoch: 290  >>>  || LOSS Avg: 0.06917
[Coach] >>> VALID @Epoch: 290  >>>  || RECALL@1 Avg: 0.0091 || RECALL@10 Avg: 0.0447 || RECALL@20 Avg: 0.0675 || NDCG@10 Avg: 0.0244 || NDCG@20 Avg: 0.0303
[Coach] >>> TEST  @Epoch: 290  >>> 
[Wall TIME] >>> ChiefCoach.train takes 36.237247 seconds ...
[Coach] >>> TRAIN @Epoch: 291  >>>  || LOSS Avg: 0.06915
[Coach] >>> VALID @Epoch: 291  >>> 
[Coach] >>> TEST  @Epoch: 291  >>> 
[Wall TIME] >>> ChiefCoach.train takes 33.812527 seconds ...
[Coach] >>> TRAIN @Epoch: 292  >>>  || LOSS Avg: 0.06905
[Coach] >>> VALID @Epoch: 292  >>> 
[Coach] >>> TEST  @Epoch: 292  >>> 
[Wall TIME] >>> ChiefCoach.train takes 37.345459 seconds ...
[Coach] >>> TRAIN @Epoch: 293  >>>  || LOSS Avg: 0.06917
[Coach] >>> VALID @Epoch: 293  >>> 
[Coach] >>> TEST  @Epoch: 293  >>> 
[Wall TIME] >>> ChiefCoach.train takes 34.096467 seconds ...
[Coach] >>> TRAIN @Epoch: 294  >>>  || LOSS Avg: 0.06912
[Coach] >>> VALID @Epoch: 294  >>> 
[Coach] >>> TEST  @Epoch: 294  >>> 
[Wall TIME] >>> ChiefCoach.train takes 36.050868 seconds ...
[Wall TIME] >>> ChiefCoach.valid takes 22.777562 seconds ...
[Coach] >>> TRAIN @Epoch: 295  >>>  || LOSS Avg: 0.06913
[Coach] >>> VALID @Epoch: 295  >>>  || RECALL@1 Avg: 0.0091 || RECALL@10 Avg: 0.0446 || RECALL@20 Avg: 0.0675 || NDCG@10 Avg: 0.0244 || NDCG@20 Avg: 0.0302
[Coach] >>> TEST  @Epoch: 295  >>> 
[Wall TIME] >>> ChiefCoach.train takes 33.874607 seconds ...
[Coach] >>> TRAIN @Epoch: 296  >>>  || LOSS Avg: 0.06915
[Coach] >>> VALID @Epoch: 296  >>> 
[Coach] >>> TEST  @Epoch: 296  >>> 
[Wall TIME] >>> ChiefCoach.train takes 36.237689 seconds ...
[Coach] >>> TRAIN @Epoch: 297  >>>  || LOSS Avg: 0.06886
[Coach] >>> VALID @Epoch: 297  >>> 
[Coach] >>> TEST  @Epoch: 297  >>> 
[Wall TIME] >>> ChiefCoach.train takes 34.885016 seconds ...
[Coach] >>> TRAIN @Epoch: 298  >>>  || LOSS Avg: 0.06903
[Coach] >>> VALID @Epoch: 298  >>> 
[Coach] >>> TEST  @Epoch: 298  >>> 
[Wall TIME] >>> ChiefCoach.train takes 33.676749 seconds ...
[Coach] >>> TRAIN @Epoch: 299  >>>  || LOSS Avg: 0.06920
[Coach] >>> VALID @Epoch: 299  >>> 
[Coach] >>> TEST  @Epoch: 299  >>> 
[Wall TIME] >>> ChiefCoach.train takes 36.256357 seconds ...
[Wall TIME] >>> ChiefCoach.valid takes 22.909539 seconds ...
[Coach] >>> Better ***NDCG@20*** of ***0.0303*** 
[Coach] >>> TRAIN @Epoch: 300  >>>  || LOSS Avg: 0.06905
[Coach] >>> VALID @Epoch: 300  >>>  || RECALL@1 Avg: 0.0091 || RECALL@10 Avg: 0.0445 || RECALL@20 Avg: 0.0676 || NDCG@10 Avg: 0.0244 || NDCG@20 Avg: 0.0303
[Coach] >>> TEST  @Epoch: 300  >>> 
[Wall TIME] >>> ChiefCoach.train takes 33.878669 seconds ...
[Coach] >>> TRAIN @Epoch: 301  >>>  || LOSS Avg: 0.06904
[Coach] >>> VALID @Epoch: 301  >>> 
[Coach] >>> TEST  @Epoch: 301  >>> 
[Wall TIME] >>> ChiefCoach.train takes 35.604243 seconds ...
[Coach] >>> TRAIN @Epoch: 302  >>>  || LOSS Avg: 0.06905
[Coach] >>> VALID @Epoch: 302  >>> 
[Coach] >>> TEST  @Epoch: 302  >>> 
[Wall TIME] >>> ChiefCoach.train takes 33.689751 seconds ...
[Coach] >>> TRAIN @Epoch: 303  >>>  || LOSS Avg: 0.06899
[Coach] >>> VALID @Epoch: 303  >>> 
[Coach] >>> TEST  @Epoch: 303  >>> 
[Wall TIME] >>> ChiefCoach.train takes 35.271107 seconds ...
[Coach] >>> TRAIN @Epoch: 304  >>>  || LOSS Avg: 0.06882
[Coach] >>> VALID @Epoch: 304  >>> 
[Coach] >>> TEST  @Epoch: 304  >>> 
[Wall TIME] >>> ChiefCoach.train takes 33.524493 seconds ...
[Wall TIME] >>> ChiefCoach.valid takes 22.467815 seconds ...
[Coach] >>> TRAIN @Epoch: 305  >>>  || LOSS Avg: 0.06888
[Coach] >>> VALID @Epoch: 305  >>>  || RECALL@1 Avg: 0.0091 || RECALL@10 Avg: 0.0445 || RECALL@20 Avg: 0.0673 || NDCG@10 Avg: 0.0244 || NDCG@20 Avg: 0.0302
[Coach] >>> TEST  @Epoch: 305  >>> 
[Wall TIME] >>> ChiefCoach.train takes 35.399368 seconds ...
[Coach] >>> TRAIN @Epoch: 306  >>>  || LOSS Avg: 0.06888
[Coach] >>> VALID @Epoch: 306  >>> 
[Coach] >>> TEST  @Epoch: 306  >>> 
[Wall TIME] >>> ChiefCoach.train takes 33.470871 seconds ...
[Coach] >>> TRAIN @Epoch: 307  >>>  || LOSS Avg: 0.06892
[Coach] >>> VALID @Epoch: 307  >>> 
[Coach] >>> TEST  @Epoch: 307  >>> 
[Wall TIME] >>> ChiefCoach.train takes 33.645639 seconds ...
[Coach] >>> TRAIN @Epoch: 308  >>>  || LOSS Avg: 0.06903
[Coach] >>> VALID @Epoch: 308  >>> 
[Coach] >>> TEST  @Epoch: 308  >>> 
[Wall TIME] >>> ChiefCoach.train takes 35.885188 seconds ...
[Coach] >>> TRAIN @Epoch: 309  >>>  || LOSS Avg: 0.06882
[Coach] >>> VALID @Epoch: 309  >>> 
[Coach] >>> TEST  @Epoch: 309  >>> 
[Wall TIME] >>> ChiefCoach.train takes 33.467561 seconds ...
[Wall TIME] >>> ChiefCoach.valid takes 22.556110 seconds ...
[Coach] >>> TRAIN @Epoch: 310  >>>  || LOSS Avg: 0.06869
[Coach] >>> VALID @Epoch: 310  >>>  || RECALL@1 Avg: 0.0092 || RECALL@10 Avg: 0.0445 || RECALL@20 Avg: 0.0673 || NDCG@10 Avg: 0.0244 || NDCG@20 Avg: 0.0302
[Coach] >>> TEST  @Epoch: 310  >>> 
[Wall TIME] >>> ChiefCoach.train takes 35.100014 seconds ...
[Coach] >>> TRAIN @Epoch: 311  >>>  || LOSS Avg: 0.06884
[Coach] >>> VALID @Epoch: 311  >>> 
[Coach] >>> TEST  @Epoch: 311  >>> 
[Wall TIME] >>> ChiefCoach.train takes 33.803437 seconds ...
[Coach] >>> TRAIN @Epoch: 312  >>>  || LOSS Avg: 0.06880
[Coach] >>> VALID @Epoch: 312  >>> 
[Coach] >>> TEST  @Epoch: 312  >>> 
[Wall TIME] >>> ChiefCoach.train takes 36.566889 seconds ...
[Coach] >>> TRAIN @Epoch: 313  >>>  || LOSS Avg: 0.06882
[Coach] >>> VALID @Epoch: 313  >>> 
[Coach] >>> TEST  @Epoch: 313  >>> 
[Wall TIME] >>> ChiefCoach.train takes 33.709739 seconds ...
[Coach] >>> TRAIN @Epoch: 314  >>>  || LOSS Avg: 0.06894
[Coach] >>> VALID @Epoch: 314  >>> 
[Coach] >>> TEST  @Epoch: 314  >>> 
[Wall TIME] >>> ChiefCoach.train takes 36.575440 seconds ...
[Wall TIME] >>> ChiefCoach.valid takes 22.491502 seconds ...
[Coach] >>> TRAIN @Epoch: 315  >>>  || LOSS Avg: 0.06878
[Coach] >>> VALID @Epoch: 315  >>>  || RECALL@1 Avg: 0.0092 || RECALL@10 Avg: 0.0448 || RECALL@20 Avg: 0.0673 || NDCG@10 Avg: 0.0245 || NDCG@20 Avg: 0.0302
[Coach] >>> TEST  @Epoch: 315  >>> 
[Wall TIME] >>> ChiefCoach.train takes 33.720775 seconds ...
[Coach] >>> TRAIN @Epoch: 316  >>>  || LOSS Avg: 0.06870
[Coach] >>> VALID @Epoch: 316  >>> 
[Coach] >>> TEST  @Epoch: 316  >>> 
[Wall TIME] >>> ChiefCoach.train takes 33.628777 seconds ...
[Coach] >>> TRAIN @Epoch: 317  >>>  || LOSS Avg: 0.06868
[Coach] >>> VALID @Epoch: 317  >>> 
[Coach] >>> TEST  @Epoch: 317  >>> 
[Wall TIME] >>> ChiefCoach.train takes 35.566838 seconds ...
[Coach] >>> TRAIN @Epoch: 318  >>>  || LOSS Avg: 0.06878
[Coach] >>> VALID @Epoch: 318  >>> 
[Coach] >>> TEST  @Epoch: 318  >>> 
[Wall TIME] >>> ChiefCoach.train takes 33.571784 seconds ...
[Coach] >>> TRAIN @Epoch: 319  >>>  || LOSS Avg: 0.06858
[Coach] >>> VALID @Epoch: 319  >>> 
[Coach] >>> TEST  @Epoch: 319  >>> 
[Wall TIME] >>> ChiefCoach.train takes 36.971822 seconds ...
[Wall TIME] >>> ChiefCoach.valid takes 22.606204 seconds ...
[Coach] >>> TRAIN @Epoch: 320  >>>  || LOSS Avg: 0.06863
[Coach] >>> VALID @Epoch: 320  >>>  || RECALL@1 Avg: 0.0091 || RECALL@10 Avg: 0.0447 || RECALL@20 Avg: 0.0673 || NDCG@10 Avg: 0.0244 || NDCG@20 Avg: 0.0302
[Coach] >>> TEST  @Epoch: 320  >>> 
[Wall TIME] >>> ChiefCoach.train takes 33.546278 seconds ...
[Coach] >>> TRAIN @Epoch: 321  >>>  || LOSS Avg: 0.06861
[Coach] >>> VALID @Epoch: 321  >>> 
[Coach] >>> TEST  @Epoch: 321  >>> 
[Wall TIME] >>> ChiefCoach.train takes 36.747619 seconds ...
[Coach] >>> TRAIN @Epoch: 322  >>>  || LOSS Avg: 0.06871
[Coach] >>> VALID @Epoch: 322  >>> 
[Coach] >>> TEST  @Epoch: 322  >>> 
[Wall TIME] >>> ChiefCoach.train takes 33.491794 seconds ...
[Coach] >>> TRAIN @Epoch: 323  >>>  || LOSS Avg: 0.06863
[Coach] >>> VALID @Epoch: 323  >>> 
[Coach] >>> TEST  @Epoch: 323  >>> 
[Wall TIME] >>> ChiefCoach.train takes 36.961147 seconds ...
[Coach] >>> TRAIN @Epoch: 324  >>>  || LOSS Avg: 0.06860
[Coach] >>> VALID @Epoch: 324  >>> 
[Coach] >>> TEST  @Epoch: 324  >>> 
[Wall TIME] >>> ChiefCoach.train takes 33.810562 seconds ...
[Wall TIME] >>> ChiefCoach.valid takes 22.435828 seconds ...
[Coach] >>> TRAIN @Epoch: 325  >>>  || LOSS Avg: 0.06866
[Coach] >>> VALID @Epoch: 325  >>>  || RECALL@1 Avg: 0.0091 || RECALL@10 Avg: 0.0447 || RECALL@20 Avg: 0.0673 || NDCG@10 Avg: 0.0245 || NDCG@20 Avg: 0.0302
[Coach] >>> TEST  @Epoch: 325  >>> 
[Wall TIME] >>> ChiefCoach.train takes 33.516573 seconds ...
[Coach] >>> TRAIN @Epoch: 326  >>>  || LOSS Avg: 0.06857
[Coach] >>> VALID @Epoch: 326  >>> 
[Coach] >>> TEST  @Epoch: 326  >>> 
[Wall TIME] >>> ChiefCoach.train takes 35.584953 seconds ...
[Coach] >>> TRAIN @Epoch: 327  >>>  || LOSS Avg: 0.06844
[Coach] >>> VALID @Epoch: 327  >>> 
[Coach] >>> TEST  @Epoch: 327  >>> 
[Wall TIME] >>> ChiefCoach.train takes 33.588466 seconds ...
[Coach] >>> TRAIN @Epoch: 328  >>>  || LOSS Avg: 0.06860
[Coach] >>> VALID @Epoch: 328  >>> 
[Coach] >>> TEST  @Epoch: 328  >>> 
[Wall TIME] >>> ChiefCoach.train takes 35.529614 seconds ...
[Coach] >>> TRAIN @Epoch: 329  >>>  || LOSS Avg: 0.06843
[Coach] >>> VALID @Epoch: 329  >>> 
[Coach] >>> TEST  @Epoch: 329  >>> 
[Wall TIME] >>> ChiefCoach.train takes 33.522151 seconds ...
[Wall TIME] >>> ChiefCoach.valid takes 22.518400 seconds ...
[Coach] >>> TRAIN @Epoch: 330  >>>  || LOSS Avg: 0.06848
[Coach] >>> VALID @Epoch: 330  >>>  || RECALL@1 Avg: 0.0091 || RECALL@10 Avg: 0.0449 || RECALL@20 Avg: 0.0672 || NDCG@10 Avg: 0.0245 || NDCG@20 Avg: 0.0302
[Coach] >>> TEST  @Epoch: 330  >>> 
[Wall TIME] >>> ChiefCoach.train takes 35.446368 seconds ...
[Coach] >>> TRAIN @Epoch: 331  >>>  || LOSS Avg: 0.06849
[Coach] >>> VALID @Epoch: 331  >>> 
[Coach] >>> TEST  @Epoch: 331  >>> 
[Wall TIME] >>> ChiefCoach.train takes 33.918177 seconds ...
[Coach] >>> TRAIN @Epoch: 332  >>>  || LOSS Avg: 0.06839
[Coach] >>> VALID @Epoch: 332  >>> 
[Coach] >>> TEST  @Epoch: 332  >>> 
[Wall TIME] >>> ChiefCoach.train takes 36.551149 seconds ...
[Coach] >>> TRAIN @Epoch: 333  >>>  || LOSS Avg: 0.06854
[Coach] >>> VALID @Epoch: 333  >>> 
[Coach] >>> TEST  @Epoch: 333  >>> 
[Wall TIME] >>> ChiefCoach.train takes 33.691966 seconds ...
[Coach] >>> TRAIN @Epoch: 334  >>>  || LOSS Avg: 0.06857
[Coach] >>> VALID @Epoch: 334  >>> 
[Coach] >>> TEST  @Epoch: 334  >>> 
[Wall TIME] >>> ChiefCoach.train takes 33.504560 seconds ...
[Wall TIME] >>> ChiefCoach.valid takes 22.734698 seconds ...
[Coach] >>> Better ***NDCG@20*** of ***0.0303*** 
[Coach] >>> TRAIN @Epoch: 335  >>>  || LOSS Avg: 0.06838
[Coach] >>> VALID @Epoch: 335  >>>  || RECALL@1 Avg: 0.0091 || RECALL@10 Avg: 0.0448 || RECALL@20 Avg: 0.0676 || NDCG@10 Avg: 0.0245 || NDCG@20 Avg: 0.0303
[Coach] >>> TEST  @Epoch: 335  >>> 
[Wall TIME] >>> ChiefCoach.train takes 35.750729 seconds ...
[Coach] >>> TRAIN @Epoch: 336  >>>  || LOSS Avg: 0.06845
[Coach] >>> VALID @Epoch: 336  >>> 
[Coach] >>> TEST  @Epoch: 336  >>> 
[Wall TIME] >>> ChiefCoach.train takes 33.555390 seconds ...
[Coach] >>> TRAIN @Epoch: 337  >>>  || LOSS Avg: 0.06845
[Coach] >>> VALID @Epoch: 337  >>> 
[Coach] >>> TEST  @Epoch: 337  >>> 
[Wall TIME] >>> ChiefCoach.train takes 36.564402 seconds ...
[Coach] >>> TRAIN @Epoch: 338  >>>  || LOSS Avg: 0.06831
[Coach] >>> VALID @Epoch: 338  >>> 
[Coach] >>> TEST  @Epoch: 338  >>> 
[Wall TIME] >>> ChiefCoach.train takes 33.554586 seconds ...
[Coach] >>> TRAIN @Epoch: 339  >>>  || LOSS Avg: 0.06844
[Coach] >>> VALID @Epoch: 339  >>> 
[Coach] >>> TEST  @Epoch: 339  >>> 
[Wall TIME] >>> ChiefCoach.train takes 36.102270 seconds ...
[Wall TIME] >>> ChiefCoach.valid takes 22.628299 seconds ...
[Coach] >>> Better ***NDCG@20*** of ***0.0303*** 
[Coach] >>> TRAIN @Epoch: 340  >>>  || LOSS Avg: 0.06845
[Coach] >>> VALID @Epoch: 340  >>>  || RECALL@1 Avg: 0.0091 || RECALL@10 Avg: 0.0447 || RECALL@20 Avg: 0.0677 || NDCG@10 Avg: 0.0244 || NDCG@20 Avg: 0.0303
[Coach] >>> TEST  @Epoch: 340  >>> 
[Wall TIME] >>> ChiefCoach.train takes 33.396067 seconds ...
[Coach] >>> TRAIN @Epoch: 341  >>>  || LOSS Avg: 0.06838
[Coach] >>> VALID @Epoch: 341  >>> 
[Coach] >>> TEST  @Epoch: 341  >>> 
[Wall TIME] >>> ChiefCoach.train takes 36.066725 seconds ...
[Coach] >>> TRAIN @Epoch: 342  >>>  || LOSS Avg: 0.06836
[Coach] >>> VALID @Epoch: 342  >>> 
[Coach] >>> TEST  @Epoch: 342  >>> 
[Wall TIME] >>> ChiefCoach.train takes 33.551711 seconds ...
[Coach] >>> TRAIN @Epoch: 343  >>>  || LOSS Avg: 0.06826
[Coach] >>> VALID @Epoch: 343  >>> 
[Coach] >>> TEST  @Epoch: 343  >>> 
[Wall TIME] >>> ChiefCoach.train takes 33.656842 seconds ...
[Coach] >>> TRAIN @Epoch: 344  >>>  || LOSS Avg: 0.06833
[Coach] >>> VALID @Epoch: 344  >>> 
[Coach] >>> TEST  @Epoch: 344  >>> 
[Wall TIME] >>> ChiefCoach.train takes 35.452480 seconds ...
[Wall TIME] >>> ChiefCoach.valid takes 22.479620 seconds ...
[Coach] >>> TRAIN @Epoch: 345  >>>  || LOSS Avg: 0.06835
[Coach] >>> VALID @Epoch: 345  >>>  || RECALL@1 Avg: 0.0091 || RECALL@10 Avg: 0.0449 || RECALL@20 Avg: 0.0674 || NDCG@10 Avg: 0.0245 || NDCG@20 Avg: 0.0303
[Coach] >>> TEST  @Epoch: 345  >>> 
[Wall TIME] >>> ChiefCoach.train takes 33.351151 seconds ...
[Coach] >>> TRAIN @Epoch: 346  >>>  || LOSS Avg: 0.06824
[Coach] >>> VALID @Epoch: 346  >>> 
[Coach] >>> TEST  @Epoch: 346  >>> 
[Wall TIME] >>> ChiefCoach.train takes 35.448406 seconds ...
[Coach] >>> TRAIN @Epoch: 347  >>>  || LOSS Avg: 0.06834
[Coach] >>> VALID @Epoch: 347  >>> 
[Coach] >>> TEST  @Epoch: 347  >>> 
[Wall TIME] >>> ChiefCoach.train takes 33.216020 seconds ...
[Coach] >>> TRAIN @Epoch: 348  >>>  || LOSS Avg: 0.06825
[Coach] >>> VALID @Epoch: 348  >>> 
[Coach] >>> TEST  @Epoch: 348  >>> 
[Wall TIME] >>> ChiefCoach.train takes 35.567898 seconds ...
[Coach] >>> TRAIN @Epoch: 349  >>>  || LOSS Avg: 0.06830
[Coach] >>> VALID @Epoch: 349  >>> 
[Coach] >>> TEST  @Epoch: 349  >>> 
[Wall TIME] >>> ChiefCoach.train takes 33.464892 seconds ...
[Wall TIME] >>> ChiefCoach.valid takes 22.242605 seconds ...
[Coach] >>> TRAIN @Epoch: 350  >>>  || LOSS Avg: 0.06808
[Coach] >>> VALID @Epoch: 350  >>>  || RECALL@1 Avg: 0.0091 || RECALL@10 Avg: 0.0448 || RECALL@20 Avg: 0.0674 || NDCG@10 Avg: 0.0245 || NDCG@20 Avg: 0.0303
[Coach] >>> TEST  @Epoch: 350  >>> 
[Wall TIME] >>> ChiefCoach.train takes 35.440455 seconds ...
[Coach] >>> TRAIN @Epoch: 351  >>>  || LOSS Avg: 0.06810
[Coach] >>> VALID @Epoch: 351  >>> 
[Coach] >>> TEST  @Epoch: 351  >>> 
[Wall TIME] >>> ChiefCoach.train takes 33.554789 seconds ...
[Coach] >>> TRAIN @Epoch: 352  >>>  || LOSS Avg: 0.06815
[Coach] >>> VALID @Epoch: 352  >>> 
[Coach] >>> TEST  @Epoch: 352  >>> 
[Wall TIME] >>> ChiefCoach.train takes 34.556249 seconds ...
[Coach] >>> TRAIN @Epoch: 353  >>>  || LOSS Avg: 0.06834
[Coach] >>> VALID @Epoch: 353  >>> 
[Coach] >>> TEST  @Epoch: 353  >>> 
[Wall TIME] >>> ChiefCoach.train takes 35.160170 seconds ...
[Coach] >>> TRAIN @Epoch: 354  >>>  || LOSS Avg: 0.06814
[Coach] >>> VALID @Epoch: 354  >>> 
[Coach] >>> TEST  @Epoch: 354  >>> 
[Wall TIME] >>> ChiefCoach.train takes 33.835364 seconds ...
[Wall TIME] >>> ChiefCoach.valid takes 22.287389 seconds ...
[Coach] >>> TRAIN @Epoch: 355  >>>  || LOSS Avg: 0.06817
[Coach] >>> VALID @Epoch: 355  >>>  || RECALL@1 Avg: 0.0091 || RECALL@10 Avg: 0.0449 || RECALL@20 Avg: 0.0674 || NDCG@10 Avg: 0.0245 || NDCG@20 Avg: 0.0302
[Coach] >>> TEST  @Epoch: 355  >>> 
[Wall TIME] >>> ChiefCoach.train takes 34.929417 seconds ...
[Coach] >>> TRAIN @Epoch: 356  >>>  || LOSS Avg: 0.06823
[Coach] >>> VALID @Epoch: 356  >>> 
[Coach] >>> TEST  @Epoch: 356  >>> 
[Wall TIME] >>> ChiefCoach.train takes 33.365826 seconds ...
[Coach] >>> TRAIN @Epoch: 357  >>>  || LOSS Avg: 0.06830
[Coach] >>> VALID @Epoch: 357  >>> 
[Coach] >>> TEST  @Epoch: 357  >>> 
[Wall TIME] >>> ChiefCoach.train takes 34.731834 seconds ...
[Coach] >>> TRAIN @Epoch: 358  >>>  || LOSS Avg: 0.06818
[Coach] >>> VALID @Epoch: 358  >>> 
[Coach] >>> TEST  @Epoch: 358  >>> 
[Wall TIME] >>> ChiefCoach.train takes 33.435692 seconds ...
[Coach] >>> TRAIN @Epoch: 359  >>>  || LOSS Avg: 0.06817
[Coach] >>> VALID @Epoch: 359  >>> 
[Coach] >>> TEST  @Epoch: 359  >>> 
[Wall TIME] >>> ChiefCoach.train takes 34.045955 seconds ...
[Wall TIME] >>> ChiefCoach.valid takes 22.388329 seconds ...
[Coach] >>> TRAIN @Epoch: 360  >>>  || LOSS Avg: 0.06833
[Coach] >>> VALID @Epoch: 360  >>>  || RECALL@1 Avg: 0.0091 || RECALL@10 Avg: 0.0448 || RECALL@20 Avg: 0.0674 || NDCG@10 Avg: 0.0245 || NDCG@20 Avg: 0.0302
[Coach] >>> TEST  @Epoch: 360  >>> 
[Wall TIME] >>> ChiefCoach.train takes 33.266738 seconds ...
[Coach] >>> TRAIN @Epoch: 361  >>>  || LOSS Avg: 0.06815
[Coach] >>> VALID @Epoch: 361  >>> 
[Coach] >>> TEST  @Epoch: 361  >>> 
[Wall TIME] >>> ChiefCoach.train takes 34.470888 seconds ...
[Coach] >>> TRAIN @Epoch: 362  >>>  || LOSS Avg: 0.06822
[Coach] >>> VALID @Epoch: 362  >>> 
[Coach] >>> TEST  @Epoch: 362  >>> 
[Wall TIME] >>> ChiefCoach.train takes 34.197132 seconds ...
[Coach] >>> TRAIN @Epoch: 363  >>>  || LOSS Avg: 0.06815
[Coach] >>> VALID @Epoch: 363  >>> 
[Coach] >>> TEST  @Epoch: 363  >>> 
[Wall TIME] >>> ChiefCoach.train takes 33.306629 seconds ...
[Coach] >>> TRAIN @Epoch: 364  >>>  || LOSS Avg: 0.06803
[Coach] >>> VALID @Epoch: 364  >>> 
[Coach] >>> TEST  @Epoch: 364  >>> 
[Wall TIME] >>> ChiefCoach.train takes 34.739178 seconds ...
[Wall TIME] >>> ChiefCoach.valid takes 22.203951 seconds ...
[Coach] >>> Better ***NDCG@20*** of ***0.0304*** 
[Coach] >>> TRAIN @Epoch: 365  >>>  || LOSS Avg: 0.06816
[Coach] >>> VALID @Epoch: 365  >>>  || RECALL@1 Avg: 0.0091 || RECALL@10 Avg: 0.0448 || RECALL@20 Avg: 0.0678 || NDCG@10 Avg: 0.0245 || NDCG@20 Avg: 0.0304
[Coach] >>> TEST  @Epoch: 365  >>> 
[Wall TIME] >>> ChiefCoach.train takes 33.395247 seconds ...
[Coach] >>> TRAIN @Epoch: 366  >>>  || LOSS Avg: 0.06803
[Coach] >>> VALID @Epoch: 366  >>> 
[Coach] >>> TEST  @Epoch: 366  >>> 
[Wall TIME] >>> ChiefCoach.train takes 35.381196 seconds ...
[Coach] >>> TRAIN @Epoch: 367  >>>  || LOSS Avg: 0.06808
[Coach] >>> VALID @Epoch: 367  >>> 
[Coach] >>> TEST  @Epoch: 367  >>> 
[Wall TIME] >>> ChiefCoach.train takes 33.381667 seconds ...
[Coach] >>> TRAIN @Epoch: 368  >>>  || LOSS Avg: 0.06801
[Coach] >>> VALID @Epoch: 368  >>> 
[Coach] >>> TEST  @Epoch: 368  >>> 
[Wall TIME] >>> ChiefCoach.train takes 35.558734 seconds ...
[Coach] >>> TRAIN @Epoch: 369  >>>  || LOSS Avg: 0.06793
[Coach] >>> VALID @Epoch: 369  >>> 
[Coach] >>> TEST  @Epoch: 369  >>> 
[Wall TIME] >>> ChiefCoach.train takes 33.432285 seconds ...
[Wall TIME] >>> ChiefCoach.valid takes 22.564459 seconds ...
[Coach] >>> Better ***NDCG@20*** of ***0.0304*** 
[Coach] >>> TRAIN @Epoch: 370  >>>  || LOSS Avg: 0.06805
[Coach] >>> VALID @Epoch: 370  >>>  || RECALL@1 Avg: 0.0091 || RECALL@10 Avg: 0.0449 || RECALL@20 Avg: 0.0679 || NDCG@10 Avg: 0.0245 || NDCG@20 Avg: 0.0304
[Coach] >>> TEST  @Epoch: 370  >>> 
[Wall TIME] >>> ChiefCoach.train takes 35.828344 seconds ...
[Coach] >>> TRAIN @Epoch: 371  >>>  || LOSS Avg: 0.06812
[Coach] >>> VALID @Epoch: 371  >>> 
[Coach] >>> TEST  @Epoch: 371  >>> 
[Wall TIME] >>> ChiefCoach.train takes 33.780426 seconds ...
[Coach] >>> TRAIN @Epoch: 372  >>>  || LOSS Avg: 0.06816
[Coach] >>> VALID @Epoch: 372  >>> 
[Coach] >>> TEST  @Epoch: 372  >>> 
[Wall TIME] >>> ChiefCoach.train takes 33.478477 seconds ...
[Coach] >>> TRAIN @Epoch: 373  >>>  || LOSS Avg: 0.06797
[Coach] >>> VALID @Epoch: 373  >>> 
[Coach] >>> TEST  @Epoch: 373  >>> 
[Wall TIME] >>> ChiefCoach.train takes 36.317538 seconds ...
[Coach] >>> TRAIN @Epoch: 374  >>>  || LOSS Avg: 0.06804
[Coach] >>> VALID @Epoch: 374  >>> 
[Coach] >>> TEST  @Epoch: 374  >>> 
[Wall TIME] >>> ChiefCoach.train takes 34.061875 seconds ...
[Wall TIME] >>> ChiefCoach.valid takes 22.906265 seconds ...
[Coach] >>> TRAIN @Epoch: 375  >>>  || LOSS Avg: 0.06793
[Coach] >>> VALID @Epoch: 375  >>>  || RECALL@1 Avg: 0.0091 || RECALL@10 Avg: 0.0449 || RECALL@20 Avg: 0.0678 || NDCG@10 Avg: 0.0245 || NDCG@20 Avg: 0.0304
[Coach] >>> TEST  @Epoch: 375  >>> 
[Wall TIME] >>> ChiefCoach.train takes 35.294358 seconds ...
[Coach] >>> TRAIN @Epoch: 376  >>>  || LOSS Avg: 0.06789
[Coach] >>> VALID @Epoch: 376  >>> 
[Coach] >>> TEST  @Epoch: 376  >>> 
[Wall TIME] >>> ChiefCoach.train takes 34.215023 seconds ...
[Coach] >>> TRAIN @Epoch: 377  >>>  || LOSS Avg: 0.06796
[Coach] >>> VALID @Epoch: 377  >>> 
[Coach] >>> TEST  @Epoch: 377  >>> 
[Wall TIME] >>> ChiefCoach.train takes 36.872613 seconds ...
[Coach] >>> TRAIN @Epoch: 378  >>>  || LOSS Avg: 0.06793
[Coach] >>> VALID @Epoch: 378  >>> 
[Coach] >>> TEST  @Epoch: 378  >>> 
[Wall TIME] >>> ChiefCoach.train takes 34.182512 seconds ...
[Coach] >>> TRAIN @Epoch: 379  >>>  || LOSS Avg: 0.06790
[Coach] >>> VALID @Epoch: 379  >>> 
[Coach] >>> TEST  @Epoch: 379  >>> 
[Wall TIME] >>> ChiefCoach.train takes 37.078277 seconds ...
[Wall TIME] >>> ChiefCoach.valid takes 23.187795 seconds ...
[Coach] >>> TRAIN @Epoch: 380  >>>  || LOSS Avg: 0.06787
[Coach] >>> VALID @Epoch: 380  >>>  || RECALL@1 Avg: 0.0092 || RECALL@10 Avg: 0.0447 || RECALL@20 Avg: 0.0677 || NDCG@10 Avg: 0.0245 || NDCG@20 Avg: 0.0304
[Coach] >>> TEST  @Epoch: 380  >>> 
[Wall TIME] >>> ChiefCoach.train takes 34.333082 seconds ...
[Coach] >>> TRAIN @Epoch: 381  >>>  || LOSS Avg: 0.06795
[Coach] >>> VALID @Epoch: 381  >>> 
[Coach] >>> TEST  @Epoch: 381  >>> 
[Wall TIME] >>> ChiefCoach.train takes 34.085181 seconds ...
[Coach] >>> TRAIN @Epoch: 382  >>>  || LOSS Avg: 0.06794
[Coach] >>> VALID @Epoch: 382  >>> 
[Coach] >>> TEST  @Epoch: 382  >>> 
[Wall TIME] >>> ChiefCoach.train takes 36.000999 seconds ...
[Coach] >>> TRAIN @Epoch: 383  >>>  || LOSS Avg: 0.06782
[Coach] >>> VALID @Epoch: 383  >>> 
[Coach] >>> TEST  @Epoch: 383  >>> 
[Wall TIME] >>> ChiefCoach.train takes 34.091016 seconds ...
[Coach] >>> TRAIN @Epoch: 384  >>>  || LOSS Avg: 0.06793
[Coach] >>> VALID @Epoch: 384  >>> 
[Coach] >>> TEST  @Epoch: 384  >>> 
[Wall TIME] >>> ChiefCoach.train takes 35.408307 seconds ...
[Wall TIME] >>> ChiefCoach.valid takes 22.700508 seconds ...
[Coach] >>> TRAIN @Epoch: 385  >>>  || LOSS Avg: 0.06786
[Coach] >>> VALID @Epoch: 385  >>>  || RECALL@1 Avg: 0.0092 || RECALL@10 Avg: 0.0447 || RECALL@20 Avg: 0.0678 || NDCG@10 Avg: 0.0245 || NDCG@20 Avg: 0.0304
[Coach] >>> TEST  @Epoch: 385  >>> 
[Wall TIME] >>> ChiefCoach.train takes 33.960383 seconds ...
[Coach] >>> TRAIN @Epoch: 386  >>>  || LOSS Avg: 0.06798
[Coach] >>> VALID @Epoch: 386  >>> 
[Coach] >>> TEST  @Epoch: 386  >>> 
[Wall TIME] >>> ChiefCoach.train takes 35.883181 seconds ...
[Coach] >>> TRAIN @Epoch: 387  >>>  || LOSS Avg: 0.06775
[Coach] >>> VALID @Epoch: 387  >>> 
[Coach] >>> TEST  @Epoch: 387  >>> 
[Wall TIME] >>> ChiefCoach.train takes 33.989211 seconds ...
[Coach] >>> TRAIN @Epoch: 388  >>>  || LOSS Avg: 0.06791
[Coach] >>> VALID @Epoch: 388  >>> 
[Coach] >>> TEST  @Epoch: 388  >>> 
[Wall TIME] >>> ChiefCoach.train takes 36.380669 seconds ...
[Coach] >>> TRAIN @Epoch: 389  >>>  || LOSS Avg: 0.06798
[Coach] >>> VALID @Epoch: 389  >>> 
[Coach] >>> TEST  @Epoch: 389  >>> 
[Wall TIME] >>> ChiefCoach.train takes 34.102342 seconds ...
[Wall TIME] >>> ChiefCoach.valid takes 22.980124 seconds ...
[Coach] >>> TRAIN @Epoch: 390  >>>  || LOSS Avg: 0.06773
[Coach] >>> VALID @Epoch: 390  >>>  || RECALL@1 Avg: 0.0091 || RECALL@10 Avg: 0.0446 || RECALL@20 Avg: 0.0679 || NDCG@10 Avg: 0.0245 || NDCG@20 Avg: 0.0304
[Coach] >>> TEST  @Epoch: 390  >>> 
[Wall TIME] >>> ChiefCoach.train takes 33.994906 seconds ...
[Coach] >>> TRAIN @Epoch: 391  >>>  || LOSS Avg: 0.06775
[Coach] >>> VALID @Epoch: 391  >>> 
[Coach] >>> TEST  @Epoch: 391  >>> 
[Wall TIME] >>> ChiefCoach.train takes 36.354077 seconds ...
[Coach] >>> TRAIN @Epoch: 392  >>>  || LOSS Avg: 0.06775
[Coach] >>> VALID @Epoch: 392  >>> 
[Coach] >>> TEST  @Epoch: 392  >>> 
[Wall TIME] >>> ChiefCoach.train takes 34.184789 seconds ...
[Coach] >>> TRAIN @Epoch: 393  >>>  || LOSS Avg: 0.06765
[Coach] >>> VALID @Epoch: 393  >>> 
[Coach] >>> TEST  @Epoch: 393  >>> 
[Wall TIME] >>> ChiefCoach.train takes 37.018272 seconds ...
[Coach] >>> TRAIN @Epoch: 394  >>>  || LOSS Avg: 0.06782
[Coach] >>> VALID @Epoch: 394  >>> 
[Coach] >>> TEST  @Epoch: 394  >>> 
[Wall TIME] >>> ChiefCoach.train takes 34.456778 seconds ...
[Wall TIME] >>> ChiefCoach.valid takes 22.899703 seconds ...
[Coach] >>> Better ***NDCG@20*** of ***0.0305*** 
[Coach] >>> TRAIN @Epoch: 395  >>>  || LOSS Avg: 0.06772
[Coach] >>> VALID @Epoch: 395  >>>  || RECALL@1 Avg: 0.0092 || RECALL@10 Avg: 0.0450 || RECALL@20 Avg: 0.0682 || NDCG@10 Avg: 0.0246 || NDCG@20 Avg: 0.0305
[Coach] >>> TEST  @Epoch: 395  >>> 
[Wall TIME] >>> ChiefCoach.train takes 37.144572 seconds ...
[Coach] >>> TRAIN @Epoch: 396  >>>  || LOSS Avg: 0.06778
[Coach] >>> VALID @Epoch: 396  >>> 
[Coach] >>> TEST  @Epoch: 396  >>> 
[Wall TIME] >>> ChiefCoach.train takes 34.259405 seconds ...
[Coach] >>> TRAIN @Epoch: 397  >>>  || LOSS Avg: 0.06780
[Coach] >>> VALID @Epoch: 397  >>> 
[Coach] >>> TEST  @Epoch: 397  >>> 
[Wall TIME] >>> ChiefCoach.train takes 36.488707 seconds ...
[Coach] >>> TRAIN @Epoch: 398  >>>  || LOSS Avg: 0.06782
[Coach] >>> VALID @Epoch: 398  >>> 
[Coach] >>> TEST  @Epoch: 398  >>> 
[Wall TIME] >>> ChiefCoach.train takes 34.222270 seconds ...
[Coach] >>> TRAIN @Epoch: 399  >>>  || LOSS Avg: 0.06767
[Coach] >>> VALID @Epoch: 399  >>> 
[Coach] >>> TEST  @Epoch: 399  >>> 
[Wall TIME] >>> ChiefCoach.train takes 33.872909 seconds ...
[Wall TIME] >>> ChiefCoach.valid takes 22.903723 seconds ...
[Coach] >>> TRAIN @Epoch: 400  >>>  || LOSS Avg: 0.06767
[Coach] >>> VALID @Epoch: 400  >>>  || RECALL@1 Avg: 0.0092 || RECALL@10 Avg: 0.0448 || RECALL@20 Avg: 0.0678 || NDCG@10 Avg: 0.0246 || NDCG@20 Avg: 0.0304
[Coach] >>> TEST  @Epoch: 400  >>> 
[Wall TIME] >>> ChiefCoach.train takes 36.033118 seconds ...
[Coach] >>> TRAIN @Epoch: 401  >>>  || LOSS Avg: 0.06763
[Coach] >>> VALID @Epoch: 401  >>> 
[Coach] >>> TEST  @Epoch: 401  >>> 
[Wall TIME] >>> ChiefCoach.train takes 34.530226 seconds ...
[Coach] >>> TRAIN @Epoch: 402  >>>  || LOSS Avg: 0.06763
[Coach] >>> VALID @Epoch: 402  >>> 
[Coach] >>> TEST  @Epoch: 402  >>> 
[Wall TIME] >>> ChiefCoach.train takes 36.224797 seconds ...
[Coach] >>> TRAIN @Epoch: 403  >>>  || LOSS Avg: 0.06772
[Coach] >>> VALID @Epoch: 403  >>> 
[Coach] >>> TEST  @Epoch: 403  >>> 
[Wall TIME] >>> ChiefCoach.train takes 34.253722 seconds ...
[Coach] >>> TRAIN @Epoch: 404  >>>  || LOSS Avg: 0.06761
[Coach] >>> VALID @Epoch: 404  >>> 
[Coach] >>> TEST  @Epoch: 404  >>> 
[Wall TIME] >>> ChiefCoach.train takes 36.053722 seconds ...
[Wall TIME] >>> ChiefCoach.valid takes 23.042472 seconds ...
[Coach] >>> TRAIN @Epoch: 405  >>>  || LOSS Avg: 0.06761
[Coach] >>> VALID @Epoch: 405  >>>  || RECALL@1 Avg: 0.0093 || RECALL@10 Avg: 0.0447 || RECALL@20 Avg: 0.0676 || NDCG@10 Avg: 0.0246 || NDCG@20 Avg: 0.0304
[Coach] >>> TEST  @Epoch: 405  >>> 
[Wall TIME] >>> ChiefCoach.train takes 34.390410 seconds ...
[Coach] >>> TRAIN @Epoch: 406  >>>  || LOSS Avg: 0.06772
[Coach] >>> VALID @Epoch: 406  >>> 
[Coach] >>> TEST  @Epoch: 406  >>> 
[Wall TIME] >>> ChiefCoach.train takes 35.939200 seconds ...
[Coach] >>> TRAIN @Epoch: 407  >>>  || LOSS Avg: 0.06752
[Coach] >>> VALID @Epoch: 407  >>> 
[Coach] >>> TEST  @Epoch: 407  >>> 
[Wall TIME] >>> ChiefCoach.train takes 34.141397 seconds ...
[Coach] >>> TRAIN @Epoch: 408  >>>  || LOSS Avg: 0.06769
[Coach] >>> VALID @Epoch: 408  >>> 
[Coach] >>> TEST  @Epoch: 408  >>> 
[Wall TIME] >>> ChiefCoach.train takes 34.609693 seconds ...
[Coach] >>> TRAIN @Epoch: 409  >>>  || LOSS Avg: 0.06763
[Coach] >>> VALID @Epoch: 409  >>> 
[Coach] >>> TEST  @Epoch: 409  >>> 
[Wall TIME] >>> ChiefCoach.train takes 36.663262 seconds ...
[Wall TIME] >>> ChiefCoach.valid takes 23.543728 seconds ...
[Coach] >>> TRAIN @Epoch: 410  >>>  || LOSS Avg: 0.06760
[Coach] >>> VALID @Epoch: 410  >>>  || RECALL@1 Avg: 0.0092 || RECALL@10 Avg: 0.0448 || RECALL@20 Avg: 0.0677 || NDCG@10 Avg: 0.0246 || NDCG@20 Avg: 0.0304
[Coach] >>> TEST  @Epoch: 410  >>> 
[Wall TIME] >>> ChiefCoach.train takes 34.673064 seconds ...
[Coach] >>> TRAIN @Epoch: 411  >>>  || LOSS Avg: 0.06766
[Coach] >>> VALID @Epoch: 411  >>> 
[Coach] >>> TEST  @Epoch: 411  >>> 
[Wall TIME] >>> ChiefCoach.train takes 38.368646 seconds ...
[Coach] >>> TRAIN @Epoch: 412  >>>  || LOSS Avg: 0.06769
[Coach] >>> VALID @Epoch: 412  >>> 
[Coach] >>> TEST  @Epoch: 412  >>> 
[Wall TIME] >>> ChiefCoach.train takes 34.905231 seconds ...
[Coach] >>> TRAIN @Epoch: 413  >>>  || LOSS Avg: 0.06752
[Coach] >>> VALID @Epoch: 413  >>> 
[Coach] >>> TEST  @Epoch: 413  >>> 
[Wall TIME] >>> ChiefCoach.train takes 37.679559 seconds ...
[Coach] >>> TRAIN @Epoch: 414  >>>  || LOSS Avg: 0.06746
[Coach] >>> VALID @Epoch: 414  >>> 
[Coach] >>> TEST  @Epoch: 414  >>> 
[Wall TIME] >>> ChiefCoach.train takes 34.751266 seconds ...
[Wall TIME] >>> ChiefCoach.valid takes 23.429462 seconds ...
[Coach] >>> TRAIN @Epoch: 415  >>>  || LOSS Avg: 0.06759
[Coach] >>> VALID @Epoch: 415  >>>  || RECALL@1 Avg: 0.0093 || RECALL@10 Avg: 0.0449 || RECALL@20 Avg: 0.0675 || NDCG@10 Avg: 0.0246 || NDCG@20 Avg: 0.0304
[Coach] >>> TEST  @Epoch: 415  >>> 
[Wall TIME] >>> ChiefCoach.train takes 37.449785 seconds ...
[Coach] >>> TRAIN @Epoch: 416  >>>  || LOSS Avg: 0.06760
[Coach] >>> VALID @Epoch: 416  >>> 
[Coach] >>> TEST  @Epoch: 416  >>> 
[Wall TIME] >>> ChiefCoach.train takes 34.587892 seconds ...
[Coach] >>> TRAIN @Epoch: 417  >>>  || LOSS Avg: 0.06749
[Coach] >>> VALID @Epoch: 417  >>> 
[Coach] >>> TEST  @Epoch: 417  >>> 
[Wall TIME] >>> ChiefCoach.train takes 34.762642 seconds ...
[Coach] >>> TRAIN @Epoch: 418  >>>  || LOSS Avg: 0.06750
[Coach] >>> VALID @Epoch: 418  >>> 
[Coach] >>> TEST  @Epoch: 418  >>> 
[Wall TIME] >>> ChiefCoach.train takes 36.872830 seconds ...
[Coach] >>> TRAIN @Epoch: 419  >>>  || LOSS Avg: 0.06774
[Coach] >>> VALID @Epoch: 419  >>> 
[Coach] >>> TEST  @Epoch: 419  >>> 
[Wall TIME] >>> ChiefCoach.train takes 34.486354 seconds ...
[Wall TIME] >>> ChiefCoach.valid takes 23.441371 seconds ...
[Coach] >>> TRAIN @Epoch: 420  >>>  || LOSS Avg: 0.06754
[Coach] >>> VALID @Epoch: 420  >>>  || RECALL@1 Avg: 0.0093 || RECALL@10 Avg: 0.0449 || RECALL@20 Avg: 0.0676 || NDCG@10 Avg: 0.0246 || NDCG@20 Avg: 0.0304
[Coach] >>> TEST  @Epoch: 420  >>> 
[Wall TIME] >>> ChiefCoach.train takes 37.045304 seconds ...
[Coach] >>> TRAIN @Epoch: 421  >>>  || LOSS Avg: 0.06741
[Coach] >>> VALID @Epoch: 421  >>> 
[Coach] >>> TEST  @Epoch: 421  >>> 
[Wall TIME] >>> ChiefCoach.train takes 34.560063 seconds ...
[Coach] >>> TRAIN @Epoch: 422  >>>  || LOSS Avg: 0.06741
[Coach] >>> VALID @Epoch: 422  >>> 
[Coach] >>> TEST  @Epoch: 422  >>> 
[Wall TIME] >>> ChiefCoach.train takes 37.473780 seconds ...
[Coach] >>> TRAIN @Epoch: 423  >>>  || LOSS Avg: 0.06751
[Coach] >>> VALID @Epoch: 423  >>> 
[Coach] >>> TEST  @Epoch: 423  >>> 
[Wall TIME] >>> ChiefCoach.train takes 34.781471 seconds ...
[Coach] >>> TRAIN @Epoch: 424  >>>  || LOSS Avg: 0.06736
[Coach] >>> VALID @Epoch: 424  >>> 
[Coach] >>> TEST  @Epoch: 424  >>> 
[Wall TIME] >>> ChiefCoach.train takes 38.468382 seconds ...
[Wall TIME] >>> ChiefCoach.valid takes 23.323173 seconds ...
[Coach] >>> TRAIN @Epoch: 425  >>>  || LOSS Avg: 0.06756
[Coach] >>> VALID @Epoch: 425  >>>  || RECALL@1 Avg: 0.0092 || RECALL@10 Avg: 0.0448 || RECALL@20 Avg: 0.0677 || NDCG@10 Avg: 0.0245 || NDCG@20 Avg: 0.0304
[Coach] >>> TEST  @Epoch: 425  >>> 
[Wall TIME] >>> ChiefCoach.train takes 34.544924 seconds ...
[Coach] >>> TRAIN @Epoch: 426  >>>  || LOSS Avg: 0.06753
[Coach] >>> VALID @Epoch: 426  >>> 
[Coach] >>> TEST  @Epoch: 426  >>> 
[Wall TIME] >>> ChiefCoach.train takes 36.503207 seconds ...
[Coach] >>> TRAIN @Epoch: 427  >>>  || LOSS Avg: 0.06749
[Coach] >>> VALID @Epoch: 427  >>> 
[Coach] >>> TEST  @Epoch: 427  >>> 
[Wall TIME] >>> ChiefCoach.train takes 36.177407 seconds ...
[Coach] >>> TRAIN @Epoch: 428  >>>  || LOSS Avg: 0.06745
[Coach] >>> VALID @Epoch: 428  >>> 
[Coach] >>> TEST  @Epoch: 428  >>> 
[Wall TIME] >>> ChiefCoach.train takes 34.569786 seconds ...
[Coach] >>> TRAIN @Epoch: 429  >>>  || LOSS Avg: 0.06740
[Coach] >>> VALID @Epoch: 429  >>> 
[Coach] >>> TEST  @Epoch: 429  >>> 
[Wall TIME] >>> ChiefCoach.train takes 36.770164 seconds ...
[Wall TIME] >>> ChiefCoach.valid takes 23.383418 seconds ...
[Coach] >>> TRAIN @Epoch: 430  >>>  || LOSS Avg: 0.06739
[Coach] >>> VALID @Epoch: 430  >>>  || RECALL@1 Avg: 0.0092 || RECALL@10 Avg: 0.0447 || RECALL@20 Avg: 0.0677 || NDCG@10 Avg: 0.0246 || NDCG@20 Avg: 0.0304
[Coach] >>> TEST  @Epoch: 430  >>> 
[Wall TIME] >>> ChiefCoach.train takes 34.549836 seconds ...
[Coach] >>> TRAIN @Epoch: 431  >>>  || LOSS Avg: 0.06739
[Coach] >>> VALID @Epoch: 431  >>> 
[Coach] >>> TEST  @Epoch: 431  >>> 
[Wall TIME] >>> ChiefCoach.train takes 38.549944 seconds ...
[Coach] >>> TRAIN @Epoch: 432  >>>  || LOSS Avg: 0.06738
[Coach] >>> VALID @Epoch: 432  >>> 
[Coach] >>> TEST  @Epoch: 432  >>> 
[Wall TIME] >>> ChiefCoach.train takes 34.498589 seconds ...
[Coach] >>> TRAIN @Epoch: 433  >>>  || LOSS Avg: 0.06745
[Coach] >>> VALID @Epoch: 433  >>> 
[Coach] >>> TEST  @Epoch: 433  >>> 
[Wall TIME] >>> ChiefCoach.train takes 36.951677 seconds ...
[Coach] >>> TRAIN @Epoch: 434  >>>  || LOSS Avg: 0.06750
[Coach] >>> VALID @Epoch: 434  >>> 
[Coach] >>> TEST  @Epoch: 434  >>> 
[Wall TIME] >>> ChiefCoach.train takes 34.674457 seconds ...
[Wall TIME] >>> ChiefCoach.valid takes 23.386420 seconds ...
[Coach] >>> TRAIN @Epoch: 435  >>>  || LOSS Avg: 0.06746
[Coach] >>> VALID @Epoch: 435  >>>  || RECALL@1 Avg: 0.0093 || RECALL@10 Avg: 0.0449 || RECALL@20 Avg: 0.0676 || NDCG@10 Avg: 0.0246 || NDCG@20 Avg: 0.0304
[Coach] >>> TEST  @Epoch: 435  >>> 
[Wall TIME] >>> ChiefCoach.train takes 36.879844 seconds ...
[Coach] >>> TRAIN @Epoch: 436  >>>  || LOSS Avg: 0.06730
[Coach] >>> VALID @Epoch: 436  >>> 
[Coach] >>> TEST  @Epoch: 436  >>> 
[Wall TIME] >>> ChiefCoach.train takes 36.401496 seconds ...
[Coach] >>> TRAIN @Epoch: 437  >>>  || LOSS Avg: 0.06727
[Coach] >>> VALID @Epoch: 437  >>> 
[Coach] >>> TEST  @Epoch: 437  >>> 
[Wall TIME] >>> ChiefCoach.train takes 34.714269 seconds ...
[Coach] >>> TRAIN @Epoch: 438  >>>  || LOSS Avg: 0.06739
[Coach] >>> VALID @Epoch: 438  >>> 
[Coach] >>> TEST  @Epoch: 438  >>> 
[Wall TIME] >>> ChiefCoach.train takes 38.371366 seconds ...
[Coach] >>> TRAIN @Epoch: 439  >>>  || LOSS Avg: 0.06728
[Coach] >>> VALID @Epoch: 439  >>> 
[Coach] >>> TEST  @Epoch: 439  >>> 
[Wall TIME] >>> ChiefCoach.train takes 34.581237 seconds ...
[Wall TIME] >>> ChiefCoach.valid takes 23.337706 seconds ...
[Coach] >>> TRAIN @Epoch: 440  >>>  || LOSS Avg: 0.06726
[Coach] >>> VALID @Epoch: 440  >>>  || RECALL@1 Avg: 0.0092 || RECALL@10 Avg: 0.0450 || RECALL@20 Avg: 0.0679 || NDCG@10 Avg: 0.0246 || NDCG@20 Avg: 0.0305
[Coach] >>> TEST  @Epoch: 440  >>> 
[Wall TIME] >>> ChiefCoach.train takes 37.206054 seconds ...
[Coach] >>> TRAIN @Epoch: 441  >>>  || LOSS Avg: 0.06728
[Coach] >>> VALID @Epoch: 441  >>> 
[Coach] >>> TEST  @Epoch: 441  >>> 
[Wall TIME] >>> ChiefCoach.train takes 34.785235 seconds ...
[Coach] >>> TRAIN @Epoch: 442  >>>  || LOSS Avg: 0.06739
[Coach] >>> VALID @Epoch: 442  >>> 
[Coach] >>> TEST  @Epoch: 442  >>> 
[Wall TIME] >>> ChiefCoach.train takes 37.242543 seconds ...
[Coach] >>> TRAIN @Epoch: 443  >>>  || LOSS Avg: 0.06743
[Coach] >>> VALID @Epoch: 443  >>> 
[Coach] >>> TEST  @Epoch: 443  >>> 
[Wall TIME] >>> ChiefCoach.train takes 34.755816 seconds ...
[Coach] >>> TRAIN @Epoch: 444  >>>  || LOSS Avg: 0.06726
[Coach] >>> VALID @Epoch: 444  >>> 
[Coach] >>> TEST  @Epoch: 444  >>> 
[Wall TIME] >>> ChiefCoach.train takes 37.456538 seconds ...
[Wall TIME] >>> ChiefCoach.valid takes 23.333983 seconds ...
[Coach] >>> TRAIN @Epoch: 445  >>>  || LOSS Avg: 0.06721
[Coach] >>> VALID @Epoch: 445  >>>  || RECALL@1 Avg: 0.0092 || RECALL@10 Avg: 0.0448 || RECALL@20 Avg: 0.0675 || NDCG@10 Avg: 0.0246 || NDCG@20 Avg: 0.0304
[Coach] >>> TEST  @Epoch: 445  >>> 
[Wall TIME] >>> ChiefCoach.train takes 34.685439 seconds ...
[Coach] >>> TRAIN @Epoch: 446  >>>  || LOSS Avg: 0.06728
[Coach] >>> VALID @Epoch: 446  >>> 
[Coach] >>> TEST  @Epoch: 446  >>> 
[Wall TIME] >>> ChiefCoach.train takes 34.726892 seconds ...
[Coach] >>> TRAIN @Epoch: 447  >>>  || LOSS Avg: 0.06730
[Coach] >>> VALID @Epoch: 447  >>> 
[Coach] >>> TEST  @Epoch: 447  >>> 
[Wall TIME] >>> ChiefCoach.train takes 37.293373 seconds ...
[Coach] >>> TRAIN @Epoch: 448  >>>  || LOSS Avg: 0.06722
[Coach] >>> VALID @Epoch: 448  >>> 
[Coach] >>> TEST  @Epoch: 448  >>> 
[Wall TIME] >>> ChiefCoach.train takes 34.467056 seconds ...
[Coach] >>> TRAIN @Epoch: 449  >>>  || LOSS Avg: 0.06729
[Coach] >>> VALID @Epoch: 449  >>> 
[Coach] >>> TEST  @Epoch: 449  >>> 
[Wall TIME] >>> ChiefCoach.train takes 38.499131 seconds ...
[Wall TIME] >>> ChiefCoach.valid takes 23.342822 seconds ...
[Coach] >>> TRAIN @Epoch: 450  >>>  || LOSS Avg: 0.06739
[Coach] >>> VALID @Epoch: 450  >>>  || RECALL@1 Avg: 0.0092 || RECALL@10 Avg: 0.0450 || RECALL@20 Avg: 0.0676 || NDCG@10 Avg: 0.0246 || NDCG@20 Avg: 0.0304
[Coach] >>> TEST  @Epoch: 450  >>> 
[Wall TIME] >>> ChiefCoach.train takes 34.558948 seconds ...
[Coach] >>> TRAIN @Epoch: 451  >>>  || LOSS Avg: 0.06727
[Coach] >>> VALID @Epoch: 451  >>> 
[Coach] >>> TEST  @Epoch: 451  >>> 
[Wall TIME] >>> ChiefCoach.train takes 38.606208 seconds ...
[Coach] >>> TRAIN @Epoch: 452  >>>  || LOSS Avg: 0.06740
[Coach] >>> VALID @Epoch: 452  >>> 
[Coach] >>> TEST  @Epoch: 452  >>> 
[Wall TIME] >>> ChiefCoach.train takes 34.684812 seconds ...
[Coach] >>> TRAIN @Epoch: 453  >>>  || LOSS Avg: 0.06724
[Coach] >>> VALID @Epoch: 453  >>> 
[Coach] >>> TEST  @Epoch: 453  >>> 
[Wall TIME] >>> ChiefCoach.train takes 37.757515 seconds ...
[Coach] >>> TRAIN @Epoch: 454  >>>  || LOSS Avg: 0.06724
[Coach] >>> VALID @Epoch: 454  >>> 
[Coach] >>> TEST  @Epoch: 454  >>> 
[Wall TIME] >>> ChiefCoach.train takes 34.707680 seconds ...
[Wall TIME] >>> ChiefCoach.valid takes 23.450833 seconds ...
[Coach] >>> TRAIN @Epoch: 455  >>>  || LOSS Avg: 0.06733
[Coach] >>> VALID @Epoch: 455  >>>  || RECALL@1 Avg: 0.0092 || RECALL@10 Avg: 0.0450 || RECALL@20 Avg: 0.0676 || NDCG@10 Avg: 0.0247 || NDCG@20 Avg: 0.0304
[Coach] >>> TEST  @Epoch: 455  >>> 
[Wall TIME] >>> ChiefCoach.train takes 34.556928 seconds ...
[Coach] >>> TRAIN @Epoch: 456  >>>  || LOSS Avg: 0.06720
[Coach] >>> VALID @Epoch: 456  >>> 
[Coach] >>> TEST  @Epoch: 456  >>> 
[Wall TIME] >>> ChiefCoach.train takes 37.130363 seconds ...
[Coach] >>> TRAIN @Epoch: 457  >>>  || LOSS Avg: 0.06735
[Coach] >>> VALID @Epoch: 457  >>> 
[Coach] >>> TEST  @Epoch: 457  >>> 
[Wall TIME] >>> ChiefCoach.train takes 34.985991 seconds ...
[Coach] >>> TRAIN @Epoch: 458  >>>  || LOSS Avg: 0.06728
[Coach] >>> VALID @Epoch: 458  >>> 
[Coach] >>> TEST  @Epoch: 458  >>> 
[Wall TIME] >>> ChiefCoach.train takes 38.853724 seconds ...
[Coach] >>> TRAIN @Epoch: 459  >>>  || LOSS Avg: 0.06720
[Coach] >>> VALID @Epoch: 459  >>> 
[Coach] >>> TEST  @Epoch: 459  >>> 
[Wall TIME] >>> ChiefCoach.train takes 34.796827 seconds ...
[Wall TIME] >>> ChiefCoach.valid takes 23.282932 seconds ...
[Coach] >>> TRAIN @Epoch: 460  >>>  || LOSS Avg: 0.06725
[Coach] >>> VALID @Epoch: 460  >>>  || RECALL@1 Avg: 0.0093 || RECALL@10 Avg: 0.0447 || RECALL@20 Avg: 0.0676 || NDCG@10 Avg: 0.0246 || NDCG@20 Avg: 0.0304
[Coach] >>> TEST  @Epoch: 460  >>> 
[Wall TIME] >>> ChiefCoach.train takes 38.494127 seconds ...
[Coach] >>> TRAIN @Epoch: 461  >>>  || LOSS Avg: 0.06723
[Coach] >>> VALID @Epoch: 461  >>> 
[Coach] >>> TEST  @Epoch: 461  >>> 
[Wall TIME] >>> ChiefCoach.train takes 34.701818 seconds ...
[Coach] >>> TRAIN @Epoch: 462  >>>  || LOSS Avg: 0.06734
[Coach] >>> VALID @Epoch: 462  >>> 
[Coach] >>> TEST  @Epoch: 462  >>> 
[Wall TIME] >>> ChiefCoach.train takes 37.259153 seconds ...
[Coach] >>> TRAIN @Epoch: 463  >>>  || LOSS Avg: 0.06729
[Coach] >>> VALID @Epoch: 463  >>> 
[Coach] >>> TEST  @Epoch: 463  >>> 
[Wall TIME] >>> ChiefCoach.train takes 34.720382 seconds ...
[Coach] >>> TRAIN @Epoch: 464  >>>  || LOSS Avg: 0.06731
[Coach] >>> VALID @Epoch: 464  >>> 
[Coach] >>> TEST  @Epoch: 464  >>> 
[Wall TIME] >>> ChiefCoach.train takes 34.929407 seconds ...
[Wall TIME] >>> ChiefCoach.valid takes 23.224650 seconds ...
[Coach] >>> TRAIN @Epoch: 465  >>>  || LOSS Avg: 0.06734
[Coach] >>> VALID @Epoch: 465  >>>  || RECALL@1 Avg: 0.0092 || RECALL@10 Avg: 0.0449 || RECALL@20 Avg: 0.0676 || NDCG@10 Avg: 0.0246 || NDCG@20 Avg: 0.0304
[Coach] >>> TEST  @Epoch: 465  >>> 
[Wall TIME] >>> ChiefCoach.train takes 36.940801 seconds ...
[Coach] >>> TRAIN @Epoch: 466  >>>  || LOSS Avg: 0.06722
[Coach] >>> VALID @Epoch: 466  >>> 
[Coach] >>> TEST  @Epoch: 466  >>> 
[Wall TIME] >>> ChiefCoach.train takes 34.503717 seconds ...
[Coach] >>> TRAIN @Epoch: 467  >>>  || LOSS Avg: 0.06712
[Coach] >>> VALID @Epoch: 467  >>> 
[Coach] >>> TEST  @Epoch: 467  >>> 
[Wall TIME] >>> ChiefCoach.train takes 36.565071 seconds ...
[Coach] >>> TRAIN @Epoch: 468  >>>  || LOSS Avg: 0.06731
[Coach] >>> VALID @Epoch: 468  >>> 
[Coach] >>> TEST  @Epoch: 468  >>> 
[Wall TIME] >>> ChiefCoach.train takes 34.711848 seconds ...
[Coach] >>> TRAIN @Epoch: 469  >>>  || LOSS Avg: 0.06710
[Coach] >>> VALID @Epoch: 469  >>> 
[Coach] >>> TEST  @Epoch: 469  >>> 
[Wall TIME] >>> ChiefCoach.train takes 36.867322 seconds ...
[Wall TIME] >>> ChiefCoach.valid takes 23.208398 seconds ...
[Coach] >>> TRAIN @Epoch: 470  >>>  || LOSS Avg: 0.06718
[Coach] >>> VALID @Epoch: 470  >>>  || RECALL@1 Avg: 0.0092 || RECALL@10 Avg: 0.0449 || RECALL@20 Avg: 0.0676 || NDCG@10 Avg: 0.0247 || NDCG@20 Avg: 0.0304
[Coach] >>> TEST  @Epoch: 470  >>> 
[Wall TIME] >>> ChiefCoach.train takes 34.488651 seconds ...
[Coach] >>> TRAIN @Epoch: 471  >>>  || LOSS Avg: 0.06704
[Coach] >>> VALID @Epoch: 471  >>> 
[Coach] >>> TEST  @Epoch: 471  >>> 
[Wall TIME] >>> ChiefCoach.train takes 37.326617 seconds ...
[Coach] >>> TRAIN @Epoch: 472  >>>  || LOSS Avg: 0.06710
[Coach] >>> VALID @Epoch: 472  >>> 
[Coach] >>> TEST  @Epoch: 472  >>> 
[Wall TIME] >>> ChiefCoach.train takes 34.309317 seconds ...
[Coach] >>> TRAIN @Epoch: 473  >>>  || LOSS Avg: 0.06702
[Coach] >>> VALID @Epoch: 473  >>> 
[Coach] >>> TEST  @Epoch: 473  >>> 
[Wall TIME] >>> ChiefCoach.train takes 34.065700 seconds ...
[Coach] >>> TRAIN @Epoch: 474  >>>  || LOSS Avg: 0.06711
[Coach] >>> VALID @Epoch: 474  >>> 
[Coach] >>> TEST  @Epoch: 474  >>> 
[Wall TIME] >>> ChiefCoach.train takes 36.792112 seconds ...
[Wall TIME] >>> ChiefCoach.valid takes 23.130321 seconds ...
[Coach] >>> TRAIN @Epoch: 475  >>>  || LOSS Avg: 0.06704
[Coach] >>> VALID @Epoch: 475  >>>  || RECALL@1 Avg: 0.0092 || RECALL@10 Avg: 0.0449 || RECALL@20 Avg: 0.0677 || NDCG@10 Avg: 0.0246 || NDCG@20 Avg: 0.0304
[Coach] >>> TEST  @Epoch: 475  >>> 
[Wall TIME] >>> ChiefCoach.train takes 34.058840 seconds ...
[Coach] >>> TRAIN @Epoch: 476  >>>  || LOSS Avg: 0.06710
[Coach] >>> VALID @Epoch: 476  >>> 
[Coach] >>> TEST  @Epoch: 476  >>> 
[Wall TIME] >>> ChiefCoach.train takes 36.789911 seconds ...
[Coach] >>> TRAIN @Epoch: 477  >>>  || LOSS Avg: 0.06719
[Coach] >>> VALID @Epoch: 477  >>> 
[Coach] >>> TEST  @Epoch: 477  >>> 
[Wall TIME] >>> ChiefCoach.train takes 34.455635 seconds ...
[Coach] >>> TRAIN @Epoch: 478  >>>  || LOSS Avg: 0.06712
[Coach] >>> VALID @Epoch: 478  >>> 
[Coach] >>> TEST  @Epoch: 478  >>> 
[Wall TIME] >>> ChiefCoach.train takes 37.772566 seconds ...
[Coach] >>> TRAIN @Epoch: 479  >>>  || LOSS Avg: 0.06717
[Coach] >>> VALID @Epoch: 479  >>> 
[Coach] >>> TEST  @Epoch: 479  >>> 
[Wall TIME] >>> ChiefCoach.train takes 34.199030 seconds ...
[Wall TIME] >>> ChiefCoach.valid takes 23.207923 seconds ...
[Coach] >>> TRAIN @Epoch: 480  >>>  || LOSS Avg: 0.06714
[Coach] >>> VALID @Epoch: 480  >>>  || RECALL@1 Avg: 0.0092 || RECALL@10 Avg: 0.0449 || RECALL@20 Avg: 0.0678 || NDCG@10 Avg: 0.0246 || NDCG@20 Avg: 0.0304
[Coach] >>> TEST  @Epoch: 480  >>> 
[Wall TIME] >>> ChiefCoach.train takes 37.096261 seconds ...
[Coach] >>> TRAIN @Epoch: 481  >>>  || LOSS Avg: 0.06728
[Coach] >>> VALID @Epoch: 481  >>> 
[Coach] >>> TEST  @Epoch: 481  >>> 
[Wall TIME] >>> ChiefCoach.train takes 34.225985 seconds ...
[Coach] >>> TRAIN @Epoch: 482  >>>  || LOSS Avg: 0.06714
[Coach] >>> VALID @Epoch: 482  >>> 
[Coach] >>> TEST  @Epoch: 482  >>> 
[Wall TIME] >>> ChiefCoach.train takes 34.318949 seconds ...
[Coach] >>> TRAIN @Epoch: 483  >>>  || LOSS Avg: 0.06689
[Coach] >>> VALID @Epoch: 483  >>> 
[Coach] >>> TEST  @Epoch: 483  >>> 
[Wall TIME] >>> ChiefCoach.train takes 36.153669 seconds ...
[Coach] >>> TRAIN @Epoch: 484  >>>  || LOSS Avg: 0.06719
[Coach] >>> VALID @Epoch: 484  >>> 
[Coach] >>> TEST  @Epoch: 484  >>> 
[Wall TIME] >>> ChiefCoach.train takes 34.250260 seconds ...
[Wall TIME] >>> ChiefCoach.valid takes 22.904639 seconds ...
[Coach] >>> TRAIN @Epoch: 485  >>>  || LOSS Avg: 0.06712
[Coach] >>> VALID @Epoch: 485  >>>  || RECALL@1 Avg: 0.0093 || RECALL@10 Avg: 0.0449 || RECALL@20 Avg: 0.0675 || NDCG@10 Avg: 0.0247 || NDCG@20 Avg: 0.0304
[Coach] >>> TEST  @Epoch: 485  >>> 
[Wall TIME] >>> ChiefCoach.train takes 37.656362 seconds ...
[Coach] >>> TRAIN @Epoch: 486  >>>  || LOSS Avg: 0.06708
[Coach] >>> VALID @Epoch: 486  >>> 
[Coach] >>> TEST  @Epoch: 486  >>> 
[Wall TIME] >>> ChiefCoach.train takes 34.121941 seconds ...
[Coach] >>> TRAIN @Epoch: 487  >>>  || LOSS Avg: 0.06696
[Coach] >>> VALID @Epoch: 487  >>> 
[Coach] >>> TEST  @Epoch: 487  >>> 
[Wall TIME] >>> ChiefCoach.train takes 37.250669 seconds ...
[Coach] >>> TRAIN @Epoch: 488  >>>  || LOSS Avg: 0.06707
[Coach] >>> VALID @Epoch: 488  >>> 
[Coach] >>> TEST  @Epoch: 488  >>> 
[Wall TIME] >>> ChiefCoach.train takes 34.111201 seconds ...
[Coach] >>> TRAIN @Epoch: 489  >>>  || LOSS Avg: 0.06704
[Coach] >>> VALID @Epoch: 489  >>> 
[Coach] >>> TEST  @Epoch: 489  >>> 
[Wall TIME] >>> ChiefCoach.train takes 36.909449 seconds ...
[Wall TIME] >>> ChiefCoach.valid takes 22.985518 seconds ...
[Coach] >>> TRAIN @Epoch: 490  >>>  || LOSS Avg: 0.06700
[Coach] >>> VALID @Epoch: 490  >>>  || RECALL@1 Avg: 0.0093 || RECALL@10 Avg: 0.0449 || RECALL@20 Avg: 0.0676 || NDCG@10 Avg: 0.0247 || NDCG@20 Avg: 0.0304
[Coach] >>> TEST  @Epoch: 490  >>> 
[Wall TIME] >>> ChiefCoach.train takes 34.079383 seconds ...
[Coach] >>> TRAIN @Epoch: 491  >>>  || LOSS Avg: 0.06697
[Coach] >>> VALID @Epoch: 491  >>> 
[Coach] >>> TEST  @Epoch: 491  >>> 
[Wall TIME] >>> ChiefCoach.train takes 34.439764 seconds ...
[Coach] >>> TRAIN @Epoch: 492  >>>  || LOSS Avg: 0.06681
[Coach] >>> VALID @Epoch: 492  >>> 
[Coach] >>> TEST  @Epoch: 492  >>> 
[Wall TIME] >>> ChiefCoach.train takes 35.607009 seconds ...
[Coach] >>> TRAIN @Epoch: 493  >>>  || LOSS Avg: 0.06712
[Coach] >>> VALID @Epoch: 493  >>> 
[Coach] >>> TEST  @Epoch: 493  >>> 
[Wall TIME] >>> ChiefCoach.train takes 34.512676 seconds ...
[Coach] >>> TRAIN @Epoch: 494  >>>  || LOSS Avg: 0.06706
[Coach] >>> VALID @Epoch: 494  >>> 
[Coach] >>> TEST  @Epoch: 494  >>> 
[Wall TIME] >>> ChiefCoach.train takes 35.719038 seconds ...
[Wall TIME] >>> ChiefCoach.valid takes 22.973552 seconds ...
[Coach] >>> TRAIN @Epoch: 495  >>>  || LOSS Avg: 0.06698
[Coach] >>> VALID @Epoch: 495  >>>  || RECALL@1 Avg: 0.0093 || RECALL@10 Avg: 0.0448 || RECALL@20 Avg: 0.0677 || NDCG@10 Avg: 0.0246 || NDCG@20 Avg: 0.0305
[Coach] >>> TEST  @Epoch: 495  >>> 
[Wall TIME] >>> ChiefCoach.train takes 34.052191 seconds ...
[Coach] >>> TRAIN @Epoch: 496  >>>  || LOSS Avg: 0.06697
[Coach] >>> VALID @Epoch: 496  >>> 
[Coach] >>> TEST  @Epoch: 496  >>> 
[Wall TIME] >>> ChiefCoach.train takes 37.434741 seconds ...
[Coach] >>> TRAIN @Epoch: 497  >>>  || LOSS Avg: 0.06692
[Coach] >>> VALID @Epoch: 497  >>> 
[Coach] >>> TEST  @Epoch: 497  >>> 
[Wall TIME] >>> ChiefCoach.train takes 34.094077 seconds ...
[Coach] >>> TRAIN @Epoch: 498  >>>  || LOSS Avg: 0.06694
[Coach] >>> VALID @Epoch: 498  >>> 
[Coach] >>> TEST  @Epoch: 498  >>> 
[Wall TIME] >>> ChiefCoach.train takes 37.459416 seconds ...
[Coach] >>> TRAIN @Epoch: 499  >>>  || LOSS Avg: 0.06710
[Coach] >>> VALID @Epoch: 499  >>> 
[Coach] >>> TEST  @Epoch: 499  >>> 
[Wall TIME] >>> ChiefCoach.train takes 34.299096 seconds ...
[Wall TIME] >>> ChiefCoach.valid takes 23.149478 seconds ...
  [v1-R Epoch 001] lambda: 0.00010 | avg_cl_loss: 6.997837 | margin_max: 0.0200 | ssb_mode: full_ssb
  [v1-R Epoch 010] lambda: 0.00100 | avg_cl_loss: 7.252865 | margin_max: 0.0200 | ssb_mode: full_ssb
  [v1-R Epoch 020] lambda: 0.00200 | avg_cl_loss: 7.063455 | margin_max: 0.0200 | ssb_mode: full_ssb
  [v1-R Epoch 030] lambda: 0.00300 | avg_cl_loss: 6.955263 | margin_max: 0.0200 | ssb_mode: full_ssb
  [v1-R Epoch 040] lambda: 0.00400 | avg_cl_loss: 6.881825 | margin_max: 0.0200 | ssb_mode: full_ssb
  [v1-R Epoch 050] lambda: 0.00500 | avg_cl_loss: 6.824933 | margin_max: 0.0200 | ssb_mode: full_ssb
  [v1-R Epoch 060] lambda: 0.00500 | avg_cl_loss: 6.781174 | margin_max: 0.0200 | ssb_mode: full_ssb
  [v1-R Epoch 070] lambda: 0.00500 | avg_cl_loss: 6.748582 | margin_max: 0.0200 | ssb_mode: full_ssb
  [v1-R Epoch 080] lambda: 0.00500 | avg_cl_loss: 6.722251 | margin_max: 0.0200 | ssb_mode: full_ssb
  [v1-R Epoch 090] lambda: 0.00500 | avg_cl_loss: 6.701422 | margin_max: 0.0200 | ssb_mode: full_ssb
  [v1-R Epoch 100] lambda: 0.00500 | avg_cl_loss: 6.684395 | margin_max: 0.0200 | ssb_mode: full_ssb
  [v1-R Epoch 110] lambda: 0.00500 | avg_cl_loss: 6.670152 | margin_max: 0.0200 | ssb_mode: full_ssb
  [v1-R Epoch 120] lambda: 0.00500 | avg_cl_loss: 6.657786 | margin_max: 0.0200 | ssb_mode: full_ssb
  [v1-R Epoch 130] lambda: 0.00500 | avg_cl_loss: 6.647048 | margin_max: 0.0200 | ssb_mode: full_ssb
  [v1-R Epoch 140] lambda: 0.00500 | avg_cl_loss: 6.637319 | margin_max: 0.0200 | ssb_mode: full_ssb
  [v1-R Epoch 150] lambda: 0.00500 | avg_cl_loss: 6.629652 | margin_max: 0.0200 | ssb_mode: full_ssb
  [v1-R Epoch 160] lambda: 0.00500 | avg_cl_loss: 6.622506 | margin_max: 0.0200 | ssb_mode: full_ssb
  [v1-R Epoch 170] lambda: 0.00500 | avg_cl_loss: 6.615976 | margin_max: 0.0200 | ssb_mode: full_ssb
  [v1-R Epoch 180] lambda: 0.00500 | avg_cl_loss: 6.609960 | margin_max: 0.0200 | ssb_mode: full_ssb
  [v1-R Epoch 190] lambda: 0.00500 | avg_cl_loss: 6.604828 | margin_max: 0.0200 | ssb_mode: full_ssb
  [v1-R Epoch 200] lambda: 0.00500 | avg_cl_loss: 6.600272 | margin_max: 0.0200 | ssb_mode: full_ssb
  [v1-R Epoch 210] lambda: 0.00500 | avg_cl_loss: 6.596038 | margin_max: 0.0200 | ssb_mode: full_ssb
  [v1-R Epoch 220] lambda: 0.00500 | avg_cl_loss: 6.591785 | margin_max: 0.0200 | ssb_mode: full_ssb
  [v1-R Epoch 230] lambda: 0.00500 | avg_cl_loss: 6.588137 | margin_max: 0.0200 | ssb_mode: full_ssb
  [v1-R Epoch 240] lambda: 0.00500 | avg_cl_loss: 6.585131 | margin_max: 0.0200 | ssb_mode: full_ssb
  [v1-R Epoch 250] lambda: 0.00500 | avg_cl_loss: 6.581570 | margin_max: 0.0200 | ssb_mode: full_ssb
  [v1-R Epoch 260] lambda: 0.00500 | avg_cl_loss: 6.578496 | margin_max: 0.0200 | ssb_mode: full_ssb
  [v1-R Epoch 270] lambda: 0.00500 | avg_cl_loss: 6.575690 | margin_max: 0.0200 | ssb_mode: full_ssb
  [v1-R Epoch 280] lambda: 0.00500 | avg_cl_loss: 6.573221 | margin_max: 0.0200 | ssb_mode: full_ssb
  [v1-R Epoch 290] lambda: 0.00500 | avg_cl_loss: 6.571007 | margin_max: 0.0200 | ssb_mode: full_ssb
  [v1-R Epoch 300] lambda: 0.00500 | avg_cl_loss: 6.568700 | margin_max: 0.0200 | ssb_mode: full_ssb
  [v1-R Epoch 310] lambda: 0.00500 | avg_cl_loss: 6.566531 | margin_max: 0.0200 | ssb_mode: full_ssb
  [v1-R Epoch 320] lambda: 0.00500 | avg_cl_loss: 6.564291 | margin_max: 0.0200 | ssb_mode: full_ssb
  [v1-R Epoch 330] lambda: 0.00500 | avg_cl_loss: 6.562455 | margin_max: 0.0200 | ssb_mode: full_ssb
  [v1-R Epoch 340] lambda: 0.00500 | avg_cl_loss: 6.560921 | margin_max: 0.0200 | ssb_mode: full_ssb
  [v1-R Epoch 350] lambda: 0.00500 | avg_cl_loss: 6.558962 | margin_max: 0.0200 | ssb_mode: full_ssb
  [v1-R Epoch 360] lambda: 0.00500 | avg_cl_loss: 6.557599 | margin_max: 0.0200 | ssb_mode: full_ssb
  [v1-R Epoch 370] lambda: 0.00500 | avg_cl_loss: 6.556297 | margin_max: 0.0200 | ssb_mode: full_ssb
  [v1-R Epoch 380] lambda: 0.00500 | avg_cl_loss: 6.554577 | margin_max: 0.0200 | ssb_mode: full_ssb
  [v1-R Epoch 390] lambda: 0.00500 | avg_cl_loss: 6.553171 | margin_max: 0.0200 | ssb_mode: full_ssb
  [v1-R Epoch 400] lambda: 0.00500 | avg_cl_loss: 6.551523 | margin_max: 0.0200 | ssb_mode: full_ssb
  [v1-R Epoch 410] lambda: 0.00500 | avg_cl_loss: 6.550275 | margin_max: 0.0200 | ssb_mode: full_ssb
  [v1-R Epoch 420] lambda: 0.00500 | avg_cl_loss: 6.548994 | margin_max: 0.0200 | ssb_mode: full_ssb
  [v1-R Epoch 430] lambda: 0.00500 | avg_cl_loss: 6.547806 | margin_max: 0.0200 | ssb_mode: full_ssb
  [v1-R Epoch 440] lambda: 0.00500 | avg_cl_loss: 6.546603 | margin_max: 0.0200 | ssb_mode: full_ssb
  [v1-R Epoch 450] lambda: 0.00500 | avg_cl_loss: 6.545598 | margin_max: 0.0200 | ssb_mode: full_ssb
  [v1-R Epoch 460] lambda: 0.00500 | avg_cl_loss: 6.544479 | margin_max: 0.0200 | ssb_mode: full_ssb
  [v1-R Epoch 470] lambda: 0.00500 | avg_cl_loss: 6.543517 | margin_max: 0.0200 | ssb_mode: full_ssb
  [v1-R Epoch 480] lambda: 0.00500 | avg_cl_loss: 6.542622 | margin_max: 0.0200 | ssb_mode: full_ssb
  [v1-R Epoch 490] lambda: 0.00500 | avg_cl_loss: 6.541296 | margin_max: 0.0200 | ssb_mode: full_ssb
  [v1-R Epoch 500] lambda: 0.00500 | avg_cl_loss: 6.540653 | margin_max: 0.0200 | ssb_mode: full_ssb
[Wall TIME] >>> ChiefCoach.test takes 28.514627 seconds ...
[Coach] >>> TRAIN @Epoch: 500  >>>  || LOSS Avg: 0.06687
[Coach] >>> VALID @Epoch: 500  >>>  || RECALL@1 Avg: 0.0093 || RECALL@10 Avg: 0.0450 || RECALL@20 Avg: 0.0676 || NDCG@10 Avg: 0.0247 || NDCG@20 Avg: 0.0304
[Coach] >>> TEST  @Epoch: 500  >>>  || RECALL@1 Avg: 0.0097 || RECALL@10 Avg: 0.0450 || RECALL@20 Avg: 0.0675 || NDCG@10 Avg: 0.0252 || NDCG@20 Avg: 0.0310
     Mode     Metric      Best  @Epoch
0   train       LOSS  0.066807     491
1   valid   RECALL@1  0.009333     495
2   valid  RECALL@10  0.045020     440
3   valid  RECALL@20  0.068158     395
4   valid    NDCG@10  0.024684     500
5   valid    NDCG@20  0.030489     395
6    test   RECALL@1  0.009694       0
7    test  RECALL@10  0.045003       0
8    test  RECALL@20  0.067489       0
9    test    NDCG@10  0.025226       0
10   test    NDCG@20  0.031038       0
[LoG_PaTH] >>> ./logs/STAIR-CNLGCL-v1-R/Amazon2014Electronics_550_MMRec/0916102144
[Wall TIME] >>> Coach.summary takes 2.680187 seconds ...
[Coach] >>> Load best model @Epoch 395  
[Wall TIME] >>> ChiefCoach.valid takes 23.106535 seconds ...
[Wall TIME] >>> ChiefCoach.test takes 23.344373 seconds ...
[Coach] >>> TRAIN @Epoch: 395  >>> 
[Coach] >>> VALID @Epoch: 395  >>>  || RECALL@1 Avg: 0.0092 || RECALL@10 Avg: 0.0450 || RECALL@20 Avg: 0.0682 || NDCG@10 Avg: 0.0246 || NDCG@20 Avg: 0.0305
[Coach] >>> TEST  @Epoch: 395  >>>  || RECALL@1 Avg: 0.0095 || RECALL@10 Avg: 0.0449 || RECALL@20 Avg: 0.0671 || NDCG@10 Avg: 0.0251 || NDCG@20 Avg: 0.0309
[Wall TIME] >>> Coach.fit takes 19818.549321 seconds ...
==========================================================================================
[VRAM TELEMETRY — PYTORCH ALLOCATOR (AUTHOR PAPER METHOD)]
  * Pure Tensor Peak (max_memory_allocated) : 1261.17 MB
  * Peak Reserved Memory (max_memory_reserved): 1334.00 MB
==========================================================================================
