[Wall TIME] >>> Parser.parse takes 0.045831 seconds ...
[Wall TIME] >>> Parser.load takes 0.003452 seconds ...
[Benchmark] >>> cudnn.benchmark == False | cudnn.deterministic == True
[Seed] >>> Set seed: 1
[PARSER] >>>
[SAVED_FILENAME: model.pt] 
[BEST_FILENAME: best.pt] 
[CHECKPOINT_FREQ: 10] 
[CHECKPOINT_MODULES: ['model', 'optimizer', 'lr_scheduler']] 
[CHECKPOINT_FILENAME: checkpoint.tar] 
[SUMMARY_FILENAME: SUMMARY.md] 
[MONITOR_FILENAME: monitors.pkl] 
[MONITOR_BEST_FILENAME: best.pkl] 
[CONFIG_FILENAME: config.json] 
[RESULTS_FILENAME: results.json] 
[monitors: ['LOSS', 'Recall@1', 'Recall@10', 'Recall@20', 'NDCG@10', 'NDCG@20']] 
[which4best: NDCG@20] 
[config: /kaggle/working/STAIR-Enhanced/configs/Amazon2014Baby_STAIR5_v2.yaml] 
[id: 1002073724] 
[description: STAIR5-v2-C-HET] 
[root: /kaggle/data] 
[dataset: Amazon2014Baby_550_MMRec] 
[tasktag: None] 
[ranking: full] 
[retain_seen: False] 
[device: cuda:0] 
[ddp_backend: nccl] 
[num_workers: 4] 
[optimizer: adamwsevo] 
[optim_first_moment_decay: 0.9] 
[optim_second_moment_decay: 0.999] 
[weight_decay: 0.3] 
[lr: 0.001] 
[batch_size: 1024] 
[gradient_accumulation_steps: 1] 
[epochs: 500] 
[eval_valid: True] 
[eval_test: False] 
[eval_freq: 5] 
[early_stop_patience: 1e+23] 
[seed: 1] 
[benchmark: False] 
[resume: False] 
[log2file: True] 
[log2console: True] 
[embedding_dim: 64] 
[num_layers: 3] 
[mfiles: textual_modality.pkl,visual_modality.pkl] 
[num_neighbors: 5-1] 
[gamma: 0.1] 
[beta1: 0.9] 
[beta2: 0.999] 
[edge_strength: 0.25] 
[edge_mix: 0.25] 
[evidence_shrinkage: 5.0] 
[placebo_seed: 1] 
[lambda_lhc: 0.0003] 
[lhc_tau: 0.3] 
[lhc_kappa: 1.0] 
[radius_cap: 2.0] 
[eps_taylor: 0.0001] 
[eps_floor: 0.01] 
[eps_beta: 0.05] 
[warmup_start: 20] 
[warmup_end: 50] 
[grad_diag_every: 10] 
[knn_chunk_size: 1024] 
[lhc_chunk_size: 256] 
[graph_cache_dir: /kaggle/working/runs/stair5_v2/graph_cache] 
[artifact_dir: /kaggle/working/runs/stair5_v2/baby_ET_seed1] 
[resume_from: ] 
[v2_arm: ET] 
[knn_device: auto] 
[DATA_DIR: data] 
[SUMMARY_DIR: summary] 
[CHECKPOINT_PATH: ./infos/STAIR5-v2-C-HET/Amazon2014Baby_550_MMRec/0] 
[LOG_PATH: ./logs/STAIR5-v2-C-HET/Amazon2014Baby_550_MMRec/1002073724] 

[Wall TIME] >>> Parser.compile takes 0.216873 seconds ...
[DataSet] >>> Fitting fields over `train` set ...
[DataSet] >>> Fitting fields over `valid` set ...
[DataSet] >>> Fitting fields over `test` set ...
[DataSet] >>> Normalizing fields over `train` set ...
[DataSet] >>> Normalizing fields over `valid` set ...
[DataSet] >>> Normalizing fields over `test` set ...
[MatchingRecDataSet] >>> USER:19445:ID,USER | ITEM:7050:ID,ITEM | TIMESTAMP:3711:TIMESTAMP
+--------+--------+---------------+--------+--------+-------+-----------------------+
| #Users | #Items | #Interactions | #Train | #Valid | #Test |        Density        |
+--------+--------+---------------+--------+--------+-------+-----------------------+
| 19445  |  7050  |     160792    | 118551 | 20559  | 21682 | 0.0011729172479570493 |
+--------+--------+---------------+--------+--------+-------+-----------------------+
[Wall TIME] >>> BaseSet.compile takes 0.181444 seconds ...
[Wall TIME] >>> RecDataSet.to_heterograph takes 0.041950 seconds ...
[Wall TIME] >>> RecDataSet.to_heterograph takes 0.042207 seconds ...
[C-HET graph] {"version": 2, "strength": 0.25, "mix": 0.25, "shrinkage": 5.0, "placebo": false, "seed": 1, "num_users": 19445, "num_items": 7050, "torch": "2.10.0+cu128", "active": true, "fingerprint": "43a5b52a7925e1b72839da3432c17b5e6fa72f2cf790547d5b62d202ad3eeb26", "cache_hit": false, "nnz": 59848, "nonzero_score_fraction": 0.10456489771604538, "score_mean": 0.002225205535069108, "score_max": 0.3387550711631775, "placebo_permuted": 0, "relative_operator_probe_delta": 0.0006664009997621179, "data_fingerprint": "9408991868728d3410116d8369c006eb69bd5cfb5beba7572abae04d9e8a2863"}
[Wall TIME] >>> GenTrainNegativeSampler.prepare takes 0.558040 seconds ...
[Wall TIME] >>> ValidSampler.prepare takes 0.590764 seconds ...
[Wall TIME] >>> TestSampler.prepare takes 0.650661 seconds ...
[Coach] >>> Set best meter: NDCG@20 
[Coach] >>> Better ***NDCG@20*** of ***0.0152*** 
[Coach] >>> VALID @Epoch: 0 >>>  || RECALL@1 Avg: 0.0043 || RECALL@10 Avg: 0.0229 || RECALL@20 Avg: 0.0344 || NDCG@10 Avg: 0.0123 || NDCG@20 Avg: 0.0152
[Wall TIME] >>> Coach.valid takes 1.472546 seconds ...
[Epoch 001 Telemetry] BPR: 0.628236 | LHC: 0.000000 (lambda=0.000000) | 55014.6 samples/s | 2.15s
[Coach] >>> TRAIN @Epoch: 1 >>>  || LOSS Avg: 0.62824
[Wall TIME] >>> Coach.train takes 2.155696 seconds ...
[Epoch 002 Telemetry] BPR: 0.614601 | LHC: 0.000000 (lambda=0.000000) | 56528.0 samples/s | 2.10s
[Coach] >>> TRAIN @Epoch: 2 >>>  || LOSS Avg: 0.61460
[Wall TIME] >>> Coach.train takes 2.097961 seconds ...
[Epoch 003 Telemetry] BPR: 0.598207 | LHC: 0.000000 (lambda=0.000000) | 48251.8 samples/s | 2.46s
[Coach] >>> TRAIN @Epoch: 3 >>>  || LOSS Avg: 0.59821
[Wall TIME] >>> Coach.train takes 2.457634 seconds ...
[Epoch 004 Telemetry] BPR: 0.578500 | LHC: 0.000000 (lambda=0.000000) | 55597.8 samples/s | 2.13s
[Coach] >>> TRAIN @Epoch: 4 >>>  || LOSS Avg: 0.57850
[Wall TIME] >>> Coach.train takes 2.132958 seconds ...
[Epoch 005 Telemetry] BPR: 0.554945 | LHC: 0.000000 (lambda=0.000000) | 56069.5 samples/s | 2.11s
[Coach] >>> TRAIN @Epoch: 5 >>>  || LOSS Avg: 0.55495
[Wall TIME] >>> Coach.train takes 2.115081 seconds ...
[Coach] >>> Better ***NDCG@20*** of ***0.0308*** 
[Coach] >>> VALID @Epoch: 5 >>>  || RECALL@1 Avg: 0.0097 || RECALL@10 Avg: 0.0452 || RECALL@20 Avg: 0.0696 || NDCG@10 Avg: 0.0245 || NDCG@20 Avg: 0.0308
[Wall TIME] >>> Coach.valid takes 0.584256 seconds ...
[Epoch 006 Telemetry] BPR: 0.528408 | LHC: 0.000000 (lambda=0.000000) | 59468.9 samples/s | 1.99s
[Coach] >>> TRAIN @Epoch: 6 >>>  || LOSS Avg: 0.52841
[Wall TIME] >>> Coach.train takes 1.994215 seconds ...
[Epoch 007 Telemetry] BPR: 0.501420 | LHC: 0.000000 (lambda=0.000000) | 49864.9 samples/s | 2.38s
[Coach] >>> TRAIN @Epoch: 7 >>>  || LOSS Avg: 0.50142
[Wall TIME] >>> Coach.train takes 2.378155 seconds ...
[Epoch 008 Telemetry] BPR: 0.474708 | LHC: 0.000000 (lambda=0.000000) | 57003.0 samples/s | 2.08s
[Coach] >>> TRAIN @Epoch: 8 >>>  || LOSS Avg: 0.47471
[Wall TIME] >>> Coach.train takes 2.080552 seconds ...
[Epoch 009 Telemetry] BPR: 0.449259 | LHC: 0.000000 (lambda=0.000000) | 56723.2 samples/s | 2.09s
[Coach] >>> TRAIN @Epoch: 9 >>>  || LOSS Avg: 0.44926
[Wall TIME] >>> Coach.train takes 2.090829 seconds ...
[Epoch 010 Telemetry] BPR: 0.426521 | LHC: 0.000000 (lambda=0.000000) | 55480.6 samples/s | 2.14s
[Coach] >>> TRAIN @Epoch: 10 >>>  || LOSS Avg: 0.42652
[Wall TIME] >>> Coach.train takes 2.190918 seconds ...
[Coach] >>> Better ***NDCG@20*** of ***0.0361*** 
[Coach] >>> VALID @Epoch: 10 >>>  || RECALL@1 Avg: 0.0096 || RECALL@10 Avg: 0.0527 || RECALL@20 Avg: 0.0832 || NDCG@10 Avg: 0.0283 || NDCG@20 Avg: 0.0361
[Wall TIME] >>> Coach.valid takes 0.574449 seconds ...
[Epoch 011 Telemetry] BPR: 0.405389 | LHC: 0.000000 (lambda=0.000000) | 49934.1 samples/s | 2.37s
[Coach] >>> TRAIN @Epoch: 11 >>>  || LOSS Avg: 0.40539
[Wall TIME] >>> Coach.train takes 2.374933 seconds ...
[Epoch 012 Telemetry] BPR: 0.387089 | LHC: 0.000000 (lambda=0.000000) | 55802.6 samples/s | 2.12s
[Coach] >>> TRAIN @Epoch: 12 >>>  || LOSS Avg: 0.38709
[Wall TIME] >>> Coach.train takes 2.125308 seconds ...
[Epoch 013 Telemetry] BPR: 0.371079 | LHC: 0.000000 (lambda=0.000000) | 56162.1 samples/s | 2.11s
[Coach] >>> TRAIN @Epoch: 13 >>>  || LOSS Avg: 0.37108
[Wall TIME] >>> Coach.train takes 2.111613 seconds ...
[Epoch 014 Telemetry] BPR: 0.356325 | LHC: 0.000000 (lambda=0.000000) | 54936.9 samples/s | 2.16s
[Coach] >>> TRAIN @Epoch: 14 >>>  || LOSS Avg: 0.35633
[Wall TIME] >>> Coach.train takes 2.158604 seconds ...
[Epoch 015 Telemetry] BPR: 0.342975 | LHC: 0.000000 (lambda=0.000000) | 47431.4 samples/s | 2.50s
[Coach] >>> TRAIN @Epoch: 15 >>>  || LOSS Avg: 0.34297
[Wall TIME] >>> Coach.train takes 2.500031 seconds ...
[Coach] >>> Better ***NDCG@20*** of ***0.0374*** 
[Coach] >>> VALID @Epoch: 15 >>>  || RECALL@1 Avg: 0.0101 || RECALL@10 Avg: 0.0553 || RECALL@20 Avg: 0.0865 || NDCG@10 Avg: 0.0295 || NDCG@20 Avg: 0.0374
[Wall TIME] >>> Coach.valid takes 0.592682 seconds ...
[Epoch 016 Telemetry] BPR: 0.331522 | LHC: 0.000000 (lambda=0.000000) | 56606.0 samples/s | 2.09s
[Coach] >>> TRAIN @Epoch: 16 >>>  || LOSS Avg: 0.33152
[Wall TIME] >>> Coach.train takes 2.094940 seconds ...
[Epoch 017 Telemetry] BPR: 0.321020 | LHC: 0.000000 (lambda=0.000000) | 57219.6 samples/s | 2.07s
[Coach] >>> TRAIN @Epoch: 17 >>>  || LOSS Avg: 0.32102
[Wall TIME] >>> Coach.train takes 2.072491 seconds ...
[Epoch 018 Telemetry] BPR: 0.311608 | LHC: 0.000000 (lambda=0.000000) | 56999.8 samples/s | 2.08s
[Coach] >>> TRAIN @Epoch: 18 >>>  || LOSS Avg: 0.31161
[Wall TIME] >>> Coach.train takes 2.080553 seconds ...
[Epoch 019 Telemetry] BPR: 0.302967 | LHC: 0.000000 (lambda=0.000000) | 48313.4 samples/s | 2.45s
[Coach] >>> TRAIN @Epoch: 19 >>>  || LOSS Avg: 0.30297
[Wall TIME] >>> Coach.train takes 2.454530 seconds ...
[Epoch 020 Telemetry] BPR: 0.294438 | LHC: 0.000000 (lambda=0.000000) | 54988.1 samples/s | 2.16s
[Coach] >>> TRAIN @Epoch: 20 >>>  || LOSS Avg: 0.29444
[Wall TIME] >>> Coach.train takes 2.203118 seconds ...
[Coach] >>> Better ***NDCG@20*** of ***0.0380*** 
[Coach] >>> VALID @Epoch: 20 >>>  || RECALL@1 Avg: 0.0102 || RECALL@10 Avg: 0.0566 || RECALL@20 Avg: 0.0883 || NDCG@10 Avg: 0.0300 || NDCG@20 Avg: 0.0380
[Wall TIME] >>> Coach.valid takes 0.644989 seconds ...
[Epoch 021 Telemetry] BPR: 0.287490 | LHC: 0.000000 (lambda=0.000000) | 58218.3 samples/s | 2.04s
[Coach] >>> TRAIN @Epoch: 21 >>>  || LOSS Avg: 0.28749
[Wall TIME] >>> Coach.train takes 2.036990 seconds ...
[Epoch 022 Telemetry] BPR: 0.280383 | LHC: 0.000000 (lambda=0.000000) | 57678.7 samples/s | 2.06s
[Coach] >>> TRAIN @Epoch: 22 >>>  || LOSS Avg: 0.28038
[Wall TIME] >>> Coach.train takes 2.056073 seconds ...
[Epoch 023 Telemetry] BPR: 0.274995 | LHC: 0.000000 (lambda=0.000000) | 56646.5 samples/s | 2.09s
[Coach] >>> TRAIN @Epoch: 23 >>>  || LOSS Avg: 0.27499
[Wall TIME] >>> Coach.train takes 2.093627 seconds ...
[Epoch 024 Telemetry] BPR: 0.268859 | LHC: 0.000000 (lambda=0.000000) | 47245.9 samples/s | 2.51s
[Coach] >>> TRAIN @Epoch: 24 >>>  || LOSS Avg: 0.26886
[Wall TIME] >>> Coach.train takes 2.509905 seconds ...
[Epoch 025 Telemetry] BPR: 0.263678 | LHC: 0.000000 (lambda=0.000000) | 54732.9 samples/s | 2.17s
[Coach] >>> TRAIN @Epoch: 25 >>>  || LOSS Avg: 0.26368
[Wall TIME] >>> Coach.train takes 2.166668 seconds ...
[Coach] >>> Better ***NDCG@20*** of ***0.0387*** 
[Coach] >>> VALID @Epoch: 25 >>>  || RECALL@1 Avg: 0.0104 || RECALL@10 Avg: 0.0580 || RECALL@20 Avg: 0.0894 || NDCG@10 Avg: 0.0307 || NDCG@20 Avg: 0.0387
[Wall TIME] >>> Coach.valid takes 0.576406 seconds ...
[Epoch 026 Telemetry] BPR: 0.258993 | LHC: 0.000000 (lambda=0.000000) | 59655.8 samples/s | 1.99s
[Coach] >>> TRAIN @Epoch: 26 >>>  || LOSS Avg: 0.25899
[Wall TIME] >>> Coach.train takes 1.987961 seconds ...
[Epoch 027 Telemetry] BPR: 0.254942 | LHC: 0.000000 (lambda=0.000000) | 58893.1 samples/s | 2.01s
[Coach] >>> TRAIN @Epoch: 27 >>>  || LOSS Avg: 0.25494
[Wall TIME] >>> Coach.train takes 2.013794 seconds ...
[Epoch 028 Telemetry] BPR: 0.249999 | LHC: 0.000000 (lambda=0.000000) | 49051.8 samples/s | 2.42s
[Coach] >>> TRAIN @Epoch: 28 >>>  || LOSS Avg: 0.25000
[Wall TIME] >>> Coach.train takes 2.417506 seconds ...
[Epoch 029 Telemetry] BPR: 0.245824 | LHC: 0.000000 (lambda=0.000000) | 56243.7 samples/s | 2.11s
[Coach] >>> TRAIN @Epoch: 29 >>>  || LOSS Avg: 0.24582
[Wall TIME] >>> Coach.train takes 2.108486 seconds ...
[Epoch 030 Telemetry] BPR: 0.242295 | LHC: 0.000000 (lambda=0.000000) | 55062.2 samples/s | 2.15s
[Coach] >>> TRAIN @Epoch: 30 >>>  || LOSS Avg: 0.24230
[Wall TIME] >>> Coach.train takes 2.201509 seconds ...
[Coach] >>> Better ***NDCG@20*** of ***0.0395*** 
[Coach] >>> VALID @Epoch: 30 >>>  || RECALL@1 Avg: 0.0105 || RECALL@10 Avg: 0.0581 || RECALL@20 Avg: 0.0915 || NDCG@10 Avg: 0.0310 || NDCG@20 Avg: 0.0395
[Wall TIME] >>> Coach.valid takes 0.608327 seconds ...
[Epoch 031 Telemetry] BPR: 0.239087 | LHC: 0.000000 (lambda=0.000000) | 58598.3 samples/s | 2.02s
[Coach] >>> TRAIN @Epoch: 31 >>>  || LOSS Avg: 0.23909
[Wall TIME] >>> Coach.train takes 2.023737 seconds ...
[Epoch 032 Telemetry] BPR: 0.235683 | LHC: 0.000000 (lambda=0.000000) | 49853.8 samples/s | 2.38s
[Coach] >>> TRAIN @Epoch: 32 >>>  || LOSS Avg: 0.23568
[Wall TIME] >>> Coach.train takes 2.378664 seconds ...
[Epoch 033 Telemetry] BPR: 0.232271 | LHC: 0.000000 (lambda=0.000000) | 57327.3 samples/s | 2.07s
[Coach] >>> TRAIN @Epoch: 33 >>>  || LOSS Avg: 0.23227
[Wall TIME] >>> Coach.train takes 2.068741 seconds ...
[Epoch 034 Telemetry] BPR: 0.229568 | LHC: 0.000000 (lambda=0.000000) | 55946.1 samples/s | 2.12s
[Coach] >>> TRAIN @Epoch: 34 >>>  || LOSS Avg: 0.22957
[Wall TIME] >>> Coach.train takes 2.119719 seconds ...
[Epoch 035 Telemetry] BPR: 0.226199 | LHC: 0.000000 (lambda=0.000000) | 56359.2 samples/s | 2.10s
[Coach] >>> TRAIN @Epoch: 35 >>>  || LOSS Avg: 0.22620
[Wall TIME] >>> Coach.train takes 2.104214 seconds ...
[Coach] >>> Better ***NDCG@20*** of ***0.0401*** 
[Coach] >>> VALID @Epoch: 35 >>>  || RECALL@1 Avg: 0.0110 || RECALL@10 Avg: 0.0589 || RECALL@20 Avg: 0.0930 || NDCG@10 Avg: 0.0315 || NDCG@20 Avg: 0.0401
[Wall TIME] >>> Coach.valid takes 0.569038 seconds ...
[Epoch 036 Telemetry] BPR: 0.223424 | LHC: 0.000000 (lambda=0.000000) | 50085.3 samples/s | 2.37s
[Coach] >>> TRAIN @Epoch: 36 >>>  || LOSS Avg: 0.22342
[Wall TIME] >>> Coach.train takes 2.367682 seconds ...
[Epoch 037 Telemetry] BPR: 0.220748 | LHC: 0.000000 (lambda=0.000000) | 57998.0 samples/s | 2.04s
[Coach] >>> TRAIN @Epoch: 37 >>>  || LOSS Avg: 0.22075
[Wall TIME] >>> Coach.train takes 2.044886 seconds ...
[Epoch 038 Telemetry] BPR: 0.218171 | LHC: 0.000000 (lambda=0.000000) | 57097.7 samples/s | 2.08s
[Coach] >>> TRAIN @Epoch: 38 >>>  || LOSS Avg: 0.21817
[Wall TIME] >>> Coach.train takes 2.077028 seconds ...
[Epoch 039 Telemetry] BPR: 0.215779 | LHC: 0.000000 (lambda=0.000000) | 57366.2 samples/s | 2.07s
[Coach] >>> TRAIN @Epoch: 39 >>>  || LOSS Avg: 0.21578
[Wall TIME] >>> Coach.train takes 2.067228 seconds ...
[Epoch 040 Telemetry] BPR: 0.214001 | LHC: 0.000000 (lambda=0.000000) | 48829.9 samples/s | 2.43s
[Coach] >>> TRAIN @Epoch: 40 >>>  || LOSS Avg: 0.21400
[Wall TIME] >>> Coach.train takes 2.473769 seconds ...
[Coach] >>> Better ***NDCG@20*** of ***0.0405*** 
[Coach] >>> VALID @Epoch: 40 >>>  || RECALL@1 Avg: 0.0110 || RECALL@10 Avg: 0.0594 || RECALL@20 Avg: 0.0941 || NDCG@10 Avg: 0.0318 || NDCG@20 Avg: 0.0405
[Wall TIME] >>> Coach.valid takes 0.599841 seconds ...
[Epoch 041 Telemetry] BPR: 0.211512 | LHC: 0.000000 (lambda=0.000000) | 58417.2 samples/s | 2.03s
[Coach] >>> TRAIN @Epoch: 41 >>>  || LOSS Avg: 0.21151
[Wall TIME] >>> Coach.train takes 2.030161 seconds ...
[Epoch 042 Telemetry] BPR: 0.210034 | LHC: 0.000000 (lambda=0.000000) | 56932.9 samples/s | 2.08s
[Coach] >>> TRAIN @Epoch: 42 >>>  || LOSS Avg: 0.21003
[Wall TIME] >>> Coach.train takes 2.082964 seconds ...
[Epoch 043 Telemetry] BPR: 0.207941 | LHC: 0.000000 (lambda=0.000000) | 57247.1 samples/s | 2.07s
[Coach] >>> TRAIN @Epoch: 43 >>>  || LOSS Avg: 0.20794
[Wall TIME] >>> Coach.train takes 2.071561 seconds ...
[Epoch 044 Telemetry] BPR: 0.205538 | LHC: 0.000000 (lambda=0.000000) | 48340.2 samples/s | 2.45s
[Coach] >>> TRAIN @Epoch: 44 >>>  || LOSS Avg: 0.20554
[Wall TIME] >>> Coach.train takes 2.453146 seconds ...
[Epoch 045 Telemetry] BPR: 0.203821 | LHC: 0.000000 (lambda=0.000000) | 55170.9 samples/s | 2.15s
[Coach] >>> TRAIN @Epoch: 45 >>>  || LOSS Avg: 0.20382
[Wall TIME] >>> Coach.train takes 2.149566 seconds ...
[Coach] >>> Better ***NDCG@20*** of ***0.0408*** 
[Coach] >>> VALID @Epoch: 45 >>>  || RECALL@1 Avg: 0.0111 || RECALL@10 Avg: 0.0593 || RECALL@20 Avg: 0.0950 || NDCG@10 Avg: 0.0317 || NDCG@20 Avg: 0.0408
[Wall TIME] >>> Coach.valid takes 0.583139 seconds ...
[Epoch 046 Telemetry] BPR: 0.203004 | LHC: 0.000000 (lambda=0.000000) | 58598.5 samples/s | 2.02s
[Coach] >>> TRAIN @Epoch: 46 >>>  || LOSS Avg: 0.20300
[Wall TIME] >>> Coach.train takes 2.023800 seconds ...
[Epoch 047 Telemetry] BPR: 0.200833 | LHC: 0.000000 (lambda=0.000000) | 56514.6 samples/s | 2.10s
[Coach] >>> TRAIN @Epoch: 47 >>>  || LOSS Avg: 0.20083
[Wall TIME] >>> Coach.train takes 2.098452 seconds ...
[Epoch 048 Telemetry] BPR: 0.199016 | LHC: 0.000000 (lambda=0.000000) | 57715.1 samples/s | 2.05s
[Coach] >>> TRAIN @Epoch: 48 >>>  || LOSS Avg: 0.19902
[Wall TIME] >>> Coach.train takes 2.054811 seconds ...
[Epoch 049 Telemetry] BPR: 0.197578 | LHC: 0.000000 (lambda=0.000000) | 47742.7 samples/s | 2.48s
[Coach] >>> TRAIN @Epoch: 49 >>>  || LOSS Avg: 0.19758
[Wall TIME] >>> Coach.train takes 2.483766 seconds ...
[Epoch 050 Telemetry] BPR: 0.195697 | LHC: 0.000000 (lambda=0.000000) | 55603.0 samples/s | 2.13s
[Coach] >>> TRAIN @Epoch: 50 >>>  || LOSS Avg: 0.19570
[Wall TIME] >>> Coach.train takes 2.179541 seconds ...
[Coach] >>> Better ***NDCG@20*** of ***0.0409*** 
[Coach] >>> VALID @Epoch: 50 >>>  || RECALL@1 Avg: 0.0110 || RECALL@10 Avg: 0.0600 || RECALL@20 Avg: 0.0951 || NDCG@10 Avg: 0.0319 || NDCG@20 Avg: 0.0409
[Wall TIME] >>> Coach.valid takes 0.582710 seconds ...
[Epoch 051 Telemetry] BPR: 0.193979 | LHC: 0.000000 (lambda=0.000000) | 58369.1 samples/s | 2.03s
[Coach] >>> TRAIN @Epoch: 51 >>>  || LOSS Avg: 0.19398
[Wall TIME] >>> Coach.train takes 2.031816 seconds ...
[Epoch 052 Telemetry] BPR: 0.192669 | LHC: 0.000000 (lambda=0.000000) | 58655.7 samples/s | 2.02s
[Coach] >>> TRAIN @Epoch: 52 >>>  || LOSS Avg: 0.19267
[Wall TIME] >>> Coach.train takes 2.021836 seconds ...
[Epoch 053 Telemetry] BPR: 0.190686 | LHC: 0.000000 (lambda=0.000000) | 48338.7 samples/s | 2.45s
[Coach] >>> TRAIN @Epoch: 53 >>>  || LOSS Avg: 0.19069
[Wall TIME] >>> Coach.train takes 2.453235 seconds ...
[Epoch 054 Telemetry] BPR: 0.190648 | LHC: 0.000000 (lambda=0.000000) | 56436.7 samples/s | 2.10s
[Coach] >>> TRAIN @Epoch: 54 >>>  || LOSS Avg: 0.19065
[Wall TIME] >>> Coach.train takes 2.101373 seconds ...
[Epoch 055 Telemetry] BPR: 0.189256 | LHC: 0.000000 (lambda=0.000000) | 56229.8 samples/s | 2.11s
[Coach] >>> TRAIN @Epoch: 55 >>>  || LOSS Avg: 0.18926
[Wall TIME] >>> Coach.train takes 2.109128 seconds ...
[Coach] >>> Better ***NDCG@20*** of ***0.0409*** 
[Coach] >>> VALID @Epoch: 55 >>>  || RECALL@1 Avg: 0.0107 || RECALL@10 Avg: 0.0604 || RECALL@20 Avg: 0.0956 || NDCG@10 Avg: 0.0320 || NDCG@20 Avg: 0.0409
[Wall TIME] >>> Coach.valid takes 0.598171 seconds ...
[Epoch 056 Telemetry] BPR: 0.188244 | LHC: 0.000000 (lambda=0.000000) | 58834.1 samples/s | 2.02s
[Coach] >>> TRAIN @Epoch: 56 >>>  || LOSS Avg: 0.18824
[Wall TIME] >>> Coach.train takes 2.015791 seconds ...
[Epoch 057 Telemetry] BPR: 0.187158 | LHC: 0.000000 (lambda=0.000000) | 49829.7 samples/s | 2.38s
[Coach] >>> TRAIN @Epoch: 57 >>>  || LOSS Avg: 0.18716
[Wall TIME] >>> Coach.train takes 2.379926 seconds ...
[Epoch 058 Telemetry] BPR: 0.185399 | LHC: 0.000000 (lambda=0.000000) | 56395.6 samples/s | 2.10s
[Coach] >>> TRAIN @Epoch: 58 >>>  || LOSS Avg: 0.18540
[Wall TIME] >>> Coach.train takes 2.102883 seconds ...
[Epoch 059 Telemetry] BPR: 0.184584 | LHC: 0.000000 (lambda=0.000000) | 56673.0 samples/s | 2.09s
[Coach] >>> TRAIN @Epoch: 59 >>>  || LOSS Avg: 0.18458
[Wall TIME] >>> Coach.train takes 2.092501 seconds ...
[Epoch 060 Telemetry] BPR: 0.183263 | LHC: 0.000000 (lambda=0.000000) | 55588.7 samples/s | 2.13s
[Coach] >>> TRAIN @Epoch: 60 >>>  || LOSS Avg: 0.18326
[Wall TIME] >>> Coach.train takes 2.177836 seconds ...
[Coach] >>> Better ***NDCG@20*** of ***0.0413*** 
[Coach] >>> VALID @Epoch: 60 >>>  || RECALL@1 Avg: 0.0114 || RECALL@10 Avg: 0.0611 || RECALL@20 Avg: 0.0961 || NDCG@10 Avg: 0.0324 || NDCG@20 Avg: 0.0413
[Wall TIME] >>> Coach.valid takes 0.568765 seconds ...
[Epoch 061 Telemetry] BPR: 0.182843 | LHC: 0.000000 (lambda=0.000000) | 50115.5 samples/s | 2.37s
[Coach] >>> TRAIN @Epoch: 61 >>>  || LOSS Avg: 0.18284
[Wall TIME] >>> Coach.train takes 2.366505 seconds ...
[Epoch 062 Telemetry] BPR: 0.181151 | LHC: 0.000000 (lambda=0.000000) | 57379.3 samples/s | 2.07s
[Coach] >>> TRAIN @Epoch: 62 >>>  || LOSS Avg: 0.18115
[Wall TIME] >>> Coach.train takes 2.066824 seconds ...
[Epoch 063 Telemetry] BPR: 0.180404 | LHC: 0.000000 (lambda=0.000000) | 56540.7 samples/s | 2.10s
[Coach] >>> TRAIN @Epoch: 63 >>>  || LOSS Avg: 0.18040
[Wall TIME] >>> Coach.train takes 2.097499 seconds ...
[Epoch 064 Telemetry] BPR: 0.179645 | LHC: 0.000000 (lambda=0.000000) | 55829.8 samples/s | 2.12s
[Coach] >>> TRAIN @Epoch: 64 >>>  || LOSS Avg: 0.17964
[Wall TIME] >>> Coach.train takes 2.124161 seconds ...
[Epoch 065 Telemetry] BPR: 0.178237 | LHC: 0.000000 (lambda=0.000000) | 48794.6 samples/s | 2.43s
[Coach] >>> TRAIN @Epoch: 65 >>>  || LOSS Avg: 0.17824
[Wall TIME] >>> Coach.train takes 2.430291 seconds ...
[Coach] >>> Better ***NDCG@20*** of ***0.0414*** 
[Coach] >>> VALID @Epoch: 65 >>>  || RECALL@1 Avg: 0.0112 || RECALL@10 Avg: 0.0622 || RECALL@20 Avg: 0.0964 || NDCG@10 Avg: 0.0327 || NDCG@20 Avg: 0.0414
[Wall TIME] >>> Coach.valid takes 0.568171 seconds ...
[Epoch 066 Telemetry] BPR: 0.178115 | LHC: 0.000000 (lambda=0.000000) | 59131.0 samples/s | 2.00s
[Coach] >>> TRAIN @Epoch: 66 >>>  || LOSS Avg: 0.17812
[Wall TIME] >>> Coach.train takes 2.005629 seconds ...
[Epoch 067 Telemetry] BPR: 0.177133 | LHC: 0.000000 (lambda=0.000000) | 58124.9 samples/s | 2.04s
[Coach] >>> TRAIN @Epoch: 67 >>>  || LOSS Avg: 0.17713
[Wall TIME] >>> Coach.train takes 2.040326 seconds ...
[Epoch 068 Telemetry] BPR: 0.175707 | LHC: 0.000000 (lambda=0.000000) | 58135.6 samples/s | 2.04s
[Coach] >>> TRAIN @Epoch: 68 >>>  || LOSS Avg: 0.17571
[Wall TIME] >>> Coach.train takes 2.039876 seconds ...
[Epoch 069 Telemetry] BPR: 0.175981 | LHC: 0.000000 (lambda=0.000000) | 48253.8 samples/s | 2.46s
[Coach] >>> TRAIN @Epoch: 69 >>>  || LOSS Avg: 0.17598
[Wall TIME] >>> Coach.train takes 2.457474 seconds ...
[Epoch 070 Telemetry] BPR: 0.174630 | LHC: 0.000000 (lambda=0.000000) | 55739.2 samples/s | 2.13s
[Coach] >>> TRAIN @Epoch: 70 >>>  || LOSS Avg: 0.17463
[Wall TIME] >>> Coach.train takes 2.172158 seconds ...
[Coach] >>> Better ***NDCG@20*** of ***0.0417*** 
[Coach] >>> VALID @Epoch: 70 >>>  || RECALL@1 Avg: 0.0115 || RECALL@10 Avg: 0.0624 || RECALL@20 Avg: 0.0966 || NDCG@10 Avg: 0.0330 || NDCG@20 Avg: 0.0417
[Wall TIME] >>> Coach.valid takes 0.594291 seconds ...
[Epoch 071 Telemetry] BPR: 0.173940 | LHC: 0.000000 (lambda=0.000000) | 59310.7 samples/s | 2.00s
[Coach] >>> TRAIN @Epoch: 71 >>>  || LOSS Avg: 0.17394
[Wall TIME] >>> Coach.train takes 1.999444 seconds ...
[Epoch 072 Telemetry] BPR: 0.172920 | LHC: 0.000000 (lambda=0.000000) | 57677.3 samples/s | 2.06s
[Coach] >>> TRAIN @Epoch: 72 >>>  || LOSS Avg: 0.17292
[Wall TIME] >>> Coach.train takes 2.056059 seconds ...
[Epoch 073 Telemetry] BPR: 0.172871 | LHC: 0.000000 (lambda=0.000000) | 48631.6 samples/s | 2.44s
[Coach] >>> TRAIN @Epoch: 73 >>>  || LOSS Avg: 0.17287
[Wall TIME] >>> Coach.train takes 2.438567 seconds ...
[Epoch 074 Telemetry] BPR: 0.171879 | LHC: 0.000000 (lambda=0.000000) | 56502.6 samples/s | 2.10s
[Coach] >>> TRAIN @Epoch: 74 >>>  || LOSS Avg: 0.17188
[Wall TIME] >>> Coach.train takes 2.098901 seconds ...
[Epoch 075 Telemetry] BPR: 0.171254 | LHC: 0.000000 (lambda=0.000000) | 54924.0 samples/s | 2.16s
[Coach] >>> TRAIN @Epoch: 75 >>>  || LOSS Avg: 0.17125
[Wall TIME] >>> Coach.train takes 2.159190 seconds ...
[Coach] >>> Better ***NDCG@20*** of ***0.0422*** 
[Coach] >>> VALID @Epoch: 75 >>>  || RECALL@1 Avg: 0.0119 || RECALL@10 Avg: 0.0619 || RECALL@20 Avg: 0.0976 || NDCG@10 Avg: 0.0331 || NDCG@20 Avg: 0.0422
[Wall TIME] >>> Coach.valid takes 0.573733 seconds ...
[Epoch 076 Telemetry] BPR: 0.169963 | LHC: 0.000000 (lambda=0.000000) | 59010.6 samples/s | 2.01s
[Coach] >>> TRAIN @Epoch: 76 >>>  || LOSS Avg: 0.16996
[Wall TIME] >>> Coach.train takes 2.009582 seconds ...
[Epoch 077 Telemetry] BPR: 0.170310 | LHC: 0.000000 (lambda=0.000000) | 58182.0 samples/s | 2.04s
[Coach] >>> TRAIN @Epoch: 77 >>>  || LOSS Avg: 0.17031
[Wall TIME] >>> Coach.train takes 2.038349 seconds ...
[Epoch 078 Telemetry] BPR: 0.168820 | LHC: 0.000000 (lambda=0.000000) | 48203.5 samples/s | 2.46s
[Coach] >>> TRAIN @Epoch: 78 >>>  || LOSS Avg: 0.16882
[Wall TIME] >>> Coach.train takes 2.460212 seconds ...
[Epoch 079 Telemetry] BPR: 0.168989 | LHC: 0.000000 (lambda=0.000000) | 56308.5 samples/s | 2.11s
[Coach] >>> TRAIN @Epoch: 79 >>>  || LOSS Avg: 0.16899
[Wall TIME] >>> Coach.train takes 2.106128 seconds ...
[Epoch 080 Telemetry] BPR: 0.168285 | LHC: 0.000000 (lambda=0.000000) | 55599.8 samples/s | 2.13s
[Coach] >>> TRAIN @Epoch: 80 >>>  || LOSS Avg: 0.16828
[Wall TIME] >>> Coach.train takes 2.179431 seconds ...
[Coach] >>> VALID @Epoch: 80 >>>  || RECALL@1 Avg: 0.0115 || RECALL@10 Avg: 0.0617 || RECALL@20 Avg: 0.0972 || NDCG@10 Avg: 0.0329 || NDCG@20 Avg: 0.0419
[Wall TIME] >>> Coach.valid takes 0.557055 seconds ...
[Epoch 081 Telemetry] BPR: 0.167578 | LHC: 0.000000 (lambda=0.000000) | 58825.3 samples/s | 2.02s
[Coach] >>> TRAIN @Epoch: 81 >>>  || LOSS Avg: 0.16758
[Wall TIME] >>> Coach.train takes 2.015992 seconds ...
[Epoch 082 Telemetry] BPR: 0.166915 | LHC: 0.000000 (lambda=0.000000) | 48648.5 samples/s | 2.44s
[Coach] >>> TRAIN @Epoch: 82 >>>  || LOSS Avg: 0.16691
[Wall TIME] >>> Coach.train takes 2.437680 seconds ...
[Epoch 083 Telemetry] BPR: 0.166880 | LHC: 0.000000 (lambda=0.000000) | 57330.9 samples/s | 2.07s
[Coach] >>> TRAIN @Epoch: 83 >>>  || LOSS Avg: 0.16688
[Wall TIME] >>> Coach.train takes 2.068611 seconds ...
[Epoch 084 Telemetry] BPR: 0.166378 | LHC: 0.000000 (lambda=0.000000) | 56362.6 samples/s | 2.10s
[Coach] >>> TRAIN @Epoch: 84 >>>  || LOSS Avg: 0.16638
[Wall TIME] >>> Coach.train takes 2.104127 seconds ...
[Epoch 085 Telemetry] BPR: 0.165726 | LHC: 0.000000 (lambda=0.000000) | 56595.5 samples/s | 2.09s
[Coach] >>> TRAIN @Epoch: 85 >>>  || LOSS Avg: 0.16573
[Wall TIME] >>> Coach.train takes 2.095479 seconds ...
[Coach] >>> VALID @Epoch: 85 >>>  || RECALL@1 Avg: 0.0117 || RECALL@10 Avg: 0.0620 || RECALL@20 Avg: 0.0977 || NDCG@10 Avg: 0.0330 || NDCG@20 Avg: 0.0421
[Wall TIME] >>> Coach.valid takes 0.540428 seconds ...
[Epoch 086 Telemetry] BPR: 0.164922 | LHC: 0.000000 (lambda=0.000000) | 50186.4 samples/s | 2.36s
[Coach] >>> TRAIN @Epoch: 86 >>>  || LOSS Avg: 0.16492
[Wall TIME] >>> Coach.train takes 2.362939 seconds ...
[Epoch 087 Telemetry] BPR: 0.164889 | LHC: 0.000000 (lambda=0.000000) | 58246.7 samples/s | 2.04s
[Coach] >>> TRAIN @Epoch: 87 >>>  || LOSS Avg: 0.16489
[Wall TIME] >>> Coach.train takes 2.036134 seconds ...
[Epoch 088 Telemetry] BPR: 0.164053 | LHC: 0.000000 (lambda=0.000000) | 57808.5 samples/s | 2.05s
[Coach] >>> TRAIN @Epoch: 88 >>>  || LOSS Avg: 0.16405
[Wall TIME] >>> Coach.train takes 2.051486 seconds ...
[Epoch 089 Telemetry] BPR: 0.163613 | LHC: 0.000000 (lambda=0.000000) | 56945.6 samples/s | 2.08s
[Coach] >>> TRAIN @Epoch: 89 >>>  || LOSS Avg: 0.16361
[Wall TIME] >>> Coach.train takes 2.082579 seconds ...
[Epoch 090 Telemetry] BPR: 0.163050 | LHC: 0.000000 (lambda=0.000000) | 48242.6 samples/s | 2.46s
[Coach] >>> TRAIN @Epoch: 90 >>>  || LOSS Avg: 0.16305
[Wall TIME] >>> Coach.train takes 2.501952 seconds ...
[Coach] >>> Better ***NDCG@20*** of ***0.0422*** 
[Coach] >>> VALID @Epoch: 90 >>>  || RECALL@1 Avg: 0.0120 || RECALL@10 Avg: 0.0628 || RECALL@20 Avg: 0.0972 || NDCG@10 Avg: 0.0334 || NDCG@20 Avg: 0.0422
[Wall TIME] >>> Coach.valid takes 0.614137 seconds ...
[Epoch 091 Telemetry] BPR: 0.163144 | LHC: 0.000000 (lambda=0.000000) | 58786.6 samples/s | 2.02s
[Coach] >>> TRAIN @Epoch: 91 >>>  || LOSS Avg: 0.16314
[Wall TIME] >>> Coach.train takes 2.017458 seconds ...
[Epoch 092 Telemetry] BPR: 0.162109 | LHC: 0.000000 (lambda=0.000000) | 57667.1 samples/s | 2.06s
[Coach] >>> TRAIN @Epoch: 92 >>>  || LOSS Avg: 0.16211
[Wall TIME] >>> Coach.train takes 2.056511 seconds ...
[Epoch 093 Telemetry] BPR: 0.161595 | LHC: 0.000000 (lambda=0.000000) | 56789.9 samples/s | 2.09s
[Coach] >>> TRAIN @Epoch: 93 >>>  || LOSS Avg: 0.16160
[Wall TIME] >>> Coach.train takes 2.088158 seconds ...
[Epoch 094 Telemetry] BPR: 0.161302 | LHC: 0.000000 (lambda=0.000000) | 48117.4 samples/s | 2.46s
[Coach] >>> TRAIN @Epoch: 94 >>>  || LOSS Avg: 0.16130
[Wall TIME] >>> Coach.train takes 2.464504 seconds ...
[Epoch 095 Telemetry] BPR: 0.161275 | LHC: 0.000000 (lambda=0.000000) | 54190.6 samples/s | 2.19s
[Coach] >>> TRAIN @Epoch: 95 >>>  || LOSS Avg: 0.16127
[Wall TIME] >>> Coach.train takes 2.188339 seconds ...
[Coach] >>> Better ***NDCG@20*** of ***0.0427*** 
[Coach] >>> VALID @Epoch: 95 >>>  || RECALL@1 Avg: 0.0123 || RECALL@10 Avg: 0.0623 || RECALL@20 Avg: 0.0985 || NDCG@10 Avg: 0.0334 || NDCG@20 Avg: 0.0427
[Wall TIME] >>> Coach.valid takes 0.589546 seconds ...
[Epoch 096 Telemetry] BPR: 0.160346 | LHC: 0.000000 (lambda=0.000000) | 58692.6 samples/s | 2.02s
[Coach] >>> TRAIN @Epoch: 96 >>>  || LOSS Avg: 0.16035
[Wall TIME] >>> Coach.train takes 2.020629 seconds ...
[Epoch 097 Telemetry] BPR: 0.161177 | LHC: 0.000000 (lambda=0.000000) | 58036.9 samples/s | 2.04s
[Coach] >>> TRAIN @Epoch: 97 >>>  || LOSS Avg: 0.16118
[Wall TIME] >>> Coach.train takes 2.043329 seconds ...
[Epoch 098 Telemetry] BPR: 0.159800 | LHC: 0.000000 (lambda=0.000000) | 49750.0 samples/s | 2.38s
[Coach] >>> TRAIN @Epoch: 98 >>>  || LOSS Avg: 0.15980
[Wall TIME] >>> Coach.train takes 2.383633 seconds ...
[Epoch 099 Telemetry] BPR: 0.159347 | LHC: 0.000000 (lambda=0.000000) | 55700.9 samples/s | 2.13s
[Coach] >>> TRAIN @Epoch: 99 >>>  || LOSS Avg: 0.15935
[Wall TIME] >>> Coach.train takes 2.129026 seconds ...
[Epoch 100 Telemetry] BPR: 0.158459 | LHC: 0.000000 (lambda=0.000000) | 56356.9 samples/s | 2.10s
[Coach] >>> TRAIN @Epoch: 100 >>>  || LOSS Avg: 0.15846
[Wall TIME] >>> Coach.train takes 2.151128 seconds ...
[Coach] >>> VALID @Epoch: 100 >>>  || RECALL@1 Avg: 0.0121 || RECALL@10 Avg: 0.0630 || RECALL@20 Avg: 0.0979 || NDCG@10 Avg: 0.0336 || NDCG@20 Avg: 0.0424
[Wall TIME] >>> Coach.valid takes 0.545719 seconds ...
[Epoch 101 Telemetry] BPR: 0.159052 | LHC: 0.000000 (lambda=0.000000) | 58821.3 samples/s | 2.02s
[Coach] >>> TRAIN @Epoch: 101 >>>  || LOSS Avg: 0.15905
[Wall TIME] >>> Coach.train takes 2.016183 seconds ...
[Epoch 102 Telemetry] BPR: 0.157948 | LHC: 0.000000 (lambda=0.000000) | 58166.4 samples/s | 2.04s
[Coach] >>> TRAIN @Epoch: 102 >>>  || LOSS Avg: 0.15795
[Wall TIME] >>> Coach.train takes 2.038854 seconds ...
[Epoch 103 Telemetry] BPR: 0.158591 | LHC: 0.000000 (lambda=0.000000) | 47706.2 samples/s | 2.49s
[Coach] >>> TRAIN @Epoch: 103 >>>  || LOSS Avg: 0.15859
[Wall TIME] >>> Coach.train takes 2.485772 seconds ...
[Epoch 104 Telemetry] BPR: 0.158118 | LHC: 0.000000 (lambda=0.000000) | 55184.0 samples/s | 2.15s
[Coach] >>> TRAIN @Epoch: 104 >>>  || LOSS Avg: 0.15812
[Wall TIME] >>> Coach.train takes 2.148917 seconds ...
[Epoch 105 Telemetry] BPR: 0.157593 | LHC: 0.000000 (lambda=0.000000) | 56021.8 samples/s | 2.12s
[Coach] >>> TRAIN @Epoch: 105 >>>  || LOSS Avg: 0.15759
[Wall TIME] >>> Coach.train takes 2.116863 seconds ...
[Coach] >>> VALID @Epoch: 105 >>>  || RECALL@1 Avg: 0.0122 || RECALL@10 Avg: 0.0624 || RECALL@20 Avg: 0.0975 || NDCG@10 Avg: 0.0335 || NDCG@20 Avg: 0.0425
[Wall TIME] >>> Coach.valid takes 0.544304 seconds ...
[Epoch 106 Telemetry] BPR: 0.156824 | LHC: 0.000000 (lambda=0.000000) | 58606.1 samples/s | 2.02s
[Coach] >>> TRAIN @Epoch: 106 >>>  || LOSS Avg: 0.15682
[Wall TIME] >>> Coach.train takes 2.023570 seconds ...
[Epoch 107 Telemetry] BPR: 0.156533 | LHC: 0.000000 (lambda=0.000000) | 49987.6 samples/s | 2.37s
[Coach] >>> TRAIN @Epoch: 107 >>>  || LOSS Avg: 0.15653
[Wall TIME] >>> Coach.train takes 2.372342 seconds ...
[Epoch 108 Telemetry] BPR: 0.157346 | LHC: 0.000000 (lambda=0.000000) | 56592.1 samples/s | 2.09s
[Coach] >>> TRAIN @Epoch: 108 >>>  || LOSS Avg: 0.15735
[Wall TIME] >>> Coach.train takes 2.095565 seconds ...
[Epoch 109 Telemetry] BPR: 0.156126 | LHC: 0.000000 (lambda=0.000000) | 56480.2 samples/s | 2.10s
[Coach] >>> TRAIN @Epoch: 109 >>>  || LOSS Avg: 0.15613
[Wall TIME] >>> Coach.train takes 2.099640 seconds ...
[Epoch 110 Telemetry] BPR: 0.155430 | LHC: 0.000000 (lambda=0.000000) | 56203.9 samples/s | 2.11s
[Coach] >>> TRAIN @Epoch: 110 >>>  || LOSS Avg: 0.15543
[Wall TIME] >>> Coach.train takes 2.157411 seconds ...
[Coach] >>> VALID @Epoch: 110 >>>  || RECALL@1 Avg: 0.0122 || RECALL@10 Avg: 0.0640 || RECALL@20 Avg: 0.0982 || NDCG@10 Avg: 0.0339 || NDCG@20 Avg: 0.0426
[Wall TIME] >>> Coach.valid takes 0.543932 seconds ...
[Epoch 111 Telemetry] BPR: 0.154714 | LHC: 0.000000 (lambda=0.000000) | 50770.2 samples/s | 2.34s
[Coach] >>> TRAIN @Epoch: 111 >>>  || LOSS Avg: 0.15471
[Wall TIME] >>> Coach.train takes 2.335787 seconds ...
[Epoch 112 Telemetry] BPR: 0.155492 | LHC: 0.000000 (lambda=0.000000) | 56972.9 samples/s | 2.08s
[Coach] >>> TRAIN @Epoch: 112 >>>  || LOSS Avg: 0.15549
[Wall TIME] >>> Coach.train takes 2.081539 seconds ...
[Epoch 113 Telemetry] BPR: 0.154975 | LHC: 0.000000 (lambda=0.000000) | 58037.9 samples/s | 2.04s
[Coach] >>> TRAIN @Epoch: 113 >>>  || LOSS Avg: 0.15498
[Wall TIME] >>> Coach.train takes 2.043386 seconds ...
[Epoch 114 Telemetry] BPR: 0.154350 | LHC: 0.000000 (lambda=0.000000) | 57670.1 samples/s | 2.06s
[Coach] >>> TRAIN @Epoch: 114 >>>  || LOSS Avg: 0.15435
[Wall TIME] >>> Coach.train takes 2.056399 seconds ...
[Epoch 115 Telemetry] BPR: 0.154301 | LHC: 0.000000 (lambda=0.000000) | 48421.0 samples/s | 2.45s
[Coach] >>> TRAIN @Epoch: 115 >>>  || LOSS Avg: 0.15430
[Wall TIME] >>> Coach.train takes 2.449085 seconds ...
[Coach] >>> VALID @Epoch: 115 >>>  || RECALL@1 Avg: 0.0121 || RECALL@10 Avg: 0.0632 || RECALL@20 Avg: 0.0976 || NDCG@10 Avg: 0.0336 || NDCG@20 Avg: 0.0424
[Wall TIME] >>> Coach.valid takes 0.545755 seconds ...
[Epoch 116 Telemetry] BPR: 0.153907 | LHC: 0.000000 (lambda=0.000000) | 58982.0 samples/s | 2.01s
[Coach] >>> TRAIN @Epoch: 116 >>>  || LOSS Avg: 0.15391
[Wall TIME] >>> Coach.train takes 2.010733 seconds ...
[Epoch 117 Telemetry] BPR: 0.153689 | LHC: 0.000000 (lambda=0.000000) | 58116.4 samples/s | 2.04s
[Coach] >>> TRAIN @Epoch: 117 >>>  || LOSS Avg: 0.15369
[Wall TIME] >>> Coach.train takes 2.040595 seconds ...
[Epoch 118 Telemetry] BPR: 0.153279 | LHC: 0.000000 (lambda=0.000000) | 58349.8 samples/s | 2.03s
[Coach] >>> TRAIN @Epoch: 118 >>>  || LOSS Avg: 0.15328
[Wall TIME] >>> Coach.train takes 2.032332 seconds ...
[Epoch 119 Telemetry] BPR: 0.153463 | LHC: 0.000000 (lambda=0.000000) | 49341.7 samples/s | 2.40s
[Coach] >>> TRAIN @Epoch: 119 >>>  || LOSS Avg: 0.15346
[Wall TIME] >>> Coach.train takes 2.403457 seconds ...
[Epoch 120 Telemetry] BPR: 0.152914 | LHC: 0.000000 (lambda=0.000000) | 56251.3 samples/s | 2.11s
[Coach] >>> TRAIN @Epoch: 120 >>>  || LOSS Avg: 0.15291
[Wall TIME] >>> Coach.train takes 2.157273 seconds ...
[Coach] >>> VALID @Epoch: 120 >>>  || RECALL@1 Avg: 0.0120 || RECALL@10 Avg: 0.0628 || RECALL@20 Avg: 0.0985 || NDCG@10 Avg: 0.0335 || NDCG@20 Avg: 0.0426
[Wall TIME] >>> Coach.valid takes 0.557034 seconds ...
[Epoch 121 Telemetry] BPR: 0.152939 | LHC: 0.000000 (lambda=0.000000) | 58757.2 samples/s | 2.02s
[Coach] >>> TRAIN @Epoch: 121 >>>  || LOSS Avg: 0.15294
[Wall TIME] >>> Coach.train takes 2.018358 seconds ...
[Epoch 122 Telemetry] BPR: 0.153312 | LHC: 0.000000 (lambda=0.000000) | 58362.2 samples/s | 2.03s
[Coach] >>> TRAIN @Epoch: 122 >>>  || LOSS Avg: 0.15331
[Wall TIME] >>> Coach.train takes 2.032009 seconds ...
[Epoch 123 Telemetry] BPR: 0.152167 | LHC: 0.000000 (lambda=0.000000) | 49585.9 samples/s | 2.39s
[Coach] >>> TRAIN @Epoch: 123 >>>  || LOSS Avg: 0.15217
[Wall TIME] >>> Coach.train takes 2.391548 seconds ...
[Epoch 124 Telemetry] BPR: 0.152224 | LHC: 0.000000 (lambda=0.000000) | 56033.0 samples/s | 2.12s
[Coach] >>> TRAIN @Epoch: 124 >>>  || LOSS Avg: 0.15222
[Wall TIME] >>> Coach.train takes 2.116445 seconds ...
[Epoch 125 Telemetry] BPR: 0.152610 | LHC: 0.000000 (lambda=0.000000) | 56353.0 samples/s | 2.10s
[Coach] >>> TRAIN @Epoch: 125 >>>  || LOSS Avg: 0.15261
[Wall TIME] >>> Coach.train takes 2.104501 seconds ...
[Coach] >>> VALID @Epoch: 125 >>>  || RECALL@1 Avg: 0.0118 || RECALL@10 Avg: 0.0632 || RECALL@20 Avg: 0.0989 || NDCG@10 Avg: 0.0335 || NDCG@20 Avg: 0.0426
[Wall TIME] >>> Coach.valid takes 0.544302 seconds ...
[Epoch 126 Telemetry] BPR: 0.152048 | LHC: 0.000000 (lambda=0.000000) | 57750.2 samples/s | 2.05s
[Coach] >>> TRAIN @Epoch: 126 >>>  || LOSS Avg: 0.15205
[Wall TIME] >>> Coach.train takes 2.053607 seconds ...
[Epoch 127 Telemetry] BPR: 0.151359 | LHC: 0.000000 (lambda=0.000000) | 50442.6 samples/s | 2.35s
[Coach] >>> TRAIN @Epoch: 127 >>>  || LOSS Avg: 0.15136
[Wall TIME] >>> Coach.train takes 2.350899 seconds ...
[Epoch 128 Telemetry] BPR: 0.151055 | LHC: 0.000000 (lambda=0.000000) | 56979.7 samples/s | 2.08s
[Coach] >>> TRAIN @Epoch: 128 >>>  || LOSS Avg: 0.15105
[Wall TIME] >>> Coach.train takes 2.081317 seconds ...
[Epoch 129 Telemetry] BPR: 0.151483 | LHC: 0.000000 (lambda=0.000000) | 56581.2 samples/s | 2.10s
[Coach] >>> TRAIN @Epoch: 129 >>>  || LOSS Avg: 0.15148
[Wall TIME] >>> Coach.train takes 2.095963 seconds ...
[Epoch 130 Telemetry] BPR: 0.150650 | LHC: 0.000000 (lambda=0.000000) | 55573.1 samples/s | 2.13s
[Coach] >>> TRAIN @Epoch: 130 >>>  || LOSS Avg: 0.15065
[Wall TIME] >>> Coach.train takes 2.179214 seconds ...
[Coach] >>> VALID @Epoch: 130 >>>  || RECALL@1 Avg: 0.0120 || RECALL@10 Avg: 0.0630 || RECALL@20 Avg: 0.0981 || NDCG@10 Avg: 0.0335 || NDCG@20 Avg: 0.0425
[Wall TIME] >>> Coach.valid takes 0.560993 seconds ...
[Epoch 131 Telemetry] BPR: 0.150392 | LHC: 0.000000 (lambda=0.000000) | 58523.9 samples/s | 2.03s
[Coach] >>> TRAIN @Epoch: 131 >>>  || LOSS Avg: 0.15039
[Wall TIME] >>> Coach.train takes 2.026407 seconds ...
[Epoch 132 Telemetry] BPR: 0.150919 | LHC: 0.000000 (lambda=0.000000) | 49468.7 samples/s | 2.40s
[Coach] >>> TRAIN @Epoch: 132 >>>  || LOSS Avg: 0.15092
[Wall TIME] >>> Coach.train takes 2.397131 seconds ...
[Epoch 133 Telemetry] BPR: 0.151174 | LHC: 0.000000 (lambda=0.000000) | 57126.4 samples/s | 2.08s
[Coach] >>> TRAIN @Epoch: 133 >>>  || LOSS Avg: 0.15117
[Wall TIME] >>> Coach.train takes 2.075944 seconds ...
[Epoch 134 Telemetry] BPR: 0.150636 | LHC: 0.000000 (lambda=0.000000) | 56805.2 samples/s | 2.09s
[Coach] >>> TRAIN @Epoch: 134 >>>  || LOSS Avg: 0.15064
[Wall TIME] >>> Coach.train takes 2.087635 seconds ...
[Epoch 135 Telemetry] BPR: 0.150061 | LHC: 0.000000 (lambda=0.000000) | 54837.6 samples/s | 2.16s
[Coach] >>> TRAIN @Epoch: 135 >>>  || LOSS Avg: 0.15006
[Wall TIME] >>> Coach.train takes 2.162493 seconds ...
[Coach] >>> VALID @Epoch: 135 >>>  || RECALL@1 Avg: 0.0121 || RECALL@10 Avg: 0.0627 || RECALL@20 Avg: 0.0986 || NDCG@10 Avg: 0.0335 || NDCG@20 Avg: 0.0427
[Wall TIME] >>> Coach.valid takes 0.547834 seconds ...
[Epoch 136 Telemetry] BPR: 0.150373 | LHC: 0.000000 (lambda=0.000000) | 50675.6 samples/s | 2.34s
[Coach] >>> TRAIN @Epoch: 136 >>>  || LOSS Avg: 0.15037
[Wall TIME] >>> Coach.train takes 2.340151 seconds ...
[Epoch 137 Telemetry] BPR: 0.149325 | LHC: 0.000000 (lambda=0.000000) | 58066.5 samples/s | 2.04s
[Coach] >>> TRAIN @Epoch: 137 >>>  || LOSS Avg: 0.14933
[Wall TIME] >>> Coach.train takes 2.042318 seconds ...
[Epoch 138 Telemetry] BPR: 0.149397 | LHC: 0.000000 (lambda=0.000000) | 58381.0 samples/s | 2.03s
[Coach] >>> TRAIN @Epoch: 138 >>>  || LOSS Avg: 0.14940
[Wall TIME] >>> Coach.train takes 2.031254 seconds ...
[Epoch 139 Telemetry] BPR: 0.149434 | LHC: 0.000000 (lambda=0.000000) | 56898.4 samples/s | 2.08s
[Coach] >>> TRAIN @Epoch: 139 >>>  || LOSS Avg: 0.14943
[Wall TIME] >>> Coach.train takes 2.084235 seconds ...
[Epoch 140 Telemetry] BPR: 0.149058 | LHC: 0.000000 (lambda=0.000000) | 48272.3 samples/s | 2.46s
[Coach] >>> TRAIN @Epoch: 140 >>>  || LOSS Avg: 0.14906
[Wall TIME] >>> Coach.train takes 2.504805 seconds ...
[Coach] >>> Better ***NDCG@20*** of ***0.0427*** 
[Coach] >>> VALID @Epoch: 140 >>>  || RECALL@1 Avg: 0.0121 || RECALL@10 Avg: 0.0631 || RECALL@20 Avg: 0.0987 || NDCG@10 Avg: 0.0337 || NDCG@20 Avg: 0.0427
[Wall TIME] >>> Coach.valid takes 0.599868 seconds ...
[Epoch 141 Telemetry] BPR: 0.148942 | LHC: 0.000000 (lambda=0.000000) | 58218.2 samples/s | 2.04s
[Coach] >>> TRAIN @Epoch: 141 >>>  || LOSS Avg: 0.14894
[Wall TIME] >>> Coach.train takes 2.037068 seconds ...
[Epoch 142 Telemetry] BPR: 0.149059 | LHC: 0.000000 (lambda=0.000000) | 58107.9 samples/s | 2.04s
[Coach] >>> TRAIN @Epoch: 142 >>>  || LOSS Avg: 0.14906
[Wall TIME] >>> Coach.train takes 2.040942 seconds ...
[Epoch 143 Telemetry] BPR: 0.149046 | LHC: 0.000000 (lambda=0.000000) | 56037.7 samples/s | 2.12s
[Coach] >>> TRAIN @Epoch: 143 >>>  || LOSS Avg: 0.14905
[Wall TIME] >>> Coach.train takes 2.116270 seconds ...
[Epoch 144 Telemetry] BPR: 0.148238 | LHC: 0.000000 (lambda=0.000000) | 48489.0 samples/s | 2.44s
[Coach] >>> TRAIN @Epoch: 144 >>>  || LOSS Avg: 0.14824
[Wall TIME] >>> Coach.train takes 2.445566 seconds ...
[Epoch 145 Telemetry] BPR: 0.148217 | LHC: 0.000000 (lambda=0.000000) | 55436.4 samples/s | 2.14s
[Coach] >>> TRAIN @Epoch: 145 >>>  || LOSS Avg: 0.14822
[Wall TIME] >>> Coach.train takes 2.139207 seconds ...
[Coach] >>> VALID @Epoch: 145 >>>  || RECALL@1 Avg: 0.0121 || RECALL@10 Avg: 0.0632 || RECALL@20 Avg: 0.0986 || NDCG@10 Avg: 0.0337 || NDCG@20 Avg: 0.0427
[Wall TIME] >>> Coach.valid takes 0.550641 seconds ...
[Epoch 146 Telemetry] BPR: 0.147801 | LHC: 0.000000 (lambda=0.000000) | 59045.0 samples/s | 2.01s
[Coach] >>> TRAIN @Epoch: 146 >>>  || LOSS Avg: 0.14780
[Wall TIME] >>> Coach.train takes 2.008591 seconds ...
[Epoch 147 Telemetry] BPR: 0.148395 | LHC: 0.000000 (lambda=0.000000) | 58371.4 samples/s | 2.03s
[Coach] >>> TRAIN @Epoch: 147 >>>  || LOSS Avg: 0.14839
[Wall TIME] >>> Coach.train takes 2.031662 seconds ...
[Epoch 148 Telemetry] BPR: 0.148194 | LHC: 0.000000 (lambda=0.000000) | 48364.0 samples/s | 2.45s
[Coach] >>> TRAIN @Epoch: 148 >>>  || LOSS Avg: 0.14819
[Wall TIME] >>> Coach.train takes 2.452116 seconds ...
[Epoch 149 Telemetry] BPR: 0.147708 | LHC: 0.000000 (lambda=0.000000) | 55679.8 samples/s | 2.13s
[Coach] >>> TRAIN @Epoch: 149 >>>  || LOSS Avg: 0.14771
[Wall TIME] >>> Coach.train takes 2.129929 seconds ...
[Epoch 150 Telemetry] BPR: 0.147477 | LHC: 0.000000 (lambda=0.000000) | 53981.0 samples/s | 2.20s
[Coach] >>> TRAIN @Epoch: 150 >>>  || LOSS Avg: 0.14748
[Wall TIME] >>> Coach.train takes 2.242547 seconds ...
[Coach] >>> VALID @Epoch: 150 >>>  || RECALL@1 Avg: 0.0123 || RECALL@10 Avg: 0.0634 || RECALL@20 Avg: 0.0985 || NDCG@10 Avg: 0.0338 || NDCG@20 Avg: 0.0427
[Wall TIME] >>> Coach.valid takes 0.553871 seconds ...
[Epoch 151 Telemetry] BPR: 0.147837 | LHC: 0.000000 (lambda=0.000000) | 59325.9 samples/s | 2.00s
[Coach] >>> TRAIN @Epoch: 151 >>>  || LOSS Avg: 0.14784
[Wall TIME] >>> Coach.train takes 1.999086 seconds ...
[Epoch 152 Telemetry] BPR: 0.147807 | LHC: 0.000000 (lambda=0.000000) | 48932.1 samples/s | 2.42s
[Coach] >>> TRAIN @Epoch: 152 >>>  || LOSS Avg: 0.14781
[Wall TIME] >>> Coach.train takes 2.423551 seconds ...
[Epoch 153 Telemetry] BPR: 0.146801 | LHC: 0.000000 (lambda=0.000000) | 56955.4 samples/s | 2.08s
[Coach] >>> TRAIN @Epoch: 153 >>>  || LOSS Avg: 0.14680
[Wall TIME] >>> Coach.train takes 2.082234 seconds ...
[Epoch 154 Telemetry] BPR: 0.147478 | LHC: 0.000000 (lambda=0.000000) | 56213.8 samples/s | 2.11s
[Coach] >>> TRAIN @Epoch: 154 >>>  || LOSS Avg: 0.14748
[Wall TIME] >>> Coach.train takes 2.109663 seconds ...
[Epoch 155 Telemetry] BPR: 0.146802 | LHC: 0.000000 (lambda=0.000000) | 56405.0 samples/s | 2.10s
[Coach] >>> TRAIN @Epoch: 155 >>>  || LOSS Avg: 0.14680
[Wall TIME] >>> Coach.train takes 2.102436 seconds ...
[Coach] >>> Better ***NDCG@20*** of ***0.0428*** 
[Coach] >>> VALID @Epoch: 155 >>>  || RECALL@1 Avg: 0.0123 || RECALL@10 Avg: 0.0638 || RECALL@20 Avg: 0.0988 || NDCG@10 Avg: 0.0339 || NDCG@20 Avg: 0.0428
[Wall TIME] >>> Coach.valid takes 0.566785 seconds ...
[Epoch 156 Telemetry] BPR: 0.146590 | LHC: 0.000000 (lambda=0.000000) | 58699.8 samples/s | 2.02s
[Coach] >>> TRAIN @Epoch: 156 >>>  || LOSS Avg: 0.14659
[Wall TIME] >>> Coach.train takes 2.020627 seconds ...
[Epoch 157 Telemetry] BPR: 0.147022 | LHC: 0.000000 (lambda=0.000000) | 49760.8 samples/s | 2.38s
[Coach] >>> TRAIN @Epoch: 157 >>>  || LOSS Avg: 0.14702
[Wall TIME] >>> Coach.train takes 2.383207 seconds ...
[Epoch 158 Telemetry] BPR: 0.147294 | LHC: 0.000000 (lambda=0.000000) | 57921.4 samples/s | 2.05s
[Coach] >>> TRAIN @Epoch: 158 >>>  || LOSS Avg: 0.14729
[Wall TIME] >>> Coach.train takes 2.047400 seconds ...
[Epoch 159 Telemetry] BPR: 0.146362 | LHC: 0.000000 (lambda=0.000000) | 57168.2 samples/s | 2.07s
[Coach] >>> TRAIN @Epoch: 159 >>>  || LOSS Avg: 0.14636
[Wall TIME] >>> Coach.train takes 2.074459 seconds ...
[Epoch 160 Telemetry] BPR: 0.146075 | LHC: 0.000000 (lambda=0.000000) | 56314.4 samples/s | 2.11s
[Coach] >>> TRAIN @Epoch: 160 >>>  || LOSS Avg: 0.14607
[Wall TIME] >>> Coach.train takes 2.152314 seconds ...
[Coach] >>> VALID @Epoch: 160 >>>  || RECALL@1 Avg: 0.0122 || RECALL@10 Avg: 0.0636 || RECALL@20 Avg: 0.0988 || NDCG@10 Avg: 0.0338 || NDCG@20 Avg: 0.0427
[Wall TIME] >>> Coach.valid takes 0.552977 seconds ...
[Epoch 161 Telemetry] BPR: 0.146022 | LHC: 0.000000 (lambda=0.000000) | 49549.8 samples/s | 2.39s
[Coach] >>> TRAIN @Epoch: 161 >>>  || LOSS Avg: 0.14602
[Wall TIME] >>> Coach.train takes 2.393184 seconds ...
[Epoch 162 Telemetry] BPR: 0.146940 | LHC: 0.000000 (lambda=0.000000) | 58725.4 samples/s | 2.02s
[Coach] >>> TRAIN @Epoch: 162 >>>  || LOSS Avg: 0.14694
[Wall TIME] >>> Coach.train takes 2.019432 seconds ...
[Epoch 163 Telemetry] BPR: 0.145843 | LHC: 0.000000 (lambda=0.000000) | 57942.6 samples/s | 2.05s
[Coach] >>> TRAIN @Epoch: 163 >>>  || LOSS Avg: 0.14584
[Wall TIME] >>> Coach.train takes 2.046828 seconds ...
[Epoch 164 Telemetry] BPR: 0.146151 | LHC: 0.000000 (lambda=0.000000) | 57517.5 samples/s | 2.06s
[Coach] >>> TRAIN @Epoch: 164 >>>  || LOSS Avg: 0.14615
[Wall TIME] >>> Coach.train takes 2.061898 seconds ...
[Epoch 165 Telemetry] BPR: 0.146401 | LHC: 0.000000 (lambda=0.000000) | 47392.9 samples/s | 2.50s
[Coach] >>> TRAIN @Epoch: 165 >>>  || LOSS Avg: 0.14640
[Wall TIME] >>> Coach.train takes 2.502117 seconds ...
[Coach] >>> VALID @Epoch: 165 >>>  || RECALL@1 Avg: 0.0120 || RECALL@10 Avg: 0.0641 || RECALL@20 Avg: 0.0986 || NDCG@10 Avg: 0.0339 || NDCG@20 Avg: 0.0426
[Wall TIME] >>> Coach.valid takes 0.550108 seconds ...
[Epoch 166 Telemetry] BPR: 0.145555 | LHC: 0.000000 (lambda=0.000000) | 59154.1 samples/s | 2.00s
[Coach] >>> TRAIN @Epoch: 166 >>>  || LOSS Avg: 0.14555
[Wall TIME] >>> Coach.train takes 2.004929 seconds ...
[Epoch 167 Telemetry] BPR: 0.145812 | LHC: 0.000000 (lambda=0.000000) | 58541.8 samples/s | 2.03s
[Coach] >>> TRAIN @Epoch: 167 >>>  || LOSS Avg: 0.14581
[Wall TIME] >>> Coach.train takes 2.025874 seconds ...
[Epoch 168 Telemetry] BPR: 0.145805 | LHC: 0.000000 (lambda=0.000000) | 57452.4 samples/s | 2.06s
[Coach] >>> TRAIN @Epoch: 168 >>>  || LOSS Avg: 0.14580
[Wall TIME] >>> Coach.train takes 2.064192 seconds ...
[Epoch 169 Telemetry] BPR: 0.145643 | LHC: 0.000000 (lambda=0.000000) | 48790.1 samples/s | 2.43s
[Coach] >>> TRAIN @Epoch: 169 >>>  || LOSS Avg: 0.14564
[Wall TIME] >>> Coach.train takes 2.430655 seconds ...
[Epoch 170 Telemetry] BPR: 0.144979 | LHC: 0.000000 (lambda=0.000000) | 55616.8 samples/s | 2.13s
[Coach] >>> TRAIN @Epoch: 170 >>>  || LOSS Avg: 0.14498
[Wall TIME] >>> Coach.train takes 2.178066 seconds ...
[Coach] >>> VALID @Epoch: 170 >>>  || RECALL@1 Avg: 0.0120 || RECALL@10 Avg: 0.0632 || RECALL@20 Avg: 0.0987 || NDCG@10 Avg: 0.0337 || NDCG@20 Avg: 0.0427
[Wall TIME] >>> Coach.valid takes 0.554519 seconds ...
[Epoch 171 Telemetry] BPR: 0.144939 | LHC: 0.000000 (lambda=0.000000) | 60044.6 samples/s | 1.97s
[Coach] >>> TRAIN @Epoch: 171 >>>  || LOSS Avg: 0.14494
[Wall TIME] >>> Coach.train takes 1.975119 seconds ...
[Epoch 172 Telemetry] BPR: 0.144930 | LHC: 0.000000 (lambda=0.000000) | 58503.1 samples/s | 2.03s
[Coach] >>> TRAIN @Epoch: 172 >>>  || LOSS Avg: 0.14493
[Wall TIME] >>> Coach.train takes 2.027168 seconds ...
[Epoch 173 Telemetry] BPR: 0.144947 | LHC: 0.000000 (lambda=0.000000) | 49431.9 samples/s | 2.40s
[Coach] >>> TRAIN @Epoch: 173 >>>  || LOSS Avg: 0.14495
[Wall TIME] >>> Coach.train takes 2.399083 seconds ...
[Epoch 174 Telemetry] BPR: 0.145014 | LHC: 0.000000 (lambda=0.000000) | 55769.3 samples/s | 2.13s
[Coach] >>> TRAIN @Epoch: 174 >>>  || LOSS Avg: 0.14501
[Wall TIME] >>> Coach.train takes 2.126599 seconds ...
[Epoch 175 Telemetry] BPR: 0.144482 | LHC: 0.000000 (lambda=0.000000) | 55105.7 samples/s | 2.15s
[Coach] >>> TRAIN @Epoch: 175 >>>  || LOSS Avg: 0.14448
[Wall TIME] >>> Coach.train takes 2.152140 seconds ...
[Coach] >>> VALID @Epoch: 175 >>>  || RECALL@1 Avg: 0.0119 || RECALL@10 Avg: 0.0646 || RECALL@20 Avg: 0.0982 || NDCG@10 Avg: 0.0341 || NDCG@20 Avg: 0.0426
[Wall TIME] >>> Coach.valid takes 0.545693 seconds ...
[Epoch 176 Telemetry] BPR: 0.144164 | LHC: 0.000000 (lambda=0.000000) | 58614.9 samples/s | 2.02s
[Coach] >>> TRAIN @Epoch: 176 >>>  || LOSS Avg: 0.14416
[Wall TIME] >>> Coach.train takes 2.023334 seconds ...
[Epoch 177 Telemetry] BPR: 0.144272 | LHC: 0.000000 (lambda=0.000000) | 49557.1 samples/s | 2.39s
[Coach] >>> TRAIN @Epoch: 177 >>>  || LOSS Avg: 0.14427
[Wall TIME] >>> Coach.train takes 2.392974 seconds ...
[Epoch 178 Telemetry] BPR: 0.145145 | LHC: 0.000000 (lambda=0.000000) | 56715.8 samples/s | 2.09s
[Coach] >>> TRAIN @Epoch: 178 >>>  || LOSS Avg: 0.14515
[Wall TIME] >>> Coach.train takes 2.090970 seconds ...
[Epoch 179 Telemetry] BPR: 0.145242 | LHC: 0.000000 (lambda=0.000000) | 56043.3 samples/s | 2.12s
[Coach] >>> TRAIN @Epoch: 179 >>>  || LOSS Avg: 0.14524
[Wall TIME] >>> Coach.train takes 2.116075 seconds ...
[Epoch 180 Telemetry] BPR: 0.144245 | LHC: 0.000000 (lambda=0.000000) | 56622.5 samples/s | 2.09s
[Coach] >>> TRAIN @Epoch: 180 >>>  || LOSS Avg: 0.14424
[Wall TIME] >>> Coach.train takes 2.138309 seconds ...
[Coach] >>> Better ***NDCG@20*** of ***0.0429*** 
[Coach] >>> VALID @Epoch: 180 >>>  || RECALL@1 Avg: 0.0123 || RECALL@10 Avg: 0.0637 || RECALL@20 Avg: 0.0993 || NDCG@10 Avg: 0.0339 || NDCG@20 Avg: 0.0429
[Wall TIME] >>> Coach.valid takes 0.573148 seconds ...
[Epoch 181 Telemetry] BPR: 0.144558 | LHC: 0.000000 (lambda=0.000000) | 50079.4 samples/s | 2.37s
[Coach] >>> TRAIN @Epoch: 181 >>>  || LOSS Avg: 0.14456
[Wall TIME] >>> Coach.train takes 2.368016 seconds ...
[Epoch 182 Telemetry] BPR: 0.143746 | LHC: 0.000000 (lambda=0.000000) | 58162.9 samples/s | 2.04s
[Coach] >>> TRAIN @Epoch: 182 >>>  || LOSS Avg: 0.14375
[Wall TIME] >>> Coach.train takes 2.039041 seconds ...
[Epoch 183 Telemetry] BPR: 0.144061 | LHC: 0.000000 (lambda=0.000000) | 55347.6 samples/s | 2.14s
[Coach] >>> TRAIN @Epoch: 183 >>>  || LOSS Avg: 0.14406
[Wall TIME] >>> Coach.train takes 2.142698 seconds ...
[Epoch 184 Telemetry] BPR: 0.143758 | LHC: 0.000000 (lambda=0.000000) | 56652.3 samples/s | 2.09s
[Coach] >>> TRAIN @Epoch: 184 >>>  || LOSS Avg: 0.14376
[Wall TIME] >>> Coach.train takes 2.093385 seconds ...
[Epoch 185 Telemetry] BPR: 0.143815 | LHC: 0.000000 (lambda=0.000000) | 56032.4 samples/s | 2.12s
[Coach] >>> TRAIN @Epoch: 185 >>>  || LOSS Avg: 0.14381
[Wall TIME] >>> Coach.train takes 2.116469 seconds ...
[Coach] >>> VALID @Epoch: 185 >>>  || RECALL@1 Avg: 0.0123 || RECALL@10 Avg: 0.0634 || RECALL@20 Avg: 0.0987 || NDCG@10 Avg: 0.0338 || NDCG@20 Avg: 0.0428
[Wall TIME] >>> Coach.valid takes 0.547040 seconds ...
[Epoch 186 Telemetry] BPR: 0.143306 | LHC: 0.000000 (lambda=0.000000) | 50294.2 samples/s | 2.36s
[Coach] >>> TRAIN @Epoch: 186 >>>  || LOSS Avg: 0.14331
[Wall TIME] >>> Coach.train takes 2.357902 seconds ...
[Epoch 187 Telemetry] BPR: 0.143557 | LHC: 0.000000 (lambda=0.000000) | 57545.8 samples/s | 2.06s
[Coach] >>> TRAIN @Epoch: 187 >>>  || LOSS Avg: 0.14356
[Wall TIME] >>> Coach.train takes 2.060823 seconds ...
[Epoch 188 Telemetry] BPR: 0.143973 | LHC: 0.000000 (lambda=0.000000) | 56899.5 samples/s | 2.08s
[Coach] >>> TRAIN @Epoch: 188 >>>  || LOSS Avg: 0.14397
[Wall TIME] >>> Coach.train takes 2.084328 seconds ...
[Epoch 189 Telemetry] BPR: 0.144219 | LHC: 0.000000 (lambda=0.000000) | 56896.2 samples/s | 2.08s
[Coach] >>> TRAIN @Epoch: 189 >>>  || LOSS Avg: 0.14422
[Wall TIME] >>> Coach.train takes 2.084357 seconds ...
[Epoch 190 Telemetry] BPR: 0.143512 | LHC: 0.000000 (lambda=0.000000) | 47272.5 samples/s | 2.51s
[Coach] >>> TRAIN @Epoch: 190 >>>  || LOSS Avg: 0.14351
[Wall TIME] >>> Coach.train takes 2.556288 seconds ...
[Coach] >>> VALID @Epoch: 190 >>>  || RECALL@1 Avg: 0.0123 || RECALL@10 Avg: 0.0634 || RECALL@20 Avg: 0.0991 || NDCG@10 Avg: 0.0337 || NDCG@20 Avg: 0.0428
[Wall TIME] >>> Coach.valid takes 0.574271 seconds ...
[Epoch 191 Telemetry] BPR: 0.143121 | LHC: 0.000000 (lambda=0.000000) | 58658.8 samples/s | 2.02s
[Coach] >>> TRAIN @Epoch: 191 >>>  || LOSS Avg: 0.14312
[Wall TIME] >>> Coach.train takes 2.021837 seconds ...
[Epoch 192 Telemetry] BPR: 0.143490 | LHC: 0.000000 (lambda=0.000000) | 56821.1 samples/s | 2.09s
[Coach] >>> TRAIN @Epoch: 192 >>>  || LOSS Avg: 0.14349
[Wall TIME] >>> Coach.train takes 2.087179 seconds ...
[Epoch 193 Telemetry] BPR: 0.143757 | LHC: 0.000000 (lambda=0.000000) | 57149.7 samples/s | 2.07s
[Coach] >>> TRAIN @Epoch: 193 >>>  || LOSS Avg: 0.14376
[Wall TIME] >>> Coach.train takes 2.075107 seconds ...
[Epoch 194 Telemetry] BPR: 0.143319 | LHC: 0.000000 (lambda=0.000000) | 47920.8 samples/s | 2.47s
[Coach] >>> TRAIN @Epoch: 194 >>>  || LOSS Avg: 0.14332
[Wall TIME] >>> Coach.train takes 2.474527 seconds ...
[Epoch 195 Telemetry] BPR: 0.143159 | LHC: 0.000000 (lambda=0.000000) | 54998.5 samples/s | 2.16s
[Coach] >>> TRAIN @Epoch: 195 >>>  || LOSS Avg: 0.14316
[Wall TIME] >>> Coach.train takes 2.156257 seconds ...
[Coach] >>> VALID @Epoch: 195 >>>  || RECALL@1 Avg: 0.0124 || RECALL@10 Avg: 0.0635 || RECALL@20 Avg: 0.0985 || NDCG@10 Avg: 0.0339 || NDCG@20 Avg: 0.0428
[Wall TIME] >>> Coach.valid takes 0.550190 seconds ...
[Epoch 196 Telemetry] BPR: 0.143306 | LHC: 0.000000 (lambda=0.000000) | 58313.2 samples/s | 2.03s
[Coach] >>> TRAIN @Epoch: 196 >>>  || LOSS Avg: 0.14331
[Wall TIME] >>> Coach.train takes 2.033693 seconds ...
[Epoch 197 Telemetry] BPR: 0.143165 | LHC: 0.000000 (lambda=0.000000) | 58630.5 samples/s | 2.02s
[Coach] >>> TRAIN @Epoch: 197 >>>  || LOSS Avg: 0.14317
[Wall TIME] >>> Coach.train takes 2.022650 seconds ...
[Epoch 198 Telemetry] BPR: 0.143045 | LHC: 0.000000 (lambda=0.000000) | 49083.1 samples/s | 2.42s
[Coach] >>> TRAIN @Epoch: 198 >>>  || LOSS Avg: 0.14304
[Wall TIME] >>> Coach.train takes 2.416085 seconds ...
[Epoch 199 Telemetry] BPR: 0.142418 | LHC: 0.000000 (lambda=0.000000) | 56842.5 samples/s | 2.09s
[Coach] >>> TRAIN @Epoch: 199 >>>  || LOSS Avg: 0.14242
[Wall TIME] >>> Coach.train takes 2.086262 seconds ...
[Epoch 200 Telemetry] BPR: 0.142466 | LHC: 0.000000 (lambda=0.000000) | 56525.1 samples/s | 2.10s
[Coach] >>> TRAIN @Epoch: 200 >>>  || LOSS Avg: 0.14247
[Wall TIME] >>> Coach.train takes 2.145958 seconds ...
[Coach] >>> Better ***NDCG@20*** of ***0.0430*** 
[Coach] >>> VALID @Epoch: 200 >>>  || RECALL@1 Avg: 0.0122 || RECALL@10 Avg: 0.0640 || RECALL@20 Avg: 0.0994 || NDCG@10 Avg: 0.0340 || NDCG@20 Avg: 0.0430
[Wall TIME] >>> Coach.valid takes 0.599821 seconds ...
[Epoch 201 Telemetry] BPR: 0.142361 | LHC: 0.000000 (lambda=0.000000) | 58788.4 samples/s | 2.02s
[Coach] >>> TRAIN @Epoch: 201 >>>  || LOSS Avg: 0.14236
[Wall TIME] >>> Coach.train takes 2.017160 seconds ...
[Epoch 202 Telemetry] BPR: 0.142589 | LHC: 0.000000 (lambda=0.000000) | 49647.3 samples/s | 2.39s
[Coach] >>> TRAIN @Epoch: 202 >>>  || LOSS Avg: 0.14259
[Wall TIME] >>> Coach.train takes 2.388678 seconds ...
[Epoch 203 Telemetry] BPR: 0.142702 | LHC: 0.000000 (lambda=0.000000) | 56621.3 samples/s | 2.09s
[Coach] >>> TRAIN @Epoch: 203 >>>  || LOSS Avg: 0.14270
[Wall TIME] >>> Coach.train takes 2.094477 seconds ...
[Epoch 204 Telemetry] BPR: 0.142118 | LHC: 0.000000 (lambda=0.000000) | 56628.7 samples/s | 2.09s
[Coach] >>> TRAIN @Epoch: 204 >>>  || LOSS Avg: 0.14212
[Wall TIME] >>> Coach.train takes 2.094247 seconds ...
[Epoch 205 Telemetry] BPR: 0.142256 | LHC: 0.000000 (lambda=0.000000) | 55269.7 samples/s | 2.14s
[Coach] >>> TRAIN @Epoch: 205 >>>  || LOSS Avg: 0.14226
[Wall TIME] >>> Coach.train takes 2.145694 seconds ...
[Coach] >>> VALID @Epoch: 205 >>>  || RECALL@1 Avg: 0.0123 || RECALL@10 Avg: 0.0638 || RECALL@20 Avg: 0.0990 || NDCG@10 Avg: 0.0340 || NDCG@20 Avg: 0.0429
[Wall TIME] >>> Coach.valid takes 0.560840 seconds ...
[Epoch 206 Telemetry] BPR: 0.142332 | LHC: 0.000000 (lambda=0.000000) | 50380.1 samples/s | 2.35s
[Coach] >>> TRAIN @Epoch: 206 >>>  || LOSS Avg: 0.14233
[Wall TIME] >>> Coach.train takes 2.353783 seconds ...
[Epoch 207 Telemetry] BPR: 0.141939 | LHC: 0.000000 (lambda=0.000000) | 57677.8 samples/s | 2.06s
[Coach] >>> TRAIN @Epoch: 207 >>>  || LOSS Avg: 0.14194
[Wall TIME] >>> Coach.train takes 2.056159 seconds ...
[Epoch 208 Telemetry] BPR: 0.142415 | LHC: 0.000000 (lambda=0.000000) | 57740.4 samples/s | 2.05s
[Coach] >>> TRAIN @Epoch: 208 >>>  || LOSS Avg: 0.14242
[Wall TIME] >>> Coach.train takes 2.053954 seconds ...
[Epoch 209 Telemetry] BPR: 0.141702 | LHC: 0.000000 (lambda=0.000000) | 56467.9 samples/s | 2.10s
[Coach] >>> TRAIN @Epoch: 209 >>>  || LOSS Avg: 0.14170
[Wall TIME] >>> Coach.train takes 2.100276 seconds ...
[Epoch 210 Telemetry] BPR: 0.141765 | LHC: 0.000000 (lambda=0.000000) | 48339.3 samples/s | 2.45s
[Coach] >>> TRAIN @Epoch: 210 >>>  || LOSS Avg: 0.14177
[Wall TIME] >>> Coach.train takes 2.499351 seconds ...
[Coach] >>> Better ***NDCG@20*** of ***0.0431*** 
[Coach] >>> VALID @Epoch: 210 >>>  || RECALL@1 Avg: 0.0124 || RECALL@10 Avg: 0.0645 || RECALL@20 Avg: 0.0995 || NDCG@10 Avg: 0.0342 || NDCG@20 Avg: 0.0431
[Wall TIME] >>> Coach.valid takes 0.587406 seconds ...
[Epoch 211 Telemetry] BPR: 0.141578 | LHC: 0.000000 (lambda=0.000000) | 59111.8 samples/s | 2.01s
[Coach] >>> TRAIN @Epoch: 211 >>>  || LOSS Avg: 0.14158
[Wall TIME] >>> Coach.train takes 2.006380 seconds ...
[Epoch 212 Telemetry] BPR: 0.141788 | LHC: 0.000000 (lambda=0.000000) | 57931.0 samples/s | 2.05s
[Coach] >>> TRAIN @Epoch: 212 >>>  || LOSS Avg: 0.14179
[Wall TIME] >>> Coach.train takes 2.047054 seconds ...
[Epoch 213 Telemetry] BPR: 0.141144 | LHC: 0.000000 (lambda=0.000000) | 56842.7 samples/s | 2.09s
[Coach] >>> TRAIN @Epoch: 213 >>>  || LOSS Avg: 0.14114
[Wall TIME] >>> Coach.train takes 2.086301 seconds ...
[Epoch 214 Telemetry] BPR: 0.141850 | LHC: 0.000000 (lambda=0.000000) | 47681.8 samples/s | 2.49s
[Coach] >>> TRAIN @Epoch: 214 >>>  || LOSS Avg: 0.14185
[Wall TIME] >>> Coach.train takes 2.487068 seconds ...
[Epoch 215 Telemetry] BPR: 0.142080 | LHC: 0.000000 (lambda=0.000000) | 55231.1 samples/s | 2.15s
[Coach] >>> TRAIN @Epoch: 215 >>>  || LOSS Avg: 0.14208
[Wall TIME] >>> Coach.train takes 2.147187 seconds ...
[Coach] >>> Better ***NDCG@20*** of ***0.0433*** 
[Coach] >>> VALID @Epoch: 215 >>>  || RECALL@1 Avg: 0.0128 || RECALL@10 Avg: 0.0641 || RECALL@20 Avg: 0.0998 || NDCG@10 Avg: 0.0343 || NDCG@20 Avg: 0.0433
[Wall TIME] >>> Coach.valid takes 0.581624 seconds ...
[Epoch 216 Telemetry] BPR: 0.142642 | LHC: 0.000000 (lambda=0.000000) | 59058.5 samples/s | 2.01s
[Coach] >>> TRAIN @Epoch: 216 >>>  || LOSS Avg: 0.14264
[Wall TIME] >>> Coach.train takes 2.008053 seconds ...
[Epoch 217 Telemetry] BPR: 0.141604 | LHC: 0.000000 (lambda=0.000000) | 58729.6 samples/s | 2.02s
[Coach] >>> TRAIN @Epoch: 217 >>>  || LOSS Avg: 0.14160
[Wall TIME] >>> Coach.train takes 2.019330 seconds ...
[Epoch 218 Telemetry] BPR: 0.141421 | LHC: 0.000000 (lambda=0.000000) | 48954.1 samples/s | 2.42s
[Coach] >>> TRAIN @Epoch: 218 >>>  || LOSS Avg: 0.14142
[Wall TIME] >>> Coach.train takes 2.422380 seconds ...
[Epoch 219 Telemetry] BPR: 0.141646 | LHC: 0.000000 (lambda=0.000000) | 56852.7 samples/s | 2.09s
[Coach] >>> TRAIN @Epoch: 219 >>>  || LOSS Avg: 0.14165
[Wall TIME] >>> Coach.train takes 2.085970 seconds ...
[Epoch 220 Telemetry] BPR: 0.141565 | LHC: 0.000000 (lambda=0.000000) | 56003.9 samples/s | 2.12s
[Coach] >>> TRAIN @Epoch: 220 >>>  || LOSS Avg: 0.14156
[Wall TIME] >>> Coach.train takes 2.173929 seconds ...
[Coach] >>> VALID @Epoch: 220 >>>  || RECALL@1 Avg: 0.0128 || RECALL@10 Avg: 0.0641 || RECALL@20 Avg: 0.0993 || NDCG@10 Avg: 0.0341 || NDCG@20 Avg: 0.0431
[Wall TIME] >>> Coach.valid takes 0.556693 seconds ...
[Epoch 221 Telemetry] BPR: 0.141504 | LHC: 0.000000 (lambda=0.000000) | 58597.9 samples/s | 2.02s
[Coach] >>> TRAIN @Epoch: 221 >>>  || LOSS Avg: 0.14150
[Wall TIME] >>> Coach.train takes 2.023872 seconds ...
[Epoch 222 Telemetry] BPR: 0.141462 | LHC: 0.000000 (lambda=0.000000) | 49451.3 samples/s | 2.40s
[Coach] >>> TRAIN @Epoch: 222 >>>  || LOSS Avg: 0.14146
[Wall TIME] >>> Coach.train takes 2.398054 seconds ...
[Epoch 223 Telemetry] BPR: 0.141499 | LHC: 0.000000 (lambda=0.000000) | 55586.0 samples/s | 2.13s
[Coach] >>> TRAIN @Epoch: 223 >>>  || LOSS Avg: 0.14150
[Wall TIME] >>> Coach.train takes 2.133482 seconds ...
[Epoch 224 Telemetry] BPR: 0.140671 | LHC: 0.000000 (lambda=0.000000) | 56890.9 samples/s | 2.08s
[Coach] >>> TRAIN @Epoch: 224 >>>  || LOSS Avg: 0.14067
[Wall TIME] >>> Coach.train takes 2.084630 seconds ...
[Epoch 225 Telemetry] BPR: 0.140986 | LHC: 0.000000 (lambda=0.000000) | 55897.6 samples/s | 2.12s
[Coach] >>> TRAIN @Epoch: 225 >>>  || LOSS Avg: 0.14099
[Wall TIME] >>> Coach.train takes 2.121669 seconds ...
[Coach] >>> VALID @Epoch: 225 >>>  || RECALL@1 Avg: 0.0129 || RECALL@10 Avg: 0.0637 || RECALL@20 Avg: 0.0988 || NDCG@10 Avg: 0.0341 || NDCG@20 Avg: 0.0431
[Wall TIME] >>> Coach.valid takes 0.539080 seconds ...
[Epoch 226 Telemetry] BPR: 0.141036 | LHC: 0.000000 (lambda=0.000000) | 50712.1 samples/s | 2.34s
[Coach] >>> TRAIN @Epoch: 226 >>>  || LOSS Avg: 0.14104
[Wall TIME] >>> Coach.train takes 2.338425 seconds ...
[Epoch 227 Telemetry] BPR: 0.140722 | LHC: 0.000000 (lambda=0.000000) | 56616.6 samples/s | 2.09s
[Coach] >>> TRAIN @Epoch: 227 >>>  || LOSS Avg: 0.14072
[Wall TIME] >>> Coach.train takes 2.094623 seconds ...
[Epoch 228 Telemetry] BPR: 0.140538 | LHC: 0.000000 (lambda=0.000000) | 57262.4 samples/s | 2.07s
[Coach] >>> TRAIN @Epoch: 228 >>>  || LOSS Avg: 0.14054
[Wall TIME] >>> Coach.train takes 2.071049 seconds ...
[Epoch 229 Telemetry] BPR: 0.141148 | LHC: 0.000000 (lambda=0.000000) | 56189.6 samples/s | 2.11s
[Coach] >>> TRAIN @Epoch: 229 >>>  || LOSS Avg: 0.14115
[Wall TIME] >>> Coach.train takes 2.110537 seconds ...
[Epoch 230 Telemetry] BPR: 0.139995 | LHC: 0.000000 (lambda=0.000000) | 56426.3 samples/s | 2.10s
[Coach] >>> TRAIN @Epoch: 230 >>>  || LOSS Avg: 0.14000
[Wall TIME] >>> Coach.train takes 2.147959 seconds ...
[Coach] >>> VALID @Epoch: 230 >>>  || RECALL@1 Avg: 0.0123 || RECALL@10 Avg: 0.0645 || RECALL@20 Avg: 0.1000 || NDCG@10 Avg: 0.0341 || NDCG@20 Avg: 0.0431
[Wall TIME] >>> Coach.valid takes 0.558492 seconds ...
[Epoch 231 Telemetry] BPR: 0.140246 | LHC: 0.000000 (lambda=0.000000) | 49822.3 samples/s | 2.38s
[Coach] >>> TRAIN @Epoch: 231 >>>  || LOSS Avg: 0.14025
[Wall TIME] >>> Coach.train takes 2.380244 seconds ...
[Epoch 232 Telemetry] BPR: 0.140747 | LHC: 0.000000 (lambda=0.000000) | 57405.5 samples/s | 2.07s
[Coach] >>> TRAIN @Epoch: 232 >>>  || LOSS Avg: 0.14075
[Wall TIME] >>> Coach.train takes 2.066047 seconds ...
[Epoch 233 Telemetry] BPR: 0.140705 | LHC: 0.000000 (lambda=0.000000) | 57774.9 samples/s | 2.05s
[Coach] >>> TRAIN @Epoch: 233 >>>  || LOSS Avg: 0.14070
[Wall TIME] >>> Coach.train takes 2.052570 seconds ...
[Epoch 234 Telemetry] BPR: 0.140524 | LHC: 0.000000 (lambda=0.000000) | 57080.8 samples/s | 2.08s
[Coach] >>> TRAIN @Epoch: 234 >>>  || LOSS Avg: 0.14052
[Wall TIME] >>> Coach.train takes 2.077684 seconds ...
[Epoch 235 Telemetry] BPR: 0.140843 | LHC: 0.000000 (lambda=0.000000) | 48114.3 samples/s | 2.46s
[Coach] >>> TRAIN @Epoch: 235 >>>  || LOSS Avg: 0.14084
[Wall TIME] >>> Coach.train takes 2.464622 seconds ...
[Coach] >>> VALID @Epoch: 235 >>>  || RECALL@1 Avg: 0.0117 || RECALL@10 Avg: 0.0640 || RECALL@20 Avg: 0.0999 || NDCG@10 Avg: 0.0339 || NDCG@20 Avg: 0.0430
[Wall TIME] >>> Coach.valid takes 0.569568 seconds ...
[Epoch 236 Telemetry] BPR: 0.140163 | LHC: 0.000000 (lambda=0.000000) | 59618.9 samples/s | 1.99s
[Coach] >>> TRAIN @Epoch: 236 >>>  || LOSS Avg: 0.14016
[Wall TIME] >>> Coach.train takes 1.989275 seconds ...
[Epoch 237 Telemetry] BPR: 0.140304 | LHC: 0.000000 (lambda=0.000000) | 58997.0 samples/s | 2.01s
[Coach] >>> TRAIN @Epoch: 237 >>>  || LOSS Avg: 0.14030
[Wall TIME] >>> Coach.train takes 2.010193 seconds ...
[Epoch 238 Telemetry] BPR: 0.140447 | LHC: 0.000000 (lambda=0.000000) | 58058.3 samples/s | 2.04s
[Coach] >>> TRAIN @Epoch: 238 >>>  || LOSS Avg: 0.14045
[Wall TIME] >>> Coach.train takes 2.042649 seconds ...
[Epoch 239 Telemetry] BPR: 0.139999 | LHC: 0.000000 (lambda=0.000000) | 49139.4 samples/s | 2.41s
[Coach] >>> TRAIN @Epoch: 239 >>>  || LOSS Avg: 0.14000
[Wall TIME] >>> Coach.train takes 2.413267 seconds ...
[Epoch 240 Telemetry] BPR: 0.140192 | LHC: 0.000000 (lambda=0.000000) | 55239.6 samples/s | 2.15s
[Coach] >>> TRAIN @Epoch: 240 >>>  || LOSS Avg: 0.14019
[Wall TIME] >>> Coach.train takes 2.195420 seconds ...
[Coach] >>> VALID @Epoch: 240 >>>  || RECALL@1 Avg: 0.0122 || RECALL@10 Avg: 0.0641 || RECALL@20 Avg: 0.0997 || NDCG@10 Avg: 0.0340 || NDCG@20 Avg: 0.0431
[Wall TIME] >>> Coach.valid takes 0.569898 seconds ...
[Epoch 241 Telemetry] BPR: 0.140422 | LHC: 0.000000 (lambda=0.000000) | 59326.8 samples/s | 2.00s
[Coach] >>> TRAIN @Epoch: 241 >>>  || LOSS Avg: 0.14042
[Wall TIME] >>> Coach.train takes 1.999041 seconds ...
[Epoch 242 Telemetry] BPR: 0.139823 | LHC: 0.000000 (lambda=0.000000) | 57949.6 samples/s | 2.05s
[Coach] >>> TRAIN @Epoch: 242 >>>  || LOSS Avg: 0.13982
[Wall TIME] >>> Coach.train takes 2.046482 seconds ...
[Epoch 243 Telemetry] BPR: 0.140447 | LHC: 0.000000 (lambda=0.000000) | 49102.8 samples/s | 2.41s
[Coach] >>> TRAIN @Epoch: 243 >>>  || LOSS Avg: 0.14045
[Wall TIME] >>> Coach.train takes 2.414982 seconds ...
[Epoch 244 Telemetry] BPR: 0.140191 | LHC: 0.000000 (lambda=0.000000) | 55784.9 samples/s | 2.13s
[Coach] >>> TRAIN @Epoch: 244 >>>  || LOSS Avg: 0.14019
[Wall TIME] >>> Coach.train takes 2.125890 seconds ...
[Epoch 245 Telemetry] BPR: 0.140512 | LHC: 0.000000 (lambda=0.000000) | 56484.3 samples/s | 2.10s
[Coach] >>> TRAIN @Epoch: 245 >>>  || LOSS Avg: 0.14051
[Wall TIME] >>> Coach.train takes 2.099574 seconds ...
[Coach] >>> VALID @Epoch: 245 >>>  || RECALL@1 Avg: 0.0120 || RECALL@10 Avg: 0.0638 || RECALL@20 Avg: 0.0987 || NDCG@10 Avg: 0.0339 || NDCG@20 Avg: 0.0428
[Wall TIME] >>> Coach.valid takes 0.534686 seconds ...
[Epoch 246 Telemetry] BPR: 0.139399 | LHC: 0.000000 (lambda=0.000000) | 59280.1 samples/s | 2.00s
[Coach] >>> TRAIN @Epoch: 246 >>>  || LOSS Avg: 0.13940
[Wall TIME] >>> Coach.train takes 2.000546 seconds ...
[Epoch 247 Telemetry] BPR: 0.139722 | LHC: 0.000000 (lambda=0.000000) | 49925.4 samples/s | 2.37s
[Coach] >>> TRAIN @Epoch: 247 >>>  || LOSS Avg: 0.13972
[Wall TIME] >>> Coach.train takes 2.375323 seconds ...
[Epoch 248 Telemetry] BPR: 0.139679 | LHC: 0.000000 (lambda=0.000000) | 57576.5 samples/s | 2.06s
[Coach] >>> TRAIN @Epoch: 248 >>>  || LOSS Avg: 0.13968
[Wall TIME] >>> Coach.train takes 2.059756 seconds ...
[Epoch 249 Telemetry] BPR: 0.139970 | LHC: 0.000000 (lambda=0.000000) | 56056.0 samples/s | 2.11s
[Coach] >>> TRAIN @Epoch: 249 >>>  || LOSS Avg: 0.13997
[Wall TIME] >>> Coach.train takes 2.115509 seconds ...
[Epoch 250 Telemetry] BPR: 0.139614 | LHC: 0.000000 (lambda=0.000000) | 56600.0 samples/s | 2.09s
[Coach] >>> TRAIN @Epoch: 250 >>>  || LOSS Avg: 0.13961
[Wall TIME] >>> Coach.train takes 2.141561 seconds ...
[Coach] >>> VALID @Epoch: 250 >>>  || RECALL@1 Avg: 0.0120 || RECALL@10 Avg: 0.0650 || RECALL@20 Avg: 0.0989 || NDCG@10 Avg: 0.0342 || NDCG@20 Avg: 0.0428
[Wall TIME] >>> Coach.valid takes 0.557164 seconds ...
[Epoch 251 Telemetry] BPR: 0.139604 | LHC: 0.000000 (lambda=0.000000) | 49880.1 samples/s | 2.38s
[Coach] >>> TRAIN @Epoch: 251 >>>  || LOSS Avg: 0.13960
[Wall TIME] >>> Coach.train takes 2.377352 seconds ...
[Epoch 252 Telemetry] BPR: 0.139313 | LHC: 0.000000 (lambda=0.000000) | 57451.5 samples/s | 2.06s
[Coach] >>> TRAIN @Epoch: 252 >>>  || LOSS Avg: 0.13931
[Wall TIME] >>> Coach.train takes 2.064126 seconds ...
[Epoch 253 Telemetry] BPR: 0.139537 | LHC: 0.000000 (lambda=0.000000) | 55931.4 samples/s | 2.12s
[Coach] >>> TRAIN @Epoch: 253 >>>  || LOSS Avg: 0.13954
[Wall TIME] >>> Coach.train takes 2.120232 seconds ...
[Epoch 254 Telemetry] BPR: 0.140159 | LHC: 0.000000 (lambda=0.000000) | 55687.0 samples/s | 2.13s
[Coach] >>> TRAIN @Epoch: 254 >>>  || LOSS Avg: 0.14016
[Wall TIME] >>> Coach.train takes 2.129668 seconds ...
[Epoch 255 Telemetry] BPR: 0.139272 | LHC: 0.000000 (lambda=0.000000) | 47614.2 samples/s | 2.49s
[Coach] >>> TRAIN @Epoch: 255 >>>  || LOSS Avg: 0.13927
[Wall TIME] >>> Coach.train takes 2.490617 seconds ...
[Coach] >>> VALID @Epoch: 255 >>>  || RECALL@1 Avg: 0.0119 || RECALL@10 Avg: 0.0644 || RECALL@20 Avg: 0.0994 || NDCG@10 Avg: 0.0340 || NDCG@20 Avg: 0.0429
[Wall TIME] >>> Coach.valid takes 0.565099 seconds ...
[Epoch 256 Telemetry] BPR: 0.139312 | LHC: 0.000000 (lambda=0.000000) | 59280.3 samples/s | 2.00s
[Coach] >>> TRAIN @Epoch: 256 >>>  || LOSS Avg: 0.13931
[Wall TIME] >>> Coach.train takes 2.000579 seconds ...
[Epoch 257 Telemetry] BPR: 0.139257 | LHC: 0.000000 (lambda=0.000000) | 57470.7 samples/s | 2.06s
[Coach] >>> TRAIN @Epoch: 257 >>>  || LOSS Avg: 0.13926
[Wall TIME] >>> Coach.train takes 2.063508 seconds ...
[Epoch 258 Telemetry] BPR: 0.139555 | LHC: 0.000000 (lambda=0.000000) | 57185.4 samples/s | 2.07s
[Coach] >>> TRAIN @Epoch: 258 >>>  || LOSS Avg: 0.13955
[Wall TIME] >>> Coach.train takes 2.073779 seconds ...
[Epoch 259 Telemetry] BPR: 0.139647 | LHC: 0.000000 (lambda=0.000000) | 48923.1 samples/s | 2.42s
[Coach] >>> TRAIN @Epoch: 259 >>>  || LOSS Avg: 0.13965
[Wall TIME] >>> Coach.train takes 2.423899 seconds ...
[Epoch 260 Telemetry] BPR: 0.139301 | LHC: 0.000000 (lambda=0.000000) | 54281.8 samples/s | 2.18s
[Coach] >>> TRAIN @Epoch: 260 >>>  || LOSS Avg: 0.13930
[Wall TIME] >>> Coach.train takes 2.232578 seconds ...
[Coach] >>> VALID @Epoch: 260 >>>  || RECALL@1 Avg: 0.0116 || RECALL@10 Avg: 0.0640 || RECALL@20 Avg: 0.0981 || NDCG@10 Avg: 0.0337 || NDCG@20 Avg: 0.0424
[Wall TIME] >>> Coach.valid takes 0.567017 seconds ...
[Epoch 261 Telemetry] BPR: 0.138705 | LHC: 0.000000 (lambda=0.000000) | 59176.9 samples/s | 2.00s
[Coach] >>> TRAIN @Epoch: 261 >>>  || LOSS Avg: 0.13870
[Wall TIME] >>> Coach.train takes 2.004058 seconds ...
[Epoch 262 Telemetry] BPR: 0.139448 | LHC: 0.000000 (lambda=0.000000) | 57019.4 samples/s | 2.08s
[Coach] >>> TRAIN @Epoch: 262 >>>  || LOSS Avg: 0.13945
[Wall TIME] >>> Coach.train takes 2.079815 seconds ...
[Epoch 263 Telemetry] BPR: 0.139221 | LHC: 0.000000 (lambda=0.000000) | 56598.6 samples/s | 2.09s
[Coach] >>> TRAIN @Epoch: 263 >>>  || LOSS Avg: 0.13922
[Wall TIME] >>> Coach.train takes 2.095279 seconds ...
[Epoch 264 Telemetry] BPR: 0.139223 | LHC: 0.000000 (lambda=0.000000) | 48048.8 samples/s | 2.47s
[Coach] >>> TRAIN @Epoch: 264 >>>  || LOSS Avg: 0.13922
[Wall TIME] >>> Coach.train takes 2.468003 seconds ...
[Epoch 265 Telemetry] BPR: 0.139057 | LHC: 0.000000 (lambda=0.000000) | 55784.8 samples/s | 2.13s
[Coach] >>> TRAIN @Epoch: 265 >>>  || LOSS Avg: 0.13906
[Wall TIME] >>> Coach.train takes 2.125849 seconds ...
[Coach] >>> VALID @Epoch: 265 >>>  || RECALL@1 Avg: 0.0120 || RECALL@10 Avg: 0.0643 || RECALL@20 Avg: 0.0990 || NDCG@10 Avg: 0.0340 || NDCG@20 Avg: 0.0428
[Wall TIME] >>> Coach.valid takes 0.544838 seconds ...
[Epoch 266 Telemetry] BPR: 0.139341 | LHC: 0.000000 (lambda=0.000000) | 58114.0 samples/s | 2.04s
[Coach] >>> TRAIN @Epoch: 266 >>>  || LOSS Avg: 0.13934
[Wall TIME] >>> Coach.train takes 2.040627 seconds ...
[Epoch 267 Telemetry] BPR: 0.139448 | LHC: 0.000000 (lambda=0.000000) | 58061.7 samples/s | 2.04s
[Coach] >>> TRAIN @Epoch: 267 >>>  || LOSS Avg: 0.13945
[Wall TIME] >>> Coach.train takes 2.042544 seconds ...
[Epoch 268 Telemetry] BPR: 0.139624 | LHC: 0.000000 (lambda=0.000000) | 48712.2 samples/s | 2.43s
[Coach] >>> TRAIN @Epoch: 268 >>>  || LOSS Avg: 0.13962
[Wall TIME] >>> Coach.train takes 2.434438 seconds ...
[Epoch 269 Telemetry] BPR: 0.138767 | LHC: 0.000000 (lambda=0.000000) | 55869.4 samples/s | 2.12s
[Coach] >>> TRAIN @Epoch: 269 >>>  || LOSS Avg: 0.13877
[Wall TIME] >>> Coach.train takes 2.122640 seconds ...
[Epoch 270 Telemetry] BPR: 0.138440 | LHC: 0.000000 (lambda=0.000000) | 55849.7 samples/s | 2.12s
[Coach] >>> TRAIN @Epoch: 270 >>>  || LOSS Avg: 0.13844
[Wall TIME] >>> Coach.train takes 2.170757 seconds ...
[Coach] >>> VALID @Epoch: 270 >>>  || RECALL@1 Avg: 0.0122 || RECALL@10 Avg: 0.0633 || RECALL@20 Avg: 0.0986 || NDCG@10 Avg: 0.0337 || NDCG@20 Avg: 0.0428
[Wall TIME] >>> Coach.valid takes 0.578132 seconds ...
[Epoch 271 Telemetry] BPR: 0.139264 | LHC: 0.000000 (lambda=0.000000) | 59079.6 samples/s | 2.01s
[Coach] >>> TRAIN @Epoch: 271 >>>  || LOSS Avg: 0.13926
[Wall TIME] >>> Coach.train takes 2.007362 seconds ...
[Epoch 272 Telemetry] BPR: 0.138607 | LHC: 0.000000 (lambda=0.000000) | 48806.7 samples/s | 2.43s
[Coach] >>> TRAIN @Epoch: 272 >>>  || LOSS Avg: 0.13861
[Wall TIME] >>> Coach.train takes 2.429782 seconds ...
[Epoch 273 Telemetry] BPR: 0.138843 | LHC: 0.000000 (lambda=0.000000) | 56139.7 samples/s | 2.11s
[Coach] >>> TRAIN @Epoch: 273 >>>  || LOSS Avg: 0.13884
[Wall TIME] >>> Coach.train takes 2.112372 seconds ...
[Epoch 274 Telemetry] BPR: 0.139337 | LHC: 0.000000 (lambda=0.000000) | 55785.1 samples/s | 2.13s
[Coach] >>> TRAIN @Epoch: 274 >>>  || LOSS Avg: 0.13934
[Wall TIME] >>> Coach.train takes 2.125791 seconds ...
[Epoch 275 Telemetry] BPR: 0.138631 | LHC: 0.000000 (lambda=0.000000) | 54525.9 samples/s | 2.17s
[Coach] >>> TRAIN @Epoch: 275 >>>  || LOSS Avg: 0.13863
[Wall TIME] >>> Coach.train takes 2.174884 seconds ...
[Coach] >>> VALID @Epoch: 275 >>>  || RECALL@1 Avg: 0.0120 || RECALL@10 Avg: 0.0632 || RECALL@20 Avg: 0.0990 || NDCG@10 Avg: 0.0338 || NDCG@20 Avg: 0.0429
[Wall TIME] >>> Coach.valid takes 0.551676 seconds ...
[Epoch 276 Telemetry] BPR: 0.138865 | LHC: 0.000000 (lambda=0.000000) | 50419.7 samples/s | 2.35s
[Coach] >>> TRAIN @Epoch: 276 >>>  || LOSS Avg: 0.13886
[Wall TIME] >>> Coach.train takes 2.352007 seconds ...
[Epoch 277 Telemetry] BPR: 0.139052 | LHC: 0.000000 (lambda=0.000000) | 58648.2 samples/s | 2.02s
[Coach] >>> TRAIN @Epoch: 277 >>>  || LOSS Avg: 0.13905
[Wall TIME] >>> Coach.train takes 2.022084 seconds ...
[Epoch 278 Telemetry] BPR: 0.138784 | LHC: 0.000000 (lambda=0.000000) | 58375.0 samples/s | 2.03s
[Coach] >>> TRAIN @Epoch: 278 >>>  || LOSS Avg: 0.13878
[Wall TIME] >>> Coach.train takes 2.031540 seconds ...
[Epoch 279 Telemetry] BPR: 0.139158 | LHC: 0.000000 (lambda=0.000000) | 56414.6 samples/s | 2.10s
[Coach] >>> TRAIN @Epoch: 279 >>>  || LOSS Avg: 0.13916
[Wall TIME] >>> Coach.train takes 2.102040 seconds ...
[Epoch 280 Telemetry] BPR: 0.138823 | LHC: 0.000000 (lambda=0.000000) | 48366.7 samples/s | 2.45s
[Coach] >>> TRAIN @Epoch: 280 >>>  || LOSS Avg: 0.13882
[Wall TIME] >>> Coach.train takes 2.507396 seconds ...
[Coach] >>> VALID @Epoch: 280 >>>  || RECALL@1 Avg: 0.0119 || RECALL@10 Avg: 0.0643 || RECALL@20 Avg: 0.0987 || NDCG@10 Avg: 0.0340 || NDCG@20 Avg: 0.0428
[Wall TIME] >>> Coach.valid takes 0.568402 seconds ...
[Epoch 281 Telemetry] BPR: 0.139108 | LHC: 0.000000 (lambda=0.000000) | 58181.2 samples/s | 2.04s
[Coach] >>> TRAIN @Epoch: 281 >>>  || LOSS Avg: 0.13911
[Wall TIME] >>> Coach.train takes 2.038433 seconds ...
[Epoch 282 Telemetry] BPR: 0.138541 | LHC: 0.000000 (lambda=0.000000) | 58266.9 samples/s | 2.03s
[Coach] >>> TRAIN @Epoch: 282 >>>  || LOSS Avg: 0.13854
[Wall TIME] >>> Coach.train takes 2.035290 seconds ...
[Epoch 283 Telemetry] BPR: 0.138830 | LHC: 0.000000 (lambda=0.000000) | 57440.9 samples/s | 2.06s
[Coach] >>> TRAIN @Epoch: 283 >>>  || LOSS Avg: 0.13883
[Wall TIME] >>> Coach.train takes 2.064665 seconds ...
[Epoch 284 Telemetry] BPR: 0.138680 | LHC: 0.000000 (lambda=0.000000) | 47345.2 samples/s | 2.50s
[Coach] >>> TRAIN @Epoch: 284 >>>  || LOSS Avg: 0.13868
[Wall TIME] >>> Coach.train takes 2.504714 seconds ...
[Epoch 285 Telemetry] BPR: 0.138360 | LHC: 0.000000 (lambda=0.000000) | 55573.3 samples/s | 2.13s
[Coach] >>> TRAIN @Epoch: 285 >>>  || LOSS Avg: 0.13836
[Wall TIME] >>> Coach.train takes 2.134016 seconds ...
[Coach] >>> VALID @Epoch: 285 >>>  || RECALL@1 Avg: 0.0122 || RECALL@10 Avg: 0.0630 || RECALL@20 Avg: 0.0986 || NDCG@10 Avg: 0.0338 || NDCG@20 Avg: 0.0428
[Wall TIME] >>> Coach.valid takes 0.550632 seconds ...
[Epoch 286 Telemetry] BPR: 0.138801 | LHC: 0.000000 (lambda=0.000000) | 58060.5 samples/s | 2.04s
[Coach] >>> TRAIN @Epoch: 286 >>>  || LOSS Avg: 0.13880
[Wall TIME] >>> Coach.train takes 2.042586 seconds ...
[Epoch 287 Telemetry] BPR: 0.138218 | LHC: 0.000000 (lambda=0.000000) | 58649.2 samples/s | 2.02s
[Coach] >>> TRAIN @Epoch: 287 >>>  || LOSS Avg: 0.13822
[Wall TIME] >>> Coach.train takes 2.021964 seconds ...
[Epoch 288 Telemetry] BPR: 0.138288 | LHC: 0.000000 (lambda=0.000000) | 56902.6 samples/s | 2.08s
[Coach] >>> TRAIN @Epoch: 288 >>>  || LOSS Avg: 0.13829
[Wall TIME] >>> Coach.train takes 2.084034 seconds ...
[Epoch 289 Telemetry] BPR: 0.138164 | LHC: 0.000000 (lambda=0.000000) | 48227.4 samples/s | 2.46s
[Coach] >>> TRAIN @Epoch: 289 >>>  || LOSS Avg: 0.13816
[Wall TIME] >>> Coach.train takes 2.458848 seconds ...
[Epoch 290 Telemetry] BPR: 0.138587 | LHC: 0.000000 (lambda=0.000000) | 55962.1 samples/s | 2.12s
[Coach] >>> TRAIN @Epoch: 290 >>>  || LOSS Avg: 0.13859
[Wall TIME] >>> Coach.train takes 2.166126 seconds ...
[Coach] >>> VALID @Epoch: 290 >>>  || RECALL@1 Avg: 0.0125 || RECALL@10 Avg: 0.0642 || RECALL@20 Avg: 0.0983 || NDCG@10 Avg: 0.0344 || NDCG@20 Avg: 0.0431
[Wall TIME] >>> Coach.valid takes 0.561825 seconds ...
[Epoch 291 Telemetry] BPR: 0.138409 | LHC: 0.000000 (lambda=0.000000) | 59427.5 samples/s | 1.99s
[Coach] >>> TRAIN @Epoch: 291 >>>  || LOSS Avg: 0.13841
[Wall TIME] >>> Coach.train takes 1.995678 seconds ...
[Epoch 292 Telemetry] BPR: 0.138644 | LHC: 0.000000 (lambda=0.000000) | 58957.0 samples/s | 2.01s
[Coach] >>> TRAIN @Epoch: 292 >>>  || LOSS Avg: 0.13864
[Wall TIME] >>> Coach.train takes 2.011859 seconds ...
[Epoch 293 Telemetry] BPR: 0.138529 | LHC: 0.000000 (lambda=0.000000) | 48975.6 samples/s | 2.42s
[Coach] >>> TRAIN @Epoch: 293 >>>  || LOSS Avg: 0.13853
[Wall TIME] >>> Coach.train takes 2.421373 seconds ...
[Epoch 294 Telemetry] BPR: 0.137942 | LHC: 0.000000 (lambda=0.000000) | 57330.8 samples/s | 2.07s
[Coach] >>> TRAIN @Epoch: 294 >>>  || LOSS Avg: 0.13794
[Wall TIME] >>> Coach.train takes 2.068611 seconds ...
[Epoch 295 Telemetry] BPR: 0.138282 | LHC: 0.000000 (lambda=0.000000) | 56368.1 samples/s | 2.10s
[Coach] >>> TRAIN @Epoch: 295 >>>  || LOSS Avg: 0.13828
[Wall TIME] >>> Coach.train takes 2.103898 seconds ...
[Coach] >>> VALID @Epoch: 295 >>>  || RECALL@1 Avg: 0.0121 || RECALL@10 Avg: 0.0629 || RECALL@20 Avg: 0.0980 || NDCG@10 Avg: 0.0338 || NDCG@20 Avg: 0.0427
[Wall TIME] >>> Coach.valid takes 0.542184 seconds ...
[Epoch 296 Telemetry] BPR: 0.137811 | LHC: 0.000000 (lambda=0.000000) | 59267.5 samples/s | 2.00s
[Coach] >>> TRAIN @Epoch: 296 >>>  || LOSS Avg: 0.13781
[Wall TIME] >>> Coach.train takes 2.001000 seconds ...
[Epoch 297 Telemetry] BPR: 0.138830 | LHC: 0.000000 (lambda=0.000000) | 49279.8 samples/s | 2.41s
[Coach] >>> TRAIN @Epoch: 297 >>>  || LOSS Avg: 0.13883
[Wall TIME] >>> Coach.train takes 2.406599 seconds ...
[Epoch 298 Telemetry] BPR: 0.138023 | LHC: 0.000000 (lambda=0.000000) | 57314.7 samples/s | 2.07s
[Coach] >>> TRAIN @Epoch: 298 >>>  || LOSS Avg: 0.13802
[Wall TIME] >>> Coach.train takes 2.069113 seconds ...
[Epoch 299 Telemetry] BPR: 0.138108 | LHC: 0.000000 (lambda=0.000000) | 56089.8 samples/s | 2.11s
[Coach] >>> TRAIN @Epoch: 299 >>>  || LOSS Avg: 0.13811
[Wall TIME] >>> Coach.train takes 2.114270 seconds ...
[Epoch 300 Telemetry] BPR: 0.138225 | LHC: 0.000000 (lambda=0.000000) | 55699.6 samples/s | 2.13s
[Coach] >>> TRAIN @Epoch: 300 >>>  || LOSS Avg: 0.13822
[Wall TIME] >>> Coach.train takes 2.176304 seconds ...
[Coach] >>> VALID @Epoch: 300 >>>  || RECALL@1 Avg: 0.0123 || RECALL@10 Avg: 0.0635 || RECALL@20 Avg: 0.0981 || NDCG@10 Avg: 0.0339 || NDCG@20 Avg: 0.0427
[Wall TIME] >>> Coach.valid takes 0.555891 seconds ...
[Epoch 301 Telemetry] BPR: 0.137942 | LHC: 0.000000 (lambda=0.000000) | 50125.0 samples/s | 2.37s
[Coach] >>> TRAIN @Epoch: 301 >>>  || LOSS Avg: 0.13794
[Wall TIME] >>> Coach.train takes 2.365876 seconds ...
[Epoch 302 Telemetry] BPR: 0.137661 | LHC: 0.000000 (lambda=0.000000) | 58424.7 samples/s | 2.03s
[Coach] >>> TRAIN @Epoch: 302 >>>  || LOSS Avg: 0.13766
[Wall TIME] >>> Coach.train takes 2.029982 seconds ...
[Epoch 303 Telemetry] BPR: 0.138198 | LHC: 0.000000 (lambda=0.000000) | 56880.6 samples/s | 2.08s
[Coach] >>> TRAIN @Epoch: 303 >>>  || LOSS Avg: 0.13820
[Wall TIME] >>> Coach.train takes 2.084899 seconds ...
[Epoch 304 Telemetry] BPR: 0.138201 | LHC: 0.000000 (lambda=0.000000) | 56496.1 samples/s | 2.10s
[Coach] >>> TRAIN @Epoch: 304 >>>  || LOSS Avg: 0.13820
[Wall TIME] >>> Coach.train takes 2.099146 seconds ...
[Epoch 305 Telemetry] BPR: 0.137796 | LHC: 0.000000 (lambda=0.000000) | 48099.6 samples/s | 2.46s
[Coach] >>> TRAIN @Epoch: 305 >>>  || LOSS Avg: 0.13780
[Wall TIME] >>> Coach.train takes 2.465459 seconds ...
[Coach] >>> VALID @Epoch: 305 >>>  || RECALL@1 Avg: 0.0125 || RECALL@10 Avg: 0.0630 || RECALL@20 Avg: 0.0988 || NDCG@10 Avg: 0.0338 || NDCG@20 Avg: 0.0429
[Wall TIME] >>> Coach.valid takes 0.580293 seconds ...
[Epoch 306 Telemetry] BPR: 0.138097 | LHC: 0.000000 (lambda=0.000000) | 58872.7 samples/s | 2.01s
[Coach] >>> TRAIN @Epoch: 306 >>>  || LOSS Avg: 0.13810
[Wall TIME] >>> Coach.train takes 2.014460 seconds ...
[Epoch 307 Telemetry] BPR: 0.137857 | LHC: 0.000000 (lambda=0.000000) | 58381.5 samples/s | 2.03s
[Coach] >>> TRAIN @Epoch: 307 >>>  || LOSS Avg: 0.13786
[Wall TIME] >>> Coach.train takes 2.031348 seconds ...
[Epoch 308 Telemetry] BPR: 0.137756 | LHC: 0.000000 (lambda=0.000000) | 57271.7 samples/s | 2.07s
[Coach] >>> TRAIN @Epoch: 308 >>>  || LOSS Avg: 0.13776
[Wall TIME] >>> Coach.train takes 2.070607 seconds ...
[Epoch 309 Telemetry] BPR: 0.137580 | LHC: 0.000000 (lambda=0.000000) | 48648.1 samples/s | 2.44s
[Coach] >>> TRAIN @Epoch: 309 >>>  || LOSS Avg: 0.13758
[Wall TIME] >>> Coach.train takes 2.437596 seconds ...
[Epoch 310 Telemetry] BPR: 0.138044 | LHC: 0.000000 (lambda=0.000000) | 54569.9 samples/s | 2.17s
[Coach] >>> TRAIN @Epoch: 310 >>>  || LOSS Avg: 0.13804
[Wall TIME] >>> Coach.train takes 2.220110 seconds ...
[Coach] >>> VALID @Epoch: 310 >>>  || RECALL@1 Avg: 0.0122 || RECALL@10 Avg: 0.0625 || RECALL@20 Avg: 0.0990 || NDCG@10 Avg: 0.0335 || NDCG@20 Avg: 0.0428
[Wall TIME] >>> Coach.valid takes 0.544862 seconds ...
[Epoch 311 Telemetry] BPR: 0.137943 | LHC: 0.000000 (lambda=0.000000) | 59415.2 samples/s | 2.00s
[Coach] >>> TRAIN @Epoch: 311 >>>  || LOSS Avg: 0.13794
[Wall TIME] >>> Coach.train takes 1.995890 seconds ...
[Epoch 312 Telemetry] BPR: 0.137330 | LHC: 0.000000 (lambda=0.000000) | 57494.4 samples/s | 2.06s
[Coach] >>> TRAIN @Epoch: 312 >>>  || LOSS Avg: 0.13733
[Wall TIME] >>> Coach.train takes 2.062616 seconds ...
[Epoch 313 Telemetry] BPR: 0.137126 | LHC: 0.000000 (lambda=0.000000) | 49289.9 samples/s | 2.41s
[Coach] >>> TRAIN @Epoch: 313 >>>  || LOSS Avg: 0.13713
[Wall TIME] >>> Coach.train takes 2.405992 seconds ...
[Epoch 314 Telemetry] BPR: 0.137253 | LHC: 0.000000 (lambda=0.000000) | 55584.8 samples/s | 2.13s
[Coach] >>> TRAIN @Epoch: 314 >>>  || LOSS Avg: 0.13725
[Wall TIME] >>> Coach.train takes 2.133569 seconds ...
[Epoch 315 Telemetry] BPR: 0.137324 | LHC: 0.000000 (lambda=0.000000) | 56474.5 samples/s | 2.10s
[Coach] >>> TRAIN @Epoch: 315 >>>  || LOSS Avg: 0.13732
[Wall TIME] >>> Coach.train takes 2.099890 seconds ...
[Coach] >>> VALID @Epoch: 315 >>>  || RECALL@1 Avg: 0.0125 || RECALL@10 Avg: 0.0639 || RECALL@20 Avg: 0.0986 || NDCG@10 Avg: 0.0340 || NDCG@20 Avg: 0.0428
[Wall TIME] >>> Coach.valid takes 0.537264 seconds ...
[Epoch 316 Telemetry] BPR: 0.137833 | LHC: 0.000000 (lambda=0.000000) | 59696.6 samples/s | 1.99s
[Coach] >>> TRAIN @Epoch: 316 >>>  || LOSS Avg: 0.13783
[Wall TIME] >>> Coach.train takes 1.986585 seconds ...
[Epoch 317 Telemetry] BPR: 0.137538 | LHC: 0.000000 (lambda=0.000000) | 58499.4 samples/s | 2.03s
[Coach] >>> TRAIN @Epoch: 317 >>>  || LOSS Avg: 0.13754
[Wall TIME] >>> Coach.train takes 2.027311 seconds ...
[Epoch 318 Telemetry] BPR: 0.137551 | LHC: 0.000000 (lambda=0.000000) | 48229.9 samples/s | 2.46s
[Coach] >>> TRAIN @Epoch: 318 >>>  || LOSS Avg: 0.13755
[Wall TIME] >>> Coach.train takes 2.458679 seconds ...
[Epoch 319 Telemetry] BPR: 0.137482 | LHC: 0.000000 (lambda=0.000000) | 55331.6 samples/s | 2.14s
[Coach] >>> TRAIN @Epoch: 319 >>>  || LOSS Avg: 0.13748
[Wall TIME] >>> Coach.train takes 2.143226 seconds ...
[Epoch 320 Telemetry] BPR: 0.137507 | LHC: 0.000000 (lambda=0.000000) | 55729.9 samples/s | 2.13s
[Coach] >>> TRAIN @Epoch: 320 >>>  || LOSS Avg: 0.13751
[Wall TIME] >>> Coach.train takes 2.174213 seconds ...
[Coach] >>> VALID @Epoch: 320 >>>  || RECALL@1 Avg: 0.0125 || RECALL@10 Avg: 0.0632 || RECALL@20 Avg: 0.0992 || NDCG@10 Avg: 0.0339 || NDCG@20 Avg: 0.0431
[Wall TIME] >>> Coach.valid takes 0.558778 seconds ...
[Epoch 321 Telemetry] BPR: 0.137622 | LHC: 0.000000 (lambda=0.000000) | 58317.1 samples/s | 2.03s
[Coach] >>> TRAIN @Epoch: 321 >>>  || LOSS Avg: 0.13762
[Wall TIME] >>> Coach.train takes 2.033463 seconds ...
[Epoch 322 Telemetry] BPR: 0.137599 | LHC: 0.000000 (lambda=0.000000) | 49204.3 samples/s | 2.41s
[Coach] >>> TRAIN @Epoch: 322 >>>  || LOSS Avg: 0.13760
[Wall TIME] >>> Coach.train takes 2.410059 seconds ...
[Epoch 323 Telemetry] BPR: 0.137376 | LHC: 0.000000 (lambda=0.000000) | 56057.0 samples/s | 2.11s
[Coach] >>> TRAIN @Epoch: 323 >>>  || LOSS Avg: 0.13738
[Wall TIME] >>> Coach.train takes 2.115575 seconds ...
[Epoch 324 Telemetry] BPR: 0.137191 | LHC: 0.000000 (lambda=0.000000) | 56521.8 samples/s | 2.10s
[Coach] >>> TRAIN @Epoch: 324 >>>  || LOSS Avg: 0.13719
[Wall TIME] >>> Coach.train takes 2.098150 seconds ...
[Epoch 325 Telemetry] BPR: 0.137161 | LHC: 0.000000 (lambda=0.000000) | 55458.1 samples/s | 2.14s
[Coach] >>> TRAIN @Epoch: 325 >>>  || LOSS Avg: 0.13716
[Wall TIME] >>> Coach.train takes 2.138489 seconds ...
[Coach] >>> VALID @Epoch: 325 >>>  || RECALL@1 Avg: 0.0124 || RECALL@10 Avg: 0.0635 || RECALL@20 Avg: 0.0998 || NDCG@10 Avg: 0.0340 || NDCG@20 Avg: 0.0432
[Wall TIME] >>> Coach.valid takes 0.552065 seconds ...
[Epoch 326 Telemetry] BPR: 0.137053 | LHC: 0.000000 (lambda=0.000000) | 49732.6 samples/s | 2.38s
[Coach] >>> TRAIN @Epoch: 326 >>>  || LOSS Avg: 0.13705
[Wall TIME] >>> Coach.train takes 2.384517 seconds ...
[Epoch 327 Telemetry] BPR: 0.137236 | LHC: 0.000000 (lambda=0.000000) | 57950.1 samples/s | 2.05s
[Coach] >>> TRAIN @Epoch: 327 >>>  || LOSS Avg: 0.13724
[Wall TIME] >>> Coach.train takes 2.046435 seconds ...
[Epoch 328 Telemetry] BPR: 0.137010 | LHC: 0.000000 (lambda=0.000000) | 56894.1 samples/s | 2.08s
[Coach] >>> TRAIN @Epoch: 328 >>>  || LOSS Avg: 0.13701
[Wall TIME] >>> Coach.train takes 2.084431 seconds ...
[Epoch 329 Telemetry] BPR: 0.137590 | LHC: 0.000000 (lambda=0.000000) | 56899.6 samples/s | 2.08s
[Coach] >>> TRAIN @Epoch: 329 >>>  || LOSS Avg: 0.13759
[Wall TIME] >>> Coach.train takes 2.084309 seconds ...
[Epoch 330 Telemetry] BPR: 0.137344 | LHC: 0.000000 (lambda=0.000000) | 48123.6 samples/s | 2.46s
[Coach] >>> TRAIN @Epoch: 330 >>>  || LOSS Avg: 0.13734
[Wall TIME] >>> Coach.train takes 2.514031 seconds ...
[Coach] >>> VALID @Epoch: 330 >>>  || RECALL@1 Avg: 0.0124 || RECALL@10 Avg: 0.0629 || RECALL@20 Avg: 0.0989 || NDCG@10 Avg: 0.0337 || NDCG@20 Avg: 0.0429
[Wall TIME] >>> Coach.valid takes 0.576698 seconds ...
[Epoch 331 Telemetry] BPR: 0.136992 | LHC: 0.000000 (lambda=0.000000) | 58871.2 samples/s | 2.01s
[Coach] >>> TRAIN @Epoch: 331 >>>  || LOSS Avg: 0.13699
[Wall TIME] >>> Coach.train takes 2.014579 seconds ...
[Epoch 332 Telemetry] BPR: 0.136674 | LHC: 0.000000 (lambda=0.000000) | 57497.5 samples/s | 2.06s
[Coach] >>> TRAIN @Epoch: 332 >>>  || LOSS Avg: 0.13667
[Wall TIME] >>> Coach.train takes 2.062572 seconds ...
[Epoch 333 Telemetry] BPR: 0.137262 | LHC: 0.000000 (lambda=0.000000) | 56151.9 samples/s | 2.11s
[Coach] >>> TRAIN @Epoch: 333 >>>  || LOSS Avg: 0.13726
[Wall TIME] >>> Coach.train takes 2.111975 seconds ...
[Epoch 334 Telemetry] BPR: 0.136527 | LHC: 0.000000 (lambda=0.000000) | 48021.5 samples/s | 2.47s
[Coach] >>> TRAIN @Epoch: 334 >>>  || LOSS Avg: 0.13653
[Wall TIME] >>> Coach.train takes 2.469367 seconds ...
[Epoch 335 Telemetry] BPR: 0.137001 | LHC: 0.000000 (lambda=0.000000) | 54798.0 samples/s | 2.16s
[Coach] >>> TRAIN @Epoch: 335 >>>  || LOSS Avg: 0.13700
[Wall TIME] >>> Coach.train takes 2.164153 seconds ...
[Coach] >>> VALID @Epoch: 335 >>>  || RECALL@1 Avg: 0.0124 || RECALL@10 Avg: 0.0630 || RECALL@20 Avg: 0.0989 || NDCG@10 Avg: 0.0339 || NDCG@20 Avg: 0.0431
[Wall TIME] >>> Coach.valid takes 0.553673 seconds ...
[Epoch 336 Telemetry] BPR: 0.136603 | LHC: 0.000000 (lambda=0.000000) | 57376.9 samples/s | 2.07s
[Coach] >>> TRAIN @Epoch: 336 >>>  || LOSS Avg: 0.13660
[Wall TIME] >>> Coach.train takes 2.066929 seconds ...
[Epoch 337 Telemetry] BPR: 0.136956 | LHC: 0.000000 (lambda=0.000000) | 57919.7 samples/s | 2.05s
[Coach] >>> TRAIN @Epoch: 337 >>>  || LOSS Avg: 0.13696
[Wall TIME] >>> Coach.train takes 2.047528 seconds ...
[Epoch 338 Telemetry] BPR: 0.137035 | LHC: 0.000000 (lambda=0.000000) | 48663.7 samples/s | 2.44s
[Coach] >>> TRAIN @Epoch: 338 >>>  || LOSS Avg: 0.13703
[Wall TIME] >>> Coach.train takes 2.436931 seconds ...
[Epoch 339 Telemetry] BPR: 0.137373 | LHC: 0.000000 (lambda=0.000000) | 55703.3 samples/s | 2.13s
[Coach] >>> TRAIN @Epoch: 339 >>>  || LOSS Avg: 0.13737
[Wall TIME] >>> Coach.train takes 2.128955 seconds ...
[Epoch 340 Telemetry] BPR: 0.136765 | LHC: 0.000000 (lambda=0.000000) | 55689.9 samples/s | 2.13s
[Coach] >>> TRAIN @Epoch: 340 >>>  || LOSS Avg: 0.13677
[Wall TIME] >>> Coach.train takes 2.175399 seconds ...
[Coach] >>> VALID @Epoch: 340 >>>  || RECALL@1 Avg: 0.0126 || RECALL@10 Avg: 0.0636 || RECALL@20 Avg: 0.0986 || NDCG@10 Avg: 0.0341 || NDCG@20 Avg: 0.0430
[Wall TIME] >>> Coach.valid takes 0.575897 seconds ...
[Epoch 341 Telemetry] BPR: 0.136736 | LHC: 0.000000 (lambda=0.000000) | 59680.8 samples/s | 1.99s
[Coach] >>> TRAIN @Epoch: 341 >>>  || LOSS Avg: 0.13674
[Wall TIME] >>> Coach.train takes 1.987058 seconds ...
[Epoch 342 Telemetry] BPR: 0.137086 | LHC: 0.000000 (lambda=0.000000) | 49137.6 samples/s | 2.41s
[Coach] >>> TRAIN @Epoch: 342 >>>  || LOSS Avg: 0.13709
[Wall TIME] >>> Coach.train takes 2.413460 seconds ...
[Epoch 343 Telemetry] BPR: 0.137076 | LHC: 0.000000 (lambda=0.000000) | 56003.9 samples/s | 2.12s
[Coach] >>> TRAIN @Epoch: 343 >>>  || LOSS Avg: 0.13708
[Wall TIME] >>> Coach.train takes 2.117658 seconds ...
[Epoch 344 Telemetry] BPR: 0.136934 | LHC: 0.000000 (lambda=0.000000) | 56124.6 samples/s | 2.11s
[Coach] >>> TRAIN @Epoch: 344 >>>  || LOSS Avg: 0.13693
[Wall TIME] >>> Coach.train takes 2.113020 seconds ...
[Epoch 345 Telemetry] BPR: 0.136852 | LHC: 0.000000 (lambda=0.000000) | 55164.3 samples/s | 2.15s
[Coach] >>> TRAIN @Epoch: 345 >>>  || LOSS Avg: 0.13685
[Wall TIME] >>> Coach.train takes 2.149737 seconds ...
[Coach] >>> VALID @Epoch: 345 >>>  || RECALL@1 Avg: 0.0126 || RECALL@10 Avg: 0.0635 || RECALL@20 Avg: 0.0985 || NDCG@10 Avg: 0.0342 || NDCG@20 Avg: 0.0431
[Wall TIME] >>> Coach.valid takes 0.542068 seconds ...
[Epoch 346 Telemetry] BPR: 0.136812 | LHC: 0.000000 (lambda=0.000000) | 59532.9 samples/s | 1.99s
[Coach] >>> TRAIN @Epoch: 346 >>>  || LOSS Avg: 0.13681
[Wall TIME] >>> Coach.train takes 1.992001 seconds ...
[Epoch 347 Telemetry] BPR: 0.136099 | LHC: 0.000000 (lambda=0.000000) | 49226.3 samples/s | 2.41s
[Coach] >>> TRAIN @Epoch: 347 >>>  || LOSS Avg: 0.13610
[Wall TIME] >>> Coach.train takes 2.409057 seconds ...
[Epoch 348 Telemetry] BPR: 0.136180 | LHC: 0.000000 (lambda=0.000000) | 57296.6 samples/s | 2.07s
[Coach] >>> TRAIN @Epoch: 348 >>>  || LOSS Avg: 0.13618
[Wall TIME] >>> Coach.train takes 2.069811 seconds ...
[Epoch 349 Telemetry] BPR: 0.136454 | LHC: 0.000000 (lambda=0.000000) | 56682.4 samples/s | 2.09s
[Coach] >>> TRAIN @Epoch: 349 >>>  || LOSS Avg: 0.13645
[Wall TIME] >>> Coach.train takes 2.092292 seconds ...
[Epoch 350 Telemetry] BPR: 0.136848 | LHC: 0.000000 (lambda=0.000000) | 55343.2 samples/s | 2.14s
[Coach] >>> TRAIN @Epoch: 350 >>>  || LOSS Avg: 0.13685
[Wall TIME] >>> Coach.train takes 2.189315 seconds ...
[Coach] >>> VALID @Epoch: 350 >>>  || RECALL@1 Avg: 0.0122 || RECALL@10 Avg: 0.0635 || RECALL@20 Avg: 0.0980 || NDCG@10 Avg: 0.0340 || NDCG@20 Avg: 0.0428
[Wall TIME] >>> Coach.valid takes 0.546721 seconds ...
[Epoch 351 Telemetry] BPR: 0.136980 | LHC: 0.000000 (lambda=0.000000) | 49332.9 samples/s | 2.40s
[Coach] >>> TRAIN @Epoch: 351 >>>  || LOSS Avg: 0.13698
[Wall TIME] >>> Coach.train takes 2.403781 seconds ...
[Epoch 352 Telemetry] BPR: 0.136775 | LHC: 0.000000 (lambda=0.000000) | 58117.9 samples/s | 2.04s
[Coach] >>> TRAIN @Epoch: 352 >>>  || LOSS Avg: 0.13677
[Wall TIME] >>> Coach.train takes 2.040589 seconds ...
[Epoch 353 Telemetry] BPR: 0.136130 | LHC: 0.000000 (lambda=0.000000) | 57796.5 samples/s | 2.05s
[Coach] >>> TRAIN @Epoch: 353 >>>  || LOSS Avg: 0.13613
[Wall TIME] >>> Coach.train takes 2.052027 seconds ...
[Epoch 354 Telemetry] BPR: 0.137062 | LHC: 0.000000 (lambda=0.000000) | 56325.8 samples/s | 2.10s
[Coach] >>> TRAIN @Epoch: 354 >>>  || LOSS Avg: 0.13706
[Wall TIME] >>> Coach.train takes 2.105438 seconds ...
[Epoch 355 Telemetry] BPR: 0.136498 | LHC: 0.000000 (lambda=0.000000) | 48169.5 samples/s | 2.46s
[Coach] >>> TRAIN @Epoch: 355 >>>  || LOSS Avg: 0.13650
[Wall TIME] >>> Coach.train takes 2.461875 seconds ...
[Coach] >>> VALID @Epoch: 355 >>>  || RECALL@1 Avg: 0.0123 || RECALL@10 Avg: 0.0640 || RECALL@20 Avg: 0.0990 || NDCG@10 Avg: 0.0342 || NDCG@20 Avg: 0.0430
[Wall TIME] >>> Coach.valid takes 0.545325 seconds ...
[Epoch 356 Telemetry] BPR: 0.136858 | LHC: 0.000000 (lambda=0.000000) | 59109.4 samples/s | 2.01s
[Coach] >>> TRAIN @Epoch: 356 >>>  || LOSS Avg: 0.13686
[Wall TIME] >>> Coach.train takes 2.006387 seconds ...
[Epoch 357 Telemetry] BPR: 0.136442 | LHC: 0.000000 (lambda=0.000000) | 58680.7 samples/s | 2.02s
[Coach] >>> TRAIN @Epoch: 357 >>>  || LOSS Avg: 0.13644
[Wall TIME] >>> Coach.train takes 2.020943 seconds ...
[Epoch 358 Telemetry] BPR: 0.136431 | LHC: 0.000000 (lambda=0.000000) | 57079.6 samples/s | 2.08s
[Coach] >>> TRAIN @Epoch: 358 >>>  || LOSS Avg: 0.13643
[Wall TIME] >>> Coach.train takes 2.077699 seconds ...
[Epoch 359 Telemetry] BPR: 0.137166 | LHC: 0.000000 (lambda=0.000000) | 48083.0 samples/s | 2.47s
[Coach] >>> TRAIN @Epoch: 359 >>>  || LOSS Avg: 0.13717
[Wall TIME] >>> Coach.train takes 2.466345 seconds ...
[Epoch 360 Telemetry] BPR: 0.136384 | LHC: 0.000000 (lambda=0.000000) | 55705.2 samples/s | 2.13s
[Coach] >>> TRAIN @Epoch: 360 >>>  || LOSS Avg: 0.13638
[Wall TIME] >>> Coach.train takes 2.177550 seconds ...
[Coach] >>> VALID @Epoch: 360 >>>  || RECALL@1 Avg: 0.0127 || RECALL@10 Avg: 0.0636 || RECALL@20 Avg: 0.0995 || NDCG@10 Avg: 0.0341 || NDCG@20 Avg: 0.0432
[Wall TIME] >>> Coach.valid takes 0.545545 seconds ...
[Epoch 361 Telemetry] BPR: 0.136838 | LHC: 0.000000 (lambda=0.000000) | 59123.3 samples/s | 2.01s
[Coach] >>> TRAIN @Epoch: 361 >>>  || LOSS Avg: 0.13684
[Wall TIME] >>> Coach.train takes 2.005767 seconds ...
[Epoch 362 Telemetry] BPR: 0.135772 | LHC: 0.000000 (lambda=0.000000) | 57455.1 samples/s | 2.06s
[Coach] >>> TRAIN @Epoch: 362 >>>  || LOSS Avg: 0.13577
[Wall TIME] >>> Coach.train takes 2.064099 seconds ...
[Epoch 363 Telemetry] BPR: 0.135967 | LHC: 0.000000 (lambda=0.000000) | 48124.1 samples/s | 2.46s
[Coach] >>> TRAIN @Epoch: 363 >>>  || LOSS Avg: 0.13597
[Wall TIME] >>> Coach.train takes 2.464069 seconds ...
[Epoch 364 Telemetry] BPR: 0.137213 | LHC: 0.000000 (lambda=0.000000) | 55910.8 samples/s | 2.12s
[Coach] >>> TRAIN @Epoch: 364 >>>  || LOSS Avg: 0.13721
[Wall TIME] >>> Coach.train takes 2.121114 seconds ...
[Epoch 365 Telemetry] BPR: 0.136689 | LHC: 0.000000 (lambda=0.000000) | 55364.2 samples/s | 2.14s
[Coach] >>> TRAIN @Epoch: 365 >>>  || LOSS Avg: 0.13669
[Wall TIME] >>> Coach.train takes 2.142060 seconds ...
[Coach] >>> VALID @Epoch: 365 >>>  || RECALL@1 Avg: 0.0129 || RECALL@10 Avg: 0.0639 || RECALL@20 Avg: 0.0994 || NDCG@10 Avg: 0.0343 || NDCG@20 Avg: 0.0433
[Wall TIME] >>> Coach.valid takes 0.545949 seconds ...
[Epoch 366 Telemetry] BPR: 0.135911 | LHC: 0.000000 (lambda=0.000000) | 59291.4 samples/s | 2.00s
[Coach] >>> TRAIN @Epoch: 366 >>>  || LOSS Avg: 0.13591
[Wall TIME] >>> Coach.train takes 2.000092 seconds ...
[Epoch 367 Telemetry] BPR: 0.136272 | LHC: 0.000000 (lambda=0.000000) | 49315.3 samples/s | 2.40s
[Coach] >>> TRAIN @Epoch: 367 >>>  || LOSS Avg: 0.13627
[Wall TIME] >>> Coach.train takes 2.404613 seconds ...
[Epoch 368 Telemetry] BPR: 0.135938 | LHC: 0.000000 (lambda=0.000000) | 57608.0 samples/s | 2.06s
[Coach] >>> TRAIN @Epoch: 368 >>>  || LOSS Avg: 0.13594
[Wall TIME] >>> Coach.train takes 2.058528 seconds ...
[Epoch 369 Telemetry] BPR: 0.136394 | LHC: 0.000000 (lambda=0.000000) | 56459.1 samples/s | 2.10s
[Coach] >>> TRAIN @Epoch: 369 >>>  || LOSS Avg: 0.13639
[Wall TIME] >>> Coach.train takes 2.100427 seconds ...
[Epoch 370 Telemetry] BPR: 0.136379 | LHC: 0.000000 (lambda=0.000000) | 56494.1 samples/s | 2.10s
[Coach] >>> TRAIN @Epoch: 370 >>>  || LOSS Avg: 0.13638
[Wall TIME] >>> Coach.train takes 2.146079 seconds ...
[Coach] >>> VALID @Epoch: 370 >>>  || RECALL@1 Avg: 0.0128 || RECALL@10 Avg: 0.0641 || RECALL@20 Avg: 0.0992 || NDCG@10 Avg: 0.0344 || NDCG@20 Avg: 0.0433
[Wall TIME] >>> Coach.valid takes 0.543189 seconds ...
[Epoch 371 Telemetry] BPR: 0.136288 | LHC: 0.000000 (lambda=0.000000) | 50077.4 samples/s | 2.37s
[Coach] >>> TRAIN @Epoch: 371 >>>  || LOSS Avg: 0.13629
[Wall TIME] >>> Coach.train takes 2.368122 seconds ...
[Epoch 372 Telemetry] BPR: 0.135944 | LHC: 0.000000 (lambda=0.000000) | 57783.0 samples/s | 2.05s
[Coach] >>> TRAIN @Epoch: 372 >>>  || LOSS Avg: 0.13594
[Wall TIME] >>> Coach.train takes 2.052412 seconds ...
[Epoch 373 Telemetry] BPR: 0.135651 | LHC: 0.000000 (lambda=0.000000) | 57464.0 samples/s | 2.06s
[Coach] >>> TRAIN @Epoch: 373 >>>  || LOSS Avg: 0.13565
[Wall TIME] >>> Coach.train takes 2.063959 seconds ...
[Epoch 374 Telemetry] BPR: 0.136227 | LHC: 0.000000 (lambda=0.000000) | 56414.8 samples/s | 2.10s
[Coach] >>> TRAIN @Epoch: 374 >>>  || LOSS Avg: 0.13623
[Wall TIME] >>> Coach.train takes 2.102103 seconds ...
[Epoch 375 Telemetry] BPR: 0.136571 | LHC: 0.000000 (lambda=0.000000) | 48676.1 samples/s | 2.44s
[Coach] >>> TRAIN @Epoch: 375 >>>  || LOSS Avg: 0.13657
[Wall TIME] >>> Coach.train takes 2.436162 seconds ...
[Coach] >>> VALID @Epoch: 375 >>>  || RECALL@1 Avg: 0.0124 || RECALL@10 Avg: 0.0640 || RECALL@20 Avg: 0.0993 || NDCG@10 Avg: 0.0342 || NDCG@20 Avg: 0.0432
[Wall TIME] >>> Coach.valid takes 0.560352 seconds ...
[Epoch 376 Telemetry] BPR: 0.135673 | LHC: 0.000000 (lambda=0.000000) | 57542.8 samples/s | 2.06s
[Coach] >>> TRAIN @Epoch: 376 >>>  || LOSS Avg: 0.13567
[Wall TIME] >>> Coach.train takes 2.060933 seconds ...
[Epoch 377 Telemetry] BPR: 0.136419 | LHC: 0.000000 (lambda=0.000000) | 58220.3 samples/s | 2.04s
[Coach] >>> TRAIN @Epoch: 377 >>>  || LOSS Avg: 0.13642
[Wall TIME] >>> Coach.train takes 2.037016 seconds ...
[Epoch 378 Telemetry] BPR: 0.136202 | LHC: 0.000000 (lambda=0.000000) | 57415.3 samples/s | 2.06s
[Coach] >>> TRAIN @Epoch: 378 >>>  || LOSS Avg: 0.13620
[Wall TIME] >>> Coach.train takes 2.065598 seconds ...
[Epoch 379 Telemetry] BPR: 0.136064 | LHC: 0.000000 (lambda=0.000000) | 57024.0 samples/s | 2.08s
[Coach] >>> TRAIN @Epoch: 379 >>>  || LOSS Avg: 0.13606
[Wall TIME] >>> Coach.train takes 2.079703 seconds ...
[Epoch 380 Telemetry] BPR: 0.135734 | LHC: 0.000000 (lambda=0.000000) | 47783.8 samples/s | 2.48s
[Coach] >>> TRAIN @Epoch: 380 >>>  || LOSS Avg: 0.13573
[Wall TIME] >>> Coach.train takes 2.527591 seconds ...
[Coach] >>> VALID @Epoch: 380 >>>  || RECALL@1 Avg: 0.0121 || RECALL@10 Avg: 0.0628 || RECALL@20 Avg: 0.0989 || NDCG@10 Avg: 0.0338 || NDCG@20 Avg: 0.0429
[Wall TIME] >>> Coach.valid takes 0.544883 seconds ...
[Epoch 381 Telemetry] BPR: 0.135574 | LHC: 0.000000 (lambda=0.000000) | 59569.2 samples/s | 1.99s
[Coach] >>> TRAIN @Epoch: 381 >>>  || LOSS Avg: 0.13557
[Wall TIME] >>> Coach.train takes 1.990853 seconds ...
[Epoch 382 Telemetry] BPR: 0.136574 | LHC: 0.000000 (lambda=0.000000) | 57159.9 samples/s | 2.07s
[Coach] >>> TRAIN @Epoch: 382 >>>  || LOSS Avg: 0.13657
[Wall TIME] >>> Coach.train takes 2.074826 seconds ...
[Epoch 383 Telemetry] BPR: 0.135129 | LHC: 0.000000 (lambda=0.000000) | 56831.7 samples/s | 2.09s
[Coach] >>> TRAIN @Epoch: 383 >>>  || LOSS Avg: 0.13513
[Wall TIME] >>> Coach.train takes 2.086782 seconds ...
[Epoch 384 Telemetry] BPR: 0.135769 | LHC: 0.000000 (lambda=0.000000) | 47773.2 samples/s | 2.48s
[Coach] >>> TRAIN @Epoch: 384 >>>  || LOSS Avg: 0.13577
[Wall TIME] >>> Coach.train takes 2.482314 seconds ...
[Epoch 385 Telemetry] BPR: 0.136113 | LHC: 0.000000 (lambda=0.000000) | 54608.5 samples/s | 2.17s
[Coach] >>> TRAIN @Epoch: 385 >>>  || LOSS Avg: 0.13611
[Wall TIME] >>> Coach.train takes 2.171681 seconds ...
[Coach] >>> VALID @Epoch: 385 >>>  || RECALL@1 Avg: 0.0122 || RECALL@10 Avg: 0.0636 || RECALL@20 Avg: 0.0992 || NDCG@10 Avg: 0.0340 || NDCG@20 Avg: 0.0430
[Wall TIME] >>> Coach.valid takes 0.562007 seconds ...
[Epoch 386 Telemetry] BPR: 0.135840 | LHC: 0.000000 (lambda=0.000000) | 59357.4 samples/s | 2.00s
[Coach] >>> TRAIN @Epoch: 386 >>>  || LOSS Avg: 0.13584
[Wall TIME] >>> Coach.train takes 1.997950 seconds ...
[Epoch 387 Telemetry] BPR: 0.135346 | LHC: 0.000000 (lambda=0.000000) | 58150.4 samples/s | 2.04s
[Coach] >>> TRAIN @Epoch: 387 >>>  || LOSS Avg: 0.13535
[Wall TIME] >>> Coach.train takes 2.039573 seconds ...
[Epoch 388 Telemetry] BPR: 0.135699 | LHC: 0.000000 (lambda=0.000000) | 48781.0 samples/s | 2.43s
[Coach] >>> TRAIN @Epoch: 388 >>>  || LOSS Avg: 0.13570
[Wall TIME] >>> Coach.train takes 2.430966 seconds ...
[Epoch 389 Telemetry] BPR: 0.135557 | LHC: 0.000000 (lambda=0.000000) | 55534.3 samples/s | 2.13s
[Coach] >>> TRAIN @Epoch: 389 >>>  || LOSS Avg: 0.13556
[Wall TIME] >>> Coach.train takes 2.135382 seconds ...
[Epoch 390 Telemetry] BPR: 0.136092 | LHC: 0.000000 (lambda=0.000000) | 56437.1 samples/s | 2.10s
[Coach] >>> TRAIN @Epoch: 390 >>>  || LOSS Avg: 0.13609
[Wall TIME] >>> Coach.train takes 2.148584 seconds ...
[Coach] >>> VALID @Epoch: 390 >>>  || RECALL@1 Avg: 0.0124 || RECALL@10 Avg: 0.0626 || RECALL@20 Avg: 0.0991 || NDCG@10 Avg: 0.0338 || NDCG@20 Avg: 0.0430
[Wall TIME] >>> Coach.valid takes 0.554836 seconds ...
[Epoch 391 Telemetry] BPR: 0.135729 | LHC: 0.000000 (lambda=0.000000) | 58239.9 samples/s | 2.04s
[Coach] >>> TRAIN @Epoch: 391 >>>  || LOSS Avg: 0.13573
[Wall TIME] >>> Coach.train takes 2.036248 seconds ...
[Epoch 392 Telemetry] BPR: 0.135376 | LHC: 0.000000 (lambda=0.000000) | 49263.0 samples/s | 2.41s
[Coach] >>> TRAIN @Epoch: 392 >>>  || LOSS Avg: 0.13538
[Wall TIME] >>> Coach.train takes 2.407276 seconds ...
[Epoch 393 Telemetry] BPR: 0.135890 | LHC: 0.000000 (lambda=0.000000) | 56067.3 samples/s | 2.11s
[Coach] >>> TRAIN @Epoch: 393 >>>  || LOSS Avg: 0.13589
[Wall TIME] >>> Coach.train takes 2.115221 seconds ...
[Epoch 394 Telemetry] BPR: 0.135447 | LHC: 0.000000 (lambda=0.000000) | 56146.4 samples/s | 2.11s
[Coach] >>> TRAIN @Epoch: 394 >>>  || LOSS Avg: 0.13545
[Wall TIME] >>> Coach.train takes 2.112185 seconds ...
[Epoch 395 Telemetry] BPR: 0.135518 | LHC: 0.000000 (lambda=0.000000) | 55869.5 samples/s | 2.12s
[Coach] >>> TRAIN @Epoch: 395 >>>  || LOSS Avg: 0.13552
[Wall TIME] >>> Coach.train takes 2.122806 seconds ...
[Coach] >>> VALID @Epoch: 395 >>>  || RECALL@1 Avg: 0.0123 || RECALL@10 Avg: 0.0633 || RECALL@20 Avg: 0.0990 || NDCG@10 Avg: 0.0338 || NDCG@20 Avg: 0.0429
[Wall TIME] >>> Coach.valid takes 0.552752 seconds ...
[Epoch 396 Telemetry] BPR: 0.135718 | LHC: 0.000000 (lambda=0.000000) | 50304.4 samples/s | 2.36s
[Coach] >>> TRAIN @Epoch: 396 >>>  || LOSS Avg: 0.13572
[Wall TIME] >>> Coach.train takes 2.357492 seconds ...
[Epoch 397 Telemetry] BPR: 0.136007 | LHC: 0.000000 (lambda=0.000000) | 58100.6 samples/s | 2.04s
[Coach] >>> TRAIN @Epoch: 397 >>>  || LOSS Avg: 0.13601
[Wall TIME] >>> Coach.train takes 2.041168 seconds ...
[Epoch 398 Telemetry] BPR: 0.135190 | LHC: 0.000000 (lambda=0.000000) | 56391.1 samples/s | 2.10s
[Coach] >>> TRAIN @Epoch: 398 >>>  || LOSS Avg: 0.13519
[Wall TIME] >>> Coach.train takes 2.102968 seconds ...
[Epoch 399 Telemetry] BPR: 0.135409 | LHC: 0.000000 (lambda=0.000000) | 57353.1 samples/s | 2.07s
[Coach] >>> TRAIN @Epoch: 399 >>>  || LOSS Avg: 0.13541
[Wall TIME] >>> Coach.train takes 2.067744 seconds ...
[Epoch 400 Telemetry] BPR: 0.135992 | LHC: 0.000000 (lambda=0.000000) | 48186.0 samples/s | 2.46s
[Coach] >>> TRAIN @Epoch: 400 >>>  || LOSS Avg: 0.13599
[Wall TIME] >>> Coach.train takes 2.507484 seconds ...
[Coach] >>> VALID @Epoch: 400 >>>  || RECALL@1 Avg: 0.0121 || RECALL@10 Avg: 0.0629 || RECALL@20 Avg: 0.0999 || NDCG@10 Avg: 0.0336 || NDCG@20 Avg: 0.0430
[Wall TIME] >>> Coach.valid takes 0.563144 seconds ...
[Epoch 401 Telemetry] BPR: 0.136244 | LHC: 0.000000 (lambda=0.000000) | 58742.6 samples/s | 2.02s
[Coach] >>> TRAIN @Epoch: 401 >>>  || LOSS Avg: 0.13624
[Wall TIME] >>> Coach.train takes 2.018864 seconds ...
[Epoch 402 Telemetry] BPR: 0.135863 | LHC: 0.000000 (lambda=0.000000) | 57351.8 samples/s | 2.07s
[Coach] >>> TRAIN @Epoch: 402 >>>  || LOSS Avg: 0.13586
[Wall TIME] >>> Coach.train takes 2.067780 seconds ...
[Epoch 403 Telemetry] BPR: 0.136147 | LHC: 0.000000 (lambda=0.000000) | 57371.6 samples/s | 2.07s
[Coach] >>> TRAIN @Epoch: 403 >>>  || LOSS Avg: 0.13615
[Wall TIME] >>> Coach.train takes 2.067029 seconds ...
[Epoch 404 Telemetry] BPR: 0.135511 | LHC: 0.000000 (lambda=0.000000) | 47991.5 samples/s | 2.47s
[Coach] >>> TRAIN @Epoch: 404 >>>  || LOSS Avg: 0.13551
[Wall TIME] >>> Coach.train takes 2.470988 seconds ...
[Epoch 405 Telemetry] BPR: 0.135991 | LHC: 0.000000 (lambda=0.000000) | 54674.5 samples/s | 2.17s
[Coach] >>> TRAIN @Epoch: 405 >>>  || LOSS Avg: 0.13599
[Wall TIME] >>> Coach.train takes 2.169013 seconds ...
[Coach] >>> VALID @Epoch: 405 >>>  || RECALL@1 Avg: 0.0120 || RECALL@10 Avg: 0.0637 || RECALL@20 Avg: 0.0995 || NDCG@10 Avg: 0.0339 || NDCG@20 Avg: 0.0430
[Wall TIME] >>> Coach.valid takes 0.548942 seconds ...
[Epoch 406 Telemetry] BPR: 0.136167 | LHC: 0.000000 (lambda=0.000000) | 58026.9 samples/s | 2.04s
[Coach] >>> TRAIN @Epoch: 406 >>>  || LOSS Avg: 0.13617
[Wall TIME] >>> Coach.train takes 2.043712 seconds ...
[Epoch 407 Telemetry] BPR: 0.135618 | LHC: 0.000000 (lambda=0.000000) | 58654.6 samples/s | 2.02s
[Coach] >>> TRAIN @Epoch: 407 >>>  || LOSS Avg: 0.13562
[Wall TIME] >>> Coach.train takes 2.021984 seconds ...
[Epoch 408 Telemetry] BPR: 0.135597 | LHC: 0.000000 (lambda=0.000000) | 49156.8 samples/s | 2.41s
[Coach] >>> TRAIN @Epoch: 408 >>>  || LOSS Avg: 0.13560
[Wall TIME] >>> Coach.train takes 2.412400 seconds ...
[Epoch 409 Telemetry] BPR: 0.135493 | LHC: 0.000000 (lambda=0.000000) | 55356.5 samples/s | 2.14s
[Coach] >>> TRAIN @Epoch: 409 >>>  || LOSS Avg: 0.13549
[Wall TIME] >>> Coach.train takes 2.142341 seconds ...
[Epoch 410 Telemetry] BPR: 0.135360 | LHC: 0.000000 (lambda=0.000000) | 55354.2 samples/s | 2.14s
[Coach] >>> TRAIN @Epoch: 410 >>>  || LOSS Avg: 0.13536
[Wall TIME] >>> Coach.train takes 2.188435 seconds ...
[Coach] >>> VALID @Epoch: 410 >>>  || RECALL@1 Avg: 0.0120 || RECALL@10 Avg: 0.0639 || RECALL@20 Avg: 0.0993 || NDCG@10 Avg: 0.0339 || NDCG@20 Avg: 0.0429
[Wall TIME] >>> Coach.valid takes 0.564750 seconds ...
[Epoch 411 Telemetry] BPR: 0.135573 | LHC: 0.000000 (lambda=0.000000) | 56782.0 samples/s | 2.09s
[Coach] >>> TRAIN @Epoch: 411 >>>  || LOSS Avg: 0.13557
[Wall TIME] >>> Coach.train takes 2.088459 seconds ...
[Epoch 412 Telemetry] BPR: 0.135617 | LHC: 0.000000 (lambda=0.000000) | 49266.0 samples/s | 2.41s
[Coach] >>> TRAIN @Epoch: 412 >>>  || LOSS Avg: 0.13562
[Wall TIME] >>> Coach.train takes 2.406962 seconds ...
[Epoch 413 Telemetry] BPR: 0.136007 | LHC: 0.000000 (lambda=0.000000) | 55886.5 samples/s | 2.12s
[Coach] >>> TRAIN @Epoch: 413 >>>  || LOSS Avg: 0.13601
[Wall TIME] >>> Coach.train takes 2.121912 seconds ...
[Epoch 414 Telemetry] BPR: 0.135439 | LHC: 0.000000 (lambda=0.000000) | 56013.0 samples/s | 2.12s
[Coach] >>> TRAIN @Epoch: 414 >>>  || LOSS Avg: 0.13544
[Wall TIME] >>> Coach.train takes 2.117123 seconds ...
[Epoch 415 Telemetry] BPR: 0.135667 | LHC: 0.000000 (lambda=0.000000) | 54807.9 samples/s | 2.16s
[Coach] >>> TRAIN @Epoch: 415 >>>  || LOSS Avg: 0.13567
[Wall TIME] >>> Coach.train takes 2.163725 seconds ...
[Coach] >>> VALID @Epoch: 415 >>>  || RECALL@1 Avg: 0.0121 || RECALL@10 Avg: 0.0633 || RECALL@20 Avg: 0.0987 || NDCG@10 Avg: 0.0338 || NDCG@20 Avg: 0.0428
[Wall TIME] >>> Coach.valid takes 0.548266 seconds ...
[Epoch 416 Telemetry] BPR: 0.134826 | LHC: 0.000000 (lambda=0.000000) | 50446.8 samples/s | 2.35s
[Coach] >>> TRAIN @Epoch: 416 >>>  || LOSS Avg: 0.13483
[Wall TIME] >>> Coach.train takes 2.350829 seconds ...
[Epoch 417 Telemetry] BPR: 0.135301 | LHC: 0.000000 (lambda=0.000000) | 57163.6 samples/s | 2.07s
[Coach] >>> TRAIN @Epoch: 417 >>>  || LOSS Avg: 0.13530
[Wall TIME] >>> Coach.train takes 2.074639 seconds ...
[Epoch 418 Telemetry] BPR: 0.135357 | LHC: 0.000000 (lambda=0.000000) | 56235.0 samples/s | 2.11s
[Coach] >>> TRAIN @Epoch: 418 >>>  || LOSS Avg: 0.13536
[Wall TIME] >>> Coach.train takes 2.108948 seconds ...
[Epoch 419 Telemetry] BPR: 0.135140 | LHC: 0.000000 (lambda=0.000000) | 56058.9 samples/s | 2.11s
[Coach] >>> TRAIN @Epoch: 419 >>>  || LOSS Avg: 0.13514
[Wall TIME] >>> Coach.train takes 2.115485 seconds ...
[Epoch 420 Telemetry] BPR: 0.135229 | LHC: 0.000000 (lambda=0.000000) | 47775.8 samples/s | 2.48s
[Coach] >>> TRAIN @Epoch: 420 >>>  || LOSS Avg: 0.13523
[Wall TIME] >>> Coach.train takes 2.529423 seconds ...
[Coach] >>> VALID @Epoch: 420 >>>  || RECALL@1 Avg: 0.0123 || RECALL@10 Avg: 0.0631 || RECALL@20 Avg: 0.0981 || NDCG@10 Avg: 0.0339 || NDCG@20 Avg: 0.0428
[Wall TIME] >>> Coach.valid takes 0.583631 seconds ...
[Epoch 421 Telemetry] BPR: 0.135669 | LHC: 0.000000 (lambda=0.000000) | 58481.2 samples/s | 2.03s
[Coach] >>> TRAIN @Epoch: 421 >>>  || LOSS Avg: 0.13567
[Wall TIME] >>> Coach.train takes 2.027919 seconds ...
[Epoch 422 Telemetry] BPR: 0.134944 | LHC: 0.000000 (lambda=0.000000) | 56766.6 samples/s | 2.09s
[Coach] >>> TRAIN @Epoch: 422 >>>  || LOSS Avg: 0.13494
[Wall TIME] >>> Coach.train takes 2.089130 seconds ...
[Epoch 423 Telemetry] BPR: 0.135438 | LHC: 0.000000 (lambda=0.000000) | 57426.0 samples/s | 2.06s
[Coach] >>> TRAIN @Epoch: 423 >>>  || LOSS Avg: 0.13544
[Wall TIME] >>> Coach.train takes 2.065100 seconds ...
[Epoch 424 Telemetry] BPR: 0.135193 | LHC: 0.000000 (lambda=0.000000) | 55059.7 samples/s | 2.15s
[Coach] >>> TRAIN @Epoch: 424 >>>  || LOSS Avg: 0.13519
[Wall TIME] >>> Coach.train takes 2.153836 seconds ...
[Epoch 425 Telemetry] BPR: 0.134844 | LHC: 0.000000 (lambda=0.000000) | 47628.6 samples/s | 2.49s
[Coach] >>> TRAIN @Epoch: 425 >>>  || LOSS Avg: 0.13484
[Wall TIME] >>> Coach.train takes 2.489805 seconds ...
[Coach] >>> VALID @Epoch: 425 >>>  || RECALL@1 Avg: 0.0126 || RECALL@10 Avg: 0.0638 || RECALL@20 Avg: 0.0993 || NDCG@10 Avg: 0.0341 || NDCG@20 Avg: 0.0431
[Wall TIME] >>> Coach.valid takes 0.555749 seconds ...
[Epoch 426 Telemetry] BPR: 0.135316 | LHC: 0.000000 (lambda=0.000000) | 58617.0 samples/s | 2.02s
[Coach] >>> TRAIN @Epoch: 426 >>>  || LOSS Avg: 0.13532
[Wall TIME] >>> Coach.train takes 2.023334 seconds ...
[Epoch 427 Telemetry] BPR: 0.135288 | LHC: 0.000000 (lambda=0.000000) | 58267.0 samples/s | 2.03s
[Coach] >>> TRAIN @Epoch: 427 >>>  || LOSS Avg: 0.13529
[Wall TIME] >>> Coach.train takes 2.035314 seconds ...
[Epoch 428 Telemetry] BPR: 0.135621 | LHC: 0.000000 (lambda=0.000000) | 57143.5 samples/s | 2.07s
[Coach] >>> TRAIN @Epoch: 428 >>>  || LOSS Avg: 0.13562
[Wall TIME] >>> Coach.train takes 2.075384 seconds ...
[Epoch 429 Telemetry] BPR: 0.135117 | LHC: 0.000000 (lambda=0.000000) | 48496.8 samples/s | 2.44s
[Coach] >>> TRAIN @Epoch: 429 >>>  || LOSS Avg: 0.13512
[Wall TIME] >>> Coach.train takes 2.445321 seconds ...
[Epoch 430 Telemetry] BPR: 0.134982 | LHC: 0.000000 (lambda=0.000000) | 55322.1 samples/s | 2.14s
[Coach] >>> TRAIN @Epoch: 430 >>>  || LOSS Avg: 0.13498
[Wall TIME] >>> Coach.train takes 2.199305 seconds ...
[Coach] >>> VALID @Epoch: 430 >>>  || RECALL@1 Avg: 0.0128 || RECALL@10 Avg: 0.0634 || RECALL@20 Avg: 0.0992 || NDCG@10 Avg: 0.0341 || NDCG@20 Avg: 0.0432
[Wall TIME] >>> Coach.valid takes 0.559841 seconds ...
[Epoch 431 Telemetry] BPR: 0.135120 | LHC: 0.000000 (lambda=0.000000) | 58273.0 samples/s | 2.03s
[Coach] >>> TRAIN @Epoch: 431 >>>  || LOSS Avg: 0.13512
[Wall TIME] >>> Coach.train takes 2.035120 seconds ...
[Epoch 432 Telemetry] BPR: 0.135145 | LHC: 0.000000 (lambda=0.000000) | 57960.1 samples/s | 2.05s
[Coach] >>> TRAIN @Epoch: 432 >>>  || LOSS Avg: 0.13515
[Wall TIME] >>> Coach.train takes 2.046094 seconds ...
[Epoch 433 Telemetry] BPR: 0.135742 | LHC: 0.000000 (lambda=0.000000) | 47886.5 samples/s | 2.48s
[Coach] >>> TRAIN @Epoch: 433 >>>  || LOSS Avg: 0.13574
[Wall TIME] >>> Coach.train takes 2.476323 seconds ...
[Epoch 434 Telemetry] BPR: 0.135011 | LHC: 0.000000 (lambda=0.000000) | 56473.1 samples/s | 2.10s
[Coach] >>> TRAIN @Epoch: 434 >>>  || LOSS Avg: 0.13501
[Wall TIME] >>> Coach.train takes 2.100005 seconds ...
[Epoch 435 Telemetry] BPR: 0.135064 | LHC: 0.000000 (lambda=0.000000) | 55767.3 samples/s | 2.13s
[Coach] >>> TRAIN @Epoch: 435 >>>  || LOSS Avg: 0.13506
[Wall TIME] >>> Coach.train takes 2.126617 seconds ...
[Coach] >>> VALID @Epoch: 435 >>>  || RECALL@1 Avg: 0.0124 || RECALL@10 Avg: 0.0644 || RECALL@20 Avg: 0.0983 || NDCG@10 Avg: 0.0343 || NDCG@20 Avg: 0.0429
[Wall TIME] >>> Coach.valid takes 0.539099 seconds ...
[Epoch 436 Telemetry] BPR: 0.135312 | LHC: 0.000000 (lambda=0.000000) | 59625.6 samples/s | 1.99s
[Coach] >>> TRAIN @Epoch: 436 >>>  || LOSS Avg: 0.13531
[Wall TIME] >>> Coach.train takes 1.988963 seconds ...
[Epoch 437 Telemetry] BPR: 0.135120 | LHC: 0.000000 (lambda=0.000000) | 48912.5 samples/s | 2.42s
[Coach] >>> TRAIN @Epoch: 437 >>>  || LOSS Avg: 0.13512
[Wall TIME] >>> Coach.train takes 2.424393 seconds ...
[Epoch 438 Telemetry] BPR: 0.135657 | LHC: 0.000000 (lambda=0.000000) | 56922.1 samples/s | 2.08s
[Coach] >>> TRAIN @Epoch: 438 >>>  || LOSS Avg: 0.13566
[Wall TIME] >>> Coach.train takes 2.083317 seconds ...
[Epoch 439 Telemetry] BPR: 0.135693 | LHC: 0.000000 (lambda=0.000000) | 56086.6 samples/s | 2.11s
[Coach] >>> TRAIN @Epoch: 439 >>>  || LOSS Avg: 0.13569
[Wall TIME] >>> Coach.train takes 2.114336 seconds ...
[Epoch 440 Telemetry] BPR: 0.135815 | LHC: 0.000000 (lambda=0.000000) | 55892.0 samples/s | 2.12s
[Coach] >>> TRAIN @Epoch: 440 >>>  || LOSS Avg: 0.13582
[Wall TIME] >>> Coach.train takes 2.169608 seconds ...
[Coach] >>> VALID @Epoch: 440 >>>  || RECALL@1 Avg: 0.0124 || RECALL@10 Avg: 0.0645 || RECALL@20 Avg: 0.0983 || NDCG@10 Avg: 0.0343 || NDCG@20 Avg: 0.0429
[Wall TIME] >>> Coach.valid takes 0.552402 seconds ...
[Epoch 441 Telemetry] BPR: 0.135143 | LHC: 0.000000 (lambda=0.000000) | 48532.2 samples/s | 2.44s
[Coach] >>> TRAIN @Epoch: 441 >>>  || LOSS Avg: 0.13514
[Wall TIME] >>> Coach.train takes 2.443433 seconds ...
[Epoch 442 Telemetry] BPR: 0.135002 | LHC: 0.000000 (lambda=0.000000) | 57045.4 samples/s | 2.08s
[Coach] >>> TRAIN @Epoch: 442 >>>  || LOSS Avg: 0.13500
[Wall TIME] >>> Coach.train takes 2.078919 seconds ...
[Epoch 443 Telemetry] BPR: 0.135065 | LHC: 0.000000 (lambda=0.000000) | 57018.1 samples/s | 2.08s
[Coach] >>> TRAIN @Epoch: 443 >>>  || LOSS Avg: 0.13507
[Wall TIME] >>> Coach.train takes 2.079875 seconds ...
[Epoch 444 Telemetry] BPR: 0.134478 | LHC: 0.000000 (lambda=0.000000) | 56122.3 samples/s | 2.11s
[Coach] >>> TRAIN @Epoch: 444 >>>  || LOSS Avg: 0.13448
[Wall TIME] >>> Coach.train takes 2.113116 seconds ...
[Epoch 445 Telemetry] BPR: 0.134770 | LHC: 0.000000 (lambda=0.000000) | 47600.5 samples/s | 2.49s
[Coach] >>> TRAIN @Epoch: 445 >>>  || LOSS Avg: 0.13477
[Wall TIME] >>> Coach.train takes 2.491168 seconds ...
[Coach] >>> VALID @Epoch: 445 >>>  || RECALL@1 Avg: 0.0125 || RECALL@10 Avg: 0.0638 || RECALL@20 Avg: 0.0983 || NDCG@10 Avg: 0.0341 || NDCG@20 Avg: 0.0429
[Wall TIME] >>> Coach.valid takes 0.581652 seconds ...
[Epoch 446 Telemetry] BPR: 0.135313 | LHC: 0.000000 (lambda=0.000000) | 59096.3 samples/s | 2.01s
[Coach] >>> TRAIN @Epoch: 446 >>>  || LOSS Avg: 0.13531
[Wall TIME] >>> Coach.train takes 2.006795 seconds ...
[Epoch 447 Telemetry] BPR: 0.135061 | LHC: 0.000000 (lambda=0.000000) | 57364.5 samples/s | 2.07s
[Coach] >>> TRAIN @Epoch: 447 >>>  || LOSS Avg: 0.13506
[Wall TIME] >>> Coach.train takes 2.067401 seconds ...
[Epoch 448 Telemetry] BPR: 0.135159 | LHC: 0.000000 (lambda=0.000000) | 56938.2 samples/s | 2.08s
[Coach] >>> TRAIN @Epoch: 448 >>>  || LOSS Avg: 0.13516
[Wall TIME] >>> Coach.train takes 2.082731 seconds ...
[Epoch 449 Telemetry] BPR: 0.134684 | LHC: 0.000000 (lambda=0.000000) | 48722.5 samples/s | 2.43s
[Coach] >>> TRAIN @Epoch: 449 >>>  || LOSS Avg: 0.13468
[Wall TIME] >>> Coach.train takes 2.433942 seconds ...
[Epoch 450 Telemetry] BPR: 0.134937 | LHC: 0.000000 (lambda=0.000000) | 54465.6 samples/s | 2.18s
[Coach] >>> TRAIN @Epoch: 450 >>>  || LOSS Avg: 0.13494
[Wall TIME] >>> Coach.train takes 2.225162 seconds ...
[Coach] >>> VALID @Epoch: 450 >>>  || RECALL@1 Avg: 0.0122 || RECALL@10 Avg: 0.0641 || RECALL@20 Avg: 0.0991 || NDCG@10 Avg: 0.0341 || NDCG@20 Avg: 0.0430
[Wall TIME] >>> Coach.valid takes 0.579410 seconds ...
[Epoch 451 Telemetry] BPR: 0.134570 | LHC: 0.000000 (lambda=0.000000) | 58880.7 samples/s | 2.01s
[Coach] >>> TRAIN @Epoch: 451 >>>  || LOSS Avg: 0.13457
[Wall TIME] >>> Coach.train takes 2.014104 seconds ...
[Epoch 452 Telemetry] BPR: 0.135079 | LHC: 0.000000 (lambda=0.000000) | 57265.1 samples/s | 2.07s
[Coach] >>> TRAIN @Epoch: 452 >>>  || LOSS Avg: 0.13508
[Wall TIME] >>> Coach.train takes 2.070972 seconds ...
[Epoch 453 Telemetry] BPR: 0.134729 | LHC: 0.000000 (lambda=0.000000) | 57316.4 samples/s | 2.07s
[Coach] >>> TRAIN @Epoch: 453 >>>  || LOSS Avg: 0.13473
[Wall TIME] >>> Coach.train takes 2.069080 seconds ...
[Epoch 454 Telemetry] BPR: 0.134928 | LHC: 0.000000 (lambda=0.000000) | 47495.1 samples/s | 2.50s
[Coach] >>> TRAIN @Epoch: 454 >>>  || LOSS Avg: 0.13493
[Wall TIME] >>> Coach.train takes 2.496776 seconds ...
[Epoch 455 Telemetry] BPR: 0.134868 | LHC: 0.000000 (lambda=0.000000) | 55520.9 samples/s | 2.14s
[Coach] >>> TRAIN @Epoch: 455 >>>  || LOSS Avg: 0.13487
[Wall TIME] >>> Coach.train takes 2.135993 seconds ...
[Coach] >>> VALID @Epoch: 455 >>>  || RECALL@1 Avg: 0.0124 || RECALL@10 Avg: 0.0634 || RECALL@20 Avg: 0.0980 || NDCG@10 Avg: 0.0339 || NDCG@20 Avg: 0.0427
[Wall TIME] >>> Coach.valid takes 0.544807 seconds ...
[Epoch 456 Telemetry] BPR: 0.135132 | LHC: 0.000000 (lambda=0.000000) | 58964.4 samples/s | 2.01s
[Coach] >>> TRAIN @Epoch: 456 >>>  || LOSS Avg: 0.13513
[Wall TIME] >>> Coach.train takes 2.011316 seconds ...
[Epoch 457 Telemetry] BPR: 0.135011 | LHC: 0.000000 (lambda=0.000000) | 57706.2 samples/s | 2.05s
[Coach] >>> TRAIN @Epoch: 457 >>>  || LOSS Avg: 0.13501
[Wall TIME] >>> Coach.train takes 2.055162 seconds ...
[Epoch 458 Telemetry] BPR: 0.134874 | LHC: 0.000000 (lambda=0.000000) | 48317.5 samples/s | 2.45s
[Coach] >>> TRAIN @Epoch: 458 >>>  || LOSS Avg: 0.13487
[Wall TIME] >>> Coach.train takes 2.454388 seconds ...
[Epoch 459 Telemetry] BPR: 0.134857 | LHC: 0.000000 (lambda=0.000000) | 55555.2 samples/s | 2.13s
[Coach] >>> TRAIN @Epoch: 459 >>>  || LOSS Avg: 0.13486
[Wall TIME] >>> Coach.train takes 2.134709 seconds ...
[Epoch 460 Telemetry] BPR: 0.135068 | LHC: 0.000000 (lambda=0.000000) | 55981.8 samples/s | 2.12s
[Coach] >>> TRAIN @Epoch: 460 >>>  || LOSS Avg: 0.13507
[Wall TIME] >>> Coach.train takes 2.165061 seconds ...
[Coach] >>> VALID @Epoch: 460 >>>  || RECALL@1 Avg: 0.0126 || RECALL@10 Avg: 0.0631 || RECALL@20 Avg: 0.0986 || NDCG@10 Avg: 0.0338 || NDCG@20 Avg: 0.0429
[Wall TIME] >>> Coach.valid takes 0.550859 seconds ...
[Epoch 461 Telemetry] BPR: 0.134631 | LHC: 0.000000 (lambda=0.000000) | 58352.6 samples/s | 2.03s
[Coach] >>> TRAIN @Epoch: 461 >>>  || LOSS Avg: 0.13463
[Wall TIME] >>> Coach.train takes 2.032346 seconds ...
[Epoch 462 Telemetry] BPR: 0.135010 | LHC: 0.000000 (lambda=0.000000) | 48660.1 samples/s | 2.44s
[Coach] >>> TRAIN @Epoch: 462 >>>  || LOSS Avg: 0.13501
[Wall TIME] >>> Coach.train takes 2.437101 seconds ...
[Epoch 463 Telemetry] BPR: 0.134903 | LHC: 0.000000 (lambda=0.000000) | 54938.2 samples/s | 2.16s
[Coach] >>> TRAIN @Epoch: 463 >>>  || LOSS Avg: 0.13490
[Wall TIME] >>> Coach.train takes 2.158662 seconds ...
[Epoch 464 Telemetry] BPR: 0.134957 | LHC: 0.000000 (lambda=0.000000) | 55467.9 samples/s | 2.14s
[Coach] >>> TRAIN @Epoch: 464 >>>  || LOSS Avg: 0.13496
[Wall TIME] >>> Coach.train takes 2.137989 seconds ...
[Epoch 465 Telemetry] BPR: 0.134773 | LHC: 0.000000 (lambda=0.000000) | 55622.3 samples/s | 2.13s
[Coach] >>> TRAIN @Epoch: 465 >>>  || LOSS Avg: 0.13477
[Wall TIME] >>> Coach.train takes 2.132024 seconds ...
[Coach] >>> VALID @Epoch: 465 >>>  || RECALL@1 Avg: 0.0126 || RECALL@10 Avg: 0.0632 || RECALL@20 Avg: 0.0988 || NDCG@10 Avg: 0.0340 || NDCG@20 Avg: 0.0430
[Wall TIME] >>> Coach.valid takes 0.547084 seconds ...
[Epoch 466 Telemetry] BPR: 0.134941 | LHC: 0.000000 (lambda=0.000000) | 50216.2 samples/s | 2.36s
[Coach] >>> TRAIN @Epoch: 466 >>>  || LOSS Avg: 0.13494
[Wall TIME] >>> Coach.train takes 2.361524 seconds ...
[Epoch 467 Telemetry] BPR: 0.134769 | LHC: 0.000000 (lambda=0.000000) | 56708.0 samples/s | 2.09s
[Coach] >>> TRAIN @Epoch: 467 >>>  || LOSS Avg: 0.13477
[Wall TIME] >>> Coach.train takes 2.091301 seconds ...
[Epoch 468 Telemetry] BPR: 0.134649 | LHC: 0.000000 (lambda=0.000000) | 57731.7 samples/s | 2.05s
[Coach] >>> TRAIN @Epoch: 468 >>>  || LOSS Avg: 0.13465
[Wall TIME] >>> Coach.train takes 2.054215 seconds ...
[Epoch 469 Telemetry] BPR: 0.134718 | LHC: 0.000000 (lambda=0.000000) | 57089.2 samples/s | 2.08s
[Coach] >>> TRAIN @Epoch: 469 >>>  || LOSS Avg: 0.13472
[Wall TIME] >>> Coach.train takes 2.077405 seconds ...
[Epoch 470 Telemetry] BPR: 0.135127 | LHC: 0.000000 (lambda=0.000000) | 47972.9 samples/s | 2.47s
[Coach] >>> TRAIN @Epoch: 470 >>>  || LOSS Avg: 0.13513
[Wall TIME] >>> Coach.train takes 2.520717 seconds ...
[Coach] >>> VALID @Epoch: 470 >>>  || RECALL@1 Avg: 0.0127 || RECALL@10 Avg: 0.0631 || RECALL@20 Avg: 0.0987 || NDCG@10 Avg: 0.0340 || NDCG@20 Avg: 0.0431
[Wall TIME] >>> Coach.valid takes 0.571626 seconds ...
[Epoch 471 Telemetry] BPR: 0.134592 | LHC: 0.000000 (lambda=0.000000) | 57879.7 samples/s | 2.05s
[Coach] >>> TRAIN @Epoch: 471 >>>  || LOSS Avg: 0.13459
[Wall TIME] >>> Coach.train takes 2.049022 seconds ...
[Epoch 472 Telemetry] BPR: 0.134615 | LHC: 0.000000 (lambda=0.000000) | 57316.0 samples/s | 2.07s
[Coach] >>> TRAIN @Epoch: 472 >>>  || LOSS Avg: 0.13461
[Wall TIME] >>> Coach.train takes 2.069172 seconds ...
[Epoch 473 Telemetry] BPR: 0.134994 | LHC: 0.000000 (lambda=0.000000) | 57488.7 samples/s | 2.06s
[Coach] >>> TRAIN @Epoch: 473 >>>  || LOSS Avg: 0.13499
[Wall TIME] >>> Coach.train takes 2.062854 seconds ...
[Epoch 474 Telemetry] BPR: 0.134852 | LHC: 0.000000 (lambda=0.000000) | 48461.5 samples/s | 2.45s
[Coach] >>> TRAIN @Epoch: 474 >>>  || LOSS Avg: 0.13485
[Wall TIME] >>> Coach.train takes 2.446990 seconds ...
[Epoch 475 Telemetry] BPR: 0.134878 | LHC: 0.000000 (lambda=0.000000) | 55215.5 samples/s | 2.15s
[Coach] >>> TRAIN @Epoch: 475 >>>  || LOSS Avg: 0.13488
[Wall TIME] >>> Coach.train takes 2.147758 seconds ...
[Coach] >>> VALID @Epoch: 475 >>>  || RECALL@1 Avg: 0.0128 || RECALL@10 Avg: 0.0626 || RECALL@20 Avg: 0.0978 || NDCG@10 Avg: 0.0341 || NDCG@20 Avg: 0.0431
[Wall TIME] >>> Coach.valid takes 0.545490 seconds ...
[Epoch 476 Telemetry] BPR: 0.134388 | LHC: 0.000000 (lambda=0.000000) | 56749.3 samples/s | 2.09s
[Coach] >>> TRAIN @Epoch: 476 >>>  || LOSS Avg: 0.13439
[Wall TIME] >>> Coach.train takes 2.089709 seconds ...
[Epoch 477 Telemetry] BPR: 0.135061 | LHC: 0.000000 (lambda=0.000000) | 58345.2 samples/s | 2.03s
[Coach] >>> TRAIN @Epoch: 477 >>>  || LOSS Avg: 0.13506
[Wall TIME] >>> Coach.train takes 2.032627 seconds ...
[Epoch 478 Telemetry] BPR: 0.135152 | LHC: 0.000000 (lambda=0.000000) | 57612.3 samples/s | 2.06s
[Coach] >>> TRAIN @Epoch: 478 >>>  || LOSS Avg: 0.13515
[Wall TIME] >>> Coach.train takes 2.058661 seconds ...
[Epoch 479 Telemetry] BPR: 0.134404 | LHC: 0.000000 (lambda=0.000000) | 48398.4 samples/s | 2.45s
[Coach] >>> TRAIN @Epoch: 479 >>>  || LOSS Avg: 0.13440
[Wall TIME] >>> Coach.train takes 2.450144 seconds ...
[Epoch 480 Telemetry] BPR: 0.134641 | LHC: 0.000000 (lambda=0.000000) | 55801.7 samples/s | 2.12s
[Coach] >>> TRAIN @Epoch: 480 >>>  || LOSS Avg: 0.13464
[Wall TIME] >>> Coach.train takes 2.172955 seconds ...
[Coach] >>> VALID @Epoch: 480 >>>  || RECALL@1 Avg: 0.0126 || RECALL@10 Avg: 0.0629 || RECALL@20 Avg: 0.0975 || NDCG@10 Avg: 0.0340 || NDCG@20 Avg: 0.0428
[Wall TIME] >>> Coach.valid takes 0.579025 seconds ...
[Epoch 481 Telemetry] BPR: 0.134080 | LHC: 0.000000 (lambda=0.000000) | 58861.7 samples/s | 2.01s
[Coach] >>> TRAIN @Epoch: 481 >>>  || LOSS Avg: 0.13408
[Wall TIME] >>> Coach.train takes 2.014846 seconds ...
[Epoch 482 Telemetry] BPR: 0.135013 | LHC: 0.000000 (lambda=0.000000) | 58347.8 samples/s | 2.03s
[Coach] >>> TRAIN @Epoch: 482 >>>  || LOSS Avg: 0.13501
[Wall TIME] >>> Coach.train takes 2.032462 seconds ...
[Epoch 483 Telemetry] BPR: 0.134929 | LHC: 0.000000 (lambda=0.000000) | 48251.4 samples/s | 2.46s
[Coach] >>> TRAIN @Epoch: 483 >>>  || LOSS Avg: 0.13493
[Wall TIME] >>> Coach.train takes 2.457566 seconds ...
[Epoch 484 Telemetry] BPR: 0.134975 | LHC: 0.000000 (lambda=0.000000) | 56226.6 samples/s | 2.11s
[Coach] >>> TRAIN @Epoch: 484 >>>  || LOSS Avg: 0.13497
[Wall TIME] >>> Coach.train takes 2.109210 seconds ...
[Epoch 485 Telemetry] BPR: 0.134982 | LHC: 0.000000 (lambda=0.000000) | 55146.3 samples/s | 2.15s
[Coach] >>> TRAIN @Epoch: 485 >>>  || LOSS Avg: 0.13498
[Wall TIME] >>> Coach.train takes 2.150452 seconds ...
[Coach] >>> VALID @Epoch: 485 >>>  || RECALL@1 Avg: 0.0121 || RECALL@10 Avg: 0.0630 || RECALL@20 Avg: 0.0981 || NDCG@10 Avg: 0.0338 || NDCG@20 Avg: 0.0428
[Wall TIME] >>> Coach.valid takes 0.540817 seconds ...
[Epoch 486 Telemetry] BPR: 0.134678 | LHC: 0.000000 (lambda=0.000000) | 59356.6 samples/s | 2.00s
[Coach] >>> TRAIN @Epoch: 486 >>>  || LOSS Avg: 0.13468
[Wall TIME] >>> Coach.train takes 1.997994 seconds ...
[Epoch 487 Telemetry] BPR: 0.134344 | LHC: 0.000000 (lambda=0.000000) | 49613.3 samples/s | 2.39s
[Coach] >>> TRAIN @Epoch: 487 >>>  || LOSS Avg: 0.13434
[Wall TIME] >>> Coach.train takes 2.390160 seconds ...
[Epoch 488 Telemetry] BPR: 0.133703 | LHC: 0.000000 (lambda=0.000000) | 56509.8 samples/s | 2.10s
[Coach] >>> TRAIN @Epoch: 488 >>>  || LOSS Avg: 0.13370
[Wall TIME] >>> Coach.train takes 2.098697 seconds ...
[Epoch 489 Telemetry] BPR: 0.134669 | LHC: 0.000000 (lambda=0.000000) | 55052.2 samples/s | 2.15s
[Coach] >>> TRAIN @Epoch: 489 >>>  || LOSS Avg: 0.13467
[Wall TIME] >>> Coach.train takes 2.154159 seconds ...
[Epoch 490 Telemetry] BPR: 0.134529 | LHC: 0.000000 (lambda=0.000000) | 55465.3 samples/s | 2.14s
[Coach] >>> TRAIN @Epoch: 490 >>>  || LOSS Avg: 0.13453
[Wall TIME] >>> Coach.train takes 2.184772 seconds ...
[Coach] >>> VALID @Epoch: 490 >>>  || RECALL@1 Avg: 0.0128 || RECALL@10 Avg: 0.0638 || RECALL@20 Avg: 0.0983 || NDCG@10 Avg: 0.0342 || NDCG@20 Avg: 0.0430
[Wall TIME] >>> Coach.valid takes 0.580413 seconds ...
[Epoch 491 Telemetry] BPR: 0.134236 | LHC: 0.000000 (lambda=0.000000) | 50098.6 samples/s | 2.37s
[Coach] >>> TRAIN @Epoch: 491 >>>  || LOSS Avg: 0.13424
[Wall TIME] >>> Coach.train takes 2.367106 seconds ...
[Epoch 492 Telemetry] BPR: 0.134770 | LHC: 0.000000 (lambda=0.000000) | 57626.4 samples/s | 2.06s
[Coach] >>> TRAIN @Epoch: 492 >>>  || LOSS Avg: 0.13477
[Wall TIME] >>> Coach.train takes 2.058017 seconds ...
[Epoch 493 Telemetry] BPR: 0.134794 | LHC: 0.000000 (lambda=0.000000) | 57328.9 samples/s | 2.07s
[Coach] >>> TRAIN @Epoch: 493 >>>  || LOSS Avg: 0.13479
[Wall TIME] >>> Coach.train takes 2.068675 seconds ...
[Epoch 494 Telemetry] BPR: 0.134532 | LHC: 0.000000 (lambda=0.000000) | 55667.7 samples/s | 2.13s
[Coach] >>> TRAIN @Epoch: 494 >>>  || LOSS Avg: 0.13453
[Wall TIME] >>> Coach.train takes 2.130332 seconds ...
[Epoch 495 Telemetry] BPR: 0.134468 | LHC: 0.000000 (lambda=0.000000) | 47963.3 samples/s | 2.47s
[Coach] >>> TRAIN @Epoch: 495 >>>  || LOSS Avg: 0.13447
[Wall TIME] >>> Coach.train takes 2.472334 seconds ...
[Coach] >>> VALID @Epoch: 495 >>>  || RECALL@1 Avg: 0.0128 || RECALL@10 Avg: 0.0631 || RECALL@20 Avg: 0.0991 || NDCG@10 Avg: 0.0342 || NDCG@20 Avg: 0.0433
[Wall TIME] >>> Coach.valid takes 0.549094 seconds ...
[Epoch 496 Telemetry] BPR: 0.134192 | LHC: 0.000000 (lambda=0.000000) | 58899.3 samples/s | 2.01s
[Coach] >>> TRAIN @Epoch: 496 >>>  || LOSS Avg: 0.13419
[Wall TIME] >>> Coach.train takes 2.013788 seconds ...
[Epoch 497 Telemetry] BPR: 0.134880 | LHC: 0.000000 (lambda=0.000000) | 58325.9 samples/s | 2.03s
[Coach] >>> TRAIN @Epoch: 497 >>>  || LOSS Avg: 0.13488
[Wall TIME] >>> Coach.train takes 2.033321 seconds ...
[Epoch 498 Telemetry] BPR: 0.134326 | LHC: 0.000000 (lambda=0.000000) | 57031.7 samples/s | 2.08s
[Coach] >>> TRAIN @Epoch: 498 >>>  || LOSS Avg: 0.13433
[Wall TIME] >>> Coach.train takes 2.079415 seconds ...
[Epoch 499 Telemetry] BPR: 0.134203 | LHC: 0.000000 (lambda=0.000000) | 49106.4 samples/s | 2.41s
[Coach] >>> TRAIN @Epoch: 499 >>>  || LOSS Avg: 0.13420
[Wall TIME] >>> Coach.train takes 2.414933 seconds ...
[Epoch 500 Telemetry] BPR: 0.134517 | LHC: 0.000000 (lambda=0.000000) | 55926.0 samples/s | 2.12s
[Coach] >>> TRAIN @Epoch: 500 >>>  || LOSS Avg: 0.13452
[Wall TIME] >>> Coach.train takes 2.167060 seconds ...
[Coach] >>> VALID @Epoch: 500 >>>  || RECALL@1 Avg: 0.0122 || RECALL@10 Avg: 0.0631 || RECALL@20 Avg: 0.0990 || NDCG@10 Avg: 0.0339 || NDCG@20 Avg: 0.0430
[Wall TIME] >>> Coach.valid takes 0.561000 seconds ...
[Coach] >>> TEST  @Epoch: 500 >>>  || RECALL@1 Avg: 0.0122 || RECALL@10 Avg: 0.0669 || RECALL@20 Avg: 0.1039 || NDCG@10 Avg: 0.0359 || NDCG@20 Avg: 0.0454
[Wall TIME] >>> Coach.test takes 0.503794 seconds ...
     Mode     Metric      Best  @Step
0   train       LOSS  0.133703    487
1   valid   RECALL@1  0.012868    225
2   valid  RECALL@10  0.064957    250
3   valid  RECALL@20  0.099991    230
4   valid    NDCG@10  0.034412    290
5   valid    NDCG@20  0.043345    215
6    test   RECALL@1  0.012215      0
7    test  RECALL@10  0.066871      0
8    test  RECALL@20  0.103933      0
9    test    NDCG@10  0.035868      0
10   test    NDCG@20  0.045403      0
[LoG_PaTH] >>> ./logs/STAIR5-v2-C-HET/Amazon2014Baby_550_MMRec/1002073724
[Wall TIME] >>> Coach.summary takes 2.197617 seconds ...
[Coach] >>> Load best model @Epoch: 215 (-1) 
[Coach] >>> VALID @Epoch: 215 >>>  || RECALL@1 Avg: 0.0128 || RECALL@10 Avg: 0.0641 || RECALL@20 Avg: 0.0998 || NDCG@10 Avg: 0.0343 || NDCG@20 Avg: 0.0433
[Wall TIME] >>> Coach.valid takes 0.585472 seconds ...
[Coach] >>> TEST  @Epoch: 215 >>>  || RECALL@1 Avg: 0.0115 || RECALL@10 Avg: 0.0659 || RECALL@20 Avg: 0.1029 || NDCG@10 Avg: 0.0352 || NDCG@20 Avg: 0.0447
[Wall TIME] >>> Coach.test takes 0.523569 seconds ...
[Wall TIME] >>> Coach.fit takes 1147.625999 seconds ...
