[Wall TIME] >>> Parser.parse takes 0.044907 seconds ...
[Wall TIME] >>> Parser.load takes 0.004001 seconds ...
[Benchmark] >>> cudnn.benchmark == False | cudnn.deterministic == True
[Seed] >>> Set seed: 1
[PARSER] >>>
[SAVED_FILENAME: model.pt] 
[BEST_FILENAME: best.pt] 
[CHECKPOINT_FREQ: 10] 
[CHECKPOINT_MODULES: ['model', 'optimizer', 'lr_scheduler']] 
[CHECKPOINT_FILENAME: checkpoint.tar] 
[SUMMARY_FILENAME: SUMMARY.md] 
[MONITOR_FILENAME: monitors.pkl] 
[MONITOR_BEST_FILENAME: best.pkl] 
[CONFIG_FILENAME: config.json] 
[RESULTS_FILENAME: results.json] 
[monitors: ['LOSS', 'Recall@1', 'Recall@10', 'Recall@20', 'NDCG@10', 'NDCG@20']] 
[which4best: NDCG@20] 
[config: /kaggle/working/STAIR-Enhanced/configs/Amazon2014Sports_STAIR5_v2.yaml] 
[id: 1002065105] 
[description: STAIR5-v2-C-HET] 
[root: /kaggle/data] 
[dataset: Amazon2014Sports_550_MMRec] 
[tasktag: None] 
[ranking: full] 
[retain_seen: False] 
[device: cuda:0] 
[ddp_backend: nccl] 
[num_workers: 4] 
[optimizer: adamwsevo] 
[optim_first_moment_decay: 0.9] 
[optim_second_moment_decay: 0.999] 
[weight_decay: 0.1] 
[lr: 0.001] 
[batch_size: 1024] 
[gradient_accumulation_steps: 1] 
[epochs: 500] 
[eval_valid: True] 
[eval_test: False] 
[eval_freq: 5] 
[early_stop_patience: 1e+23] 
[seed: 1] 
[benchmark: False] 
[resume: False] 
[log2file: True] 
[log2console: True] 
[embedding_dim: 64] 
[num_layers: 3] 
[mfiles: textual_modality.pkl,visual_modality.pkl] 
[num_neighbors: 5-1] 
[gamma: 0.2] 
[beta1: 0.9] 
[beta2: 0.999] 
[edge_strength: 0.25] 
[edge_mix: 0.25] 
[evidence_shrinkage: 5.0] 
[placebo_seed: 1] 
[lambda_lhc: 0.0003] 
[lhc_tau: 0.3] 
[lhc_kappa: 1.0] 
[radius_cap: 2.0] 
[eps_taylor: 0.0001] 
[eps_floor: 0.01] 
[eps_beta: 0.05] 
[warmup_start: 20] 
[warmup_end: 50] 
[grad_diag_every: 10] 
[knn_chunk_size: 1024] 
[lhc_chunk_size: 256] 
[graph_cache_dir: /kaggle/working/runs/stair5_v2/graph_cache] 
[artifact_dir: /kaggle/working/runs/stair5_v2/sports_ET_seed1] 
[resume_from: ] 
[v2_arm: ET] 
[knn_device: auto] 
[DATA_DIR: data] 
[SUMMARY_DIR: summary] 
[CHECKPOINT_PATH: ./infos/STAIR5-v2-C-HET/Amazon2014Sports_550_MMRec/0] 
[LOG_PATH: ./logs/STAIR5-v2-C-HET/Amazon2014Sports_550_MMRec/1002065105] 

[Wall TIME] >>> Parser.compile takes 0.215202 seconds ...
[DataSet] >>> Load Schema from /kaggle/data/Processed/Amazon2014Sports_550_MMRec/schema.pkl ...
[MatchingRecDataSet] >>> USER:35598:ID,USER | ITEM:18357:ID,ITEM | TIMESTAMP:2941:TIMESTAMP
+--------+--------+---------------+--------+--------+-------+------------------------+
| #Users | #Items | #Interactions | #Train | #Valid | #Test |        Density         |
+--------+--------+---------------+--------+--------+-------+------------------------+
| 35598  | 18357  |     296337    | 218409 | 37899  | 40029 | 0.00045348045456958995 |
+--------+--------+---------------+--------+--------+-------+------------------------+
[Wall TIME] >>> BaseSet.compile takes 0.010816 seconds ...
[Wall TIME] >>> RecDataSet.to_heterograph takes 0.077237 seconds ...
[Wall TIME] >>> RecDataSet.to_heterograph takes 0.077244 seconds ...
[C-HET graph] {"version": 2, "strength": 0.25, "mix": 0.25, "shrinkage": 5.0, "placebo": false, "seed": 1, "num_users": 35598, "num_items": 18357, "torch": "2.10.0+cu128", "active": true, "fingerprint": "5a2ff71a69e9fa5681372d40216d5b89c8c461bdeb4b852c7ad01fb894ae7f8f", "cache_hit": true, "nnz": 157752, "nonzero_score_fraction": 0.10046148300170898, "score_mean": 0.0027278929483145475, "score_max": 0.5336298942565918, "placebo_permuted": 0, "relative_operator_probe_delta": 0.000753412488847971, "data_fingerprint": "2f1e76f63cf7e6c873528ec3fc909a764b7d220aad6ea1c91c264263ed2c1040"}
[Wall TIME] >>> GenTrainNegativeSampler.prepare takes 0.780585 seconds ...
[Wall TIME] >>> ValidSampler.prepare takes 0.850684 seconds ...
[Wall TIME] >>> TestSampler.prepare takes 0.941676 seconds ...
[Coach] >>> Set best meter: NDCG@20 
[Coach] >>> Better ***NDCG@20*** of ***0.0223*** 
[Coach] >>> VALID @Epoch: 0 >>>  || RECALL@1 Avg: 0.0058 || RECALL@10 Avg: 0.0343 || RECALL@20 Avg: 0.0511 || NDCG@10 Avg: 0.0180 || NDCG@20 Avg: 0.0223
[Wall TIME] >>> Coach.valid takes 3.239409 seconds ...
[Epoch 001 Telemetry] BPR: 0.609127 | LHC: 0.000000 (lambda=0.000000) | 42627.3 samples/s | 5.12s
[Coach] >>> TRAIN @Epoch: 1 >>>  || LOSS Avg: 0.60913
[Wall TIME] >>> Coach.train takes 5.124380 seconds ...
[Epoch 002 Telemetry] BPR: 0.566324 | LHC: 0.000000 (lambda=0.000000) | 40285.7 samples/s | 5.42s
[Coach] >>> TRAIN @Epoch: 2 >>>  || LOSS Avg: 0.56632
[Wall TIME] >>> Coach.train takes 5.422433 seconds ...
[Epoch 003 Telemetry] BPR: 0.512909 | LHC: 0.000000 (lambda=0.000000) | 43495.5 samples/s | 5.02s
[Coach] >>> TRAIN @Epoch: 3 >>>  || LOSS Avg: 0.51291
[Wall TIME] >>> Coach.train takes 5.022147 seconds ...
[Epoch 004 Telemetry] BPR: 0.457106 | LHC: 0.000000 (lambda=0.000000) | 43727.5 samples/s | 4.99s
[Coach] >>> TRAIN @Epoch: 4 >>>  || LOSS Avg: 0.45711
[Wall TIME] >>> Coach.train takes 4.995469 seconds ...
[Epoch 005 Telemetry] BPR: 0.405889 | LHC: 0.000000 (lambda=0.000000) | 40793.5 samples/s | 5.35s
[Coach] >>> TRAIN @Epoch: 5 >>>  || LOSS Avg: 0.40589
[Wall TIME] >>> Coach.train takes 5.354804 seconds ...
[Coach] >>> Better ***NDCG@20*** of ***0.0376*** 
[Coach] >>> VALID @Epoch: 5 >>>  || RECALL@1 Avg: 0.0103 || RECALL@10 Avg: 0.0562 || RECALL@20 Avg: 0.0869 || NDCG@10 Avg: 0.0298 || NDCG@20 Avg: 0.0376
[Wall TIME] >>> Coach.valid takes 1.511494 seconds ...
[Epoch 006 Telemetry] BPR: 0.361821 | LHC: 0.000000 (lambda=0.000000) | 44199.3 samples/s | 4.94s
[Coach] >>> TRAIN @Epoch: 6 >>>  || LOSS Avg: 0.36182
[Wall TIME] >>> Coach.train takes 4.942117 seconds ...
[Epoch 007 Telemetry] BPR: 0.325082 | LHC: 0.000000 (lambda=0.000000) | 40953.3 samples/s | 5.33s
[Coach] >>> TRAIN @Epoch: 7 >>>  || LOSS Avg: 0.32508
[Wall TIME] >>> Coach.train takes 5.333980 seconds ...
[Epoch 008 Telemetry] BPR: 0.294942 | LHC: 0.000000 (lambda=0.000000) | 43959.2 samples/s | 4.97s
[Coach] >>> TRAIN @Epoch: 8 >>>  || LOSS Avg: 0.29494
[Wall TIME] >>> Coach.train takes 4.969213 seconds ...
[Epoch 009 Telemetry] BPR: 0.269216 | LHC: 0.000000 (lambda=0.000000) | 43924.6 samples/s | 4.97s
[Coach] >>> TRAIN @Epoch: 9 >>>  || LOSS Avg: 0.26922
[Wall TIME] >>> Coach.train takes 4.973140 seconds ...
[Epoch 010 Telemetry] BPR: 0.247766 | LHC: 0.000000 (lambda=0.000000) | 41115.4 samples/s | 5.31s
[Coach] >>> TRAIN @Epoch: 10 >>>  || LOSS Avg: 0.24777
[Wall TIME] >>> Coach.train takes 5.423354 seconds ...
[Coach] >>> Better ***NDCG@20*** of ***0.0383*** 
[Coach] >>> VALID @Epoch: 10 >>>  || RECALL@1 Avg: 0.0105 || RECALL@10 Avg: 0.0580 || RECALL@20 Avg: 0.0883 || NDCG@10 Avg: 0.0306 || NDCG@20 Avg: 0.0383
[Wall TIME] >>> Coach.valid takes 1.512651 seconds ...
[Epoch 011 Telemetry] BPR: 0.229887 | LHC: 0.000000 (lambda=0.000000) | 43403.1 samples/s | 5.03s
[Coach] >>> TRAIN @Epoch: 11 >>>  || LOSS Avg: 0.22989
[Wall TIME] >>> Coach.train takes 5.032810 seconds ...
[Epoch 012 Telemetry] BPR: 0.214011 | LHC: 0.000000 (lambda=0.000000) | 40854.4 samples/s | 5.35s
[Coach] >>> TRAIN @Epoch: 12 >>>  || LOSS Avg: 0.21401
[Wall TIME] >>> Coach.train takes 5.346898 seconds ...
[Epoch 013 Telemetry] BPR: 0.200292 | LHC: 0.000000 (lambda=0.000000) | 43794.2 samples/s | 4.99s
[Coach] >>> TRAIN @Epoch: 13 >>>  || LOSS Avg: 0.20029
[Wall TIME] >>> Coach.train takes 4.987863 seconds ...
[Epoch 014 Telemetry] BPR: 0.188553 | LHC: 0.000000 (lambda=0.000000) | 43588.8 samples/s | 5.01s
[Coach] >>> TRAIN @Epoch: 14 >>>  || LOSS Avg: 0.18855
[Wall TIME] >>> Coach.train takes 5.011338 seconds ...
[Epoch 015 Telemetry] BPR: 0.177504 | LHC: 0.000000 (lambda=0.000000) | 40810.7 samples/s | 5.35s
[Coach] >>> TRAIN @Epoch: 15 >>>  || LOSS Avg: 0.17750
[Wall TIME] >>> Coach.train takes 5.352452 seconds ...
[Coach] >>> Better ***NDCG@20*** of ***0.0394*** 
[Coach] >>> VALID @Epoch: 15 >>>  || RECALL@1 Avg: 0.0110 || RECALL@10 Avg: 0.0595 || RECALL@20 Avg: 0.0908 || NDCG@10 Avg: 0.0315 || NDCG@20 Avg: 0.0394
[Wall TIME] >>> Coach.valid takes 1.502857 seconds ...
[Epoch 016 Telemetry] BPR: 0.168270 | LHC: 0.000000 (lambda=0.000000) | 43820.0 samples/s | 4.98s
[Coach] >>> TRAIN @Epoch: 16 >>>  || LOSS Avg: 0.16827
[Wall TIME] >>> Coach.train takes 4.984992 seconds ...
[Epoch 017 Telemetry] BPR: 0.160364 | LHC: 0.000000 (lambda=0.000000) | 43979.5 samples/s | 4.97s
[Coach] >>> TRAIN @Epoch: 17 >>>  || LOSS Avg: 0.16036
[Wall TIME] >>> Coach.train takes 4.966804 seconds ...
[Epoch 018 Telemetry] BPR: 0.152536 | LHC: 0.000000 (lambda=0.000000) | 40495.5 samples/s | 5.39s
[Coach] >>> TRAIN @Epoch: 18 >>>  || LOSS Avg: 0.15254
[Wall TIME] >>> Coach.train takes 5.394125 seconds ...
[Epoch 019 Telemetry] BPR: 0.145956 | LHC: 0.000000 (lambda=0.000000) | 43927.6 samples/s | 4.97s
[Coach] >>> TRAIN @Epoch: 19 >>>  || LOSS Avg: 0.14596
[Wall TIME] >>> Coach.train takes 4.972735 seconds ...
[Epoch 020 Telemetry] BPR: 0.139034 | LHC: 0.000000 (lambda=0.000000) | 40679.7 samples/s | 5.37s
[Coach] >>> TRAIN @Epoch: 20 >>>  || LOSS Avg: 0.13903
[Wall TIME] >>> Coach.train takes 5.451534 seconds ...
[Coach] >>> Better ***NDCG@20*** of ***0.0406*** 
[Coach] >>> VALID @Epoch: 20 >>>  || RECALL@1 Avg: 0.0116 || RECALL@10 Avg: 0.0612 || RECALL@20 Avg: 0.0933 || NDCG@10 Avg: 0.0324 || NDCG@20 Avg: 0.0406
[Wall TIME] >>> Coach.valid takes 1.511183 seconds ...
[Epoch 021 Telemetry] BPR: 0.133080 | LHC: 0.000000 (lambda=0.000000) | 43860.3 samples/s | 4.98s
[Coach] >>> TRAIN @Epoch: 21 >>>  || LOSS Avg: 0.13308
[Wall TIME] >>> Coach.train takes 4.980481 seconds ...
[Epoch 022 Telemetry] BPR: 0.127916 | LHC: 0.000000 (lambda=0.000000) | 44000.8 samples/s | 4.96s
[Coach] >>> TRAIN @Epoch: 22 >>>  || LOSS Avg: 0.12792
[Wall TIME] >>> Coach.train takes 4.964391 seconds ...
[Epoch 023 Telemetry] BPR: 0.122573 | LHC: 0.000000 (lambda=0.000000) | 41168.7 samples/s | 5.31s
[Coach] >>> TRAIN @Epoch: 23 >>>  || LOSS Avg: 0.12257
[Wall TIME] >>> Coach.train takes 5.305900 seconds ...
[Epoch 024 Telemetry] BPR: 0.117936 | LHC: 0.000000 (lambda=0.000000) | 43929.8 samples/s | 4.97s
[Coach] >>> TRAIN @Epoch: 24 >>>  || LOSS Avg: 0.11794
[Wall TIME] >>> Coach.train takes 4.972462 seconds ...
[Epoch 025 Telemetry] BPR: 0.114011 | LHC: 0.000000 (lambda=0.000000) | 41303.7 samples/s | 5.29s
[Coach] >>> TRAIN @Epoch: 25 >>>  || LOSS Avg: 0.11401
[Wall TIME] >>> Coach.train takes 5.288514 seconds ...
[Coach] >>> Better ***NDCG@20*** of ***0.0411*** 
[Coach] >>> VALID @Epoch: 25 >>>  || RECALL@1 Avg: 0.0113 || RECALL@10 Avg: 0.0617 || RECALL@20 Avg: 0.0946 || NDCG@10 Avg: 0.0327 || NDCG@20 Avg: 0.0411
[Wall TIME] >>> Coach.valid takes 1.526452 seconds ...
[Epoch 026 Telemetry] BPR: 0.110165 | LHC: 0.000000 (lambda=0.000000) | 43786.3 samples/s | 4.99s
[Coach] >>> TRAIN @Epoch: 26 >>>  || LOSS Avg: 0.11016
[Wall TIME] >>> Coach.train takes 4.988816 seconds ...
[Epoch 027 Telemetry] BPR: 0.106836 | LHC: 0.000000 (lambda=0.000000) | 44127.3 samples/s | 4.95s
[Coach] >>> TRAIN @Epoch: 27 >>>  || LOSS Avg: 0.10684
[Wall TIME] >>> Coach.train takes 4.950224 seconds ...
[Epoch 028 Telemetry] BPR: 0.102812 | LHC: 0.000000 (lambda=0.000000) | 41169.1 samples/s | 5.31s
[Coach] >>> TRAIN @Epoch: 28 >>>  || LOSS Avg: 0.10281
[Wall TIME] >>> Coach.train takes 5.305881 seconds ...
[Epoch 029 Telemetry] BPR: 0.099672 | LHC: 0.000000 (lambda=0.000000) | 43867.0 samples/s | 4.98s
[Coach] >>> TRAIN @Epoch: 29 >>>  || LOSS Avg: 0.09967
[Wall TIME] >>> Coach.train takes 4.979635 seconds ...
[Epoch 030 Telemetry] BPR: 0.096609 | LHC: 0.000000 (lambda=0.000000) | 41079.1 samples/s | 5.32s
[Coach] >>> TRAIN @Epoch: 30 >>>  || LOSS Avg: 0.09661
[Wall TIME] >>> Coach.train takes 5.403664 seconds ...
[Coach] >>> Better ***NDCG@20*** of ***0.0418*** 
[Coach] >>> VALID @Epoch: 30 >>>  || RECALL@1 Avg: 0.0118 || RECALL@10 Avg: 0.0625 || RECALL@20 Avg: 0.0961 || NDCG@10 Avg: 0.0333 || NDCG@20 Avg: 0.0418
[Wall TIME] >>> Coach.valid takes 1.493725 seconds ...
[Epoch 031 Telemetry] BPR: 0.094615 | LHC: 0.000000 (lambda=0.000000) | 43970.0 samples/s | 4.97s
[Coach] >>> TRAIN @Epoch: 31 >>>  || LOSS Avg: 0.09462
[Wall TIME] >>> Coach.train takes 4.967882 seconds ...
[Epoch 032 Telemetry] BPR: 0.091271 | LHC: 0.000000 (lambda=0.000000) | 44253.3 samples/s | 4.94s
[Coach] >>> TRAIN @Epoch: 32 >>>  || LOSS Avg: 0.09127
[Wall TIME] >>> Coach.train takes 4.936273 seconds ...
[Epoch 033 Telemetry] BPR: 0.088881 | LHC: 0.000000 (lambda=0.000000) | 41150.2 samples/s | 5.31s
[Coach] >>> TRAIN @Epoch: 33 >>>  || LOSS Avg: 0.08888
[Wall TIME] >>> Coach.train takes 5.308268 seconds ...
[Epoch 034 Telemetry] BPR: 0.086569 | LHC: 0.000000 (lambda=0.000000) | 44184.9 samples/s | 4.94s
[Coach] >>> TRAIN @Epoch: 34 >>>  || LOSS Avg: 0.08657
[Wall TIME] >>> Coach.train takes 4.943761 seconds ...
[Epoch 035 Telemetry] BPR: 0.084490 | LHC: 0.000000 (lambda=0.000000) | 40765.0 samples/s | 5.36s
[Coach] >>> TRAIN @Epoch: 35 >>>  || LOSS Avg: 0.08449
[Wall TIME] >>> Coach.train takes 5.358520 seconds ...
[Coach] >>> Better ***NDCG@20*** of ***0.0421*** 
[Coach] >>> VALID @Epoch: 35 >>>  || RECALL@1 Avg: 0.0117 || RECALL@10 Avg: 0.0628 || RECALL@20 Avg: 0.0969 || NDCG@10 Avg: 0.0335 || NDCG@20 Avg: 0.0421
[Wall TIME] >>> Coach.valid takes 1.501487 seconds ...
[Epoch 036 Telemetry] BPR: 0.082107 | LHC: 0.000000 (lambda=0.000000) | 43790.7 samples/s | 4.99s
[Coach] >>> TRAIN @Epoch: 36 >>>  || LOSS Avg: 0.08211
[Wall TIME] >>> Coach.train takes 4.988331 seconds ...
[Epoch 037 Telemetry] BPR: 0.080418 | LHC: 0.000000 (lambda=0.000000) | 43600.5 samples/s | 5.01s
[Coach] >>> TRAIN @Epoch: 37 >>>  || LOSS Avg: 0.08042
[Wall TIME] >>> Coach.train takes 5.010233 seconds ...
[Epoch 038 Telemetry] BPR: 0.078914 | LHC: 0.000000 (lambda=0.000000) | 40676.3 samples/s | 5.37s
[Coach] >>> TRAIN @Epoch: 38 >>>  || LOSS Avg: 0.07891
[Wall TIME] >>> Coach.train takes 5.370260 seconds ...
[Epoch 039 Telemetry] BPR: 0.077065 | LHC: 0.000000 (lambda=0.000000) | 43551.5 samples/s | 5.01s
[Coach] >>> TRAIN @Epoch: 39 >>>  || LOSS Avg: 0.07707
[Wall TIME] >>> Coach.train takes 5.015738 seconds ...
[Epoch 040 Telemetry] BPR: 0.075649 | LHC: 0.000000 (lambda=0.000000) | 40643.8 samples/s | 5.37s
[Coach] >>> TRAIN @Epoch: 40 >>>  || LOSS Avg: 0.07565
[Wall TIME] >>> Coach.train takes 5.463263 seconds ...
[Coach] >>> Better ***NDCG@20*** of ***0.0422*** 
[Coach] >>> VALID @Epoch: 40 >>>  || RECALL@1 Avg: 0.0118 || RECALL@10 Avg: 0.0628 || RECALL@20 Avg: 0.0970 || NDCG@10 Avg: 0.0335 || NDCG@20 Avg: 0.0422
[Wall TIME] >>> Coach.valid takes 1.520700 seconds ...
[Epoch 041 Telemetry] BPR: 0.073468 | LHC: 0.000000 (lambda=0.000000) | 44162.5 samples/s | 4.95s
[Coach] >>> TRAIN @Epoch: 41 >>>  || LOSS Avg: 0.07347
[Wall TIME] >>> Coach.train takes 4.946362 seconds ...
[Epoch 042 Telemetry] BPR: 0.072250 | LHC: 0.000000 (lambda=0.000000) | 44076.4 samples/s | 4.96s
[Coach] >>> TRAIN @Epoch: 42 >>>  || LOSS Avg: 0.07225
[Wall TIME] >>> Coach.train takes 4.956038 seconds ...
[Epoch 043 Telemetry] BPR: 0.070538 | LHC: 0.000000 (lambda=0.000000) | 40951.9 samples/s | 5.33s
[Coach] >>> TRAIN @Epoch: 43 >>>  || LOSS Avg: 0.07054
[Wall TIME] >>> Coach.train takes 5.334147 seconds ...
[Epoch 044 Telemetry] BPR: 0.069687 | LHC: 0.000000 (lambda=0.000000) | 43915.6 samples/s | 4.97s
[Coach] >>> TRAIN @Epoch: 44 >>>  || LOSS Avg: 0.06969
[Wall TIME] >>> Coach.train takes 4.974133 seconds ...
[Epoch 045 Telemetry] BPR: 0.068284 | LHC: 0.000000 (lambda=0.000000) | 40848.5 samples/s | 5.35s
[Coach] >>> TRAIN @Epoch: 45 >>>  || LOSS Avg: 0.06828
[Wall TIME] >>> Coach.train takes 5.347529 seconds ...
[Coach] >>> Better ***NDCG@20*** of ***0.0426*** 
[Coach] >>> VALID @Epoch: 45 >>>  || RECALL@1 Avg: 0.0118 || RECALL@10 Avg: 0.0640 || RECALL@20 Avg: 0.0978 || NDCG@10 Avg: 0.0340 || NDCG@20 Avg: 0.0426
[Wall TIME] >>> Coach.valid takes 1.509203 seconds ...
[Epoch 046 Telemetry] BPR: 0.066790 | LHC: 0.000000 (lambda=0.000000) | 43657.0 samples/s | 5.00s
[Coach] >>> TRAIN @Epoch: 46 >>>  || LOSS Avg: 0.06679
[Wall TIME] >>> Coach.train takes 5.003499 seconds ...
[Epoch 047 Telemetry] BPR: 0.065319 | LHC: 0.000000 (lambda=0.000000) | 43806.6 samples/s | 4.99s
[Coach] >>> TRAIN @Epoch: 47 >>>  || LOSS Avg: 0.06532
[Wall TIME] >>> Coach.train takes 4.986419 seconds ...
[Epoch 048 Telemetry] BPR: 0.065277 | LHC: 0.000000 (lambda=0.000000) | 40790.7 samples/s | 5.35s
[Coach] >>> TRAIN @Epoch: 48 >>>  || LOSS Avg: 0.06528
[Wall TIME] >>> Coach.train takes 5.355231 seconds ...
[Epoch 049 Telemetry] BPR: 0.063638 | LHC: 0.000000 (lambda=0.000000) | 43906.9 samples/s | 4.97s
[Coach] >>> TRAIN @Epoch: 49 >>>  || LOSS Avg: 0.06364
[Wall TIME] >>> Coach.train takes 4.975152 seconds ...
[Epoch 050 Telemetry] BPR: 0.062731 | LHC: 0.000000 (lambda=0.000000) | 40774.1 samples/s | 5.36s
[Coach] >>> TRAIN @Epoch: 50 >>>  || LOSS Avg: 0.06273
[Wall TIME] >>> Coach.train takes 5.444210 seconds ...
[Coach] >>> Better ***NDCG@20*** of ***0.0429*** 
[Coach] >>> VALID @Epoch: 50 >>>  || RECALL@1 Avg: 0.0119 || RECALL@10 Avg: 0.0636 || RECALL@20 Avg: 0.0988 || NDCG@10 Avg: 0.0340 || NDCG@20 Avg: 0.0429
[Wall TIME] >>> Coach.valid takes 1.518425 seconds ...
[Epoch 051 Telemetry] BPR: 0.062009 | LHC: 0.000000 (lambda=0.000000) | 43769.5 samples/s | 4.99s
[Coach] >>> TRAIN @Epoch: 51 >>>  || LOSS Avg: 0.06201
[Wall TIME] >>> Coach.train takes 4.990612 seconds ...
[Epoch 052 Telemetry] BPR: 0.060618 | LHC: 0.000000 (lambda=0.000000) | 43965.2 samples/s | 4.97s
[Coach] >>> TRAIN @Epoch: 52 >>>  || LOSS Avg: 0.06062
[Wall TIME] >>> Coach.train takes 4.968478 seconds ...
[Epoch 053 Telemetry] BPR: 0.060412 | LHC: 0.000000 (lambda=0.000000) | 40902.8 samples/s | 5.34s
[Coach] >>> TRAIN @Epoch: 53 >>>  || LOSS Avg: 0.06041
[Wall TIME] >>> Coach.train takes 5.340531 seconds ...
[Epoch 054 Telemetry] BPR: 0.058995 | LHC: 0.000000 (lambda=0.000000) | 43983.7 samples/s | 4.97s
[Coach] >>> TRAIN @Epoch: 54 >>>  || LOSS Avg: 0.05900
[Wall TIME] >>> Coach.train takes 4.966434 seconds ...
[Epoch 055 Telemetry] BPR: 0.058344 | LHC: 0.000000 (lambda=0.000000) | 43996.1 samples/s | 4.96s
[Coach] >>> TRAIN @Epoch: 55 >>>  || LOSS Avg: 0.05834
[Wall TIME] >>> Coach.train takes 4.965114 seconds ...
[Coach] >>> Better ***NDCG@20*** of ***0.0433*** 
[Coach] >>> VALID @Epoch: 55 >>>  || RECALL@1 Avg: 0.0124 || RECALL@10 Avg: 0.0648 || RECALL@20 Avg: 0.0991 || NDCG@10 Avg: 0.0346 || NDCG@20 Avg: 0.0433
[Wall TIME] >>> Coach.valid takes 1.509817 seconds ...
[Epoch 056 Telemetry] BPR: 0.057802 | LHC: 0.000000 (lambda=0.000000) | 40523.4 samples/s | 5.39s
[Coach] >>> TRAIN @Epoch: 56 >>>  || LOSS Avg: 0.05780
[Wall TIME] >>> Coach.train takes 5.390379 seconds ...
[Epoch 057 Telemetry] BPR: 0.056517 | LHC: 0.000000 (lambda=0.000000) | 43553.7 samples/s | 5.01s
[Coach] >>> TRAIN @Epoch: 57 >>>  || LOSS Avg: 0.05652
[Wall TIME] >>> Coach.train takes 5.015486 seconds ...
[Epoch 058 Telemetry] BPR: 0.055959 | LHC: 0.000000 (lambda=0.000000) | 40685.2 samples/s | 5.37s
[Coach] >>> TRAIN @Epoch: 58 >>>  || LOSS Avg: 0.05596
[Wall TIME] >>> Coach.train takes 5.369112 seconds ...
[Epoch 059 Telemetry] BPR: 0.055188 | LHC: 0.000000 (lambda=0.000000) | 43507.9 samples/s | 5.02s
[Coach] >>> TRAIN @Epoch: 59 >>>  || LOSS Avg: 0.05519
[Wall TIME] >>> Coach.train takes 5.020768 seconds ...
[Epoch 060 Telemetry] BPR: 0.054812 | LHC: 0.000000 (lambda=0.000000) | 43812.7 samples/s | 4.99s
[Coach] >>> TRAIN @Epoch: 60 >>>  || LOSS Avg: 0.05481
[Wall TIME] >>> Coach.train takes 5.073284 seconds ...
[Coach] >>> Better ***NDCG@20*** of ***0.0437*** 
[Coach] >>> VALID @Epoch: 60 >>>  || RECALL@1 Avg: 0.0124 || RECALL@10 Avg: 0.0643 || RECALL@20 Avg: 0.0999 || NDCG@10 Avg: 0.0346 || NDCG@20 Avg: 0.0437
[Wall TIME] >>> Coach.valid takes 1.520009 seconds ...
[Epoch 061 Telemetry] BPR: 0.053756 | LHC: 0.000000 (lambda=0.000000) | 40852.2 samples/s | 5.35s
[Coach] >>> TRAIN @Epoch: 61 >>>  || LOSS Avg: 0.05376
[Wall TIME] >>> Coach.train takes 5.347023 seconds ...
[Epoch 062 Telemetry] BPR: 0.053263 | LHC: 0.000000 (lambda=0.000000) | 43610.1 samples/s | 5.01s
[Coach] >>> TRAIN @Epoch: 62 >>>  || LOSS Avg: 0.05326
[Wall TIME] >>> Coach.train takes 5.008988 seconds ...
[Epoch 063 Telemetry] BPR: 0.052592 | LHC: 0.000000 (lambda=0.000000) | 41139.9 samples/s | 5.31s
[Coach] >>> TRAIN @Epoch: 63 >>>  || LOSS Avg: 0.05259
[Wall TIME] >>> Coach.train takes 5.309807 seconds ...
[Epoch 064 Telemetry] BPR: 0.052347 | LHC: 0.000000 (lambda=0.000000) | 43815.5 samples/s | 4.98s
[Coach] >>> TRAIN @Epoch: 64 >>>  || LOSS Avg: 0.05235
[Wall TIME] >>> Coach.train takes 4.985510 seconds ...
[Epoch 065 Telemetry] BPR: 0.051724 | LHC: 0.000000 (lambda=0.000000) | 43992.5 samples/s | 4.96s
[Coach] >>> TRAIN @Epoch: 65 >>>  || LOSS Avg: 0.05172
[Wall TIME] >>> Coach.train takes 4.965447 seconds ...
[Coach] >>> Better ***NDCG@20*** of ***0.0437*** 
[Coach] >>> VALID @Epoch: 65 >>>  || RECALL@1 Avg: 0.0123 || RECALL@10 Avg: 0.0648 || RECALL@20 Avg: 0.0999 || NDCG@10 Avg: 0.0348 || NDCG@20 Avg: 0.0437
[Wall TIME] >>> Coach.valid takes 1.513613 seconds ...
[Epoch 066 Telemetry] BPR: 0.050848 | LHC: 0.000000 (lambda=0.000000) | 40640.4 samples/s | 5.37s
[Coach] >>> TRAIN @Epoch: 66 >>>  || LOSS Avg: 0.05085
[Wall TIME] >>> Coach.train takes 5.374996 seconds ...
[Epoch 067 Telemetry] BPR: 0.050640 | LHC: 0.000000 (lambda=0.000000) | 43429.3 samples/s | 5.03s
[Coach] >>> TRAIN @Epoch: 67 >>>  || LOSS Avg: 0.05064
[Wall TIME] >>> Coach.train takes 5.029848 seconds ...
[Epoch 068 Telemetry] BPR: 0.049884 | LHC: 0.000000 (lambda=0.000000) | 40429.4 samples/s | 5.40s
[Coach] >>> TRAIN @Epoch: 68 >>>  || LOSS Avg: 0.04988
[Wall TIME] >>> Coach.train takes 5.403068 seconds ...
[Epoch 069 Telemetry] BPR: 0.049506 | LHC: 0.000000 (lambda=0.000000) | 43769.3 samples/s | 4.99s
[Coach] >>> TRAIN @Epoch: 69 >>>  || LOSS Avg: 0.04951
[Wall TIME] >>> Coach.train takes 4.990835 seconds ...
[Epoch 070 Telemetry] BPR: 0.049085 | LHC: 0.000000 (lambda=0.000000) | 43211.5 samples/s | 5.05s
[Coach] >>> TRAIN @Epoch: 70 >>>  || LOSS Avg: 0.04908
[Wall TIME] >>> Coach.train takes 5.143116 seconds ...
[Coach] >>> Better ***NDCG@20*** of ***0.0439*** 
[Coach] >>> VALID @Epoch: 70 >>>  || RECALL@1 Avg: 0.0122 || RECALL@10 Avg: 0.0657 || RECALL@20 Avg: 0.1005 || NDCG@10 Avg: 0.0350 || NDCG@20 Avg: 0.0439
[Wall TIME] >>> Coach.valid takes 1.521639 seconds ...
[Epoch 071 Telemetry] BPR: 0.048613 | LHC: 0.000000 (lambda=0.000000) | 40661.4 samples/s | 5.37s
[Coach] >>> TRAIN @Epoch: 71 >>>  || LOSS Avg: 0.04861
[Wall TIME] >>> Coach.train takes 5.372103 seconds ...
[Epoch 072 Telemetry] BPR: 0.048096 | LHC: 0.000000 (lambda=0.000000) | 43773.1 samples/s | 4.99s
[Coach] >>> TRAIN @Epoch: 72 >>>  || LOSS Avg: 0.04810
[Wall TIME] >>> Coach.train takes 4.990213 seconds ...
[Epoch 073 Telemetry] BPR: 0.047940 | LHC: 0.000000 (lambda=0.000000) | 40776.0 samples/s | 5.36s
[Coach] >>> TRAIN @Epoch: 73 >>>  || LOSS Avg: 0.04794
[Wall TIME] >>> Coach.train takes 5.357062 seconds ...
[Epoch 074 Telemetry] BPR: 0.047494 | LHC: 0.000000 (lambda=0.000000) | 44003.3 samples/s | 4.96s
[Coach] >>> TRAIN @Epoch: 74 >>>  || LOSS Avg: 0.04749
[Wall TIME] >>> Coach.train takes 4.964259 seconds ...
[Epoch 075 Telemetry] BPR: 0.046825 | LHC: 0.000000 (lambda=0.000000) | 43824.6 samples/s | 4.98s
[Coach] >>> TRAIN @Epoch: 75 >>>  || LOSS Avg: 0.04682
[Wall TIME] >>> Coach.train takes 4.984384 seconds ...
[Coach] >>> Better ***NDCG@20*** of ***0.0441*** 
[Coach] >>> VALID @Epoch: 75 >>>  || RECALL@1 Avg: 0.0123 || RECALL@10 Avg: 0.0659 || RECALL@20 Avg: 0.1014 || NDCG@10 Avg: 0.0351 || NDCG@20 Avg: 0.0441
[Wall TIME] >>> Coach.valid takes 1.514981 seconds ...
[Epoch 076 Telemetry] BPR: 0.046737 | LHC: 0.000000 (lambda=0.000000) | 40445.2 samples/s | 5.40s
[Coach] >>> TRAIN @Epoch: 76 >>>  || LOSS Avg: 0.04674
[Wall TIME] >>> Coach.train takes 5.400831 seconds ...
[Epoch 077 Telemetry] BPR: 0.045995 | LHC: 0.000000 (lambda=0.000000) | 43310.2 samples/s | 5.04s
[Coach] >>> TRAIN @Epoch: 77 >>>  || LOSS Avg: 0.04599
[Wall TIME] >>> Coach.train takes 5.043767 seconds ...
[Epoch 078 Telemetry] BPR: 0.045833 | LHC: 0.000000 (lambda=0.000000) | 40763.5 samples/s | 5.36s
[Coach] >>> TRAIN @Epoch: 78 >>>  || LOSS Avg: 0.04583
[Wall TIME] >>> Coach.train takes 5.358806 seconds ...
[Epoch 079 Telemetry] BPR: 0.045418 | LHC: 0.000000 (lambda=0.000000) | 43569.9 samples/s | 5.01s
[Coach] >>> TRAIN @Epoch: 79 >>>  || LOSS Avg: 0.04542
[Wall TIME] >>> Coach.train takes 5.013584 seconds ...
[Epoch 080 Telemetry] BPR: 0.044701 | LHC: 0.000000 (lambda=0.000000) | 43654.3 samples/s | 5.00s
[Coach] >>> TRAIN @Epoch: 80 >>>  || LOSS Avg: 0.04470
[Wall TIME] >>> Coach.train takes 5.092990 seconds ...
[Coach] >>> Better ***NDCG@20*** of ***0.0443*** 
[Coach] >>> VALID @Epoch: 80 >>>  || RECALL@1 Avg: 0.0126 || RECALL@10 Avg: 0.0661 || RECALL@20 Avg: 0.1010 || NDCG@10 Avg: 0.0354 || NDCG@20 Avg: 0.0443
[Wall TIME] >>> Coach.valid takes 1.529929 seconds ...
[Epoch 081 Telemetry] BPR: 0.044557 | LHC: 0.000000 (lambda=0.000000) | 40928.2 samples/s | 5.34s
[Coach] >>> TRAIN @Epoch: 81 >>>  || LOSS Avg: 0.04456
[Wall TIME] >>> Coach.train takes 5.337111 seconds ...
[Epoch 082 Telemetry] BPR: 0.044639 | LHC: 0.000000 (lambda=0.000000) | 43931.6 samples/s | 4.97s
[Coach] >>> TRAIN @Epoch: 82 >>>  || LOSS Avg: 0.04464
[Wall TIME] >>> Coach.train takes 4.972309 seconds ...
[Epoch 083 Telemetry] BPR: 0.044063 | LHC: 0.000000 (lambda=0.000000) | 43943.1 samples/s | 4.97s
[Coach] >>> TRAIN @Epoch: 83 >>>  || LOSS Avg: 0.04406
[Wall TIME] >>> Coach.train takes 4.970957 seconds ...
[Epoch 084 Telemetry] BPR: 0.043907 | LHC: 0.000000 (lambda=0.000000) | 40947.2 samples/s | 5.33s
[Coach] >>> TRAIN @Epoch: 84 >>>  || LOSS Avg: 0.04391
[Wall TIME] >>> Coach.train takes 5.334604 seconds ...
[Epoch 085 Telemetry] BPR: 0.043579 | LHC: 0.000000 (lambda=0.000000) | 43891.4 samples/s | 4.98s
[Coach] >>> TRAIN @Epoch: 85 >>>  || LOSS Avg: 0.04358
[Wall TIME] >>> Coach.train takes 4.976864 seconds ...
[Coach] >>> Better ***NDCG@20*** of ***0.0445*** 
[Coach] >>> VALID @Epoch: 85 >>>  || RECALL@1 Avg: 0.0126 || RECALL@10 Avg: 0.0663 || RECALL@20 Avg: 0.1018 || NDCG@10 Avg: 0.0355 || NDCG@20 Avg: 0.0445
[Wall TIME] >>> Coach.valid takes 1.511338 seconds ...
[Epoch 086 Telemetry] BPR: 0.043507 | LHC: 0.000000 (lambda=0.000000) | 40461.8 samples/s | 5.40s
[Coach] >>> TRAIN @Epoch: 86 >>>  || LOSS Avg: 0.04351
[Wall TIME] >>> Coach.train takes 5.398743 seconds ...
[Epoch 087 Telemetry] BPR: 0.042937 | LHC: 0.000000 (lambda=0.000000) | 43633.5 samples/s | 5.01s
[Coach] >>> TRAIN @Epoch: 87 >>>  || LOSS Avg: 0.04294
[Wall TIME] >>> Coach.train takes 5.006309 seconds ...
[Epoch 088 Telemetry] BPR: 0.042495 | LHC: 0.000000 (lambda=0.000000) | 43684.7 samples/s | 5.00s
[Coach] >>> TRAIN @Epoch: 88 >>>  || LOSS Avg: 0.04249
[Wall TIME] >>> Coach.train takes 5.000412 seconds ...
[Epoch 089 Telemetry] BPR: 0.042622 | LHC: 0.000000 (lambda=0.000000) | 40902.7 samples/s | 5.34s
[Coach] >>> TRAIN @Epoch: 89 >>>  || LOSS Avg: 0.04262
[Wall TIME] >>> Coach.train takes 5.340710 seconds ...
[Epoch 090 Telemetry] BPR: 0.042173 | LHC: 0.000000 (lambda=0.000000) | 43881.0 samples/s | 4.98s
[Coach] >>> TRAIN @Epoch: 90 >>>  || LOSS Avg: 0.04217
[Wall TIME] >>> Coach.train takes 5.076171 seconds ...
[Coach] >>> Better ***NDCG@20*** of ***0.0446*** 
[Coach] >>> VALID @Epoch: 90 >>>  || RECALL@1 Avg: 0.0126 || RECALL@10 Avg: 0.0662 || RECALL@20 Avg: 0.1017 || NDCG@10 Avg: 0.0355 || NDCG@20 Avg: 0.0446
[Wall TIME] >>> Coach.valid takes 1.508913 seconds ...
[Epoch 091 Telemetry] BPR: 0.041870 | LHC: 0.000000 (lambda=0.000000) | 40750.3 samples/s | 5.36s
[Coach] >>> TRAIN @Epoch: 91 >>>  || LOSS Avg: 0.04187
[Wall TIME] >>> Coach.train takes 5.360308 seconds ...
[Epoch 092 Telemetry] BPR: 0.041205 | LHC: 0.000000 (lambda=0.000000) | 43720.0 samples/s | 5.00s
[Coach] >>> TRAIN @Epoch: 92 >>>  || LOSS Avg: 0.04121
[Wall TIME] >>> Coach.train takes 4.996443 seconds ...
[Epoch 093 Telemetry] BPR: 0.041191 | LHC: 0.000000 (lambda=0.000000) | 43841.8 samples/s | 4.98s
[Coach] >>> TRAIN @Epoch: 93 >>>  || LOSS Avg: 0.04119
[Wall TIME] >>> Coach.train takes 4.982440 seconds ...
[Epoch 094 Telemetry] BPR: 0.041139 | LHC: 0.000000 (lambda=0.000000) | 40843.0 samples/s | 5.35s
[Coach] >>> TRAIN @Epoch: 94 >>>  || LOSS Avg: 0.04114
[Wall TIME] >>> Coach.train takes 5.348305 seconds ...
[Epoch 095 Telemetry] BPR: 0.041032 | LHC: 0.000000 (lambda=0.000000) | 43779.0 samples/s | 4.99s
[Coach] >>> TRAIN @Epoch: 95 >>>  || LOSS Avg: 0.04103
[Wall TIME] >>> Coach.train takes 4.989639 seconds ...
[Coach] >>> Better ***NDCG@20*** of ***0.0450*** 
[Coach] >>> VALID @Epoch: 95 >>>  || RECALL@1 Avg: 0.0129 || RECALL@10 Avg: 0.0669 || RECALL@20 Avg: 0.1026 || NDCG@10 Avg: 0.0359 || NDCG@20 Avg: 0.0450
[Wall TIME] >>> Coach.valid takes 1.507317 seconds ...
[Epoch 096 Telemetry] BPR: 0.040708 | LHC: 0.000000 (lambda=0.000000) | 40735.7 samples/s | 5.36s
[Coach] >>> TRAIN @Epoch: 96 >>>  || LOSS Avg: 0.04071
[Wall TIME] >>> Coach.train takes 5.362339 seconds ...
[Epoch 097 Telemetry] BPR: 0.040836 | LHC: 0.000000 (lambda=0.000000) | 43097.8 samples/s | 5.07s
[Coach] >>> TRAIN @Epoch: 97 >>>  || LOSS Avg: 0.04084
[Wall TIME] >>> Coach.train takes 5.068628 seconds ...
[Epoch 098 Telemetry] BPR: 0.040214 | LHC: 0.000000 (lambda=0.000000) | 43621.4 samples/s | 5.01s
[Coach] >>> TRAIN @Epoch: 98 >>>  || LOSS Avg: 0.04021
[Wall TIME] >>> Coach.train takes 5.007668 seconds ...
[Epoch 099 Telemetry] BPR: 0.040271 | LHC: 0.000000 (lambda=0.000000) | 40334.2 samples/s | 5.41s
[Coach] >>> TRAIN @Epoch: 99 >>>  || LOSS Avg: 0.04027
[Wall TIME] >>> Coach.train takes 5.415706 seconds ...
[Epoch 100 Telemetry] BPR: 0.040004 | LHC: 0.000000 (lambda=0.000000) | 43696.7 samples/s | 5.00s
[Coach] >>> TRAIN @Epoch: 100 >>>  || LOSS Avg: 0.04000
[Wall TIME] >>> Coach.train takes 5.087505 seconds ...
[Coach] >>> Better ***NDCG@20*** of ***0.0450*** 
[Coach] >>> VALID @Epoch: 100 >>>  || RECALL@1 Avg: 0.0131 || RECALL@10 Avg: 0.0666 || RECALL@20 Avg: 0.1024 || NDCG@10 Avg: 0.0359 || NDCG@20 Avg: 0.0450
[Wall TIME] >>> Coach.valid takes 1.504033 seconds ...
[Epoch 101 Telemetry] BPR: 0.039354 | LHC: 0.000000 (lambda=0.000000) | 40731.9 samples/s | 5.36s
[Coach] >>> TRAIN @Epoch: 101 >>>  || LOSS Avg: 0.03935
[Wall TIME] >>> Coach.train takes 5.362891 seconds ...
[Epoch 102 Telemetry] BPR: 0.039537 | LHC: 0.000000 (lambda=0.000000) | 43917.8 samples/s | 4.97s
[Coach] >>> TRAIN @Epoch: 102 >>>  || LOSS Avg: 0.03954
[Wall TIME] >>> Coach.train takes 4.973861 seconds ...
[Epoch 103 Telemetry] BPR: 0.039143 | LHC: 0.000000 (lambda=0.000000) | 43999.1 samples/s | 4.96s
[Coach] >>> TRAIN @Epoch: 103 >>>  || LOSS Avg: 0.03914
[Wall TIME] >>> Coach.train takes 4.964671 seconds ...
[Epoch 104 Telemetry] BPR: 0.039175 | LHC: 0.000000 (lambda=0.000000) | 40995.8 samples/s | 5.33s
[Coach] >>> TRAIN @Epoch: 104 >>>  || LOSS Avg: 0.03917
[Wall TIME] >>> Coach.train takes 5.328413 seconds ...
[Epoch 105 Telemetry] BPR: 0.039384 | LHC: 0.000000 (lambda=0.000000) | 43814.9 samples/s | 4.98s
[Coach] >>> TRAIN @Epoch: 105 >>>  || LOSS Avg: 0.03938
[Wall TIME] >>> Coach.train takes 4.985443 seconds ...
[Coach] >>> Better ***NDCG@20*** of ***0.0455*** 
[Coach] >>> VALID @Epoch: 105 >>>  || RECALL@1 Avg: 0.0132 || RECALL@10 Avg: 0.0668 || RECALL@20 Avg: 0.1040 || NDCG@10 Avg: 0.0361 || NDCG@20 Avg: 0.0455
[Wall TIME] >>> Coach.valid takes 1.516864 seconds ...
[Epoch 106 Telemetry] BPR: 0.038728 | LHC: 0.000000 (lambda=0.000000) | 40957.1 samples/s | 5.33s
[Coach] >>> TRAIN @Epoch: 106 >>>  || LOSS Avg: 0.03873
[Wall TIME] >>> Coach.train takes 5.333454 seconds ...
[Epoch 107 Telemetry] BPR: 0.038360 | LHC: 0.000000 (lambda=0.000000) | 43634.8 samples/s | 5.01s
[Coach] >>> TRAIN @Epoch: 107 >>>  || LOSS Avg: 0.03836
[Wall TIME] >>> Coach.train takes 5.006213 seconds ...
[Epoch 108 Telemetry] BPR: 0.038405 | LHC: 0.000000 (lambda=0.000000) | 43549.6 samples/s | 5.02s
[Coach] >>> TRAIN @Epoch: 108 >>>  || LOSS Avg: 0.03841
[Wall TIME] >>> Coach.train takes 5.016059 seconds ...
[Epoch 109 Telemetry] BPR: 0.038298 | LHC: 0.000000 (lambda=0.000000) | 40619.7 samples/s | 5.38s
[Coach] >>> TRAIN @Epoch: 109 >>>  || LOSS Avg: 0.03830
[Wall TIME] >>> Coach.train takes 5.377833 seconds ...
[Epoch 110 Telemetry] BPR: 0.038108 | LHC: 0.000000 (lambda=0.000000) | 43567.6 samples/s | 5.01s
[Coach] >>> TRAIN @Epoch: 110 >>>  || LOSS Avg: 0.03811
[Wall TIME] >>> Coach.train takes 5.101890 seconds ...
[Coach] >>> VALID @Epoch: 110 >>>  || RECALL@1 Avg: 0.0130 || RECALL@10 Avg: 0.0669 || RECALL@20 Avg: 0.1040 || NDCG@10 Avg: 0.0359 || NDCG@20 Avg: 0.0454
[Wall TIME] >>> Coach.valid takes 1.444175 seconds ...
[Epoch 111 Telemetry] BPR: 0.037835 | LHC: 0.000000 (lambda=0.000000) | 40752.4 samples/s | 5.36s
[Coach] >>> TRAIN @Epoch: 111 >>>  || LOSS Avg: 0.03784
[Wall TIME] >>> Coach.train takes 5.360363 seconds ...
[Epoch 112 Telemetry] BPR: 0.037389 | LHC: 0.000000 (lambda=0.000000) | 44152.7 samples/s | 4.95s
[Coach] >>> TRAIN @Epoch: 112 >>>  || LOSS Avg: 0.03739
[Wall TIME] >>> Coach.train takes 4.947507 seconds ...
[Epoch 113 Telemetry] BPR: 0.037648 | LHC: 0.000000 (lambda=0.000000) | 43913.7 samples/s | 4.97s
[Coach] >>> TRAIN @Epoch: 113 >>>  || LOSS Avg: 0.03765
[Wall TIME] >>> Coach.train takes 4.974279 seconds ...
[Epoch 114 Telemetry] BPR: 0.037269 | LHC: 0.000000 (lambda=0.000000) | 40802.4 samples/s | 5.35s
[Coach] >>> TRAIN @Epoch: 114 >>>  || LOSS Avg: 0.03727
[Wall TIME] >>> Coach.train takes 5.353682 seconds ...
[Epoch 115 Telemetry] BPR: 0.037585 | LHC: 0.000000 (lambda=0.000000) | 43995.5 samples/s | 4.96s
[Coach] >>> TRAIN @Epoch: 115 >>>  || LOSS Avg: 0.03759
[Wall TIME] >>> Coach.train takes 4.965014 seconds ...
[Coach] >>> VALID @Epoch: 115 >>>  || RECALL@1 Avg: 0.0130 || RECALL@10 Avg: 0.0676 || RECALL@20 Avg: 0.1038 || NDCG@10 Avg: 0.0362 || NDCG@20 Avg: 0.0454
[Wall TIME] >>> Coach.valid takes 1.471077 seconds ...
[Epoch 116 Telemetry] BPR: 0.037220 | LHC: 0.000000 (lambda=0.000000) | 40661.4 samples/s | 5.37s
[Coach] >>> TRAIN @Epoch: 116 >>>  || LOSS Avg: 0.03722
[Wall TIME] >>> Coach.train takes 5.372092 seconds ...
[Epoch 117 Telemetry] BPR: 0.036749 | LHC: 0.000000 (lambda=0.000000) | 43675.4 samples/s | 5.00s
[Coach] >>> TRAIN @Epoch: 117 >>>  || LOSS Avg: 0.03675
[Wall TIME] >>> Coach.train takes 5.001661 seconds ...
[Epoch 118 Telemetry] BPR: 0.037318 | LHC: 0.000000 (lambda=0.000000) | 43810.1 samples/s | 4.99s
[Coach] >>> TRAIN @Epoch: 118 >>>  || LOSS Avg: 0.03732
[Wall TIME] >>> Coach.train takes 4.986027 seconds ...
[Epoch 119 Telemetry] BPR: 0.036610 | LHC: 0.000000 (lambda=0.000000) | 40699.7 samples/s | 5.37s
[Coach] >>> TRAIN @Epoch: 119 >>>  || LOSS Avg: 0.03661
[Wall TIME] >>> Coach.train takes 5.367117 seconds ...
[Epoch 120 Telemetry] BPR: 0.036497 | LHC: 0.000000 (lambda=0.000000) | 43670.6 samples/s | 5.00s
[Coach] >>> TRAIN @Epoch: 120 >>>  || LOSS Avg: 0.03650
[Wall TIME] >>> Coach.train takes 5.087319 seconds ...
[Coach] >>> VALID @Epoch: 120 >>>  || RECALL@1 Avg: 0.0128 || RECALL@10 Avg: 0.0673 || RECALL@20 Avg: 0.1043 || NDCG@10 Avg: 0.0360 || NDCG@20 Avg: 0.0454
[Wall TIME] >>> Coach.valid takes 1.462622 seconds ...
[Epoch 121 Telemetry] BPR: 0.036304 | LHC: 0.000000 (lambda=0.000000) | 41042.2 samples/s | 5.32s
[Coach] >>> TRAIN @Epoch: 121 >>>  || LOSS Avg: 0.03630
[Wall TIME] >>> Coach.train takes 5.322173 seconds ...
[Epoch 122 Telemetry] BPR: 0.036289 | LHC: 0.000000 (lambda=0.000000) | 44415.0 samples/s | 4.92s
[Coach] >>> TRAIN @Epoch: 122 >>>  || LOSS Avg: 0.03629
[Wall TIME] >>> Coach.train takes 4.918221 seconds ...
[Epoch 123 Telemetry] BPR: 0.036207 | LHC: 0.000000 (lambda=0.000000) | 44118.0 samples/s | 4.95s
[Coach] >>> TRAIN @Epoch: 123 >>>  || LOSS Avg: 0.03621
[Wall TIME] >>> Coach.train takes 4.951477 seconds ...
[Epoch 124 Telemetry] BPR: 0.035977 | LHC: 0.000000 (lambda=0.000000) | 41195.2 samples/s | 5.30s
[Coach] >>> TRAIN @Epoch: 124 >>>  || LOSS Avg: 0.03598
[Wall TIME] >>> Coach.train takes 5.302562 seconds ...
[Epoch 125 Telemetry] BPR: 0.035693 | LHC: 0.000000 (lambda=0.000000) | 44078.7 samples/s | 4.95s
[Coach] >>> TRAIN @Epoch: 125 >>>  || LOSS Avg: 0.03569
[Wall TIME] >>> Coach.train takes 4.955630 seconds ...
[Coach] >>> Better ***NDCG@20*** of ***0.0459*** 
[Coach] >>> VALID @Epoch: 125 >>>  || RECALL@1 Avg: 0.0133 || RECALL@10 Avg: 0.0674 || RECALL@20 Avg: 0.1048 || NDCG@10 Avg: 0.0363 || NDCG@20 Avg: 0.0459
[Wall TIME] >>> Coach.valid takes 1.503775 seconds ...
[Epoch 126 Telemetry] BPR: 0.035961 | LHC: 0.000000 (lambda=0.000000) | 40940.2 samples/s | 5.33s
[Coach] >>> TRAIN @Epoch: 126 >>>  || LOSS Avg: 0.03596
[Wall TIME] >>> Coach.train takes 5.335563 seconds ...
[Epoch 127 Telemetry] BPR: 0.035670 | LHC: 0.000000 (lambda=0.000000) | 43903.2 samples/s | 4.97s
[Coach] >>> TRAIN @Epoch: 127 >>>  || LOSS Avg: 0.03567
[Wall TIME] >>> Coach.train takes 4.975497 seconds ...
[Epoch 128 Telemetry] BPR: 0.035846 | LHC: 0.000000 (lambda=0.000000) | 43756.6 samples/s | 4.99s
[Coach] >>> TRAIN @Epoch: 128 >>>  || LOSS Avg: 0.03585
[Wall TIME] >>> Coach.train takes 4.992228 seconds ...
[Epoch 129 Telemetry] BPR: 0.035530 | LHC: 0.000000 (lambda=0.000000) | 41083.9 samples/s | 5.32s
[Coach] >>> TRAIN @Epoch: 129 >>>  || LOSS Avg: 0.03553
[Wall TIME] >>> Coach.train takes 5.317050 seconds ...
[Epoch 130 Telemetry] BPR: 0.035319 | LHC: 0.000000 (lambda=0.000000) | 43725.5 samples/s | 5.00s
[Coach] >>> TRAIN @Epoch: 130 >>>  || LOSS Avg: 0.03532
[Wall TIME] >>> Coach.train takes 5.077662 seconds ...
[Coach] >>> VALID @Epoch: 130 >>>  || RECALL@1 Avg: 0.0132 || RECALL@10 Avg: 0.0683 || RECALL@20 Avg: 0.1036 || NDCG@10 Avg: 0.0365 || NDCG@20 Avg: 0.0456
[Wall TIME] >>> Coach.valid takes 1.454323 seconds ...
[Epoch 131 Telemetry] BPR: 0.035390 | LHC: 0.000000 (lambda=0.000000) | 41278.7 samples/s | 5.29s
[Coach] >>> TRAIN @Epoch: 131 >>>  || LOSS Avg: 0.03539
[Wall TIME] >>> Coach.train takes 5.291837 seconds ...
[Epoch 132 Telemetry] BPR: 0.035289 | LHC: 0.000000 (lambda=0.000000) | 44007.0 samples/s | 4.96s
[Coach] >>> TRAIN @Epoch: 132 >>>  || LOSS Avg: 0.03529
[Wall TIME] >>> Coach.train takes 4.963714 seconds ...
[Epoch 133 Telemetry] BPR: 0.034911 | LHC: 0.000000 (lambda=0.000000) | 44234.6 samples/s | 4.94s
[Coach] >>> TRAIN @Epoch: 133 >>>  || LOSS Avg: 0.03491
[Wall TIME] >>> Coach.train takes 4.938229 seconds ...
[Epoch 134 Telemetry] BPR: 0.035005 | LHC: 0.000000 (lambda=0.000000) | 41225.5 samples/s | 5.30s
[Coach] >>> TRAIN @Epoch: 134 >>>  || LOSS Avg: 0.03500
[Wall TIME] >>> Coach.train takes 5.298716 seconds ...
[Epoch 135 Telemetry] BPR: 0.035026 | LHC: 0.000000 (lambda=0.000000) | 43800.0 samples/s | 4.99s
[Coach] >>> TRAIN @Epoch: 135 >>>  || LOSS Avg: 0.03503
[Wall TIME] >>> Coach.train takes 4.987284 seconds ...
[Coach] >>> VALID @Epoch: 135 >>>  || RECALL@1 Avg: 0.0131 || RECALL@10 Avg: 0.0682 || RECALL@20 Avg: 0.1043 || NDCG@10 Avg: 0.0366 || NDCG@20 Avg: 0.0458
[Wall TIME] >>> Coach.valid takes 1.449304 seconds ...
[Epoch 136 Telemetry] BPR: 0.034653 | LHC: 0.000000 (lambda=0.000000) | 40750.4 samples/s | 5.36s
[Coach] >>> TRAIN @Epoch: 136 >>>  || LOSS Avg: 0.03465
[Wall TIME] >>> Coach.train takes 5.360464 seconds ...
[Epoch 137 Telemetry] BPR: 0.034521 | LHC: 0.000000 (lambda=0.000000) | 43667.4 samples/s | 5.00s
[Coach] >>> TRAIN @Epoch: 137 >>>  || LOSS Avg: 0.03452
[Wall TIME] >>> Coach.train takes 5.002424 seconds ...
[Epoch 138 Telemetry] BPR: 0.034353 | LHC: 0.000000 (lambda=0.000000) | 43891.7 samples/s | 4.98s
[Coach] >>> TRAIN @Epoch: 138 >>>  || LOSS Avg: 0.03435
[Wall TIME] >>> Coach.train takes 4.976829 seconds ...
[Epoch 139 Telemetry] BPR: 0.034641 | LHC: 0.000000 (lambda=0.000000) | 40620.4 samples/s | 5.38s
[Coach] >>> TRAIN @Epoch: 139 >>>  || LOSS Avg: 0.03464
[Wall TIME] >>> Coach.train takes 5.377580 seconds ...
[Epoch 140 Telemetry] BPR: 0.034040 | LHC: 0.000000 (lambda=0.000000) | 43920.0 samples/s | 4.97s
[Coach] >>> TRAIN @Epoch: 140 >>>  || LOSS Avg: 0.03404
[Wall TIME] >>> Coach.train takes 5.058331 seconds ...
[Coach] >>> Better ***NDCG@20*** of ***0.0460*** 
[Coach] >>> VALID @Epoch: 140 >>>  || RECALL@1 Avg: 0.0131 || RECALL@10 Avg: 0.0686 || RECALL@20 Avg: 0.1049 || NDCG@10 Avg: 0.0367 || NDCG@20 Avg: 0.0460
[Wall TIME] >>> Coach.valid takes 1.513000 seconds ...
[Epoch 141 Telemetry] BPR: 0.034673 | LHC: 0.000000 (lambda=0.000000) | 40469.3 samples/s | 5.40s
[Coach] >>> TRAIN @Epoch: 141 >>>  || LOSS Avg: 0.03467
[Wall TIME] >>> Coach.train takes 5.397676 seconds ...
[Epoch 142 Telemetry] BPR: 0.034356 | LHC: 0.000000 (lambda=0.000000) | 43971.2 samples/s | 4.97s
[Coach] >>> TRAIN @Epoch: 142 >>>  || LOSS Avg: 0.03436
[Wall TIME] >>> Coach.train takes 4.967817 seconds ...
[Epoch 143 Telemetry] BPR: 0.033943 | LHC: 0.000000 (lambda=0.000000) | 43947.8 samples/s | 4.97s
[Coach] >>> TRAIN @Epoch: 143 >>>  || LOSS Avg: 0.03394
[Wall TIME] >>> Coach.train takes 4.970423 seconds ...
[Epoch 144 Telemetry] BPR: 0.033927 | LHC: 0.000000 (lambda=0.000000) | 41247.5 samples/s | 5.30s
[Coach] >>> TRAIN @Epoch: 144 >>>  || LOSS Avg: 0.03393
[Wall TIME] >>> Coach.train takes 5.295887 seconds ...
[Epoch 145 Telemetry] BPR: 0.033905 | LHC: 0.000000 (lambda=0.000000) | 44100.4 samples/s | 4.95s
[Coach] >>> TRAIN @Epoch: 145 >>>  || LOSS Avg: 0.03390
[Wall TIME] >>> Coach.train takes 4.953277 seconds ...
[Coach] >>> VALID @Epoch: 145 >>>  || RECALL@1 Avg: 0.0125 || RECALL@10 Avg: 0.0694 || RECALL@20 Avg: 0.1049 || NDCG@10 Avg: 0.0368 || NDCG@20 Avg: 0.0458
[Wall TIME] >>> Coach.valid takes 1.449839 seconds ...
[Epoch 146 Telemetry] BPR: 0.033975 | LHC: 0.000000 (lambda=0.000000) | 41013.8 samples/s | 5.33s
[Coach] >>> TRAIN @Epoch: 146 >>>  || LOSS Avg: 0.03397
[Wall TIME] >>> Coach.train takes 5.325930 seconds ...
[Epoch 147 Telemetry] BPR: 0.033673 | LHC: 0.000000 (lambda=0.000000) | 43424.3 samples/s | 5.03s
[Coach] >>> TRAIN @Epoch: 147 >>>  || LOSS Avg: 0.03367
[Wall TIME] >>> Coach.train takes 5.030491 seconds ...
[Epoch 148 Telemetry] BPR: 0.033657 | LHC: 0.000000 (lambda=0.000000) | 43727.1 samples/s | 4.99s
[Coach] >>> TRAIN @Epoch: 148 >>>  || LOSS Avg: 0.03366
[Wall TIME] >>> Coach.train takes 4.995517 seconds ...
[Epoch 149 Telemetry] BPR: 0.033631 | LHC: 0.000000 (lambda=0.000000) | 40598.2 samples/s | 5.38s
[Coach] >>> TRAIN @Epoch: 149 >>>  || LOSS Avg: 0.03363
[Wall TIME] >>> Coach.train takes 5.380491 seconds ...
[Epoch 150 Telemetry] BPR: 0.033525 | LHC: 0.000000 (lambda=0.000000) | 43789.0 samples/s | 4.99s
[Coach] >>> TRAIN @Epoch: 150 >>>  || LOSS Avg: 0.03352
[Wall TIME] >>> Coach.train takes 5.075766 seconds ...
[Coach] >>> VALID @Epoch: 150 >>>  || RECALL@1 Avg: 0.0125 || RECALL@10 Avg: 0.0689 || RECALL@20 Avg: 0.1050 || NDCG@10 Avg: 0.0366 || NDCG@20 Avg: 0.0458
[Wall TIME] >>> Coach.valid takes 1.437848 seconds ...
[Epoch 151 Telemetry] BPR: 0.033522 | LHC: 0.000000 (lambda=0.000000) | 40773.1 samples/s | 5.36s
[Coach] >>> TRAIN @Epoch: 151 >>>  || LOSS Avg: 0.03352
[Wall TIME] >>> Coach.train takes 5.357368 seconds ...
[Epoch 152 Telemetry] BPR: 0.033105 | LHC: 0.000000 (lambda=0.000000) | 43942.3 samples/s | 4.97s
[Coach] >>> TRAIN @Epoch: 152 >>>  || LOSS Avg: 0.03311
[Wall TIME] >>> Coach.train takes 4.971154 seconds ...
[Epoch 153 Telemetry] BPR: 0.032908 | LHC: 0.000000 (lambda=0.000000) | 43801.3 samples/s | 4.99s
[Coach] >>> TRAIN @Epoch: 153 >>>  || LOSS Avg: 0.03291
[Wall TIME] >>> Coach.train takes 4.987093 seconds ...
[Epoch 154 Telemetry] BPR: 0.032964 | LHC: 0.000000 (lambda=0.000000) | 40917.4 samples/s | 5.34s
[Coach] >>> TRAIN @Epoch: 154 >>>  || LOSS Avg: 0.03296
[Wall TIME] >>> Coach.train takes 5.338583 seconds ...
[Epoch 155 Telemetry] BPR: 0.033168 | LHC: 0.000000 (lambda=0.000000) | 44032.6 samples/s | 4.96s
[Coach] >>> TRAIN @Epoch: 155 >>>  || LOSS Avg: 0.03317
[Wall TIME] >>> Coach.train takes 4.960888 seconds ...
[Coach] >>> VALID @Epoch: 155 >>>  || RECALL@1 Avg: 0.0125 || RECALL@10 Avg: 0.0694 || RECALL@20 Avg: 0.1044 || NDCG@10 Avg: 0.0369 || NDCG@20 Avg: 0.0458
[Wall TIME] >>> Coach.valid takes 1.445561 seconds ...
[Epoch 156 Telemetry] BPR: 0.032846 | LHC: 0.000000 (lambda=0.000000) | 40649.5 samples/s | 5.37s
[Coach] >>> TRAIN @Epoch: 156 >>>  || LOSS Avg: 0.03285
[Wall TIME] >>> Coach.train takes 5.373812 seconds ...
[Epoch 157 Telemetry] BPR: 0.032967 | LHC: 0.000000 (lambda=0.000000) | 43676.1 samples/s | 5.00s
[Coach] >>> TRAIN @Epoch: 157 >>>  || LOSS Avg: 0.03297
[Wall TIME] >>> Coach.train takes 5.001412 seconds ...
[Epoch 158 Telemetry] BPR: 0.032936 | LHC: 0.000000 (lambda=0.000000) | 43842.0 samples/s | 4.98s
[Coach] >>> TRAIN @Epoch: 158 >>>  || LOSS Avg: 0.03294
[Wall TIME] >>> Coach.train takes 4.982446 seconds ...
[Epoch 159 Telemetry] BPR: 0.033028 | LHC: 0.000000 (lambda=0.000000) | 40741.5 samples/s | 5.36s
[Coach] >>> TRAIN @Epoch: 159 >>>  || LOSS Avg: 0.03303
[Wall TIME] >>> Coach.train takes 5.361624 seconds ...
[Epoch 160 Telemetry] BPR: 0.032648 | LHC: 0.000000 (lambda=0.000000) | 43569.3 samples/s | 5.01s
[Coach] >>> TRAIN @Epoch: 160 >>>  || LOSS Avg: 0.03265
[Wall TIME] >>> Coach.train takes 5.103118 seconds ...
[Coach] >>> VALID @Epoch: 160 >>>  || RECALL@1 Avg: 0.0128 || RECALL@10 Avg: 0.0682 || RECALL@20 Avg: 0.1046 || NDCG@10 Avg: 0.0366 || NDCG@20 Avg: 0.0458
[Wall TIME] >>> Coach.valid takes 1.453734 seconds ...
[Epoch 161 Telemetry] BPR: 0.032290 | LHC: 0.000000 (lambda=0.000000) | 41073.8 samples/s | 5.32s
[Coach] >>> TRAIN @Epoch: 161 >>>  || LOSS Avg: 0.03229
[Wall TIME] >>> Coach.train takes 5.318222 seconds ...
[Epoch 162 Telemetry] BPR: 0.032739 | LHC: 0.000000 (lambda=0.000000) | 44299.3 samples/s | 4.93s
[Coach] >>> TRAIN @Epoch: 162 >>>  || LOSS Avg: 0.03274
[Wall TIME] >>> Coach.train takes 4.931035 seconds ...
[Epoch 163 Telemetry] BPR: 0.032378 | LHC: 0.000000 (lambda=0.000000) | 44154.5 samples/s | 4.95s
[Coach] >>> TRAIN @Epoch: 163 >>>  || LOSS Avg: 0.03238
[Wall TIME] >>> Coach.train takes 4.947122 seconds ...
[Epoch 164 Telemetry] BPR: 0.032657 | LHC: 0.000000 (lambda=0.000000) | 40859.2 samples/s | 5.35s
[Coach] >>> TRAIN @Epoch: 164 >>>  || LOSS Avg: 0.03266
[Wall TIME] >>> Coach.train takes 5.346279 seconds ...
[Epoch 165 Telemetry] BPR: 0.032373 | LHC: 0.000000 (lambda=0.000000) | 43972.4 samples/s | 4.97s
[Coach] >>> TRAIN @Epoch: 165 >>>  || LOSS Avg: 0.03237
[Wall TIME] >>> Coach.train takes 4.967806 seconds ...
[Coach] >>> VALID @Epoch: 165 >>>  || RECALL@1 Avg: 0.0128 || RECALL@10 Avg: 0.0683 || RECALL@20 Avg: 0.1050 || NDCG@10 Avg: 0.0366 || NDCG@20 Avg: 0.0459
[Wall TIME] >>> Coach.valid takes 1.447658 seconds ...
[Epoch 166 Telemetry] BPR: 0.032487 | LHC: 0.000000 (lambda=0.000000) | 40886.5 samples/s | 5.34s
[Coach] >>> TRAIN @Epoch: 166 >>>  || LOSS Avg: 0.03249
[Wall TIME] >>> Coach.train takes 5.342646 seconds ...
[Epoch 167 Telemetry] BPR: 0.032346 | LHC: 0.000000 (lambda=0.000000) | 43834.8 samples/s | 4.98s
[Coach] >>> TRAIN @Epoch: 167 >>>  || LOSS Avg: 0.03235
[Wall TIME] >>> Coach.train takes 4.983252 seconds ...
[Epoch 168 Telemetry] BPR: 0.032027 | LHC: 0.000000 (lambda=0.000000) | 43481.4 samples/s | 5.02s
[Coach] >>> TRAIN @Epoch: 168 >>>  || LOSS Avg: 0.03203
[Wall TIME] >>> Coach.train takes 5.023834 seconds ...
[Epoch 169 Telemetry] BPR: 0.032076 | LHC: 0.000000 (lambda=0.000000) | 40831.1 samples/s | 5.35s
[Coach] >>> TRAIN @Epoch: 169 >>>  || LOSS Avg: 0.03208
[Wall TIME] >>> Coach.train takes 5.349803 seconds ...
[Epoch 170 Telemetry] BPR: 0.032225 | LHC: 0.000000 (lambda=0.000000) | 43921.9 samples/s | 4.97s
[Coach] >>> TRAIN @Epoch: 170 >>>  || LOSS Avg: 0.03223
[Wall TIME] >>> Coach.train takes 5.061312 seconds ...
[Coach] >>> Better ***NDCG@20*** of ***0.0460*** 
[Coach] >>> VALID @Epoch: 170 >>>  || RECALL@1 Avg: 0.0129 || RECALL@10 Avg: 0.0687 || RECALL@20 Avg: 0.1052 || NDCG@10 Avg: 0.0367 || NDCG@20 Avg: 0.0460
[Wall TIME] >>> Coach.valid takes 1.530934 seconds ...
[Epoch 171 Telemetry] BPR: 0.032041 | LHC: 0.000000 (lambda=0.000000) | 40777.5 samples/s | 5.36s
[Coach] >>> TRAIN @Epoch: 171 >>>  || LOSS Avg: 0.03204
[Wall TIME] >>> Coach.train takes 5.356877 seconds ...
[Epoch 172 Telemetry] BPR: 0.031867 | LHC: 0.000000 (lambda=0.000000) | 43469.9 samples/s | 5.02s
[Coach] >>> TRAIN @Epoch: 172 >>>  || LOSS Avg: 0.03187
[Wall TIME] >>> Coach.train takes 5.025148 seconds ...
[Epoch 173 Telemetry] BPR: 0.031550 | LHC: 0.000000 (lambda=0.000000) | 44093.9 samples/s | 4.95s
[Coach] >>> TRAIN @Epoch: 173 >>>  || LOSS Avg: 0.03155
[Wall TIME] >>> Coach.train takes 4.954005 seconds ...
[Epoch 174 Telemetry] BPR: 0.031773 | LHC: 0.000000 (lambda=0.000000) | 40951.8 samples/s | 5.33s
[Coach] >>> TRAIN @Epoch: 174 >>>  || LOSS Avg: 0.03177
[Wall TIME] >>> Coach.train takes 5.334191 seconds ...
[Epoch 175 Telemetry] BPR: 0.031620 | LHC: 0.000000 (lambda=0.000000) | 44118.8 samples/s | 4.95s
[Coach] >>> TRAIN @Epoch: 175 >>>  || LOSS Avg: 0.03162
[Wall TIME] >>> Coach.train takes 4.951157 seconds ...
[Coach] >>> Better ***NDCG@20*** of ***0.0461*** 
[Coach] >>> VALID @Epoch: 175 >>>  || RECALL@1 Avg: 0.0130 || RECALL@10 Avg: 0.0685 || RECALL@20 Avg: 0.1056 || NDCG@10 Avg: 0.0367 || NDCG@20 Avg: 0.0461
[Wall TIME] >>> Coach.valid takes 1.491528 seconds ...
[Epoch 176 Telemetry] BPR: 0.031856 | LHC: 0.000000 (lambda=0.000000) | 40702.2 samples/s | 5.37s
[Coach] >>> TRAIN @Epoch: 176 >>>  || LOSS Avg: 0.03186
[Wall TIME] >>> Coach.train takes 5.366727 seconds ...
[Epoch 177 Telemetry] BPR: 0.031938 | LHC: 0.000000 (lambda=0.000000) | 43744.4 samples/s | 4.99s
[Coach] >>> TRAIN @Epoch: 177 >>>  || LOSS Avg: 0.03194
[Wall TIME] >>> Coach.train takes 4.993616 seconds ...
[Epoch 178 Telemetry] BPR: 0.031532 | LHC: 0.000000 (lambda=0.000000) | 43911.0 samples/s | 4.97s
[Coach] >>> TRAIN @Epoch: 178 >>>  || LOSS Avg: 0.03153
[Wall TIME] >>> Coach.train takes 4.974572 seconds ...
[Epoch 179 Telemetry] BPR: 0.031568 | LHC: 0.000000 (lambda=0.000000) | 41112.6 samples/s | 5.31s
[Coach] >>> TRAIN @Epoch: 179 >>>  || LOSS Avg: 0.03157
[Wall TIME] >>> Coach.train takes 5.313318 seconds ...
[Epoch 180 Telemetry] BPR: 0.031593 | LHC: 0.000000 (lambda=0.000000) | 43727.3 samples/s | 4.99s
[Coach] >>> TRAIN @Epoch: 180 >>>  || LOSS Avg: 0.03159
[Wall TIME] >>> Coach.train takes 5.078958 seconds ...
[Coach] >>> VALID @Epoch: 180 >>>  || RECALL@1 Avg: 0.0133 || RECALL@10 Avg: 0.0687 || RECALL@20 Avg: 0.1049 || NDCG@10 Avg: 0.0369 || NDCG@20 Avg: 0.0461
[Wall TIME] >>> Coach.valid takes 1.439139 seconds ...
[Epoch 181 Telemetry] BPR: 0.031745 | LHC: 0.000000 (lambda=0.000000) | 40993.5 samples/s | 5.33s
[Coach] >>> TRAIN @Epoch: 181 >>>  || LOSS Avg: 0.03175
[Wall TIME] >>> Coach.train takes 5.328589 seconds ...
[Epoch 182 Telemetry] BPR: 0.031374 | LHC: 0.000000 (lambda=0.000000) | 44310.8 samples/s | 4.93s
[Coach] >>> TRAIN @Epoch: 182 >>>  || LOSS Avg: 0.03137
[Wall TIME] >>> Coach.train takes 4.929758 seconds ...
[Epoch 183 Telemetry] BPR: 0.031078 | LHC: 0.000000 (lambda=0.000000) | 43966.8 samples/s | 4.97s
[Coach] >>> TRAIN @Epoch: 183 >>>  || LOSS Avg: 0.03108
[Wall TIME] >>> Coach.train takes 4.968399 seconds ...
[Epoch 184 Telemetry] BPR: 0.031456 | LHC: 0.000000 (lambda=0.000000) | 41099.9 samples/s | 5.31s
[Coach] >>> TRAIN @Epoch: 184 >>>  || LOSS Avg: 0.03146
[Wall TIME] >>> Coach.train takes 5.314979 seconds ...
[Epoch 185 Telemetry] BPR: 0.031284 | LHC: 0.000000 (lambda=0.000000) | 43570.4 samples/s | 5.01s
[Coach] >>> TRAIN @Epoch: 185 >>>  || LOSS Avg: 0.03128
[Wall TIME] >>> Coach.train takes 5.013622 seconds ...
[Coach] >>> Better ***NDCG@20*** of ***0.0465*** 
[Coach] >>> VALID @Epoch: 185 >>>  || RECALL@1 Avg: 0.0134 || RECALL@10 Avg: 0.0691 || RECALL@20 Avg: 0.1058 || NDCG@10 Avg: 0.0371 || NDCG@20 Avg: 0.0465
[Wall TIME] >>> Coach.valid takes 1.506244 seconds ...
[Epoch 186 Telemetry] BPR: 0.031229 | LHC: 0.000000 (lambda=0.000000) | 40648.3 samples/s | 5.37s
[Coach] >>> TRAIN @Epoch: 186 >>>  || LOSS Avg: 0.03123
[Wall TIME] >>> Coach.train takes 5.373883 seconds ...
[Epoch 187 Telemetry] BPR: 0.031103 | LHC: 0.000000 (lambda=0.000000) | 43541.0 samples/s | 5.02s
[Coach] >>> TRAIN @Epoch: 187 >>>  || LOSS Avg: 0.03110
[Wall TIME] >>> Coach.train takes 5.016990 seconds ...
[Epoch 188 Telemetry] BPR: 0.031051 | LHC: 0.000000 (lambda=0.000000) | 43782.4 samples/s | 4.99s
[Coach] >>> TRAIN @Epoch: 188 >>>  || LOSS Avg: 0.03105
[Wall TIME] >>> Coach.train takes 4.989167 seconds ...
[Epoch 189 Telemetry] BPR: 0.031090 | LHC: 0.000000 (lambda=0.000000) | 40785.9 samples/s | 5.36s
[Coach] >>> TRAIN @Epoch: 189 >>>  || LOSS Avg: 0.03109
[Wall TIME] >>> Coach.train takes 5.355836 seconds ...
[Epoch 190 Telemetry] BPR: 0.031027 | LHC: 0.000000 (lambda=0.000000) | 43759.0 samples/s | 4.99s
[Coach] >>> TRAIN @Epoch: 190 >>>  || LOSS Avg: 0.03103
[Wall TIME] >>> Coach.train takes 5.077384 seconds ...
[Coach] >>> VALID @Epoch: 190 >>>  || RECALL@1 Avg: 0.0133 || RECALL@10 Avg: 0.0691 || RECALL@20 Avg: 0.1053 || NDCG@10 Avg: 0.0371 || NDCG@20 Avg: 0.0463
[Wall TIME] >>> Coach.valid takes 1.460829 seconds ...
[Epoch 191 Telemetry] BPR: 0.030969 | LHC: 0.000000 (lambda=0.000000) | 40817.4 samples/s | 5.35s
[Coach] >>> TRAIN @Epoch: 191 >>>  || LOSS Avg: 0.03097
[Wall TIME] >>> Coach.train takes 5.351614 seconds ...
[Epoch 192 Telemetry] BPR: 0.030821 | LHC: 0.000000 (lambda=0.000000) | 44297.3 samples/s | 4.93s
[Coach] >>> TRAIN @Epoch: 192 >>>  || LOSS Avg: 0.03082
[Wall TIME] >>> Coach.train takes 4.931252 seconds ...
[Epoch 193 Telemetry] BPR: 0.030653 | LHC: 0.000000 (lambda=0.000000) | 44496.7 samples/s | 4.91s
[Coach] >>> TRAIN @Epoch: 193 >>>  || LOSS Avg: 0.03065
[Wall TIME] >>> Coach.train takes 4.909101 seconds ...
[Epoch 194 Telemetry] BPR: 0.030778 | LHC: 0.000000 (lambda=0.000000) | 41271.2 samples/s | 5.29s
[Coach] >>> TRAIN @Epoch: 194 >>>  || LOSS Avg: 0.03078
[Wall TIME] >>> Coach.train takes 5.292861 seconds ...
[Epoch 195 Telemetry] BPR: 0.030477 | LHC: 0.000000 (lambda=0.000000) | 44183.1 samples/s | 4.94s
[Coach] >>> TRAIN @Epoch: 195 >>>  || LOSS Avg: 0.03048
[Wall TIME] >>> Coach.train takes 4.943986 seconds ...
[Coach] >>> Better ***NDCG@20*** of ***0.0467*** 
[Coach] >>> VALID @Epoch: 195 >>>  || RECALL@1 Avg: 0.0136 || RECALL@10 Avg: 0.0693 || RECALL@20 Avg: 0.1065 || NDCG@10 Avg: 0.0372 || NDCG@20 Avg: 0.0467
[Wall TIME] >>> Coach.valid takes 1.528909 seconds ...
[Epoch 196 Telemetry] BPR: 0.030442 | LHC: 0.000000 (lambda=0.000000) | 40656.3 samples/s | 5.37s
[Coach] >>> TRAIN @Epoch: 196 >>>  || LOSS Avg: 0.03044
[Wall TIME] >>> Coach.train takes 5.372863 seconds ...
[Epoch 197 Telemetry] BPR: 0.030363 | LHC: 0.000000 (lambda=0.000000) | 43526.4 samples/s | 5.02s
[Coach] >>> TRAIN @Epoch: 197 >>>  || LOSS Avg: 0.03036
[Wall TIME] >>> Coach.train takes 5.018795 seconds ...
[Epoch 198 Telemetry] BPR: 0.030816 | LHC: 0.000000 (lambda=0.000000) | 43683.8 samples/s | 5.00s
[Coach] >>> TRAIN @Epoch: 198 >>>  || LOSS Avg: 0.03082
[Wall TIME] >>> Coach.train takes 5.000536 seconds ...
[Epoch 199 Telemetry] BPR: 0.030565 | LHC: 0.000000 (lambda=0.000000) | 41033.4 samples/s | 5.32s
[Coach] >>> TRAIN @Epoch: 199 >>>  || LOSS Avg: 0.03056
[Wall TIME] >>> Coach.train takes 5.323501 seconds ...
[Epoch 200 Telemetry] BPR: 0.030639 | LHC: 0.000000 (lambda=0.000000) | 43899.4 samples/s | 4.98s
[Coach] >>> TRAIN @Epoch: 200 >>>  || LOSS Avg: 0.03064
[Wall TIME] >>> Coach.train takes 5.059582 seconds ...
[Coach] >>> Better ***NDCG@20*** of ***0.0468*** 
[Coach] >>> VALID @Epoch: 200 >>>  || RECALL@1 Avg: 0.0136 || RECALL@10 Avg: 0.0690 || RECALL@20 Avg: 0.1068 || NDCG@10 Avg: 0.0372 || NDCG@20 Avg: 0.0468
[Wall TIME] >>> Coach.valid takes 1.507796 seconds ...
[Epoch 201 Telemetry] BPR: 0.030519 | LHC: 0.000000 (lambda=0.000000) | 40914.8 samples/s | 5.34s
[Coach] >>> TRAIN @Epoch: 201 >>>  || LOSS Avg: 0.03052
[Wall TIME] >>> Coach.train takes 5.338951 seconds ...
[Epoch 202 Telemetry] BPR: 0.030371 | LHC: 0.000000 (lambda=0.000000) | 43887.2 samples/s | 4.98s
[Coach] >>> TRAIN @Epoch: 202 >>>  || LOSS Avg: 0.03037
[Wall TIME] >>> Coach.train takes 4.977372 seconds ...
[Epoch 203 Telemetry] BPR: 0.030662 | LHC: 0.000000 (lambda=0.000000) | 44466.0 samples/s | 4.91s
[Coach] >>> TRAIN @Epoch: 203 >>>  || LOSS Avg: 0.03066
[Wall TIME] >>> Coach.train takes 4.912455 seconds ...
[Epoch 204 Telemetry] BPR: 0.030371 | LHC: 0.000000 (lambda=0.000000) | 41224.7 samples/s | 5.30s
[Coach] >>> TRAIN @Epoch: 204 >>>  || LOSS Avg: 0.03037
[Wall TIME] >>> Coach.train takes 5.298789 seconds ...
[Epoch 205 Telemetry] BPR: 0.029765 | LHC: 0.000000 (lambda=0.000000) | 44224.4 samples/s | 4.94s
[Coach] >>> TRAIN @Epoch: 205 >>>  || LOSS Avg: 0.02976
[Wall TIME] >>> Coach.train takes 4.939391 seconds ...
[Coach] >>> Better ***NDCG@20*** of ***0.0469*** 
[Coach] >>> VALID @Epoch: 205 >>>  || RECALL@1 Avg: 0.0135 || RECALL@10 Avg: 0.0697 || RECALL@20 Avg: 0.1069 || NDCG@10 Avg: 0.0375 || NDCG@20 Avg: 0.0469
[Wall TIME] >>> Coach.valid takes 1.530613 seconds ...
[Epoch 206 Telemetry] BPR: 0.030199 | LHC: 0.000000 (lambda=0.000000) | 41095.0 samples/s | 5.31s
[Coach] >>> TRAIN @Epoch: 206 >>>  || LOSS Avg: 0.03020
[Wall TIME] >>> Coach.train takes 5.315348 seconds ...
[Epoch 207 Telemetry] BPR: 0.030341 | LHC: 0.000000 (lambda=0.000000) | 43755.7 samples/s | 4.99s
[Coach] >>> TRAIN @Epoch: 207 >>>  || LOSS Avg: 0.03034
[Wall TIME] >>> Coach.train takes 4.992334 seconds ...
[Epoch 208 Telemetry] BPR: 0.030302 | LHC: 0.000000 (lambda=0.000000) | 43793.5 samples/s | 4.99s
[Coach] >>> TRAIN @Epoch: 208 >>>  || LOSS Avg: 0.03030
[Wall TIME] >>> Coach.train takes 4.987973 seconds ...
[Epoch 209 Telemetry] BPR: 0.029949 | LHC: 0.000000 (lambda=0.000000) | 40860.0 samples/s | 5.35s
[Coach] >>> TRAIN @Epoch: 209 >>>  || LOSS Avg: 0.02995
[Wall TIME] >>> Coach.train takes 5.346150 seconds ...
[Epoch 210 Telemetry] BPR: 0.030174 | LHC: 0.000000 (lambda=0.000000) | 44150.4 samples/s | 4.95s
[Coach] >>> TRAIN @Epoch: 210 >>>  || LOSS Avg: 0.03017
[Wall TIME] >>> Coach.train takes 5.033464 seconds ...
[Coach] >>> VALID @Epoch: 210 >>>  || RECALL@1 Avg: 0.0134 || RECALL@10 Avg: 0.0699 || RECALL@20 Avg: 0.1065 || NDCG@10 Avg: 0.0375 || NDCG@20 Avg: 0.0468
[Wall TIME] >>> Coach.valid takes 1.451320 seconds ...
[Epoch 211 Telemetry] BPR: 0.030064 | LHC: 0.000000 (lambda=0.000000) | 41250.7 samples/s | 5.29s
[Coach] >>> TRAIN @Epoch: 211 >>>  || LOSS Avg: 0.03006
[Wall TIME] >>> Coach.train takes 5.295387 seconds ...
[Epoch 212 Telemetry] BPR: 0.029664 | LHC: 0.000000 (lambda=0.000000) | 44422.0 samples/s | 4.92s
[Coach] >>> TRAIN @Epoch: 212 >>>  || LOSS Avg: 0.02966
[Wall TIME] >>> Coach.train takes 4.917443 seconds ...
[Epoch 213 Telemetry] BPR: 0.029739 | LHC: 0.000000 (lambda=0.000000) | 44377.3 samples/s | 4.92s
[Coach] >>> TRAIN @Epoch: 213 >>>  || LOSS Avg: 0.02974
[Wall TIME] >>> Coach.train takes 4.922435 seconds ...
[Epoch 214 Telemetry] BPR: 0.029861 | LHC: 0.000000 (lambda=0.000000) | 41414.3 samples/s | 5.27s
[Coach] >>> TRAIN @Epoch: 214 >>>  || LOSS Avg: 0.02986
[Wall TIME] >>> Coach.train takes 5.274536 seconds ...
[Epoch 215 Telemetry] BPR: 0.030028 | LHC: 0.000000 (lambda=0.000000) | 44260.1 samples/s | 4.93s
[Coach] >>> TRAIN @Epoch: 215 >>>  || LOSS Avg: 0.03003
[Wall TIME] >>> Coach.train takes 4.935393 seconds ...
[Coach] >>> VALID @Epoch: 215 >>>  || RECALL@1 Avg: 0.0134 || RECALL@10 Avg: 0.0699 || RECALL@20 Avg: 0.1064 || NDCG@10 Avg: 0.0374 || NDCG@20 Avg: 0.0467
[Wall TIME] >>> Coach.valid takes 1.452514 seconds ...
[Epoch 216 Telemetry] BPR: 0.029679 | LHC: 0.000000 (lambda=0.000000) | 40610.9 samples/s | 5.38s
[Coach] >>> TRAIN @Epoch: 216 >>>  || LOSS Avg: 0.02968
[Wall TIME] >>> Coach.train takes 5.378908 seconds ...
[Epoch 217 Telemetry] BPR: 0.029707 | LHC: 0.000000 (lambda=0.000000) | 43679.2 samples/s | 5.00s
[Coach] >>> TRAIN @Epoch: 217 >>>  || LOSS Avg: 0.02971
[Wall TIME] >>> Coach.train takes 5.001055 seconds ...
[Epoch 218 Telemetry] BPR: 0.029616 | LHC: 0.000000 (lambda=0.000000) | 43804.3 samples/s | 4.99s
[Coach] >>> TRAIN @Epoch: 218 >>>  || LOSS Avg: 0.02962
[Wall TIME] >>> Coach.train takes 4.986712 seconds ...
[Epoch 219 Telemetry] BPR: 0.029797 | LHC: 0.000000 (lambda=0.000000) | 40421.6 samples/s | 5.40s
[Coach] >>> TRAIN @Epoch: 219 >>>  || LOSS Avg: 0.02980
[Wall TIME] >>> Coach.train takes 5.404010 seconds ...
[Epoch 220 Telemetry] BPR: 0.029481 | LHC: 0.000000 (lambda=0.000000) | 43434.5 samples/s | 5.03s
[Coach] >>> TRAIN @Epoch: 220 >>>  || LOSS Avg: 0.02948
[Wall TIME] >>> Coach.train takes 5.114506 seconds ...
[Coach] >>> VALID @Epoch: 220 >>>  || RECALL@1 Avg: 0.0135 || RECALL@10 Avg: 0.0693 || RECALL@20 Avg: 0.1061 || NDCG@10 Avg: 0.0373 || NDCG@20 Avg: 0.0467
[Wall TIME] >>> Coach.valid takes 1.458942 seconds ...
[Epoch 221 Telemetry] BPR: 0.029363 | LHC: 0.000000 (lambda=0.000000) | 41103.2 samples/s | 5.31s
[Coach] >>> TRAIN @Epoch: 221 >>>  || LOSS Avg: 0.02936
[Wall TIME] >>> Coach.train takes 5.314391 seconds ...
[Epoch 222 Telemetry] BPR: 0.029632 | LHC: 0.000000 (lambda=0.000000) | 44218.1 samples/s | 4.94s
[Coach] >>> TRAIN @Epoch: 222 >>>  || LOSS Avg: 0.02963
[Wall TIME] >>> Coach.train takes 4.940087 seconds ...
[Epoch 223 Telemetry] BPR: 0.029664 | LHC: 0.000000 (lambda=0.000000) | 44525.6 samples/s | 4.91s
[Coach] >>> TRAIN @Epoch: 223 >>>  || LOSS Avg: 0.02966
[Wall TIME] >>> Coach.train takes 4.906018 seconds ...
[Epoch 224 Telemetry] BPR: 0.029470 | LHC: 0.000000 (lambda=0.000000) | 41289.3 samples/s | 5.29s
[Coach] >>> TRAIN @Epoch: 224 >>>  || LOSS Avg: 0.02947
[Wall TIME] >>> Coach.train takes 5.290610 seconds ...
[Epoch 225 Telemetry] BPR: 0.029489 | LHC: 0.000000 (lambda=0.000000) | 44314.2 samples/s | 4.93s
[Coach] >>> TRAIN @Epoch: 225 >>>  || LOSS Avg: 0.02949
[Wall TIME] >>> Coach.train takes 4.929381 seconds ...
[Coach] >>> VALID @Epoch: 225 >>>  || RECALL@1 Avg: 0.0133 || RECALL@10 Avg: 0.0702 || RECALL@20 Avg: 0.1057 || NDCG@10 Avg: 0.0375 || NDCG@20 Avg: 0.0465
[Wall TIME] >>> Coach.valid takes 1.442469 seconds ...
[Epoch 226 Telemetry] BPR: 0.029344 | LHC: 0.000000 (lambda=0.000000) | 40631.7 samples/s | 5.38s
[Coach] >>> TRAIN @Epoch: 226 >>>  || LOSS Avg: 0.02934
[Wall TIME] >>> Coach.train takes 5.376152 seconds ...
[Epoch 227 Telemetry] BPR: 0.029353 | LHC: 0.000000 (lambda=0.000000) | 43942.6 samples/s | 4.97s
[Coach] >>> TRAIN @Epoch: 227 >>>  || LOSS Avg: 0.02935
[Wall TIME] >>> Coach.train takes 4.971010 seconds ...
[Epoch 228 Telemetry] BPR: 0.029617 | LHC: 0.000000 (lambda=0.000000) | 43799.7 samples/s | 4.99s
[Coach] >>> TRAIN @Epoch: 228 >>>  || LOSS Avg: 0.02962
[Wall TIME] >>> Coach.train takes 4.987326 seconds ...
[Epoch 229 Telemetry] BPR: 0.029081 | LHC: 0.000000 (lambda=0.000000) | 40917.2 samples/s | 5.34s
[Coach] >>> TRAIN @Epoch: 229 >>>  || LOSS Avg: 0.02908
[Wall TIME] >>> Coach.train takes 5.338629 seconds ...
[Epoch 230 Telemetry] BPR: 0.029346 | LHC: 0.000000 (lambda=0.000000) | 43678.2 samples/s | 5.00s
[Coach] >>> TRAIN @Epoch: 230 >>>  || LOSS Avg: 0.02935
[Wall TIME] >>> Coach.train takes 5.086188 seconds ...
[Coach] >>> VALID @Epoch: 230 >>>  || RECALL@1 Avg: 0.0132 || RECALL@10 Avg: 0.0697 || RECALL@20 Avg: 0.1059 || NDCG@10 Avg: 0.0374 || NDCG@20 Avg: 0.0466
[Wall TIME] >>> Coach.valid takes 1.471998 seconds ...
[Epoch 231 Telemetry] BPR: 0.029202 | LHC: 0.000000 (lambda=0.000000) | 40952.0 samples/s | 5.33s
[Coach] >>> TRAIN @Epoch: 231 >>>  || LOSS Avg: 0.02920
[Wall TIME] >>> Coach.train takes 5.333894 seconds ...
[Epoch 232 Telemetry] BPR: 0.029316 | LHC: 0.000000 (lambda=0.000000) | 44322.7 samples/s | 4.93s
[Coach] >>> TRAIN @Epoch: 232 >>>  || LOSS Avg: 0.02932
[Wall TIME] >>> Coach.train takes 4.928365 seconds ...
[Epoch 233 Telemetry] BPR: 0.029181 | LHC: 0.000000 (lambda=0.000000) | 44250.6 samples/s | 4.94s
[Coach] >>> TRAIN @Epoch: 233 >>>  || LOSS Avg: 0.02918
[Wall TIME] >>> Coach.train takes 4.936455 seconds ...
[Epoch 234 Telemetry] BPR: 0.028915 | LHC: 0.000000 (lambda=0.000000) | 41379.9 samples/s | 5.28s
[Coach] >>> TRAIN @Epoch: 234 >>>  || LOSS Avg: 0.02891
[Wall TIME] >>> Coach.train takes 5.278974 seconds ...
[Epoch 235 Telemetry] BPR: 0.029185 | LHC: 0.000000 (lambda=0.000000) | 43919.2 samples/s | 4.97s
[Coach] >>> TRAIN @Epoch: 235 >>>  || LOSS Avg: 0.02919
[Wall TIME] >>> Coach.train takes 4.973782 seconds ...
[Coach] >>> VALID @Epoch: 235 >>>  || RECALL@1 Avg: 0.0138 || RECALL@10 Avg: 0.0699 || RECALL@20 Avg: 0.1062 || NDCG@10 Avg: 0.0377 || NDCG@20 Avg: 0.0469
[Wall TIME] >>> Coach.valid takes 1.460315 seconds ...
[Epoch 236 Telemetry] BPR: 0.029016 | LHC: 0.000000 (lambda=0.000000) | 41007.4 samples/s | 5.33s
[Coach] >>> TRAIN @Epoch: 236 >>>  || LOSS Avg: 0.02902
[Wall TIME] >>> Coach.train takes 5.326905 seconds ...
[Epoch 237 Telemetry] BPR: 0.029113 | LHC: 0.000000 (lambda=0.000000) | 43782.9 samples/s | 4.99s
[Coach] >>> TRAIN @Epoch: 237 >>>  || LOSS Avg: 0.02911
[Wall TIME] >>> Coach.train takes 4.989189 seconds ...
[Epoch 238 Telemetry] BPR: 0.029257 | LHC: 0.000000 (lambda=0.000000) | 43660.0 samples/s | 5.00s
[Coach] >>> TRAIN @Epoch: 238 >>>  || LOSS Avg: 0.02926
[Wall TIME] >>> Coach.train takes 5.003492 seconds ...
[Epoch 239 Telemetry] BPR: 0.028865 | LHC: 0.000000 (lambda=0.000000) | 40890.3 samples/s | 5.34s
[Coach] >>> TRAIN @Epoch: 239 >>>  || LOSS Avg: 0.02887
[Wall TIME] >>> Coach.train takes 5.342147 seconds ...
[Epoch 240 Telemetry] BPR: 0.029128 | LHC: 0.000000 (lambda=0.000000) | 44027.2 samples/s | 4.96s
[Coach] >>> TRAIN @Epoch: 240 >>>  || LOSS Avg: 0.02913
[Wall TIME] >>> Coach.train takes 5.049110 seconds ...
[Coach] >>> VALID @Epoch: 240 >>>  || RECALL@1 Avg: 0.0135 || RECALL@10 Avg: 0.0701 || RECALL@20 Avg: 0.1061 || NDCG@10 Avg: 0.0377 || NDCG@20 Avg: 0.0468
[Wall TIME] >>> Coach.valid takes 1.471069 seconds ...
[Epoch 241 Telemetry] BPR: 0.029253 | LHC: 0.000000 (lambda=0.000000) | 41142.6 samples/s | 5.31s
[Coach] >>> TRAIN @Epoch: 241 >>>  || LOSS Avg: 0.02925
[Wall TIME] >>> Coach.train takes 5.309313 seconds ...
[Epoch 242 Telemetry] BPR: 0.029057 | LHC: 0.000000 (lambda=0.000000) | 44134.1 samples/s | 4.95s
[Coach] >>> TRAIN @Epoch: 242 >>>  || LOSS Avg: 0.02906
[Wall TIME] >>> Coach.train takes 4.949549 seconds ...
[Epoch 243 Telemetry] BPR: 0.028827 | LHC: 0.000000 (lambda=0.000000) | 44154.2 samples/s | 4.95s
[Coach] >>> TRAIN @Epoch: 243 >>>  || LOSS Avg: 0.02883
[Wall TIME] >>> Coach.train takes 4.947205 seconds ...
[Epoch 244 Telemetry] BPR: 0.028879 | LHC: 0.000000 (lambda=0.000000) | 41163.7 samples/s | 5.31s
[Coach] >>> TRAIN @Epoch: 244 >>>  || LOSS Avg: 0.02888
[Wall TIME] >>> Coach.train takes 5.306603 seconds ...
[Epoch 245 Telemetry] BPR: 0.028952 | LHC: 0.000000 (lambda=0.000000) | 44495.4 samples/s | 4.91s
[Coach] >>> TRAIN @Epoch: 245 >>>  || LOSS Avg: 0.02895
[Wall TIME] >>> Coach.train takes 4.909359 seconds ...
[Coach] >>> Better ***NDCG@20*** of ***0.0471*** 
[Coach] >>> VALID @Epoch: 245 >>>  || RECALL@1 Avg: 0.0136 || RECALL@10 Avg: 0.0706 || RECALL@20 Avg: 0.1068 || NDCG@10 Avg: 0.0379 || NDCG@20 Avg: 0.0471
[Wall TIME] >>> Coach.valid takes 1.498896 seconds ...
[Epoch 246 Telemetry] BPR: 0.029102 | LHC: 0.000000 (lambda=0.000000) | 40618.1 samples/s | 5.38s
[Coach] >>> TRAIN @Epoch: 246 >>>  || LOSS Avg: 0.02910
[Wall TIME] >>> Coach.train takes 5.377954 seconds ...
[Epoch 247 Telemetry] BPR: 0.028954 | LHC: 0.000000 (lambda=0.000000) | 43760.8 samples/s | 4.99s
[Coach] >>> TRAIN @Epoch: 247 >>>  || LOSS Avg: 0.02895
[Wall TIME] >>> Coach.train takes 4.991642 seconds ...
[Epoch 248 Telemetry] BPR: 0.029045 | LHC: 0.000000 (lambda=0.000000) | 43770.5 samples/s | 4.99s
[Coach] >>> TRAIN @Epoch: 248 >>>  || LOSS Avg: 0.02904
[Wall TIME] >>> Coach.train takes 4.990537 seconds ...
[Epoch 249 Telemetry] BPR: 0.028876 | LHC: 0.000000 (lambda=0.000000) | 40919.1 samples/s | 5.34s
[Coach] >>> TRAIN @Epoch: 249 >>>  || LOSS Avg: 0.02888
[Wall TIME] >>> Coach.train takes 5.338488 seconds ...
[Epoch 250 Telemetry] BPR: 0.028555 | LHC: 0.000000 (lambda=0.000000) | 43639.8 samples/s | 5.00s
[Coach] >>> TRAIN @Epoch: 250 >>>  || LOSS Avg: 0.02856
[Wall TIME] >>> Coach.train takes 5.089013 seconds ...
[Coach] >>> VALID @Epoch: 250 >>>  || RECALL@1 Avg: 0.0137 || RECALL@10 Avg: 0.0707 || RECALL@20 Avg: 0.1066 || NDCG@10 Avg: 0.0379 || NDCG@20 Avg: 0.0471
[Wall TIME] >>> Coach.valid takes 1.450842 seconds ...
[Epoch 251 Telemetry] BPR: 0.028792 | LHC: 0.000000 (lambda=0.000000) | 41233.2 samples/s | 5.30s
[Coach] >>> TRAIN @Epoch: 251 >>>  || LOSS Avg: 0.02879
[Wall TIME] >>> Coach.train takes 5.297559 seconds ...
[Epoch 252 Telemetry] BPR: 0.028629 | LHC: 0.000000 (lambda=0.000000) | 44010.6 samples/s | 4.96s
[Coach] >>> TRAIN @Epoch: 252 >>>  || LOSS Avg: 0.02863
[Wall TIME] >>> Coach.train takes 4.963461 seconds ...
[Epoch 253 Telemetry] BPR: 0.028716 | LHC: 0.000000 (lambda=0.000000) | 43944.5 samples/s | 4.97s
[Coach] >>> TRAIN @Epoch: 253 >>>  || LOSS Avg: 0.02872
[Wall TIME] >>> Coach.train takes 4.970832 seconds ...
[Epoch 254 Telemetry] BPR: 0.028552 | LHC: 0.000000 (lambda=0.000000) | 41097.7 samples/s | 5.31s
[Coach] >>> TRAIN @Epoch: 254 >>>  || LOSS Avg: 0.02855
[Wall TIME] >>> Coach.train takes 5.315160 seconds ...
[Epoch 255 Telemetry] BPR: 0.028464 | LHC: 0.000000 (lambda=0.000000) | 43951.6 samples/s | 4.97s
[Coach] >>> TRAIN @Epoch: 255 >>>  || LOSS Avg: 0.02846
[Wall TIME] >>> Coach.train takes 4.969957 seconds ...
[Coach] >>> Better ***NDCG@20*** of ***0.0474*** 
[Coach] >>> VALID @Epoch: 255 >>>  || RECALL@1 Avg: 0.0135 || RECALL@10 Avg: 0.0702 || RECALL@20 Avg: 0.1078 || NDCG@10 Avg: 0.0378 || NDCG@20 Avg: 0.0474
[Wall TIME] >>> Coach.valid takes 1.505455 seconds ...
[Epoch 256 Telemetry] BPR: 0.028540 | LHC: 0.000000 (lambda=0.000000) | 40533.8 samples/s | 5.39s
[Coach] >>> TRAIN @Epoch: 256 >>>  || LOSS Avg: 0.02854
[Wall TIME] >>> Coach.train takes 5.389201 seconds ...
[Epoch 257 Telemetry] BPR: 0.028704 | LHC: 0.000000 (lambda=0.000000) | 43338.1 samples/s | 5.04s
[Coach] >>> TRAIN @Epoch: 257 >>>  || LOSS Avg: 0.02870
[Wall TIME] >>> Coach.train takes 5.040630 seconds ...
[Epoch 258 Telemetry] BPR: 0.028420 | LHC: 0.000000 (lambda=0.000000) | 44022.7 samples/s | 4.96s
[Coach] >>> TRAIN @Epoch: 258 >>>  || LOSS Avg: 0.02842
[Wall TIME] >>> Coach.train takes 4.961953 seconds ...
[Epoch 259 Telemetry] BPR: 0.028412 | LHC: 0.000000 (lambda=0.000000) | 40757.1 samples/s | 5.36s
[Coach] >>> TRAIN @Epoch: 259 >>>  || LOSS Avg: 0.02841
[Wall TIME] >>> Coach.train takes 5.359487 seconds ...
[Epoch 260 Telemetry] BPR: 0.028716 | LHC: 0.000000 (lambda=0.000000) | 43375.3 samples/s | 5.04s
[Coach] >>> TRAIN @Epoch: 260 >>>  || LOSS Avg: 0.02872
[Wall TIME] >>> Coach.train takes 5.121699 seconds ...
[Coach] >>> Better ***NDCG@20*** of ***0.0474*** 
[Coach] >>> VALID @Epoch: 260 >>>  || RECALL@1 Avg: 0.0136 || RECALL@10 Avg: 0.0705 || RECALL@20 Avg: 0.1078 || NDCG@10 Avg: 0.0379 || NDCG@20 Avg: 0.0474
[Wall TIME] >>> Coach.valid takes 1.505715 seconds ...
[Epoch 261 Telemetry] BPR: 0.028330 | LHC: 0.000000 (lambda=0.000000) | 40837.7 samples/s | 5.35s
[Coach] >>> TRAIN @Epoch: 261 >>>  || LOSS Avg: 0.02833
[Wall TIME] >>> Coach.train takes 5.348942 seconds ...
[Epoch 262 Telemetry] BPR: 0.028336 | LHC: 0.000000 (lambda=0.000000) | 43835.6 samples/s | 4.98s
[Coach] >>> TRAIN @Epoch: 262 >>>  || LOSS Avg: 0.02834
[Wall TIME] >>> Coach.train takes 4.983112 seconds ...
[Epoch 263 Telemetry] BPR: 0.028440 | LHC: 0.000000 (lambda=0.000000) | 43640.3 samples/s | 5.00s
[Coach] >>> TRAIN @Epoch: 263 >>>  || LOSS Avg: 0.02844
[Wall TIME] >>> Coach.train takes 5.005613 seconds ...
[Epoch 264 Telemetry] BPR: 0.028292 | LHC: 0.000000 (lambda=0.000000) | 40980.0 samples/s | 5.33s
[Coach] >>> TRAIN @Epoch: 264 >>>  || LOSS Avg: 0.02829
[Wall TIME] >>> Coach.train takes 5.330751 seconds ...
[Epoch 265 Telemetry] BPR: 0.028375 | LHC: 0.000000 (lambda=0.000000) | 43912.1 samples/s | 4.97s
[Coach] >>> TRAIN @Epoch: 265 >>>  || LOSS Avg: 0.02838
[Wall TIME] >>> Coach.train takes 4.974411 seconds ...
[Coach] >>> VALID @Epoch: 265 >>>  || RECALL@1 Avg: 0.0134 || RECALL@10 Avg: 0.0710 || RECALL@20 Avg: 0.1079 || NDCG@10 Avg: 0.0380 || NDCG@20 Avg: 0.0473
[Wall TIME] >>> Coach.valid takes 1.451729 seconds ...
[Epoch 266 Telemetry] BPR: 0.028461 | LHC: 0.000000 (lambda=0.000000) | 40759.9 samples/s | 5.36s
[Coach] >>> TRAIN @Epoch: 266 >>>  || LOSS Avg: 0.02846
[Wall TIME] >>> Coach.train takes 5.359146 seconds ...
[Epoch 267 Telemetry] BPR: 0.028381 | LHC: 0.000000 (lambda=0.000000) | 43907.5 samples/s | 4.97s
[Coach] >>> TRAIN @Epoch: 267 >>>  || LOSS Avg: 0.02838
[Wall TIME] >>> Coach.train takes 4.975145 seconds ...
[Epoch 268 Telemetry] BPR: 0.028518 | LHC: 0.000000 (lambda=0.000000) | 43394.0 samples/s | 5.03s
[Coach] >>> TRAIN @Epoch: 268 >>>  || LOSS Avg: 0.02852
[Wall TIME] >>> Coach.train takes 5.033976 seconds ...
[Epoch 269 Telemetry] BPR: 0.028282 | LHC: 0.000000 (lambda=0.000000) | 40594.3 samples/s | 5.38s
[Coach] >>> TRAIN @Epoch: 269 >>>  || LOSS Avg: 0.02828
[Wall TIME] >>> Coach.train takes 5.381085 seconds ...
[Epoch 270 Telemetry] BPR: 0.028082 | LHC: 0.000000 (lambda=0.000000) | 43691.6 samples/s | 5.00s
[Coach] >>> TRAIN @Epoch: 270 >>>  || LOSS Avg: 0.02808
[Wall TIME] >>> Coach.train takes 5.083288 seconds ...
[Coach] >>> VALID @Epoch: 270 >>>  || RECALL@1 Avg: 0.0138 || RECALL@10 Avg: 0.0707 || RECALL@20 Avg: 0.1076 || NDCG@10 Avg: 0.0380 || NDCG@20 Avg: 0.0473
[Wall TIME] >>> Coach.valid takes 1.448141 seconds ...
[Epoch 271 Telemetry] BPR: 0.028251 | LHC: 0.000000 (lambda=0.000000) | 41015.4 samples/s | 5.33s
[Coach] >>> TRAIN @Epoch: 271 >>>  || LOSS Avg: 0.02825
[Wall TIME] >>> Coach.train takes 5.325789 seconds ...
[Epoch 272 Telemetry] BPR: 0.028200 | LHC: 0.000000 (lambda=0.000000) | 44018.2 samples/s | 4.96s
[Coach] >>> TRAIN @Epoch: 272 >>>  || LOSS Avg: 0.02820
[Wall TIME] >>> Coach.train takes 4.962513 seconds ...
[Epoch 273 Telemetry] BPR: 0.028074 | LHC: 0.000000 (lambda=0.000000) | 43973.4 samples/s | 4.97s
[Coach] >>> TRAIN @Epoch: 273 >>>  || LOSS Avg: 0.02807
[Wall TIME] >>> Coach.train takes 4.967655 seconds ...
[Epoch 274 Telemetry] BPR: 0.028156 | LHC: 0.000000 (lambda=0.000000) | 40662.3 samples/s | 5.37s
[Coach] >>> TRAIN @Epoch: 274 >>>  || LOSS Avg: 0.02816
[Wall TIME] >>> Coach.train takes 5.372093 seconds ...
[Epoch 275 Telemetry] BPR: 0.027910 | LHC: 0.000000 (lambda=0.000000) | 44137.9 samples/s | 4.95s
[Coach] >>> TRAIN @Epoch: 275 >>>  || LOSS Avg: 0.02791
[Wall TIME] >>> Coach.train takes 4.949045 seconds ...
[Coach] >>> Better ***NDCG@20*** of ***0.0476*** 
[Coach] >>> VALID @Epoch: 275 >>>  || RECALL@1 Avg: 0.0140 || RECALL@10 Avg: 0.0709 || RECALL@20 Avg: 0.1082 || NDCG@10 Avg: 0.0381 || NDCG@20 Avg: 0.0476
[Wall TIME] >>> Coach.valid takes 1.521904 seconds ...
[Epoch 276 Telemetry] BPR: 0.028048 | LHC: 0.000000 (lambda=0.000000) | 40858.5 samples/s | 5.35s
[Coach] >>> TRAIN @Epoch: 276 >>>  || LOSS Avg: 0.02805
[Wall TIME] >>> Coach.train takes 5.346172 seconds ...
[Epoch 277 Telemetry] BPR: 0.028016 | LHC: 0.000000 (lambda=0.000000) | 43906.1 samples/s | 4.97s
[Coach] >>> TRAIN @Epoch: 277 >>>  || LOSS Avg: 0.02802
[Wall TIME] >>> Coach.train takes 4.975265 seconds ...
[Epoch 278 Telemetry] BPR: 0.028076 | LHC: 0.000000 (lambda=0.000000) | 44000.3 samples/s | 4.96s
[Coach] >>> TRAIN @Epoch: 278 >>>  || LOSS Avg: 0.02808
[Wall TIME] >>> Coach.train takes 4.964462 seconds ...
[Epoch 279 Telemetry] BPR: 0.027906 | LHC: 0.000000 (lambda=0.000000) | 40732.9 samples/s | 5.36s
[Coach] >>> TRAIN @Epoch: 279 >>>  || LOSS Avg: 0.02791
[Wall TIME] >>> Coach.train takes 5.362837 seconds ...
[Epoch 280 Telemetry] BPR: 0.027911 | LHC: 0.000000 (lambda=0.000000) | 43795.6 samples/s | 4.99s
[Coach] >>> TRAIN @Epoch: 280 >>>  || LOSS Avg: 0.02791
[Wall TIME] >>> Coach.train takes 5.075681 seconds ...
[Coach] >>> VALID @Epoch: 280 >>>  || RECALL@1 Avg: 0.0135 || RECALL@10 Avg: 0.0705 || RECALL@20 Avg: 0.1076 || NDCG@10 Avg: 0.0378 || NDCG@20 Avg: 0.0473
[Wall TIME] >>> Coach.valid takes 1.452188 seconds ...
[Epoch 281 Telemetry] BPR: 0.027964 | LHC: 0.000000 (lambda=0.000000) | 40675.2 samples/s | 5.37s
[Coach] >>> TRAIN @Epoch: 281 >>>  || LOSS Avg: 0.02796
[Wall TIME] >>> Coach.train takes 5.370226 seconds ...
[Epoch 282 Telemetry] BPR: 0.028069 | LHC: 0.000000 (lambda=0.000000) | 43995.1 samples/s | 4.96s
[Coach] >>> TRAIN @Epoch: 282 >>>  || LOSS Avg: 0.02807
[Wall TIME] >>> Coach.train takes 4.965225 seconds ...
[Epoch 283 Telemetry] BPR: 0.027627 | LHC: 0.000000 (lambda=0.000000) | 44042.6 samples/s | 4.96s
[Coach] >>> TRAIN @Epoch: 283 >>>  || LOSS Avg: 0.02763
[Wall TIME] >>> Coach.train takes 4.959701 seconds ...
[Epoch 284 Telemetry] BPR: 0.027883 | LHC: 0.000000 (lambda=0.000000) | 41102.3 samples/s | 5.31s
[Coach] >>> TRAIN @Epoch: 284 >>>  || LOSS Avg: 0.02788
[Wall TIME] >>> Coach.train takes 5.314587 seconds ...
[Epoch 285 Telemetry] BPR: 0.027818 | LHC: 0.000000 (lambda=0.000000) | 43694.3 samples/s | 5.00s
[Coach] >>> TRAIN @Epoch: 285 >>>  || LOSS Avg: 0.02782
[Wall TIME] >>> Coach.train takes 4.999274 seconds ...
[Coach] >>> VALID @Epoch: 285 >>>  || RECALL@1 Avg: 0.0135 || RECALL@10 Avg: 0.0712 || RECALL@20 Avg: 0.1084 || NDCG@10 Avg: 0.0380 || NDCG@20 Avg: 0.0475
[Wall TIME] >>> Coach.valid takes 1.474604 seconds ...
[Epoch 286 Telemetry] BPR: 0.027775 | LHC: 0.000000 (lambda=0.000000) | 40302.7 samples/s | 5.42s
[Coach] >>> TRAIN @Epoch: 286 >>>  || LOSS Avg: 0.02777
[Wall TIME] >>> Coach.train takes 5.419989 seconds ...
[Epoch 287 Telemetry] BPR: 0.027681 | LHC: 0.000000 (lambda=0.000000) | 43287.3 samples/s | 5.05s
[Coach] >>> TRAIN @Epoch: 287 >>>  || LOSS Avg: 0.02768
[Wall TIME] >>> Coach.train takes 5.046425 seconds ...
[Epoch 288 Telemetry] BPR: 0.027835 | LHC: 0.000000 (lambda=0.000000) | 43475.7 samples/s | 5.02s
[Coach] >>> TRAIN @Epoch: 288 >>>  || LOSS Avg: 0.02784
[Wall TIME] >>> Coach.train takes 5.024599 seconds ...
[Epoch 289 Telemetry] BPR: 0.027570 | LHC: 0.000000 (lambda=0.000000) | 40921.4 samples/s | 5.34s
[Coach] >>> TRAIN @Epoch: 289 >>>  || LOSS Avg: 0.02757
[Wall TIME] >>> Coach.train takes 5.338111 seconds ...
[Epoch 290 Telemetry] BPR: 0.027625 | LHC: 0.000000 (lambda=0.000000) | 43500.6 samples/s | 5.02s
[Coach] >>> TRAIN @Epoch: 290 >>>  || LOSS Avg: 0.02762
[Wall TIME] >>> Coach.train takes 5.108197 seconds ...
[Coach] >>> VALID @Epoch: 290 >>>  || RECALL@1 Avg: 0.0138 || RECALL@10 Avg: 0.0709 || RECALL@20 Avg: 0.1074 || NDCG@10 Avg: 0.0380 || NDCG@20 Avg: 0.0473
[Wall TIME] >>> Coach.valid takes 1.457236 seconds ...
[Epoch 291 Telemetry] BPR: 0.027774 | LHC: 0.000000 (lambda=0.000000) | 40849.8 samples/s | 5.35s
[Coach] >>> TRAIN @Epoch: 291 >>>  || LOSS Avg: 0.02777
[Wall TIME] >>> Coach.train takes 5.347331 seconds ...
[Epoch 292 Telemetry] BPR: 0.027603 | LHC: 0.000000 (lambda=0.000000) | 43688.3 samples/s | 5.00s
[Coach] >>> TRAIN @Epoch: 292 >>>  || LOSS Avg: 0.02760
[Wall TIME] >>> Coach.train takes 5.000126 seconds ...
[Epoch 293 Telemetry] BPR: 0.027638 | LHC: 0.000000 (lambda=0.000000) | 43955.2 samples/s | 4.97s
[Coach] >>> TRAIN @Epoch: 293 >>>  || LOSS Avg: 0.02764
[Wall TIME] >>> Coach.train takes 4.969566 seconds ...
[Epoch 294 Telemetry] BPR: 0.027703 | LHC: 0.000000 (lambda=0.000000) | 40418.8 samples/s | 5.40s
[Coach] >>> TRAIN @Epoch: 294 >>>  || LOSS Avg: 0.02770
[Wall TIME] >>> Coach.train takes 5.404437 seconds ...
[Epoch 295 Telemetry] BPR: 0.027783 | LHC: 0.000000 (lambda=0.000000) | 44024.2 samples/s | 4.96s
[Coach] >>> TRAIN @Epoch: 295 >>>  || LOSS Avg: 0.02778
[Wall TIME] >>> Coach.train takes 4.961949 seconds ...
[Coach] >>> VALID @Epoch: 295 >>>  || RECALL@1 Avg: 0.0134 || RECALL@10 Avg: 0.0709 || RECALL@20 Avg: 0.1075 || NDCG@10 Avg: 0.0379 || NDCG@20 Avg: 0.0472
[Wall TIME] >>> Coach.valid takes 1.458018 seconds ...
[Epoch 296 Telemetry] BPR: 0.027697 | LHC: 0.000000 (lambda=0.000000) | 40570.7 samples/s | 5.38s
[Coach] >>> TRAIN @Epoch: 296 >>>  || LOSS Avg: 0.02770
[Wall TIME] >>> Coach.train takes 5.384344 seconds ...
[Epoch 297 Telemetry] BPR: 0.027296 | LHC: 0.000000 (lambda=0.000000) | 43287.0 samples/s | 5.05s
[Coach] >>> TRAIN @Epoch: 297 >>>  || LOSS Avg: 0.02730
[Wall TIME] >>> Coach.train takes 5.046579 seconds ...
[Epoch 298 Telemetry] BPR: 0.027511 | LHC: 0.000000 (lambda=0.000000) | 43486.1 samples/s | 5.02s
[Coach] >>> TRAIN @Epoch: 298 >>>  || LOSS Avg: 0.02751
[Wall TIME] >>> Coach.train takes 5.023421 seconds ...
[Epoch 299 Telemetry] BPR: 0.027595 | LHC: 0.000000 (lambda=0.000000) | 40492.1 samples/s | 5.39s
[Coach] >>> TRAIN @Epoch: 299 >>>  || LOSS Avg: 0.02759
[Wall TIME] >>> Coach.train takes 5.394573 seconds ...
[Epoch 300 Telemetry] BPR: 0.027680 | LHC: 0.000000 (lambda=0.000000) | 43923.8 samples/s | 4.97s
[Coach] >>> TRAIN @Epoch: 300 >>>  || LOSS Avg: 0.02768
[Wall TIME] >>> Coach.train takes 5.058368 seconds ...
[Coach] >>> VALID @Epoch: 300 >>>  || RECALL@1 Avg: 0.0138 || RECALL@10 Avg: 0.0710 || RECALL@20 Avg: 0.1073 || NDCG@10 Avg: 0.0381 || NDCG@20 Avg: 0.0473
[Wall TIME] >>> Coach.valid takes 1.450263 seconds ...
[Epoch 301 Telemetry] BPR: 0.027596 | LHC: 0.000000 (lambda=0.000000) | 40884.3 samples/s | 5.34s
[Coach] >>> TRAIN @Epoch: 301 >>>  || LOSS Avg: 0.02760
[Wall TIME] >>> Coach.train takes 5.342825 seconds ...
[Epoch 302 Telemetry] BPR: 0.027454 | LHC: 0.000000 (lambda=0.000000) | 43873.2 samples/s | 4.98s
[Coach] >>> TRAIN @Epoch: 302 >>>  || LOSS Avg: 0.02745
[Wall TIME] >>> Coach.train takes 4.978909 seconds ...
[Epoch 303 Telemetry] BPR: 0.027743 | LHC: 0.000000 (lambda=0.000000) | 43956.1 samples/s | 4.97s
[Coach] >>> TRAIN @Epoch: 303 >>>  || LOSS Avg: 0.02774
[Wall TIME] >>> Coach.train takes 4.969516 seconds ...
[Epoch 304 Telemetry] BPR: 0.027635 | LHC: 0.000000 (lambda=0.000000) | 40993.0 samples/s | 5.33s
[Coach] >>> TRAIN @Epoch: 304 >>>  || LOSS Avg: 0.02763
[Wall TIME] >>> Coach.train takes 5.328655 seconds ...
[Epoch 305 Telemetry] BPR: 0.027439 | LHC: 0.000000 (lambda=0.000000) | 43949.0 samples/s | 4.97s
[Coach] >>> TRAIN @Epoch: 305 >>>  || LOSS Avg: 0.02744
[Wall TIME] >>> Coach.train takes 4.970322 seconds ...
[Coach] >>> VALID @Epoch: 305 >>>  || RECALL@1 Avg: 0.0137 || RECALL@10 Avg: 0.0705 || RECALL@20 Avg: 0.1070 || NDCG@10 Avg: 0.0380 || NDCG@20 Avg: 0.0473
[Wall TIME] >>> Coach.valid takes 1.460586 seconds ...
[Epoch 306 Telemetry] BPR: 0.027080 | LHC: 0.000000 (lambda=0.000000) | 40660.1 samples/s | 5.37s
[Coach] >>> TRAIN @Epoch: 306 >>>  || LOSS Avg: 0.02708
[Wall TIME] >>> Coach.train takes 5.372323 seconds ...
[Epoch 307 Telemetry] BPR: 0.027289 | LHC: 0.000000 (lambda=0.000000) | 43424.5 samples/s | 5.03s
[Coach] >>> TRAIN @Epoch: 307 >>>  || LOSS Avg: 0.02729
[Wall TIME] >>> Coach.train takes 5.030494 seconds ...
[Epoch 308 Telemetry] BPR: 0.027091 | LHC: 0.000000 (lambda=0.000000) | 43746.3 samples/s | 4.99s
[Coach] >>> TRAIN @Epoch: 308 >>>  || LOSS Avg: 0.02709
[Wall TIME] >>> Coach.train takes 4.993350 seconds ...
[Epoch 309 Telemetry] BPR: 0.027510 | LHC: 0.000000 (lambda=0.000000) | 40732.8 samples/s | 5.36s
[Coach] >>> TRAIN @Epoch: 309 >>>  || LOSS Avg: 0.02751
[Wall TIME] >>> Coach.train takes 5.362689 seconds ...
[Epoch 310 Telemetry] BPR: 0.027594 | LHC: 0.000000 (lambda=0.000000) | 43692.4 samples/s | 5.00s
[Coach] >>> TRAIN @Epoch: 310 >>>  || LOSS Avg: 0.02759
[Wall TIME] >>> Coach.train takes 5.119048 seconds ...
[Coach] >>> VALID @Epoch: 310 >>>  || RECALL@1 Avg: 0.0138 || RECALL@10 Avg: 0.0704 || RECALL@20 Avg: 0.1078 || NDCG@10 Avg: 0.0380 || NDCG@20 Avg: 0.0476
[Wall TIME] >>> Coach.valid takes 1.451021 seconds ...
[Epoch 311 Telemetry] BPR: 0.027022 | LHC: 0.000000 (lambda=0.000000) | 40961.1 samples/s | 5.33s
[Coach] >>> TRAIN @Epoch: 311 >>>  || LOSS Avg: 0.02702
[Wall TIME] >>> Coach.train takes 5.332933 seconds ...
[Epoch 312 Telemetry] BPR: 0.027586 | LHC: 0.000000 (lambda=0.000000) | 43880.7 samples/s | 4.98s
[Coach] >>> TRAIN @Epoch: 312 >>>  || LOSS Avg: 0.02759
[Wall TIME] >>> Coach.train takes 4.978106 seconds ...
[Epoch 313 Telemetry] BPR: 0.027235 | LHC: 0.000000 (lambda=0.000000) | 44305.1 samples/s | 4.93s
[Coach] >>> TRAIN @Epoch: 313 >>>  || LOSS Avg: 0.02723
[Wall TIME] >>> Coach.train takes 4.930379 seconds ...
[Epoch 314 Telemetry] BPR: 0.027033 | LHC: 0.000000 (lambda=0.000000) | 41122.0 samples/s | 5.31s
[Coach] >>> TRAIN @Epoch: 314 >>>  || LOSS Avg: 0.02703
[Wall TIME] >>> Coach.train takes 5.312060 seconds ...
[Epoch 315 Telemetry] BPR: 0.027161 | LHC: 0.000000 (lambda=0.000000) | 44144.3 samples/s | 4.95s
[Coach] >>> TRAIN @Epoch: 315 >>>  || LOSS Avg: 0.02716
[Wall TIME] >>> Coach.train takes 4.948464 seconds ...
[Coach] >>> VALID @Epoch: 315 >>>  || RECALL@1 Avg: 0.0141 || RECALL@10 Avg: 0.0707 || RECALL@20 Avg: 0.1076 || NDCG@10 Avg: 0.0382 || NDCG@20 Avg: 0.0476
[Wall TIME] >>> Coach.valid takes 1.461389 seconds ...
[Epoch 316 Telemetry] BPR: 0.027084 | LHC: 0.000000 (lambda=0.000000) | 40663.2 samples/s | 5.37s
[Coach] >>> TRAIN @Epoch: 316 >>>  || LOSS Avg: 0.02708
[Wall TIME] >>> Coach.train takes 5.371956 seconds ...
[Epoch 317 Telemetry] BPR: 0.027026 | LHC: 0.000000 (lambda=0.000000) | 43910.3 samples/s | 4.97s
[Coach] >>> TRAIN @Epoch: 317 >>>  || LOSS Avg: 0.02703
[Wall TIME] >>> Coach.train takes 4.974742 seconds ...
[Epoch 318 Telemetry] BPR: 0.027069 | LHC: 0.000000 (lambda=0.000000) | 43418.1 samples/s | 5.03s
[Coach] >>> TRAIN @Epoch: 318 >>>  || LOSS Avg: 0.02707
[Wall TIME] >>> Coach.train takes 5.031140 seconds ...
[Epoch 319 Telemetry] BPR: 0.027048 | LHC: 0.000000 (lambda=0.000000) | 40386.2 samples/s | 5.41s
[Coach] >>> TRAIN @Epoch: 319 >>>  || LOSS Avg: 0.02705
[Wall TIME] >>> Coach.train takes 5.408902 seconds ...
[Epoch 320 Telemetry] BPR: 0.026992 | LHC: 0.000000 (lambda=0.000000) | 43718.2 samples/s | 5.00s
[Coach] >>> TRAIN @Epoch: 320 >>>  || LOSS Avg: 0.02699
[Wall TIME] >>> Coach.train takes 5.082357 seconds ...
[Coach] >>> VALID @Epoch: 320 >>>  || RECALL@1 Avg: 0.0141 || RECALL@10 Avg: 0.0713 || RECALL@20 Avg: 0.1073 || NDCG@10 Avg: 0.0384 || NDCG@20 Avg: 0.0475
[Wall TIME] >>> Coach.valid takes 1.463548 seconds ...
[Epoch 321 Telemetry] BPR: 0.026976 | LHC: 0.000000 (lambda=0.000000) | 40753.4 samples/s | 5.36s
[Coach] >>> TRAIN @Epoch: 321 >>>  || LOSS Avg: 0.02698
[Wall TIME] >>> Coach.train takes 5.359900 seconds ...
[Epoch 322 Telemetry] BPR: 0.026991 | LHC: 0.000000 (lambda=0.000000) | 44119.3 samples/s | 4.95s
[Coach] >>> TRAIN @Epoch: 322 >>>  || LOSS Avg: 0.02699
[Wall TIME] >>> Coach.train takes 4.951165 seconds ...
[Epoch 323 Telemetry] BPR: 0.027049 | LHC: 0.000000 (lambda=0.000000) | 43793.0 samples/s | 4.99s
[Coach] >>> TRAIN @Epoch: 323 >>>  || LOSS Avg: 0.02705
[Wall TIME] >>> Coach.train takes 4.987999 seconds ...
[Epoch 324 Telemetry] BPR: 0.027004 | LHC: 0.000000 (lambda=0.000000) | 41334.9 samples/s | 5.28s
[Coach] >>> TRAIN @Epoch: 324 >>>  || LOSS Avg: 0.02700
[Wall TIME] >>> Coach.train takes 5.284655 seconds ...
[Epoch 325 Telemetry] BPR: 0.026919 | LHC: 0.000000 (lambda=0.000000) | 43868.3 samples/s | 4.98s
[Coach] >>> TRAIN @Epoch: 325 >>>  || LOSS Avg: 0.02692
[Wall TIME] >>> Coach.train takes 4.979480 seconds ...
[Coach] >>> Better ***NDCG@20*** of ***0.0476*** 
[Coach] >>> VALID @Epoch: 325 >>>  || RECALL@1 Avg: 0.0140 || RECALL@10 Avg: 0.0709 || RECALL@20 Avg: 0.1078 || NDCG@10 Avg: 0.0383 || NDCG@20 Avg: 0.0476
[Wall TIME] >>> Coach.valid takes 1.515284 seconds ...
[Epoch 326 Telemetry] BPR: 0.027035 | LHC: 0.000000 (lambda=0.000000) | 40656.8 samples/s | 5.37s
[Coach] >>> TRAIN @Epoch: 326 >>>  || LOSS Avg: 0.02703
[Wall TIME] >>> Coach.train takes 5.372763 seconds ...
[Epoch 327 Telemetry] BPR: 0.026885 | LHC: 0.000000 (lambda=0.000000) | 43525.2 samples/s | 5.02s
[Coach] >>> TRAIN @Epoch: 327 >>>  || LOSS Avg: 0.02688
[Wall TIME] >>> Coach.train takes 5.018761 seconds ...
[Epoch 328 Telemetry] BPR: 0.026927 | LHC: 0.000000 (lambda=0.000000) | 43736.1 samples/s | 4.99s
[Coach] >>> TRAIN @Epoch: 328 >>>  || LOSS Avg: 0.02693
[Wall TIME] >>> Coach.train takes 4.994468 seconds ...
[Epoch 329 Telemetry] BPR: 0.026787 | LHC: 0.000000 (lambda=0.000000) | 40550.9 samples/s | 5.39s
[Coach] >>> TRAIN @Epoch: 329 >>>  || LOSS Avg: 0.02679
[Wall TIME] >>> Coach.train takes 5.386790 seconds ...
[Epoch 330 Telemetry] BPR: 0.026617 | LHC: 0.000000 (lambda=0.000000) | 43929.3 samples/s | 4.97s
[Coach] >>> TRAIN @Epoch: 330 >>>  || LOSS Avg: 0.02662
[Wall TIME] >>> Coach.train takes 5.085826 seconds ...
[Coach] >>> Better ***NDCG@20*** of ***0.0477*** 
[Coach] >>> VALID @Epoch: 330 >>>  || RECALL@1 Avg: 0.0140 || RECALL@10 Avg: 0.0710 || RECALL@20 Avg: 0.1080 || NDCG@10 Avg: 0.0383 || NDCG@20 Avg: 0.0477
[Wall TIME] >>> Coach.valid takes 1.526146 seconds ...
[Epoch 331 Telemetry] BPR: 0.026792 | LHC: 0.000000 (lambda=0.000000) | 41023.3 samples/s | 5.32s
[Coach] >>> TRAIN @Epoch: 331 >>>  || LOSS Avg: 0.02679
[Wall TIME] >>> Coach.train takes 5.324634 seconds ...
[Epoch 332 Telemetry] BPR: 0.026737 | LHC: 0.000000 (lambda=0.000000) | 44146.9 samples/s | 4.95s
[Coach] >>> TRAIN @Epoch: 332 >>>  || LOSS Avg: 0.02674
[Wall TIME] >>> Coach.train takes 4.948029 seconds ...
[Epoch 333 Telemetry] BPR: 0.027017 | LHC: 0.000000 (lambda=0.000000) | 44416.7 samples/s | 4.92s
[Coach] >>> TRAIN @Epoch: 333 >>>  || LOSS Avg: 0.02702
[Wall TIME] >>> Coach.train takes 4.918035 seconds ...
[Epoch 334 Telemetry] BPR: 0.026899 | LHC: 0.000000 (lambda=0.000000) | 41050.5 samples/s | 5.32s
[Coach] >>> TRAIN @Epoch: 334 >>>  || LOSS Avg: 0.02690
[Wall TIME] >>> Coach.train takes 5.321202 seconds ...
[Epoch 335 Telemetry] BPR: 0.026910 | LHC: 0.000000 (lambda=0.000000) | 44062.0 samples/s | 4.96s
[Coach] >>> TRAIN @Epoch: 335 >>>  || LOSS Avg: 0.02691
[Wall TIME] >>> Coach.train takes 4.957610 seconds ...
[Coach] >>> VALID @Epoch: 335 >>>  || RECALL@1 Avg: 0.0139 || RECALL@10 Avg: 0.0708 || RECALL@20 Avg: 0.1080 || NDCG@10 Avg: 0.0382 || NDCG@20 Avg: 0.0477
[Wall TIME] >>> Coach.valid takes 1.458465 seconds ...
[Epoch 336 Telemetry] BPR: 0.026977 | LHC: 0.000000 (lambda=0.000000) | 40610.9 samples/s | 5.38s
[Coach] >>> TRAIN @Epoch: 336 >>>  || LOSS Avg: 0.02698
[Wall TIME] >>> Coach.train takes 5.378798 seconds ...
[Epoch 337 Telemetry] BPR: 0.027069 | LHC: 0.000000 (lambda=0.000000) | 43702.4 samples/s | 5.00s
[Coach] >>> TRAIN @Epoch: 337 >>>  || LOSS Avg: 0.02707
[Wall TIME] >>> Coach.train takes 4.998418 seconds ...
[Epoch 338 Telemetry] BPR: 0.026655 | LHC: 0.000000 (lambda=0.000000) | 43575.2 samples/s | 5.01s
[Coach] >>> TRAIN @Epoch: 338 >>>  || LOSS Avg: 0.02665
[Wall TIME] >>> Coach.train takes 5.013080 seconds ...
[Epoch 339 Telemetry] BPR: 0.027007 | LHC: 0.000000 (lambda=0.000000) | 40827.9 samples/s | 5.35s
[Coach] >>> TRAIN @Epoch: 339 >>>  || LOSS Avg: 0.02701
[Wall TIME] >>> Coach.train takes 5.350590 seconds ...
[Epoch 340 Telemetry] BPR: 0.026743 | LHC: 0.000000 (lambda=0.000000) | 43470.3 samples/s | 5.02s
[Coach] >>> TRAIN @Epoch: 340 >>>  || LOSS Avg: 0.02674
[Wall TIME] >>> Coach.train takes 5.114585 seconds ...
[Coach] >>> Better ***NDCG@20*** of ***0.0477*** 
[Coach] >>> VALID @Epoch: 340 >>>  || RECALL@1 Avg: 0.0136 || RECALL@10 Avg: 0.0705 || RECALL@20 Avg: 0.1085 || NDCG@10 Avg: 0.0381 || NDCG@20 Avg: 0.0477
[Wall TIME] >>> Coach.valid takes 1.511003 seconds ...
[Epoch 341 Telemetry] BPR: 0.026824 | LHC: 0.000000 (lambda=0.000000) | 40570.7 samples/s | 5.38s
[Coach] >>> TRAIN @Epoch: 341 >>>  || LOSS Avg: 0.02682
[Wall TIME] >>> Coach.train takes 5.384106 seconds ...
[Epoch 342 Telemetry] BPR: 0.026821 | LHC: 0.000000 (lambda=0.000000) | 44297.4 samples/s | 4.93s
[Coach] >>> TRAIN @Epoch: 342 >>>  || LOSS Avg: 0.02682
[Wall TIME] >>> Coach.train takes 4.931161 seconds ...
[Epoch 343 Telemetry] BPR: 0.026510 | LHC: 0.000000 (lambda=0.000000) | 43999.1 samples/s | 4.96s
[Coach] >>> TRAIN @Epoch: 343 >>>  || LOSS Avg: 0.02651
[Wall TIME] >>> Coach.train takes 4.964742 seconds ...
[Epoch 344 Telemetry] BPR: 0.026651 | LHC: 0.000000 (lambda=0.000000) | 41153.5 samples/s | 5.31s
[Coach] >>> TRAIN @Epoch: 344 >>>  || LOSS Avg: 0.02665
[Wall TIME] >>> Coach.train takes 5.308005 seconds ...
[Epoch 345 Telemetry] BPR: 0.026714 | LHC: 0.000000 (lambda=0.000000) | 43936.9 samples/s | 4.97s
[Coach] >>> TRAIN @Epoch: 345 >>>  || LOSS Avg: 0.02671
[Wall TIME] >>> Coach.train takes 4.971748 seconds ...
[Coach] >>> Better ***NDCG@20*** of ***0.0479*** 
[Coach] >>> VALID @Epoch: 345 >>>  || RECALL@1 Avg: 0.0137 || RECALL@10 Avg: 0.0712 || RECALL@20 Avg: 0.1084 || NDCG@10 Avg: 0.0384 || NDCG@20 Avg: 0.0479
[Wall TIME] >>> Coach.valid takes 1.510695 seconds ...
[Epoch 346 Telemetry] BPR: 0.026721 | LHC: 0.000000 (lambda=0.000000) | 41144.7 samples/s | 5.31s
[Coach] >>> TRAIN @Epoch: 346 >>>  || LOSS Avg: 0.02672
[Wall TIME] >>> Coach.train takes 5.309037 seconds ...
[Epoch 347 Telemetry] BPR: 0.026833 | LHC: 0.000000 (lambda=0.000000) | 43686.9 samples/s | 5.00s
[Coach] >>> TRAIN @Epoch: 347 >>>  || LOSS Avg: 0.02683
[Wall TIME] >>> Coach.train takes 5.000258 seconds ...
[Epoch 348 Telemetry] BPR: 0.026720 | LHC: 0.000000 (lambda=0.000000) | 44018.0 samples/s | 4.96s
[Coach] >>> TRAIN @Epoch: 348 >>>  || LOSS Avg: 0.02672
[Wall TIME] >>> Coach.train takes 4.962565 seconds ...
[Epoch 349 Telemetry] BPR: 0.026911 | LHC: 0.000000 (lambda=0.000000) | 40962.0 samples/s | 5.33s
[Coach] >>> TRAIN @Epoch: 349 >>>  || LOSS Avg: 0.02691
[Wall TIME] >>> Coach.train takes 5.332626 seconds ...
[Epoch 350 Telemetry] BPR: 0.026600 | LHC: 0.000000 (lambda=0.000000) | 43955.8 samples/s | 4.97s
[Coach] >>> TRAIN @Epoch: 350 >>>  || LOSS Avg: 0.02660
[Wall TIME] >>> Coach.train takes 5.054971 seconds ...
[Coach] >>> VALID @Epoch: 350 >>>  || RECALL@1 Avg: 0.0138 || RECALL@10 Avg: 0.0708 || RECALL@20 Avg: 0.1080 || NDCG@10 Avg: 0.0383 || NDCG@20 Avg: 0.0478
[Wall TIME] >>> Coach.valid takes 1.449950 seconds ...
[Epoch 351 Telemetry] BPR: 0.026375 | LHC: 0.000000 (lambda=0.000000) | 40816.7 samples/s | 5.35s
[Coach] >>> TRAIN @Epoch: 351 >>>  || LOSS Avg: 0.02638
[Wall TIME] >>> Coach.train takes 5.351686 seconds ...
[Epoch 352 Telemetry] BPR: 0.026727 | LHC: 0.000000 (lambda=0.000000) | 43725.8 samples/s | 4.99s
[Coach] >>> TRAIN @Epoch: 352 >>>  || LOSS Avg: 0.02673
[Wall TIME] >>> Coach.train takes 4.995767 seconds ...
[Epoch 353 Telemetry] BPR: 0.026605 | LHC: 0.000000 (lambda=0.000000) | 43957.3 samples/s | 4.97s
[Coach] >>> TRAIN @Epoch: 353 >>>  || LOSS Avg: 0.02661
[Wall TIME] >>> Coach.train takes 4.969408 seconds ...
[Epoch 354 Telemetry] BPR: 0.026682 | LHC: 0.000000 (lambda=0.000000) | 41160.1 samples/s | 5.31s
[Coach] >>> TRAIN @Epoch: 354 >>>  || LOSS Avg: 0.02668
[Wall TIME] >>> Coach.train takes 5.307082 seconds ...
[Epoch 355 Telemetry] BPR: 0.026739 | LHC: 0.000000 (lambda=0.000000) | 44316.0 samples/s | 4.93s
[Coach] >>> TRAIN @Epoch: 355 >>>  || LOSS Avg: 0.02674
[Wall TIME] >>> Coach.train takes 4.929210 seconds ...
[Coach] >>> VALID @Epoch: 355 >>>  || RECALL@1 Avg: 0.0133 || RECALL@10 Avg: 0.0710 || RECALL@20 Avg: 0.1078 || NDCG@10 Avg: 0.0381 || NDCG@20 Avg: 0.0475
[Wall TIME] >>> Coach.valid takes 1.455334 seconds ...
[Epoch 356 Telemetry] BPR: 0.026756 | LHC: 0.000000 (lambda=0.000000) | 40692.5 samples/s | 5.37s
[Coach] >>> TRAIN @Epoch: 356 >>>  || LOSS Avg: 0.02676
[Wall TIME] >>> Coach.train takes 5.368077 seconds ...
[Epoch 357 Telemetry] BPR: 0.026669 | LHC: 0.000000 (lambda=0.000000) | 43848.3 samples/s | 4.98s
[Coach] >>> TRAIN @Epoch: 357 >>>  || LOSS Avg: 0.02667
[Wall TIME] >>> Coach.train takes 4.981717 seconds ...
[Epoch 358 Telemetry] BPR: 0.026277 | LHC: 0.000000 (lambda=0.000000) | 43889.4 samples/s | 4.98s
[Coach] >>> TRAIN @Epoch: 358 >>>  || LOSS Avg: 0.02628
[Wall TIME] >>> Coach.train takes 4.976965 seconds ...
[Epoch 359 Telemetry] BPR: 0.026586 | LHC: 0.000000 (lambda=0.000000) | 41045.5 samples/s | 5.32s
[Coach] >>> TRAIN @Epoch: 359 >>>  || LOSS Avg: 0.02659
[Wall TIME] >>> Coach.train takes 5.321848 seconds ...
[Epoch 360 Telemetry] BPR: 0.026763 | LHC: 0.000000 (lambda=0.000000) | 43872.4 samples/s | 4.98s
[Coach] >>> TRAIN @Epoch: 360 >>>  || LOSS Avg: 0.02676
[Wall TIME] >>> Coach.train takes 5.063104 seconds ...
[Coach] >>> VALID @Epoch: 360 >>>  || RECALL@1 Avg: 0.0135 || RECALL@10 Avg: 0.0716 || RECALL@20 Avg: 0.1081 || NDCG@10 Avg: 0.0384 || NDCG@20 Avg: 0.0476
[Wall TIME] >>> Coach.valid takes 1.445655 seconds ...
[Epoch 361 Telemetry] BPR: 0.026389 | LHC: 0.000000 (lambda=0.000000) | 41402.5 samples/s | 5.28s
[Coach] >>> TRAIN @Epoch: 361 >>>  || LOSS Avg: 0.02639
[Wall TIME] >>> Coach.train takes 5.275968 seconds ...
[Epoch 362 Telemetry] BPR: 0.026448 | LHC: 0.000000 (lambda=0.000000) | 44068.4 samples/s | 4.96s
[Coach] >>> TRAIN @Epoch: 362 >>>  || LOSS Avg: 0.02645
[Wall TIME] >>> Coach.train takes 4.956936 seconds ...
[Epoch 363 Telemetry] BPR: 0.026229 | LHC: 0.000000 (lambda=0.000000) | 44141.1 samples/s | 4.95s
[Coach] >>> TRAIN @Epoch: 363 >>>  || LOSS Avg: 0.02623
[Wall TIME] >>> Coach.train takes 4.948745 seconds ...
[Epoch 364 Telemetry] BPR: 0.026718 | LHC: 0.000000 (lambda=0.000000) | 41174.0 samples/s | 5.30s
[Coach] >>> TRAIN @Epoch: 364 >>>  || LOSS Avg: 0.02672
[Wall TIME] >>> Coach.train takes 5.305349 seconds ...
[Epoch 365 Telemetry] BPR: 0.026644 | LHC: 0.000000 (lambda=0.000000) | 44273.7 samples/s | 4.93s
[Coach] >>> TRAIN @Epoch: 365 >>>  || LOSS Avg: 0.02664
[Wall TIME] >>> Coach.train takes 4.933814 seconds ...
[Coach] >>> VALID @Epoch: 365 >>>  || RECALL@1 Avg: 0.0134 || RECALL@10 Avg: 0.0710 || RECALL@20 Avg: 0.1080 || NDCG@10 Avg: 0.0382 || NDCG@20 Avg: 0.0476
[Wall TIME] >>> Coach.valid takes 1.477362 seconds ...
[Epoch 366 Telemetry] BPR: 0.026367 | LHC: 0.000000 (lambda=0.000000) | 41050.0 samples/s | 5.32s
[Coach] >>> TRAIN @Epoch: 366 >>>  || LOSS Avg: 0.02637
[Wall TIME] >>> Coach.train takes 5.321177 seconds ...
[Epoch 367 Telemetry] BPR: 0.026423 | LHC: 0.000000 (lambda=0.000000) | 43793.3 samples/s | 4.99s
[Coach] >>> TRAIN @Epoch: 367 >>>  || LOSS Avg: 0.02642
[Wall TIME] >>> Coach.train takes 4.988068 seconds ...
[Epoch 368 Telemetry] BPR: 0.026621 | LHC: 0.000000 (lambda=0.000000) | 43901.8 samples/s | 4.97s
[Coach] >>> TRAIN @Epoch: 368 >>>  || LOSS Avg: 0.02662
[Wall TIME] >>> Coach.train takes 4.975678 seconds ...
[Epoch 369 Telemetry] BPR: 0.026409 | LHC: 0.000000 (lambda=0.000000) | 40818.1 samples/s | 5.35s
[Coach] >>> TRAIN @Epoch: 369 >>>  || LOSS Avg: 0.02641
[Wall TIME] >>> Coach.train takes 5.351663 seconds ...
[Epoch 370 Telemetry] BPR: 0.026310 | LHC: 0.000000 (lambda=0.000000) | 43962.2 samples/s | 4.97s
[Coach] >>> TRAIN @Epoch: 370 >>>  || LOSS Avg: 0.02631
[Wall TIME] >>> Coach.train takes 5.053121 seconds ...
[Coach] >>> VALID @Epoch: 370 >>>  || RECALL@1 Avg: 0.0135 || RECALL@10 Avg: 0.0718 || RECALL@20 Avg: 0.1078 || NDCG@10 Avg: 0.0385 || NDCG@20 Avg: 0.0476
[Wall TIME] >>> Coach.valid takes 1.463959 seconds ...
[Epoch 371 Telemetry] BPR: 0.026546 | LHC: 0.000000 (lambda=0.000000) | 40896.4 samples/s | 5.34s
[Coach] >>> TRAIN @Epoch: 371 >>>  || LOSS Avg: 0.02655
[Wall TIME] >>> Coach.train takes 5.341173 seconds ...
[Epoch 372 Telemetry] BPR: 0.026464 | LHC: 0.000000 (lambda=0.000000) | 44104.8 samples/s | 4.95s
[Coach] >>> TRAIN @Epoch: 372 >>>  || LOSS Avg: 0.02646
[Wall TIME] >>> Coach.train takes 4.952708 seconds ...
[Epoch 373 Telemetry] BPR: 0.026338 | LHC: 0.000000 (lambda=0.000000) | 43958.9 samples/s | 4.97s
[Coach] >>> TRAIN @Epoch: 373 >>>  || LOSS Avg: 0.02634
[Wall TIME] >>> Coach.train takes 4.969332 seconds ...
[Epoch 374 Telemetry] BPR: 0.026151 | LHC: 0.000000 (lambda=0.000000) | 41075.3 samples/s | 5.32s
[Coach] >>> TRAIN @Epoch: 374 >>>  || LOSS Avg: 0.02615
[Wall TIME] >>> Coach.train takes 5.318122 seconds ...
[Epoch 375 Telemetry] BPR: 0.026301 | LHC: 0.000000 (lambda=0.000000) | 43962.6 samples/s | 4.97s
[Coach] >>> TRAIN @Epoch: 375 >>>  || LOSS Avg: 0.02630
[Wall TIME] >>> Coach.train takes 4.968688 seconds ...
[Coach] >>> VALID @Epoch: 375 >>>  || RECALL@1 Avg: 0.0135 || RECALL@10 Avg: 0.0714 || RECALL@20 Avg: 0.1077 || NDCG@10 Avg: 0.0384 || NDCG@20 Avg: 0.0476
[Wall TIME] >>> Coach.valid takes 1.450348 seconds ...
[Epoch 376 Telemetry] BPR: 0.026327 | LHC: 0.000000 (lambda=0.000000) | 40996.6 samples/s | 5.33s
[Coach] >>> TRAIN @Epoch: 376 >>>  || LOSS Avg: 0.02633
[Wall TIME] >>> Coach.train takes 5.328265 seconds ...
[Epoch 377 Telemetry] BPR: 0.026482 | LHC: 0.000000 (lambda=0.000000) | 43661.2 samples/s | 5.00s
[Coach] >>> TRAIN @Epoch: 377 >>>  || LOSS Avg: 0.02648
[Wall TIME] >>> Coach.train takes 5.003174 seconds ...
[Epoch 378 Telemetry] BPR: 0.026219 | LHC: 0.000000 (lambda=0.000000) | 44073.5 samples/s | 4.96s
[Coach] >>> TRAIN @Epoch: 378 >>>  || LOSS Avg: 0.02622
[Wall TIME] >>> Coach.train takes 4.956299 seconds ...
[Epoch 379 Telemetry] BPR: 0.026257 | LHC: 0.000000 (lambda=0.000000) | 40893.7 samples/s | 5.34s
[Coach] >>> TRAIN @Epoch: 379 >>>  || LOSS Avg: 0.02626
[Wall TIME] >>> Coach.train takes 5.341695 seconds ...
[Epoch 380 Telemetry] BPR: 0.026493 | LHC: 0.000000 (lambda=0.000000) | 43885.5 samples/s | 4.98s
[Coach] >>> TRAIN @Epoch: 380 >>>  || LOSS Avg: 0.02649
[Wall TIME] >>> Coach.train takes 5.062440 seconds ...
[Coach] >>> Better ***NDCG@20*** of ***0.0479*** 
[Coach] >>> VALID @Epoch: 380 >>>  || RECALL@1 Avg: 0.0137 || RECALL@10 Avg: 0.0715 || RECALL@20 Avg: 0.1089 || NDCG@10 Avg: 0.0384 || NDCG@20 Avg: 0.0479
[Wall TIME] >>> Coach.valid takes 1.504422 seconds ...
[Epoch 381 Telemetry] BPR: 0.026053 | LHC: 0.000000 (lambda=0.000000) | 41217.4 samples/s | 5.30s
[Coach] >>> TRAIN @Epoch: 381 >>>  || LOSS Avg: 0.02605
[Wall TIME] >>> Coach.train takes 5.299631 seconds ...
[Epoch 382 Telemetry] BPR: 0.026222 | LHC: 0.000000 (lambda=0.000000) | 44134.5 samples/s | 4.95s
[Coach] >>> TRAIN @Epoch: 382 >>>  || LOSS Avg: 0.02622
[Wall TIME] >>> Coach.train takes 4.949466 seconds ...
[Epoch 383 Telemetry] BPR: 0.026227 | LHC: 0.000000 (lambda=0.000000) | 44388.4 samples/s | 4.92s
[Coach] >>> TRAIN @Epoch: 383 >>>  || LOSS Avg: 0.02623
[Wall TIME] >>> Coach.train takes 4.921105 seconds ...
[Epoch 384 Telemetry] BPR: 0.026302 | LHC: 0.000000 (lambda=0.000000) | 41177.9 samples/s | 5.30s
[Coach] >>> TRAIN @Epoch: 384 >>>  || LOSS Avg: 0.02630
[Wall TIME] >>> Coach.train takes 5.304849 seconds ...
[Epoch 385 Telemetry] BPR: 0.026129 | LHC: 0.000000 (lambda=0.000000) | 43984.7 samples/s | 4.97s
[Coach] >>> TRAIN @Epoch: 385 >>>  || LOSS Avg: 0.02613
[Wall TIME] >>> Coach.train takes 4.966382 seconds ...
[Coach] >>> VALID @Epoch: 385 >>>  || RECALL@1 Avg: 0.0133 || RECALL@10 Avg: 0.0713 || RECALL@20 Avg: 0.1077 || NDCG@10 Avg: 0.0382 || NDCG@20 Avg: 0.0475
[Wall TIME] >>> Coach.valid takes 1.448305 seconds ...
[Epoch 386 Telemetry] BPR: 0.026026 | LHC: 0.000000 (lambda=0.000000) | 40431.2 samples/s | 5.40s
[Coach] >>> TRAIN @Epoch: 386 >>>  || LOSS Avg: 0.02603
[Wall TIME] >>> Coach.train takes 5.402736 seconds ...
[Epoch 387 Telemetry] BPR: 0.026001 | LHC: 0.000000 (lambda=0.000000) | 43903.9 samples/s | 4.97s
[Coach] >>> TRAIN @Epoch: 387 >>>  || LOSS Avg: 0.02600
[Wall TIME] >>> Coach.train takes 4.975467 seconds ...
[Epoch 388 Telemetry] BPR: 0.026278 | LHC: 0.000000 (lambda=0.000000) | 43928.3 samples/s | 4.97s
[Coach] >>> TRAIN @Epoch: 388 >>>  || LOSS Avg: 0.02628
[Wall TIME] >>> Coach.train takes 4.972739 seconds ...
[Epoch 389 Telemetry] BPR: 0.026340 | LHC: 0.000000 (lambda=0.000000) | 40925.0 samples/s | 5.34s
[Coach] >>> TRAIN @Epoch: 389 >>>  || LOSS Avg: 0.02634
[Wall TIME] >>> Coach.train takes 5.337666 seconds ...
[Epoch 390 Telemetry] BPR: 0.026120 | LHC: 0.000000 (lambda=0.000000) | 43934.1 samples/s | 4.97s
[Coach] >>> TRAIN @Epoch: 390 >>>  || LOSS Avg: 0.02612
[Wall TIME] >>> Coach.train takes 5.058907 seconds ...
[Coach] >>> VALID @Epoch: 390 >>>  || RECALL@1 Avg: 0.0134 || RECALL@10 Avg: 0.0716 || RECALL@20 Avg: 0.1079 || NDCG@10 Avg: 0.0383 || NDCG@20 Avg: 0.0476
[Wall TIME] >>> Coach.valid takes 1.451459 seconds ...
[Epoch 391 Telemetry] BPR: 0.026045 | LHC: 0.000000 (lambda=0.000000) | 41152.7 samples/s | 5.31s
[Coach] >>> TRAIN @Epoch: 391 >>>  || LOSS Avg: 0.02605
[Wall TIME] >>> Coach.train takes 5.308063 seconds ...
[Epoch 392 Telemetry] BPR: 0.026217 | LHC: 0.000000 (lambda=0.000000) | 44473.4 samples/s | 4.91s
[Coach] >>> TRAIN @Epoch: 392 >>>  || LOSS Avg: 0.02622
[Wall TIME] >>> Coach.train takes 4.911760 seconds ...
[Epoch 393 Telemetry] BPR: 0.026239 | LHC: 0.000000 (lambda=0.000000) | 44328.4 samples/s | 4.93s
[Coach] >>> TRAIN @Epoch: 393 >>>  || LOSS Avg: 0.02624
[Wall TIME] >>> Coach.train takes 4.927793 seconds ...
[Epoch 394 Telemetry] BPR: 0.026179 | LHC: 0.000000 (lambda=0.000000) | 41394.0 samples/s | 5.28s
[Coach] >>> TRAIN @Epoch: 394 >>>  || LOSS Avg: 0.02618
[Wall TIME] >>> Coach.train takes 5.277213 seconds ...
[Epoch 395 Telemetry] BPR: 0.026067 | LHC: 0.000000 (lambda=0.000000) | 44020.0 samples/s | 4.96s
[Coach] >>> TRAIN @Epoch: 395 >>>  || LOSS Avg: 0.02607
[Wall TIME] >>> Coach.train takes 4.962234 seconds ...
[Coach] >>> VALID @Epoch: 395 >>>  || RECALL@1 Avg: 0.0134 || RECALL@10 Avg: 0.0721 || RECALL@20 Avg: 0.1082 || NDCG@10 Avg: 0.0385 || NDCG@20 Avg: 0.0477
[Wall TIME] >>> Coach.valid takes 1.462831 seconds ...
[Epoch 396 Telemetry] BPR: 0.025991 | LHC: 0.000000 (lambda=0.000000) | 40957.0 samples/s | 5.33s
[Coach] >>> TRAIN @Epoch: 396 >>>  || LOSS Avg: 0.02599
[Wall TIME] >>> Coach.train takes 5.333475 seconds ...
[Epoch 397 Telemetry] BPR: 0.026086 | LHC: 0.000000 (lambda=0.000000) | 43709.2 samples/s | 5.00s
[Coach] >>> TRAIN @Epoch: 397 >>>  || LOSS Avg: 0.02609
[Wall TIME] >>> Coach.train takes 4.997618 seconds ...
[Epoch 398 Telemetry] BPR: 0.026174 | LHC: 0.000000 (lambda=0.000000) | 43934.4 samples/s | 4.97s
[Coach] >>> TRAIN @Epoch: 398 >>>  || LOSS Avg: 0.02617
[Wall TIME] >>> Coach.train takes 4.971938 seconds ...
[Epoch 399 Telemetry] BPR: 0.025871 | LHC: 0.000000 (lambda=0.000000) | 40705.3 samples/s | 5.37s
[Coach] >>> TRAIN @Epoch: 399 >>>  || LOSS Avg: 0.02587
[Wall TIME] >>> Coach.train takes 5.366432 seconds ...
[Epoch 400 Telemetry] BPR: 0.025922 | LHC: 0.000000 (lambda=0.000000) | 43806.5 samples/s | 4.99s
[Coach] >>> TRAIN @Epoch: 400 >>>  || LOSS Avg: 0.02592
[Wall TIME] >>> Coach.train takes 5.071677 seconds ...
[Coach] >>> VALID @Epoch: 400 >>>  || RECALL@1 Avg: 0.0137 || RECALL@10 Avg: 0.0718 || RECALL@20 Avg: 0.1076 || NDCG@10 Avg: 0.0385 || NDCG@20 Avg: 0.0477
[Wall TIME] >>> Coach.valid takes 1.472550 seconds ...
[Epoch 401 Telemetry] BPR: 0.026026 | LHC: 0.000000 (lambda=0.000000) | 40569.5 samples/s | 5.38s
[Coach] >>> TRAIN @Epoch: 401 >>>  || LOSS Avg: 0.02603
[Wall TIME] >>> Coach.train takes 5.384188 seconds ...
[Epoch 402 Telemetry] BPR: 0.026137 | LHC: 0.000000 (lambda=0.000000) | 43849.6 samples/s | 4.98s
[Coach] >>> TRAIN @Epoch: 402 >>>  || LOSS Avg: 0.02614
[Wall TIME] >>> Coach.train takes 4.981689 seconds ...
[Epoch 403 Telemetry] BPR: 0.025945 | LHC: 0.000000 (lambda=0.000000) | 44198.7 samples/s | 4.94s
[Coach] >>> TRAIN @Epoch: 403 >>>  || LOSS Avg: 0.02595
[Wall TIME] >>> Coach.train takes 4.942187 seconds ...
[Epoch 404 Telemetry] BPR: 0.025720 | LHC: 0.000000 (lambda=0.000000) | 41053.5 samples/s | 5.32s
[Coach] >>> TRAIN @Epoch: 404 >>>  || LOSS Avg: 0.02572
[Wall TIME] >>> Coach.train takes 5.320905 seconds ...
[Epoch 405 Telemetry] BPR: 0.026170 | LHC: 0.000000 (lambda=0.000000) | 44162.1 samples/s | 4.95s
[Coach] >>> TRAIN @Epoch: 405 >>>  || LOSS Avg: 0.02617
[Wall TIME] >>> Coach.train takes 4.946348 seconds ...
[Coach] >>> VALID @Epoch: 405 >>>  || RECALL@1 Avg: 0.0138 || RECALL@10 Avg: 0.0720 || RECALL@20 Avg: 0.1077 || NDCG@10 Avg: 0.0386 || NDCG@20 Avg: 0.0477
[Wall TIME] >>> Coach.valid takes 1.452617 seconds ...
[Epoch 406 Telemetry] BPR: 0.026058 | LHC: 0.000000 (lambda=0.000000) | 40649.4 samples/s | 5.37s
[Coach] >>> TRAIN @Epoch: 406 >>>  || LOSS Avg: 0.02606
[Wall TIME] >>> Coach.train takes 5.373808 seconds ...
[Epoch 407 Telemetry] BPR: 0.025681 | LHC: 0.000000 (lambda=0.000000) | 43859.9 samples/s | 4.98s
[Coach] >>> TRAIN @Epoch: 407 >>>  || LOSS Avg: 0.02568
[Wall TIME] >>> Coach.train takes 4.980417 seconds ...
[Epoch 408 Telemetry] BPR: 0.025775 | LHC: 0.000000 (lambda=0.000000) | 43541.1 samples/s | 5.02s
[Coach] >>> TRAIN @Epoch: 408 >>>  || LOSS Avg: 0.02578
[Wall TIME] >>> Coach.train takes 5.016952 seconds ...
[Epoch 409 Telemetry] BPR: 0.026281 | LHC: 0.000000 (lambda=0.000000) | 40853.7 samples/s | 5.35s
[Coach] >>> TRAIN @Epoch: 409 >>>  || LOSS Avg: 0.02628
[Wall TIME] >>> Coach.train takes 5.346930 seconds ...
[Epoch 410 Telemetry] BPR: 0.025909 | LHC: 0.000000 (lambda=0.000000) | 43765.4 samples/s | 4.99s
[Coach] >>> TRAIN @Epoch: 410 >>>  || LOSS Avg: 0.02591
[Wall TIME] >>> Coach.train takes 5.076336 seconds ...
[Coach] >>> Better ***NDCG@20*** of ***0.0479*** 
[Coach] >>> VALID @Epoch: 410 >>>  || RECALL@1 Avg: 0.0138 || RECALL@10 Avg: 0.0726 || RECALL@20 Avg: 0.1083 || NDCG@10 Avg: 0.0389 || NDCG@20 Avg: 0.0479
[Wall TIME] >>> Coach.valid takes 1.493697 seconds ...
[Epoch 411 Telemetry] BPR: 0.025866 | LHC: 0.000000 (lambda=0.000000) | 40937.0 samples/s | 5.34s
[Coach] >>> TRAIN @Epoch: 411 >>>  || LOSS Avg: 0.02587
[Wall TIME] >>> Coach.train takes 5.335925 seconds ...
[Epoch 412 Telemetry] BPR: 0.025930 | LHC: 0.000000 (lambda=0.000000) | 44136.3 samples/s | 4.95s
[Coach] >>> TRAIN @Epoch: 412 >>>  || LOSS Avg: 0.02593
[Wall TIME] >>> Coach.train takes 4.949480 seconds ...
[Epoch 413 Telemetry] BPR: 0.025549 | LHC: 0.000000 (lambda=0.000000) | 44136.5 samples/s | 4.95s
[Coach] >>> TRAIN @Epoch: 413 >>>  || LOSS Avg: 0.02555
[Wall TIME] >>> Coach.train takes 4.949240 seconds ...
[Epoch 414 Telemetry] BPR: 0.025785 | LHC: 0.000000 (lambda=0.000000) | 40766.5 samples/s | 5.36s
[Coach] >>> TRAIN @Epoch: 414 >>>  || LOSS Avg: 0.02578
[Wall TIME] >>> Coach.train takes 5.358318 seconds ...
[Epoch 415 Telemetry] BPR: 0.025850 | LHC: 0.000000 (lambda=0.000000) | 43984.7 samples/s | 4.97s
[Coach] >>> TRAIN @Epoch: 415 >>>  || LOSS Avg: 0.02585
[Wall TIME] >>> Coach.train takes 4.966227 seconds ...
[Coach] >>> VALID @Epoch: 415 >>>  || RECALL@1 Avg: 0.0136 || RECALL@10 Avg: 0.0724 || RECALL@20 Avg: 0.1082 || NDCG@10 Avg: 0.0387 || NDCG@20 Avg: 0.0479
[Wall TIME] >>> Coach.valid takes 1.451554 seconds ...
[Epoch 416 Telemetry] BPR: 0.026196 | LHC: 0.000000 (lambda=0.000000) | 40934.5 samples/s | 5.34s
[Coach] >>> TRAIN @Epoch: 416 >>>  || LOSS Avg: 0.02620
[Wall TIME] >>> Coach.train takes 5.336359 seconds ...
[Epoch 417 Telemetry] BPR: 0.025772 | LHC: 0.000000 (lambda=0.000000) | 43526.0 samples/s | 5.02s
[Coach] >>> TRAIN @Epoch: 417 >>>  || LOSS Avg: 0.02577
[Wall TIME] >>> Coach.train takes 5.018778 seconds ...
[Epoch 418 Telemetry] BPR: 0.025921 | LHC: 0.000000 (lambda=0.000000) | 44036.1 samples/s | 4.96s
[Coach] >>> TRAIN @Epoch: 418 >>>  || LOSS Avg: 0.02592
[Wall TIME] >>> Coach.train takes 4.960455 seconds ...
[Epoch 419 Telemetry] BPR: 0.025466 | LHC: 0.000000 (lambda=0.000000) | 40678.0 samples/s | 5.37s
[Coach] >>> TRAIN @Epoch: 419 >>>  || LOSS Avg: 0.02547
[Wall TIME] >>> Coach.train takes 5.369934 seconds ...
[Epoch 420 Telemetry] BPR: 0.025804 | LHC: 0.000000 (lambda=0.000000) | 44020.8 samples/s | 4.96s
[Coach] >>> TRAIN @Epoch: 420 >>>  || LOSS Avg: 0.02580
[Wall TIME] >>> Coach.train takes 5.047201 seconds ...
[Coach] >>> VALID @Epoch: 420 >>>  || RECALL@1 Avg: 0.0135 || RECALL@10 Avg: 0.0726 || RECALL@20 Avg: 0.1082 || NDCG@10 Avg: 0.0388 || NDCG@20 Avg: 0.0478
[Wall TIME] >>> Coach.valid takes 1.438504 seconds ...
[Epoch 421 Telemetry] BPR: 0.025959 | LHC: 0.000000 (lambda=0.000000) | 41303.2 samples/s | 5.29s
[Coach] >>> TRAIN @Epoch: 421 >>>  || LOSS Avg: 0.02596
[Wall TIME] >>> Coach.train takes 5.288553 seconds ...
[Epoch 422 Telemetry] BPR: 0.025885 | LHC: 0.000000 (lambda=0.000000) | 44375.4 samples/s | 4.92s
[Coach] >>> TRAIN @Epoch: 422 >>>  || LOSS Avg: 0.02588
[Wall TIME] >>> Coach.train takes 4.922518 seconds ...
[Epoch 423 Telemetry] BPR: 0.025891 | LHC: 0.000000 (lambda=0.000000) | 43936.3 samples/s | 4.97s
[Coach] >>> TRAIN @Epoch: 423 >>>  || LOSS Avg: 0.02589
[Wall TIME] >>> Coach.train takes 4.971687 seconds ...
[Epoch 424 Telemetry] BPR: 0.025756 | LHC: 0.000000 (lambda=0.000000) | 41373.2 samples/s | 5.28s
[Coach] >>> TRAIN @Epoch: 424 >>>  || LOSS Avg: 0.02576
[Wall TIME] >>> Coach.train takes 5.279788 seconds ...
[Epoch 425 Telemetry] BPR: 0.025801 | LHC: 0.000000 (lambda=0.000000) | 44101.5 samples/s | 4.95s
[Coach] >>> TRAIN @Epoch: 425 >>>  || LOSS Avg: 0.02580
[Wall TIME] >>> Coach.train takes 4.953182 seconds ...
[Coach] >>> VALID @Epoch: 425 >>>  || RECALL@1 Avg: 0.0135 || RECALL@10 Avg: 0.0721 || RECALL@20 Avg: 0.1087 || NDCG@10 Avg: 0.0385 || NDCG@20 Avg: 0.0478
[Wall TIME] >>> Coach.valid takes 1.454699 seconds ...
[Epoch 426 Telemetry] BPR: 0.025562 | LHC: 0.000000 (lambda=0.000000) | 40577.3 samples/s | 5.38s
[Coach] >>> TRAIN @Epoch: 426 >>>  || LOSS Avg: 0.02556
[Wall TIME] >>> Coach.train takes 5.383348 seconds ...
[Epoch 427 Telemetry] BPR: 0.025902 | LHC: 0.000000 (lambda=0.000000) | 43863.8 samples/s | 4.98s
[Coach] >>> TRAIN @Epoch: 427 >>>  || LOSS Avg: 0.02590
[Wall TIME] >>> Coach.train takes 4.979993 seconds ...
[Epoch 428 Telemetry] BPR: 0.025622 | LHC: 0.000000 (lambda=0.000000) | 43911.6 samples/s | 4.97s
[Coach] >>> TRAIN @Epoch: 428 >>>  || LOSS Avg: 0.02562
[Wall TIME] >>> Coach.train takes 4.974572 seconds ...
[Epoch 429 Telemetry] BPR: 0.025683 | LHC: 0.000000 (lambda=0.000000) | 40864.6 samples/s | 5.34s
[Coach] >>> TRAIN @Epoch: 429 >>>  || LOSS Avg: 0.02568
[Wall TIME] >>> Coach.train takes 5.345462 seconds ...
[Epoch 430 Telemetry] BPR: 0.025821 | LHC: 0.000000 (lambda=0.000000) | 43556.9 samples/s | 5.01s
[Coach] >>> TRAIN @Epoch: 430 >>>  || LOSS Avg: 0.02582
[Wall TIME] >>> Coach.train takes 5.101050 seconds ...
[Coach] >>> VALID @Epoch: 430 >>>  || RECALL@1 Avg: 0.0137 || RECALL@10 Avg: 0.0719 || RECALL@20 Avg: 0.1088 || NDCG@10 Avg: 0.0385 || NDCG@20 Avg: 0.0479
[Wall TIME] >>> Coach.valid takes 1.441894 seconds ...
[Epoch 431 Telemetry] BPR: 0.025506 | LHC: 0.000000 (lambda=0.000000) | 41124.9 samples/s | 5.31s
[Coach] >>> TRAIN @Epoch: 431 >>>  || LOSS Avg: 0.02551
[Wall TIME] >>> Coach.train takes 5.311503 seconds ...
[Epoch 432 Telemetry] BPR: 0.025981 | LHC: 0.000000 (lambda=0.000000) | 44101.7 samples/s | 4.95s
[Coach] >>> TRAIN @Epoch: 432 >>>  || LOSS Avg: 0.02598
[Wall TIME] >>> Coach.train takes 4.953127 seconds ...
[Epoch 433 Telemetry] BPR: 0.025734 | LHC: 0.000000 (lambda=0.000000) | 44545.1 samples/s | 4.90s
[Coach] >>> TRAIN @Epoch: 433 >>>  || LOSS Avg: 0.02573
[Wall TIME] >>> Coach.train takes 4.903853 seconds ...
[Epoch 434 Telemetry] BPR: 0.025817 | LHC: 0.000000 (lambda=0.000000) | 41116.4 samples/s | 5.31s
[Coach] >>> TRAIN @Epoch: 434 >>>  || LOSS Avg: 0.02582
[Wall TIME] >>> Coach.train takes 5.312741 seconds ...
[Epoch 435 Telemetry] BPR: 0.025838 | LHC: 0.000000 (lambda=0.000000) | 44494.9 samples/s | 4.91s
[Coach] >>> TRAIN @Epoch: 435 >>>  || LOSS Avg: 0.02584
[Wall TIME] >>> Coach.train takes 4.909385 seconds ...
[Coach] >>> VALID @Epoch: 435 >>>  || RECALL@1 Avg: 0.0136 || RECALL@10 Avg: 0.0718 || RECALL@20 Avg: 0.1083 || NDCG@10 Avg: 0.0384 || NDCG@20 Avg: 0.0477
[Wall TIME] >>> Coach.valid takes 1.453853 seconds ...
[Epoch 436 Telemetry] BPR: 0.025958 | LHC: 0.000000 (lambda=0.000000) | 40482.6 samples/s | 5.40s
[Coach] >>> TRAIN @Epoch: 436 >>>  || LOSS Avg: 0.02596
[Wall TIME] >>> Coach.train takes 5.395865 seconds ...
[Epoch 437 Telemetry] BPR: 0.025610 | LHC: 0.000000 (lambda=0.000000) | 43648.6 samples/s | 5.00s
[Coach] >>> TRAIN @Epoch: 437 >>>  || LOSS Avg: 0.02561
[Wall TIME] >>> Coach.train takes 5.004538 seconds ...
[Epoch 438 Telemetry] BPR: 0.025643 | LHC: 0.000000 (lambda=0.000000) | 43675.5 samples/s | 5.00s
[Coach] >>> TRAIN @Epoch: 438 >>>  || LOSS Avg: 0.02564
[Wall TIME] >>> Coach.train takes 5.001507 seconds ...
[Epoch 439 Telemetry] BPR: 0.025729 | LHC: 0.000000 (lambda=0.000000) | 40745.7 samples/s | 5.36s
[Coach] >>> TRAIN @Epoch: 439 >>>  || LOSS Avg: 0.02573
[Wall TIME] >>> Coach.train takes 5.361059 seconds ...
[Epoch 440 Telemetry] BPR: 0.025491 | LHC: 0.000000 (lambda=0.000000) | 43659.0 samples/s | 5.00s
[Coach] >>> TRAIN @Epoch: 440 >>>  || LOSS Avg: 0.02549
[Wall TIME] >>> Coach.train takes 5.090612 seconds ...
[Coach] >>> VALID @Epoch: 440 >>>  || RECALL@1 Avg: 0.0136 || RECALL@10 Avg: 0.0719 || RECALL@20 Avg: 0.1078 || NDCG@10 Avg: 0.0384 || NDCG@20 Avg: 0.0476
[Wall TIME] >>> Coach.valid takes 1.451917 seconds ...
[Epoch 441 Telemetry] BPR: 0.025612 | LHC: 0.000000 (lambda=0.000000) | 41039.4 samples/s | 5.32s
[Coach] >>> TRAIN @Epoch: 441 >>>  || LOSS Avg: 0.02561
[Wall TIME] >>> Coach.train takes 5.322634 seconds ...
[Epoch 442 Telemetry] BPR: 0.025715 | LHC: 0.000000 (lambda=0.000000) | 44287.3 samples/s | 4.93s
[Coach] >>> TRAIN @Epoch: 442 >>>  || LOSS Avg: 0.02572
[Wall TIME] >>> Coach.train takes 4.932307 seconds ...
[Epoch 443 Telemetry] BPR: 0.025628 | LHC: 0.000000 (lambda=0.000000) | 44124.1 samples/s | 4.95s
[Coach] >>> TRAIN @Epoch: 443 >>>  || LOSS Avg: 0.02563
[Wall TIME] >>> Coach.train takes 4.950582 seconds ...
[Epoch 444 Telemetry] BPR: 0.025895 | LHC: 0.000000 (lambda=0.000000) | 41102.3 samples/s | 5.31s
[Coach] >>> TRAIN @Epoch: 444 >>>  || LOSS Avg: 0.02590
[Wall TIME] >>> Coach.train takes 5.314410 seconds ...
[Epoch 445 Telemetry] BPR: 0.025817 | LHC: 0.000000 (lambda=0.000000) | 44080.7 samples/s | 4.95s
[Coach] >>> TRAIN @Epoch: 445 >>>  || LOSS Avg: 0.02582
[Wall TIME] >>> Coach.train takes 4.955538 seconds ...
[Coach] >>> VALID @Epoch: 445 >>>  || RECALL@1 Avg: 0.0130 || RECALL@10 Avg: 0.0719 || RECALL@20 Avg: 0.1084 || NDCG@10 Avg: 0.0383 || NDCG@20 Avg: 0.0476
[Wall TIME] >>> Coach.valid takes 1.450543 seconds ...
[Epoch 446 Telemetry] BPR: 0.025497 | LHC: 0.000000 (lambda=0.000000) | 40985.3 samples/s | 5.33s
[Coach] >>> TRAIN @Epoch: 446 >>>  || LOSS Avg: 0.02550
[Wall TIME] >>> Coach.train takes 5.329690 seconds ...
[Epoch 447 Telemetry] BPR: 0.025588 | LHC: 0.000000 (lambda=0.000000) | 43678.1 samples/s | 5.00s
[Coach] >>> TRAIN @Epoch: 447 >>>  || LOSS Avg: 0.02559
[Wall TIME] >>> Coach.train takes 5.001164 seconds ...
[Epoch 448 Telemetry] BPR: 0.025730 | LHC: 0.000000 (lambda=0.000000) | 43866.4 samples/s | 4.98s
[Coach] >>> TRAIN @Epoch: 448 >>>  || LOSS Avg: 0.02573
[Wall TIME] >>> Coach.train takes 4.979623 seconds ...
[Epoch 449 Telemetry] BPR: 0.025545 | LHC: 0.000000 (lambda=0.000000) | 41002.1 samples/s | 5.33s
[Coach] >>> TRAIN @Epoch: 449 >>>  || LOSS Avg: 0.02554
[Wall TIME] >>> Coach.train takes 5.327409 seconds ...
[Epoch 450 Telemetry] BPR: 0.025657 | LHC: 0.000000 (lambda=0.000000) | 43921.7 samples/s | 4.97s
[Coach] >>> TRAIN @Epoch: 450 >>>  || LOSS Avg: 0.02566
[Wall TIME] >>> Coach.train takes 5.060874 seconds ...
[Coach] >>> VALID @Epoch: 450 >>>  || RECALL@1 Avg: 0.0134 || RECALL@10 Avg: 0.0716 || RECALL@20 Avg: 0.1088 || NDCG@10 Avg: 0.0385 || NDCG@20 Avg: 0.0479
[Wall TIME] >>> Coach.valid takes 1.457698 seconds ...
[Epoch 451 Telemetry] BPR: 0.025658 | LHC: 0.000000 (lambda=0.000000) | 41102.5 samples/s | 5.31s
[Coach] >>> TRAIN @Epoch: 451 >>>  || LOSS Avg: 0.02566
[Wall TIME] >>> Coach.train takes 5.314408 seconds ...
[Epoch 452 Telemetry] BPR: 0.025391 | LHC: 0.000000 (lambda=0.000000) | 44144.9 samples/s | 4.95s
[Coach] >>> TRAIN @Epoch: 452 >>>  || LOSS Avg: 0.02539
[Wall TIME] >>> Coach.train takes 4.948308 seconds ...
[Epoch 453 Telemetry] BPR: 0.025494 | LHC: 0.000000 (lambda=0.000000) | 43963.3 samples/s | 4.97s
[Coach] >>> TRAIN @Epoch: 453 >>>  || LOSS Avg: 0.02549
[Wall TIME] >>> Coach.train takes 4.968742 seconds ...
[Epoch 454 Telemetry] BPR: 0.025714 | LHC: 0.000000 (lambda=0.000000) | 41400.0 samples/s | 5.28s
[Coach] >>> TRAIN @Epoch: 454 >>>  || LOSS Avg: 0.02571
[Wall TIME] >>> Coach.train takes 5.276337 seconds ...
[Epoch 455 Telemetry] BPR: 0.025503 | LHC: 0.000000 (lambda=0.000000) | 44318.9 samples/s | 4.93s
[Coach] >>> TRAIN @Epoch: 455 >>>  || LOSS Avg: 0.02550
[Wall TIME] >>> Coach.train takes 4.928842 seconds ...
[Coach] >>> VALID @Epoch: 455 >>>  || RECALL@1 Avg: 0.0132 || RECALL@10 Avg: 0.0719 || RECALL@20 Avg: 0.1083 || NDCG@10 Avg: 0.0384 || NDCG@20 Avg: 0.0477
[Wall TIME] >>> Coach.valid takes 1.458673 seconds ...
[Epoch 456 Telemetry] BPR: 0.025845 | LHC: 0.000000 (lambda=0.000000) | 40523.6 samples/s | 5.39s
[Coach] >>> TRAIN @Epoch: 456 >>>  || LOSS Avg: 0.02585
[Wall TIME] >>> Coach.train takes 5.390375 seconds ...
[Epoch 457 Telemetry] BPR: 0.025741 | LHC: 0.000000 (lambda=0.000000) | 43892.1 samples/s | 4.98s
[Coach] >>> TRAIN @Epoch: 457 >>>  || LOSS Avg: 0.02574
[Wall TIME] >>> Coach.train takes 4.976726 seconds ...
[Epoch 458 Telemetry] BPR: 0.025352 | LHC: 0.000000 (lambda=0.000000) | 43505.6 samples/s | 5.02s
[Coach] >>> TRAIN @Epoch: 458 >>>  || LOSS Avg: 0.02535
[Wall TIME] >>> Coach.train takes 5.020965 seconds ...
[Epoch 459 Telemetry] BPR: 0.025400 | LHC: 0.000000 (lambda=0.000000) | 40573.2 samples/s | 5.38s
[Coach] >>> TRAIN @Epoch: 459 >>>  || LOSS Avg: 0.02540
[Wall TIME] >>> Coach.train takes 5.383836 seconds ...
[Epoch 460 Telemetry] BPR: 0.025588 | LHC: 0.000000 (lambda=0.000000) | 43710.1 samples/s | 5.00s
[Coach] >>> TRAIN @Epoch: 460 >>>  || LOSS Avg: 0.02559
[Wall TIME] >>> Coach.train takes 5.082448 seconds ...
[Coach] >>> VALID @Epoch: 460 >>>  || RECALL@1 Avg: 0.0134 || RECALL@10 Avg: 0.0717 || RECALL@20 Avg: 0.1081 || NDCG@10 Avg: 0.0384 || NDCG@20 Avg: 0.0477
[Wall TIME] >>> Coach.valid takes 1.458192 seconds ...
[Epoch 461 Telemetry] BPR: 0.025554 | LHC: 0.000000 (lambda=0.000000) | 40860.2 samples/s | 5.35s
[Coach] >>> TRAIN @Epoch: 461 >>>  || LOSS Avg: 0.02555
[Wall TIME] >>> Coach.train takes 5.345996 seconds ...
[Epoch 462 Telemetry] BPR: 0.025441 | LHC: 0.000000 (lambda=0.000000) | 44005.7 samples/s | 4.96s
[Coach] >>> TRAIN @Epoch: 462 >>>  || LOSS Avg: 0.02544
[Wall TIME] >>> Coach.train takes 4.963853 seconds ...
[Epoch 463 Telemetry] BPR: 0.025428 | LHC: 0.000000 (lambda=0.000000) | 44060.4 samples/s | 4.96s
[Coach] >>> TRAIN @Epoch: 463 >>>  || LOSS Avg: 0.02543
[Wall TIME] >>> Coach.train takes 4.957865 seconds ...
[Epoch 464 Telemetry] BPR: 0.025446 | LHC: 0.000000 (lambda=0.000000) | 41024.5 samples/s | 5.32s
[Coach] >>> TRAIN @Epoch: 464 >>>  || LOSS Avg: 0.02545
[Wall TIME] >>> Coach.train takes 5.324696 seconds ...
[Epoch 465 Telemetry] BPR: 0.025361 | LHC: 0.000000 (lambda=0.000000) | 44057.6 samples/s | 4.96s
[Coach] >>> TRAIN @Epoch: 465 >>>  || LOSS Avg: 0.02536
[Wall TIME] >>> Coach.train takes 4.958116 seconds ...
[Coach] >>> VALID @Epoch: 465 >>>  || RECALL@1 Avg: 0.0137 || RECALL@10 Avg: 0.0713 || RECALL@20 Avg: 0.1082 || NDCG@10 Avg: 0.0384 || NDCG@20 Avg: 0.0479
[Wall TIME] >>> Coach.valid takes 1.452421 seconds ...
[Epoch 466 Telemetry] BPR: 0.025523 | LHC: 0.000000 (lambda=0.000000) | 40937.9 samples/s | 5.34s
[Coach] >>> TRAIN @Epoch: 466 >>>  || LOSS Avg: 0.02552
[Wall TIME] >>> Coach.train takes 5.335890 seconds ...
[Epoch 467 Telemetry] BPR: 0.025334 | LHC: 0.000000 (lambda=0.000000) | 43403.6 samples/s | 5.03s
[Coach] >>> TRAIN @Epoch: 467 >>>  || LOSS Avg: 0.02533
[Wall TIME] >>> Coach.train takes 5.032844 seconds ...
[Epoch 468 Telemetry] BPR: 0.025337 | LHC: 0.000000 (lambda=0.000000) | 43827.1 samples/s | 4.98s
[Coach] >>> TRAIN @Epoch: 468 >>>  || LOSS Avg: 0.02534
[Wall TIME] >>> Coach.train takes 4.984101 seconds ...
[Epoch 469 Telemetry] BPR: 0.025456 | LHC: 0.000000 (lambda=0.000000) | 40688.6 samples/s | 5.37s
[Coach] >>> TRAIN @Epoch: 469 >>>  || LOSS Avg: 0.02546
[Wall TIME] >>> Coach.train takes 5.368570 seconds ...
[Epoch 470 Telemetry] BPR: 0.025535 | LHC: 0.000000 (lambda=0.000000) | 43886.5 samples/s | 4.98s
[Coach] >>> TRAIN @Epoch: 470 >>>  || LOSS Avg: 0.02554
[Wall TIME] >>> Coach.train takes 5.060393 seconds ...
[Coach] >>> VALID @Epoch: 470 >>>  || RECALL@1 Avg: 0.0137 || RECALL@10 Avg: 0.0717 || RECALL@20 Avg: 0.1085 || NDCG@10 Avg: 0.0385 || NDCG@20 Avg: 0.0479
[Wall TIME] >>> Coach.valid takes 1.466442 seconds ...
[Epoch 471 Telemetry] BPR: 0.025396 | LHC: 0.000000 (lambda=0.000000) | 41048.9 samples/s | 5.32s
[Coach] >>> TRAIN @Epoch: 471 >>>  || LOSS Avg: 0.02540
[Wall TIME] >>> Coach.train takes 5.321434 seconds ...
[Epoch 472 Telemetry] BPR: 0.025148 | LHC: 0.000000 (lambda=0.000000) | 44063.6 samples/s | 4.96s
[Coach] >>> TRAIN @Epoch: 472 >>>  || LOSS Avg: 0.02515
[Wall TIME] >>> Coach.train takes 4.957413 seconds ...
[Epoch 473 Telemetry] BPR: 0.025403 | LHC: 0.000000 (lambda=0.000000) | 44038.3 samples/s | 4.96s
[Coach] >>> TRAIN @Epoch: 473 >>>  || LOSS Avg: 0.02540
[Wall TIME] >>> Coach.train takes 4.960136 seconds ...
[Epoch 474 Telemetry] BPR: 0.025092 | LHC: 0.000000 (lambda=0.000000) | 40958.3 samples/s | 5.33s
[Coach] >>> TRAIN @Epoch: 474 >>>  || LOSS Avg: 0.02509
[Wall TIME] >>> Coach.train takes 5.333363 seconds ...
[Epoch 475 Telemetry] BPR: 0.025586 | LHC: 0.000000 (lambda=0.000000) | 44175.9 samples/s | 4.94s
[Coach] >>> TRAIN @Epoch: 475 >>>  || LOSS Avg: 0.02559
[Wall TIME] >>> Coach.train takes 4.944799 seconds ...
[Coach] >>> Better ***NDCG@20*** of ***0.0480*** 
[Coach] >>> VALID @Epoch: 475 >>>  || RECALL@1 Avg: 0.0135 || RECALL@10 Avg: 0.0717 || RECALL@20 Avg: 0.1093 || NDCG@10 Avg: 0.0384 || NDCG@20 Avg: 0.0480
[Wall TIME] >>> Coach.valid takes 1.502776 seconds ...
[Epoch 476 Telemetry] BPR: 0.025183 | LHC: 0.000000 (lambda=0.000000) | 40765.4 samples/s | 5.36s
[Coach] >>> TRAIN @Epoch: 476 >>>  || LOSS Avg: 0.02518
[Wall TIME] >>> Coach.train takes 5.358488 seconds ...
[Epoch 477 Telemetry] BPR: 0.025414 | LHC: 0.000000 (lambda=0.000000) | 43799.1 samples/s | 4.99s
[Coach] >>> TRAIN @Epoch: 477 >>>  || LOSS Avg: 0.02541
[Wall TIME] >>> Coach.train takes 4.987215 seconds ...
[Epoch 478 Telemetry] BPR: 0.025211 | LHC: 0.000000 (lambda=0.000000) | 43612.7 samples/s | 5.01s
[Coach] >>> TRAIN @Epoch: 478 >>>  || LOSS Avg: 0.02521
[Wall TIME] >>> Coach.train takes 5.008723 seconds ...
[Epoch 479 Telemetry] BPR: 0.025219 | LHC: 0.000000 (lambda=0.000000) | 41078.5 samples/s | 5.32s
[Coach] >>> TRAIN @Epoch: 479 >>>  || LOSS Avg: 0.02522
[Wall TIME] >>> Coach.train takes 5.317580 seconds ...
[Epoch 480 Telemetry] BPR: 0.025582 | LHC: 0.000000 (lambda=0.000000) | 43904.2 samples/s | 4.97s
[Coach] >>> TRAIN @Epoch: 480 >>>  || LOSS Avg: 0.02558
[Wall TIME] >>> Coach.train takes 5.061491 seconds ...
[Coach] >>> Better ***NDCG@20*** of ***0.0480*** 
[Coach] >>> VALID @Epoch: 480 >>>  || RECALL@1 Avg: 0.0135 || RECALL@10 Avg: 0.0717 || RECALL@20 Avg: 0.1090 || NDCG@10 Avg: 0.0385 || NDCG@20 Avg: 0.0480
[Wall TIME] >>> Coach.valid takes 1.499886 seconds ...
[Epoch 481 Telemetry] BPR: 0.025249 | LHC: 0.000000 (lambda=0.000000) | 40971.5 samples/s | 5.33s
[Coach] >>> TRAIN @Epoch: 481 >>>  || LOSS Avg: 0.02525
[Wall TIME] >>> Coach.train takes 5.331481 seconds ...
[Epoch 482 Telemetry] BPR: 0.025077 | LHC: 0.000000 (lambda=0.000000) | 44191.2 samples/s | 4.94s
[Coach] >>> TRAIN @Epoch: 482 >>>  || LOSS Avg: 0.02508
[Wall TIME] >>> Coach.train takes 4.943159 seconds ...
[Epoch 483 Telemetry] BPR: 0.024992 | LHC: 0.000000 (lambda=0.000000) | 44100.3 samples/s | 4.95s
[Coach] >>> TRAIN @Epoch: 483 >>>  || LOSS Avg: 0.02499
[Wall TIME] >>> Coach.train takes 4.953214 seconds ...
[Epoch 484 Telemetry] BPR: 0.025141 | LHC: 0.000000 (lambda=0.000000) | 40988.3 samples/s | 5.33s
[Coach] >>> TRAIN @Epoch: 484 >>>  || LOSS Avg: 0.02514
[Wall TIME] >>> Coach.train takes 5.329286 seconds ...
[Epoch 485 Telemetry] BPR: 0.025297 | LHC: 0.000000 (lambda=0.000000) | 44239.4 samples/s | 4.94s
[Coach] >>> TRAIN @Epoch: 485 >>>  || LOSS Avg: 0.02530
[Wall TIME] >>> Coach.train takes 4.937672 seconds ...
[Coach] >>> VALID @Epoch: 485 >>>  || RECALL@1 Avg: 0.0131 || RECALL@10 Avg: 0.0719 || RECALL@20 Avg: 0.1086 || NDCG@10 Avg: 0.0384 || NDCG@20 Avg: 0.0478
[Wall TIME] >>> Coach.valid takes 1.471708 seconds ...
[Epoch 486 Telemetry] BPR: 0.025172 | LHC: 0.000000 (lambda=0.000000) | 40577.6 samples/s | 5.38s
[Coach] >>> TRAIN @Epoch: 486 >>>  || LOSS Avg: 0.02517
[Wall TIME] >>> Coach.train takes 5.383262 seconds ...
[Epoch 487 Telemetry] BPR: 0.025192 | LHC: 0.000000 (lambda=0.000000) | 43672.4 samples/s | 5.00s
[Coach] >>> TRAIN @Epoch: 487 >>>  || LOSS Avg: 0.02519
[Wall TIME] >>> Coach.train takes 5.001874 seconds ...
[Epoch 488 Telemetry] BPR: 0.024983 | LHC: 0.000000 (lambda=0.000000) | 44103.2 samples/s | 4.95s
[Coach] >>> TRAIN @Epoch: 488 >>>  || LOSS Avg: 0.02498
[Wall TIME] >>> Coach.train takes 4.952962 seconds ...
[Epoch 489 Telemetry] BPR: 0.024912 | LHC: 0.000000 (lambda=0.000000) | 40760.8 samples/s | 5.36s
[Coach] >>> TRAIN @Epoch: 489 >>>  || LOSS Avg: 0.02491
[Wall TIME] >>> Coach.train takes 5.359083 seconds ...
[Epoch 490 Telemetry] BPR: 0.025469 | LHC: 0.000000 (lambda=0.000000) | 43985.4 samples/s | 4.97s
[Coach] >>> TRAIN @Epoch: 490 >>>  || LOSS Avg: 0.02547
[Wall TIME] >>> Coach.train takes 5.053021 seconds ...
[Coach] >>> VALID @Epoch: 490 >>>  || RECALL@1 Avg: 0.0137 || RECALL@10 Avg: 0.0725 || RECALL@20 Avg: 0.1087 || NDCG@10 Avg: 0.0388 || NDCG@20 Avg: 0.0480
[Wall TIME] >>> Coach.valid takes 1.449017 seconds ...
[Epoch 491 Telemetry] BPR: 0.025040 | LHC: 0.000000 (lambda=0.000000) | 41144.7 samples/s | 5.31s
[Coach] >>> TRAIN @Epoch: 491 >>>  || LOSS Avg: 0.02504
[Wall TIME] >>> Coach.train takes 5.308950 seconds ...
[Epoch 492 Telemetry] BPR: 0.025278 | LHC: 0.000000 (lambda=0.000000) | 44095.9 samples/s | 4.95s
[Coach] >>> TRAIN @Epoch: 492 >>>  || LOSS Avg: 0.02528
[Wall TIME] >>> Coach.train takes 4.953835 seconds ...
[Epoch 493 Telemetry] BPR: 0.025149 | LHC: 0.000000 (lambda=0.000000) | 44243.1 samples/s | 4.94s
[Coach] >>> TRAIN @Epoch: 493 >>>  || LOSS Avg: 0.02515
[Wall TIME] >>> Coach.train takes 4.937342 seconds ...
[Epoch 494 Telemetry] BPR: 0.025102 | LHC: 0.000000 (lambda=0.000000) | 41344.3 samples/s | 5.28s
[Coach] >>> TRAIN @Epoch: 494 >>>  || LOSS Avg: 0.02510
[Wall TIME] >>> Coach.train takes 5.283489 seconds ...
[Epoch 495 Telemetry] BPR: 0.025103 | LHC: 0.000000 (lambda=0.000000) | 43981.2 samples/s | 4.97s
[Coach] >>> TRAIN @Epoch: 495 >>>  || LOSS Avg: 0.02510
[Wall TIME] >>> Coach.train takes 4.966642 seconds ...
[Coach] >>> Better ***NDCG@20*** of ***0.0481*** 
[Coach] >>> VALID @Epoch: 495 >>>  || RECALL@1 Avg: 0.0141 || RECALL@10 Avg: 0.0721 || RECALL@20 Avg: 0.1085 || NDCG@10 Avg: 0.0388 || NDCG@20 Avg: 0.0481
[Wall TIME] >>> Coach.valid takes 1.512799 seconds ...
[Epoch 496 Telemetry] BPR: 0.025083 | LHC: 0.000000 (lambda=0.000000) | 40820.5 samples/s | 5.35s
[Coach] >>> TRAIN @Epoch: 496 >>>  || LOSS Avg: 0.02508
[Wall TIME] >>> Coach.train takes 5.351354 seconds ...
[Epoch 497 Telemetry] BPR: 0.025264 | LHC: 0.000000 (lambda=0.000000) | 43656.4 samples/s | 5.00s
[Coach] >>> TRAIN @Epoch: 497 >>>  || LOSS Avg: 0.02526
[Wall TIME] >>> Coach.train takes 5.003795 seconds ...
[Epoch 498 Telemetry] BPR: 0.025169 | LHC: 0.000000 (lambda=0.000000) | 43588.4 samples/s | 5.01s
[Coach] >>> TRAIN @Epoch: 498 >>>  || LOSS Avg: 0.02517
[Wall TIME] >>> Coach.train takes 5.011596 seconds ...
[Epoch 499 Telemetry] BPR: 0.025160 | LHC: 0.000000 (lambda=0.000000) | 41161.3 samples/s | 5.31s
[Coach] >>> TRAIN @Epoch: 499 >>>  || LOSS Avg: 0.02516
[Wall TIME] >>> Coach.train takes 5.306984 seconds ...
[Epoch 500 Telemetry] BPR: 0.025156 | LHC: 0.000000 (lambda=0.000000) | 43718.3 samples/s | 5.00s
[Coach] >>> TRAIN @Epoch: 500 >>>  || LOSS Avg: 0.02516
[Wall TIME] >>> Coach.train takes 5.080938 seconds ...
[Coach] >>> Better ***NDCG@20*** of ***0.0482*** 
[Coach] >>> VALID @Epoch: 500 >>>  || RECALL@1 Avg: 0.0139 || RECALL@10 Avg: 0.0721 || RECALL@20 Avg: 0.1087 || NDCG@10 Avg: 0.0389 || NDCG@20 Avg: 0.0482
[Wall TIME] >>> Coach.valid takes 1.515409 seconds ...
[Coach] >>> TEST  @Epoch: 500 >>>  || RECALL@1 Avg: 0.0140 || RECALL@10 Avg: 0.0744 || RECALL@20 Avg: 0.1129 || NDCG@10 Avg: 0.0406 || NDCG@20 Avg: 0.0505
[Wall TIME] >>> Coach.test takes 1.465607 seconds ...
     Mode     Metric      Best  @Step
0   train       LOSS  0.024912    488
1   valid   RECALL@1  0.014078    320
2   valid  RECALL@10  0.072649    420
3   valid  RECALL@20  0.109288    475
4   valid    NDCG@10  0.038881    410
5   valid    NDCG@20  0.048192    500
6    test   RECALL@1  0.013999      0
7    test  RECALL@10  0.074387      0
8    test  RECALL@20  0.112879      0
9    test    NDCG@10  0.040551      0
10   test    NDCG@20  0.050475      0
[LoG_PaTH] >>> ./logs/STAIR5-v2-C-HET/Amazon2014Sports_550_MMRec/1002065105
[Wall TIME] >>> Coach.summary takes 2.646069 seconds ...
[Coach] >>> Load best model @Epoch: 500 (-1) 
[Coach] >>> VALID @Epoch: 500 >>>  || RECALL@1 Avg: 0.0139 || RECALL@10 Avg: 0.0721 || RECALL@20 Avg: 0.1087 || NDCG@10 Avg: 0.0389 || NDCG@20 Avg: 0.0482
[Wall TIME] >>> Coach.valid takes 1.537830 seconds ...
[Coach] >>> TEST  @Epoch: 500 >>>  || RECALL@1 Avg: 0.0140 || RECALL@10 Avg: 0.0744 || RECALL@20 Avg: 0.1129 || NDCG@10 Avg: 0.0406 || NDCG@20 Avg: 0.0505
[Wall TIME] >>> Coach.test takes 1.474242 seconds ...
[Wall TIME] >>> Coach.fit takes 2728.835928 seconds ...
